EpochTimestamp,TStep,Data 0,Data 1,Data 2,Data 3,Data 4,Data 5,Data 6,Data 7,Data 8,Data 9,Mark
1756703313,1,0.0,0.0,0.0,0.0,0.0,0.0,0.0,0.0,0,0,0
1756703313,2,0.0,0.0,0.0,0.0,0.0,0.0,0.0,0.0,0,0,0
1756703313,3,0.03,0.0,-0.09,0.0,0.0,0.0,0.0,0.0,0,0,0
1756703313,4,0.0,0.0,0.0,0.0,0.0,0.0,0.0,0.0,0,0,0
1756703313,5,0.05,0.0,-0.02,0.0,0.0,0.0,0.0,0.0,0,0,0
1756703313,6,0.02,0.0,0.0,0.0,0.0,0.0,0.0,0.0,0,0,0
1756703313,7,0.0,0.0,0.02,0.0,0.0,0.0,0.0,0.0,0,0,0
1756703313,8,-0.05,0.0,0.02,0.0,0.0,0.0,0.0,0.0,0,0,0
1756703313,9,0.0,0.0,-0.03,0.0,0.0,0.0,0.0,0.0,0,0,0
1756703313,10,-0.02,0.0,0.0,0.0,0.0,0.0,0.0,0.0,0,0,0
1756703313,11,0.01,0.0,0.07,0.0,0.0,0.0,0.0,0.0,0,0,0
1756703313,12,0.0,0.0,0.0,0.0,0.0,0.0,0.0,0.0,0,0,0
1756703313,13,0.0,0.0,-0.07,0.0,0.0,0.0,0.0,0.0,0,0,0
1756703313,14,0.0,0.0,0.0,0.0,0.0,0.0,0.0,0.0,0,0,0
1756703313,15,-0.01,0.0,0.05,0.0,0.0,0.0,0.0,0.0,0,0,0
1756703313,16,0.05,0.0,0.0,0.0,0.0,0.0,0.0,0.0,0,0,0
1756703313,17,0.0,0.0,0.0,0.0,0.0,0.0,0.0,0.0,0,0,0
1756703313,18,0.0,0.0,0.0,0.0,0.0,0.0,0.0,0.0,0,0,0
1756703313,19,0.03,0.0,0.0,0.0,0.0,0.0,0.0,0.0,0,0,0
1756703313,20,0.03,0.0,0.0,0.0,0.0,0.0,0.0,0.0,0,0,0
1756703313,21,0.0,0.0,-0.01,0.0,0.0,0.0,0.0,0.0,0,0,0
1756703313,22,0.0,0.0,0.0,0.0,0.0,0.0,0.0,0.0,0,0,0
1756703313,23,0.01,0.0,0.0,0.0,0.0,0.0,0.0,0.0,0,0,0
1756703313,24,0.02,0.0,-0.01,0.0,0.0,0.0,0.0,0.0,0,0,0
1756703313,25,-0.03,0.0,0.0,0.0,0.0,0.0,0.0,0.0,0,0,0
1756703313,26,0.01,0.0,0.0,0.0,0.0,0.0,0.0,0.0,0,0,0
1756703313,27,0.07,0.0,0.0,0.0,0.0,0.0,0.0,0.0,0,0,0
1756703313,28,0.01,0.0,0.0,0.0,0.0,0.0,0.0,0.0,0,0,0
1756703313,29,0.01,0.0,-0.01,0.0,0.0,0.0,0.0,0.0,0,0,0
1756703313,30,0.0,0.0,-0.02,0.0,0.0,0.0,0.0,0.0,0,0,0
1756703313,31,0.0,0.0,-0.02,0.0,0.0,0.0,0.0,0.0,0,0,0
1756703313,32,0.0,0.0,0.01,0.0,0.0,0.0,0.0,0.0,0,0,0
1756703313,33,0.0,0.0,0.0,0.0,0.0,0.0,0.0,0.0,0,0,0
1756703313,34,0.0,0.0,0.01,0.0,0.0,0.0,0.0,0.0,0,0,0
1756703313,35,0.1,0.0,0.0,0.0,0.0,0.0,0.0,0.0,0,0,0
1756703313,36,0.0,0.0,-0.05,0.0,0.0,0.0,0.0,0.0,0,0,0
1756703313,37,-0.01,0.0,-0.02,0.0,0.0,0.0,0.0,0.0,0,0,0
1756703313,38,-0.01,0.0,0.03,0.0,0.0,0.0,0.0,0.0,0,0,0
1756703313,39,0.0,0.0,-0.03,0.0,0.0,0.0,0.0,0.0,0,0,0
1756703313,40,0.0,0.0,0.01,0.0,0.0,0.0,0.0,0.0,0,0,0
1756703313,41,0.01,0.0,0.0,0.0,0.0,0.0,0.0,0.0,0,0,0
1756703313,42,0.0,0.0,-0.02,0.0,0.0,0.0,0.0,0.0,0,0,0
1756703313,43,0.0,0.0,0.0,0.0,0.0,0.0,0.0,0.0,0,0,0
1756703314,44,0.01,0.0,0.0,0.0,0.0,0.0,0.0,0.0,0,0,0
1756703314,45,0.0,0.0,0.01,0.0,0.0,0.0,0.0,0.0,0,0,0
1756703314,46,-0.01,0.0,0.0,0.0,0.0,0.0,0.0,0.0,0,0,0
1756703314,47,0.01,0.0,-0.03,0.0,0.0,0.0,0.0,0.0,0,0,0
1756703314,48,0.02,0.0,0.0,0.0,0.0,0.0,0.0,0.0,0,0,0
1756703314,49,-0.01,0.0,0.0,0.0,0.0,0.0,0.0,0.0,0,0,0
1756703314,50,0.0,0.0,0.0,0.0,0.0,0.0,0.0,0.0,0,0,0
1756703314,51,-0.01,0.0,-0.01,0.0,0.0,0.0,0.0,0.0,0,0,0
1756703314,52,0.0,0.0,0.05,0.0,0.0,0.0,0.0,0.0,0,0,0
1756703314,53,-0.01,0.0,0.0,0.0,0.0,0.0,0.0,0.0,0,0,0
1756703314,54,0.0,0.0,0.0,0.0,0.0,0.0,0.0,0.0,0,0,0
1756703314,55,0.0,0.0,0.0,0.0,0.0,0.0,0.0,0.0,0,0,0
1756703314,56,0.03,0.0,-0.07,0.0,0.0,0.0,0.0,0.0,0,0,0
1756703314,57,0.02,0.0,0.0,0.0,0.0,0.0,0.0,0.0,0,0,0
1756703314,58,-0.02,0.0,0.0,0.0,0.0,0.0,0.0,0.0,0,0,0
1756703314,59,-0.01,0.0,0.0,0.0,0.0,0.0,0.0,0.0,0,0,0
1756703314,60,0.01,0.0,-0.03,0.0,0.0,0.0,0.0,0.0,0,0,0
1756703314,61,-0.02,0.0,-0.01,0.0,0.0,0.0,0.0,0.0,0,0,0
1756703314,62,0.0,0.0,0.0,0.0,0.0,0.0,0.0,0.0,0,0,0
1756703314,63,0.0,0.0,0.02,0.0,0.0,0.0,0.0,0.0,0,0,0
1756703314,64,-0.05,0.0,0.01,0.0,0.0,0.0,0.0,0.0,0,0,0
1756703314,65,-0.02,0.0,0.0,0.0,0.0,0.0,0.0,0.0,0,0,0
1756703314,66,0.03,0.0,0.01,0.0,0.0,0.0,0.0,0.0,0,0,0
1756703314,67,0.02,0.0,0.0,0.0,0.0,0.0,0.0,0.0,0,0,0
1756703314,68,-0.05,0.0,0.0,0.0,0.0,0.0,0.0,0.0,0,0,0
1756703314,69,0.0,0.0,-0.01,0.0,0.0,0.0,0.0,0.0,0,0,0
1756703314,70,0.0,0.0,0.09,0.0,0.0,0.0,0.0,0.0,0,0,0
1756703314,71,0.01,0.0,0.01,0.0,0.0,0.0,0.0,0.0,0,0,0
1756703314,72,0.0,0.0,0.01,0.0,0.0,0.0,0.0,0.0,0,0,0
1756703314,73,0.0,0.0,-0.01,0.0,0.0,0.0,0.0,0.0,0,0,0
1756703314,74,-0.05,0.0,-0.02,0.0,0.0,0.0,0.0,0.0,0,0,0
1756703314,75,0.03,0.0,-0.01,0.0,0.0,0.0,0.0,0.0,0,0,0
1756703314,76,0.05,0.0,0.0,0.0,0.0,0.0,0.0,0.0,0,0,0
1756703314,77,-0.01,0.0,-0.01,0.0,0.0,0.0,0.0,0.0,0,0,0
1756703314,78,0.0,0.0,-0.05,0.0,0.0,0.0,0.0,0.0,0,0,0
1756703314,79,0.0,0.0,-0.01,0.0,0.0,0.0,0.0,0.0,0,0,0
1756703314,80,0.05,0.0,-0.02,0.0,0.0,0.0,0.0,0.0,0,0,0
1756703314,81,-0.07,0.0,-0.07,0.0,0.0,0.0,0.0,0.0,0,0,0
1756703314,82,0.0,0.0,0.02,0.0,0.0,0.0,0.0,0.0,0,0,0
1756703314,83,0.01,0.0,-0.01,0.0,0.0,0.0,0.0,0.0,0,0,0
1756703314,84,-0.01,0.0,-0.02,0.0,0.0,0.0,0.0,0.0,0,0,0
1756703314,85,0.02,0.0,-0.02,0.0,0.0,0.0,0.0,0.0,0,0,0
1756703314,86,0.0,0.0,0.09,0.0,0.0,0.0,0.0,0.0,0,0,0
1756703314,87,0.0,0.0,0.0,0.0,0.0,0.0,0.0,0.0,0,0,0
1756703314,88,-0.02,0.0,-0.05,0.0,0.0,0.0,0.0,0.0,0,0,0
1756703314,89,0.01,0.0,0.0,0.0,0.0,0.0,0.0,0.0,0,0,0
1756703314,90,0.0,0.0,0.01,0.0,0.0,0.0,0.0,0.0,0,0,0
1756703314,91,-0.03,0.0,-0.07,0.0,0.0,0.0,0.0,0.0,0,0,0
1756703314,92,0.0,0.0,-0.02,0.0,0.0,0.0,0.0,0.0,0,0,0
1756703314,93,0.02,0.0,0.0,0.0,0.0,0.0,0.0,0.0,0,0,0
1756703314,94,0.0,0.0,0.0,0.0,0.0,0.0,0.0,0.0,0,0,0
1756703314,95,0.0,0.0,-0.02,0.0,0.0,0.0,0.0,0.0,0,0,0
1756703314,96,0.0,0.0,0.0,0.0,0.0,0.0,0.0,0.0,0,0,0
1756703314,97,0.03,0.0,0.0,0.0,0.0,0.0,0.0,0.0,0,0,0
1756703314,98,0.0,0.0,-0.03,0.0,0.0,0.0,0.0,0.0,0,0,0
1756703314,99,0.0,0.0,-0.05,0.0,0.0,0.0,0.0,0.0,0,0,0
1756703314,100,0.0,0.0,0.0,0.0,0.0,0.0,0.0,0.0,0,0,0
1756703314,101,0.02,0.0,-0.02,0.0,0.0,0.0,0.0,0.0,0,0,0
1756703314,102,0.05,0.0,-0.01,0.0,0.0,0.0,0.0,0.0,0,0,0
1756703314,103,0.11,0.0,-0.01,0.0,0.0,0.0,0.0,0.0,0,0,0
1756703314,104,0.01,0.0,-0.05,0.0,0.0,0.0,0.0,0.0,0,0,0
1756703314,105,0.0,0.0,0.0,0.0,0.0,0.0,0.0,0.0,0,0,0
1756703314,106,-0.03,0.0,-0.01,0.0,0.0,0.0,0.0,0.0,0,0,0
1756703314,107,0.0,0.0,-0.01,0.0,0.0,0.0,0.0,0.0,0,0,0
1756703314,108,0.0,0.0,-0.02,0.0,0.0,0.0,0.0,0.0,0,0,0
1756703315,109,0.0,0.0,0.1,0.0,0.0,0.0,0.0,0.0,0,0,0
1756703315,110,-0.11,0.0,-0.01,0.0,0.0,0.0,0.0,0.0,0,0,0
1756703315,111,0.07,0.0,0.0,0.0,0.0,0.0,0.0,0.0,0,0,0
1756703315,112,0.0,0.0,-0.02,0.0,0.0,0.0,0.0,0.0,0,0,0
1756703315,113,0.0,0.0,-0.02,0.0,0.0,0.0,0.0,0.0,0,0,0
1756703315,114,0.02,0.0,-0.02,0.0,0.0,0.0,0.0,0.0,0,0,0
1756703315,115,0.07,0.0,0.0,0.0,0.0,0.0,0.0,0.0,0,0,0
1756703315,116,0.05,0.0,-0.01,0.0,0.0,0.0,0.0,0.0,0,0,0
1756703315,117,0.0,0.0,0.0,0.0,0.0,0.0,0.0,0.0,0,0,0
1756703315,118,0.0,0.0,-0.01,0.0,0.0,0.0,0.0,0.0,0,0,0
1756703315,119,-0.05,0.0,-0.02,0.0,0.0,0.0,0.0,0.0,0,0,0
1756703315,120,0.0,0.0,0.0,0.0,0.0,0.0,0.0,0.0,0,0,0
1756703315,121,0.01,0.0,-0.07,0.0,0.0,0.0,0.0,0.0,0,0,0
1756703315,122,-0.07,0.0,-0.03,0.0,0.0,0.0,0.0,0.0,0,0,0
1756703315,123,-0.05,0.0,-0.01,0.0,0.0,0.0,0.0,0.0,0,0,0
1756703315,124,0.0,0.0,-0.01,0.0,0.0,0.0,0.0,0.0,0,0,0
1756703315,125,0.0,0.0,0.0,0.0,0.0,0.0,0.0,0.0,0,0,0
1756703315,126,0.05,0.0,-0.11,0.0,0.0,0.0,0.0,0.0,0,0,0
1756703315,127,0.0,0.0,-0.05,0.0,0.0,0.0,0.0,0.0,0,0,0
1756703315,128,0.0,0.0,0.0,0.0,0.0,0.0,0.0,0.0,0,0,0
1756703315,129,0.02,0.0,0.0,0.0,0.0,0.0,0.0,0.0,0,0,0
1756703315,130,0.03,0.0,0.0,0.0,0.0,0.0,0.0,0.0,0,0,0
1756703315,131,0.0,0.0,0.0,0.0,0.0,0.0,0.0,0.0,0,0,0
1756703315,132,0.0,0.0,-0.12,0.0,0.0,0.0,0.0,0.0,0,0,0
1756703315,133,0.07,0.0,-0.01,0.0,0.0,0.0,0.0,0.0,0,0,0
1756703315,134,0.0,0.0,0.0,0.0,0.0,0.0,0.0,0.0,0,0,0
1756703315,135,0.01,0.0,0.0,0.0,0.0,0.0,0.0,0.0,0,0,0
1756703315,136,0.01,0.0,0.0,0.0,0.0,0.0,0.0,0.0,0,0,0
1756703315,137,0.02,0.0,0.0,0.0,0.0,0.0,0.0,0.0,0,0,0
1756703315,138,0.0,0.0,0.02,0.0,0.0,0.0,0.0,0.0,0,0,0
1756703315,139,0.0,0.0,-0.01,0.0,0.0,0.0,0.0,0.0,0,0,0
1756703315,140,0.02,0.0,0.0,0.0,0.0,0.0,0.0,0.0,0,0,0
1756703315,141,0.0,0.0,0.0,0.0,0.0,0.0,0.0,0.0,0,0,0
1756703315,142,0.01,0.0,0.0,0.0,0.0,0.0,0.0,0.0,0,0,0
1756703315,143,-0.02,0.0,-0.01,0.0,0.0,0.0,0.0,0.0,0,0,0
1756703315,144,0.0,0.0,0.0,0.0,0.0,0.0,0.0,0.0,0,0,0
1756703315,145,-0.01,0.0,-0.01,0.0,0.0,0.0,0.0,0.0,0,0,0
1756703315,146,0.09,0.0,0.0,0.0,0.0,0.0,0.0,0.0,0,0,0
1756703315,147,0.05,0.0,-0.01,0.0,0.0,0.0,0.0,0.0,0,0,0
1756703315,148,0.01,0.0,-0.03,0.0,0.0,0.0,0.0,0.0,0,0,0
1756703315,149,-0.01,0.0,0.0,0.0,0.0,0.0,0.0,0.0,0,0,0
1756703315,150,0.0,0.0,0.0,0.0,0.0,0.0,0.0,0.0,0,0,0
1756703315,151,0.02,0.0,0.01,0.0,0.0,0.0,0.0,0.0,0,0,0
1756703315,152,0.01,0.0,0.0,0.0,0.0,0.0,0.0,0.0,0,0,0
1756703315,153,0.01,0.0,0.0,0.0,0.0,0.0,0.0,0.0,0,0,0
1756703315,154,0.0,0.0,-0.01,0.0,0.0,0.0,0.0,0.0,0,0,0
1756703315,155,0.03,0.0,0.0,0.0,0.0,0.0,0.0,0.0,0,0,0
1756703315,156,0.03,0.0,-0.03,0.0,0.0,0.0,0.0,0.0,0,0,0
1756703315,157,-0.01,0.0,-0.01,0.0,0.0,0.0,0.0,0.0,0,0,0
1756703315,158,0.01,0.0,-0.01,0.0,0.0,0.0,0.0,0.0,0,0,0
1756703315,159,0.0,0.0,-0.03,0.0,0.0,0.0,0.0,0.0,0,0,0
1756703315,160,0.0,0.0,0.0,0.0,0.0,0.0,0.0,0.0,0,0,0
1756703315,161,0.0,0.0,0.01,0.0,0.0,0.0,0.0,0.0,0,0,0
1756703315,162,0.01,0.0,-0.01,0.0,0.0,0.0,0.0,0.0,0,0,0
1756703315,163,0.0,0.0,-0.05,0.0,0.0,0.0,0.0,0.0,0,0,0
1756703315,164,0.0,0.0,-0.02,0.0,0.0,0.0,0.0,0.0,0,0,0
1756703315,165,-0.09,0.0,0.0,0.0,0.0,0.0,0.0,0.0,0,0,0
1756703315,166,0.01,0.0,-0.01,0.0,0.0,0.0,0.0,0.0,0,0,0
1756703315,167,0.05,0.0,-0.03,0.0,0.0,0.0,0.0,0.0,0,0,0
1756703315,168,0.0,0.0,0.0,0.0,0.0,0.0,0.0,0.0,0,0,0
1756703315,169,0.0,0.0,0.0,0.0,0.0,0.0,0.0,0.0,0,0,0
1756703315,170,0.0,0.0,-0.01,0.0,0.0,0.0,0.0,0.0,0,0,0
1756703315,171,0.0,0.0,0.0,0.0,0.0,0.0,0.0,0.0,0,0,0
1756703315,172,0.03,0.0,0.0,0.0,0.0,0.0,0.0,0.0,0,0,0
1756703315,173,0.01,0.0,0.0,0.0,0.0,0.0,0.0,0.0,0,0,0
1756703315,174,0.01,0.0,-0.01,0.0,0.0,0.0,0.0,0.0,0,0,0
1756703316,175,0.02,0.0,0.01,0.0,0.0,0.0,0.0,0.0,0,0,0
1756703316,176,0.03,0.0,0.0,0.0,0.0,0.0,0.0,0.0,0,0,0
1756703316,177,0.01,0.0,-0.05,0.0,0.0,0.0,0.0,0.0,0,0,0
1756703316,178,0.02,0.0,-0.15,0.0,0.0,0.0,0.0,0.0,0,0,0
1756703316,179,0.1,0.0,0.03,0.0,0.0,0.0,0.0,0.0,0,0,0
1756703316,180,-0.03,0.0,0.0,0.0,0.0,0.0,0.0,0.0,0,0,0
1756703316,181,-0.03,0.0,0.0,0.0,0.0,0.0,0.0,0.0,0,0,0
1756703316,182,0.0,0.0,-0.01,0.0,0.0,0.0,0.0,0.0,0,0,0
1756703316,183,0.01,0.0,0.0,0.0,0.0,0.0,0.0,0.0,0,0,0
1756703316,184,0.01,0.0,-0.02,0.0,0.0,0.0,0.0,0.0,0,0,0
1756703316,185,0.07,0.0,-0.03,0.0,0.0,0.0,0.0,0.0,0,0,0
1756703316,186,0.0,0.0,-0.02,0.0,0.0,0.0,0.0,0.0,0,0,0
1756703316,187,0.0,0.0,0.0,0.0,0.0,0.0,0.0,0.0,0,0,0
1756703316,188,0.0,0.0,-0.03,0.0,0.0,0.0,0.0,0.0,0,0,0
1756703316,189,0.0,0.0,0.0,0.0,0.0,0.0,0.0,0.0,0,0,0
1756703316,190,0.0,0.0,-0.03,0.0,0.0,0.0,0.0,0.0,0,0,0
1756703316,191,0.0,0.0,0.05,0.0,0.0,0.0,0.0,0.0,0,0,0
1756703316,192,0.01,0.0,-0.02,0.0,0.0,0.0,0.0,0.0,0,0,0
1756703316,193,-0.01,0.0,-0.05,0.0,0.0,0.0,0.0,0.0,0,0,0
1756703316,194,0.03,0.0,-0.02,0.0,0.0,0.0,0.0,0.0,0,0,0
1756703316,195,0.0,0.0,0.0,0.0,0.0,0.0,0.0,0.0,0,0,0
1756703316,196,0.0,0.0,-0.03,0.0,0.0,0.0,0.0,0.0,0,0,0
1756703316,197,-0.05,0.0,0.0,0.0,0.0,0.0,0.0,0.0,0,0,0
1756703316,198,-0.03,0.0,-0.02,0.0,0.0,0.0,0.0,0.0,0,0,0
1756703316,199,0.02,0.0,0.0,0.0,0.0,0.0,0.0,0.0,0,0,0
1756703316,200,0.05,0.0,0.01,0.0,0.0,0.0,0.0,0.0,0,0,0
1756703316,201,0.05,0.0,0.03,0.0,0.0,0.0,0.0,0.0,0,0,0
1756703316,202,-0.05,0.0,0.0,0.0,0.0,0.0,0.0,0.0,0,0,0
1756703316,203,0.0,0.0,-0.05,0.0,0.0,0.0,0.0,0.0,0,0,0
1756703316,204,0.05,0.0,-0.02,0.0,0.0,0.0,0.0,0.0,0,0,0
1756703316,205,0.0,0.0,0.0,0.0,0.0,0.0,0.0,0.0,0,0,0
1756703316,206,0.02,0.0,-0.02,0.0,0.0,0.0,0.0,0.0,0,0,0
1756703316,207,0.0,0.0,0.0,0.0,0.0,0.0,0.0,0.0,0,0,0
1756703316,208,0.0,0.0,0.0,0.0,0.0,0.0,0.0,0.0,0,0,0
1756703316,209,0.0,0.0,-0.01,0.0,0.0,0.0,0.0,0.0,0,0,0
1756703316,210,0.02,0.0,0.0,0.0,0.0,0.0,0.0,0.0,0,0,0
1756703316,211,0.01,0.0,-0.03,0.0,0.0,0.0,0.0,0.0,0,0,0
1756703316,212,0.0,0.0,0.02,0.0,0.0,0.0,0.0,0.0,0,0,0
1756703316,213,0.0,0.0,0.03,0.0,0.0,0.0,0.0,0.0,0,0,0
1756703316,214,0.0,0.0,0.0,0.0,0.0,0.0,0.0,0.0,0,0,0
1756703316,215,0.01,0.0,0.0,0.0,0.0,0.0,0.0,0.0,0,0,0
1756703316,216,0.0,0.0,-0.01,0.0,0.0,0.0,0.0,0.0,0,0,0
1756703316,217,0.01,0.0,0.0,0.0,0.0,0.0,0.0,0.0,0,0,0
1756703316,218,0.0,0.0,-0.01,0.0,0.0,0.0,0.0,0.0,0,0,0
1756703316,219,0.0,0.0,0.0,0.0,0.0,0.0,0.0,0.0,0,0,0
1756703316,220,0.0,0.0,-0.05,0.0,0.0,0.0,0.0,0.0,0,0,0
1756703316,221,0.01,0.0,0.0,0.0,0.0,0.0,0.0,0.0,0,0,0
1756703316,222,0.0,0.0,-0.02,0.0,0.0,0.0,0.0,0.0,0,0,0
1756703316,223,0.0,0.0,0.0,0.0,0.0,0.0,0.0,0.0,0,0,0
1756703316,224,-0.01,0.0,-0.03,0.0,0.0,0.0,0.0,0.0,0,0,0
1756703316,225,0.0,0.0,-0.02,0.0,0.0,0.0,0.0,0.0,0,0,0
1756703316,226,0.0,0.0,0.0,0.0,0.0,0.0,0.0,0.0,0,0,0
1756703316,227,0.0,0.0,-0.03,0.0,0.0,0.0,0.0,0.0,0,0,0
1756703316,228,0.01,0.0,0.0,0.0,0.0,0.0,0.0,0.0,0,0,0
1756703316,229,0.01,0.0,0.0,0.0,0.0,0.0,0.0,0.0,0,0,0
1756703316,230,0.0,0.0,0.0,0.0,0.0,0.0,0.0,0.0,0,0,0
1756703316,231,0.01,0.0,-0.02,0.0,0.0,0.0,0.0,0.0,0,0,0
1756703316,232,0.0,0.0,0.0,0.0,0.0,0.0,0.0,0.0,0,0,0
1756703316,233,0.0,0.0,-0.02,0.0,0.0,0.0,0.0,0.0,0,0,0
1756703316,234,0.0,0.0,-0.03,0.0,0.0,0.0,0.0,0.0,0,0,0
1756703316,235,0.01,0.0,0.0,0.0,0.0,0.0,0.0,0.0,0,0,0
1756703316,236,0.0,0.0,0.0,0.0,0.0,0.0,0.0,0.0,0,0,0
1756703316,237,0.01,0.0,0.0,0.0,0.0,0.0,0.0,0.0,0,0,0
1756703316,238,-0.03,0.0,-0.01,0.0,0.0,0.0,0.0,0.0,0,0,0
1756703316,239,0.0,0.0,-0.02,0.0,0.0,0.0,0.0,0.0,0,0,0
1756703317,240,0.0,0.0,-0.01,0.0,0.0,0.0,0.0,0.0,0,0,0
1756703317,241,0.02,0.0,0.0,0.0,0.0,0.0,0.0,0.0,0,0,0
1756703317,242,0.03,0.0,-0.05,0.0,0.0,0.0,0.0,0.0,0,0,0
1756703317,243,0.0,0.0,0.07,0.0,0.0,0.0,0.0,0.0,0,0,0
1756703317,244,0.07,0.0,0.0,0.0,0.0,0.0,0.0,0.0,0,0,0
1756703317,245,0.0,0.0,-0.03,0.0,0.0,0.0,0.0,0.0,0,0,0
1756703317,246,0.01,0.0,0.0,0.0,0.0,0.0,0.0,0.0,0,0,0
1756703317,247,0.05,0.0,-0.02,0.0,0.0,0.0,0.0,0.0,0,0,0
1756703317,248,0.0,0.0,-0.02,0.0,0.0,0.0,0.0,0.0,0,0,0
1756703317,249,0.02,0.0,-0.05,0.0,0.0,0.0,0.0,0.0,0,0,0
1756703317,250,0.0,0.0,0.11,0.0,0.0,0.0,0.0,0.0,0,0,0
1756703317,251,0.07,0.0,0.0,0.0,0.0,0.0,0.0,0.0,0,0,0
1756703317,252,-0.05,0.0,-0.1,0.0,0.0,0.0,0.0,0.0,0,0,0
1756703317,253,0.01,0.0,0.0,0.0,0.0,0.0,0.0,0.0,0,0,0
1756703317,254,0.01,0.0,0.0,0.0,0.0,0.0,0.0,0.0,0,0,0
1756703317,255,0.0,0.0,0.0,0.0,0.0,0.0,0.0,0.0,0,0,0
1756703317,256,0.0,0.0,-0.02,0.0,0.0,0.0,0.0,0.0,0,0,0
1756703317,257,0.0,0.0,-0.01,0.0,0.0,0.0,0.0,0.0,0,0,0
1756703317,258,0.0,0.0,-0.03,0.0,0.0,0.0,0.0,0.0,0,0,0
1756703317,259,0.0,0.0,-0.03,0.0,0.0,0.0,0.0,0.0,0,0,0
1756703317,260,-0.03,0.0,0.0,0.0,0.0,0.0,0.0,0.0,0,0,0
1756703317,261,0.0,0.0,-0.01,0.0,0.0,0.0,0.0,0.0,0,0,0
1756703317,262,0.05,0.0,0.0,0.0,0.0,0.0,0.0,0.0,0,0,0
1756703317,263,0.0,0.0,0.0,0.0,0.0,0.0,0.0,0.0,0,0,0
1756703317,264,0.0,0.0,0.0,0.0,0.0,0.0,0.0,0.0,0,0,0
1756703317,265,0.07,0.0,0.0,0.0,0.0,0.0,0.0,0.0,0,0,0
1756703317,266,0.0,0.0,-0.01,0.0,0.0,0.0,0.0,0.0,0,0,0
1756703317,267,0.0,0.0,-0.02,0.0,0.0,0.0,0.0,0.0,0,0,0
1756703317,268,0.0,0.0,-0.05,0.0,0.0,0.0,0.0,0.0,0,0,0
1756703317,269,-0.01,0.0,-0.03,0.0,0.0,0.0,0.0,0.0,0,0,0
1756703317,270,-0.01,0.0,-0.01,0.0,0.0,0.0,0.0,0.0,0,0,0
1756703317,271,0.0,0.0,-0.01,0.0,0.0,0.0,0.0,0.0,0,0,0
1756703317,272,0.02,0.0,-0.05,0.0,0.0,0.0,0.0,0.0,0,0,0
1756703317,273,0.0,0.0,-0.02,0.0,0.0,0.0,0.0,0.0,0,0,0
1756703317,274,0.0,0.0,0.0,0.0,0.0,0.0,0.0,0.0,0,0,0
1756703317,275,0.0,0.0,-0.01,0.0,0.0,0.0,0.0,0.0,0,0,0
1756703317,276,0.0,0.0,0.01,0.0,0.0,0.0,0.0,0.0,0,0,0
1756703317,277,0.02,0.0,-0.03,0.0,0.0,0.0,0.0,0.0,0,0,0
1756703317,278,-0.03,0.0,-0.01,0.0,0.0,0.0,0.0,0.0,0,0,0
1756703317,279,-0.09,0.0,-0.01,0.0,0.0,0.0,0.0,0.0,0,0,0
1756703317,280,0.0,0.0,0.0,0.0,0.0,0.0,0.0,0.0,0,0,0
1756703317,281,0.07,0.0,-0.09,0.0,0.0,0.0,0.0,0.0,0,0,0
1756703317,282,0.1,0.0,-0.02,0.0,0.0,0.0,0.0,0.0,0,0,0
1756703317,283,0.09,0.0,0.0,0.0,0.0,0.0,0.0,0.0,0,0,0
1756703317,284,0.02,0.0,0.0,0.0,0.0,0.0,0.0,0.0,0,0,0
1756703317,285,0.05,0.0,0.0,0.0,0.0,0.0,0.0,0.0,0,0,0
1756703317,286,0.05,0.0,-0.07,0.0,0.0,0.0,0.0,0.0,0,0,0
1756703317,287,0.0,0.0,-0.07,0.0,0.0,0.0,0.0,0.0,0,0,0
1756703317,288,-0.03,0.0,-0.01,0.0,0.0,0.0,0.0,0.0,0,0,0
1756703317,289,-0.01,0.0,-0.01,0.0,0.0,0.0,0.0,0.0,0,0,0
1756703317,290,0.01,0.0,-0.07,0.0,0.0,0.0,0.0,0.0,0,0,0
1756703317,291,0.02,0.0,-0.01,0.0,0.0,0.0,0.0,0.0,0,0,0
1756703317,292,0.0,0.0,0.0,0.0,0.0,0.0,0.0,0.0,0,0,0
1756703317,293,0.07,0.0,-0.01,0.0,0.0,0.0,0.0,0.0,0,0,0
1756703317,294,0.05,0.0,0.0,0.0,0.0,0.0,0.0,0.0,0,0,0
1756703317,295,0.05,0.0,0.07,0.0,0.0,0.0,0.0,0.0,0,0,0
1756703317,296,0.02,0.0,-0.07,0.0,0.0,0.0,0.0,0.0,0,0,0
1756703317,297,-0.01,0.0,-0.01,0.0,0.0,0.0,0.0,0.0,0,0,0
1756703317,298,0.0,0.0,0.01,0.0,0.0,0.0,0.0,0.0,0,0,0
1756703317,299,0.1,0.0,-0.09,0.0,0.0,0.0,0.0,0.0,0,0,0
1756703317,300,0.0,0.0,-0.01,0.0,0.0,0.0,0.0,0.0,0,0,0
1756703317,301,0.0,0.0,-0.02,0.0,0.0,0.0,0.0,0.0,0,0,0
1756703317,302,-0.01,0.0,0.0,0.0,0.0,0.0,0.0,0.0,0,0,0
1756703317,303,0.02,0.0,0.0,0.0,0.0,0.0,0.0,0.0,0,0,0
1756703318,304,0.03,0.0,0.0,0.0,0.0,0.0,0.0,0.0,0,0,0
1756703318,305,0.0,0.0,0.0,0.0,0.0,0.0,0.0,0.0,0,0,0
1756703318,306,0.0,0.0,0.01,0.0,0.0,0.0,0.0,0.0,0,0,0
1756703318,307,0.01,0.0,-0.03,0.0,0.0,0.0,0.0,0.0,0,0,0
1756703318,308,0.0,0.0,0.0,0.0,0.0,0.0,0.0,0.0,0,0,0
1756703318,309,0.03,0.0,-0.01,0.0,0.0,0.0,0.0,0.0,0,0,0
1756703318,310,0.03,0.0,0.0,0.0,0.0,0.0,0.0,0.0,0,0,0
1756703318,311,0.0,0.0,0.0,0.0,0.0,0.0,0.0,0.0,0,0,0
1756703318,312,0.0,0.0,-0.05,0.0,0.0,0.0,0.0,0.0,0,0,0
1756703318,313,0.03,0.0,0.0,0.0,0.0,0.0,0.0,0.0,0,0,0
1756703318,314,-0.01,0.0,0.0,0.0,0.0,0.0,0.0,0.0,0,0,0
1756703318,315,0.01,0.0,-0.01,0.0,0.0,0.0,0.0,0.0,0,0,0
1756703318,316,0.02,0.0,0.0,0.0,0.0,0.0,0.0,0.0,0,0,0
1756703318,317,0.09,0.0,0.0,0.0,0.0,0.0,0.0,0.0,0,0,0
1756703318,318,0.0,0.0,0.0,0.0,0.0,0.0,0.0,0.0,0,0,0
1756703318,319,0.03,0.0,-0.01,0.0,0.0,0.0,0.0,0.0,0,0,0
1756703318,320,0.03,0.0,0.0,0.0,0.0,0.0,0.0,0.0,0,0,0
1756703318,321,0.02,0.0,0.11,0.0,0.0,0.0,0.0,0.0,0,0,0
1756703318,322,0.05,0.0,-0.07,0.0,0.0,0.0,0.0,0.0,0,0,0
1756703318,323,0.0,0.0,-0.07,0.0,0.0,0.0,0.0,0.0,0,0,0
1756703318,324,0.1,0.0,0.0,0.0,0.0,0.0,0.0,0.0,0,0,0
1756703318,325,0.0,0.0,0.0,0.0,0.0,0.0,0.0,0.0,0,0,0
1756703318,326,0.02,0.0,-0.01,0.0,0.0,0.0,0.0,0.0,0,0,0
1756703318,327,0.02,0.0,-0.09,0.0,0.0,0.0,0.0,0.0,0,0,0
1756703318,328,0.05,0.0,-0.02,0.0,0.0,0.0,0.0,0.0,0,0,0
1756703318,329,0.0,0.0,0.0,0.0,0.0,0.0,0.0,0.0,0,0,0
1756703318,330,0.0,0.0,0.0,0.0,0.0,0.0,0.0,0.0,0,0,0
1756703318,331,-0.01,0.0,-0.02,0.0,0.0,0.0,0.0,0.0,0,0,0
1756703318,332,0.0,0.0,-0.01,0.0,0.0,0.0,0.0,0.0,0,0,0
1756703318,333,0.02,0.0,-0.03,0.0,0.0,0.0,0.0,0.0,0,0,0
1756703318,334,0.0,0.0,-0.03,0.0,0.0,0.0,0.0,0.0,0,0,0
1756703318,335,0.0,0.0,-0.03,0.0,0.0,0.0,0.0,0.0,0,0,0
1756703318,336,0.0,0.0,-0.05,0.0,0.0,0.0,0.0,0.0,0,0,0
1756703318,337,0.0,0.0,-0.01,0.0,0.0,0.0,0.0,0.0,0,0,0
1756703318,338,0.0,0.0,-0.07,0.0,0.0,0.0,0.0,0.0,0,0,0
1756703318,339,0.07,0.0,0.0,0.0,0.0,0.0,0.0,0.0,0,0,0
1756703318,340,0.05,0.0,0.0,0.0,0.0,0.0,0.0,0.0,0,0,0
1756703318,341,0.05,0.0,-0.03,0.0,0.0,0.0,0.0,0.0,0,0,0
1756703318,342,0.0,0.0,-0.01,0.0,0.0,0.0,0.0,0.0,0,0,0
1756703318,343,0.02,0.0,0.0,0.0,0.0,0.0,0.0,0.0,0,0,0
1756703318,344,0.0,0.0,-0.01,0.0,0.0,0.0,0.0,0.0,0,0,0
1756703318,345,0.0,0.0,-0.01,0.0,0.0,0.0,0.0,0.0,0,0,0
1756703318,346,0.0,0.0,-0.01,0.0,0.0,0.0,0.0,0.0,0,0,0
1756703318,347,0.02,0.0,-0.01,0.0,0.0,0.0,0.0,0.0,0,0,0
1756703318,348,0.0,0.0,0.01,0.0,0.0,0.0,0.0,0.0,0,0,0
1756703318,349,0.01,0.0,-0.07,0.0,0.0,0.0,0.0,0.0,0,0,0
1756703318,350,0.01,0.0,-0.02,0.0,0.0,0.0,0.0,0.0,0,0,0
1756703318,351,0.0,0.0,-0.01,0.0,0.0,0.0,0.0,0.0,0,0,0
1756703318,352,0.0,0.0,0.0,0.0,0.0,0.0,0.0,0.0,0,0,0
1756703318,353,0.05,0.0,-0.02,0.0,0.0,0.0,0.0,0.0,0,0,0
1756703318,354,0.0,0.0,-0.01,0.0,0.0,0.0,0.0,0.0,0,0,0
1756703318,355,0.05,0.0,-0.01,0.0,0.0,0.0,0.0,0.0,0,0,0
1756703318,356,0.01,0.0,0.0,0.0,0.0,0.0,0.0,0.0,0,0,0
1756703318,357,0.0,0.0,-0.03,0.0,0.0,0.0,0.0,0.0,0,0,0
1756703318,358,0.05,0.0,-0.02,0.0,0.0,0.0,0.0,0.0,0,0,0
1756703318,359,0.05,0.0,-0.03,0.0,0.0,0.0,0.0,0.0,0,0,0
1756703318,360,0.0,0.0,0.0,0.0,0.0,0.0,0.0,0.0,0,0,0
1756703318,361,0.03,0.0,0.0,0.0,0.0,0.0,0.0,0.0,0,0,0
1756703318,362,0.0,0.0,0.0,0.0,0.0,0.0,0.0,0.0,0,0,0
1756703318,363,0.03,0.0,0.0,0.0,0.0,0.0,0.0,0.0,0,0,0
1756703318,364,0.05,0.0,0.05,0.0,0.0,0.0,0.0,0.0,0,0,0
1756703318,365,0.0,0.0,0.0,0.0,0.0,0.0,0.0,0.0,0,0,0
1756703318,366,0.07,0.0,-0.02,0.0,0.0,0.0,0.0,0.0,0,0,0
1756703318,367,0.02,0.0,0.0,0.0,0.0,0.0,0.0,0.0,0,0,0
1756703318,368,-0.07,0.0,-0.01,0.0,0.0,0.0,0.0,0.0,0,0,0
1756703319,369,0.02,0.0,0.0,0.0,0.0,0.0,0.0,0.0,0,0,0
1756703319,370,0.0,0.0,-0.02,0.0,0.0,0.0,0.0,0.0,0,0,0
1756703319,371,0.0,0.0,0.05,0.0,0.0,0.0,0.0,0.0,0,0,0
1756703319,372,0.03,0.0,-0.02,0.0,0.0,0.0,0.0,0.0,0,0,0
1756703319,373,0.05,0.0,-0.03,0.0,0.0,0.0,0.0,0.0,0,0,0
1756703319,374,0.07,0.0,-0.1,0.0,0.0,0.0,0.0,0.0,0,0,0
1756703319,375,0.0,0.0,-0.01,0.0,0.0,0.0,0.0,0.0,0,0,0
1756703319,376,0.02,0.0,0.0,0.0,0.0,0.0,0.0,0.0,0,0,0
1756703319,377,0.02,0.0,0.0,0.0,0.0,0.0,0.0,0.0,0,0,0
1756703319,378,0.0,0.0,0.0,0.0,0.0,0.0,0.0,0.0,0,0,0
1756703319,379,0.0,0.0,-0.05,0.0,0.0,0.0,0.0,0.0,0,0,0
1756703319,380,0.0,0.0,-0.01,0.0,0.0,0.0,0.0,0.0,0,0,0
1756703319,381,0.05,0.0,0.05,0.0,0.0,0.0,0.0,0.0,0,0,0
1756703319,382,0.02,0.0,0.0,0.0,0.0,0.0,0.0,0.0,0,0,0
1756703319,383,0.0,0.0,-0.05,0.0,0.0,0.0,0.0,0.0,0,0,0
1756703319,384,0.01,0.0,-0.01,0.0,0.0,0.0,0.0,0.0,0,0,0
1756703319,385,0.0,0.0,-0.01,0.0,0.0,0.0,0.0,0.0,0,0,0
1756703319,386,0.03,0.0,-0.03,0.0,0.0,0.0,0.0,0.0,0,0,0
1756703319,387,0.03,0.0,0.0,0.0,0.0,0.0,0.0,0.0,0,0,0
1756703319,388,0.0,0.0,-0.09,0.0,0.0,0.0,0.0,0.0,0,0,0
1756703319,389,0.02,0.0,-0.03,0.0,0.0,0.0,0.0,0.0,0,0,0
1756703319,390,-0.03,0.0,0.0,0.0,0.0,0.0,0.0,0.0,0,0,0
1756703319,391,0.05,0.0,0.01,0.0,0.0,0.0,0.0,0.0,0,0,0
1756703319,392,0.02,0.0,-0.03,0.0,0.0,0.0,0.0,0.0,0,0,0
1756703319,393,0.02,0.0,-0.1,0.0,0.0,0.0,0.0,0.0,0,0,0
1756703319,394,0.0,0.0,0.0,0.0,0.0,0.0,0.0,0.0,0,0,0
1756703319,395,0.09,0.0,-0.01,0.0,0.0,0.0,0.0,0.0,0,0,0
1756703319,396,-0.1,0.0,-0.03,0.0,0.0,0.0,0.0,0.0,0,0,0
1756703319,397,0.0,0.0,-0.03,0.0,0.0,0.0,0.0,0.0,0,0,0
1756703319,398,0.01,0.0,0.0,0.0,0.0,0.0,0.0,0.0,0,0,0
1756703319,399,0.1,0.0,-0.05,0.0,0.0,0.0,0.0,0.0,0,0,0
1756703319,400,0.0,0.0,-0.01,0.0,0.0,0.0,0.0,0.0,0,0,0
1756703319,401,0.01,0.0,0.0,0.0,0.0,0.0,0.0,0.0,0,0,0
1756703319,402,0.0,0.0,-0.02,0.0,0.0,0.0,0.0,0.0,0,0,0
1756703319,403,0.01,0.0,-0.01,0.0,0.0,0.0,0.0,0.0,0,0,0
1756703319,404,0.0,0.0,-0.01,0.0,0.0,0.0,0.0,0.0,0,0,0
1756703319,405,0.01,0.0,0.0,0.0,0.0,0.0,0.0,0.0,0,0,0
1756703319,406,0.0,0.0,-0.03,0.0,0.0,0.0,0.0,0.0,0,0,0
1756703319,407,0.0,0.0,-0.02,0.0,0.0,0.0,0.0,0.0,0,0,0
1756703319,408,0.03,0.0,-0.03,0.0,0.0,0.0,0.0,0.0,0,0,0
1756703319,409,0.0,0.0,-0.02,0.0,0.0,0.0,0.0,0.0,0,0,0
1756703319,410,0.07,0.0,-0.02,0.0,0.0,0.0,0.0,0.0,0,0,0
1756703319,411,0.0,0.0,-0.05,0.0,0.0,0.0,0.0,0.0,0,0,0
1756703319,412,0.0,0.0,-0.02,0.0,0.0,0.0,0.0,0.0,0,0,0
1756703319,413,0.05,0.0,0.0,0.0,0.0,0.0,0.0,0.0,0,0,0
1756703319,414,0.02,0.0,-0.02,0.0,0.0,0.0,0.0,0.0,0,0,0
1756703319,415,-0.03,0.0,-0.01,0.0,0.0,0.0,0.0,0.0,0,0,0
1756703319,416,0.01,0.0,0.0,0.0,0.0,0.0,0.0,0.0,0,0,0
1756703319,417,-0.05,0.0,0.0,0.0,0.0,0.0,0.0,0.0,0,0,0
1756703319,418,0.0,0.0,0.0,0.0,0.0,0.0,0.0,0.0,0,0,0
1756703319,419,0.0,0.0,-0.03,0.0,0.0,0.0,0.0,0.0,0,0,0
1756703319,420,0.01,0.0,-0.11,0.0,0.0,0.0,0.0,0.0,0,0,0
1756703319,421,0.02,0.0,-0.05,0.0,0.0,0.0,0.0,0.0,0,0,0
1756703319,422,0.01,0.0,0.0,0.0,0.0,0.0,0.0,0.0,0,0,0
1756703319,423,0.0,0.0,-0.03,0.0,0.0,0.0,0.0,0.0,0,0,0
1756703319,424,0.0,0.0,-0.05,0.0,0.0,0.0,0.0,0.0,0,0,0
1756703319,425,0.02,0.0,-0.01,0.0,0.0,0.0,0.0,0.0,0,0,0
1756703319,426,0.07,0.0,0.0,0.0,0.0,0.0,0.0,0.0,0,0,0
1756703319,427,0.0,0.0,-0.02,0.0,0.0,0.0,0.0,0.0,0,0,0
1756703319,428,0.02,0.0,0.0,0.0,0.0,0.0,0.0,0.0,0,0,0
1756703319,429,0.05,0.0,-0.1,0.0,0.0,0.0,0.0,0.0,0,0,0
1756703319,430,0.01,0.0,0.0,0.0,0.0,0.0,0.0,0.0,0,0,0
1756703319,431,0.0,0.0,-0.01,0.0,0.0,0.0,0.0,0.0,0,0,0
1756703319,432,0.03,0.0,-0.02,0.0,0.0,0.0,0.0,0.0,0,0,0
1756703319,433,0.0,0.0,-0.05,0.0,0.0,0.0,0.0,0.0,0,0,0
1756703319,434,0.0,0.0,0.0,0.0,0.0,0.0,0.0,0.0,0,0,0
1756703319,435,0.0,0.0,-0.01,0.0,0.0,0.0,0.0,0.0,0,0,0
1756703319,436,0.0,0.0,0.0,0.0,0.0,0.0,0.0,0.0,0,0,0
1756703320,437,0.01,0.0,-0.02,0.0,0.0,0.0,0.0,0.0,0,0,0
1756703320,438,0.01,0.0,-0.01,0.0,0.0,0.0,0.0,0.0,0,0,0
1756703320,439,-0.05,0.0,-0.05,0.0,0.0,0.0,0.0,0.0,0,0,0
1756703320,440,0.0,0.0,-0.01,0.0,0.0,0.0,0.0,0.0,0,0,0
1756703320,441,0.03,0.0,0.0,0.0,0.0,0.0,0.0,0.0,0,0,0
1756703320,442,0.01,0.0,-0.01,0.0,0.0,0.0,0.0,0.0,0,0,0
1756703320,443,0.0,0.0,0.0,0.0,0.0,0.0,0.0,0.0,0,0,0
1756703320,444,0.0,0.0,-0.01,0.0,0.0,0.0,0.0,0.0,0,0,0
1756703320,445,0.0,0.0,0.0,0.0,0.0,0.0,0.0,0.0,0,0,0
1756703320,446,0.03,0.0,0.0,0.0,0.0,0.0,0.0,0.0,0,0,0
1756703320,447,0.03,0.0,-0.02,0.0,0.0,0.0,0.0,0.0,0,0,0
1756703320,448,0.0,0.0,0.0,0.0,0.0,0.0,0.0,0.0,0,0,0
1756703320,449,0.0,0.0,0.0,0.0,0.0,0.0,0.0,0.0,0,0,0
1756703320,450,0.0,0.0,0.0,0.0,0.0,0.0,0.0,0.0,0,0,0
1756703320,451,0.0,0.0,-0.05,0.0,0.0,0.0,0.0,0.0,0,0,0
1756703320,452,0.0,0.0,-0.02,0.0,0.0,0.0,0.0,0.0,0,0,0
1756703320,453,0.0,0.0,-0.05,0.0,0.0,0.0,0.0,0.0,0,0,0
1756703320,454,0.03,0.0,0.0,0.0,0.0,0.0,0.0,0.0,0,0,0
1756703320,455,0.03,0.0,-0.03,0.0,0.0,0.0,0.0,0.0,0,0,0
1756703320,456,0.0,0.0,-0.01,0.0,0.0,0.0,0.0,0.0,0,0,0
1756703320,457,0.01,0.0,-0.02,0.0,0.0,0.0,0.0,0.0,0,0,0
1756703320,458,0.0,0.0,-0.01,0.0,0.0,0.0,0.0,0.0,0,0,0
1756703320,459,0.0,0.0,-0.03,0.0,0.0,0.0,0.0,0.0,0,0,0
1756703320,460,0.0,0.0,0.0,0.0,0.0,0.0,0.0,0.0,0,0,0
1756703320,461,0.0,0.0,0.0,0.0,0.0,0.0,0.0,0.0,0,0,0
1756703320,462,-0.01,0.0,-0.02,0.0,0.0,0.0,0.0,0.0,0,0,0
1756703320,463,0.0,0.0,0.0,0.0,0.0,0.0,0.0,0.0,0,0,0
1756703320,464,0.01,0.0,-0.05,0.0,0.0,0.0,0.0,0.0,0,0,0
1756703320,465,0.0,0.0,-0.01,0.0,0.0,0.0,0.0,0.0,0,0,0
1756703320,466,0.07,0.0,-0.03,0.0,0.0,0.0,0.0,0.0,0,0,0
1756703320,467,0.0,0.0,0.0,0.0,0.0,0.0,0.0,0.0,0,0,0
1756703320,468,0.0,0.0,0.01,0.0,0.0,0.0,0.0,0.0,0,0,0
1756703320,469,0.01,0.0,-0.01,0.0,0.0,0.0,0.0,0.0,0,0,0
1756703320,470,0.0,0.0,0.0,0.0,0.0,0.0,0.0,0.0,0,0,0
1756703320,471,0.0,0.0,0.0,0.0,0.0,0.0,0.0,0.0,0,0,0
1756703320,472,0.0,0.0,0.03,0.0,0.0,0.0,0.0,0.0,0,0,0
1756703320,473,0.0,0.0,0.0,0.0,0.0,0.0,0.0,0.0,0,0,0
1756703320,474,0.03,0.0,0.0,0.0,0.0,0.0,0.0,0.0,0,0,0
1756703320,475,0.01,0.0,-0.02,0.0,0.0,0.0,0.0,0.0,0,0,0
1756703320,476,0.05,0.0,0.0,0.0,0.0,0.0,0.0,0.0,0,0,0
1756703320,477,0.02,0.0,0.0,0.0,0.0,0.0,0.0,0.0,0,0,0
1756703320,478,0.02,0.0,0.0,0.0,0.0,0.0,0.0,0.0,0,0,0
1756703320,479,-0.05,0.0,0.0,0.0,0.0,0.0,0.0,0.0,0,0,0
1756703320,480,-0.05,0.0,-0.02,0.0,0.0,0.0,0.0,0.0,0,0,0
1756703320,481,-0.01,0.0,-0.05,0.0,0.0,0.0,0.0,0.0,0,0,0
1756703320,482,0.05,0.0,-0.03,0.0,0.0,0.0,0.0,0.0,0,0,0
1756703320,483,0.0,0.0,0.0,0.0,0.0,0.0,0.0,0.0,0,0,0
1756703320,484,0.01,0.0,-0.03,0.0,0.0,0.0,0.0,0.0,0,0,0
1756703320,485,-0.02,0.0,0.0,0.0,0.0,0.0,0.0,0.0,0,0,0
1756703320,486,0.0,0.0,-0.05,0.0,0.0,0.0,0.0,0.0,0,0,0
1756703320,487,-0.02,0.0,0.0,0.0,0.0,0.0,0.0,0.0,0,0,0
1756703320,488,0.05,0.0,0.01,0.0,0.0,0.0,0.0,0.0,0,0,0
1756703320,489,0.0,0.0,-0.03,0.0,0.0,0.0,0.0,0.0,0,0,0
1756703320,490,0.0,0.0,-0.02,0.0,0.0,0.0,0.0,0.0,0,0,0
1756703320,491,-0.01,0.0,0.0,0.0,0.0,0.0,0.0,0.0,0,0,0
1756703320,492,0.0,0.0,0.0,0.0,0.0,0.0,0.0,0.0,0,0,0
1756703320,493,0.07,0.0,0.0,0.0,0.0,0.0,0.0,0.0,0,0,0
1756703320,494,0.0,0.0,-0.02,0.0,0.0,0.0,0.0,0.0,0,0,0
1756703320,495,0.05,0.0,-0.02,0.0,0.0,0.0,0.0,0.0,0,0,0
1756703320,496,0.05,0.0,0.0,0.0,0.0,0.0,0.0,0.0,0,0,0
1756703320,497,0.12,0.0,-0.09,0.0,0.0,0.0,0.0,0.0,0,0,0
1756703320,498,0.0,0.0,-0.01,0.0,0.0,0.0,0.0,0.0,0,0,0
1756703320,499,0.01,0.0,0.0,0.0,0.0,0.0,0.0,0.0,0,0,0
1756703320,500,0.0,0.0,0.01,0.0,0.0,0.0,0.0,0.0,0,0,0
1756703320,501,0.0,0.0,-0.15,0.0,0.0,0.0,0.0,0.0,0,0,0
1756703320,502,0.0,0.0,0.0,0.0,0.0,0.0,0.0,0.0,0,0,0
1756703321,503,0.0,0.0,-0.03,0.0,0.0,0.0,0.0,0.0,0,0,0
1756703321,504,0.0,0.0,0.0,0.0,0.0,0.0,0.0,0.0,0,0,0
1756703321,505,-0.03,0.0,0.01,0.0,0.0,0.0,0.0,0.0,0,0,0
1756703321,506,-0.07,0.0,0.0,0.0,0.0,0.0,0.0,0.0,0,0,0
1756703321,507,0.05,0.0,0.0,0.0,0.0,0.0,0.0,0.0,0,0,0
1756703321,508,0.0,0.0,-0.03,0.0,0.0,0.0,0.0,0.0,0,0,0
1756703321,509,0.01,0.0,0.01,0.0,0.0,0.0,0.0,0.0,0,0,0
1756703321,510,0.0,0.0,-0.07,0.0,0.0,0.0,0.0,0.0,0,0,0
1756703321,511,0.0,0.0,0.05,0.0,0.0,0.0,0.0,0.0,0,0,0
1756703321,512,0.0,0.0,0.03,0.0,0.0,0.0,0.0,0.0,0,0,0
1756703321,513,0.0,0.0,-0.01,0.0,0.0,0.0,0.0,0.0,0,0,0
1756703321,514,0.0,0.0,0.0,0.0,0.0,0.0,0.0,0.0,0,0,0
1756703321,515,-0.02,0.0,0.0,0.0,0.0,0.0,0.0,0.0,0,0,0
1756703321,516,-0.02,0.0,0.02,0.0,0.0,0.0,0.0,0.0,0,0,0
1756703321,517,0.0,0.0,0.0,0.0,0.0,0.0,0.0,0.0,0,0,0
1756703321,518,0.0,0.0,-0.05,0.0,0.0,0.0,0.0,0.0,0,0,0
1756703321,519,0.05,0.0,0.0,0.0,0.0,0.0,0.0,0.0,0,0,0
1756703321,520,-0.02,0.0,0.0,0.0,0.0,0.0,0.0,0.0,0,0,0
1756703321,521,-0.03,0.0,0.0,0.0,0.0,0.0,0.0,0.0,0,0,0
1756703321,522,0.0,0.0,-0.02,0.0,0.0,0.0,0.0,0.0,0,0,0
1756703321,523,0.0,0.0,0.0,0.0,0.0,0.0,0.0,0.0,0,0,0
1756703321,524,0.0,0.0,0.0,0.0,0.0,0.0,0.0,0.0,0,0,0
1756703321,525,0.02,0.0,0.0,0.0,0.0,0.0,0.0,0.0,0,0,0
1756703321,526,0.0,0.0,0.0,0.0,0.0,0.0,0.0,0.0,0,0,0
1756703321,527,0.0,0.0,0.0,0.0,0.0,0.0,0.0,0.0,0,0,0
1756703321,528,0.0,0.0,0.0,0.0,0.0,0.0,0.0,0.0,0,0,0
1756703321,529,0.01,0.0,-0.01,0.0,0.0,0.0,0.0,0.0,0,0,0
1756703321,530,0.0,0.0,-0.01,0.0,0.0,0.0,0.0,0.0,0,0,0
1756703321,531,0.03,0.0,-0.07,0.0,0.0,0.0,0.0,0.0,0,0,0
1756703321,532,-0.14,0.0,-0.05,0.0,0.0,0.0,0.0,0.0,0,0,0
1756703321,533,-0.03,0.0,-0.02,0.0,0.0,0.0,0.0,0.0,0,0,0
1756703321,534,0.02,0.0,0.0,0.0,0.0,0.0,0.0,0.0,0,0,0
1756703321,535,0.03,0.0,-0.01,0.0,0.0,0.0,0.0,0.0,0,0,0
1756703321,536,0.0,0.0,-0.01,0.0,0.0,0.0,0.0,0.0,0,0,0
1756703321,537,0.02,0.0,0.02,0.0,0.0,0.0,0.0,0.0,0,0,0
1756703321,538,0.03,0.0,0.0,0.0,0.0,0.0,0.0,0.0,0,0,0
1756703321,539,0.02,0.0,0.01,0.0,0.0,0.0,0.0,0.0,0,0,0
1756703321,540,0.05,0.0,-0.03,0.0,0.0,0.0,0.0,0.0,0,0,0
1756703321,541,0.02,0.0,-0.01,0.0,0.0,0.0,0.0,0.0,0,0,0
1756703321,542,-0.03,0.0,0.0,0.0,0.0,0.0,0.0,0.0,0,0,0
1756703321,543,0.0,0.0,0.0,0.0,0.0,0.0,0.0,0.0,0,0,0
1756703321,544,0.05,0.0,-0.01,0.0,0.0,0.0,0.0,0.0,0,0,0
1756703321,545,0.01,0.0,0.0,0.0,0.0,0.0,0.0,0.0,0,0,0
1756703321,546,0.0,0.0,0.0,0.0,0.0,0.0,0.0,0.0,0,0,0
1756703321,547,0.0,0.0,0.0,0.0,0.0,0.0,0.0,0.0,0,0,0
1756703321,548,0.01,0.0,-0.05,0.0,0.0,0.0,0.0,0.0,0,0,0
1756703321,549,0.02,0.0,-0.05,0.0,0.0,0.0,0.0,0.0,0,0,0
1756703321,550,0.01,0.0,0.0,0.0,0.0,0.0,0.0,0.0,0,0,0
1756703321,551,0.02,0.0,0.0,0.0,0.0,0.0,0.0,0.0,0,0,0
1756703321,552,0.0,0.0,0.03,0.0,0.0,0.0,0.0,0.0,0,0,0
1756703321,553,0.07,0.0,-0.01,0.0,0.0,0.0,0.0,0.0,0,0,0
1756703321,554,-0.03,0.0,0.0,0.0,0.0,0.0,0.0,0.0,0,0,0
1756703321,555,0.07,0.0,-0.01,0.0,0.0,0.0,0.0,0.0,0,0,0
1756703321,556,0.03,0.0,0.0,0.0,0.0,0.0,0.0,0.0,0,0,0
1756703321,557,0.0,0.0,0.0,0.0,0.0,0.0,0.0,0.0,0,0,0
1756703321,558,0.1,0.0,-0.03,0.0,0.0,0.0,0.0,0.0,0,0,0
1756703321,559,0.0,0.0,0.0,0.0,0.0,0.0,0.0,0.0,0,0,0
1756703321,560,0.0,0.0,-0.03,0.0,0.0,0.0,0.0,0.0,0,0,0
1756703321,561,0.0,0.0,0.0,0.0,0.0,0.0,0.0,0.0,0,0,0
1756703321,562,-0.02,0.0,-0.01,0.0,0.0,0.0,0.0,0.0,0,0,0
1756703321,563,0.02,0.0,-0.03,0.0,0.0,0.0,0.0,0.0,0,0,0
1756703321,564,0.02,0.0,0.0,0.0,0.0,0.0,0.0,0.0,0,0,0
1756703321,565,-0.02,0.0,0.0,0.0,0.0,0.0,0.0,0.0,0,0,0
1756703321,566,0.0,0.0,0.0,0.0,0.0,0.0,0.0,0.0,0,0,0
1756703321,567,0.07,0.0,0.0,0.0,0.0,0.0,0.0,0.0,0,0,0
1756703321,568,-0.05,0.0,-0.03,0.0,0.0,0.0,0.0,0.0,0,0,0
1756703321,569,0.0,0.0,-0.01,0.0,0.0,0.0,0.0,0.0,0,0,0
1756703321,570,0.0,0.0,-0.01,0.0,0.0,0.0,0.0,0.0,0,0,0
1756703322,571,0.01,0.0,-0.01,0.0,0.0,0.0,0.0,0.0,0,0,0
1756703322,572,0.0,0.0,0.0,0.0,0.0,0.0,0.0,0.0,0,0,0
1756703322,573,0.03,0.0,-0.01,0.0,0.0,0.0,0.0,0.0,0,0,0
1756703322,574,0.0,0.0,-0.01,0.0,0.0,0.0,0.0,0.0,0,0,0
1756703322,575,-0.01,0.0,-0.03,0.0,0.0,0.0,0.0,0.0,0,0,0
1756703322,576,0.05,0.0,-0.02,0.0,0.0,0.0,0.0,0.0,0,0,0
1756703322,577,0.03,0.0,-0.02,0.0,0.0,0.0,0.0,0.0,0,0,0
1756703322,578,-0.03,0.0,-0.03,0.0,0.0,0.0,0.0,0.0,0,0,0
1756703322,579,0.0,0.0,-0.01,0.0,0.0,0.0,0.0,0.0,0,0,0
1756703322,580,0.02,0.0,-0.03,0.0,0.0,0.0,0.0,0.0,0,0,0
1756703322,581,0.0,0.0,-0.03,0.0,0.0,0.0,0.0,0.0,0,0,0
1756703322,582,0.02,0.0,-0.05,0.0,0.0,0.0,0.0,0.0,0,0,0
1756703322,583,0.0,0.0,-0.03,0.0,0.0,0.0,0.0,0.0,0,0,0
1756703322,584,0.03,0.0,-0.02,0.0,0.0,0.0,0.0,0.0,0,0,0
1756703322,585,0.0,0.0,0.0,0.0,0.0,0.0,0.0,0.0,0,0,0
1756703322,586,0.03,0.0,0.0,0.0,0.0,0.0,0.0,0.0,0,0,0
1756703322,587,0.05,0.0,0.0,0.0,0.0,0.0,0.0,0.0,0,0,0
1756703322,588,-0.01,0.0,-0.02,0.0,0.0,0.0,0.0,0.0,0,0,0
1756703322,589,0.0,0.0,0.0,0.0,0.0,0.0,0.0,0.0,0,0,0
1756703322,590,0.01,0.0,-0.05,0.0,0.0,0.0,0.0,0.0,0,0,0
1756703322,591,0.0,0.0,-0.01,0.0,0.0,0.0,0.0,0.0,0,0,0
1756703322,592,0.01,0.0,-0.02,0.0,0.0,0.0,0.0,0.0,0,0,0
1756703322,593,-0.03,0.0,0.0,0.0,0.0,0.0,0.0,0.0,0,0,0
1756703322,594,0.01,0.0,0.01,0.0,0.0,0.0,0.0,0.0,0,0,0
1756703322,595,-0.02,0.0,-0.02,0.0,0.0,0.0,0.0,0.0,0,0,0
1756703322,596,0.0,0.0,0.02,0.0,0.0,0.0,0.0,0.0,0,0,0
1756703322,597,0.03,0.0,0.0,0.0,0.0,0.0,0.0,0.0,0,0,0
1756703322,598,0.02,0.0,0.03,0.0,0.0,0.0,0.0,0.0,0,0,0
1756703322,599,0.07,0.0,-0.01,0.0,0.0,0.0,0.0,0.0,0,0,0
1756703322,600,0.0,0.0,-0.03,0.0,0.0,0.0,0.0,0.0,0,0,0
1756703322,601,0.0,0.0,0.0,0.0,0.0,0.0,0.0,0.0,0,0,0
1756703322,602,0.02,0.0,0.0,0.0,0.0,0.0,0.0,0.0,0,0,0
1756703322,603,0.02,0.0,0.0,0.0,0.0,0.0,0.0,0.0,0,0,0
1756703322,604,-0.01,0.0,0.0,0.0,0.0,0.0,0.0,0.0,0,0,0
1756703322,605,0.02,0.0,-0.03,0.0,0.0,0.0,0.0,0.0,0,0,0
1756703322,606,0.0,0.0,0.0,0.0,0.0,0.0,0.0,0.0,0,0,0
1756703322,607,-0.01,0.0,-0.01,0.0,0.0,0.0,0.0,0.0,0,0,0
1756703322,608,0.1,0.0,0.0,0.0,0.0,0.0,0.0,0.0,0,0,0
1756703322,609,0.0,0.0,0.0,0.0,0.0,0.0,0.0,0.0,0,0,0
1756703322,610,0.05,0.0,-0.01,0.0,0.0,0.0,0.0,0.0,0,0,0
1756703322,611,0.0,0.0,-0.05,0.0,0.0,0.0,0.0,0.0,0,0,0
1756703322,612,0.0,0.0,-0.01,0.0,0.0,0.0,0.0,0.0,0,0,0
1756703322,613,0.05,0.0,0.0,0.0,0.0,0.0,0.0,0.0,0,0,0
1756703322,614,0.0,0.0,0.0,0.0,0.0,0.0,0.0,0.0,0,0,0
1756703322,615,0.02,0.0,-0.03,0.0,0.0,0.0,0.0,0.0,0,0,0
1756703322,616,0.0,0.0,-0.03,0.0,0.0,0.0,0.0,0.0,0,0,0
1756703322,617,-0.02,0.0,0.0,0.0,0.0,0.0,0.0,0.0,0,0,0
1756703322,618,0.0,0.0,-0.02,0.0,0.0,0.0,0.0,0.0,0,0,0
1756703322,619,0.05,0.0,0.01,0.0,0.0,0.0,0.0,0.0,0,0,0
1756703322,620,0.02,0.0,0.0,0.0,0.0,0.0,0.0,0.0,0,0,0
1756703322,621,0.0,0.0,-0.07,0.0,0.0,0.0,0.0,0.0,0,0,0
1756703322,622,0.03,0.0,-0.01,0.0,0.0,0.0,0.0,0.0,0,0,0
1756703322,623,0.05,0.0,0.0,0.0,0.0,0.0,0.0,0.0,0,0,0
1756703322,624,0.05,0.0,-0.03,0.0,0.0,0.0,0.0,0.0,0,0,0
1756703322,625,0.0,0.0,-0.02,0.0,0.0,0.0,0.0,0.0,0,0,0
1756703322,626,0.0,0.0,0.0,0.0,0.0,0.0,0.0,0.0,0,0,0
1756703322,627,0.01,0.0,-0.01,0.0,0.0,0.0,0.0,0.0,0,0,0
1756703322,628,0.0,0.0,-0.05,0.0,0.0,0.0,0.0,0.0,0,0,0
1756703322,629,0.0,0.0,-0.02,0.0,0.0,0.0,0.0,0.0,0,0,0
1756703322,630,0.0,0.0,0.0,0.0,0.0,0.0,0.0,0.0,0,0,0
1756703322,631,0.02,0.0,0.0,0.0,0.0,0.0,0.0,0.0,0,0,0
1756703322,632,0.02,0.0,-0.02,0.0,0.0,0.0,0.0,0.0,0,0,0
1756703322,633,0.03,0.0,-0.02,0.0,0.0,0.0,0.0,0.0,0,0,0
1756703323,634,0.0,0.0,-0.02,0.0,0.0,0.0,0.0,0.0,0,0,0
1756703323,635,0.0,0.0,0.0,0.0,0.0,0.0,0.0,0.0,0,0,0
1756703323,636,0.0,0.0,-0.03,0.0,0.0,0.0,0.0,0.0,0,0,0
1756703323,637,0.05,0.0,0.0,0.0,0.0,0.0,0.0,0.0,0,0,0
1756703323,638,-0.03,0.0,0.0,0.0,0.0,0.0,0.0,0.0,0,0,0
1756703323,639,-0.01,0.0,-0.05,0.0,0.0,0.0,0.0,0.0,0,0,0
1756703323,640,0.0,0.0,-0.01,0.0,0.0,0.0,0.0,0.0,0,0,0
1756703323,641,0.05,0.0,-0.02,0.0,0.0,0.0,0.0,0.0,0,0,0
1756703323,642,0.03,0.0,-0.05,0.0,0.0,0.0,0.0,0.0,0,0,0
1756703323,643,0.0,0.0,-0.02,0.0,0.0,0.0,0.0,0.0,0,0,0
1756703323,644,-0.1,0.0,0.0,0.0,0.0,0.0,0.0,0.0,0,0,0
1756703323,645,-0.03,0.0,-0.1,0.0,0.0,0.0,0.0,0.0,0,0,0
1756703323,646,0.01,0.0,0.0,0.0,0.0,0.0,0.0,0.0,0,0,0
1756703323,647,0.01,0.0,0.0,0.0,0.0,0.0,0.0,0.0,0,0,0
1756703323,648,0.0,0.0,0.0,0.0,0.0,0.0,0.0,0.0,0,0,0
1756703323,649,0.05,0.0,-0.02,0.0,0.0,0.0,0.0,0.0,0,0,0
1756703323,650,0.01,0.0,0.0,0.0,0.0,0.0,0.0,0.0,0,0,0
1756703323,651,0.0,0.0,0.0,0.0,0.0,0.0,0.0,0.0,0,0,0
1756703323,652,0.0,0.0,0.01,0.0,0.0,0.0,0.0,0.0,0,0,0
1756703323,653,-0.02,0.0,0.0,0.0,0.0,0.0,0.0,0.0,0,0,0
1756703323,654,0.0,0.0,0.0,0.0,0.0,0.0,0.0,0.0,0,0,0
1756703323,655,0.0,0.0,0.05,0.0,0.0,0.0,0.0,0.0,0,0,0
1756703323,656,0.05,0.0,-0.01,0.0,0.0,0.0,0.0,0.0,0,0,0
1756703323,657,0.03,0.0,0.0,0.0,0.0,0.0,0.0,0.0,0,0,0
1756703323,658,0.01,0.0,0.0,0.0,0.0,0.0,0.0,0.0,0,0,0
1756703323,659,0.09,0.0,0.01,0.0,0.0,0.0,0.0,0.0,0,0,0
1756703323,660,0.01,0.0,-0.01,0.0,0.0,0.0,0.0,0.0,0,0,0
1756703323,661,0.09,0.0,0.0,0.0,0.0,0.0,0.0,0.0,0,0,0
1756703323,662,0.09,0.0,0.0,0.0,0.0,0.0,0.0,0.0,0,0,0
1756703323,663,0.02,0.0,0.0,0.0,0.0,0.0,0.0,0.0,0,0,0
1756703323,664,0.05,0.0,0.0,0.0,0.0,0.0,0.0,0.0,0,0,0
1756703323,665,0.0,0.0,-0.05,0.0,0.0,0.0,0.0,0.0,0,0,0
1756703323,666,0.0,0.0,-0.03,0.0,0.0,0.0,0.0,0.0,0,0,0
1756703323,667,0.07,0.0,-0.03,0.0,0.0,0.0,0.0,0.0,0,0,0
1756703323,668,0.03,0.0,0.0,0.0,0.0,0.0,0.0,0.0,0,0,0
1756703323,669,0.0,0.0,-0.01,0.0,0.0,0.0,0.0,0.0,0,0,0
1756703323,670,0.0,0.0,0.0,0.0,0.0,0.0,0.0,0.0,0,0,0
1756703323,671,0.0,0.0,-0.02,0.0,0.0,0.0,0.0,0.0,0,0,0
1756703323,672,-0.05,0.0,0.0,0.0,0.0,0.0,0.0,0.0,0,0,0
1756703323,673,-0.03,0.0,0.0,0.0,0.0,0.0,0.0,0.0,0,0,0
1756703323,674,0.0,0.0,0.0,0.0,0.0,0.0,0.0,0.0,0,0,0
1756703323,675,0.0,0.0,-0.02,0.0,0.0,0.0,0.0,0.0,0,0,0
1756703323,676,0.0,0.0,-0.02,0.0,0.0,0.0,0.0,0.0,0,0,0
1756703323,677,0.0,0.0,-0.02,0.0,0.0,0.0,0.0,0.0,0,0,0
1756703323,678,0.0,0.0,-0.03,0.0,0.0,0.0,0.0,0.0,0,0,0
1756703323,679,0.03,0.0,0.0,0.0,0.0,0.0,0.0,0.0,0,0,0
1756703323,680,0.0,0.0,-0.05,0.0,0.0,0.0,0.0,0.0,0,0,0
1756703323,681,0.0,0.0,-0.01,0.0,0.0,0.0,0.0,0.0,0,0,0
1756703323,682,0.02,0.0,-0.01,0.0,0.0,0.0,0.0,0.0,0,0,0
1756703323,683,0.0,0.0,0.0,0.0,0.0,0.0,0.0,0.0,0,0,0
1756703323,684,0.05,0.0,0.01,0.0,0.0,0.0,0.0,0.0,0,0,0
1756703323,685,0.01,0.0,0.0,0.0,0.0,0.0,0.0,0.0,0,0,0
1756703323,686,0.05,0.0,0.01,0.0,0.0,0.0,0.0,0.0,0,0,0
1756703323,687,-0.01,0.0,-0.03,0.0,0.0,0.0,0.0,0.0,0,0,0
1756703323,688,0.07,0.0,0.0,0.0,0.0,0.0,0.0,0.0,0,0,0
1756703323,689,0.02,0.0,-0.01,0.0,0.0,0.0,0.0,0.0,0,0,0
1756703323,690,0.0,0.0,0.0,0.0,0.0,0.0,0.0,0.0,0,0,0
1756703323,691,0.02,0.0,-0.07,0.0,0.0,0.0,0.0,0.0,0,0,0
1756703323,692,-0.02,0.0,0.01,0.0,0.0,0.0,0.0,0.0,0,0,0
1756703323,693,-0.02,0.0,-0.05,0.0,0.0,0.0,0.0,0.0,0,0,0
1756703323,694,0.0,0.0,0.03,0.0,0.0,0.0,0.0,0.0,0,0,0
1756703323,695,-0.05,0.0,0.0,0.0,0.0,0.0,0.0,0.0,0,0,0
1756703323,696,0.03,0.0,-0.02,0.0,0.0,0.0,0.0,0.0,0,0,0
1756703323,697,0.02,0.0,0.0,0.0,0.0,0.0,0.0,0.0,0,0,0
1756703323,698,0.0,0.0,0.0,0.0,0.0,0.0,0.0,0.0,0,0,0
1756703323,699,0.0,0.0,0.0,0.0,0.0,0.0,0.0,0.0,0,0,0
1756703323,700,0.0,0.0,0.0,0.0,0.0,0.0,0.0,0.0,0,0,0
1756703324,701,0.02,0.0,-0.01,0.0,0.0,0.0,0.0,0.0,0,0,0
1756703324,702,0.05,0.0,0.11,0.0,0.0,0.0,0.0,0.0,0,0,0
1756703324,703,-0.05,0.0,0.0,0.0,0.0,0.0,0.0,0.0,0,0,0
1756703324,704,0.02,0.0,0.0,0.0,0.0,0.0,0.0,0.0,0,0,0
1756703324,705,0.0,0.0,0.0,0.0,0.0,0.0,0.0,0.0,0,0,0
1756703324,706,0.03,0.0,-0.05,0.0,0.0,0.0,0.0,0.0,0,0,0
1756703324,707,0.02,0.0,0.0,0.0,0.0,0.0,0.0,0.0,0,0,0
1756703324,708,0.0,0.0,-0.02,0.0,0.0,0.0,0.0,0.0,0,0,0
1756703324,709,-0.02,0.0,-0.01,0.0,0.0,0.0,0.0,0.0,0,0,0
1756703324,710,0.03,0.0,-0.01,0.0,0.0,0.0,0.0,0.0,0,0,0
1756703324,711,0.0,0.0,-0.01,0.0,0.0,0.0,0.0,0.0,0,0,0
1756703324,712,0.02,0.0,-0.05,0.0,0.0,0.0,0.0,0.0,0,0,0
1756703324,713,0.05,0.0,-0.07,0.0,0.0,0.0,0.0,0.0,0,0,0
1756703324,714,0.12,0.0,-0.05,0.0,0.0,0.0,0.0,0.0,0,0,0
1756703324,715,0.05,0.0,-0.07,0.0,0.0,0.0,0.0,0.0,0,0,0
1756703324,716,-0.03,0.0,-0.05,0.0,0.0,0.0,0.0,0.0,0,0,0
1756703324,717,0.0,0.0,-0.05,0.0,0.0,0.0,0.0,0.0,0,0,0
1756703324,718,0.05,0.0,-0.07,0.0,0.0,0.0,0.0,0.0,0,0,0
1756703324,719,-0.07,0.0,-0.02,0.0,0.0,0.0,0.0,0.0,0,0,0
1756703324,720,0.0,0.0,-0.01,0.0,0.0,0.0,0.0,0.0,0,0,0
1756703324,721,-0.02,0.0,-0.05,0.0,0.0,0.0,0.0,0.0,0,0,0
1756703324,722,0.07,0.0,-0.05,0.0,0.0,0.0,0.0,0.0,0,0,0
1756703324,723,-0.01,0.0,-0.05,0.0,0.0,0.0,0.0,0.0,0,0,0
1756703324,724,0.03,0.0,-0.02,0.0,0.0,0.0,0.0,0.0,0,0,0
1756703324,725,0.1,0.0,-0.05,0.0,0.0,0.0,0.0,0.0,0,0,0
1756703324,726,0.07,0.0,-0.03,0.0,0.0,0.0,0.0,0.0,0,0,0
1756703324,727,0.05,0.0,-0.07,0.0,0.0,0.0,0.0,0.0,0,0,0
1756703324,728,0.05,0.0,-0.02,0.0,0.0,0.0,0.0,0.0,0,0,0
1756703324,729,0.07,0.0,-0.05,0.0,0.0,0.0,0.0,0.0,0,0,0
1756703324,730,0.0,0.0,-0.01,0.0,0.0,0.0,0.0,0.0,0,0,0
1756703324,731,0.03,0.0,-0.02,0.0,0.0,0.0,0.0,0.0,0,0,0
1756703324,732,0.02,0.0,0.0,0.0,0.0,0.0,0.0,0.0,0,0,0
1756703324,733,0.03,0.0,-0.07,0.0,0.0,0.0,0.0,0.0,0,0,0
1756703324,734,0.0,0.0,0.0,0.0,0.0,0.0,0.0,0.0,0,0,0
1756703324,735,-0.05,0.0,0.0,0.0,0.0,0.0,0.0,0.0,0,0,0
1756703324,736,0.0,0.0,-0.01,0.0,0.0,0.0,0.0,0.0,0,0,0
1756703324,737,-0.12,0.0,0.0,0.0,0.0,0.0,0.0,0.0,0,0,0
1756703324,738,-0.25,0.0,-0.01,0.0,0.0,0.0,0.0,0.0,0,0,0
1756703324,739,-0.18,0.0,0.0,0.0,0.0,0.0,0.0,0.0,0,0,0
1756703324,740,-0.25,0.0,-0.01,0.0,0.0,0.0,0.0,0.0,0,0,0
1756703324,741,-0.18,0.0,-0.05,0.0,0.0,0.0,0.0,0.0,0,0,0
1756703324,742,-0.23,0.0,-0.01,0.0,0.0,0.0,0.0,0.0,0,0,0
1756703324,743,-0.21,0.0,-0.05,0.0,0.0,0.0,0.0,0.0,0,0,0
1756703324,744,-0.28,0.0,-0.03,0.0,0.0,0.0,0.0,0.0,0,0,0
1756703324,745,-0.27,0.0,-0.02,0.0,0.0,0.0,0.0,0.0,0,0,0
1756703324,746,-0.34,0.0,-0.05,0.0,0.0,0.0,0.0,0.0,0,0,0
1756703324,747,-0.18,0.0,0.0,0.0,0.0,0.0,0.0,0.0,0,0,0
1756703324,748,-0.31,0.0,-0.05,0.0,0.0,0.0,0.0,0.0,0,0,0
1756703324,749,-0.27,0.0,0.0,0.0,0.0,0.0,0.0,0.0,0,0,0
1756703324,750,-0.34,0.0,-0.1,0.0,0.0,0.0,0.0,0.0,0,0,0
1756703324,751,-0.27,0.0,-0.05,0.0,0.0,0.0,0.0,0.0,0,0,0
1756703324,752,-0.2,0.0,-0.02,0.0,0.0,0.0,0.0,0.0,0,0,0
1756703324,753,-0.2,0.0,-0.05,0.0,0.0,0.0,0.0,0.0,0,0,0
1756703324,754,-0.2,0.0,-0.01,0.0,0.0,0.0,0.0,0.0,0,0,0
1756703324,755,-0.15,0.0,-0.03,0.0,0.0,0.0,0.0,0.0,0,0,0
1756703324,756,-0.2,0.0,-0.03,0.0,0.0,0.0,0.0,0.0,0,0,0
1756703324,757,-0.12,0.0,-0.05,0.0,0.0,0.0,0.0,0.0,0,0,0
1756703324,758,-0.07,0.0,-0.05,0.0,0.0,0.0,0.0,0.0,0,0,0
1756703324,759,-0.15,0.0,-0.05,0.0,0.0,0.0,0.0,0.0,0,0,0
1756703324,760,-0.03,0.0,-0.02,0.0,0.0,0.0,0.0,0.0,0,0,0
1756703324,761,-0.09,0.0,-0.05,0.0,0.0,0.0,0.0,0.0,0,0,0
1756703324,762,-0.1,0.0,-0.1,0.0,0.0,0.0,0.0,0.0,0,0,0
1756703324,763,-0.1,0.0,-0.05,0.0,0.0,0.0,0.0,0.0,0,0,0
1756703324,764,-0.09,0.0,-0.1,0.0,0.0,0.0,0.0,0.0,0,0,0
1756703324,765,-0.03,0.0,-0.03,0.0,0.0,0.0,0.0,0.0,0,0,0
1756703324,766,-0.05,0.0,-0.05,0.0,0.0,0.0,0.0,0.0,0,0,0
1756703325,767,-0.01,0.0,-0.07,0.0,0.0,0.0,0.0,0.0,0,0,0
1756703325,768,-0.02,0.0,0.0,0.0,0.0,0.0,0.0,0.0,0,0,0
1756703325,769,0.0,0.0,-0.05,0.0,0.0,0.0,0.0,0.0,0,0,0
1756703325,770,0.02,0.0,-0.03,0.0,0.0,0.0,0.0,0.0,0,0,0
1756703325,771,0.05,0.0,-0.03,0.0,0.0,0.0,0.0,0.0,0,0,0
1756703325,772,0.03,0.0,-0.07,0.0,0.0,0.0,0.0,0.0,0,0,0
1756703325,773,0.03,0.0,-0.01,0.0,0.0,0.0,0.0,0.0,0,0,0
1756703325,774,0.02,0.0,-0.07,0.0,0.0,0.0,0.0,0.0,0,0,0
1756703325,775,0.07,0.0,-0.03,0.0,0.0,0.0,0.0,0.0,0,0,0
1756703325,776,0.07,0.0,-0.05,0.0,0.0,0.0,0.0,0.0,0,0,0
1756703325,777,0.05,0.0,-0.05,0.0,0.0,0.0,0.0,0.0,0,0,0
1756703325,778,0.1,0.0,-0.11,0.0,0.0,0.0,0.0,0.0,0,0,0
1756703325,779,0.09,0.0,-0.01,0.0,0.0,0.0,0.0,0.0,0,0,0
1756703325,780,0.15,0.0,0.0,0.0,0.0,0.0,0.0,0.0,0,0,0
1756703325,781,0.12,0.0,-0.02,0.0,0.0,0.0,0.0,0.0,0,0,0
1756703325,782,0.17,0.0,0.0,0.0,0.0,0.0,0.0,0.0,0,0,0
1756703325,783,0.15,0.0,-0.02,0.0,0.0,0.0,0.0,0.0,0,0,0
1756703325,784,0.09,0.0,0.0,0.0,0.0,0.0,0.0,0.0,0,0,0
1756703325,785,0.12,0.0,-0.07,0.0,0.0,0.0,0.0,0.0,0,0,0
1756703325,786,0.17,0.0,-0.05,0.0,0.0,0.0,0.0,0.0,0,0,0
1756703325,787,0.2,0.0,0.0,0.0,0.0,0.0,0.0,0.0,0,0,0
1756703325,788,0.18,0.0,0.0,0.0,0.0,0.0,0.0,0.0,0,0,0
1756703325,789,0.23,0.0,-0.02,0.0,0.0,0.0,0.0,0.0,0,0,0
1756703325,790,0.21,0.0,0.0,0.0,0.0,0.0,0.0,0.0,0,0,0
1756703325,791,0.18,0.0,0.03,0.0,0.0,0.0,0.0,0.0,0,0,0
1756703325,792,0.18,0.0,0.0,0.0,0.0,0.0,0.0,0.0,0,0,0
1756703325,793,0.2,0.0,0.0,0.0,0.0,0.0,0.0,0.0,0,0,0
1756703325,794,0.18,0.0,0.0,0.0,0.0,0.0,0.0,0.0,0,0,0
1756703325,795,0.2,0.0,0.0,0.0,0.0,0.0,0.0,0.0,0,0,0
1756703325,796,0.23,0.0,0.02,0.0,0.0,0.0,0.0,0.0,0,0,0
1756703325,797,0.21,0.0,0.0,0.0,0.0,0.0,0.0,0.0,0,0,0
1756703325,798,0.25,0.0,-0.01,0.0,0.0,0.0,0.0,0.0,0,0,0
1756703325,799,0.21,0.0,-0.07,0.0,0.0,0.0,0.0,0.0,0,0,0
1756703325,800,0.18,0.0,-0.01,0.0,0.0,0.0,0.0,0.0,0,0,0
1756703325,801,0.17,0.0,0.0,0.0,0.0,0.0,0.0,0.0,0,0,0
1756703325,802,0.18,0.0,0.0,0.0,0.0,0.0,0.0,0.0,0,0,0
1756703325,803,0.11,0.0,0.0,0.0,0.0,0.0,0.0,0.0,0,0,0
1756703325,804,0.21,0.0,0.02,0.0,0.0,0.0,0.0,0.0,0,0,0
1756703325,805,0.15,0.0,0.0,0.0,0.0,0.0,0.0,0.0,0,0,0
1756703325,806,0.18,0.0,-0.05,0.0,0.0,0.0,0.0,0.0,0,0,0
1756703325,807,0.18,0.0,0.0,0.0,0.0,0.0,0.0,0.0,0,0,0
1756703325,808,0.15,0.0,0.0,0.0,0.0,0.0,0.0,0.0,0,0,0
1756703325,809,0.1,0.0,0.02,0.0,0.0,0.0,0.0,0.0,0,0,0
1756703325,810,0.15,0.0,-0.02,0.0,0.0,0.0,0.0,0.0,0,0,0
1756703325,811,0.1,0.0,0.0,0.0,0.0,0.0,0.0,0.0,0,0,0
1756703325,812,0.05,0.0,0.0,0.0,0.0,0.0,0.0,0.0,0,0,0
1756703325,813,0.1,0.0,0.0,0.0,0.0,0.0,0.0,0.0,0,0,0
1756703325,814,0.05,0.0,0.01,0.0,0.0,0.0,0.0,0.0,0,0,0
1756703325,815,0.1,0.0,0.0,0.0,0.0,0.0,0.0,0.0,0,0,0
1756703325,816,0.1,0.0,0.0,0.0,0.0,0.0,0.0,0.0,0,0,0
1756703325,817,0.03,0.0,0.0,0.0,0.0,0.0,0.0,0.0,0,0,0
1756703325,818,-0.02,0.0,0.0,0.0,0.0,0.0,0.0,0.0,0,0,0
1756703325,819,0.07,0.0,0.0,0.0,0.0,0.0,0.0,0.0,0,0,0
1756703325,820,0.05,0.0,0.0,0.0,0.0,0.0,0.0,0.0,0,0,0
1756703325,821,0.05,0.0,0.0,0.0,0.0,0.0,0.0,0.0,0,0,0
1756703325,822,0.07,0.0,0.0,0.0,0.0,0.0,0.0,0.0,0,0,0
1756703325,823,0.07,0.0,0.0,0.0,0.0,0.0,0.0,0.0,0,0,0
1756703325,824,0.03,0.0,0.0,0.0,0.0,0.0,0.0,0.0,0,0,0
1756703325,825,0.03,0.0,-0.01,0.0,0.0,0.0,0.0,0.0,0,0,0
1756703325,826,0.0,0.0,-0.01,0.0,0.0,0.0,0.0,0.0,0,0,0
1756703325,827,0.0,0.0,-0.09,0.0,0.0,0.0,0.0,0.0,0,0,0
1756703325,828,0.01,0.0,0.0,0.0,0.0,0.0,0.0,0.0,0,0,0
1756703325,829,-0.01,0.0,-0.01,0.0,0.0,0.0,0.0,0.0,0,0,0
1756703325,830,0.01,0.0,0.0,0.0,0.0,0.0,0.0,0.0,0,0,0
1756703326,831,0.0,0.0,0.03,0.0,0.0,0.0,0.0,0.0,0,0,0
1756703326,832,-0.02,0.0,-0.01,0.0,0.0,0.0,0.0,0.0,0,0,0
1756703326,833,-0.02,0.0,0.0,0.0,0.0,0.0,0.0,0.0,0,0,0
1756703326,834,0.0,0.0,-0.1,0.0,0.0,0.0,0.0,0.0,0,0,0
1756703326,835,0.05,0.0,0.0,0.0,0.0,0.0,0.0,0.0,0,0,0
1756703326,836,0.07,0.0,0.0,0.0,0.0,0.0,0.0,0.0,0,0,0
1756703326,837,0.0,0.0,-0.05,0.0,0.0,0.0,0.0,0.0,0,0,0
1756703326,838,-0.01,0.0,-0.02,0.0,0.0,0.0,0.0,0.0,0,0,0
1756703326,839,-0.01,0.0,0.0,0.0,0.0,0.0,0.0,0.0,0,0,0
1756703326,840,-0.11,0.0,-0.01,0.0,0.0,0.0,0.0,0.0,0,0,0
1756703326,841,0.0,0.0,0.0,0.0,0.0,0.0,0.0,0.0,0,0,0
1756703326,842,-0.05,0.0,0.01,0.0,0.0,0.0,0.0,0.0,0,0,0
1756703326,843,0.0,0.0,0.0,0.0,0.0,0.0,0.0,0.0,0,0,0
1756703326,844,-0.05,0.0,-0.01,0.0,0.0,0.0,0.0,0.0,0,0,0
1756703326,845,-0.03,0.0,0.0,0.0,0.0,0.0,0.0,0.0,0,0,0
1756703326,846,-0.03,0.0,-0.03,0.0,0.0,0.0,0.0,0.0,0,0,0
1756703326,847,-0.05,0.0,0.0,0.0,0.0,0.0,0.0,0.0,0,0,0
1756703326,848,-0.03,0.0,-0.07,0.0,0.0,0.0,0.0,0.0,0,0,0
1756703326,849,-0.05,0.0,-0.05,0.0,0.0,0.0,0.0,0.0,0,0,0
1756703326,850,0.0,0.0,0.0,0.0,0.0,0.0,0.0,0.0,0,0,0
1756703326,851,-0.07,0.0,0.03,0.0,0.0,0.0,0.0,0.0,0,0,0
1756703326,852,-0.03,0.0,0.0,0.0,0.0,0.0,0.0,0.0,0,0,0
1756703326,853,0.0,0.0,-0.01,0.0,0.0,0.0,0.0,0.0,0,0,0
1756703326,854,0.0,0.0,-0.01,0.0,0.0,0.0,0.0,0.0,0,0,0
1756703326,855,0.0,0.0,0.0,0.0,0.0,0.0,0.0,0.0,0,0,0
1756703326,856,0.0,0.0,-0.05,0.0,0.0,0.0,0.0,0.0,0,0,0
1756703326,857,-0.05,0.0,-0.03,0.0,0.0,0.0,0.0,0.0,0,0,0
1756703326,858,-0.01,0.0,0.0,0.0,0.0,0.0,0.0,0.0,0,0,0
1756703326,859,-0.05,0.0,0.0,0.0,0.0,0.0,0.0,0.0,0,0,0
1756703326,860,-0.09,0.0,-0.05,0.0,0.0,0.0,0.0,0.0,0,0,0
1756703326,861,-0.05,0.0,0.0,0.0,0.0,0.0,0.0,0.0,0,0,0
1756703326,862,0.0,0.0,-0.01,0.0,0.0,0.0,0.0,0.0,0,0,0
1756703326,863,0.0,0.0,-0.01,0.0,0.0,0.0,0.0,0.0,0,0,0
1756703326,864,0.03,0.0,0.02,0.0,0.0,0.0,0.0,0.0,0,0,0
1756703326,865,0.01,0.0,-0.05,0.0,0.0,0.0,0.0,0.0,0,0,0
1756703326,866,0.0,0.0,0.0,0.0,0.0,0.0,0.0,0.0,0,0,0
1756703326,867,0.0,0.0,0.0,0.0,0.0,0.0,0.0,0.0,0,0,0
1756703326,868,0.0,0.0,-0.02,0.0,0.0,0.0,0.0,0.0,0,0,0
1756703326,869,0.0,0.0,0.0,0.0,0.0,0.0,0.0,0.0,0,0,0
1756703326,870,0.0,0.0,-0.01,0.0,0.0,0.0,0.0,0.0,0,0,0
1756703326,871,0.03,0.0,-0.02,0.0,0.0,0.0,0.0,0.0,0,0,0
1756703326,872,0.0,0.0,-0.03,0.0,0.0,0.0,0.0,0.0,0,0,0
1756703326,873,0.0,0.0,-0.07,0.0,0.0,0.0,0.0,0.0,0,0,0
1756703326,874,0.05,0.0,-0.07,0.0,0.0,0.0,0.0,0.0,0,0,0
1756703326,875,0.03,0.0,0.01,0.0,0.0,0.0,0.0,0.0,0,0,0
1756703326,876,0.05,0.0,-0.09,0.0,0.0,0.0,0.0,0.0,0,0,0
1756703326,877,0.0,0.0,-0.01,0.0,0.0,0.0,0.0,0.0,0,0,0
1756703326,878,0.0,0.0,-0.03,0.0,0.0,0.0,0.0,0.0,0,0,0
1756703326,879,0.0,0.0,0.0,0.0,0.0,0.0,0.0,0.0,0,0,0
1756703326,880,0.05,0.0,-0.01,0.0,0.0,0.0,0.0,0.0,0,0,0
1756703326,881,0.09,0.0,-0.05,0.0,0.0,0.0,0.0,0.0,0,0,0
1756703326,882,0.0,0.0,-0.05,0.0,0.0,0.0,0.0,0.0,0,0,0
1756703326,883,-0.01,0.0,-0.02,0.0,0.0,0.0,0.0,0.0,0,0,0
1756703326,884,0.01,0.0,0.0,0.0,0.0,0.0,0.0,0.0,0,0,0
1756703326,885,0.0,0.0,-0.01,0.0,0.0,0.0,0.0,0.0,0,0,0
1756703326,886,0.05,0.0,-0.01,0.0,0.0,0.0,0.0,0.0,0,0,0
1756703326,887,0.05,0.0,-0.02,0.0,0.0,0.0,0.0,0.0,0,0,0
1756703326,888,0.02,0.0,0.0,0.0,0.0,0.0,0.0,0.0,0,0,0
1756703326,889,0.01,0.0,-0.01,0.0,0.0,0.0,0.0,0.0,0,0,0
1756703326,890,0.02,0.0,-0.05,0.0,0.0,0.0,0.0,0.0,0,0,0
1756703326,891,0.05,0.0,-0.05,0.0,0.0,0.0,0.0,0.0,0,0,0
1756703326,892,0.01,0.0,-0.03,0.0,0.0,0.0,0.0,0.0,0,0,0
1756703326,893,0.07,0.0,-0.01,0.0,0.0,0.0,0.0,0.0,0,0,0
1756703326,894,0.02,0.0,0.07,0.0,0.0,0.0,0.0,0.0,0,0,0
1756703326,895,0.02,0.0,0.0,0.0,0.0,0.0,0.0,0.0,0,0,0
1756703327,896,0.02,0.0,0.0,0.0,0.0,0.0,0.0,0.0,0,0,0
1756703327,897,0.0,0.0,-0.03,0.0,0.0,0.0,0.0,0.0,0,0,0
1756703327,898,0.07,0.0,-0.02,0.0,0.0,0.0,0.0,0.0,0,0,0
1756703327,899,0.0,0.0,0.0,0.0,0.0,0.0,0.0,0.0,0,0,0
1756703327,900,0.02,0.0,-0.14,0.0,0.0,0.0,0.0,0.0,0,0,0
1756703327,901,0.07,0.0,-0.05,0.0,0.0,0.0,0.0,0.0,0,0,0
1756703327,902,0.03,0.0,0.0,0.0,0.0,0.0,0.0,0.0,0,0,0
1756703327,903,0.02,0.0,0.0,0.0,0.0,0.0,0.0,0.0,0,0,0
1756703327,904,0.02,0.0,0.0,0.0,0.0,0.0,0.0,0.0,0,0,0
1756703327,905,-0.01,0.0,-0.05,0.0,0.0,0.0,0.0,0.0,0,0,0
1756703327,906,0.0,0.0,-0.01,0.0,0.0,0.0,0.0,0.0,0,0,0
1756703327,907,0.0,0.0,0.0,0.0,0.0,0.0,0.0,0.0,0,0,0
1756703327,908,0.0,0.0,0.0,0.0,0.0,0.0,0.0,0.0,0,0,0
1756703327,909,0.0,0.0,0.0,0.0,0.0,0.0,0.0,0.0,0,0,0
1756703327,910,0.02,0.0,-0.09,0.0,0.0,0.0,0.0,0.0,0,0,0
1756703327,911,0.0,0.0,-0.07,0.0,0.0,0.0,0.0,0.0,0,0,0
1756703327,912,0.02,0.0,-0.01,0.0,0.0,0.0,0.0,0.0,0,0,0
1756703327,913,0.1,0.0,0.0,0.0,0.0,0.0,0.0,0.0,0,0,0
1756703327,914,0.01,0.0,-0.01,0.0,0.0,0.0,0.0,0.0,0,0,0
1756703327,915,0.03,0.0,0.0,0.0,0.0,0.0,0.0,0.0,0,0,0
1756703327,916,0.01,0.0,-0.03,0.0,0.0,0.0,0.0,0.0,0,0,0
1756703327,917,0.09,0.0,-0.01,0.0,0.0,0.0,0.0,0.0,0,0,0
1756703327,918,0.0,0.0,-0.07,0.0,0.0,0.0,0.0,0.0,0,0,0
1756703327,919,0.02,0.0,0.0,0.0,0.0,0.0,0.0,0.0,0,0,0
1756703327,920,0.03,0.0,0.0,0.0,0.0,0.0,0.0,0.0,0,0,0
1756703327,921,0.01,0.0,0.0,0.0,0.0,0.0,0.0,0.0,0,0,0
1756703327,922,0.09,0.0,0.02,0.0,0.0,0.0,0.0,0.0,0,0,0
1756703327,923,0.01,0.0,0.0,0.0,0.0,0.0,0.0,0.0,0,0,0
1756703327,924,0.03,0.0,0.0,0.0,0.0,0.0,0.0,0.0,0,0,0
1756703327,925,0.05,0.0,0.0,0.0,0.0,0.0,0.0,0.0,0,0,0
1756703327,926,0.05,0.0,0.0,0.0,0.0,0.0,0.0,0.0,0,0,0
1756703327,927,0.03,0.0,0.0,0.0,0.0,0.0,0.0,0.0,0,0,0
1756703327,928,0.05,0.0,-0.05,0.0,0.0,0.0,0.0,0.0,0,0,0
1756703327,929,0.05,0.0,-0.05,0.0,0.0,0.0,0.0,0.0,0,0,0
1756703327,930,0.05,0.0,-0.02,0.0,0.0,0.0,0.0,0.0,0,0,0
1756703327,931,0.03,0.0,-0.02,0.0,0.0,0.0,0.0,0.0,0,0,0
1756703327,932,0.03,0.0,-0.1,0.0,0.0,0.0,0.0,0.0,0,0,0
1756703327,933,-0.01,0.0,0.0,0.0,0.0,0.0,0.0,0.0,0,0,0
1756703327,934,0.03,0.0,-0.01,0.0,0.0,0.0,0.0,0.0,0,0,0
1756703327,935,0.03,0.0,0.0,0.0,0.0,0.0,0.0,0.0,0,0,0
1756703327,936,0.02,0.0,-0.07,0.0,0.0,0.0,0.0,0.0,0,0,0
1756703327,937,0.03,0.0,0.0,0.0,0.0,0.0,0.0,0.0,0,0,0
1756703327,938,0.0,0.0,-0.02,0.0,0.0,0.0,0.0,0.0,0,0,0
1756703327,939,0.0,0.0,-0.03,0.0,0.0,0.0,0.0,0.0,0,0,0
1756703327,940,0.09,0.0,0.0,0.0,0.0,0.0,0.0,0.0,0,0,0
1756703327,941,0.02,0.0,-0.05,0.0,0.0,0.0,0.0,0.0,0,0,0
1756703327,942,0.0,0.0,0.01,0.0,0.0,0.0,0.0,0.0,0,0,0
1756703327,943,0.01,0.0,-0.01,0.0,0.0,0.0,0.0,0.0,0,0,0
1756703327,944,0.07,0.0,0.0,0.0,0.0,0.0,0.0,0.0,0,0,0
1756703327,945,0.02,0.0,-0.03,0.0,0.0,0.0,0.0,0.0,0,0,0
1756703327,946,0.05,0.0,0.0,0.0,0.0,0.0,0.0,0.0,0,0,0
1756703327,947,0.01,0.0,-0.02,0.0,0.0,0.0,0.0,0.0,0,0,0
1756703327,948,0.0,0.0,-0.02,0.0,0.0,0.0,0.0,0.0,0,0,0
1756703327,949,0.05,0.0,-0.01,0.0,0.0,0.0,0.0,0.0,0,0,0
1756703327,950,0.01,0.0,-0.07,0.0,0.0,0.0,0.0,0.0,0,0,0
1756703327,951,0.02,0.0,0.0,0.0,0.0,0.0,0.0,0.0,0,0,0
1756703327,952,0.07,0.0,0.0,0.0,0.0,0.0,0.0,0.0,0,0,0
1756703327,953,0.0,0.0,0.0,0.0,0.0,0.0,0.0,0.0,0,0,0
1756703327,954,0.05,0.0,0.0,0.0,0.0,0.0,0.0,0.0,0,0,0
1756703327,955,0.0,0.0,0.0,0.0,0.0,0.0,0.0,0.0,0,0,0
1756703327,956,0.07,0.0,0.0,0.0,0.0,0.0,0.0,0.0,0,0,0
1756703327,957,0.02,0.0,-0.01,0.0,0.0,0.0,0.0,0.0,0,0,0
1756703327,958,0.1,0.0,-0.02,0.0,0.0,0.0,0.0,0.0,0,0,0
1756703327,959,0.05,0.0,-0.02,0.0,0.0,0.0,0.0,0.0,0,0,0
1756703327,960,0.0,0.0,0.02,0.0,0.0,0.0,0.0,0.0,0,0,0
1756703327,961,0.0,0.0,-0.01,0.0,0.0,0.0,0.0,0.0,0,0,0
1756703327,962,0.02,0.0,-0.02,0.0,0.0,0.0,0.0,0.0,0,0,0
1756703327,963,0.0,0.0,-0.03,0.0,0.0,0.0,0.0,0.0,0,0,0
1756703327,964,-0.01,0.0,0.0,0.0,0.0,0.0,0.0,0.0,0,0,0
1756703328,965,0.01,0.0,0.0,0.0,0.0,0.0,0.0,0.0,0,0,0
1756703328,966,-0.03,0.0,0.0,0.0,0.0,0.0,0.0,0.0,0,0,0
1756703328,967,-0.03,0.0,0.0,0.0,0.0,0.0,0.0,0.0,0,0,0
1756703328,968,-0.05,0.0,-0.09,0.0,0.0,0.0,0.0,0.0,0,0,0
1756703328,969,-0.05,0.0,0.0,0.0,0.0,0.0,0.0,0.0,0,0,0
1756703328,970,-0.11,0.0,-0.01,0.0,0.0,0.0,0.0,0.0,0,0,0
1756703328,971,-0.14,0.0,-0.03,0.0,0.0,0.0,0.0,0.0,0,0,0
1756703328,972,-0.12,0.0,-0.05,0.0,0.0,0.0,0.0,0.0,0,0,0
1756703328,973,-0.17,0.0,-0.02,0.0,0.0,0.0,0.0,0.0,0,0,0
1756703328,974,-0.23,0.0,-0.02,0.0,0.0,0.0,0.0,0.0,0,0,0
1756703328,975,-0.2,0.0,-0.03,0.0,0.0,0.0,0.0,0.0,0,0,0
1756703328,976,-0.2,0.0,-0.05,0.0,0.0,0.0,0.0,0.0,0,0,0
1756703328,977,-0.2,0.0,-0.03,0.0,0.0,0.0,0.0,0.0,0,0,0
1756703328,978,-0.27,0.0,-0.02,0.0,0.0,0.0,0.0,0.0,0,0,0
1756703328,979,-0.25,0.0,-0.02,0.0,0.0,0.0,0.0,0.0,0,0,0
1756703328,980,-0.23,0.0,-0.03,0.0,0.0,0.0,0.0,0.0,0,0,0
1756703328,981,-0.28,0.0,-0.1,0.0,0.0,0.0,0.0,0.0,0,0,0
1756703328,982,-0.23,0.0,-0.05,0.0,0.0,0.0,0.0,0.0,0,0,0
1756703328,983,-0.2,0.0,-0.1,0.0,0.0,0.0,0.0,0.0,0,0,0
1756703328,984,-0.28,0.0,-0.07,0.0,0.0,0.0,0.0,0.0,0,0,0
1756703328,985,-0.34,0.0,-0.05,0.0,0.0,0.0,0.0,0.0,0,0,0
1756703328,986,-0.27,0.0,-0.1,0.0,0.0,0.0,0.0,0.0,0,0,0
1756703328,987,-0.21,0.0,-0.05,0.0,0.0,0.0,0.0,0.0,0,0,0
1756703328,988,-0.23,0.0,-0.02,0.0,0.0,0.0,0.0,0.0,0,0,0
1756703328,989,-0.21,0.0,-0.07,0.0,0.0,0.0,0.0,0.0,0,0,0
1756703328,990,-0.25,0.0,-0.07,0.0,0.0,0.0,0.0,0.0,0,0,0
1756703328,991,-0.18,0.0,-0.03,0.0,0.0,0.0,0.0,0.0,0,0,0
1756703328,992,-0.15,0.0,-0.03,0.0,0.0,0.0,0.0,0.0,0,0,0
1756703328,993,-0.14,0.0,-0.07,0.0,0.0,0.0,0.0,0.0,0,0,0
1756703328,994,-0.15,0.0,-0.05,0.0,0.0,0.0,0.0,0.0,0,0,0
1756703328,995,-0.15,0.0,-0.07,0.0,0.0,0.0,0.0,0.0,0,0,0
1756703328,996,-0.05,0.0,-0.07,0.0,0.0,0.0,0.0,0.0,0,0,0
1756703328,997,-0.11,0.0,-0.05,0.0,0.0,0.0,0.0,0.0,0,0,0
1756703328,998,-0.15,0.0,-0.1,0.0,0.0,0.0,0.0,0.0,0,0,0
1756703328,999,-0.02,0.0,-0.07,0.0,0.0,0.0,0.0,0.0,0,0,0
1756703328,1000,-0.09,0.0,-0.07,0.0,0.0,0.0,0.0,0.0,0,0,0
1756703328,1001,-0.03,0.0,-0.02,0.0,0.0,0.0,0.0,0.0,0,0,0
1756703328,1002,-0.12,0.0,-0.1,0.0,0.0,0.0,0.0,0.0,0,0,0
1756703328,1003,-0.09,0.0,-0.05,0.0,0.0,0.0,0.0,0.0,0,0,0
1756703328,1004,0.0,0.0,-0.17,0.0,0.0,0.0,0.0,0.0,0,0,0
1756703328,1005,-0.05,0.0,-0.1,0.0,0.0,0.0,0.0,0.0,0,0,0
1756703328,1006,-0.05,0.0,-0.11,0.0,0.0,0.0,0.0,0.0,0,0,0
1756703328,1007,-0.02,0.0,-0.15,0.0,0.0,0.0,0.0,0.0,0,0,0
1756703328,1008,0.01,0.0,-0.05,0.0,0.0,0.0,0.0,0.0,0,0,0
1756703328,1009,-0.05,0.0,-0.07,0.0,0.0,0.0,0.0,0.0,0,0,0
1756703328,1010,-0.03,0.0,-0.05,0.0,0.0,0.0,0.0,0.0,0,0,0
1756703328,1011,0.0,0.0,-0.05,0.0,0.0,0.0,0.0,0.0,0,0,0
1756703328,1012,-0.05,0.0,-0.01,0.0,0.0,0.0,0.0,0.0,0,0,0
1756703328,1013,-0.02,0.0,-0.07,0.0,0.0,0.0,0.0,0.0,0,0,0
1756703328,1014,0.07,0.0,-0.14,0.0,0.0,0.0,0.0,0.0,0,0,0
1756703328,1015,-0.05,0.0,-0.11,0.0,0.0,0.0,0.0,0.0,0,0,0
1756703328,1016,0.01,0.0,-0.21,0.0,0.0,0.0,0.0,0.0,0,0,0
1756703328,1017,0.01,0.0,-0.1,0.0,0.0,0.0,0.0,0.0,0,0,0
1756703328,1018,0.0,0.0,-0.1,0.0,0.0,0.0,0.0,0.0,0,0,0
1756703328,1019,0.0,0.0,-0.07,0.0,0.0,0.0,0.0,0.0,0,0,0
1756703328,1020,-0.01,0.0,-0.05,0.0,0.0,0.0,0.0,0.0,0,0,0
1756703328,1021,0.01,0.0,0.0,0.0,0.0,0.0,0.0,0.0,0,0,0
1756703328,1022,-0.01,0.0,0.0,0.0,0.0,0.0,0.0,0.0,0,0,0
1756703328,1023,0.0,0.0,0.05,0.0,0.0,0.0,0.0,0.0,0,0,0
1756703328,1024,0.0,0.0,0.0,0.0,0.0,0.0,0.0,0.0,0,0,0
1756703328,1025,-0.03,0.0,0.01,0.0,0.0,0.0,0.0,0.0,0,0,0
1756703328,1026,-0.02,0.0,-0.01,0.0,0.0,0.0,0.0,0.0,0,0,0
1756703328,1027,0.07,0.0,-0.05,0.0,0.0,0.0,0.0,0.0,0,0,0
1756703328,1028,-0.05,0.0,-0.05,0.0,0.0,0.0,0.0,0.0,0,0,0
1756703328,1029,-0.03,0.0,-0.01,0.0,0.0,0.0,0.0,0.0,0,0,0
1756703328,1030,0.05,0.0,-0.05,0.0,0.0,0.0,0.0,0.0,0,0,0
1756703328,1031,0.0,0.0,0.0,0.0,0.0,0.0,0.0,0.0,0,0,0
1756703329,1032,-0.05,0.0,0.01,0.0,0.0,0.0,0.0,0.0,0,0,0
1756703329,1033,0.0,0.0,-0.03,0.0,0.0,0.0,0.0,0.0,0,0,0
1756703329,1034,-0.02,0.0,0.0,0.0,0.0,0.0,0.0,0.0,0,0,0
1756703329,1035,-0.01,0.0,-0.05,0.0,0.0,0.0,0.0,0.0,0,0,0
1756703329,1036,0.0,0.0,-0.01,0.0,0.0,0.0,0.0,0.0,0,0,0
1756703329,1037,-0.03,0.0,-0.03,0.0,0.0,0.0,0.0,0.0,0,0,0
1756703329,1038,-0.03,0.0,0.0,0.0,0.0,0.0,0.0,0.0,0,0,0
1756703329,1039,0.0,0.0,-0.05,0.0,0.0,0.0,0.0,0.0,0,0,0
1756703329,1040,0.0,0.0,-0.01,0.0,0.0,0.0,0.0,0.0,0,0,0
1756703329,1041,0.01,0.0,-0.05,0.0,0.0,0.0,0.0,0.0,0,0,0
1756703329,1042,0.03,0.0,0.0,0.0,0.0,0.0,0.0,0.0,0,0,0
1756703329,1043,-0.14,0.0,-0.05,0.0,0.0,0.0,0.0,0.0,0,0,0
1756703329,1044,-0.01,0.0,-0.05,0.0,0.0,0.0,0.0,0.0,0,0,0
1756703329,1045,0.01,0.0,-0.1,0.0,0.0,0.0,0.0,0.0,0,0,0
1756703329,1046,0.01,0.0,0.01,0.0,0.0,0.0,0.0,0.0,0,0,0
1756703329,1047,0.02,0.0,0.0,0.0,0.0,0.0,0.0,0.0,0,0,0
1756703329,1048,0.03,0.0,0.0,0.0,0.0,0.0,0.0,0.0,0,0,0
1756703329,1049,0.01,0.0,0.0,0.0,0.0,0.0,0.0,0.0,0,0,0
1756703329,1050,0.0,0.0,-0.03,0.0,0.0,0.0,0.0,0.0,0,0,0
1756703329,1051,0.0,0.0,-0.01,0.0,0.0,0.0,0.0,0.0,0,0,0
1756703329,1052,0.01,0.0,0.0,0.0,0.0,0.0,0.0,0.0,0,0,0
1756703329,1053,0.11,0.0,-0.03,0.0,0.0,0.0,0.0,0.0,0,0,0
1756703329,1054,0.01,0.0,-0.09,0.0,0.0,0.0,0.0,0.0,0,0,0
1756703329,1055,0.0,0.0,-0.01,0.0,0.0,0.0,0.0,0.0,0,0,0
1756703329,1056,0.01,0.0,0.0,0.0,0.0,0.0,0.0,0.0,0,0,0
1756703329,1057,-0.02,0.0,-0.01,0.0,0.0,0.0,0.0,0.0,0,0,0
1756703329,1058,0.03,0.0,0.03,0.0,0.0,0.0,0.0,0.0,0,0,0
1756703329,1059,0.05,0.0,0.01,0.0,0.0,0.0,0.0,0.0,0,0,0
1756703329,1060,0.01,0.0,0.0,0.0,0.0,0.0,0.0,0.0,0,0,0
1756703329,1061,0.07,0.0,0.0,0.0,0.0,0.0,0.0,0.0,0,0,0
1756703329,1062,0.0,0.0,-0.02,0.0,0.0,0.0,0.0,0.0,0,0,0
1756703329,1063,0.01,0.0,0.0,0.0,0.0,0.0,0.0,0.0,0,0,0
1756703329,1064,0.0,0.0,-0.01,0.0,0.0,0.0,0.0,0.0,0,0,0
1756703329,1065,0.07,0.0,0.0,0.0,0.0,0.0,0.0,0.0,0,0,0
1756703329,1066,0.0,0.0,0.0,0.0,0.0,0.0,0.0,0.0,0,0,0
1756703329,1067,-0.01,0.0,0.0,0.0,0.0,0.0,0.0,0.0,0,0,0
1756703329,1068,0.05,0.0,0.0,0.0,0.0,0.0,0.0,0.0,0,0,0
1756703329,1069,0.0,0.0,0.0,0.0,0.0,0.0,0.0,0.0,0,0,0
1756703329,1070,0.02,0.0,0.0,0.0,0.0,0.0,0.0,0.0,0,0,0
1756703329,1071,0.0,0.0,-0.05,0.0,0.0,0.0,0.0,0.0,0,0,0
1756703329,1072,0.0,0.0,-0.02,0.0,0.0,0.0,0.0,0.0,0,0,0
1756703329,1073,0.05,0.0,-0.01,0.0,0.0,0.0,0.0,0.0,0,0,0
1756703329,1074,0.03,0.0,0.0,0.0,0.0,0.0,0.0,0.0,0,0,0
1756703329,1075,0.05,0.0,0.0,0.0,0.0,0.0,0.0,0.0,0,0,0
1756703329,1076,0.0,0.0,0.0,0.0,0.0,0.0,0.0,0.0,0,0,0
1756703329,1077,0.01,0.0,0.0,0.0,0.0,0.0,0.0,0.0,0,0,0
1756703329,1078,0.03,0.0,-0.05,0.0,0.0,0.0,0.0,0.0,0,0,0
1756703329,1079,0.0,0.0,0.0,0.0,0.0,0.0,0.0,0.0,0,0,0
1756703329,1080,0.02,0.0,-0.09,0.0,0.0,0.0,0.0,0.0,0,0,0
1756703329,1081,0.03,0.0,-0.02,0.0,0.0,0.0,0.0,0.0,0,0,0
1756703329,1082,0.02,0.0,0.0,0.0,0.0,0.0,0.0,0.0,0,0,0
1756703329,1083,0.0,0.0,0.0,0.0,0.0,0.0,0.0,0.0,0,0,0
1756703329,1084,0.0,0.0,0.0,0.0,0.0,0.0,0.0,0.0,0,0,0
1756703329,1085,0.0,0.0,0.01,0.0,0.0,0.0,0.0,0.0,0,0,0
1756703329,1086,-0.02,0.0,-0.01,0.0,0.0,0.0,0.0,0.0,0,0,0
1756703329,1087,0.1,0.0,0.0,0.0,0.0,0.0,0.0,0.0,0,0,0
1756703329,1088,0.01,0.0,-0.03,0.0,0.0,0.0,0.0,0.0,0,0,0
1756703329,1089,0.0,0.0,0.0,0.0,0.0,0.0,0.0,0.0,0,0,0
1756703329,1090,0.03,0.0,-0.01,0.0,0.0,0.0,0.0,0.0,0,0,0
1756703329,1091,0.05,0.0,0.0,0.0,0.0,0.0,0.0,0.0,0,0,0
1756703329,1092,0.07,0.0,0.0,0.0,0.0,0.0,0.0,0.0,0,0,0
1756703329,1093,-0.01,0.0,0.01,0.0,0.0,0.0,0.0,0.0,0,0,0
1756703329,1094,0.05,0.0,0.0,0.0,0.0,0.0,0.0,0.0,0,0,0
1756703329,1095,0.02,0.0,0.0,0.0,0.0,0.0,0.0,0.0,0,0,0
1756703329,1096,0.0,0.0,0.0,0.0,0.0,0.0,0.0,0.0,0,0,0
1756703330,1097,0.07,0.0,0.0,0.0,0.0,0.0,0.0,0.0,0,0,0
1756703330,1098,0.01,0.0,0.0,0.0,0.0,0.0,0.0,0.0,0,0,0
1756703330,1099,0.05,0.0,0.0,0.0,0.0,0.0,0.0,0.0,0,0,0
1756703330,1100,0.0,0.0,0.0,0.0,0.0,0.0,0.0,0.0,0,0,0
1756703330,1101,0.07,0.0,-0.03,0.0,0.0,0.0,0.0,0.0,0,0,0
1756703330,1102,0.03,0.0,0.0,0.0,0.0,0.0,0.0,0.0,0,0,0
1756703330,1103,0.03,0.0,-0.02,0.0,0.0,0.0,0.0,0.0,0,0,0
1756703330,1104,0.07,0.0,0.0,0.0,0.0,0.0,0.0,0.0,0,0,0
1756703330,1105,0.05,0.0,0.0,0.0,0.0,0.0,0.0,0.0,0,0,0
1756703330,1106,0.01,0.0,-0.05,0.0,0.0,0.0,0.0,0.0,0,0,0
1756703330,1107,0.05,0.0,0.0,0.0,0.0,0.0,0.0,0.0,0,0,0
1756703330,1108,0.02,0.0,-0.05,0.0,0.0,0.0,0.0,0.0,0,0,0
1756703330,1109,0.09,0.0,0.0,0.0,0.0,0.0,0.0,0.0,0,0,0
1756703330,1110,0.1,0.0,-0.05,0.0,0.0,0.0,0.0,0.0,0,0,0
1756703330,1111,0.09,0.0,-0.01,0.0,0.0,0.0,0.0,0.0,0,0,0
1756703330,1112,0.05,0.0,0.0,0.0,0.0,0.0,0.0,0.0,0,0,0
1756703330,1113,0.07,0.0,0.11,0.0,0.0,0.0,0.0,0.0,0,0,0
1756703330,1114,0.05,0.0,0.0,0.0,0.0,0.0,0.0,0.0,0,0,0
1756703330,1115,0.07,0.0,-0.05,0.0,0.0,0.0,0.0,0.0,0,0,0
1756703330,1116,0.14,0.0,-0.01,0.0,0.0,0.0,0.0,0.0,0,0,0
1756703330,1117,0.05,0.0,0.0,0.0,0.0,0.0,0.0,0.0,0,0,0
1756703330,1118,0.11,0.0,0.0,0.0,0.0,0.0,0.0,0.0,0,0,0
1756703330,1119,0.1,0.0,-0.03,0.0,0.0,0.0,0.0,0.0,0,0,0
1756703330,1120,0.14,0.0,-0.01,0.0,0.0,0.0,0.0,0.0,0,0,0
1756703330,1121,0.15,0.0,0.01,0.0,0.0,0.0,0.0,0.0,0,0,0
1756703330,1122,0.18,0.0,-0.02,0.0,0.0,0.0,0.0,0.0,0,0,0
1756703330,1123,0.18,0.0,0.0,0.0,0.0,0.0,0.0,0.0,0,0,0
1756703330,1124,0.18,0.0,0.0,0.0,0.0,0.0,0.0,0.0,0,0,0
1756703330,1125,0.25,0.0,0.0,0.0,0.0,0.0,0.0,0.0,0,0,0
1756703330,1126,0.15,0.0,0.0,0.0,0.0,0.0,0.0,0.0,0,0,0
1756703330,1127,0.2,0.0,0.02,0.0,0.0,0.0,0.0,0.0,0,0,0
1756703330,1128,0.23,0.0,0.05,0.0,0.0,0.0,0.0,0.0,0,0,0
1756703330,1129,0.21,0.0,0.0,0.0,0.0,0.0,0.0,0.0,0,0,0
1756703330,1130,0.3,0.0,0.01,0.0,0.0,0.0,0.0,0.0,0,0,0
1756703330,1131,0.21,0.0,0.0,0.0,0.0,0.0,0.0,0.0,0,0,0
1756703330,1132,0.2,0.0,0.01,0.0,0.0,0.0,0.0,0.0,0,0,0
1756703330,1133,0.18,0.0,0.0,0.0,0.0,0.0,0.0,0.0,0,0,0
1756703330,1134,0.2,0.0,0.01,0.0,0.0,0.0,0.0,0.0,0,0,0
1756703330,1135,0.17,0.0,0.1,0.0,0.0,0.0,0.0,0.0,0,0,0
1756703330,1136,0.17,0.0,0.0,0.0,0.0,0.0,0.0,0.0,0,0,0
1756703330,1137,0.2,0.0,0.0,0.0,0.0,0.0,0.0,0.0,0,0,0
1756703330,1138,0.23,0.0,0.0,0.0,0.0,0.0,0.0,0.0,0,0,0
1756703330,1139,0.15,0.0,0.03,0.0,0.0,0.0,0.0,0.0,0,0,0
1756703330,1140,0.2,0.0,0.0,0.0,0.0,0.0,0.0,0.0,0,0,0
1756703330,1141,0.18,0.0,0.0,0.0,0.0,0.0,0.0,0.0,0,0,0
1756703330,1142,0.21,0.0,-0.01,0.0,0.0,0.0,0.0,0.0,0,0,0
1756703330,1143,0.2,0.0,0.0,0.0,0.0,0.0,0.0,0.0,0,0,0
1756703330,1144,0.18,0.0,0.0,0.0,0.0,0.0,0.0,0.0,0,0,0
1756703330,1145,0.18,0.0,0.05,0.0,0.0,0.0,0.0,0.0,0,0,0
1756703330,1146,0.18,0.0,0.0,0.0,0.0,0.0,0.0,0.0,0,0,0
1756703330,1147,0.23,0.0,0.01,0.0,0.0,0.0,0.0,0.0,0,0,0
1756703330,1148,0.17,0.0,0.0,0.0,0.0,0.0,0.0,0.0,0,0,0
1756703330,1149,0.21,0.0,0.02,0.0,0.0,0.0,0.0,0.0,0,0,0
1756703330,1150,0.2,0.0,0.0,0.0,0.0,0.0,0.0,0.0,0,0,0
1756703330,1151,0.25,0.0,0.0,0.0,0.0,0.0,0.0,0.0,0,0,0
1756703330,1152,0.18,0.0,0.0,0.0,0.0,0.0,0.0,0.0,0,0,0
1756703330,1153,0.14,0.0,0.05,0.0,0.0,0.0,0.0,0.0,0,0,0
1756703330,1154,0.18,0.0,-0.02,0.0,0.0,0.0,0.0,0.0,0,0,0
1756703330,1155,0.1,0.0,0.0,0.0,0.0,0.0,0.0,0.0,0,0,0
1756703330,1156,0.12,0.0,0.05,0.0,0.0,0.0,0.0,0.0,0,0,0
1756703330,1157,0.15,0.0,-0.01,0.0,0.0,0.0,0.0,0.0,0,0,0
1756703330,1158,0.1,0.0,-0.01,0.0,0.0,0.0,0.0,0.0,0,0,0
1756703330,1159,0.11,0.0,-0.05,0.0,0.0,0.0,0.0,0.0,0,0,0
1756703330,1160,0.12,0.0,0.0,0.0,0.0,0.0,0.0,0.0,0,0,0
1756703330,1161,0.07,0.0,0.0,0.0,0.0,0.0,0.0,0.0,0,0,0
1756703331,1162,0.07,0.0,0.0,0.0,0.0,0.0,0.0,0.0,0,0,0
1756703331,1163,0.15,0.0,0.0,0.0,0.0,0.0,0.0,0.0,0,0,0
1756703331,1164,0.18,0.0,-0.09,0.0,0.0,0.0,0.0,0.0,0,0,0
1756703331,1165,0.07,0.0,0.0,0.0,0.0,0.0,0.0,0.0,0,0,0
1756703331,1166,0.12,0.0,0.0,0.0,0.0,0.0,0.0,0.0,0,0,0
1756703331,1167,0.1,0.0,-0.03,0.0,0.0,0.0,0.0,0.0,0,0,0
1756703331,1168,0.03,0.0,-0.03,0.0,0.0,0.0,0.0,0.0,0,0,0
1756703331,1169,0.07,0.0,0.0,0.0,0.0,0.0,0.0,0.0,0,0,0
1756703331,1170,0.07,0.0,-0.01,0.0,0.0,0.0,0.0,0.0,0,0,0
1756703331,1171,0.0,0.0,0.0,0.0,0.0,0.0,0.0,0.0,0,0,0
1756703331,1172,0.07,0.0,0.0,0.0,0.0,0.0,0.0,0.0,0,0,0
1756703331,1173,0.05,0.0,0.0,0.0,0.0,0.0,0.0,0.0,0,0,0
1756703331,1174,0.07,0.0,0.0,0.0,0.0,0.0,0.0,0.0,0,0,0
1756703331,1175,0.0,0.0,0.0,0.0,0.0,0.0,0.0,0.0,0,0,0
1756703331,1176,0.05,0.0,-0.03,0.0,0.0,0.0,0.0,0.0,0,0,0
1756703331,1177,0.05,0.0,0.0,0.0,0.0,0.0,0.0,0.0,0,0,0
1756703331,1178,0.03,0.0,0.0,0.0,0.0,0.0,0.0,0.0,0,0,0
1756703331,1179,0.05,0.0,0.03,0.0,0.0,0.0,0.0,0.0,0,0,0
1756703331,1180,0.05,0.0,0.0,0.0,0.0,0.0,0.0,0.0,0,0,0
1756703331,1181,0.02,0.0,0.0,0.0,0.0,0.0,0.0,0.0,0,0,0
1756703331,1182,0.07,0.0,0.0,0.0,0.0,0.0,0.0,0.0,0,0,0
1756703331,1183,0.09,0.0,0.0,0.0,0.0,0.0,0.0,0.0,0,0,0
1756703331,1184,0.02,0.0,0.01,0.0,0.0,0.0,0.0,0.0,0,0,0
1756703331,1185,0.07,0.0,0.02,0.0,0.0,0.0,0.0,0.0,0,0,0
1756703331,1186,-0.03,0.0,0.0,0.0,0.0,0.0,0.0,0.0,0,0,0
1756703331,1187,0.0,0.0,0.0,0.0,0.0,0.0,0.0,0.0,0,0,0
1756703331,1188,0.05,0.0,0.0,0.0,0.0,0.0,0.0,0.0,0,0,0
1756703331,1189,0.03,0.0,0.0,0.0,0.0,0.0,0.0,0.0,0,0,0
1756703331,1190,0.03,0.0,0.0,0.0,0.0,0.0,0.0,0.0,0,0,0
1756703331,1191,0.0,0.0,0.0,0.0,0.0,0.0,0.0,0.0,0,0,0
1756703331,1192,0.1,0.0,0.07,0.0,0.0,0.0,0.0,0.0,0,0,0
1756703331,1193,0.01,0.0,0.0,0.0,0.0,0.0,0.0,0.0,0,0,0
1756703331,1194,0.0,0.0,0.0,0.0,0.0,0.0,0.0,0.0,0,0,0
1756703331,1195,0.05,0.0,-0.09,0.0,0.0,0.0,0.0,0.0,0,0,0
1756703331,1196,0.02,0.0,0.0,0.0,0.0,0.0,0.0,0.0,0,0,0
1756703331,1197,0.01,0.0,-0.07,0.0,0.0,0.0,0.0,0.0,0,0,0
1756703331,1198,0.05,0.0,0.0,0.0,0.0,0.0,0.0,0.0,0,0,0
1756703331,1199,0.02,0.0,0.01,0.0,0.0,0.0,0.0,0.0,0,0,0
1756703331,1200,0.05,0.0,0.0,0.0,0.0,0.0,0.0,0.0,0,0,0
1756703331,1201,0.07,0.0,-0.07,0.0,0.0,0.0,0.0,0.0,0,0,0
1756703331,1202,0.0,0.0,0.02,0.0,0.0,0.0,0.0,0.0,0,0,0
1756703331,1203,0.07,0.0,0.0,0.0,0.0,0.0,0.0,0.0,0,0,0
1756703331,1204,0.01,0.0,-0.01,0.0,0.0,0.0,0.0,0.0,0,0,0
1756703331,1205,0.0,0.0,0.0,0.0,0.0,0.0,0.0,0.0,0,0,0
1756703331,1206,0.02,0.0,-0.01,0.0,0.0,0.0,0.0,0.0,0,0,0
1756703331,1207,0.01,0.0,0.0,0.0,0.0,0.0,0.0,0.0,0,0,0
1756703331,1208,0.07,0.0,0.0,0.0,0.0,0.0,0.0,0.0,0,0,0
1756703331,1209,0.01,0.0,-0.02,0.0,0.0,0.0,0.0,0.0,0,0,0
1756703331,1210,0.0,0.0,0.0,0.0,0.0,0.0,0.0,0.0,0,0,0
1756703331,1211,0.03,0.0,0.0,0.0,0.0,0.0,0.0,0.0,0,0,0
1756703331,1212,-0.01,0.0,0.0,0.0,0.0,0.0,0.0,0.0,0,0,0
1756703331,1213,0.09,0.0,0.03,0.0,0.0,0.0,0.0,0.0,0,0,0
1756703331,1214,0.07,0.0,0.0,0.0,0.0,0.0,0.0,0.0,0,0,0
1756703331,1215,0.05,0.0,0.0,0.0,0.0,0.0,0.0,0.0,0,0,0
1756703331,1216,0.05,0.0,0.03,0.0,0.0,0.0,0.0,0.0,0,0,0
1756703331,1217,0.07,0.0,0.01,0.0,0.0,0.0,0.0,0.0,0,0,0
1756703331,1218,0.1,0.0,-0.01,0.0,0.0,0.0,0.0,0.0,0,0,0
1756703331,1219,0.09,0.0,-0.03,0.0,0.0,0.0,0.0,0.0,0,0,0
1756703331,1220,0.0,0.0,0.05,0.0,0.0,0.0,0.0,0.0,0,0,0
1756703331,1221,0.02,0.0,-0.01,0.0,0.0,0.0,0.0,0.0,0,0,0
1756703331,1222,0.0,0.0,0.01,0.0,0.0,0.0,0.0,0.0,0,0,0
1756703331,1223,0.01,0.0,-0.01,0.0,0.0,0.0,0.0,0.0,0,0,0
1756703331,1224,0.0,0.0,-0.07,0.0,0.0,0.0,0.0,0.0,0,0,0
1756703331,1225,-0.07,0.0,0.0,0.0,0.0,0.0,0.0,0.0,0,0,0
1756703332,1226,-0.02,0.0,-0.03,0.0,0.0,0.0,0.0,0.0,0,0,0
1756703332,1227,-0.01,0.0,0.0,0.0,0.0,0.0,0.0,0.0,0,0,0
1756703332,1228,-0.03,0.0,0.0,0.0,0.0,0.0,0.0,0.0,0,0,0
1756703332,1229,0.02,0.0,0.01,0.0,0.0,0.0,0.0,0.0,0,0,0
1756703332,1230,0.0,0.0,0.0,0.0,0.0,0.0,0.0,0.0,0,0,0
1756703332,1231,-0.07,0.0,0.0,0.0,0.0,0.0,0.0,0.0,0,0,0
1756703332,1232,-0.05,0.0,-0.03,0.0,0.0,0.0,0.0,0.0,0,0,0
1756703332,1233,-0.02,0.0,0.0,0.0,0.0,0.0,0.0,0.0,0,0,0
1756703332,1234,-0.09,0.0,0.0,0.0,0.0,0.0,0.0,0.0,0,0,0
1756703332,1235,-0.05,0.0,0.0,0.0,0.0,0.0,0.0,0.0,0,0,0
1756703332,1236,-0.03,0.0,-0.01,0.0,0.0,0.0,0.0,0.0,0,0,0
1756703332,1237,-0.05,0.0,0.0,0.0,0.0,0.0,0.0,0.0,0,0,0
1756703332,1238,0.0,0.0,0.0,0.0,0.0,0.0,0.0,0.0,0,0,0
1756703332,1239,-0.07,0.0,0.0,0.0,0.0,0.0,0.0,0.0,0,0,0
1756703332,1240,0.0,0.0,-0.01,0.0,0.0,0.0,0.0,0.0,0,0,0
1756703332,1241,0.0,0.0,0.02,0.0,0.0,0.0,0.0,0.0,0,0,0
1756703332,1242,-0.05,0.0,0.0,0.0,0.0,0.0,0.0,0.0,0,0,0
1756703332,1243,0.0,0.0,-0.03,0.0,0.0,0.0,0.0,0.0,0,0,0
1756703332,1244,-0.12,0.0,0.0,0.0,0.0,0.0,0.0,0.0,0,0,0
1756703332,1245,-0.05,0.0,0.0,0.0,0.0,0.0,0.0,0.0,0,0,0
1756703332,1246,-0.07,0.0,-0.02,0.0,0.0,0.0,0.0,0.0,0,0,0
1756703332,1247,-0.09,0.0,-0.02,0.0,0.0,0.0,0.0,0.0,0,0,0
1756703332,1248,-0.02,0.0,-0.01,0.0,0.0,0.0,0.0,0.0,0,0,0
1756703332,1249,-0.03,0.0,0.0,0.0,0.0,0.0,0.0,0.0,0,0,0
1756703332,1250,-0.1,0.0,-0.07,0.0,0.0,0.0,0.0,0.0,0,0,0
1756703332,1251,-0.03,0.0,-0.12,0.0,0.0,0.0,0.0,0.0,0,0,0
1756703332,1252,-0.01,0.0,0.03,0.0,0.0,0.0,0.0,0.0,0,0,0
1756703332,1253,-0.07,0.0,0.0,0.0,0.0,0.0,0.0,0.0,0,0,0
1756703332,1254,-0.07,0.0,-0.01,0.0,0.0,0.0,0.0,0.0,0,0,0
1756703332,1255,-0.1,0.0,0.0,0.0,0.0,0.0,0.0,0.0,0,0,0
1756703332,1256,-0.09,0.0,0.05,0.0,0.0,0.0,0.0,0.0,0,0,0
1756703332,1257,-0.1,0.0,-0.03,0.0,0.0,0.0,0.0,0.0,0,0,0
1756703332,1258,-0.14,0.0,-0.03,0.0,0.0,0.0,0.0,0.0,0,0,0
1756703332,1259,-0.05,0.0,0.0,0.0,0.0,0.0,0.0,0.0,0,0,0
1756703332,1260,-0.14,0.0,-0.01,0.0,0.0,0.0,0.0,0.0,0,0,0
1756703332,1261,-0.07,0.0,0.0,0.0,0.0,0.0,0.0,0.0,0,0,0
1756703332,1262,-0.07,0.0,-0.05,0.0,0.0,0.0,0.0,0.0,0,0,0
1756703332,1263,-0.1,0.0,0.0,0.0,0.0,0.0,0.0,0.0,0,0,0
1756703332,1264,-0.1,0.0,-0.01,0.0,0.0,0.0,0.0,0.0,0,0,0
1756703332,1265,-0.14,0.0,0.0,0.0,0.0,0.0,0.0,0.0,0,0,0
1756703332,1266,-0.1,0.0,-0.03,0.0,0.0,0.0,0.0,0.0,0,0,0
1756703332,1267,-0.1,0.0,-0.01,0.0,0.0,0.0,0.0,0.0,0,0,0
1756703332,1268,-0.1,0.0,0.0,0.0,0.0,0.0,0.0,0.0,0,0,0
1756703332,1269,-0.05,0.0,0.0,0.0,0.0,0.0,0.0,0.0,0,0,0
1756703332,1270,-0.1,0.0,0.01,0.0,0.0,0.0,0.0,0.0,0,0,0
1756703332,1271,-0.11,0.0,0.0,0.0,0.0,0.0,0.0,0.0,0,0,0
1756703332,1272,-0.1,0.0,0.02,0.0,0.0,0.0,0.0,0.0,0,0,0
1756703332,1273,-0.11,0.0,-0.01,0.0,0.0,0.0,0.0,0.0,0,0,0
1756703332,1274,-0.15,0.0,0.0,0.0,0.0,0.0,0.0,0.0,0,0,0
1756703332,1275,-0.02,0.0,-0.05,0.0,0.0,0.0,0.0,0.0,0,0,0
1756703332,1276,-0.03,0.0,0.0,0.0,0.0,0.0,0.0,0.0,0,0,0
1756703332,1277,-0.05,0.0,0.05,0.0,0.0,0.0,0.0,0.0,0,0,0
1756703332,1278,-0.07,0.0,0.01,0.0,0.0,0.0,0.0,0.0,0,0,0
1756703332,1279,-0.02,0.0,0.02,0.0,0.0,0.0,0.0,0.0,0,0,0
1756703332,1280,-0.09,0.0,0.05,0.0,0.0,0.0,0.0,0.0,0,0,0
1756703332,1281,-0.05,0.0,-0.03,0.0,0.0,0.0,0.0,0.0,0,0,0
1756703332,1282,-0.05,0.0,-0.01,0.0,0.0,0.0,0.0,0.0,0,0,0
1756703332,1283,-0.02,0.0,0.0,0.0,0.0,0.0,0.0,0.0,0,0,0
1756703332,1284,-0.05,0.0,0.0,0.0,0.0,0.0,0.0,0.0,0,0,0
1756703332,1285,-0.02,0.0,-0.01,0.0,0.0,0.0,0.0,0.0,0,0,0
1756703332,1286,-0.02,0.0,-0.03,0.0,0.0,0.0,0.0,0.0,0,0,0
1756703332,1287,-0.03,0.0,0.0,0.0,0.0,0.0,0.0,0.0,0,0,0
1756703332,1288,0.02,0.0,-0.05,0.0,0.0,0.0,0.0,0.0,0,0,0
1756703332,1289,0.01,0.0,-0.02,0.0,0.0,0.0,0.0,0.0,0,0,0
1756703332,1290,0.0,0.0,-0.02,0.0,0.0,0.0,0.0,0.0,0,0,0
1756703332,1291,0.01,0.0,-0.03,0.0,0.0,0.0,0.0,0.0,0,0,0
1756703332,1292,0.05,0.0,-0.01,0.0,0.0,0.0,0.0,0.0,0,0,0
1756703333,1293,0.0,0.0,-0.01,0.0,0.0,0.0,0.0,0.0,0,0,0
1756703333,1294,0.05,0.0,-0.01,0.0,0.0,0.0,0.0,0.0,0,0,0
1756703333,1295,0.05,0.0,0.0,0.0,0.0,0.0,0.0,0.0,0,0,0
1756703333,1296,0.02,0.0,-0.07,0.0,0.0,0.0,0.0,0.0,0,0,0
1756703333,1297,0.02,0.0,0.0,0.0,0.0,0.0,0.0,0.0,0,0,0
1756703333,1298,0.09,0.0,0.0,0.0,0.0,0.0,0.0,0.0,0,0,0
1756703333,1299,0.07,0.0,-0.01,0.0,0.0,0.0,0.0,0.0,0,0,0
1756703333,1300,0.07,0.0,0.0,0.0,0.0,0.0,0.0,0.0,0,0,0
1756703333,1301,0.07,0.0,-0.01,0.0,0.0,0.0,0.0,0.0,0,0,0
1756703333,1302,0.14,0.0,0.0,0.0,0.0,0.0,0.0,0.0,0,0,0
1756703333,1303,0.14,0.0,-0.01,0.0,0.0,0.0,0.0,0.0,0,0,0
1756703333,1304,0.07,0.0,0.0,0.0,0.0,0.0,0.0,0.0,0,0,0
1756703333,1305,0.15,0.0,-0.03,0.0,0.0,0.0,0.0,0.0,0,0,0
1756703333,1306,0.11,0.0,0.0,0.0,0.0,0.0,0.0,0.0,0,0,0
1756703333,1307,0.09,0.0,-0.01,0.0,0.0,0.0,0.0,0.0,0,0,0
1756703333,1308,0.11,0.0,0.03,0.0,0.0,0.0,0.0,0.0,0,0,0
1756703333,1309,0.07,0.0,-0.01,0.0,0.0,0.0,0.0,0.0,0,0,0
1756703333,1310,0.05,0.0,0.0,0.0,0.0,0.0,0.0,0.0,0,0,0
1756703333,1311,0.11,0.0,0.02,0.0,0.0,0.0,0.0,0.0,0,0,0
1756703333,1312,0.07,0.0,0.0,0.0,0.0,0.0,0.0,0.0,0,0,0
1756703333,1313,0.05,0.0,-0.12,0.0,0.0,0.0,0.0,0.0,0,0,0
1756703333,1314,0.05,0.0,0.0,0.0,0.0,0.0,0.0,0.0,0,0,0
1756703333,1315,0.02,0.0,0.0,0.0,0.0,0.0,0.0,0.0,0,0,0
1756703333,1316,0.02,0.0,-0.01,0.0,0.0,0.0,0.0,0.0,0,0,0
1756703333,1317,0.0,0.0,0.0,0.0,0.0,0.0,0.0,0.0,0,0,0
1756703333,1318,0.09,0.0,0.03,0.0,0.0,0.0,0.0,0.0,0,0,0
1756703333,1319,0.05,0.0,-0.05,0.0,0.0,0.0,0.0,0.0,0,0,0
1756703333,1320,0.07,0.0,-0.01,0.0,0.0,0.0,0.0,0.0,0,0,0
1756703333,1321,0.03,0.0,-0.05,0.0,0.0,0.0,0.0,0.0,0,0,0
1756703333,1322,0.0,0.0,0.0,0.0,0.0,0.0,0.0,0.0,0,0,0
1756703333,1323,0.03,0.0,0.01,0.0,0.0,0.0,0.0,0.0,0,0,0
1756703333,1324,0.03,0.0,0.01,0.0,0.0,0.0,0.0,0.0,0,0,0
1756703333,1325,0.15,0.0,0.0,0.0,0.0,0.0,0.0,0.0,0,0,0
1756703333,1326,0.0,0.0,0.0,0.0,0.0,0.0,0.0,0.0,0,0,0
1756703333,1327,0.0,0.0,0.0,0.0,0.0,0.0,0.0,0.0,0,0,0
1756703333,1328,0.02,0.0,0.0,0.0,0.0,0.0,0.0,0.0,0,0,0
1756703333,1329,0.05,0.0,0.0,0.0,0.0,0.0,0.0,0.0,0,0,0
1756703333,1330,0.02,0.0,0.0,0.0,0.0,0.0,0.0,0.0,0,0,0
1756703333,1331,0.01,0.0,0.01,0.0,0.0,0.0,0.0,0.0,0,0,0
1756703333,1332,0.02,0.0,0.0,0.0,0.0,0.0,0.0,0.0,0,0,0
1756703333,1333,0.1,0.0,-0.07,0.0,0.0,0.0,0.0,0.0,0,0,0
1756703333,1334,0.07,0.0,-0.03,0.0,0.0,0.0,0.0,0.0,0,0,0
1756703333,1335,0.05,0.0,0.0,0.0,0.0,0.0,0.0,0.0,0,0,0
1756703333,1336,0.0,0.0,-0.03,0.0,0.0,0.0,0.0,0.0,0,0,0
1756703333,1337,0.01,0.0,0.0,0.0,0.0,0.0,0.0,0.0,0,0,0
1756703333,1338,0.07,0.0,0.0,0.0,0.0,0.0,0.0,0.0,0,0,0
1756703333,1339,0.07,0.0,-0.09,0.0,0.0,0.0,0.0,0.0,0,0,0
1756703333,1340,0.07,0.0,0.0,0.0,0.0,0.0,0.0,0.0,0,0,0
1756703333,1341,0.05,0.0,0.0,0.0,0.0,0.0,0.0,0.0,0,0,0
1756703333,1342,0.01,0.0,0.05,0.0,0.0,0.0,0.0,0.0,0,0,0
1756703333,1343,0.03,0.0,0.0,0.0,0.0,0.0,0.0,0.0,0,0,0
1756703333,1344,0.07,0.0,0.0,0.0,0.0,0.0,0.0,0.0,0,0,0
1756703333,1345,0.07,0.0,0.0,0.0,0.0,0.0,0.0,0.0,0,0,0
1756703333,1346,0.07,0.0,0.0,0.0,0.0,0.0,0.0,0.0,0,0,0
1756703333,1347,0.03,0.0,-0.02,0.0,0.0,0.0,0.0,0.0,0,0,0
1756703333,1348,0.01,0.0,0.02,0.0,0.0,0.0,0.0,0.0,0,0,0
1756703333,1349,0.05,0.0,0.07,0.0,0.0,0.0,0.0,0.0,0,0,0
1756703333,1350,0.09,0.0,0.0,0.0,0.0,0.0,0.0,0.0,0,0,0
1756703333,1351,0.0,0.0,0.0,0.0,0.0,0.0,0.0,0.0,0,0,0
1756703333,1352,-0.01,0.0,0.0,0.0,0.0,0.0,0.0,0.0,0,0,0
1756703333,1353,0.02,0.0,-0.1,0.0,0.0,0.0,0.0,0.0,0,0,0
1756703333,1354,0.0,0.0,-0.03,0.0,0.0,0.0,0.0,0.0,0,0,0
1756703334,1355,0.01,0.0,-0.03,0.0,0.0,0.0,0.0,0.0,0,0,0
1756703334,1356,0.03,0.0,-0.05,0.0,0.0,0.0,0.0,0.0,0,0,0
1756703334,1357,0.09,0.0,-0.02,0.0,0.0,0.0,0.0,0.0,0,0,0
1756703334,1358,0.05,0.0,-0.03,0.0,0.0,0.0,0.0,0.0,0,0,0
1756703334,1359,0.0,0.0,-0.01,0.0,0.0,0.0,0.0,0.0,0,0,0
1756703334,1360,0.05,0.0,0.0,0.0,0.0,0.0,0.0,0.0,0,0,0
1756703334,1361,0.12,0.0,-0.02,0.0,0.0,0.0,0.0,0.0,0,0,0
1756703334,1362,0.03,0.0,-0.03,0.0,0.0,0.0,0.0,0.0,0,0,0
1756703334,1363,0.0,0.0,-0.05,0.0,0.0,0.0,0.0,0.0,0,0,0
1756703334,1364,0.02,0.0,-0.03,0.0,0.0,0.0,0.0,0.0,0,0,0
1756703334,1365,0.0,0.0,0.0,0.0,0.0,0.0,0.0,0.0,0,0,0
1756703334,1366,0.05,0.0,-0.01,0.0,0.0,0.0,0.0,0.0,0,0,0
1756703334,1367,0.01,0.0,-0.03,0.0,0.0,0.0,0.0,0.0,0,0,0
1756703334,1368,-0.1,0.0,-0.07,0.0,0.0,0.0,0.0,0.0,0,0,0
1756703334,1369,0.01,0.0,-0.1,0.0,0.0,0.0,0.0,0.0,0,0,0
1756703334,1370,0.01,0.0,-0.18,0.0,0.0,0.0,0.0,0.0,0,0,0
1756703334,1371,0.01,0.0,0.0,0.0,0.0,0.0,0.0,0.0,0,0,0
1756703334,1372,0.03,0.0,-0.03,0.0,0.0,0.0,0.0,0.0,0,0,0
1756703334,1373,-0.01,0.0,0.0,0.0,0.0,0.0,0.0,0.0,0,0,0
1756703334,1374,0.02,0.0,-0.03,0.0,0.0,0.0,0.0,0.0,0,0,0
1756703334,1375,0.0,0.0,0.02,0.0,0.0,0.0,0.0,0.0,0,0,0
1756703334,1376,0.03,0.0,0.0,0.0,0.0,0.0,0.0,0.0,0,0,0
1756703334,1377,-0.03,0.0,0.0,0.0,0.0,0.0,0.0,0.0,0,0,0
1756703334,1378,0.03,0.0,0.0,0.0,0.0,0.0,0.0,0.0,0,0,0
1756703334,1379,0.05,0.0,0.0,0.0,0.0,0.0,0.0,0.0,0,0,0
1756703334,1380,0.01,0.0,0.0,0.0,0.0,0.0,0.0,0.0,0,0,0
1756703334,1381,0.05,0.0,-0.01,0.0,0.0,0.0,0.0,0.0,0,0,0
1756703334,1382,0.01,0.0,0.0,0.0,0.0,0.0,0.0,0.0,0,0,0
1756703334,1383,0.02,0.0,0.0,0.0,0.0,0.0,0.0,0.0,0,0,0
1756703334,1384,0.05,0.0,-0.02,0.0,0.0,0.0,0.0,0.0,0,0,0
1756703334,1385,0.07,0.0,-0.02,0.0,0.0,0.0,0.0,0.0,0,0,0
1756703334,1386,0.0,0.0,0.0,0.0,0.0,0.0,0.0,0.0,0,0,0
1756703334,1387,0.0,0.0,-0.01,0.0,0.0,0.0,0.0,0.0,0,0,0
1756703334,1388,0.11,0.0,-0.02,0.0,0.0,0.0,0.0,0.0,0,0,0
1756703334,1389,0.15,0.0,-0.02,0.0,0.0,0.0,0.0,0.0,0,0,0
1756703334,1390,0.0,0.0,0.03,0.0,0.0,0.0,0.0,0.0,0,0,0
1756703334,1391,0.02,0.0,0.0,0.0,0.0,0.0,0.0,0.0,0,0,0
1756703334,1392,0.01,0.0,0.0,0.0,0.0,0.0,0.0,0.0,0,0,0
1756703334,1393,0.0,0.0,0.0,0.0,0.0,0.0,0.0,0.0,0,0,0
1756703334,1394,0.05,0.0,0.02,0.0,0.0,0.0,0.0,0.0,0,0,0
1756703334,1395,0.05,0.0,-0.02,0.0,0.0,0.0,0.0,0.0,0,0,0
1756703334,1396,0.03,0.0,0.0,0.0,0.0,0.0,0.0,0.0,0,0,0
1756703334,1397,0.0,0.0,-0.01,0.0,0.0,0.0,0.0,0.0,0,0,0
1756703334,1398,0.03,0.0,-0.09,0.0,0.0,0.0,0.0,0.0,0,0,0
1756703334,1399,0.05,0.0,-0.03,0.0,0.0,0.0,0.0,0.0,0,0,0
1756703334,1400,0.03,0.0,0.0,0.0,0.0,0.0,0.0,0.0,0,0,0
1756703334,1401,0.12,0.0,0.0,0.0,0.0,0.0,0.0,0.0,0,0,0
1756703334,1402,0.02,0.0,0.02,0.0,0.0,0.0,0.0,0.0,0,0,0
1756703334,1403,0.0,0.0,-0.02,0.0,0.0,0.0,0.0,0.0,0,0,0
1756703334,1404,0.05,0.0,0.0,0.0,0.0,0.0,0.0,0.0,0,0,0
1756703334,1405,0.05,0.0,-0.02,0.0,0.0,0.0,0.0,0.0,0,0,0
1756703334,1406,0.02,0.0,0.0,0.0,0.0,0.0,0.0,0.0,0,0,0
1756703334,1407,0.03,0.0,-0.01,0.0,0.0,0.0,0.0,0.0,0,0,0
1756703334,1408,0.05,0.0,-0.01,0.0,0.0,0.0,0.0,0.0,0,0,0
1756703334,1409,0.0,0.0,-0.07,0.0,0.0,0.0,0.0,0.0,0,0,0
1756703334,1410,0.03,0.0,0.0,0.0,0.0,0.0,0.0,0.0,0,0,0
1756703334,1411,-0.01,0.0,-0.01,0.0,0.0,0.0,0.0,0.0,0,0,0
1756703334,1412,0.02,0.0,-0.03,0.0,0.0,0.0,0.0,0.0,0,0,0
1756703334,1413,0.03,0.0,-0.05,0.0,0.0,0.0,0.0,0.0,0,0,0
1756703334,1414,0.0,0.0,-0.07,0.0,0.0,0.0,0.0,0.0,0,0,0
1756703334,1415,0.14,0.0,0.0,0.0,0.0,0.0,0.0,0.0,0,0,0
1756703334,1416,0.05,0.0,0.03,0.0,0.0,0.0,0.0,0.0,0,0,0
1756703334,1417,0.0,0.0,0.0,0.0,0.0,0.0,0.0,0.0,0,0,0
1756703334,1418,0.03,0.0,0.01,0.0,0.0,0.0,0.0,0.0,0,0,0
1756703334,1419,-0.01,0.0,-0.07,0.0,0.0,0.0,0.0,0.0,0,0,0
1756703335,1420,0.01,0.0,0.0,0.0,0.0,0.0,0.0,0.0,0,0,0
1756703335,1421,0.01,0.0,0.0,0.0,0.0,0.0,0.0,0.0,0,0,0
1756703335,1422,0.07,0.0,-0.01,0.0,0.0,0.0,0.0,0.0,0,0,0
1756703335,1423,0.0,0.0,0.0,0.0,0.0,0.0,0.0,0.0,0,0,0
1756703335,1424,0.0,0.0,0.0,0.0,0.0,0.0,0.0,0.0,0,0,0
1756703335,1425,0.05,0.0,0.0,0.0,0.0,0.0,0.0,0.0,0,0,0
1756703335,1426,0.0,0.0,-0.03,0.0,0.0,0.0,0.0,0.0,0,0,0
1756703335,1427,0.03,0.0,0.0,0.0,0.0,0.0,0.0,0.0,0,0,0
1756703335,1428,0.0,0.0,-0.07,0.0,0.0,0.0,0.0,0.0,0,0,0
1756703335,1429,0.1,0.0,0.0,0.0,0.0,0.0,0.0,0.0,0,0,0
1756703335,1430,0.0,0.0,-0.01,0.0,0.0,0.0,0.0,0.0,0,0,0
1756703335,1431,0.05,0.0,0.01,0.0,0.0,0.0,0.0,0.0,0,0,0
1756703335,1432,0.01,0.0,0.0,0.0,0.0,0.0,0.0,0.0,0,0,0
1756703335,1433,0.05,0.0,0.0,0.0,0.0,0.0,0.0,0.0,0,0,0
1756703335,1434,0.01,0.0,-0.07,0.0,0.0,0.0,0.0,0.0,0,0,0
1756703335,1435,0.03,0.0,-0.01,0.0,0.0,0.0,0.0,0.0,0,0,0
1756703335,1436,0.0,0.0,0.0,0.0,0.0,0.0,0.0,0.0,0,0,0
1756703335,1437,0.05,0.0,-0.05,0.0,0.0,0.0,0.0,0.0,0,0,0
1756703335,1438,0.0,0.0,-0.02,0.0,0.0,0.0,0.0,0.0,0,0,0
1756703335,1439,0.02,0.0,0.0,0.0,0.0,0.0,0.0,0.0,0,0,0
1756703335,1440,0.03,0.0,-0.01,0.0,0.0,0.0,0.0,0.0,0,0,0
1756703335,1441,0.02,0.0,0.0,0.0,0.0,0.0,0.0,0.0,0,0,0
1756703335,1442,0.02,0.0,0.0,0.0,0.0,0.0,0.0,0.0,0,0,0
1756703335,1443,0.11,0.0,-0.01,0.0,0.0,0.0,0.0,0.0,0,0,0
1756703335,1444,-0.03,0.0,0.0,0.0,0.0,0.0,0.0,0.0,0,0,0
1756703335,1445,0.0,0.0,-0.02,0.0,0.0,0.0,0.0,0.0,0,0,0
1756703335,1446,0.0,0.0,0.0,0.0,0.0,0.0,0.0,0.0,0,0,0
1756703335,1447,0.01,0.0,-0.01,0.0,0.0,0.0,0.0,0.0,0,0,0
1756703335,1448,0.05,0.0,0.0,0.0,0.0,0.0,0.0,0.0,0,0,0
1756703335,1449,0.03,0.0,-0.02,0.0,0.0,0.0,0.0,0.0,0,0,0
1756703335,1450,0.05,0.0,-0.02,0.0,0.0,0.0,0.0,0.0,0,0,0
1756703335,1451,0.03,0.0,0.0,0.0,0.0,0.0,0.0,0.0,0,0,0
1756703335,1452,0.0,0.0,0.0,0.0,0.0,0.0,0.0,0.0,0,0,0
1756703335,1453,0.02,0.0,-0.03,0.0,0.0,0.0,0.0,0.0,0,0,0
1756703335,1454,0.07,0.0,0.01,0.0,0.0,0.0,0.0,0.0,0,0,0
1756703335,1455,0.03,0.0,-0.03,0.0,0.0,0.0,0.0,0.0,0,0,0
1756703335,1456,0.1,0.0,-0.02,0.0,0.0,0.0,0.0,0.0,0,0,0
1756703335,1457,0.03,0.0,-0.01,0.0,0.0,0.0,0.0,0.0,0,0,0
1756703335,1458,0.03,0.0,-0.02,0.0,0.0,0.0,0.0,0.0,0,0,0
1756703335,1459,0.0,0.0,0.03,0.0,0.0,0.0,0.0,0.0,0,0,0
1756703335,1460,0.07,0.0,-0.02,0.0,0.0,0.0,0.0,0.0,0,0,0
1756703335,1461,0.0,0.0,-0.05,0.0,0.0,0.0,0.0,0.0,0,0,0
1756703335,1462,0.0,0.0,-0.01,0.0,0.0,0.0,0.0,0.0,0,0,0
1756703335,1463,0.03,0.0,0.0,0.0,0.0,0.0,0.0,0.0,0,0,0
1756703335,1464,0.05,0.0,-0.05,0.0,0.0,0.0,0.0,0.0,0,0,0
1756703335,1465,0.01,0.0,0.0,0.0,0.0,0.0,0.0,0.0,0,0,0
1756703335,1466,0.0,0.0,0.01,0.0,0.0,0.0,0.0,0.0,0,0,0
1756703335,1467,0.01,0.0,-0.02,0.0,0.0,0.0,0.0,0.0,0,0,0
1756703335,1468,0.02,0.0,-0.01,0.0,0.0,0.0,0.0,0.0,0,0,0
1756703335,1469,0.0,0.0,0.0,0.0,0.0,0.0,0.0,0.0,0,0,0
1756703335,1470,0.05,0.0,-0.02,0.0,0.0,0.0,0.0,0.0,0,0,0
1756703335,1471,0.0,0.0,-0.02,0.0,0.0,0.0,0.0,0.0,0,0,0
1756703335,1472,0.03,0.0,-0.05,0.0,0.0,0.0,0.0,0.0,0,0,0
1756703335,1473,0.14,0.0,-0.09,0.0,0.0,0.0,0.0,0.0,0,0,0
1756703335,1474,0.05,0.0,0.0,0.0,0.0,0.0,0.0,0.0,0,0,0
1756703335,1475,0.01,0.0,-0.01,0.0,0.0,0.0,0.0,0.0,0,0,0
1756703335,1476,0.01,0.0,-0.02,0.0,0.0,0.0,0.0,0.0,0,0,0
1756703335,1477,0.05,0.0,0.0,0.0,0.0,0.0,0.0,0.0,0,0,0
1756703335,1478,0.0,0.0,0.0,0.0,0.0,0.0,0.0,0.0,0,0,0
1756703335,1479,0.05,0.0,-0.05,0.0,0.0,0.0,0.0,0.0,0,0,0
1756703335,1480,0.03,0.0,-0.01,0.0,0.0,0.0,0.0,0.0,0,0,0
1756703335,1481,0.05,0.0,-0.01,0.0,0.0,0.0,0.0,0.0,0,0,0
1756703335,1482,0.05,0.0,-0.03,0.0,0.0,0.0,0.0,0.0,0,0,0
1756703335,1483,0.01,0.0,-0.02,0.0,0.0,0.0,0.0,0.0,0,0,0
1756703335,1484,0.05,0.0,-0.01,0.0,0.0,0.0,0.0,0.0,0,0,0
1756703335,1485,0.03,0.0,0.0,0.0,0.0,0.0,0.0,0.0,0,0,0
1756703335,1486,0.07,0.0,-0.01,0.0,0.0,0.0,0.0,0.0,0,0,0
1756703335,1487,0.0,0.0,0.0,0.0,0.0,0.0,0.0,0.0,0,0,0
1756703336,1488,0.01,0.0,0.0,0.0,0.0,0.0,0.0,0.0,0,0,0
1756703336,1489,0.03,0.0,0.0,0.0,0.0,0.0,0.0,0.0,0,0,0
1756703336,1490,0.03,0.0,-0.01,0.0,0.0,0.0,0.0,0.0,0,0,0
1756703336,1491,0.03,0.0,0.0,0.0,0.0,0.0,0.0,0.0,0,0,0
1756703336,1492,0.01,0.0,0.0,0.0,0.0,0.0,0.0,0.0,0,0,0
1756703336,1493,0.0,0.0,-0.01,0.0,0.0,0.0,0.0,0.0,0,0,0
1756703336,1494,0.03,0.0,0.01,0.0,0.0,0.0,0.0,0.0,0,0,0
1756703336,1495,0.02,0.0,-0.05,0.0,0.0,0.0,0.0,0.0,0,0,0
1756703336,1496,0.03,0.0,-0.03,0.0,0.0,0.0,0.0,0.0,0,0,0
1756703336,1497,0.07,0.0,-0.01,0.0,0.0,0.0,0.0,0.0,0,0,0
1756703336,1498,-0.03,0.0,-0.02,0.0,0.0,0.0,0.0,0.0,0,0,0
1756703336,1499,0.0,0.0,0.0,0.0,0.0,0.0,0.0,0.0,0,0,0
1756703336,1500,0.09,0.0,0.0,0.0,0.0,0.0,0.0,0.0,0,0,0
1756703336,1501,0.12,0.0,0.0,0.0,0.0,0.0,0.0,0.0,0,0,0
1756703336,1502,-0.1,0.0,0.0,0.0,0.0,0.0,0.0,0.0,0,0,0
1756703336,1503,0.11,0.0,-0.07,0.0,0.0,0.0,0.0,0.0,0,0,0
1756703336,1504,0.0,0.0,-0.05,0.0,0.0,0.0,0.0,0.0,0,0,0
1756703336,1505,0.03,0.0,0.0,0.0,0.0,0.0,0.0,0.0,0,0,0
1756703336,1506,0.03,0.0,-0.07,0.0,0.0,0.0,0.0,0.0,0,0,0
1756703336,1507,0.01,0.0,-0.05,0.0,0.0,0.0,0.0,0.0,0,0,0
1756703336,1508,0.11,0.0,0.0,0.0,0.0,0.0,0.0,0.0,0,0,0
1756703336,1509,0.01,0.0,0.0,0.0,0.0,0.0,0.0,0.0,0,0,0
1756703336,1510,0.0,0.0,0.0,0.0,0.0,0.0,0.0,0.0,0,0,0
1756703336,1511,0.0,0.0,-0.1,0.0,0.0,0.0,0.0,0.0,0,0,0
1756703336,1512,0.0,0.0,0.0,0.0,0.0,0.0,0.0,0.0,0,0,0
1756703336,1513,-0.01,0.0,0.0,0.0,0.0,0.0,0.0,0.0,0,0,0
1756703336,1514,0.01,0.0,-0.02,0.0,0.0,0.0,0.0,0.0,0,0,0
1756703336,1515,0.11,0.0,0.01,0.0,0.0,0.0,0.0,0.0,0,0,0
1756703336,1516,0.11,0.0,-0.09,0.0,0.0,0.0,0.0,0.0,0,0,0
1756703336,1517,0.01,0.0,-0.01,0.0,0.0,0.0,0.0,0.0,0,0,0
1756703336,1518,-0.07,0.0,-0.01,0.0,0.0,0.0,0.0,0.0,0,0,0
1756703336,1519,0.03,0.0,0.0,0.0,0.0,0.0,0.0,0.0,0,0,0
1756703336,1520,0.01,0.0,0.02,0.0,0.0,0.0,0.0,0.0,0,0,0
1756703336,1521,0.02,0.0,-0.01,0.0,0.0,0.0,0.0,0.0,0,0,0
1756703336,1522,0.12,0.0,-0.05,0.0,0.0,0.0,0.0,0.0,0,0,0
1756703336,1523,0.0,0.0,-0.01,0.0,0.0,0.0,0.0,0.0,0,0,0
1756703336,1524,0.01,0.0,0.0,0.0,0.0,0.0,0.0,0.0,0,0,0
1756703336,1525,0.0,0.0,0.0,0.0,0.0,0.0,0.0,0.0,0,0,0
1756703336,1526,-0.05,0.0,0.0,0.0,0.0,0.0,0.0,0.0,0,0,0
1756703336,1527,0.07,0.0,-0.01,0.0,0.0,0.0,0.0,0.0,0,0,0
1756703336,1528,0.03,0.0,-0.01,0.0,0.0,0.0,0.0,0.0,0,0,0
1756703336,1529,0.0,0.0,0.0,0.0,0.0,0.0,0.0,0.0,0,0,0
1756703336,1530,0.03,0.0,-0.01,0.0,0.0,0.0,0.0,0.0,0,0,0
1756703336,1531,0.0,0.0,0.0,0.0,0.0,0.0,0.0,0.0,0,0,0
1756703336,1532,0.0,0.0,-0.02,0.0,0.0,0.0,0.0,0.0,0,0,0
1756703336,1533,0.0,0.0,-0.01,0.0,0.0,0.0,0.0,0.0,0,0,0
1756703336,1534,0.02,0.0,-0.05,0.0,0.0,0.0,0.0,0.0,0,0,0
1756703336,1535,0.03,0.0,0.0,0.0,0.0,0.0,0.0,0.0,0,0,0
1756703336,1536,0.0,0.0,0.0,0.0,0.0,0.0,0.0,0.0,0,0,0
1756703336,1537,0.05,0.0,-0.02,0.0,0.0,0.0,0.0,0.0,0,0,0
1756703336,1538,0.02,0.0,-0.07,0.0,0.0,0.0,0.0,0.0,0,0,0
1756703336,1539,0.02,0.0,-0.02,0.0,0.0,0.0,0.0,0.0,0,0,0
1756703336,1540,0.05,0.0,0.0,0.0,0.0,0.0,0.0,0.0,0,0,0
1756703336,1541,0.01,0.0,-0.03,0.0,0.0,0.0,0.0,0.0,0,0,0
1756703336,1542,0.03,0.0,-0.01,0.0,0.0,0.0,0.0,0.0,0,0,0
1756703336,1543,0.03,0.0,0.01,0.0,0.0,0.0,0.0,0.0,0,0,0
1756703336,1544,0.0,0.0,-0.05,0.0,0.0,0.0,0.0,0.0,0,0,0
1756703336,1545,0.01,0.0,-0.01,0.0,0.0,0.0,0.0,0.0,0,0,0
1756703336,1546,0.0,0.0,-0.01,0.0,0.0,0.0,0.0,0.0,0,0,0
1756703336,1547,0.0,0.0,-0.01,0.0,0.0,0.0,0.0,0.0,0,0,0
1756703336,1548,0.05,0.0,0.0,0.0,0.0,0.0,0.0,0.0,0,0,0
1756703336,1549,0.05,0.0,0.0,0.0,0.0,0.0,0.0,0.0,0,0,0
1756703336,1550,0.0,0.0,-0.01,0.0,0.0,0.0,0.0,0.0,0,0,0
1756703336,1551,0.0,0.0,-0.02,0.0,0.0,0.0,0.0,0.0,0,0,0
1756703336,1552,0.01,0.0,0.0,0.0,0.0,0.0,0.0,0.0,0,0,0
1756703336,1553,0.0,0.0,0.0,0.0,0.0,0.0,0.0,0.0,0,0,0
1756703336,1554,0.01,0.0,-0.02,0.0,0.0,0.0,0.0,0.0,0,0,0
1756703336,1555,0.07,0.0,-0.02,0.0,0.0,0.0,0.0,0.0,0,0,0
1756703336,1556,0.0,0.0,-0.07,0.0,0.0,0.0,0.0,0.0,0,0,0
1756703336,1557,0.05,0.0,-0.05,0.0,0.0,0.0,0.0,0.0,0,0,0
1756703337,1558,0.01,0.0,0.01,0.0,0.0,0.0,0.0,0.0,0,0,0
1756703337,1559,0.07,0.0,0.0,0.0,0.0,0.0,0.0,0.0,0,0,0
1756703337,1560,0.07,0.0,-0.05,0.0,0.0,0.0,0.0,0.0,0,0,0
1756703337,1561,0.05,0.0,-0.01,0.0,0.0,0.0,0.0,0.0,0,0,0
1756703337,1562,0.0,0.0,0.0,0.0,0.0,0.0,0.0,0.0,0,0,0
1756703337,1563,0.02,0.0,-0.05,0.0,0.0,0.0,0.0,0.0,0,0,0
1756703337,1564,0.0,0.0,-0.02,0.0,0.0,0.0,0.0,0.0,0,0,0
1756703337,1565,-0.23,0.0,0.0,0.0,0.0,0.0,0.0,0.0,0,0,0
1756703337,1566,0.01,0.0,-0.03,0.0,0.0,0.0,0.0,0.0,0,0,0
1756703337,1567,0.02,0.0,0.01,0.0,0.0,0.0,0.0,0.0,0,0,0
1756703337,1568,0.07,0.0,-0.05,0.0,0.0,0.0,0.0,0.0,0,0,0
1756703337,1569,0.0,0.0,-0.2,0.0,0.0,0.0,0.0,0.0,0,0,0
1756703337,1570,0.03,0.0,-0.03,0.0,0.0,0.0,0.0,0.0,0,0,0
1756703337,1571,-0.01,0.0,0.0,0.0,0.0,0.0,0.0,0.0,0,0,0
1756703337,1572,0.03,0.0,0.0,0.0,0.0,0.0,0.0,0.0,0,0,0
1756703337,1573,0.0,0.0,-0.01,0.0,0.0,0.0,0.0,0.0,0,0,0
1756703337,1574,0.0,0.0,-0.01,0.0,0.0,0.0,0.0,0.0,0,0,0
1756703337,1575,0.0,0.0,-0.03,0.0,0.0,0.0,0.0,0.0,0,0,0
1756703337,1576,0.07,0.0,0.0,0.0,0.0,0.0,0.0,0.0,0,0,0
1756703337,1577,0.02,0.0,-0.07,0.0,0.0,0.0,0.0,0.0,0,0,0
1756703337,1578,0.05,0.0,-0.05,0.0,0.0,0.0,0.0,0.0,0,0,0
1756703337,1579,0.01,0.0,0.0,0.0,0.0,0.0,0.0,0.0,0,0,0
1756703337,1580,0.05,0.0,0.0,0.0,0.0,0.0,0.0,0.0,0,0,0
1756703337,1581,-0.01,0.0,0.05,0.0,0.0,0.0,0.0,0.0,0,0,0
1756703337,1582,0.0,0.0,0.0,0.0,0.0,0.0,0.0,0.0,0,0,0
1756703337,1583,0.02,0.0,0.0,0.0,0.0,0.0,0.0,0.0,0,0,0
1756703337,1584,0.02,0.0,-0.01,0.0,0.0,0.0,0.0,0.0,0,0,0
1756703337,1585,0.01,0.0,0.0,0.0,0.0,0.0,0.0,0.0,0,0,0
1756703337,1586,0.03,0.0,-0.01,0.0,0.0,0.0,0.0,0.0,0,0,0
1756703337,1587,-0.02,0.0,-0.02,0.0,0.0,0.0,0.0,0.0,0,0,0
1756703337,1588,0.01,0.0,-0.01,0.0,0.0,0.0,0.0,0.0,0,0,0
1756703337,1589,0.0,0.0,-0.01,0.0,0.0,0.0,0.0,0.0,0,0,0
1756703337,1590,0.01,0.0,0.0,0.0,0.0,0.0,0.0,0.0,0,0,0
1756703337,1591,0.0,0.0,0.02,0.0,0.0,0.0,0.0,0.0,0,0,0
1756703337,1592,0.0,0.0,-0.05,0.0,0.0,0.0,0.0,0.0,0,0,0
1756703337,1593,0.01,0.0,0.01,0.0,0.0,0.0,0.0,0.0,0,0,0
1756703337,1594,0.03,0.0,0.0,0.0,0.0,0.0,0.0,0.0,0,0,0
1756703337,1595,0.07,0.0,0.0,0.0,0.0,0.0,0.0,0.0,0,0,0
1756703337,1596,0.03,0.0,-0.01,0.0,0.0,0.0,0.0,0.0,0,0,0
1756703337,1597,0.02,0.0,-0.01,0.0,0.0,0.0,0.0,0.0,0,0,0
1756703337,1598,0.0,0.0,-0.02,0.0,0.0,0.0,0.0,0.0,0,0,0
1756703337,1599,0.05,0.0,0.0,0.0,0.0,0.0,0.0,0.0,0,0,0
1756703337,1600,0.02,0.0,0.0,0.0,0.0,0.0,0.0,0.0,0,0,0
1756703337,1601,0.05,0.0,-0.05,0.0,0.0,0.0,0.0,0.0,0,0,0
1756703337,1602,0.0,0.0,-0.02,0.0,0.0,0.0,0.0,0.0,0,0,0
1756703337,1603,0.05,0.0,-0.01,0.0,0.0,0.0,0.0,0.0,0,0,0
1756703337,1604,0.05,0.0,-0.03,0.0,0.0,0.0,0.0,0.0,0,0,0
1756703337,1605,0.07,0.0,-0.03,0.0,0.0,0.0,0.0,0.0,0,0,0
1756703337,1606,0.01,0.0,-0.01,0.0,0.0,0.0,0.0,0.0,0,0,0
1756703337,1607,0.05,0.0,0.0,0.0,0.0,0.0,0.0,0.0,0,0,0
1756703337,1608,0.0,0.0,0.07,0.0,0.0,0.0,0.0,0.0,0,0,0
1756703337,1609,0.0,0.0,0.0,0.0,0.0,0.0,0.0,0.0,0,0,0
1756703337,1610,0.03,0.0,-0.02,0.0,0.0,0.0,0.0,0.0,0,0,0
1756703337,1611,0.02,0.0,0.0,0.0,0.0,0.0,0.0,0.0,0,0,0
1756703337,1612,0.02,0.0,0.0,0.0,0.0,0.0,0.0,0.0,0,0,0
1756703337,1613,0.05,0.0,0.0,0.0,0.0,0.0,0.0,0.0,0,0,0
1756703337,1614,0.02,0.0,-0.01,0.0,0.0,0.0,0.0,0.0,0,0,0
1756703337,1615,0.03,0.0,0.0,0.0,0.0,0.0,0.0,0.0,0,0,0
1756703337,1616,0.02,0.0,0.0,0.0,0.0,0.0,0.0,0.0,0,0,0
1756703337,1617,-0.02,0.0,-0.05,0.0,0.0,0.0,0.0,0.0,0,0,0
1756703337,1618,0.02,0.0,0.0,0.0,0.0,0.0,0.0,0.0,0,0,0
1756703337,1619,0.07,0.0,0.0,0.0,0.0,0.0,0.0,0.0,0,0,0
1756703337,1620,-0.05,0.0,-0.03,0.0,0.0,0.0,0.0,0.0,0,0,0
1756703337,1621,0.07,0.0,0.0,0.0,0.0,0.0,0.0,0.0,0,0,0
1756703338,1622,0.09,0.0,-0.02,0.0,0.0,0.0,0.0,0.0,0,0,0
1756703338,1623,0.09,0.0,0.0,0.0,0.0,0.0,0.0,0.0,0,0,0
1756703338,1624,0.0,0.0,-0.01,0.0,0.0,0.0,0.0,0.0,0,0,0
1756703338,1625,0.0,0.0,0.03,0.0,0.0,0.0,0.0,0.0,0,0,0
1756703338,1626,0.02,0.0,0.0,0.0,0.0,0.0,0.0,0.0,0,0,0
1756703338,1627,-0.05,0.0,0.0,0.0,0.0,0.0,0.0,0.0,0,0,0
1756703338,1628,-0.01,0.0,0.0,0.0,0.0,0.0,0.0,0.0,0,0,0
1756703338,1629,0.02,0.0,-0.07,0.0,0.0,0.0,0.0,0.0,0,0,0
1756703338,1630,0.0,0.0,-0.02,0.0,0.0,0.0,0.0,0.0,0,0,0
1756703338,1631,-0.02,0.0,0.05,0.0,0.0,0.0,0.0,0.0,0,0,0
1756703338,1632,-0.01,0.0,0.0,0.0,0.0,0.0,0.0,0.0,0,0,0
1756703338,1633,0.05,0.0,0.0,0.0,0.0,0.0,0.0,0.0,0,0,0
1756703338,1634,0.05,0.0,-0.03,0.0,0.0,0.0,0.0,0.0,0,0,0
1756703338,1635,0.07,0.0,-0.01,0.0,0.0,0.0,0.0,0.0,0,0,0
1756703338,1636,0.0,0.0,-0.02,0.0,0.0,0.0,0.0,0.0,0,0,0
1756703338,1637,0.02,0.0,0.01,0.0,0.0,0.0,0.0,0.0,0,0,0
1756703338,1638,0.05,0.0,0.03,0.0,0.0,0.0,0.0,0.0,0,0,0
1756703338,1639,0.05,0.0,-0.05,0.0,0.0,0.0,0.0,0.0,0,0,0
1756703338,1640,0.0,0.0,0.0,0.0,0.0,0.0,0.0,0.0,0,0,0
1756703338,1641,0.02,0.0,-0.03,0.0,0.0,0.0,0.0,0.0,0,0,0
1756703338,1642,0.07,0.0,-0.01,0.0,0.0,0.0,0.0,0.0,0,0,0
1756703338,1643,0.0,0.0,-0.09,0.0,0.0,0.0,0.0,0.0,0,0,0
1756703338,1644,0.02,0.0,-0.05,0.0,0.0,0.0,0.0,0.0,0,0,0
1756703338,1645,0.03,0.0,-0.02,0.0,0.0,0.0,0.0,0.0,0,0,0
1756703338,1646,0.0,0.0,0.0,0.0,0.0,0.0,0.0,0.0,0,0,0
1756703338,1647,0.0,0.0,0.0,0.0,0.0,0.0,0.0,0.0,0,0,0
1756703338,1648,0.03,0.0,-0.07,0.0,0.0,0.0,0.0,0.0,0,0,0
1756703338,1649,0.05,0.0,0.0,0.0,0.0,0.0,0.0,0.0,0,0,0
1756703338,1650,0.01,0.0,0.0,0.0,0.0,0.0,0.0,0.0,0,0,0
1756703338,1651,0.05,0.0,0.0,0.0,0.0,0.0,0.0,0.0,0,0,0
1756703338,1652,0.0,0.0,-0.03,0.0,0.0,0.0,0.0,0.0,0,0,0
1756703338,1653,0.01,0.0,-0.01,0.0,0.0,0.0,0.0,0.0,0,0,0
1756703338,1654,0.05,0.0,0.02,0.0,0.0,0.0,0.0,0.0,0,0,0
1756703338,1655,0.03,0.0,0.0,0.0,0.0,0.0,0.0,0.0,0,0,0
1756703338,1656,0.02,0.0,0.0,0.0,0.0,0.0,0.0,0.0,0,0,0
1756703338,1657,0.07,0.0,-0.01,0.0,0.0,0.0,0.0,0.0,0,0,0
1756703338,1658,0.0,0.0,-0.02,0.0,0.0,0.0,0.0,0.0,0,0,0
1756703338,1659,0.02,0.0,-0.01,0.0,0.0,0.0,0.0,0.0,0,0,0
1756703338,1660,0.0,0.0,-0.01,0.0,0.0,0.0,0.0,0.0,0,0,0
1756703338,1661,0.03,0.0,-0.02,0.0,0.0,0.0,0.0,0.0,0,0,0
1756703338,1662,0.05,0.0,0.0,0.0,0.0,0.0,0.0,0.0,0,0,0
1756703338,1663,0.01,0.0,-0.03,0.0,0.0,0.0,0.0,0.0,0,0,0
1756703338,1664,0.03,0.0,-0.02,0.0,0.0,0.0,0.0,0.0,0,0,0
1756703338,1665,0.07,0.0,-0.05,0.0,0.0,0.0,0.0,0.0,0,0,0
1756703338,1666,0.03,0.0,0.0,0.0,0.0,0.0,0.0,0.0,0,0,0
1756703338,1667,0.02,0.0,-0.05,0.0,0.0,0.0,0.0,0.0,0,0,0
1756703338,1668,0.0,0.0,-0.01,0.0,0.0,0.0,0.0,0.0,0,0,0
1756703338,1669,0.05,0.0,-0.01,0.0,0.0,0.0,0.0,0.0,0,0,0
1756703338,1670,0.02,0.0,0.0,0.0,0.0,0.0,0.0,0.0,0,0,0
1756703338,1671,-0.03,0.0,0.0,0.0,0.0,0.0,0.0,0.0,0,0,0
1756703338,1672,0.0,0.0,-0.02,0.0,0.0,0.0,0.0,0.0,0,0,0
1756703338,1673,0.05,0.0,-0.01,0.0,0.0,0.0,0.0,0.0,0,0,0
1756703338,1674,0.05,0.0,-0.01,0.0,0.0,0.0,0.0,0.0,0,0,0
1756703338,1675,0.03,0.0,-0.01,0.0,0.0,0.0,0.0,0.0,0,0,0
1756703338,1676,0.0,0.0,0.0,0.0,0.0,0.0,0.0,0.0,0,0,0
1756703338,1677,0.0,0.0,-0.05,0.0,0.0,0.0,0.0,0.0,0,0,0
1756703338,1678,0.01,0.0,-0.01,0.0,0.0,0.0,0.0,0.0,0,0,0
1756703338,1679,0.0,0.0,-0.01,0.0,0.0,0.0,0.0,0.0,0,0,0
1756703338,1680,0.03,0.0,0.0,0.0,0.0,0.0,0.0,0.0,0,0,0
1756703338,1681,0.02,0.0,-0.02,0.0,0.0,0.0,0.0,0.0,0,0,0
1756703338,1682,0.01,0.0,0.0,0.0,0.0,0.0,0.0,0.0,0,0,0
1756703338,1683,0.02,0.0,-0.05,0.0,0.0,0.0,0.0,0.0,0,0,0
1756703338,1684,0.03,0.0,0.0,0.0,0.0,0.0,0.0,0.0,0,0,0
1756703338,1685,0.01,0.0,0.0,0.0,0.0,0.0,0.0,0.0,0,0,0
1756703339,1686,0.01,0.0,-0.05,0.0,0.0,0.0,0.0,0.0,0,0,0
1756703339,1687,0.05,0.0,-0.01,0.0,0.0,0.0,0.0,0.0,0,0,0
1756703339,1688,0.05,0.0,-0.05,0.0,0.0,0.0,0.0,0.0,0,0,0
1756703339,1689,0.01,0.0,0.02,0.0,0.0,0.0,0.0,0.0,0,0,0
1756703339,1690,0.02,0.0,0.0,0.0,0.0,0.0,0.0,0.0,0,0,0
1756703339,1691,0.05,0.0,-0.01,0.0,0.0,0.0,0.0,0.0,0,0,0
1756703339,1692,0.03,0.0,0.0,0.0,0.0,0.0,0.0,0.0,0,0,0
1756703339,1693,0.02,0.0,0.0,0.0,0.0,0.0,0.0,0.0,0,0,0
1756703339,1694,0.0,0.0,-0.03,0.0,0.0,0.0,0.0,0.0,0,0,0
1756703339,1695,0.03,0.0,0.0,0.0,0.0,0.0,0.0,0.0,0,0,0
1756703339,1696,0.05,0.0,-0.02,0.0,0.0,0.0,0.0,0.0,0,0,0
1756703339,1697,0.02,0.0,-0.01,0.0,0.0,0.0,0.0,0.0,0,0,0
1756703339,1698,0.02,0.0,-0.02,0.0,0.0,0.0,0.0,0.0,0,0,0
1756703339,1699,0.02,0.0,-0.01,0.0,0.0,0.0,0.0,0.0,0,0,0
1756703339,1700,0.0,0.0,-0.05,0.0,0.0,0.0,0.0,0.0,0,0,0
1756703339,1701,0.02,0.0,0.0,0.0,0.0,0.0,0.0,0.0,0,0,0
1756703339,1702,0.02,0.0,0.0,0.0,0.0,0.0,0.0,0.0,0,0,0
1756703339,1703,0.0,0.0,0.0,0.0,0.0,0.0,0.0,0.0,0,0,0
1756703339,1704,0.0,0.0,-0.01,0.0,0.0,0.0,0.0,0.0,0,0,0
1756703339,1705,0.0,0.0,-0.01,0.0,0.0,0.0,0.0,0.0,0,0,0
1756703339,1706,0.0,0.0,0.0,0.0,0.0,0.0,0.0,0.0,0,0,0
1756703339,1707,0.0,0.0,0.0,0.0,0.0,0.0,0.0,0.0,0,0,0
1756703339,1708,0.02,0.0,-0.01,0.0,0.0,0.0,0.0,0.0,0,0,0
1756703339,1709,0.1,0.0,-0.03,0.0,0.0,0.0,0.0,0.0,0,0,0
1756703339,1710,0.0,0.0,-0.01,0.0,0.0,0.0,0.0,0.0,0,0,0
1756703339,1711,0.0,0.0,0.0,0.0,0.0,0.0,0.0,0.0,0,0,0
1756703339,1712,0.07,0.0,0.0,0.0,0.0,0.0,0.0,0.0,0,0,0
1756703339,1713,0.0,0.0,0.0,0.0,0.0,0.0,0.0,0.0,0,0,0
1756703339,1714,0.05,0.0,-0.01,0.0,0.0,0.0,0.0,0.0,0,0,0
1756703339,1715,0.0,0.0,0.0,0.0,0.0,0.0,0.0,0.0,0,0,0
1756703339,1716,0.0,0.0,-0.01,0.0,0.0,0.0,0.0,0.0,0,0,0
1756703339,1717,-0.03,0.0,-0.1,0.0,0.0,0.0,0.0,0.0,0,0,0
1756703339,1718,0.0,0.0,0.0,0.0,0.0,0.0,0.0,0.0,0,0,0
1756703339,1719,0.01,0.0,0.0,0.0,0.0,0.0,0.0,0.0,0,0,0
1756703339,1720,0.05,0.0,0.0,0.0,0.0,0.0,0.0,0.0,0,0,0
1756703339,1721,0.03,0.0,-0.07,0.0,0.0,0.0,0.0,0.0,0,0,0
1756703339,1722,0.0,0.0,-0.02,0.0,0.0,0.0,0.0,0.0,0,0,0
1756703339,1723,0.02,0.0,-0.01,0.0,0.0,0.0,0.0,0.0,0,0,0
1756703339,1724,-0.03,0.0,0.0,0.0,0.0,0.0,0.0,0.0,0,0,0
1756703339,1725,0.0,0.0,-0.03,0.0,0.0,0.0,0.0,0.0,0,0,0
1756703339,1726,0.07,0.0,-0.05,0.0,0.0,0.0,0.0,0.0,0,0,0
1756703339,1727,0.03,0.0,0.0,0.0,0.0,0.0,0.0,0.0,0,0,0
1756703339,1728,0.01,0.0,0.0,0.0,0.0,0.0,0.0,0.0,0,0,0
1756703339,1729,0.0,0.0,-0.01,0.0,0.0,0.0,0.0,0.0,0,0,0
1756703339,1730,0.01,0.0,0.0,0.0,0.0,0.0,0.0,0.0,0,0,0
1756703339,1731,0.0,0.0,-0.01,0.0,0.0,0.0,0.0,0.0,0,0,0
1756703339,1732,0.0,0.0,-0.02,0.0,0.0,0.0,0.0,0.0,0,0,0
1756703339,1733,0.0,0.0,0.0,0.0,0.0,0.0,0.0,0.0,0,0,0
1756703339,1734,0.0,0.0,-0.03,0.0,0.0,0.0,0.0,0.0,0,0,0
1756703339,1735,0.02,0.0,-0.01,0.0,0.0,0.0,0.0,0.0,0,0,0
1756703339,1736,0.02,0.0,-0.01,0.0,0.0,0.0,0.0,0.0,0,0,0
1756703339,1737,0.0,0.0,0.0,0.0,0.0,0.0,0.0,0.0,0,0,0
1756703339,1738,0.05,0.0,-0.01,0.0,0.0,0.0,0.0,0.0,0,0,0
1756703339,1739,0.03,0.0,-0.01,0.0,0.0,0.0,0.0,0.0,0,0,0
1756703339,1740,0.0,0.0,-0.02,0.0,0.0,0.0,0.0,0.0,0,0,0
1756703339,1741,-0.01,0.0,-0.05,0.0,0.0,0.0,0.0,0.0,0,0,0
1756703339,1742,0.05,0.0,0.0,0.0,0.0,0.0,0.0,0.0,0,0,0
1756703339,1743,0.05,0.0,-0.01,0.0,0.0,0.0,0.0,0.0,0,0,0
1756703339,1744,0.0,0.0,-0.01,0.0,0.0,0.0,0.0,0.0,0,0,0
1756703339,1745,-0.01,0.0,0.0,0.0,0.0,0.0,0.0,0.0,0,0,0
1756703339,1746,0.03,0.0,-0.01,0.0,0.0,0.0,0.0,0.0,0,0,0
1756703339,1747,0.0,0.0,0.0,0.0,0.0,0.0,0.0,0.0,0,0,0
1756703339,1748,0.1,0.0,-0.11,0.0,0.0,0.0,0.0,0.0,0,0,0
1756703339,1749,0.0,0.0,-0.01,0.0,0.0,0.0,0.0,0.0,0,0,0
1756703339,1750,0.0,0.0,-0.02,0.0,0.0,0.0,0.0,0.0,0,0,0
1756703339,1751,0.0,0.0,0.0,0.0,0.0,0.0,0.0,0.0,0,0,0
1756703339,1752,0.02,0.0,-0.05,0.0,0.0,0.0,0.0,0.0,0,0,0
1756703339,1753,0.02,0.0,0.0,0.0,0.0,0.0,0.0,0.0,0,0,0
1756703339,1754,0.05,0.0,-0.02,0.0,0.0,0.0,0.0,0.0,0,0,0
1756703339,1755,0.01,0.0,0.0,0.0,0.0,0.0,0.0,0.0,0,0,0
1756703340,1756,0.0,0.0,0.0,0.0,0.0,0.0,0.0,0.0,0,0,0
1756703340,1757,0.07,0.0,0.0,0.0,0.0,0.0,0.0,0.0,0,0,0
1756703340,1758,0.0,0.0,0.0,0.0,0.0,0.0,0.0,0.0,0,0,0
1756703340,1759,0.01,0.0,-0.01,0.0,0.0,0.0,0.0,0.0,0,0,0
1756703340,1760,0.0,0.0,-0.01,0.0,0.0,0.0,0.0,0.0,0,0,0
1756703340,1761,0.02,0.0,-0.1,0.0,0.0,0.0,0.0,0.0,0,0,0
1756703340,1762,-0.01,0.0,0.0,0.0,0.0,0.0,0.0,0.0,0,0,0
1756703340,1763,0.05,0.0,-0.01,0.0,0.0,0.0,0.0,0.0,0,0,0
1756703340,1764,0.05,0.0,-0.03,0.0,0.0,0.0,0.0,0.0,0,0,0
1756703340,1765,0.07,0.0,0.0,0.0,0.0,0.0,0.0,0.0,0,0,0
1756703340,1766,0.0,0.0,-0.07,0.0,0.0,0.0,0.0,0.0,0,0,0
1756703340,1767,0.02,0.0,0.0,0.0,0.0,0.0,0.0,0.0,0,0,0
1756703340,1768,0.05,0.0,0.0,0.0,0.0,0.0,0.0,0.0,0,0,0
1756703340,1769,-0.03,0.0,0.01,0.0,0.0,0.0,0.0,0.0,0,0,0
1756703340,1770,0.05,0.0,0.02,0.0,0.0,0.0,0.0,0.0,0,0,0
1756703340,1771,0.01,0.0,0.0,0.0,0.0,0.0,0.0,0.0,0,0,0
1756703340,1772,0.03,0.0,-0.05,0.0,0.0,0.0,0.0,0.0,0,0,0
1756703340,1773,0.0,0.0,-0.01,0.0,0.0,0.0,0.0,0.0,0,0,0
1756703340,1774,0.01,0.0,0.0,0.0,0.0,0.0,0.0,0.0,0,0,0
1756703340,1775,0.02,0.0,0.05,0.0,0.0,0.0,0.0,0.0,0,0,0
1756703340,1776,-0.03,0.0,-0.01,0.0,0.0,0.0,0.0,0.0,0,0,0
1756703340,1777,0.01,0.0,-0.07,0.0,0.0,0.0,0.0,0.0,0,0,0
1756703340,1778,0.05,0.0,0.0,0.0,0.0,0.0,0.0,0.0,0,0,0
1756703340,1779,-0.01,0.0,-0.02,0.0,0.0,0.0,0.0,0.0,0,0,0
1756703340,1780,0.0,0.0,-0.02,0.0,0.0,0.0,0.0,0.0,0,0,0
1756703340,1781,0.03,0.0,0.0,0.0,0.0,0.0,0.0,0.0,0,0,0
1756703340,1782,-0.01,0.0,-0.02,0.0,0.0,0.0,0.0,0.0,0,0,0
1756703340,1783,0.0,0.0,-0.01,0.0,0.0,0.0,0.0,0.0,0,0,0
1756703340,1784,0.03,0.0,0.01,0.0,0.0,0.0,0.0,0.0,0,0,0
1756703340,1785,0.0,0.0,0.0,0.0,0.0,0.0,0.0,0.0,0,0,0
1756703340,1786,0.03,0.0,-0.01,0.0,0.0,0.0,0.0,0.0,0,0,0
1756703340,1787,0.02,0.0,-0.02,0.0,0.0,0.0,0.0,0.0,0,0,0
1756703340,1788,0.07,0.0,0.0,0.0,0.0,0.0,0.0,0.0,0,0,0
1756703340,1789,0.05,0.0,-0.03,0.0,0.0,0.0,0.0,0.0,0,0,0
1756703340,1790,0.0,0.0,-0.01,0.0,0.0,0.0,0.0,0.0,0,0,0
1756703340,1791,0.05,0.0,0.0,0.0,0.0,0.0,0.0,0.0,0,0,0
1756703340,1792,0.07,0.0,-0.02,0.0,0.0,0.0,0.0,0.0,0,0,0
1756703340,1793,0.0,0.0,0.0,0.0,0.0,0.0,0.0,0.0,0,0,0
1756703340,1794,0.03,0.0,-0.02,0.0,0.0,0.0,0.0,0.0,0,0,0
1756703340,1795,0.01,0.0,-0.02,0.0,0.0,0.0,0.0,0.0,0,0,0
1756703340,1796,0.0,0.0,0.0,0.0,0.0,0.0,0.0,0.0,0,0,0
1756703340,1797,0.02,0.0,-0.03,0.0,0.0,0.0,0.0,0.0,0,0,0
1756703340,1798,0.0,0.0,-0.03,0.0,0.0,0.0,0.0,0.0,0,0,0
1756703340,1799,0.0,0.0,-0.02,0.0,0.0,0.0,0.0,0.0,0,0,0
1756703340,1800,0.03,0.0,0.0,0.0,0.0,0.0,0.0,0.0,0,0,0
1756703340,1801,0.0,0.0,0.0,0.0,0.0,0.0,0.0,0.0,0,0,0
1756703340,1802,0.0,0.0,-0.03,0.0,0.0,0.0,0.0,0.0,0,0,0
1756703340,1803,0.07,0.0,0.0,0.0,0.0,0.0,0.0,0.0,0,0,0
1756703340,1804,0.05,0.0,0.02,0.0,0.0,0.0,0.0,0.0,0,0,0
1756703340,1805,0.02,0.0,-0.07,0.0,0.0,0.0,0.0,0.0,0,0,0
1756703340,1806,0.0,0.0,-0.01,0.0,0.0,0.0,0.0,0.0,0,0,0
1756703340,1807,-0.05,0.0,0.0,0.0,0.0,0.0,0.0,0.0,0,0,0
1756703340,1808,0.02,0.0,0.0,0.0,0.0,0.0,0.0,0.0,0,0,0
1756703340,1809,0.0,0.0,-0.03,0.0,0.0,0.0,0.0,0.0,0,0,0
1756703340,1810,0.03,0.0,-0.03,0.0,0.0,0.0,0.0,0.0,0,0,0
1756703340,1811,0.09,0.0,0.0,0.0,0.0,0.0,0.0,0.0,0,0,0
1756703340,1812,0.02,0.0,0.0,0.0,0.0,0.0,0.0,0.0,0,0,0
1756703340,1813,0.15,0.0,-0.05,0.0,0.0,0.0,0.0,0.0,0,0,0
1756703340,1814,0.0,0.0,0.0,0.0,0.0,0.0,0.0,0.0,0,0,0
1756703340,1815,-0.02,0.0,0.0,0.0,0.0,0.0,0.0,0.0,0,0,0
1756703340,1816,0.0,0.0,-0.01,0.0,0.0,0.0,0.0,0.0,0,0,0
1756703340,1817,0.09,0.0,-0.02,0.0,0.0,0.0,0.0,0.0,0,0,0
1756703341,1818,0.0,0.0,0.0,0.0,0.0,0.0,0.0,0.0,0,0,0
1756703341,1819,0.03,0.0,-0.02,0.0,0.0,0.0,0.0,0.0,0,0,0
1756703341,1820,0.01,0.0,0.0,0.0,0.0,0.0,0.0,0.0,0,0,0
1756703341,1821,0.01,0.0,-0.02,0.0,0.0,0.0,0.0,0.0,0,0,0
1756703341,1822,0.0,0.0,0.0,0.0,0.0,0.0,0.0,0.0,0,0,0
1756703341,1823,0.03,0.0,-0.09,0.0,0.0,0.0,0.0,0.0,0,0,0
1756703341,1824,0.05,0.0,-0.1,0.0,0.0,0.0,0.0,0.0,0,0,0
1756703341,1825,0.05,0.0,-0.01,0.0,0.0,0.0,0.0,0.0,0,0,0
1756703341,1826,0.0,0.0,0.0,0.0,0.0,0.0,0.0,0.0,0,0,0
1756703341,1827,0.01,0.0,-0.05,0.0,0.0,0.0,0.0,0.0,0,0,0
1756703341,1828,0.01,0.0,-0.03,0.0,0.0,0.0,0.0,0.0,0,0,0
1756703341,1829,0.0,0.0,0.0,0.0,0.0,0.0,0.0,0.0,0,0,0
1756703341,1830,0.03,0.0,0.0,0.0,0.0,0.0,0.0,0.0,0,0,0
1756703341,1831,0.07,0.0,-0.03,0.0,0.0,0.0,0.0,0.0,0,0,0
1756703341,1832,0.0,0.0,-0.03,0.0,0.0,0.0,0.0,0.0,0,0,0
1756703341,1833,0.01,0.0,-0.01,0.0,0.0,0.0,0.0,0.0,0,0,0
1756703341,1834,0.0,0.0,-0.07,0.0,0.0,0.0,0.0,0.0,0,0,0
1756703341,1835,0.02,0.0,-0.01,0.0,0.0,0.0,0.0,0.0,0,0,0
1756703341,1836,-0.27,0.0,-0.07,0.0,0.0,0.0,0.0,0.0,0,0,0
1756703341,1837,0.0,0.0,0.0,0.0,0.0,0.0,0.0,0.0,0,0,0
1756703341,1838,0.07,0.0,0.02,0.0,0.0,0.0,0.0,0.0,0,0,0
1756703341,1839,0.05,0.0,0.0,0.0,0.0,0.0,0.0,0.0,0,0,0
1756703341,1840,0.07,0.0,-0.01,0.0,0.0,0.0,0.0,0.0,0,0,0
1756703341,1841,0.11,0.0,0.0,0.0,0.0,0.0,0.0,0.0,0,0,0
1756703341,1842,0.07,0.0,0.0,0.0,0.0,0.0,0.0,0.0,0,0,0
1756703341,1843,0.09,0.0,-0.05,0.0,0.0,0.0,0.0,0.0,0,0,0
1756703341,1844,0.05,0.0,0.0,0.0,0.0,0.0,0.0,0.0,0,0,0
1756703341,1845,0.03,0.0,-0.01,0.0,0.0,0.0,0.0,0.0,0,0,0
1756703341,1846,0.07,0.0,-0.03,0.0,0.0,0.0,0.0,0.0,0,0,0
1756703341,1847,0.0,0.0,-0.03,0.0,0.0,0.0,0.0,0.0,0,0,0
1756703341,1848,0.0,0.0,-0.01,0.0,0.0,0.0,0.0,0.0,0,0,0
1756703341,1849,0.0,0.0,0.0,0.0,0.0,0.0,0.0,0.0,0,0,0
1756703341,1850,0.0,0.0,0.01,0.0,0.0,0.0,0.0,0.0,0,0,0
1756703341,1851,0.05,0.0,0.0,0.0,0.0,0.0,0.0,0.0,0,0,0
1756703341,1852,0.05,0.0,0.0,0.0,0.0,0.0,0.0,0.0,0,0,0
1756703341,1853,0.0,0.0,-0.05,0.0,0.0,0.0,0.0,0.0,0,0,0
1756703341,1854,0.05,0.0,-0.01,0.0,0.0,0.0,0.0,0.0,0,0,0
1756703341,1855,0.0,0.0,-0.01,0.0,0.0,0.0,0.0,0.0,0,0,0
1756703341,1856,0.02,0.0,0.0,0.0,0.0,0.0,0.0,0.0,0,0,0
1756703341,1857,0.05,0.0,-0.01,0.0,0.0,0.0,0.0,0.0,0,0,0
1756703341,1858,0.02,0.0,0.0,0.0,0.0,0.0,0.0,0.0,0,0,0
1756703341,1859,0.0,0.0,-0.01,0.0,0.0,0.0,0.0,0.0,0,0,0
1756703341,1860,-0.05,0.0,-0.05,0.0,0.0,0.0,0.0,0.0,0,0,0
1756703341,1861,0.0,0.0,0.03,0.0,0.0,0.0,0.0,0.0,0,0,0
1756703341,1862,-0.02,0.0,-0.02,0.0,0.0,0.0,0.0,0.0,0,0,0
1756703341,1863,0.0,0.0,-0.02,0.0,0.0,0.0,0.0,0.0,0,0,0
1756703341,1864,0.0,0.0,-0.03,0.0,0.0,0.0,0.0,0.0,0,0,0
1756703341,1865,0.03,0.0,-0.02,0.0,0.0,0.0,0.0,0.0,0,0,0
1756703341,1866,0.05,0.0,-0.03,0.0,0.0,0.0,0.0,0.0,0,0,0
1756703341,1867,0.0,0.0,0.0,0.0,0.0,0.0,0.0,0.0,0,0,0
1756703341,1868,-0.01,0.0,-0.01,0.0,0.0,0.0,0.0,0.0,0,0,0
1756703341,1869,0.0,0.0,-0.02,0.0,0.0,0.0,0.0,0.0,0,0,0
1756703341,1870,0.05,0.0,-0.05,0.0,0.0,0.0,0.0,0.0,0,0,0
1756703341,1871,0.03,0.0,-0.02,0.0,0.0,0.0,0.0,0.0,0,0,0
1756703341,1872,0.03,0.0,0.0,0.0,0.0,0.0,0.0,0.0,0,0,0
1756703341,1873,0.02,0.0,0.0,0.0,0.0,0.0,0.0,0.0,0,0,0
1756703341,1874,0.07,0.0,0.0,0.0,0.0,0.0,0.0,0.0,0,0,0
1756703341,1875,0.05,0.0,-0.03,0.0,0.0,0.0,0.0,0.0,0,0,0
1756703341,1876,0.07,0.0,-0.05,0.0,0.0,0.0,0.0,0.0,0,0,0
1756703341,1877,0.03,0.0,-0.01,0.0,0.0,0.0,0.0,0.0,0,0,0
1756703341,1878,0.03,0.0,-0.02,0.0,0.0,0.0,0.0,0.0,0,0,0
1756703341,1879,-0.05,0.0,-0.03,0.0,0.0,0.0,0.0,0.0,0,0,0
1756703341,1880,0.0,0.0,-0.02,0.0,0.0,0.0,0.0,0.0,0,0,0
1756703341,1881,0.02,0.0,-0.01,0.0,0.0,0.0,0.0,0.0,0,0,0
1756703341,1882,0.05,0.0,0.0,0.0,0.0,0.0,0.0,0.0,0,0,0
1756703341,1883,0.03,0.0,-0.02,0.0,0.0,0.0,0.0,0.0,0,0,0
1756703341,1884,0.0,0.0,-0.01,0.0,0.0,0.0,0.0,0.0,0,0,0
1756703341,1885,0.03,0.0,0.0,0.0,0.0,0.0,0.0,0.0,0,0,0
1756703341,1886,-0.02,0.0,-0.05,0.0,0.0,0.0,0.0,0.0,0,0,0
1756703341,1887,0.07,0.0,0.0,0.0,0.0,0.0,0.0,0.0,0,0,0
1756703342,1888,0.05,0.0,-0.02,0.0,0.0,0.0,0.0,0.0,0,0,0
1756703342,1889,0.07,0.0,-0.02,0.0,0.0,0.0,0.0,0.0,0,0,0
1756703342,1890,0.0,0.0,-0.01,0.0,0.0,0.0,0.0,0.0,0,0,0
1756703342,1891,0.07,0.0,-0.05,0.0,0.0,0.0,0.0,0.0,0,0,0
1756703342,1892,0.05,0.0,0.0,0.0,0.0,0.0,0.0,0.0,0,0,0
1756703342,1893,0.0,0.0,-0.05,0.0,0.0,0.0,0.0,0.0,0,0,0
1756703342,1894,0.0,0.0,-0.01,0.0,0.0,0.0,0.0,0.0,0,0,0
1756703342,1895,0.02,0.0,-0.02,0.0,0.0,0.0,0.0,0.0,0,0,0
1756703342,1896,0.03,0.0,-0.03,0.0,0.0,0.0,0.0,0.0,0,0,0
1756703342,1897,0.0,0.0,0.0,0.0,0.0,0.0,0.0,0.0,0,0,0
1756703342,1898,0.02,0.0,-0.05,0.0,0.0,0.0,0.0,0.0,0,0,0
1756703342,1899,0.0,0.0,-0.03,0.0,0.0,0.0,0.0,0.0,0,0,0
1756703342,1900,-0.01,0.0,0.0,0.0,0.0,0.0,0.0,0.0,0,0,0
1756703342,1901,0.07,0.0,0.0,0.0,0.0,0.0,0.0,0.0,0,0,0
1756703342,1902,0.03,0.0,0.0,0.0,0.0,0.0,0.0,0.0,0,0,0
1756703342,1903,0.0,0.0,-0.05,0.0,0.0,0.0,0.0,0.0,0,0,0
1756703342,1904,0.01,0.0,0.01,0.0,0.0,0.0,0.0,0.0,0,0,0
1756703342,1905,0.0,0.0,0.03,0.0,0.0,0.0,0.0,0.0,0,0,0
1756703342,1906,0.07,0.0,-0.03,0.0,0.0,0.0,0.0,0.0,0,0,0
1756703342,1907,0.0,0.0,-0.03,0.0,0.0,0.0,0.0,0.0,0,0,0
1756703342,1908,0.07,0.0,-0.03,0.0,0.0,0.0,0.0,0.0,0,0,0
1756703342,1909,0.02,0.0,0.0,0.0,0.0,0.0,0.0,0.0,0,0,0
1756703342,1910,0.03,0.0,-0.07,0.0,0.0,0.0,0.0,0.0,0,0,0
1756703342,1911,0.07,0.0,-0.03,0.0,0.0,0.0,0.0,0.0,0,0,0
1756703342,1912,-0.03,0.0,0.0,0.0,0.0,0.0,0.0,0.0,0,0,0
1756703342,1913,0.01,0.0,-0.07,0.0,0.0,0.0,0.0,0.0,0,0,0
1756703342,1914,0.01,0.0,-0.09,0.0,0.0,0.0,0.0,0.0,0,0,0
1756703342,1915,0.02,0.0,-0.01,0.0,0.0,0.0,0.0,0.0,0,0,0
1756703342,1916,0.0,0.0,0.0,0.0,0.0,0.0,0.0,0.0,0,0,0
1756703342,1917,0.01,0.0,-0.03,0.0,0.0,0.0,0.0,0.0,0,0,0
1756703342,1918,0.07,0.0,-0.05,0.0,0.0,0.0,0.0,0.0,0,0,0
1756703342,1919,0.02,0.0,-0.01,0.0,0.0,0.0,0.0,0.0,0,0,0
1756703342,1920,0.0,0.0,-0.01,0.0,0.0,0.0,0.0,0.0,0,0,0
1756703342,1921,0.0,0.0,0.0,0.0,0.0,0.0,0.0,0.0,0,0,0
1756703342,1922,0.02,0.0,0.0,0.0,0.0,0.0,0.0,0.0,0,0,0
1756703342,1923,0.0,0.0,0.0,0.0,0.0,0.0,0.0,0.0,0,0,0
1756703342,1924,0.01,0.0,0.0,0.0,0.0,0.0,0.0,0.0,0,0,0
1756703342,1925,0.02,0.0,0.0,0.0,0.0,0.0,0.0,0.0,0,0,0
1756703342,1926,0.01,0.0,-0.07,0.0,0.0,0.0,0.0,0.0,0,0,0
1756703342,1927,0.01,0.0,0.0,0.0,0.0,0.0,0.0,0.0,0,0,0
1756703342,1928,0.02,0.0,-0.1,0.0,0.0,0.0,0.0,0.0,0,0,0
1756703342,1929,0.01,0.0,-0.02,0.0,0.0,0.0,0.0,0.0,0,0,0
1756703342,1930,0.03,0.0,0.0,0.0,0.0,0.0,0.0,0.0,0,0,0
1756703342,1931,0.03,0.0,-0.02,0.0,0.0,0.0,0.0,0.0,0,0,0
1756703342,1932,-0.01,0.0,-0.05,0.0,0.0,0.0,0.0,0.0,0,0,0
1756703342,1933,0.0,0.0,-0.01,0.0,0.0,0.0,0.0,0.0,0,0,0
1756703342,1934,0.05,0.0,-0.01,0.0,0.0,0.0,0.0,0.0,0,0,0
1756703342,1935,0.0,0.0,0.0,0.0,0.0,0.0,0.0,0.0,0,0,0
1756703342,1936,0.05,0.0,-0.01,0.0,0.0,0.0,0.0,0.0,0,0,0
1756703342,1937,0.0,0.0,-0.05,0.0,0.0,0.0,0.0,0.0,0,0,0
1756703342,1938,0.03,0.0,0.0,0.0,0.0,0.0,0.0,0.0,0,0,0
1756703342,1939,0.0,0.0,0.0,0.0,0.0,0.0,0.0,0.0,0,0,0
1756703342,1940,0.07,0.0,-0.02,0.0,0.0,0.0,0.0,0.0,0,0,0
1756703342,1941,0.0,0.0,0.0,0.0,0.0,0.0,0.0,0.0,0,0,0
1756703342,1942,0.01,0.0,-0.02,0.0,0.0,0.0,0.0,0.0,0,0,0
1756703342,1943,-0.01,0.0,-0.07,0.0,0.0,0.0,0.0,0.0,0,0,0
1756703342,1944,0.03,0.0,0.0,0.0,0.0,0.0,0.0,0.0,0,0,0
1756703342,1945,0.02,0.0,-0.01,0.0,0.0,0.0,0.0,0.0,0,0,0
1756703342,1946,0.07,0.0,0.0,0.0,0.0,0.0,0.0,0.0,0,0,0
1756703342,1947,0.03,0.0,0.0,0.0,0.0,0.0,0.0,0.0,0,0,0
1756703342,1948,0.03,0.0,0.01,0.0,0.0,0.0,0.0,0.0,0,0,0
1756703342,1949,0.05,0.0,0.0,0.0,0.0,0.0,0.0,0.0,0,0,0
1756703342,1950,0.05,0.0,-0.02,0.0,0.0,0.0,0.0,0.0,0,0,0
1756703342,1951,0.0,0.0,-0.01,0.0,0.0,0.0,0.0,0.0,0,0,0
1756703342,1952,0.0,0.0,-0.02,0.0,0.0,0.0,0.0,0.0,0,0,0
1756703342,1953,0.0,0.0,-0.07,0.0,0.0,0.0,0.0,0.0,0,0,0
1756703343,1954,0.05,0.0,0.0,0.0,0.0,0.0,0.0,0.0,0,0,0
1756703343,1955,0.02,0.0,0.01,0.0,0.0,0.0,0.0,0.0,0,0,0
1756703343,1956,-0.01,0.0,0.0,0.0,0.0,0.0,0.0,0.0,0,0,0
1756703343,1957,0.03,0.0,-0.01,0.0,0.0,0.0,0.0,0.0,0,0,0
1756703343,1958,0.03,0.0,-0.09,0.0,0.0,0.0,0.0,0.0,0,0,0
1756703343,1959,0.09,0.0,-0.07,0.0,0.0,0.0,0.0,0.0,0,0,0
1756703343,1960,0.0,0.0,-0.09,0.0,0.0,0.0,0.0,0.0,0,0,0
1756703343,1961,0.0,0.0,-0.01,0.0,0.0,0.0,0.0,0.0,0,0,0
1756703343,1962,0.03,0.0,-0.03,0.0,0.0,0.0,0.0,0.0,0,0,0
1756703343,1963,-0.02,0.0,-0.03,0.0,0.0,0.0,0.0,0.0,0,0,0
1756703343,1964,0.05,0.0,-0.09,0.0,0.0,0.0,0.0,0.0,0,0,0
1756703343,1965,0.03,0.0,-0.01,0.0,0.0,0.0,0.0,0.0,0,0,0
1756703343,1966,0.02,0.0,-0.02,0.0,0.0,0.0,0.0,0.0,0,0,0
1756703343,1967,0.0,0.0,-0.02,0.0,0.0,0.0,0.0,0.0,0,0,0
1756703343,1968,0.01,0.0,-0.03,0.0,0.0,0.0,0.0,0.0,0,0,0
1756703343,1969,0.05,0.0,0.0,0.0,0.0,0.0,0.0,0.0,0,0,0
1756703343,1970,0.02,0.0,-0.02,0.0,0.0,0.0,0.0,0.0,0,0,0
1756703343,1971,0.02,0.0,-0.03,0.0,0.0,0.0,0.0,0.0,0,0,0
1756703343,1972,0.02,0.0,-0.01,0.0,0.0,0.0,0.0,0.0,0,0,0
1756703343,1973,0.05,0.0,-0.01,0.0,0.0,0.0,0.0,0.0,0,0,0
1756703343,1974,0.0,0.0,0.02,0.0,0.0,0.0,0.0,0.0,0,0,0
1756703343,1975,0.03,0.0,-0.01,0.0,0.0,0.0,0.0,0.0,0,0,0
1756703343,1976,-0.07,0.0,0.0,0.0,0.0,0.0,0.0,0.0,0,0,0
1756703343,1977,0.01,0.0,-0.03,0.0,0.0,0.0,0.0,0.0,0,0,0
1756703343,1978,0.05,0.0,-0.03,0.0,0.0,0.0,0.0,0.0,0,0,0
1756703343,1979,-0.02,0.0,-0.05,0.0,0.0,0.0,0.0,0.0,0,0,0
1756703343,1980,0.0,0.0,0.0,0.0,0.0,0.0,0.0,0.0,0,0,0
1756703343,1981,0.05,0.0,-0.01,0.0,0.0,0.0,0.0,0.0,0,0,0
1756703343,1982,0.03,0.0,0.0,0.0,0.0,0.0,0.0,0.0,0,0,0
1756703343,1983,0.18,0.0,-0.11,0.0,0.0,0.0,0.0,0.0,0,0,0
1756703343,1984,0.0,0.0,-0.03,0.0,0.0,0.0,0.0,0.0,0,0,0
1756703343,1985,0.0,0.0,0.0,0.0,0.0,0.0,0.0,0.0,0,0,0
1756703343,1986,0.05,0.0,0.0,0.0,0.0,0.0,0.0,0.0,0,0,0
1756703343,1987,0.02,0.0,0.0,0.0,0.0,0.0,0.0,0.0,0,0,0
1756703343,1988,0.01,0.0,0.0,0.0,0.0,0.0,0.0,0.0,0,0,0
1756703343,1989,0.03,0.0,-0.01,0.0,0.0,0.0,0.0,0.0,0,0,0
1756703343,1990,0.02,0.0,0.0,0.0,0.0,0.0,0.0,0.0,0,0,0
1756703343,1991,0.0,0.0,0.02,0.0,0.0,0.0,0.0,0.0,0,0,0
1756703343,1992,0.05,0.0,-0.07,0.0,0.0,0.0,0.0,0.0,0,0,0
1756703343,1993,0.0,0.0,-0.05,0.0,0.0,0.0,0.0,0.0,0,0,0
1756703343,1994,0.03,0.0,-0.01,0.0,0.0,0.0,0.0,0.0,0,0,0
1756703343,1995,0.0,0.0,0.0,0.0,0.0,0.0,0.0,0.0,0,0,0
1756703343,1996,-0.01,0.0,0.0,0.0,0.0,0.0,0.0,0.0,0,0,0
1756703343,1997,0.02,0.0,-0.07,0.0,0.0,0.0,0.0,0.0,0,0,0
1756703343,1998,0.03,0.0,0.0,0.0,0.0,0.0,0.0,0.0,0,0,0
1756703343,1999,0.01,0.0,0.0,0.0,0.0,0.0,0.0,0.0,0,0,0
1756703343,2000,0.07,0.0,-0.02,0.0,0.0,0.0,0.0,0.0,0,0,0
1756703343,2001,0.02,0.0,-0.03,0.0,0.0,0.0,0.0,0.0,0,0,0
1756703343,2002,0.05,0.0,0.0,0.0,0.0,0.0,0.0,0.0,0,0,0
1756703343,2003,0.02,0.0,-0.01,0.0,0.0,0.0,0.0,0.0,0,0,0
1756703343,2004,0.0,0.0,-0.07,0.0,0.0,0.0,0.0,0.0,0,0,0
1756703343,2005,0.0,0.0,-0.02,0.0,0.0,0.0,0.0,0.0,0,0,0
1756703343,2006,0.07,0.0,0.0,0.0,0.0,0.0,0.0,0.0,0,0,0
1756703343,2007,0.0,0.0,0.0,0.0,0.0,0.0,0.0,0.0,0,0,0
1756703343,2008,0.03,0.0,0.0,0.0,0.0,0.0,0.0,0.0,0,0,0
1756703343,2009,0.05,0.0,0.0,0.0,0.0,0.0,0.0,0.0,0,0,0
1756703343,2010,0.0,0.0,-0.07,0.0,0.0,0.0,0.0,0.0,0,0,0
1756703343,2011,0.01,0.0,-0.07,0.0,0.0,0.0,0.0,0.0,0,0,0
1756703343,2012,0.07,0.0,-0.02,0.0,0.0,0.0,0.0,0.0,0,0,0
1756703343,2013,0.02,0.0,-0.02,0.0,0.0,0.0,0.0,0.0,0,0,0
1756703343,2014,0.0,0.0,0.0,0.0,0.0,0.0,0.0,0.0,0,0,0
1756703343,2015,0.03,0.0,-0.01,0.0,0.0,0.0,0.0,0.0,0,0,0
1756703343,2016,0.05,0.0,0.0,0.0,0.0,0.0,0.0,0.0,0,0,0
1756703343,2017,0.02,0.0,-0.05,0.0,0.0,0.0,0.0,0.0,0,0,0
1756703343,2018,0.02,0.0,0.0,0.0,0.0,0.0,0.0,0.0,0,0,0
1756703343,2019,0.05,0.0,0.0,0.0,0.0,0.0,0.0,0.0,0,0,0
1756703344,2020,0.05,0.0,0.0,0.0,0.0,0.0,0.0,0.0,0,0,0
1756703344,2021,0.05,0.0,0.0,0.0,0.0,0.0,0.0,0.0,0,0,0
1756703344,2022,0.0,0.0,-0.01,0.0,0.0,0.0,0.0,0.0,0,0,0
1756703344,2023,0.01,0.0,-0.01,0.0,0.0,0.0,0.0,0.0,0,0,0
1756703344,2024,0.03,0.0,-0.01,0.0,0.0,0.0,0.0,0.0,0,0,0
1756703344,2025,0.05,0.0,-0.03,0.0,0.0,0.0,0.0,0.0,0,0,0
1756703344,2026,0.07,0.0,0.0,0.0,0.0,0.0,0.0,0.0,0,0,0
1756703344,2027,0.03,0.0,-0.02,0.0,0.0,0.0,0.0,0.0,0,0,0
1756703344,2028,0.0,0.0,-0.02,0.0,0.0,0.0,0.0,0.0,0,0,0
1756703344,2029,0.0,0.0,0.0,0.0,0.0,0.0,0.0,0.0,0,0,0
1756703344,2030,0.01,0.0,-0.05,0.0,0.0,0.0,0.0,0.0,0,0,0
1756703344,2031,0.03,0.0,-0.01,0.0,0.0,0.0,0.0,0.0,0,0,0
1756703344,2032,0.0,0.0,-0.07,0.0,0.0,0.0,0.0,0.0,0,0,0
1756703344,2033,0.07,0.0,0.0,0.0,0.0,0.0,0.0,0.0,0,0,0
1756703344,2034,0.0,0.0,-0.07,0.0,0.0,0.0,0.0,0.0,0,0,0
1756703344,2035,0.0,0.0,-0.02,0.0,0.0,0.0,0.0,0.0,0,0,0
1756703344,2036,0.02,0.0,0.0,0.0,0.0,0.0,0.0,0.0,0,0,0
1756703344,2037,0.02,0.0,0.02,0.0,0.0,0.0,0.0,0.0,0,0,0
1756703344,2038,0.02,0.0,0.0,0.0,0.0,0.0,0.0,0.0,0,0,0
1756703344,2039,0.0,0.0,-0.05,0.0,0.0,0.0,0.0,0.0,0,0,0
1756703344,2040,0.03,0.0,0.0,0.0,0.0,0.0,0.0,0.0,0,0,0
1756703344,2041,0.03,0.0,-0.07,0.0,0.0,0.0,0.0,0.0,0,0,0
1756703344,2042,0.0,0.0,-0.1,0.0,0.0,0.0,0.0,0.0,0,0,0
1756703344,2043,0.05,0.0,0.0,0.0,0.0,0.0,0.0,0.0,0,0,0
1756703344,2044,0.0,0.0,0.0,0.0,0.0,0.0,0.0,0.0,0,0,0
1756703344,2045,0.03,0.0,0.0,0.0,0.0,0.0,0.0,0.0,0,0,0
1756703344,2046,0.02,0.0,-0.03,0.0,0.0,0.0,0.0,0.0,0,0,0
1756703344,2047,0.05,0.0,0.0,0.0,0.0,0.0,0.0,0.0,0,0,0
1756703344,2048,0.03,0.0,0.0,0.0,0.0,0.0,0.0,0.0,0,0,0
1756703344,2049,0.09,0.0,-0.01,0.0,0.0,0.0,0.0,0.0,0,0,0
1756703344,2050,0.0,0.0,0.0,0.0,0.0,0.0,0.0,0.0,0,0,0
1756703344,2051,0.0,0.0,-0.03,0.0,0.0,0.0,0.0,0.0,0,0,0
1756703344,2052,0.01,0.0,0.0,0.0,0.0,0.0,0.0,0.0,0,0,0
1756703344,2053,0.01,0.0,0.01,0.0,0.0,0.0,0.0,0.0,0,0,0
1756703344,2054,0.03,0.0,0.0,0.0,0.0,0.0,0.0,0.0,0,0,0
1756703344,2055,0.07,0.0,-0.01,0.0,0.0,0.0,0.0,0.0,0,0,0
1756703344,2056,0.02,0.0,0.0,0.0,0.0,0.0,0.0,0.0,0,0,0
1756703344,2057,0.03,0.0,-0.01,0.0,0.0,0.0,0.0,0.0,0,0,0
1756703344,2058,0.03,0.0,0.0,0.0,0.0,0.0,0.0,0.0,0,0,0
1756703344,2059,0.02,0.0,0.0,0.0,0.0,0.0,0.0,0.0,0,0,0
1756703344,2060,0.01,0.0,-0.03,0.0,0.0,0.0,0.0,0.0,0,0,0
1756703344,2061,0.0,0.0,0.0,0.0,0.0,0.0,0.0,0.0,0,0,0
1756703344,2062,0.0,0.0,-0.07,0.0,0.0,0.0,0.0,0.0,0,0,0
1756703344,2063,0.05,0.0,0.0,0.0,0.0,0.0,0.0,0.0,0,0,0
1756703344,2064,0.05,0.0,0.0,0.0,0.0,0.0,0.0,0.0,0,0,0
1756703344,2065,0.01,0.0,0.0,0.0,0.0,0.0,0.0,0.0,0,0,0
1756703344,2066,0.03,0.0,-0.07,0.0,0.0,0.0,0.0,0.0,0,0,0
1756703344,2067,0.01,0.0,0.01,0.0,0.0,0.0,0.0,0.0,0,0,0
1756703344,2068,0.0,0.0,-0.02,0.0,0.0,0.0,0.0,0.0,0,0,0
1756703344,2069,0.05,0.0,-0.05,0.0,0.0,0.0,0.0,0.0,0,0,0
1756703344,2070,0.03,0.0,0.02,0.0,0.0,0.0,0.0,0.0,0,0,0
1756703344,2071,0.0,0.0,-0.02,0.0,0.0,0.0,0.0,0.0,0,0,0
1756703344,2072,0.02,0.0,-0.01,0.0,0.0,0.0,0.0,0.0,0,0,0
1756703344,2073,0.02,0.0,-0.01,0.0,0.0,0.0,0.0,0.0,0,0,0
1756703344,2074,0.05,0.0,-0.03,0.0,0.0,0.0,0.0,0.0,0,0,0
1756703344,2075,-0.02,0.0,0.02,0.0,0.0,0.0,0.0,0.0,0,0,0
1756703344,2076,0.05,0.0,0.0,0.0,0.0,0.0,0.0,0.0,0,0,0
1756703344,2077,0.0,0.0,0.0,0.0,0.0,0.0,0.0,0.0,0,0,0
1756703344,2078,0.0,0.0,0.07,0.0,0.0,0.0,0.0,0.0,0,0,0
1756703344,2079,0.09,0.0,0.05,0.0,0.0,0.0,0.0,0.0,0,0,0
1756703344,2080,0.07,0.0,-0.02,0.0,0.0,0.0,0.0,0.0,0,0,0
1756703344,2081,0.0,0.0,-0.02,0.0,0.0,0.0,0.0,0.0,0,0,0
1756703344,2082,0.03,0.0,0.0,0.0,0.0,0.0,0.0,0.0,0,0,0
1756703344,2083,0.03,0.0,-0.01,0.0,0.0,0.0,0.0,0.0,0,0,0
1756703344,2084,0.01,0.0,-0.02,0.0,0.0,0.0,0.0,0.0,0,0,0
1756703344,2085,0.0,0.0,0.0,0.0,0.0,0.0,0.0,0.0,0,0,0
1756703345,2086,0.01,0.0,-0.02,0.0,0.0,0.0,0.0,0.0,0,0,0
1756703345,2087,0.0,0.0,-0.07,0.0,0.0,0.0,0.0,0.0,0,0,0
1756703345,2088,0.0,0.0,-0.01,0.0,0.0,0.0,0.0,0.0,0,0,0
1756703345,2089,0.02,0.0,0.0,0.0,0.0,0.0,0.0,0.0,0,0,0
1756703345,2090,-0.07,0.0,-0.01,0.0,0.0,0.0,0.0,0.0,0,0,0
1756703345,2091,0.05,0.0,0.0,0.0,0.0,0.0,0.0,0.0,0,0,0
1756703345,2092,0.01,0.0,-0.02,0.0,0.0,0.0,0.0,0.0,0,0,0
1756703345,2093,0.07,0.0,-0.01,0.0,0.0,0.0,0.0,0.0,0,0,0
1756703345,2094,0.02,0.0,-0.01,0.0,0.0,0.0,0.0,0.0,0,0,0
1756703345,2095,0.01,0.0,-0.02,0.0,0.0,0.0,0.0,0.0,0,0,0
1756703345,2096,0.02,0.0,-0.07,0.0,0.0,0.0,0.0,0.0,0,0,0
1756703345,2097,0.0,0.0,-0.01,0.0,0.0,0.0,0.0,0.0,0,0,0
1756703345,2098,0.02,0.0,-0.02,0.0,0.0,0.0,0.0,0.0,0,0,0
1756703345,2099,0.02,0.0,-0.03,0.0,0.0,0.0,0.0,0.0,0,0,0
1756703345,2100,0.05,0.0,-0.05,0.0,0.0,0.0,0.0,0.0,0,0,0
1756703345,2101,0.02,0.0,-0.12,0.0,0.0,0.0,0.0,0.0,0,0,0
1756703345,2102,0.0,0.0,0.09,0.0,0.0,0.0,0.0,0.0,0,0,0
1756703345,2103,0.1,0.0,0.0,0.0,0.0,0.0,0.0,0.0,0,0,0
1756703345,2104,0.0,0.0,-0.03,0.0,0.0,0.0,0.0,0.0,0,0,0
1756703345,2105,0.02,0.0,-0.01,0.0,0.0,0.0,0.0,0.0,0,0,0
1756703345,2106,0.01,0.0,0.0,0.0,0.0,0.0,0.0,0.0,0,0,0
1756703345,2107,-0.05,0.0,-0.03,0.0,0.0,0.0,0.0,0.0,0,0,0
1756703345,2108,0.07,0.0,-0.02,0.0,0.0,0.0,0.0,0.0,0,0,0
1756703345,2109,0.0,0.0,-0.02,0.0,0.0,0.0,0.0,0.0,0,0,0
1756703345,2110,0.02,0.0,-0.02,0.0,0.0,0.0,0.0,0.0,0,0,0
1756703345,2111,-0.05,0.0,0.0,0.0,0.0,0.0,0.0,0.0,0,0,0
1756703345,2112,0.0,0.0,0.0,0.0,0.0,0.0,0.0,0.0,0,0,0
1756703345,2113,0.12,0.0,-0.03,0.0,0.0,0.0,0.0,0.0,0,0,0
1756703345,2114,0.02,0.0,-0.02,0.0,0.0,0.0,0.0,0.0,0,0,0
1756703345,2115,0.01,0.0,-0.07,0.0,0.0,0.0,0.0,0.0,0,0,0
1756703345,2116,0.05,0.0,-0.05,0.0,0.0,0.0,0.0,0.0,0,0,0
1756703345,2117,0.01,0.0,-0.05,0.0,0.0,0.0,0.0,0.0,0,0,0
1756703345,2118,0.02,0.0,0.0,0.0,0.0,0.0,0.0,0.0,0,0,0
1756703345,2119,0.0,0.0,0.0,0.0,0.0,0.0,0.0,0.0,0,0,0
1756703345,2120,0.03,0.0,-0.02,0.0,0.0,0.0,0.0,0.0,0,0,0
1756703345,2121,0.02,0.0,-0.01,0.0,0.0,0.0,0.0,0.0,0,0,0
1756703345,2122,0.02,0.0,-0.05,0.0,0.0,0.0,0.0,0.0,0,0,0
1756703345,2123,0.02,0.0,-0.05,0.0,0.0,0.0,0.0,0.0,0,0,0
1756703345,2124,0.1,0.0,-0.05,0.0,0.0,0.0,0.0,0.0,0,0,0
1756703345,2125,0.0,0.0,-0.05,0.0,0.0,0.0,0.0,0.0,0,0,0
1756703345,2126,0.0,0.0,-0.02,0.0,0.0,0.0,0.0,0.0,0,0,0
1756703345,2127,0.01,0.0,0.0,0.0,0.0,0.0,0.0,0.0,0,0,0
1756703345,2128,0.03,0.0,0.0,0.0,0.0,0.0,0.0,0.0,0,0,0
1756703345,2129,-0.02,0.0,-0.05,0.0,0.0,0.0,0.0,0.0,0,0,0
1756703345,2130,0.07,0.0,-0.03,0.0,0.0,0.0,0.0,0.0,0,0,0
1756703345,2131,0.05,0.0,0.0,0.0,0.0,0.0,0.0,0.0,0,0,0
1756703345,2132,0.0,0.0,-0.01,0.0,0.0,0.0,0.0,0.0,0,0,0
1756703345,2133,0.0,0.0,-0.01,0.0,0.0,0.0,0.0,0.0,0,0,0
1756703345,2134,0.0,0.0,-0.05,0.0,0.0,0.0,0.0,0.0,0,0,0
1756703345,2135,0.0,0.0,-0.02,0.0,0.0,0.0,0.0,0.0,0,0,0
1756703345,2136,0.0,0.0,-0.02,0.0,0.0,0.0,0.0,0.0,0,0,0
1756703345,2137,-0.02,0.0,0.0,0.0,0.0,0.0,0.0,0.0,0,0,0
1756703345,2138,0.07,0.0,-0.07,0.0,0.0,0.0,0.0,0.0,0,0,0
1756703345,2139,-0.01,0.0,0.0,0.0,0.0,0.0,0.0,0.0,0,0,0
1756703345,2140,0.07,0.0,0.0,0.0,0.0,0.0,0.0,0.0,0,0,0
1756703345,2141,0.07,0.0,0.0,0.0,0.0,0.0,0.0,0.0,0,0,0
1756703345,2142,0.12,0.0,-0.01,0.0,0.0,0.0,0.0,0.0,0,0,0
1756703345,2143,0.02,0.0,-0.02,0.0,0.0,0.0,0.0,0.0,0,0,0
1756703345,2144,-0.02,0.0,-0.03,0.0,0.0,0.0,0.0,0.0,0,0,0
1756703345,2145,0.01,0.0,-0.02,0.0,0.0,0.0,0.0,0.0,0,0,0
1756703345,2146,0.0,0.0,-0.05,0.0,0.0,0.0,0.0,0.0,0,0,0
1756703345,2147,0.02,0.0,0.0,0.0,0.0,0.0,0.0,0.0,0,0,0
1756703345,2148,0.03,0.0,0.01,0.0,0.0,0.0,0.0,0.0,0,0,0
1756703345,2149,0.05,0.0,-0.01,0.0,0.0,0.0,0.0,0.0,0,0,0
1756703346,2150,0.0,0.0,-0.01,0.0,0.0,0.0,0.0,0.0,0,0,0
1756703346,2151,0.0,0.0,-0.01,0.0,0.0,0.0,0.0,0.0,0,0,0
1756703346,2152,0.0,0.0,-0.07,0.0,0.0,0.0,0.0,0.0,0,0,0
1756703346,2153,0.02,0.0,0.0,0.0,0.0,0.0,0.0,0.0,0,0,0
1756703346,2154,0.03,0.0,0.0,0.0,0.0,0.0,0.0,0.0,0,0,0
1756703346,2155,0.01,0.0,-0.01,0.0,0.0,0.0,0.0,0.0,0,0,0
1756703346,2156,0.05,0.0,-0.01,0.0,0.0,0.0,0.0,0.0,0,0,0
1756703346,2157,0.0,0.0,0.0,0.0,0.0,0.0,0.0,0.0,0,0,0
1756703346,2158,-0.05,0.0,-0.05,0.0,0.0,0.0,0.0,0.0,0,0,0
1756703346,2159,0.0,0.0,-0.01,0.0,0.0,0.0,0.0,0.0,0,0,0
1756703346,2160,0.02,0.0,-0.07,0.0,0.0,0.0,0.0,0.0,0,0,0
1756703346,2161,0.05,0.0,-0.07,0.0,0.0,0.0,0.0,0.0,0,0,0
1756703346,2162,0.07,0.0,-0.05,0.0,0.0,0.0,0.0,0.0,0,0,0
1756703346,2163,0.0,0.0,-0.07,0.0,0.0,0.0,0.0,0.0,0,0,0
1756703346,2164,0.0,0.0,-0.01,0.0,0.0,0.0,0.0,0.0,0,0,0
1756703346,2165,0.02,0.0,0.0,0.0,0.0,0.0,0.0,0.0,0,0,0
1756703346,2166,0.02,0.0,-0.01,0.0,0.0,0.0,0.0,0.0,0,0,0
1756703346,2167,0.0,0.0,-0.02,0.0,0.0,0.0,0.0,0.0,0,0,0
1756703346,2168,-0.05,0.0,0.0,0.0,0.0,0.0,0.0,0.0,0,0,0
1756703346,2169,0.0,0.0,-0.01,0.0,0.0,0.0,0.0,0.0,0,0,0
1756703346,2170,0.03,0.0,0.01,0.0,0.0,0.0,0.0,0.0,0,0,0
1756703346,2171,0.07,0.0,-0.03,0.0,0.0,0.0,0.0,0.0,0,0,0
1756703346,2172,0.0,0.0,0.0,0.0,0.0,0.0,0.0,0.0,0,0,0
1756703346,2173,-0.07,0.0,0.0,0.0,0.0,0.0,0.0,0.0,0,0,0
1756703346,2174,0.0,0.0,0.0,0.0,0.0,0.0,0.0,0.0,0,0,0
1756703346,2175,0.03,0.0,-0.03,0.0,0.0,0.0,0.0,0.0,0,0,0
1756703346,2176,0.07,0.0,-0.01,0.0,0.0,0.0,0.0,0.0,0,0,0
1756703346,2177,0.05,0.0,0.0,0.0,0.0,0.0,0.0,0.0,0,0,0
1756703346,2178,0.07,0.0,0.0,0.0,0.0,0.0,0.0,0.0,0,0,0
1756703346,2179,0.03,0.0,-0.02,0.0,0.0,0.0,0.0,0.0,0,0,0
1756703346,2180,0.0,0.0,0.0,0.0,0.0,0.0,0.0,0.0,0,0,0
1756703346,2181,0.02,0.0,0.0,0.0,0.0,0.0,0.0,0.0,0,0,0
1756703346,2182,0.0,0.0,0.0,0.0,0.0,0.0,0.0,0.0,0,0,0
1756703346,2183,0.1,0.0,0.0,0.0,0.0,0.0,0.0,0.0,0,0,0
1756703346,2184,-0.01,0.0,0.0,0.0,0.0,0.0,0.0,0.0,0,0,0
1756703346,2185,0.05,0.0,-0.02,0.0,0.0,0.0,0.0,0.0,0,0,0
1756703346,2186,0.01,0.0,-0.01,0.0,0.0,0.0,0.0,0.0,0,0,0
1756703346,2187,0.05,0.0,-0.02,0.0,0.0,0.0,0.0,0.0,0,0,0
1756703346,2188,0.03,0.0,-0.02,0.0,0.0,0.0,0.0,0.0,0,0,0
1756703346,2189,0.05,0.0,-0.01,0.0,0.0,0.0,0.0,0.0,0,0,0
1756703346,2190,0.0,0.0,-0.03,0.0,0.0,0.0,0.0,0.0,0,0,0
1756703346,2191,-0.05,0.0,0.0,0.0,0.0,0.0,0.0,0.0,0,0,0
1756703346,2192,0.05,0.0,-0.02,0.0,0.0,0.0,0.0,0.0,0,0,0
1756703346,2193,0.05,0.0,-0.03,0.0,0.0,0.0,0.0,0.0,0,0,0
1756703346,2194,0.05,0.0,-0.01,0.0,0.0,0.0,0.0,0.0,0,0,0
1756703346,2195,0.0,0.0,-0.02,0.0,0.0,0.0,0.0,0.0,0,0,0
1756703346,2196,0.05,0.0,-0.01,0.0,0.0,0.0,0.0,0.0,0,0,0
1756703346,2197,0.0,0.0,-0.05,0.0,0.0,0.0,0.0,0.0,0,0,0
1756703346,2198,0.02,0.0,-0.03,0.0,0.0,0.0,0.0,0.0,0,0,0
1756703346,2199,0.07,0.0,-0.1,0.0,0.0,0.0,0.0,0.0,0,0,0
1756703346,2200,-0.05,0.0,-0.02,0.0,0.0,0.0,0.0,0.0,0,0,0
1756703346,2201,0.03,0.0,0.0,0.0,0.0,0.0,0.0,0.0,0,0,0
1756703346,2202,0.02,0.0,-0.02,0.0,0.0,0.0,0.0,0.0,0,0,0
1756703346,2203,0.15,0.0,-0.02,0.0,0.0,0.0,0.0,0.0,0,0,0
1756703346,2204,0.02,0.0,0.01,0.0,0.0,0.0,0.0,0.0,0,0,0
1756703346,2205,0.01,0.0,-0.02,0.0,0.0,0.0,0.0,0.0,0,0,0
1756703346,2206,0.0,0.0,-0.05,0.0,0.0,0.0,0.0,0.0,0,0,0
1756703346,2207,0.0,0.0,-0.07,0.0,0.0,0.0,0.0,0.0,0,0,0
1756703346,2208,0.05,0.0,-0.05,0.0,0.0,0.0,0.0,0.0,0,0,0
1756703346,2209,0.0,0.0,0.0,0.0,0.0,0.0,0.0,0.0,0,0,0
1756703346,2210,0.0,0.0,-0.05,0.0,0.0,0.0,0.0,0.0,0,0,0
1756703346,2211,0.0,0.0,0.02,0.0,0.0,0.0,0.0,0.0,0,0,0
1756703346,2212,0.05,0.0,-0.02,0.0,0.0,0.0,0.0,0.0,0,0,0
1756703346,2213,0.05,0.0,-0.01,0.0,0.0,0.0,0.0,0.0,0,0,0
1756703346,2214,0.09,0.0,0.0,0.0,0.0,0.0,0.0,0.0,0,0,0
1756703346,2215,0.0,0.0,-0.02,0.0,0.0,0.0,0.0,0.0,0,0,0
1756703346,2216,0.1,0.0,-0.01,0.0,0.0,0.0,0.0,0.0,0,0,0
1756703346,2217,0.01,0.0,-0.03,0.0,0.0,0.0,0.0,0.0,0,0,0
1756703347,2218,0.05,0.0,-0.01,0.0,0.0,0.0,0.0,0.0,0,0,0
1756703347,2219,0.1,0.0,0.0,0.0,0.0,0.0,0.0,0.0,0,0,0
1756703347,2220,0.03,0.0,-0.05,0.0,0.0,0.0,0.0,0.0,0,0,0
1756703347,2221,0.0,0.0,-0.05,0.0,0.0,0.0,0.0,0.0,0,0,0
1756703347,2222,0.05,0.0,0.0,0.0,0.0,0.0,0.0,0.0,0,0,0
1756703347,2223,0.01,0.0,-0.01,0.0,0.0,0.0,0.0,0.0,0,0,0
1756703347,2224,0.0,0.0,0.0,0.0,0.0,0.0,0.0,0.0,0,0,0
1756703347,2225,0.0,0.0,0.0,0.0,0.0,0.0,0.0,0.0,0,0,0
1756703347,2226,0.0,0.0,-0.05,0.0,0.0,0.0,0.0,0.0,0,0,0
1756703347,2227,0.0,0.0,0.0,0.0,0.0,0.0,0.0,0.0,0,0,0
1756703347,2228,0.01,0.0,0.0,0.0,0.0,0.0,0.0,0.0,0,0,0
1756703347,2229,0.0,0.0,0.05,0.0,0.0,0.0,0.0,0.0,0,0,0
1756703347,2230,0.0,0.0,-0.1,0.0,0.0,0.0,0.0,0.0,0,0,0
1756703347,2231,0.0,0.0,-0.01,0.0,0.0,0.0,0.0,0.0,0,0,0
1756703347,2232,0.02,0.0,0.0,0.0,0.0,0.0,0.0,0.0,0,0,0
1756703347,2233,-0.05,0.0,-0.02,0.0,0.0,0.0,0.0,0.0,0,0,0
1756703347,2234,0.09,0.0,-0.03,0.0,0.0,0.0,0.0,0.0,0,0,0
1756703347,2235,0.0,0.0,0.0,0.0,0.0,0.0,0.0,0.0,0,0,0
1756703347,2236,0.02,0.0,0.0,0.0,0.0,0.0,0.0,0.0,0,0,0
1756703347,2237,0.07,0.0,0.0,0.0,0.0,0.0,0.0,0.0,0,0,0
1756703347,2238,0.03,0.0,0.0,0.0,0.0,0.0,0.0,0.0,0,0,0
1756703347,2239,0.0,0.0,-0.02,0.0,0.0,0.0,0.0,0.0,0,0,0
1756703347,2240,0.05,0.0,-0.07,0.0,0.0,0.0,0.0,0.0,0,0,0
1756703347,2241,0.0,0.0,0.01,0.0,0.0,0.0,0.0,0.0,0,0,0
1756703347,2242,0.0,0.0,-0.01,0.0,0.0,0.0,0.0,0.0,0,0,0
1756703347,2243,0.05,0.0,-0.02,0.0,0.0,0.0,0.0,0.0,0,0,0
1756703347,2244,0.0,0.0,0.01,0.0,0.0,0.0,0.0,0.0,0,0,0
1756703347,2245,0.0,0.0,0.0,0.0,0.0,0.0,0.0,0.0,0,0,0
1756703347,2246,0.07,0.0,0.0,0.0,0.0,0.0,0.0,0.0,0,0,0
1756703347,2247,0.01,0.0,-0.05,0.0,0.0,0.0,0.0,0.0,0,0,0
1756703347,2248,0.05,0.0,-0.05,0.0,0.0,0.0,0.0,0.0,0,0,0
1756703347,2249,0.05,0.0,0.0,0.0,0.0,0.0,0.0,0.0,0,0,0
1756703347,2250,0.0,0.0,-0.01,0.0,0.0,0.0,0.0,0.0,0,0,0
1756703347,2251,0.03,0.0,-0.09,0.0,0.0,0.0,0.0,0.0,0,0,0
1756703347,2252,0.07,0.0,-0.07,0.0,0.0,0.0,0.0,0.0,0,0,0
1756703347,2253,0.0,0.0,-0.01,0.0,0.0,0.0,0.0,0.0,0,0,0
1756703347,2254,0.0,0.0,0.01,0.0,0.0,0.0,0.0,0.0,0,0,0
1756703347,2255,0.01,0.0,-0.02,0.0,0.0,0.0,0.0,0.0,0,0,0
1756703347,2256,-0.01,0.0,0.0,0.0,0.0,0.0,0.0,0.0,0,0,0
1756703347,2257,0.03,0.0,0.0,0.0,0.0,0.0,0.0,0.0,0,0,0
1756703347,2258,0.01,0.0,0.0,0.0,0.0,0.0,0.0,0.0,0,0,0
1756703347,2259,0.05,0.0,-0.02,0.0,0.0,0.0,0.0,0.0,0,0,0
1756703347,2260,0.0,0.0,0.0,0.0,0.0,0.0,0.0,0.0,0,0,0
1756703347,2261,-0.01,0.0,-0.01,0.0,0.0,0.0,0.0,0.0,0,0,0
1756703347,2262,0.0,0.0,-0.03,0.0,0.0,0.0,0.0,0.0,0,0,0
1756703347,2263,0.09,0.0,-0.07,0.0,0.0,0.0,0.0,0.0,0,0,0
1756703347,2264,0.0,0.0,-0.02,0.0,0.0,0.0,0.0,0.0,0,0,0
1756703347,2265,0.02,0.0,0.0,0.0,0.0,0.0,0.0,0.0,0,0,0
1756703347,2266,0.0,0.0,-0.05,0.0,0.0,0.0,0.0,0.0,0,0,0
1756703347,2267,0.05,0.0,-0.07,0.0,0.0,0.0,0.0,0.0,0,0,0
1756703347,2268,0.02,0.0,-0.02,0.0,0.0,0.0,0.0,0.0,0,0,0
1756703347,2269,0.07,0.0,-0.05,0.0,0.0,0.0,0.0,0.0,0,0,0
1756703347,2270,0.0,0.0,-0.03,0.0,0.0,0.0,0.0,0.0,0,0,0
1756703347,2271,0.07,0.0,0.0,0.0,0.0,0.0,0.0,0.0,0,0,0
1756703347,2272,0.07,0.0,-0.01,0.0,0.0,0.0,0.0,0.0,0,0,0
1756703347,2273,0.0,0.0,0.0,0.0,0.0,0.0,0.0,0.0,0,0,0
1756703347,2274,0.0,0.0,-0.03,0.0,0.0,0.0,0.0,0.0,0,0,0
1756703347,2275,0.05,0.0,0.0,0.0,0.0,0.0,0.0,0.0,0,0,0
1756703347,2276,-0.01,0.0,0.0,0.0,0.0,0.0,0.0,0.0,0,0,0
1756703347,2277,0.0,0.0,0.07,0.0,0.0,0.0,0.0,0.0,0,0,0
1756703347,2278,0.03,0.0,0.0,0.0,0.0,0.0,0.0,0.0,0,0,0
1756703347,2279,0.05,0.0,-0.03,0.0,0.0,0.0,0.0,0.0,0,0,0
1756703347,2280,0.01,0.0,0.0,0.0,0.0,0.0,0.0,0.0,0,0,0
1756703347,2281,0.0,0.0,-0.01,0.0,0.0,0.0,0.0,0.0,0,0,0
1756703348,2282,0.03,0.0,-0.01,0.0,0.0,0.0,0.0,0.0,0,0,0
1756703348,2283,-0.01,0.0,0.0,0.0,0.0,0.0,0.0,0.0,0,0,0
1756703348,2284,0.1,0.0,-0.02,0.0,0.0,0.0,0.0,0.0,0,0,0
1756703348,2285,0.0,0.0,-0.05,0.0,0.0,0.0,0.0,0.0,0,0,0
1756703348,2286,0.05,0.0,-0.01,0.0,0.0,0.0,0.0,0.0,0,0,0
1756703348,2287,0.07,0.0,-0.05,0.0,0.0,0.0,0.0,0.0,0,0,0
1756703348,2288,0.0,0.0,0.0,0.0,0.0,0.0,0.0,0.0,0,0,0
1756703348,2289,0.0,0.0,-0.01,0.0,0.0,0.0,0.0,0.0,0,0,0
1756703348,2290,0.0,0.0,-0.05,0.0,0.0,0.0,0.0,0.0,0,0,0
1756703348,2291,0.01,0.0,-0.01,0.0,0.0,0.0,0.0,0.0,0,0,0
1756703348,2292,0.0,0.0,0.0,0.0,0.0,0.0,0.0,0.0,0,0,0
1756703348,2293,0.03,0.0,0.0,0.0,0.0,0.0,0.0,0.0,0,0,0
1756703348,2294,0.0,0.0,-0.02,0.0,0.0,0.0,0.0,0.0,0,0,0
1756703348,2295,-0.02,0.0,-0.01,0.0,0.0,0.0,0.0,0.0,0,0,0
1756703348,2296,0.0,0.0,-0.07,0.0,0.0,0.0,0.0,0.0,0,0,0
1756703348,2297,0.01,0.0,-0.05,0.0,0.0,0.0,0.0,0.0,0,0,0
1756703348,2298,0.07,0.0,-0.01,0.0,0.0,0.0,0.0,0.0,0,0,0
1756703348,2299,0.05,0.0,-0.07,0.0,0.0,0.0,0.0,0.0,0,0,0
1756703348,2300,0.0,0.0,0.0,0.0,0.0,0.0,0.0,0.0,0,0,0
1756703348,2301,0.0,0.0,0.0,0.0,0.0,0.0,0.0,0.0,0,0,0
1756703348,2302,-0.02,0.0,0.0,0.0,0.0,0.0,0.0,0.0,0,0,0
1756703348,2303,0.01,0.0,0.03,0.0,0.0,0.0,0.0,0.0,0,0,0
1756703348,2304,0.05,0.0,0.0,0.0,0.0,0.0,0.0,0.0,0,0,0
1756703348,2305,0.01,0.0,0.0,0.0,0.0,0.0,0.0,0.0,0,0,0
1756703348,2306,0.03,0.0,0.0,0.0,0.0,0.0,0.0,0.0,0,0,0
1756703348,2307,0.03,0.0,-0.01,0.0,0.0,0.0,0.0,0.0,0,0,0
1756703348,2308,0.0,0.0,0.0,0.0,0.0,0.0,0.0,0.0,0,0,0
1756703348,2309,0.02,0.0,-0.02,0.0,0.0,0.0,0.0,0.0,0,0,0
1756703348,2310,0.01,0.0,-0.05,0.0,0.0,0.0,0.0,0.0,0,0,0
1756703348,2311,-0.01,0.0,-0.05,0.0,0.0,0.0,0.0,0.0,0,0,0
1756703348,2312,0.09,0.0,-0.05,0.0,0.0,0.0,0.0,0.0,0,0,0
1756703348,2313,0.02,0.0,0.0,0.0,0.0,0.0,0.0,0.0,0,0,0
1756703348,2314,0.0,0.0,-0.01,0.0,0.0,0.0,0.0,0.0,0,0,0
1756703348,2315,0.0,0.0,0.02,0.0,0.0,0.0,0.0,0.0,0,0,0
1756703348,2316,0.0,0.0,0.0,0.0,0.0,0.0,0.0,0.0,0,0,0
1756703348,2317,0.0,0.0,-0.01,0.0,0.0,0.0,0.0,0.0,0,0,0
1756703348,2318,0.03,0.0,0.01,0.0,0.0,0.0,0.0,0.0,0,0,0
1756703348,2319,0.07,0.0,-0.05,0.0,0.0,0.0,0.0,0.0,0,0,0
1756703348,2320,0.1,0.0,-0.03,0.0,0.0,0.0,0.0,0.0,0,0,0
1756703348,2321,0.02,0.0,0.01,0.0,0.0,0.0,0.0,0.0,0,0,0
1756703348,2322,0.01,0.0,0.0,0.0,0.0,0.0,0.0,0.0,0,0,0
1756703348,2323,0.0,0.0,0.0,0.0,0.0,0.0,0.0,0.0,0,0,0
1756703348,2324,0.0,0.0,-0.05,0.0,0.0,0.0,0.0,0.0,0,0,0
1756703348,2325,0.02,0.0,-0.01,0.0,0.0,0.0,0.0,0.0,0,0,0
1756703348,2326,0.0,0.0,-0.01,0.0,0.0,0.0,0.0,0.0,0,0,0
1756703348,2327,0.02,0.0,0.0,0.0,0.0,0.0,0.0,0.0,0,0,0
1756703348,2328,0.05,0.0,-0.01,0.0,0.0,0.0,0.0,0.0,0,0,0
1756703348,2329,0.07,0.0,-0.05,0.0,0.0,0.0,0.0,0.0,0,0,0
1756703348,2330,0.07,0.0,0.0,0.0,0.0,0.0,0.0,0.0,0,0,0
1756703348,2331,0.02,0.0,-0.07,0.0,0.0,0.0,0.0,0.0,0,0,0
1756703348,2332,-0.03,0.0,-0.02,0.0,0.0,0.0,0.0,0.0,0,0,0
1756703348,2333,0.02,0.0,0.0,0.0,0.0,0.0,0.0,0.0,0,0,0
1756703348,2334,0.07,0.0,0.0,0.0,0.0,0.0,0.0,0.0,0,0,0
1756703348,2335,0.05,0.0,0.0,0.0,0.0,0.0,0.0,0.0,0,0,0
1756703348,2336,0.01,0.0,-0.01,0.0,0.0,0.0,0.0,0.0,0,0,0
1756703348,2337,0.0,0.0,0.1,0.0,0.0,0.0,0.0,0.0,0,0,0
1756703348,2338,0.0,0.0,0.01,0.0,0.0,0.0,0.0,0.0,0,0,0
1756703348,2339,-0.02,0.0,0.1,0.0,0.0,0.0,0.0,0.0,0,0,0
1756703348,2340,0.03,0.0,-0.02,0.0,0.0,0.0,0.0,0.0,0,0,0
1756703348,2341,0.0,0.0,-0.07,0.0,0.0,0.0,0.0,0.0,0,0,0
1756703348,2342,0.02,0.0,-0.01,0.0,0.0,0.0,0.0,0.0,0,0,0
1756703348,2343,0.03,0.0,-0.01,0.0,0.0,0.0,0.0,0.0,0,0,0
1756703348,2344,0.05,0.0,-0.02,0.0,0.0,0.0,0.0,0.0,0,0,0
1756703348,2345,0.03,0.0,-0.03,0.0,0.0,0.0,0.0,0.0,0,0,0
1756703348,2346,0.0,0.0,-0.05,0.0,0.0,0.0,0.0,0.0,0,0,0
1756703348,2347,0.03,0.0,0.0,0.0,0.0,0.0,0.0,0.0,0,0,0
1756703349,2348,0.02,0.0,-0.03,0.0,0.0,0.0,0.0,0.0,0,0,0
1756703349,2349,0.03,0.0,-0.03,0.0,0.0,0.0,0.0,0.0,0,0,0
1756703349,2350,0.0,0.0,0.0,0.0,0.0,0.0,0.0,0.0,0,0,0
1756703349,2351,0.0,0.0,0.0,0.0,0.0,0.0,0.0,0.0,0,0,0
1756703349,2352,-0.01,0.0,0.0,0.0,0.0,0.0,0.0,0.0,0,0,0
1756703349,2353,0.05,0.0,-0.02,0.0,0.0,0.0,0.0,0.0,0,0,0
1756703349,2354,0.01,0.0,-0.03,0.0,0.0,0.0,0.0,0.0,0,0,0
1756703349,2355,0.01,0.0,0.0,0.0,0.0,0.0,0.0,0.0,0,0,0
1756703349,2356,0.07,0.0,-0.02,0.0,0.0,0.0,0.0,0.0,0,0,0
1756703349,2357,0.0,0.0,-0.01,0.0,0.0,0.0,0.0,0.0,0,0,0
1756703349,2358,0.05,0.0,-0.03,0.0,0.0,0.0,0.0,0.0,0,0,0
1756703349,2359,0.05,0.0,-0.03,0.0,0.0,0.0,0.0,0.0,0,0,0
1756703349,2360,0.02,0.0,0.0,0.0,0.0,0.0,0.0,0.0,0,0,0
1756703349,2361,0.0,0.0,-0.07,0.0,0.0,0.0,0.0,0.0,0,0,0
1756703349,2362,0.0,0.0,-0.03,0.0,0.0,0.0,0.0,0.0,0,0,0
1756703349,2363,0.01,0.0,-0.05,0.0,0.0,0.0,0.0,0.0,0,0,0
1756703349,2364,-0.01,0.0,0.0,0.0,0.0,0.0,0.0,0.0,0,0,0
1756703349,2365,0.0,0.0,0.0,0.0,0.0,0.0,0.0,0.0,0,0,0
1756703349,2366,0.03,0.0,-0.05,0.0,0.0,0.0,0.0,0.0,0,0,0
1756703349,2367,0.0,0.0,-0.05,0.0,0.0,0.0,0.0,0.0,0,0,0
1756703349,2368,0.0,0.0,-0.02,0.0,0.0,0.0,0.0,0.0,0,0,0
1756703349,2369,0.0,0.0,-0.02,0.0,0.0,0.0,0.0,0.0,0,0,0
1756703349,2370,0.07,0.0,-0.02,0.0,0.0,0.0,0.0,0.0,0,0,0
1756703349,2371,0.02,0.0,0.0,0.0,0.0,0.0,0.0,0.0,0,0,0
1756703349,2372,0.0,0.0,-0.01,0.0,0.0,0.0,0.0,0.0,0,0,0
1756703349,2373,0.05,0.0,-0.03,0.0,0.0,0.0,0.0,0.0,0,0,0
1756703349,2374,0.05,0.0,-0.02,0.0,0.0,0.0,0.0,0.0,0,0,0
1756703349,2375,0.0,0.0,-0.02,0.0,0.0,0.0,0.0,0.0,0,0,0
1756703349,2376,0.09,0.0,0.0,0.0,0.0,0.0,0.0,0.0,0,0,0
1756703349,2377,0.05,0.0,0.0,0.0,0.0,0.0,0.0,0.0,0,0,0
1756703349,2378,0.01,0.0,0.0,0.0,0.0,0.0,0.0,0.0,0,0,0
1756703349,2379,0.02,0.0,0.0,0.0,0.0,0.0,0.0,0.0,0,0,0
1756703349,2380,0.03,0.0,-0.05,0.0,0.0,0.0,0.0,0.0,0,0,0
1756703349,2381,0.0,0.0,0.0,0.0,0.0,0.0,0.0,0.0,0,0,0
1756703349,2382,0.0,0.0,0.03,0.0,0.0,0.0,0.0,0.0,0,0,0
1756703349,2383,0.0,0.0,-0.03,0.0,0.0,0.0,0.0,0.0,0,0,0
1756703349,2384,0.0,0.0,-0.01,0.0,0.0,0.0,0.0,0.0,0,0,0
1756703349,2385,0.0,0.0,-0.05,0.0,0.0,0.0,0.0,0.0,0,0,0
1756703349,2386,0.0,0.0,-0.03,0.0,0.0,0.0,0.0,0.0,0,0,0
1756703349,2387,0.07,0.0,-0.01,0.0,0.0,0.0,0.0,0.0,0,0,0
1756703349,2388,0.0,0.0,-0.05,0.0,0.0,0.0,0.0,0.0,0,0,0
1756703349,2389,0.0,0.0,0.0,0.0,0.0,0.0,0.0,0.0,0,0,0
1756703349,2390,0.0,0.0,-0.02,0.0,0.0,0.0,0.0,0.0,0,0,0
1756703349,2391,0.0,0.0,-0.01,0.0,0.0,0.0,0.0,0.0,0,0,0
1756703349,2392,0.0,0.0,0.03,0.0,0.0,0.0,0.0,0.0,0,0,0
1756703349,2393,0.03,0.0,-0.03,0.0,0.0,0.0,0.0,0.0,0,0,0
1756703349,2394,0.01,0.0,0.0,0.0,0.0,0.0,0.0,0.0,0,0,0
1756703349,2395,0.0,0.0,0.0,0.0,0.0,0.0,0.0,0.0,0,0,0
1756703349,2396,0.03,0.0,-0.09,0.0,0.0,0.0,0.0,0.0,0,0,0
1756703349,2397,0.0,0.0,0.0,0.0,0.0,0.0,0.0,0.0,0,0,0
1756703349,2398,0.05,0.0,0.0,0.0,0.0,0.0,0.0,0.0,0,0,0
1756703349,2399,0.03,0.0,-0.03,0.0,0.0,0.0,0.0,0.0,0,0,0
1756703349,2400,0.01,0.0,0.03,0.0,0.0,0.0,0.0,0.0,0,0,0
1756703349,2401,0.02,0.0,-0.03,0.0,0.0,0.0,0.0,0.0,0,0,0
1756703349,2402,0.01,0.0,-0.03,0.0,0.0,0.0,0.0,0.0,0,0,0
1756703349,2403,0.05,0.0,-0.01,0.0,0.0,0.0,0.0,0.0,0,0,0
1756703349,2404,0.0,0.0,0.0,0.0,0.0,0.0,0.0,0.0,0,0,0
1756703349,2405,0.05,0.0,-0.03,0.0,0.0,0.0,0.0,0.0,0,0,0
1756703349,2406,0.07,0.0,-0.03,0.0,0.0,0.0,0.0,0.0,0,0,0
1756703349,2407,0.02,0.0,-0.03,0.0,0.0,0.0,0.0,0.0,0,0,0
1756703349,2408,0.05,0.0,0.0,0.0,0.0,0.0,0.0,0.0,0,0,0
1756703349,2409,0.0,0.0,0.0,0.0,0.0,0.0,0.0,0.0,0,0,0
1756703349,2410,0.02,0.0,0.0,0.0,0.0,0.0,0.0,0.0,0,0,0
1756703350,2411,0.02,0.0,0.0,0.0,0.0,0.0,0.0,0.0,0,0,0
1756703350,2412,0.03,0.0,-0.02,0.0,0.0,0.0,0.0,0.0,0,0,0
1756703350,2413,0.0,0.0,-0.1,0.0,0.0,0.0,0.0,0.0,0,0,0
1756703350,2414,0.03,0.0,-0.05,0.0,0.0,0.0,0.0,0.0,0,0,0
1756703350,2415,0.03,0.0,-0.1,0.0,0.0,0.0,0.0,0.0,0,0,0
1756703350,2416,0.03,0.0,-0.14,0.0,0.0,0.0,0.0,0.0,0,0,0
1756703350,2417,0.0,0.0,-0.15,0.0,0.0,0.0,0.0,0.0,0,0,0
1756703350,2418,0.03,0.0,-0.25,0.0,0.0,0.0,0.0,0.0,0,0,0
1756703350,2419,0.01,0.0,-0.27,0.0,0.0,0.0,0.0,0.0,0,0,0
1756703350,2420,0.01,0.0,-0.28,0.0,0.0,0.0,0.0,0.0,0,0,0
1756703350,2421,0.05,0.0,-0.33,0.0,0.0,0.0,0.0,0.0,0,0,0
1756703350,2422,0.05,0.0,-0.28,0.0,0.0,0.0,0.0,0.0,0,0,0
1756703350,2423,0.0,0.0,-0.34,0.0,0.0,0.0,0.0,0.0,0,0,0
1756703350,2424,0.0,0.0,-0.36,0.0,0.0,0.0,0.0,0.0,0,0,0
1756703350,2425,0.03,0.0,-0.3,0.0,0.0,0.0,0.0,0.0,0,0,0
1756703350,2426,0.0,0.0,-0.33,0.0,0.0,0.0,0.0,0.0,0,0,0
1756703350,2427,0.15,0.0,-0.4,0.0,0.0,0.0,0.0,0.0,0,0,0
1756703350,2428,0.01,0.0,-0.34,0.0,0.0,0.0,0.0,0.0,0,0,0
1756703350,2429,-0.02,0.0,-0.25,0.0,0.0,0.0,0.0,0.0,0,0,0
1756703350,2430,0.0,0.0,-0.33,0.0,0.0,0.0,0.0,0.0,0,0,0
1756703350,2431,0.05,0.0,-0.21,0.0,0.0,0.0,0.0,0.0,0,0,0
1756703350,2432,0.05,0.0,-0.21,0.0,0.0,0.0,0.0,0.0,0,0,0
1756703350,2433,0.0,0.0,-0.3,0.0,0.0,0.0,0.0,0.0,0,0,0
1756703350,2434,0.01,0.0,-0.25,0.0,0.0,0.0,0.0,0.0,0,0,0
1756703350,2435,0.07,0.0,-0.28,0.0,0.0,0.0,0.0,0.0,0,0,0
1756703350,2436,-0.05,0.0,-0.23,0.0,0.0,0.0,0.0,0.0,0,0,0
1756703350,2437,0.09,0.0,-0.11,0.0,0.0,0.0,0.0,0.0,0,0,0
1756703350,2438,0.0,0.0,-0.11,0.0,0.0,0.0,0.0,0.0,0,0,0
1756703350,2439,0.0,0.0,-0.15,0.0,0.0,0.0,0.0,0.0,0,0,0
1756703350,2440,0.0,0.0,-0.12,0.0,0.0,0.0,0.0,0.0,0,0,0
1756703350,2441,0.02,0.0,-0.2,0.0,0.0,0.0,0.0,0.0,0,0,0
1756703350,2442,0.02,0.0,-0.2,0.0,0.0,0.0,0.0,0.0,0,0,0
1756703350,2443,0.05,0.0,-0.15,0.0,0.0,0.0,0.0,0.0,0,0,0
1756703350,2444,0.02,0.0,-0.2,0.0,0.0,0.0,0.0,0.0,0,0,0
1756703350,2445,0.03,0.0,-0.15,0.0,0.0,0.0,0.0,0.0,0,0,0
1756703350,2446,0.0,0.0,-0.2,0.0,0.0,0.0,0.0,0.0,0,0,0
1756703350,2447,0.0,0.0,-0.21,0.0,0.0,0.0,0.0,0.0,0,0,0
1756703350,2448,0.05,0.0,-0.11,0.0,0.0,0.0,0.0,0.0,0,0,0
1756703350,2449,0.01,0.0,-0.18,0.0,0.0,0.0,0.0,0.0,0,0,0
1756703350,2450,0.0,0.0,-0.15,0.0,0.0,0.0,0.0,0.0,0,0,0
1756703350,2451,0.05,0.0,-0.15,0.0,0.0,0.0,0.0,0.0,0,0,0
1756703350,2452,0.0,0.0,-0.1,0.0,0.0,0.0,0.0,0.0,0,0,0
1756703350,2453,0.05,0.0,-0.18,0.0,0.0,0.0,0.0,0.0,0,0,0
1756703350,2454,0.01,0.0,-0.18,0.0,0.0,0.0,0.0,0.0,0,0,0
1756703350,2455,0.02,0.0,-0.14,0.0,0.0,0.0,0.0,0.0,0,0,0
1756703350,2456,0.05,0.0,-0.12,0.0,0.0,0.0,0.0,0.0,0,0,0
1756703350,2457,0.03,0.0,-0.14,0.0,0.0,0.0,0.0,0.0,0,0,0
1756703350,2458,0.0,0.0,-0.1,0.0,0.0,0.0,0.0,0.0,0,0,0
1756703350,2459,0.01,0.0,-0.17,0.0,0.0,0.0,0.0,0.0,0,0,0
1756703350,2460,0.03,0.0,-0.14,0.0,0.0,0.0,0.0,0.0,0,0,0
1756703350,2461,0.0,0.0,-0.09,0.0,0.0,0.0,0.0,0.0,0,0,0
1756703350,2462,0.01,0.0,-0.15,0.0,0.0,0.0,0.0,0.0,0,0,0
1756703350,2463,-0.01,0.0,-0.05,0.0,0.0,0.0,0.0,0.0,0,0,0
1756703350,2464,0.07,0.0,-0.11,0.0,0.0,0.0,0.0,0.0,0,0,0
1756703350,2465,0.03,0.0,-0.1,0.0,0.0,0.0,0.0,0.0,0,0,0
1756703350,2466,0.03,0.0,-0.1,0.0,0.0,0.0,0.0,0.0,0,0,0
1756703350,2467,0.01,0.0,-0.07,0.0,0.0,0.0,0.0,0.0,0,0,0
1756703350,2468,0.05,0.0,0.0,0.0,0.0,0.0,0.0,0.0,0,0,0
1756703350,2469,0.01,0.0,-0.07,0.0,0.0,0.0,0.0,0.0,0,0,0
1756703350,2470,-0.01,0.0,-0.07,0.0,0.0,0.0,0.0,0.0,0,0,0
1756703350,2471,-0.02,0.0,-0.05,0.0,0.0,0.0,0.0,0.0,0,0,0
1756703350,2472,0.02,0.0,-0.1,0.0,0.0,0.0,0.0,0.0,0,0,0
1756703350,2473,0.0,0.0,-0.07,0.0,0.0,0.0,0.0,0.0,0,0,0
1756703350,2474,0.07,0.0,-0.15,0.0,0.0,0.0,0.0,0.0,0,0,0
1756703350,2475,0.01,0.0,-0.02,0.0,0.0,0.0,0.0,0.0,0,0,0
1756703350,2476,0.03,0.0,-0.18,0.0,0.0,0.0,0.0,0.0,0,0,0
1756703350,2477,0.01,0.0,-0.05,0.0,0.0,0.0,0.0,0.0,0,0,0
1756703350,2478,0.0,0.0,-0.02,0.0,0.0,0.0,0.0,0.0,0,0,0
1756703350,2479,0.01,0.0,0.0,0.0,0.0,0.0,0.0,0.0,0,0,0
1756703351,2480,0.05,0.0,-0.02,0.0,0.0,0.0,0.0,0.0,0,0,0
1756703351,2481,0.0,0.0,0.0,0.0,0.0,0.0,0.0,0.0,0,0,0
1756703351,2482,0.0,0.0,0.0,0.0,0.0,0.0,0.0,0.0,0,0,0
1756703351,2483,0.0,0.0,-0.01,0.0,0.0,0.0,0.0,0.0,0,0,0
1756703351,2484,0.0,0.0,0.0,0.0,0.0,0.0,0.0,0.0,0,0,0
1756703351,2485,0.0,0.0,0.0,0.0,0.0,0.0,0.0,0.0,0,0,0
1756703351,2486,0.03,0.0,0.05,0.0,0.0,0.0,0.0,0.0,0,0,0
1756703351,2487,-0.02,0.0,0.03,0.0,0.0,0.0,0.0,0.0,0,0,0
1756703351,2488,0.02,0.0,0.0,0.0,0.0,0.0,0.0,0.0,0,0,0
1756703351,2489,0.0,0.0,0.02,0.0,0.0,0.0,0.0,0.0,0,0,0
1756703351,2490,0.01,0.0,0.0,0.0,0.0,0.0,0.0,0.0,0,0,0
1756703351,2491,0.14,0.0,0.07,0.0,0.0,0.0,0.0,0.0,0,0,0
1756703351,2492,0.05,0.0,0.07,0.0,0.0,0.0,0.0,0.0,0,0,0
1756703351,2493,0.0,0.0,0.07,0.0,0.0,0.0,0.0,0.0,0,0,0
1756703351,2494,0.0,0.0,0.01,0.0,0.0,0.0,0.0,0.0,0,0,0
1756703351,2495,0.02,0.0,0.07,0.0,0.0,0.0,0.0,0.0,0,0,0
1756703351,2496,0.0,0.0,0.0,0.0,0.0,0.0,0.0,0.0,0,0,0
1756703351,2497,0.0,0.0,0.05,0.0,0.0,0.0,0.0,0.0,0,0,0
1756703351,2498,0.05,0.0,0.05,0.0,0.0,0.0,0.0,0.0,0,0,0
1756703351,2499,-0.02,0.0,0.05,0.0,0.0,0.0,0.0,0.0,0,0,0
1756703351,2500,0.05,0.0,0.05,0.0,0.0,0.0,0.0,0.0,0,0,0
1756703351,2501,0.05,0.0,0.05,0.0,0.0,0.0,0.0,0.0,0,0,0
1756703351,2502,0.01,0.0,0.05,0.0,0.0,0.0,0.0,0.0,0,0,0
1756703351,2503,-0.07,0.0,0.07,0.0,0.0,0.0,0.0,0.0,0,0,0
1756703351,2504,0.02,0.0,0.09,0.0,0.0,0.0,0.0,0.0,0,0,0
1756703351,2505,0.07,0.0,0.07,0.0,0.0,0.0,0.0,0.0,0,0,0
1756703351,2506,0.0,0.0,0.07,0.0,0.0,0.0,0.0,0.0,0,0,0
1756703351,2507,0.01,0.0,0.07,0.0,0.0,0.0,0.0,0.0,0,0,0
1756703351,2508,0.02,0.0,0.07,0.0,0.0,0.0,0.0,0.0,0,0,0
1756703351,2509,0.01,0.0,0.07,0.0,0.0,0.0,0.0,0.0,0,0,0
1756703351,2510,0.05,0.0,0.07,0.0,0.0,0.0,0.0,0.0,0,0,0
1756703351,2511,0.01,0.0,0.07,0.0,0.0,0.0,0.0,0.0,0,0,0
1756703351,2512,0.02,0.0,0.07,0.0,0.0,0.0,0.0,0.0,0,0,0
1756703351,2513,-0.02,0.0,0.11,0.0,0.0,0.0,0.0,0.0,0,0,0
1756703351,2514,0.05,0.0,0.11,0.0,0.0,0.0,0.0,0.0,0,0,0
1756703351,2515,0.01,0.0,0.15,0.0,0.0,0.0,0.0,0.0,0,0,0
1756703351,2516,-0.02,0.0,0.15,0.0,0.0,0.0,0.0,0.0,0,0,0
1756703351,2517,0.0,0.0,0.18,0.0,0.0,0.0,0.0,0.0,0,0,0
1756703351,2518,0.07,0.0,0.18,0.0,0.0,0.0,0.0,0.0,0,0,0
1756703351,2519,0.0,0.0,0.18,0.0,0.0,0.0,0.0,0.0,0,0,0
1756703351,2520,0.05,0.0,0.2,0.0,0.0,0.0,0.0,0.0,0,0,0
1756703351,2521,0.0,0.0,0.2,0.0,0.0,0.0,0.0,0.0,0,0,0
1756703351,2522,0.01,0.0,0.27,0.0,0.0,0.0,0.0,0.0,0,0,0
1756703351,2523,0.1,0.0,0.21,0.0,0.0,0.0,0.0,0.0,0,0,0
1756703351,2524,0.0,0.0,0.2,0.0,0.0,0.0,0.0,0.0,0,0,0
1756703351,2525,0.0,0.0,0.27,0.0,0.0,0.0,0.0,0.0,0,0,0
1756703351,2526,0.07,0.0,0.23,0.0,0.0,0.0,0.0,0.0,0,0,0
1756703351,2527,0.01,0.0,0.23,0.0,0.0,0.0,0.0,0.0,0,0,0
1756703351,2528,0.0,0.0,0.1,0.0,0.0,0.0,0.0,0.0,0,0,0
1756703351,2529,0.02,0.0,0.2,0.0,0.0,0.0,0.0,0.0,0,0,0
1756703351,2530,0.0,0.0,0.18,0.0,0.0,0.0,0.0,0.0,0,0,0
1756703351,2531,0.03,0.0,0.27,0.0,0.0,0.0,0.0,0.0,0,0,0
1756703351,2532,0.0,0.0,0.2,0.0,0.0,0.0,0.0,0.0,0,0,0
1756703351,2533,0.01,0.0,0.17,0.0,0.0,0.0,0.0,0.0,0,0,0
1756703351,2534,0.05,0.0,0.21,0.0,0.0,0.0,0.0,0.0,0,0,0
1756703351,2535,0.0,0.0,0.2,0.0,0.0,0.0,0.0,0.0,0,0,0
1756703351,2536,-0.02,0.0,0.27,0.0,0.0,0.0,0.0,0.0,0,0,0
1756703351,2537,0.05,0.0,0.11,0.0,0.0,0.0,0.0,0.0,0,0,0
1756703351,2538,0.02,0.0,0.17,0.0,0.0,0.0,0.0,0.0,0,0,0
1756703351,2539,0.03,0.0,0.15,0.0,0.0,0.0,0.0,0.0,0,0,0
1756703351,2540,0.03,0.0,0.14,0.0,0.0,0.0,0.0,0.0,0,0,0
1756703351,2541,0.1,0.0,0.21,0.0,0.0,0.0,0.0,0.0,0,0,0
1756703352,2542,0.05,0.0,0.14,0.0,0.0,0.0,0.0,0.0,0,0,0
1756703352,2543,0.0,0.0,0.2,0.0,0.0,0.0,0.0,0.0,0,0,0
1756703352,2544,0.07,0.0,0.15,0.0,0.0,0.0,0.0,0.0,0,0,0
1756703352,2545,0.0,0.0,0.2,0.0,0.0,0.0,0.0,0.0,0,0,0
1756703352,2546,0.02,0.0,0.15,0.0,0.0,0.0,0.0,0.0,0,0,0
1756703352,2547,0.05,0.0,0.12,0.0,0.0,0.0,0.0,0.0,0,0,0
1756703352,2548,0.02,0.0,0.12,0.0,0.0,0.0,0.0,0.0,0,0,0
1756703352,2549,0.0,0.0,0.15,0.0,0.0,0.0,0.0,0.0,0,0,0
1756703352,2550,0.0,0.0,0.17,0.0,0.0,0.0,0.0,0.0,0,0,0
1756703352,2551,0.0,0.0,0.14,0.0,0.0,0.0,0.0,0.0,0,0,0
1756703352,2552,0.02,0.0,0.17,0.0,0.0,0.0,0.0,0.0,0,0,0
1756703352,2553,0.05,0.0,0.12,0.0,0.0,0.0,0.0,0.0,0,0,0
1756703352,2554,0.0,0.0,0.14,0.0,0.0,0.0,0.0,0.0,0,0,0
1756703352,2555,0.03,0.0,0.1,0.0,0.0,0.0,0.0,0.0,0,0,0
1756703352,2556,0.03,0.0,0.18,0.0,0.0,0.0,0.0,0.0,0,0,0
1756703352,2557,0.07,0.0,0.1,0.0,0.0,0.0,0.0,0.0,0,0,0
1756703352,2558,0.02,0.0,0.15,0.0,0.0,0.0,0.0,0.0,0,0,0
1756703352,2559,-0.05,0.0,0.1,0.0,0.0,0.0,0.0,0.0,0,0,0
1756703352,2560,0.03,0.0,0.11,0.0,0.0,0.0,0.0,0.0,0,0,0
1756703352,2561,0.01,0.0,0.1,0.0,0.0,0.0,0.0,0.0,0,0,0
1756703352,2562,0.02,0.0,0.12,0.0,0.0,0.0,0.0,0.0,0,0,0
1756703352,2563,0.0,0.0,0.1,0.0,0.0,0.0,0.0,0.0,0,0,0
1756703352,2564,0.05,0.0,0.1,0.0,0.0,0.0,0.0,0.0,0,0,0
1756703352,2565,0.05,0.0,0.07,0.0,0.0,0.0,0.0,0.0,0,0,0
1756703352,2566,0.07,0.0,0.1,0.0,0.0,0.0,0.0,0.0,0,0,0
1756703352,2567,0.0,0.0,0.07,0.0,0.0,0.0,0.0,0.0,0,0,0
1756703352,2568,0.03,0.0,0.07,0.0,0.0,0.0,0.0,0.0,0,0,0
1756703352,2569,0.05,0.0,0.01,0.0,0.0,0.0,0.0,0.0,0,0,0
1756703352,2570,0.05,0.0,0.02,0.0,0.0,0.0,0.0,0.0,0,0,0
1756703352,2571,0.0,0.0,0.07,0.0,0.0,0.0,0.0,0.0,0,0,0
1756703352,2572,0.0,0.0,0.05,0.0,0.0,0.0,0.0,0.0,0,0,0
1756703352,2573,0.05,0.0,0.0,0.0,0.0,0.0,0.0,0.0,0,0,0
1756703352,2574,0.01,0.0,0.0,0.0,0.0,0.0,0.0,0.0,0,0,0
1756703352,2575,0.05,0.0,0.0,0.0,0.0,0.0,0.0,0.0,0,0,0
1756703352,2576,0.09,0.0,0.01,0.0,0.0,0.0,0.0,0.0,0,0,0
1756703352,2577,0.1,0.0,-0.01,0.0,0.0,0.0,0.0,0.0,0,0,0
1756703352,2578,0.05,0.0,-0.05,0.0,0.0,0.0,0.0,0.0,0,0,0
1756703352,2579,-0.05,0.0,-0.07,0.0,0.0,0.0,0.0,0.0,0,0,0
1756703352,2580,0.01,0.0,0.0,0.0,0.0,0.0,0.0,0.0,0,0,0
1756703352,2581,0.05,0.0,0.0,0.0,0.0,0.0,0.0,0.0,0,0,0
1756703352,2582,0.03,0.0,0.0,0.0,0.0,0.0,0.0,0.0,0,0,0
1756703352,2583,-0.14,0.0,0.01,0.0,0.0,0.0,0.0,0.0,0,0,0
1756703352,2584,0.11,0.0,0.0,0.0,0.0,0.0,0.0,0.0,0,0,0
1756703352,2585,0.05,0.0,0.0,0.0,0.0,0.0,0.0,0.0,0,0,0
1756703352,2586,0.05,0.0,0.0,0.0,0.0,0.0,0.0,0.0,0,0,0
1756703352,2587,0.05,0.0,0.0,0.0,0.0,0.0,0.0,0.0,0,0,0
1756703352,2588,0.02,0.0,0.03,0.0,0.0,0.0,0.0,0.0,0,0,0
1756703352,2589,0.02,0.0,0.02,0.0,0.0,0.0,0.0,0.0,0,0,0
1756703352,2590,0.0,0.0,0.0,0.0,0.0,0.0,0.0,0.0,0,0,0
1756703352,2591,0.02,0.0,0.0,0.0,0.0,0.0,0.0,0.0,0,0,0
1756703352,2592,0.03,0.0,0.03,0.0,0.0,0.0,0.0,0.0,0,0,0
1756703352,2593,0.01,0.0,0.0,0.0,0.0,0.0,0.0,0.0,0,0,0
1756703352,2594,0.02,0.0,0.01,0.0,0.0,0.0,0.0,0.0,0,0,0
1756703352,2595,0.0,0.0,-0.01,0.0,0.0,0.0,0.0,0.0,0,0,0
1756703352,2596,0.0,0.0,0.0,0.0,0.0,0.0,0.0,0.0,0,0,0
1756703352,2597,0.02,0.0,-0.01,0.0,0.0,0.0,0.0,0.0,0,0,0
1756703352,2598,0.05,0.0,0.02,0.0,0.0,0.0,0.0,0.0,0,0,0
1756703352,2599,0.03,0.0,0.02,0.0,0.0,0.0,0.0,0.0,0,0,0
1756703352,2600,0.09,0.0,0.0,0.0,0.0,0.0,0.0,0.0,0,0,0
1756703352,2601,0.02,0.0,-0.01,0.0,0.0,0.0,0.0,0.0,0,0,0
1756703352,2602,0.0,0.0,-0.02,0.0,0.0,0.0,0.0,0.0,0,0,0
1756703352,2603,0.05,0.0,0.0,0.0,0.0,0.0,0.0,0.0,0,0,0
1756703352,2604,0.0,0.0,-0.03,0.0,0.0,0.0,0.0,0.0,0,0,0
1756703352,2605,0.03,0.0,-0.03,0.0,0.0,0.0,0.0,0.0,0,0,0
1756703352,2606,0.01,0.0,0.0,0.0,0.0,0.0,0.0,0.0,0,0,0
1756703352,2607,0.0,0.0,-0.05,0.0,0.0,0.0,0.0,0.0,0,0,0
1756703352,2608,0.07,0.0,-0.01,0.0,0.0,0.0,0.0,0.0,0,0,0
1756703353,2609,0.03,0.0,-0.02,0.0,0.0,0.0,0.0,0.0,0,0,0
1756703353,2610,0.05,0.0,-0.05,0.0,0.0,0.0,0.0,0.0,0,0,0
1756703353,2611,0.0,0.0,-0.07,0.0,0.0,0.0,0.0,0.0,0,0,0
1756703353,2612,0.01,0.0,-0.05,0.0,0.0,0.0,0.0,0.0,0,0,0
1756703353,2613,0.0,0.0,-0.05,0.0,0.0,0.0,0.0,0.0,0,0,0
1756703353,2614,0.02,0.0,-0.03,0.0,0.0,0.0,0.0,0.0,0,0,0
1756703353,2615,0.1,0.0,-0.07,0.0,0.0,0.0,0.0,0.0,0,0,0
1756703353,2616,-0.03,0.0,-0.09,0.0,0.0,0.0,0.0,0.0,0,0,0
1756703353,2617,0.0,0.0,-0.11,0.0,0.0,0.0,0.0,0.0,0,0,0
1756703353,2618,0.03,0.0,-0.03,0.0,0.0,0.0,0.0,0.0,0,0,0
1756703353,2619,-0.01,0.0,-0.18,0.0,0.0,0.0,0.0,0.0,0,0,0
1756703353,2620,0.01,0.0,-0.11,0.0,0.0,0.0,0.0,0.0,0,0,0
1756703353,2621,0.02,0.0,-0.09,0.0,0.0,0.0,0.0,0.0,0,0,0
1756703353,2622,0.02,0.0,-0.09,0.0,0.0,0.0,0.0,0.0,0,0,0
1756703353,2623,0.0,0.0,-0.05,0.0,0.0,0.0,0.0,0.0,0,0,0
1756703353,2624,0.02,0.0,-0.05,0.0,0.0,0.0,0.0,0.0,0,0,0
1756703353,2625,0.09,0.0,-0.07,0.0,0.0,0.0,0.0,0.0,0,0,0
1756703353,2626,0.1,0.0,-0.02,0.0,0.0,0.0,0.0,0.0,0,0,0
1756703353,2627,0.05,0.0,-0.03,0.0,0.0,0.0,0.0,0.0,0,0,0
1756703353,2628,0.02,0.0,-0.07,0.0,0.0,0.0,0.0,0.0,0,0,0
1756703353,2629,0.01,0.0,-0.05,0.0,0.0,0.0,0.0,0.0,0,0,0
1756703353,2630,0.05,0.0,-0.07,0.0,0.0,0.0,0.0,0.0,0,0,0
1756703353,2631,-0.03,0.0,-0.02,0.0,0.0,0.0,0.0,0.0,0,0,0
1756703353,2632,0.05,0.0,0.0,0.0,0.0,0.0,0.0,0.0,0,0,0
1756703353,2633,0.0,0.0,-0.02,0.0,0.0,0.0,0.0,0.0,0,0,0
1756703353,2634,0.01,0.0,-0.12,0.0,0.0,0.0,0.0,0.0,0,0,0
1756703353,2635,0.01,0.0,0.0,0.0,0.0,0.0,0.0,0.0,0,0,0
1756703353,2636,0.05,0.0,-0.05,0.0,0.0,0.0,0.0,0.0,0,0,0
1756703353,2637,0.02,0.0,-0.02,0.0,0.0,0.0,0.0,0.0,0,0,0
1756703353,2638,0.02,0.0,-0.01,0.0,0.0,0.0,0.0,0.0,0,0,0
1756703353,2639,0.0,0.0,-0.11,0.0,0.0,0.0,0.0,0.0,0,0,0
1756703353,2640,0.01,0.0,-0.07,0.0,0.0,0.0,0.0,0.0,0,0,0
1756703353,2641,0.05,0.0,-0.02,0.0,0.0,0.0,0.0,0.0,0,0,0
1756703353,2642,0.02,0.0,-0.07,0.0,0.0,0.0,0.0,0.0,0,0,0
1756703353,2643,0.02,0.0,-0.05,0.0,0.0,0.0,0.0,0.0,0,0,0
1756703353,2644,0.01,0.0,-0.1,0.0,0.0,0.0,0.0,0.0,0,0,0
1756703353,2645,-0.07,0.0,-0.09,0.0,0.0,0.0,0.0,0.0,0,0,0
1756703353,2646,0.02,0.0,-0.17,0.0,0.0,0.0,0.0,0.0,0,0,0
1756703353,2647,0.0,0.0,-0.15,0.0,0.0,0.0,0.0,0.0,0,0,0
1756703353,2648,0.0,0.0,-0.18,0.0,0.0,0.0,0.0,0.0,0,0,0
1756703353,2649,0.01,0.0,-0.09,0.0,0.0,0.0,0.0,0.0,0,0,0
1756703353,2650,0.0,0.0,-0.25,0.0,0.0,0.0,0.0,0.0,0,0,0
1756703353,2651,0.01,0.0,-0.17,0.0,0.0,0.0,0.0,0.0,0,0,0
1756703353,2652,0.02,0.0,-0.2,0.0,0.0,0.0,0.0,0.0,0,0,0
1756703353,2653,0.03,0.0,-0.21,0.0,0.0,0.0,0.0,0.0,0,0,0
1756703353,2654,0.05,0.0,-0.17,0.0,0.0,0.0,0.0,0.0,0,0,0
1756703353,2655,0.03,0.0,-0.2,0.0,0.0,0.0,0.0,0.0,0,0,0
1756703353,2656,0.01,0.0,-0.23,0.0,0.0,0.0,0.0,0.0,0,0,0
1756703353,2657,0.0,0.0,-0.28,0.0,0.0,0.0,0.0,0.0,0,0,0
1756703353,2658,0.02,0.0,-0.17,0.0,0.0,0.0,0.0,0.0,0,0,0
1756703353,2659,0.07,0.0,-0.21,0.0,0.0,0.0,0.0,0.0,0,0,0
1756703353,2660,0.0,0.0,-0.21,0.0,0.0,0.0,0.0,0.0,0,0,0
1756703353,2661,0.03,0.0,-0.21,0.0,0.0,0.0,0.0,0.0,0,0,0
1756703353,2662,0.01,0.0,-0.2,0.0,0.0,0.0,0.0,0.0,0,0,0
1756703353,2663,0.05,0.0,-0.18,0.0,0.0,0.0,0.0,0.0,0,0,0
1756703353,2664,0.02,0.0,-0.18,0.0,0.0,0.0,0.0,0.0,0,0,0
1756703353,2665,0.03,0.0,-0.23,0.0,0.0,0.0,0.0,0.0,0,0,0
1756703353,2666,0.07,0.0,-0.21,0.0,0.0,0.0,0.0,0.0,0,0,0
1756703353,2667,0.0,0.0,-0.18,0.0,0.0,0.0,0.0,0.0,0,0,0
1756703353,2668,0.03,0.0,-0.15,0.0,0.0,0.0,0.0,0.0,0,0,0
1756703353,2669,0.0,0.0,-0.23,0.0,0.0,0.0,0.0,0.0,0,0,0
1756703353,2670,0.0,0.0,-0.15,0.0,0.0,0.0,0.0,0.0,0,0,0
1756703353,2671,0.05,0.0,-0.18,0.0,0.0,0.0,0.0,0.0,0,0,0
1756703353,2672,0.05,0.0,-0.25,0.0,0.0,0.0,0.0,0.0,0,0,0
1756703353,2673,0.03,0.0,-0.2,0.0,0.0,0.0,0.0,0.0,0,0,0
1756703353,2674,0.05,0.0,-0.2,0.0,0.0,0.0,0.0,0.0,0,0,0
1756703353,2675,0.0,0.0,-0.23,0.0,0.0,0.0,0.0,0.0,0,0,0
1756703353,2676,0.05,0.0,-0.18,0.0,0.0,0.0,0.0,0.0,0,0,0
1756703354,2677,0.03,0.0,-0.23,0.0,0.0,0.0,0.0,0.0,0,0,0
1756703354,2678,-0.02,0.0,-0.2,0.0,0.0,0.0,0.0,0.0,0,0,0
1756703354,2679,0.01,0.0,-0.18,0.0,0.0,0.0,0.0,0.0,0,0,0
1756703354,2680,0.0,0.0,-0.2,0.0,0.0,0.0,0.0,0.0,0,0,0
1756703354,2681,0.0,0.0,-0.18,0.0,0.0,0.0,0.0,0.0,0,0,0
1756703354,2682,0.07,0.0,-0.07,0.0,0.0,0.0,0.0,0.0,0,0,0
1756703354,2683,0.05,0.0,-0.25,0.0,0.0,0.0,0.0,0.0,0,0,0
1756703354,2684,0.05,0.0,-0.2,0.0,0.0,0.0,0.0,0.0,0,0,0
1756703354,2685,0.01,0.0,-0.2,0.0,0.0,0.0,0.0,0.0,0,0,0
1756703354,2686,0.03,0.0,-0.28,0.0,0.0,0.0,0.0,0.0,0,0,0
1756703354,2687,0.05,0.0,-0.2,0.0,0.0,0.0,0.0,0.0,0,0,0
1756703354,2688,0.05,0.0,-0.23,0.0,0.0,0.0,0.0,0.0,0,0,0
1756703354,2689,-0.01,0.0,-0.23,0.0,0.0,0.0,0.0,0.0,0,0,0
1756703354,2690,0.0,0.0,-0.25,0.0,0.0,0.0,0.0,0.0,0,0,0
1756703354,2691,0.07,0.0,-0.27,0.0,0.0,0.0,0.0,0.0,0,0,0
1756703354,2692,0.02,0.0,-0.2,0.0,0.0,0.0,0.0,0.0,0,0,0
1756703354,2693,0.01,0.0,-0.33,0.0,0.0,0.0,0.0,0.0,0,0,0
1756703354,2694,0.02,0.0,-0.18,0.0,0.0,0.0,0.0,0.0,0,0,0
1756703354,2695,0.01,0.0,-0.2,0.0,0.0,0.0,0.0,0.0,0,0,0
1756703354,2696,0.01,0.0,-0.2,0.0,0.0,0.0,0.0,0.0,0,0,0
1756703354,2697,0.0,0.0,-0.23,0.0,0.0,0.0,0.0,0.0,0,0,0
1756703354,2698,0.02,0.0,-0.1,0.0,0.0,0.0,0.0,0.0,0,0,0
1756703354,2699,0.0,0.0,-0.23,0.0,0.0,0.0,0.0,0.0,0,0,0
1756703354,2700,0.01,0.0,-0.15,0.0,0.0,0.0,0.0,0.0,0,0,0
1756703354,2701,0.07,0.0,-0.17,0.0,0.0,0.0,0.0,0.0,0,0,0
1756703354,2702,0.0,0.0,-0.12,0.0,0.0,0.0,0.0,0.0,0,0,0
1756703354,2703,0.02,0.0,-0.1,0.0,0.0,0.0,0.0,0.0,0,0,0
1756703354,2704,0.09,0.0,-0.14,0.0,0.0,0.0,0.0,0.0,0,0,0
1756703354,2705,0.0,0.0,-0.1,0.0,0.0,0.0,0.0,0.0,0,0,0
1756703354,2706,0.01,0.0,-0.15,0.0,0.0,0.0,0.0,0.0,0,0,0
1756703354,2707,0.02,0.0,-0.14,0.0,0.0,0.0,0.0,0.0,0,0,0
1756703354,2708,0.01,0.0,-0.1,0.0,0.0,0.0,0.0,0.0,0,0,0
1756703354,2709,0.01,0.0,-0.15,0.0,0.0,0.0,0.0,0.0,0,0,0
1756703354,2710,0.02,0.0,-0.07,0.0,0.0,0.0,0.0,0.0,0,0,0
1756703354,2711,0.02,0.0,-0.07,0.0,0.0,0.0,0.0,0.0,0,0,0
1756703354,2712,0.03,0.0,-0.14,0.0,0.0,0.0,0.0,0.0,0,0,0
1756703354,2713,0.05,0.0,-0.1,0.0,0.0,0.0,0.0,0.0,0,0,0
1756703354,2714,0.07,0.0,-0.07,0.0,0.0,0.0,0.0,0.0,0,0,0
1756703354,2715,0.03,0.0,-0.05,0.0,0.0,0.0,0.0,0.0,0,0,0
1756703354,2716,0.07,0.0,-0.07,0.0,0.0,0.0,0.0,0.0,0,0,0
1756703354,2717,-0.01,0.0,-0.05,0.0,0.0,0.0,0.0,0.0,0,0,0
1756703354,2718,0.05,0.0,-0.01,0.0,0.0,0.0,0.0,0.0,0,0,0
1756703354,2719,0.0,0.0,0.02,0.0,0.0,0.0,0.0,0.0,0,0,0
1756703354,2720,0.0,0.0,-0.03,0.0,0.0,0.0,0.0,0.0,0,0,0
1756703354,2721,0.07,0.0,0.0,0.0,0.0,0.0,0.0,0.0,0,0,0
1756703354,2722,0.0,0.0,-0.14,0.0,0.0,0.0,0.0,0.0,0,0,0
1756703354,2723,-0.01,0.0,0.0,0.0,0.0,0.0,0.0,0.0,0,0,0
1756703354,2724,0.05,0.0,0.0,0.0,0.0,0.0,0.0,0.0,0,0,0
1756703354,2725,0.05,0.0,0.0,0.0,0.0,0.0,0.0,0.0,0,0,0
1756703354,2726,0.0,0.0,0.0,0.0,0.0,0.0,0.0,0.0,0,0,0
1756703354,2727,0.03,0.0,0.01,0.0,0.0,0.0,0.0,0.0,0,0,0
1756703354,2728,0.07,0.0,0.01,0.0,0.0,0.0,0.0,0.0,0,0,0
1756703354,2729,0.07,0.0,0.03,0.0,0.0,0.0,0.0,0.0,0,0,0
1756703354,2730,0.02,0.0,-0.02,0.0,0.0,0.0,0.0,0.0,0,0,0
1756703354,2731,0.03,0.0,0.1,0.0,0.0,0.0,0.0,0.0,0,0,0
1756703354,2732,0.03,0.0,0.05,0.0,0.0,0.0,0.0,0.0,0,0,0
1756703354,2733,0.01,0.0,0.07,0.0,0.0,0.0,0.0,0.0,0,0,0
1756703354,2734,0.0,0.0,0.05,0.0,0.0,0.0,0.0,0.0,0,0,0
1756703354,2735,0.0,0.0,0.0,0.0,0.0,0.0,0.0,0.0,0,0,0
1756703354,2736,-0.1,0.0,0.17,0.0,0.0,0.0,0.0,0.0,0,0,0
1756703354,2737,0.0,0.0,0.15,0.0,0.0,0.0,0.0,0.0,0,0,0
1756703354,2738,0.01,0.0,0.14,0.0,0.0,0.0,0.0,0.0,0,0,0
1756703354,2739,0.02,0.0,0.2,0.0,0.0,0.0,0.0,0.0,0,0,0
1756703354,2740,0.02,0.0,0.21,0.0,0.0,0.0,0.0,0.0,0,0,0
1756703354,2741,0.0,0.0,0.25,0.0,0.0,0.0,0.0,0.0,0,0,0
1756703354,2742,0.0,0.0,0.28,0.0,0.0,0.0,0.0,0.0,0,0,0
1756703355,2743,-0.01,0.0,0.25,0.0,0.0,0.0,0.0,0.0,0,0,0
1756703355,2744,0.02,0.0,0.28,0.0,0.0,0.0,0.0,0.0,0,0,0
1756703355,2745,0.05,0.0,0.3,0.0,0.0,0.0,0.0,0.0,0,0,0
1756703355,2746,0.07,0.0,0.34,0.0,0.0,0.0,0.0,0.0,0,0,0
1756703355,2747,0.0,0.0,0.3,0.0,0.0,0.0,0.0,0.0,0,0,0
1756703355,2748,-0.01,0.0,0.3,0.0,0.0,0.0,0.0,0.0,0,0,0
1756703355,2749,0.0,0.0,0.34,0.0,0.0,0.0,0.0,0.0,0,0,0
1756703355,2750,0.05,0.0,0.27,0.0,0.0,0.0,0.0,0.0,0,0,0
1756703355,2751,0.0,0.0,0.25,0.0,0.0,0.0,0.0,0.0,0,0,0
1756703355,2752,0.0,0.0,0.18,0.0,0.0,0.0,0.0,0.0,0,0,0
1756703355,2753,0.02,0.0,0.21,0.0,0.0,0.0,0.0,0.0,0,0,0
1756703355,2754,0.0,0.0,0.2,0.0,0.0,0.0,0.0,0.0,0,0,0
1756703355,2755,0.0,0.0,0.23,0.0,0.0,0.0,0.0,0.0,0,0,0
1756703355,2756,0.07,0.0,0.23,0.0,0.0,0.0,0.0,0.0,0,0,0
1756703355,2757,0.0,0.0,0.21,0.0,0.0,0.0,0.0,0.0,0,0,0
1756703355,2758,0.03,0.0,0.12,0.0,0.0,0.0,0.0,0.0,0,0,0
1756703355,2759,0.0,0.0,0.12,0.0,0.0,0.0,0.0,0.0,0,0,0
1756703355,2760,0.0,0.0,0.18,0.0,0.0,0.0,0.0,0.0,0,0,0
1756703355,2761,0.0,0.0,0.07,0.0,0.0,0.0,0.0,0.0,0,0,0
1756703355,2762,0.07,0.0,0.18,0.0,0.0,0.0,0.0,0.0,0,0,0
1756703355,2763,0.01,0.0,0.15,0.0,0.0,0.0,0.0,0.0,0,0,0
1756703355,2764,0.01,0.0,0.14,0.0,0.0,0.0,0.0,0.0,0,0,0
1756703355,2765,0.02,0.0,0.1,0.0,0.0,0.0,0.0,0.0,0,0,0
1756703355,2766,0.03,0.0,0.12,0.0,0.0,0.0,0.0,0.0,0,0,0
1756703355,2767,0.0,0.0,0.07,0.0,0.0,0.0,0.0,0.0,0,0,0
1756703355,2768,0.07,0.0,0.1,0.0,0.0,0.0,0.0,0.0,0,0,0
1756703355,2769,0.0,0.0,0.1,0.0,0.0,0.0,0.0,0.0,0,0,0
1756703355,2770,0.05,0.0,0.1,0.0,0.0,0.0,0.0,0.0,0,0,0
1756703355,2771,0.0,0.0,0.1,0.0,0.0,0.0,0.0,0.0,0,0,0
1756703355,2772,0.05,0.0,0.09,0.0,0.0,0.0,0.0,0.0,0,0,0
1756703355,2773,0.05,0.0,0.12,0.0,0.0,0.0,0.0,0.0,0,0,0
1756703355,2774,0.05,0.0,0.07,0.0,0.0,0.0,0.0,0.0,0,0,0
1756703355,2775,0.01,0.0,0.11,0.0,0.0,0.0,0.0,0.0,0,0,0
1756703355,2776,0.0,0.0,0.05,0.0,0.0,0.0,0.0,0.0,0,0,0
1756703355,2777,0.05,0.0,0.01,0.0,0.0,0.0,0.0,0.0,0,0,0
1756703355,2778,0.05,0.0,0.0,0.0,0.0,0.0,0.0,0.0,0,0,0
1756703355,2779,0.0,0.0,0.0,0.0,0.0,0.0,0.0,0.0,0,0,0
1756703355,2780,0.03,0.0,-0.01,0.0,0.0,0.0,0.0,0.0,0,0,0
1756703355,2781,0.02,0.0,0.0,0.0,0.0,0.0,0.0,0.0,0,0,0
1756703355,2782,0.0,0.0,-0.07,0.0,0.0,0.0,0.0,0.0,0,0,0
1756703355,2783,0.02,0.0,-0.01,0.0,0.0,0.0,0.0,0.0,0,0,0
1756703355,2784,0.0,0.0,-0.07,0.0,0.0,0.0,0.0,0.0,0,0,0
1756703355,2785,0.0,0.0,-0.05,0.0,0.0,0.0,0.0,0.0,0,0,0
1756703355,2786,0.09,0.0,-0.03,0.0,0.0,0.0,0.0,0.0,0,0,0
1756703355,2787,0.02,0.0,-0.05,0.0,0.0,0.0,0.0,0.0,0,0,0
1756703355,2788,0.02,0.0,-0.02,0.0,0.0,0.0,0.0,0.0,0,0,0
1756703355,2789,0.07,0.0,-0.05,0.0,0.0,0.0,0.0,0.0,0,0,0
1756703355,2790,0.0,0.0,0.0,0.0,0.0,0.0,0.0,0.0,0,0,0
1756703355,2791,0.0,0.0,-0.05,0.0,0.0,0.0,0.0,0.0,0,0,0
1756703355,2792,0.01,0.0,-0.07,0.0,0.0,0.0,0.0,0.0,0,0,0
1756703355,2793,-0.01,0.0,-0.05,0.0,0.0,0.0,0.0,0.0,0,0,0
1756703355,2794,0.0,0.0,0.0,0.0,0.0,0.0,0.0,0.0,0,0,0
1756703355,2795,0.0,0.0,0.0,0.0,0.0,0.0,0.0,0.0,0,0,0
1756703355,2796,0.01,0.0,0.0,0.0,0.0,0.0,0.0,0.0,0,0,0
1756703355,2797,0.05,0.0,-0.01,0.0,0.0,0.0,0.0,0.0,0,0,0
1756703355,2798,0.05,0.0,-0.05,0.0,0.0,0.0,0.0,0.0,0,0,0
1756703355,2799,0.03,0.0,0.07,0.0,0.0,0.0,0.0,0.0,0,0,0
1756703355,2800,0.01,0.0,0.0,0.0,0.0,0.0,0.0,0.0,0,0,0
1756703355,2801,0.05,0.0,-0.01,0.0,0.0,0.0,0.0,0.0,0,0,0
1756703355,2802,0.03,0.0,0.18,0.0,0.0,0.0,0.0,0.0,0,0,0
1756703355,2803,0.11,0.0,-0.05,0.0,0.0,0.0,0.0,0.0,0,0,0
1756703355,2804,0.0,0.0,0.0,0.0,0.0,0.0,0.0,0.0,0,0,0
1756703356,2805,0.0,0.0,-0.01,0.0,0.0,0.0,0.0,0.0,0,0,0
1756703356,2806,0.0,0.0,0.0,0.0,0.0,0.0,0.0,0.0,0,0,0
1756703356,2807,0.05,0.0,-0.01,0.0,0.0,0.0,0.0,0.0,0,0,0
1756703356,2808,0.02,0.0,-0.03,0.0,0.0,0.0,0.0,0.0,0,0,0
1756703356,2809,-0.05,0.0,0.0,0.0,0.0,0.0,0.0,0.0,0,0,0
1756703356,2810,0.03,0.0,-0.05,0.0,0.0,0.0,0.0,0.0,0,0,0
1756703356,2811,0.03,0.0,0.0,0.0,0.0,0.0,0.0,0.0,0,0,0
1756703356,2812,0.05,0.0,-0.02,0.0,0.0,0.0,0.0,0.0,0,0,0
1756703356,2813,0.05,0.0,-0.03,0.0,0.0,0.0,0.0,0.0,0,0,0
1756703356,2814,0.01,0.0,-0.02,0.0,0.0,0.0,0.0,0.0,0,0,0
1756703356,2815,0.0,0.0,-0.05,0.0,0.0,0.0,0.0,0.0,0,0,0
1756703356,2816,-0.02,0.0,0.03,0.0,0.0,0.0,0.0,0.0,0,0,0
1756703356,2817,0.07,0.0,-0.05,0.0,0.0,0.0,0.0,0.0,0,0,0
1756703356,2818,0.03,0.0,-0.03,0.0,0.0,0.0,0.0,0.0,0,0,0
1756703356,2819,0.07,0.0,0.0,0.0,0.0,0.0,0.0,0.0,0,0,0
1756703356,2820,0.01,0.0,-0.03,0.0,0.0,0.0,0.0,0.0,0,0,0
1756703356,2821,0.05,0.0,0.0,0.0,0.0,0.0,0.0,0.0,0,0,0
1756703356,2822,0.02,0.0,-0.01,0.0,0.0,0.0,0.0,0.0,0,0,0
1756703356,2823,0.01,0.0,0.0,0.0,0.0,0.0,0.0,0.0,0,0,0
1756703356,2824,0.0,0.0,0.0,0.0,0.0,0.0,0.0,0.0,0,0,0
1756703356,2825,0.0,0.0,0.0,0.0,0.0,0.0,0.0,0.0,0,0,0
1756703356,2826,0.0,0.0,-0.02,0.0,0.0,0.0,0.0,0.0,0,0,0
1756703356,2827,0.02,0.0,0.0,0.0,0.0,0.0,0.0,0.0,0,0,0
1756703356,2828,0.05,0.0,-0.02,0.0,0.0,0.0,0.0,0.0,0,0,0
1756703356,2829,0.05,0.0,0.0,0.0,0.0,0.0,0.0,0.0,0,0,0
1756703356,2830,0.05,0.0,0.0,0.0,0.0,0.0,0.0,0.0,0,0,0
1756703356,2831,0.07,0.0,0.0,0.0,0.0,0.0,0.0,0.0,0,0,0
1756703356,2832,0.01,0.0,0.03,0.0,0.0,0.0,0.0,0.0,0,0,0
1756703356,2833,0.0,0.0,-0.01,0.0,0.0,0.0,0.0,0.0,0,0,0
1756703356,2834,0.02,0.0,-0.03,0.0,0.0,0.0,0.0,0.0,0,0,0
1756703356,2835,0.03,0.0,-0.02,0.0,0.0,0.0,0.0,0.0,0,0,0
1756703356,2836,0.02,0.0,-0.02,0.0,0.0,0.0,0.0,0.0,0,0,0
1756703356,2837,0.01,0.0,-0.02,0.0,0.0,0.0,0.0,0.0,0,0,0
1756703356,2838,0.11,0.0,-0.05,0.0,0.0,0.0,0.0,0.0,0,0,0
1756703356,2839,0.0,0.0,-0.01,0.0,0.0,0.0,0.0,0.0,0,0,0
1756703356,2840,0.05,0.0,0.0,0.0,0.0,0.0,0.0,0.0,0,0,0
1756703356,2841,0.03,0.0,0.0,0.0,0.0,0.0,0.0,0.0,0,0,0
1756703356,2842,0.03,0.0,0.0,0.0,0.0,0.0,0.0,0.0,0,0,0
1756703356,2843,-0.03,0.0,0.0,0.0,0.0,0.0,0.0,0.0,0,0,0
1756703356,2844,0.05,0.0,-0.05,0.0,0.0,0.0,0.0,0.0,0,0,0
1756703356,2845,0.05,0.0,-0.05,0.0,0.0,0.0,0.0,0.0,0,0,0
1756703356,2846,0.07,0.0,0.0,0.0,0.0,0.0,0.0,0.0,0,0,0
1756703356,2847,0.05,0.0,0.0,0.0,0.0,0.0,0.0,0.0,0,0,0
1756703356,2848,0.05,0.0,-0.01,0.0,0.0,0.0,0.0,0.0,0,0,0
1756703356,2849,0.0,0.0,0.0,0.0,0.0,0.0,0.0,0.0,0,0,0
1756703356,2850,0.0,0.0,0.0,0.0,0.0,0.0,0.0,0.0,0,0,0
1756703356,2851,0.05,0.0,-0.03,0.0,0.0,0.0,0.0,0.0,0,0,0
1756703356,2852,0.05,0.0,0.0,0.0,0.0,0.0,0.0,0.0,0,0,0
1756703356,2853,0.0,0.0,-0.02,0.0,0.0,0.0,0.0,0.0,0,0,0
1756703356,2854,-0.01,0.0,-0.01,0.0,0.0,0.0,0.0,0.0,0,0,0
1756703356,2855,0.05,0.0,-0.02,0.0,0.0,0.0,0.0,0.0,0,0,0
1756703356,2856,0.02,0.0,0.0,0.0,0.0,0.0,0.0,0.0,0,0,0
1756703356,2857,0.05,0.0,0.11,0.0,0.0,0.0,0.0,0.0,0,0,0
1756703356,2858,0.11,0.0,-0.05,0.0,0.0,0.0,0.0,0.0,0,0,0
1756703356,2859,0.05,0.0,0.07,0.0,0.0,0.0,0.0,0.0,0,0,0
1756703356,2860,-0.02,0.0,-0.01,0.0,0.0,0.0,0.0,0.0,0,0,0
1756703356,2861,0.05,0.0,-0.02,0.0,0.0,0.0,0.0,0.0,0,0,0
1756703356,2862,-0.05,0.0,0.0,0.0,0.0,0.0,0.0,0.0,0,0,0
1756703356,2863,0.02,0.0,-0.05,0.0,0.0,0.0,0.0,0.0,0,0,0
1756703356,2864,0.05,0.0,-0.01,0.0,0.0,0.0,0.0,0.0,0,0,0
1756703356,2865,0.0,0.0,-0.02,0.0,0.0,0.0,0.0,0.0,0,0,0
1756703356,2866,0.09,0.0,-0.02,0.0,0.0,0.0,0.0,0.0,0,0,0
1756703356,2867,0.0,0.0,-0.01,0.0,0.0,0.0,0.0,0.0,0,0,0
1756703356,2868,0.05,0.0,-0.05,0.0,0.0,0.0,0.0,0.0,0,0,0
1756703356,2869,0.02,0.0,-0.07,0.0,0.0,0.0,0.0,0.0,0,0,0
1756703356,2870,0.02,0.0,0.0,0.0,0.0,0.0,0.0,0.0,0,0,0
1756703357,2871,0.05,0.0,-0.03,0.0,0.0,0.0,0.0,0.0,0,0,0
1756703357,2872,0.0,0.0,-0.01,0.0,0.0,0.0,0.0,0.0,0,0,0
1756703357,2873,-0.05,0.0,-0.07,0.0,0.0,0.0,0.0,0.0,0,0,0
1756703357,2874,0.07,0.0,-0.01,0.0,0.0,0.0,0.0,0.0,0,0,0
1756703357,2875,0.05,0.0,-0.05,0.0,0.0,0.0,0.0,0.0,0,0,0
1756703357,2876,0.05,0.0,0.0,0.0,0.0,0.0,0.0,0.0,0,0,0
1756703357,2877,-0.01,0.0,-0.05,0.0,0.0,0.0,0.0,0.0,0,0,0
1756703357,2878,0.03,0.0,0.0,0.0,0.0,0.0,0.0,0.0,0,0,0
1756703357,2879,0.03,0.0,-0.01,0.0,0.0,0.0,0.0,0.0,0,0,0
1756703357,2880,0.1,0.0,-0.07,0.0,0.0,0.0,0.0,0.0,0,0,0
1756703357,2881,0.05,0.0,-0.05,0.0,0.0,0.0,0.0,0.0,0,0,0
1756703357,2882,-0.02,0.0,0.0,0.0,0.0,0.0,0.0,0.0,0,0,0
1756703357,2883,0.0,0.0,-0.01,0.0,0.0,0.0,0.0,0.0,0,0,0
1756703357,2884,0.03,0.0,-0.05,0.0,0.0,0.0,0.0,0.0,0,0,0
1756703357,2885,0.03,0.0,-0.03,0.0,0.0,0.0,0.0,0.0,0,0,0
1756703357,2886,0.0,0.0,-0.01,0.0,0.0,0.0,0.0,0.0,0,0,0
1756703357,2887,0.0,0.0,-0.03,0.0,0.0,0.0,0.0,0.0,0,0,0
1756703357,2888,0.03,0.0,-0.03,0.0,0.0,0.0,0.0,0.0,0,0,0
1756703357,2889,0.03,0.0,-0.1,0.0,0.0,0.0,0.0,0.0,0,0,0
1756703357,2890,0.01,0.0,-0.03,0.0,0.0,0.0,0.0,0.0,0,0,0
1756703357,2891,0.01,0.0,-0.02,0.0,0.0,0.0,0.0,0.0,0,0,0
1756703357,2892,0.0,0.0,-0.03,0.0,0.0,0.0,0.0,0.0,0,0,0
1756703357,2893,0.09,0.0,-0.03,0.0,0.0,0.0,0.0,0.0,0,0,0
1756703357,2894,0.09,0.0,-0.05,0.0,0.0,0.0,0.0,0.0,0,0,0
1756703357,2895,0.05,0.0,-0.01,0.0,0.0,0.0,0.0,0.0,0,0,0
1756703357,2896,0.0,0.0,-0.01,0.0,0.0,0.0,0.0,0.0,0,0,0
1756703357,2897,0.03,0.0,-0.03,0.0,0.0,0.0,0.0,0.0,0,0,0
1756703357,2898,0.0,0.0,-0.03,0.0,0.0,0.0,0.0,0.0,0,0,0
1756703357,2899,0.1,0.0,-0.02,0.0,0.0,0.0,0.0,0.0,0,0,0
1756703357,2900,0.0,0.0,-0.01,0.0,0.0,0.0,0.0,0.0,0,0,0
1756703357,2901,-0.02,0.0,0.0,0.0,0.0,0.0,0.0,0.0,0,0,0
1756703357,2902,0.07,0.0,-0.05,0.0,0.0,0.0,0.0,0.0,0,0,0
1756703357,2903,0.01,0.0,0.0,0.0,0.0,0.0,0.0,0.0,0,0,0
1756703357,2904,0.01,0.0,0.0,0.0,0.0,0.0,0.0,0.0,0,0,0
1756703357,2905,0.02,0.0,0.0,0.0,0.0,0.0,0.0,0.0,0,0,0
1756703357,2906,0.01,0.0,0.0,0.0,0.0,0.0,0.0,0.0,0,0,0
1756703357,2907,0.02,0.0,0.05,0.0,0.0,0.0,0.0,0.0,0,0,0
1756703357,2908,0.0,0.0,-0.01,0.0,0.0,0.0,0.0,0.0,0,0,0
1756703357,2909,0.1,0.0,0.01,0.0,0.0,0.0,0.0,0.0,0,0,0
1756703357,2910,0.0,0.0,0.0,0.0,0.0,0.0,0.0,0.0,0,0,0
1756703357,2911,0.03,0.0,-0.05,0.0,0.0,0.0,0.0,0.0,0,0,0
1756703357,2912,0.01,0.0,-0.03,0.0,0.0,0.0,0.0,0.0,0,0,0
1756703357,2913,0.05,0.0,-0.01,0.0,0.0,0.0,0.0,0.0,0,0,0
1756703357,2914,0.03,0.0,-0.07,0.0,0.0,0.0,0.0,0.0,0,0,0
1756703357,2915,0.0,0.0,-0.05,0.0,0.0,0.0,0.0,0.0,0,0,0
1756703357,2916,0.07,0.0,-0.07,0.0,0.0,0.0,0.0,0.0,0,0,0
1756703357,2917,0.03,0.0,-0.07,0.0,0.0,0.0,0.0,0.0,0,0,0
1756703357,2918,0.05,0.0,-0.01,0.0,0.0,0.0,0.0,0.0,0,0,0
1756703357,2919,0.0,0.0,-0.18,0.0,0.0,0.0,0.0,0.0,0,0,0
1756703357,2920,0.02,0.0,0.0,0.0,0.0,0.0,0.0,0.0,0,0,0
1756703357,2921,0.03,0.0,0.0,0.0,0.0,0.0,0.0,0.0,0,0,0
1756703357,2922,0.02,0.0,-0.01,0.0,0.0,0.0,0.0,0.0,0,0,0
1756703357,2923,0.02,0.0,-0.05,0.0,0.0,0.0,0.0,0.0,0,0,0
1756703357,2924,0.05,0.0,0.0,0.0,0.0,0.0,0.0,0.0,0,0,0
1756703357,2925,0.01,0.0,0.0,0.0,0.0,0.0,0.0,0.0,0,0,0
1756703357,2926,0.03,0.0,0.0,0.0,0.0,0.0,0.0,0.0,0,0,0
1756703357,2927,0.02,0.0,0.01,0.0,0.0,0.0,0.0,0.0,0,0,0
1756703357,2928,0.1,0.0,0.0,0.0,0.0,0.0,0.0,0.0,0,0,0
1756703357,2929,0.0,0.0,0.0,0.0,0.0,0.0,0.0,0.0,0,0,0
1756703357,2930,0.03,0.0,0.03,0.0,0.0,0.0,0.0,0.0,0,0,0
1756703357,2931,0.02,0.0,0.01,0.0,0.0,0.0,0.0,0.0,0,0,0
1756703357,2932,0.01,0.0,0.0,0.0,0.0,0.0,0.0,0.0,0,0,0
1756703357,2933,0.11,0.0,0.0,0.0,0.0,0.0,0.0,0.0,0,0,0
1756703357,2934,0.11,0.0,-0.11,0.0,0.0,0.0,0.0,0.0,0,0,0
1756703357,2935,0.05,0.0,0.0,0.0,0.0,0.0,0.0,0.0,0,0,0
1756703357,2936,-0.15,0.0,0.0,0.0,0.0,0.0,0.0,0.0,0,0,0
1756703357,2937,0.0,0.0,-0.03,0.0,0.0,0.0,0.0,0.0,0,0,0
1756703357,2938,0.05,0.0,-0.02,0.0,0.0,0.0,0.0,0.0,0,0,0
1756703358,2939,0.05,0.0,0.0,0.0,0.0,0.0,0.0,0.0,0,0,0
1756703358,2940,0.03,0.0,0.0,0.0,0.0,0.0,0.0,0.0,0,0,0
1756703358,2941,0.02,0.0,-0.02,0.0,0.0,0.0,0.0,0.0,0,0,0
1756703358,2942,0.01,0.0,0.0,0.0,0.0,0.0,0.0,0.0,0,0,0
1756703358,2943,0.0,0.0,-0.03,0.0,0.0,0.0,0.0,0.0,0,0,0
1756703358,2944,0.05,0.0,-0.02,0.0,0.0,0.0,0.0,0.0,0,0,0
1756703358,2945,0.09,0.0,-0.02,0.0,0.0,0.0,0.0,0.0,0,0,0
1756703358,2946,0.02,0.0,0.0,0.0,0.0,0.0,0.0,0.0,0,0,0
1756703358,2947,0.02,0.0,0.0,0.0,0.0,0.0,0.0,0.0,0,0,0
1756703358,2948,0.01,0.0,0.0,0.0,0.0,0.0,0.0,0.0,0,0,0
1756703358,2949,0.0,0.0,-0.02,0.0,0.0,0.0,0.0,0.0,0,0,0
1756703358,2950,0.02,0.0,0.0,0.0,0.0,0.0,0.0,0.0,0,0,0
1756703358,2951,0.03,0.0,0.01,0.0,0.0,0.0,0.0,0.0,0,0,0
1756703358,2952,0.0,0.0,0.0,0.0,0.0,0.0,0.0,0.0,0,0,0
1756703358,2953,0.0,0.0,-0.01,0.0,0.0,0.0,0.0,0.0,0,0,0
1756703358,2954,0.03,0.0,-0.03,0.0,0.0,0.0,0.0,0.0,0,0,0
1756703358,2955,0.02,0.0,0.0,0.0,0.0,0.0,0.0,0.0,0,0,0
1756703358,2956,0.03,0.0,0.0,0.0,0.0,0.0,0.0,0.0,0,0,0
1756703358,2957,0.0,0.0,0.0,0.0,0.0,0.0,0.0,0.0,0,0,0
1756703358,2958,0.05,0.0,-0.01,0.0,0.0,0.0,0.0,0.0,0,0,0
1756703358,2959,0.0,0.0,0.0,0.0,0.0,0.0,0.0,0.0,0,0,0
1756703358,2960,0.07,0.0,-0.05,0.0,0.0,0.0,0.0,0.0,0,0,0
1756703358,2961,0.1,0.0,-0.01,0.0,0.0,0.0,0.0,0.0,0,0,0
1756703358,2962,0.02,0.0,-0.03,0.0,0.0,0.0,0.0,0.0,0,0,0
1756703358,2963,0.02,0.0,0.0,0.0,0.0,0.0,0.0,0.0,0,0,0
1756703358,2964,0.0,0.0,-0.01,0.0,0.0,0.0,0.0,0.0,0,0,0
1756703358,2965,0.02,0.0,0.0,0.0,0.0,0.0,0.0,0.0,0,0,0
1756703358,2966,-0.01,0.0,-0.01,0.0,0.0,0.0,0.0,0.0,0,0,0
1756703358,2967,0.01,0.0,-0.03,0.0,0.0,0.0,0.0,0.0,0,0,0
1756703358,2968,-0.01,0.0,-0.01,0.0,0.0,0.0,0.0,0.0,0,0,0
1756703358,2969,0.05,0.0,0.0,0.0,0.0,0.0,0.0,0.0,0,0,0
1756703358,2970,0.0,0.0,-0.05,0.0,0.0,0.0,0.0,0.0,0,0,0
1756703358,2971,0.07,0.0,0.0,0.0,0.0,0.0,0.0,0.0,0,0,0
1756703358,2972,0.07,0.0,0.0,0.0,0.0,0.0,0.0,0.0,0,0,0
1756703358,2973,0.0,0.0,-0.01,0.0,0.0,0.0,0.0,0.0,0,0,0
1756703358,2974,0.02,0.0,-0.01,0.0,0.0,0.0,0.0,0.0,0,0,0
1756703358,2975,0.0,0.0,-0.01,0.0,0.0,0.0,0.0,0.0,0,0,0
1756703358,2976,-0.01,0.0,0.0,0.0,0.0,0.0,0.0,0.0,0,0,0
1756703358,2977,0.0,0.0,0.0,0.0,0.0,0.0,0.0,0.0,0,0,0
1756703358,2978,0.03,0.0,-0.01,0.0,0.0,0.0,0.0,0.0,0,0,0
1756703358,2979,0.01,0.0,0.0,0.0,0.0,0.0,0.0,0.0,0,0,0
1756703358,2980,0.1,0.0,0.0,0.0,0.0,0.0,0.0,0.0,0,0,0
1756703358,2981,0.09,0.0,0.02,0.0,0.0,0.0,0.0,0.0,0,0,0
1756703358,2982,-0.02,0.0,0.0,0.0,0.0,0.0,0.0,0.0,0,0,0
1756703358,2983,0.0,0.0,-0.02,0.0,0.0,0.0,0.0,0.0,0,0,0
1756703358,2984,0.07,0.0,-0.05,0.0,0.0,0.0,0.0,0.0,0,0,0
1756703358,2985,0.0,0.0,-0.1,0.0,0.0,0.0,0.0,0.0,0,0,0
1756703358,2986,0.01,0.0,-0.01,0.0,0.0,0.0,0.0,0.0,0,0,0
1756703358,2987,0.0,0.0,0.0,0.0,0.0,0.0,0.0,0.0,0,0,0
1756703358,2988,0.02,0.0,-0.01,0.0,0.0,0.0,0.0,0.0,0,0,0
1756703358,2989,0.09,0.0,-0.01,0.0,0.0,0.0,0.0,0.0,0,0,0
1756703358,2990,0.0,0.0,-0.01,0.0,0.0,0.0,0.0,0.0,0,0,0
1756703358,2991,0.03,0.0,-0.09,0.0,0.0,0.0,0.0,0.0,0,0,0
1756703358,2992,0.0,0.0,0.0,0.0,0.0,0.0,0.0,0.0,0,0,0
1756703358,2993,0.0,0.0,-0.05,0.0,0.0,0.0,0.0,0.0,0,0,0
1756703358,2994,0.05,0.0,-0.01,0.0,0.0,0.0,0.0,0.0,0,0,0
1756703358,2995,0.03,0.0,-0.05,0.0,0.0,0.0,0.0,0.0,0,0,0
1756703358,2996,0.0,0.0,0.0,0.0,0.0,0.0,0.0,0.0,0,0,0
1756703358,2997,0.01,0.0,0.02,0.0,0.0,0.0,0.0,0.0,0,0,0
1756703358,2998,0.01,0.0,0.01,0.0,0.0,0.0,0.0,0.0,0,0,0
1756703358,2999,0.0,0.0,0.0,0.0,0.0,0.0,0.0,0.0,0,0,0
1756703358,3000,0.0,0.0,-0.03,0.0,0.0,0.0,0.0,0.0,0,0,0
1756703358,3001,0.0,0.0,-0.01,0.0,0.0,0.0,0.0,0.0,0,0,0
1756703358,3002,0.0,0.0,-0.05,0.0,0.0,0.0,0.0,0.0,0,0,0
1756703358,3003,0.0,0.0,-0.09,0.0,0.0,0.0,0.0,0.0,0,0,0
1756703358,3004,0.09,0.0,-0.01,0.0,0.0,0.0,0.0,0.0,0,0,0
1756703358,3005,0.01,0.0,0.0,0.0,0.0,0.0,0.0,0.0,0,0,0
1756703358,3006,0.09,0.0,-0.01,0.0,0.0,0.0,0.0,0.0,0,0,0
1756703359,3007,0.05,0.0,-0.05,0.0,0.0,0.0,0.0,0.0,0,0,0
1756703359,3008,-0.01,0.0,-0.03,0.0,0.0,0.0,0.0,0.0,0,0,0
1756703359,3009,0.05,0.0,0.0,0.0,0.0,0.0,0.0,0.0,0,0,0
1756703359,3010,0.0,0.0,-0.01,0.0,0.0,0.0,0.0,0.0,0,0,0
1756703359,3011,0.0,0.0,-0.01,0.0,0.0,0.0,0.0,0.0,0,0,0
1756703359,3012,-0.02,0.0,0.0,0.0,0.0,0.0,0.0,0.0,0,0,0
1756703359,3013,0.1,0.0,0.02,0.0,0.0,0.0,0.0,0.0,0,0,0
1756703359,3014,0.02,0.0,0.0,0.0,0.0,0.0,0.0,0.0,0,0,0
1756703359,3015,0.02,0.0,-0.01,0.0,0.0,0.0,0.0,0.0,0,0,0
1756703359,3016,-0.02,0.0,0.0,0.0,0.0,0.0,0.0,0.0,0,0,0
1756703359,3017,0.05,0.0,-0.02,0.0,0.0,0.0,0.0,0.0,0,0,0
1756703359,3018,0.03,0.0,0.0,0.0,0.0,0.0,0.0,0.0,0,0,0
1756703359,3019,0.05,0.0,0.0,0.0,0.0,0.0,0.0,0.0,0,0,0
1756703359,3020,0.0,0.0,-0.03,0.0,0.0,0.0,0.0,0.0,0,0,0
1756703359,3021,0.05,0.0,0.0,0.0,0.0,0.0,0.0,0.0,0,0,0
1756703359,3022,0.03,0.0,-0.02,0.0,0.0,0.0,0.0,0.0,0,0,0
1756703359,3023,0.0,0.0,0.0,0.0,0.0,0.0,0.0,0.0,0,0,0
1756703359,3024,0.02,0.0,0.01,0.0,0.0,0.0,0.0,0.0,0,0,0
1756703359,3025,0.0,0.0,0.0,0.0,0.0,0.0,0.0,0.0,0,0,0
1756703359,3026,0.02,0.0,-0.02,0.0,0.0,0.0,0.0,0.0,0,0,0
1756703359,3027,0.05,0.0,0.05,0.0,0.0,0.0,0.0,0.0,0,0,0
1756703359,3028,0.07,0.0,0.0,0.0,0.0,0.0,0.0,0.0,0,0,0
1756703359,3029,-0.03,0.0,-0.03,0.0,0.0,0.0,0.0,0.0,0,0,0
1756703359,3030,0.05,0.0,0.0,0.0,0.0,0.0,0.0,0.0,0,0,0
1756703359,3031,0.05,0.0,-0.01,0.0,0.0,0.0,0.0,0.0,0,0,0
1756703359,3032,0.05,0.0,-0.02,0.0,0.0,0.0,0.0,0.0,0,0,0
1756703359,3033,0.05,0.0,0.0,0.0,0.0,0.0,0.0,0.0,0,0,0
1756703359,3034,0.01,0.0,0.0,0.0,0.0,0.0,0.0,0.0,0,0,0
1756703359,3035,0.01,0.0,-0.01,0.0,0.0,0.0,0.0,0.0,0,0,0
1756703359,3036,0.01,0.0,-0.05,0.0,0.0,0.0,0.0,0.0,0,0,0
1756703359,3037,0.07,0.0,-0.03,0.0,0.0,0.0,0.0,0.0,0,0,0
1756703359,3038,0.03,0.0,-0.01,0.0,0.0,0.0,0.0,0.0,0,0,0
1756703359,3039,0.0,0.0,-0.01,0.0,0.0,0.0,0.0,0.0,0,0,0
1756703359,3040,0.05,0.0,0.0,0.0,0.0,0.0,0.0,0.0,0,0,0
1756703359,3041,0.05,0.0,-0.01,0.0,0.0,0.0,0.0,0.0,0,0,0
1756703359,3042,0.01,0.0,-0.03,0.0,0.0,0.0,0.0,0.0,0,0,0
1756703359,3043,0.05,0.0,0.0,0.0,0.0,0.0,0.0,0.0,0,0,0
1756703359,3044,0.03,0.0,-0.03,0.0,0.0,0.0,0.0,0.0,0,0,0
1756703359,3045,0.0,0.0,0.01,0.0,0.0,0.0,0.0,0.0,0,0,0
1756703359,3046,0.0,0.0,0.0,0.0,0.0,0.0,0.0,0.0,0,0,0
1756703359,3047,0.05,0.0,-0.03,0.0,0.0,0.0,0.0,0.0,0,0,0
1756703359,3048,0.0,0.0,-0.02,0.0,0.0,0.0,0.0,0.0,0,0,0
1756703359,3049,0.01,0.0,-0.02,0.0,0.0,0.0,0.0,0.0,0,0,0
1756703359,3050,0.07,0.0,-0.05,0.0,0.0,0.0,0.0,0.0,0,0,0
1756703359,3051,0.0,0.0,-0.01,0.0,0.0,0.0,0.0,0.0,0,0,0
1756703359,3052,0.0,0.0,-0.05,0.0,0.0,0.0,0.0,0.0,0,0,0
1756703359,3053,0.03,0.0,0.0,0.0,0.0,0.0,0.0,0.0,0,0,0
1756703359,3054,0.03,0.0,0.0,0.0,0.0,0.0,0.0,0.0,0,0,0
1756703359,3055,-0.02,0.0,0.0,0.0,0.0,0.0,0.0,0.0,0,0,0
1756703359,3056,0.07,0.0,-0.02,0.0,0.0,0.0,0.0,0.0,0,0,0
1756703359,3057,0.01,0.0,0.05,0.0,0.0,0.0,0.0,0.0,0,0,0
1756703359,3058,0.0,0.0,-0.1,0.0,0.0,0.0,0.0,0.0,0,0,0
1756703359,3059,0.0,0.0,-0.03,0.0,0.0,0.0,0.0,0.0,0,0,0
1756703359,3060,0.0,0.0,0.0,0.0,0.0,0.0,0.0,0.0,0,0,0
1756703359,3061,0.01,0.0,-0.02,0.0,0.0,0.0,0.0,0.0,0,0,0
1756703359,3062,0.0,0.0,0.0,0.0,0.0,0.0,0.0,0.0,0,0,0
1756703359,3063,0.0,0.0,-0.03,0.0,0.0,0.0,0.0,0.0,0,0,0
1756703359,3064,0.0,0.0,0.0,0.0,0.0,0.0,0.0,0.0,0,0,0
1756703359,3065,0.03,0.0,0.0,0.0,0.0,0.0,0.0,0.0,0,0,0
1756703359,3066,0.05,0.0,-0.05,0.0,0.0,0.0,0.0,0.0,0,0,0
1756703359,3067,0.0,0.0,0.0,0.0,0.0,0.0,0.0,0.0,0,0,0
1756703359,3068,0.02,0.0,0.0,0.0,0.0,0.0,0.0,0.0,0,0,0
1756703359,3069,0.05,0.0,-0.01,0.0,0.0,0.0,0.0,0.0,0,0,0
1756703359,3070,-0.07,0.0,-0.09,0.0,0.0,0.0,0.0,0.0,0,0,0
1756703359,3071,0.0,0.0,-0.03,0.0,0.0,0.0,0.0,0.0,0,0,0
1756703359,3072,0.01,0.0,0.0,0.0,0.0,0.0,0.0,0.0,0,0,0
1756703360,3073,0.05,0.0,-0.05,0.0,0.0,0.0,0.0,0.0,0,0,0
1756703360,3074,0.03,0.0,-0.02,0.0,0.0,0.0,0.0,0.0,0,0,0
1756703360,3075,0.01,0.0,-0.11,0.0,0.0,0.0,0.0,0.0,0,0,0
1756703360,3076,0.05,0.0,0.0,0.0,0.0,0.0,0.0,0.0,0,0,0
1756703360,3077,0.0,0.0,-0.01,0.0,0.0,0.0,0.0,0.0,0,0,0
1756703360,3078,0.1,0.0,0.0,0.0,0.0,0.0,0.0,0.0,0,0,0
1756703360,3079,0.0,0.0,0.0,0.0,0.0,0.0,0.0,0.0,0,0,0
1756703360,3080,0.05,0.0,-0.01,0.0,0.0,0.0,0.0,0.0,0,0,0
1756703360,3081,0.0,0.0,0.0,0.0,0.0,0.0,0.0,0.0,0,0,0
1756703360,3082,0.0,0.0,-0.02,0.0,0.0,0.0,0.0,0.0,0,0,0
1756703360,3083,0.0,0.0,-0.1,0.0,0.0,0.0,0.0,0.0,0,0,0
1756703360,3084,0.05,0.0,0.0,0.0,0.0,0.0,0.0,0.0,0,0,0
1756703360,3085,0.01,0.0,-0.02,0.0,0.0,0.0,0.0,0.0,0,0,0
1756703360,3086,0.01,0.0,-0.02,0.0,0.0,0.0,0.0,0.0,0,0,0
1756703360,3087,0.03,0.0,-0.03,0.0,0.0,0.0,0.0,0.0,0,0,0
1756703360,3088,0.0,0.0,-0.05,0.0,0.0,0.0,0.0,0.0,0,0,0
1756703360,3089,0.03,0.0,0.0,0.0,0.0,0.0,0.0,0.0,0,0,0
1756703360,3090,0.05,0.0,-0.03,0.0,0.0,0.0,0.0,0.0,0,0,0
1756703360,3091,0.03,0.0,-0.05,0.0,0.0,0.0,0.0,0.0,0,0,0
1756703360,3092,0.0,0.0,-0.02,0.0,0.0,0.0,0.0,0.0,0,0,0
1756703360,3093,-0.03,0.0,-0.01,0.0,0.0,0.0,0.0,0.0,0,0,0
1756703360,3094,0.1,0.0,-0.01,0.0,0.0,0.0,0.0,0.0,0,0,0
1756703360,3095,0.01,0.0,-0.02,0.0,0.0,0.0,0.0,0.0,0,0,0
1756703360,3096,0.05,0.0,0.0,0.0,0.0,0.0,0.0,0.0,0,0,0
1756703360,3097,0.09,0.0,0.0,0.0,0.0,0.0,0.0,0.0,0,0,0
1756703360,3098,0.0,0.0,0.0,0.0,0.0,0.0,0.0,0.0,0,0,0
1756703360,3099,-0.01,0.0,-0.09,0.0,0.0,0.0,0.0,0.0,0,0,0
1756703360,3100,0.0,0.0,-0.03,0.0,0.0,0.0,0.0,0.0,0,0,0
1756703360,3101,0.0,0.0,0.0,0.0,0.0,0.0,0.0,0.0,0,0,0
1756703360,3102,0.01,0.0,0.02,0.0,0.0,0.0,0.0,0.0,0,0,0
1756703360,3103,0.05,0.0,0.0,0.0,0.0,0.0,0.0,0.0,0,0,0
1756703360,3104,0.0,0.0,-0.01,0.0,0.0,0.0,0.0,0.0,0,0,0
1756703360,3105,0.05,0.0,0.0,0.0,0.0,0.0,0.0,0.0,0,0,0
1756703360,3106,-0.02,0.0,0.0,0.0,0.0,0.0,0.0,0.0,0,0,0
1756703360,3107,0.05,0.0,-0.01,0.0,0.0,0.0,0.0,0.0,0,0,0
1756703360,3108,0.0,0.0,-0.02,0.0,0.0,0.0,0.0,0.0,0,0,0
1756703360,3109,0.02,0.0,-0.02,0.0,0.0,0.0,0.0,0.0,0,0,0
1756703360,3110,0.0,0.0,-0.03,0.0,0.0,0.0,0.0,0.0,0,0,0
1756703360,3111,0.05,0.0,-0.03,0.0,0.0,0.0,0.0,0.0,0,0,0
1756703360,3112,0.07,0.0,-0.01,0.0,0.0,0.0,0.0,0.0,0,0,0
1756703360,3113,0.0,0.0,0.0,0.0,0.0,0.0,0.0,0.0,0,0,0
1756703360,3114,0.0,0.0,0.0,0.0,0.0,0.0,0.0,0.0,0,0,0
1756703360,3115,0.0,0.0,-0.01,0.0,0.0,0.0,0.0,0.0,0,0,0
1756703360,3116,0.05,0.0,-0.01,0.0,0.0,0.0,0.0,0.0,0,0,0
1756703360,3117,0.01,0.0,-0.01,0.0,0.0,0.0,0.0,0.0,0,0,0
1756703360,3118,0.07,0.0,0.01,0.0,0.0,0.0,0.0,0.0,0,0,0
1756703360,3119,0.05,0.0,-0.01,0.0,0.0,0.0,0.0,0.0,0,0,0
1756703360,3120,0.0,0.0,-0.05,0.0,0.0,0.0,0.0,0.0,0,0,0
1756703360,3121,0.01,0.0,0.0,0.0,0.0,0.0,0.0,0.0,0,0,0
1756703360,3122,0.02,0.0,-0.01,0.0,0.0,0.0,0.0,0.0,0,0,0
1756703360,3123,0.0,0.0,0.0,0.0,0.0,0.0,0.0,0.0,0,0,0
1756703360,3124,0.05,0.0,0.0,0.0,0.0,0.0,0.0,0.0,0,0,0
1756703360,3125,0.0,0.0,0.01,0.0,0.0,0.0,0.0,0.0,0,0,0
1756703360,3126,0.02,0.0,-0.01,0.0,0.0,0.0,0.0,0.0,0,0,0
1756703360,3127,0.01,0.0,0.0,0.0,0.0,0.0,0.0,0.0,0,0,0
1756703360,3128,0.02,0.0,0.0,0.0,0.0,0.0,0.0,0.0,0,0,0
1756703360,3129,0.01,0.0,-0.03,0.0,0.0,0.0,0.0,0.0,0,0,0
1756703360,3130,0.0,0.0,-0.01,0.0,0.0,0.0,0.0,0.0,0,0,0
1756703360,3131,0.0,0.0,0.0,0.0,0.0,0.0,0.0,0.0,0,0,0
1756703360,3132,0.03,0.0,-0.01,0.0,0.0,0.0,0.0,0.0,0,0,0
1756703360,3133,0.0,0.0,-0.05,0.0,0.0,0.0,0.0,0.0,0,0,0
1756703360,3134,0.02,0.0,-0.01,0.0,0.0,0.0,0.0,0.0,0,0,0
1756703361,3135,0.0,0.0,0.0,0.0,0.0,0.0,0.0,0.0,0,0,0
1756703361,3136,0.07,0.0,-0.01,0.0,0.0,0.0,0.0,0.0,0,0,0
1756703361,3137,-0.05,0.0,0.0,0.0,0.0,0.0,0.0,0.0,0,0,0
1756703361,3138,-0.01,0.0,-0.02,0.0,0.0,0.0,0.0,0.0,0,0,0
1756703361,3139,0.03,0.0,-0.02,0.0,0.0,0.0,0.0,0.0,0,0,0
1756703361,3140,0.03,0.0,0.03,0.0,0.0,0.0,0.0,0.0,0,0,0
1756703361,3141,0.07,0.0,0.03,0.0,0.0,0.0,0.0,0.0,0,0,0
1756703361,3142,0.0,0.0,-0.01,0.0,0.0,0.0,0.0,0.0,0,0,0
1756703361,3143,0.0,0.0,0.0,0.0,0.0,0.0,0.0,0.0,0,0,0
1756703361,3144,0.01,0.0,-0.01,0.0,0.0,0.0,0.0,0.0,0,0,0
1756703361,3145,0.01,0.0,-0.03,0.0,0.0,0.0,0.0,0.0,0,0,0
1756703361,3146,0.01,0.0,-0.03,0.0,0.0,0.0,0.0,0.0,0,0,0
1756703361,3147,0.01,0.0,0.0,0.0,0.0,0.0,0.0,0.0,0,0,0
1756703361,3148,0.05,0.0,0.0,0.0,0.0,0.0,0.0,0.0,0,0,0
1756703361,3149,0.01,0.0,-0.01,0.0,0.0,0.0,0.0,0.0,0,0,0
1756703361,3150,0.0,0.0,0.0,0.0,0.0,0.0,0.0,0.0,0,0,0
1756703361,3151,0.05,0.0,0.0,0.0,0.0,0.0,0.0,0.0,0,0,0
1756703361,3152,0.01,0.0,0.0,0.0,0.0,0.0,0.0,0.0,0,0,0
1756703361,3153,0.0,0.0,0.0,0.0,0.0,0.0,0.0,0.0,0,0,0
1756703361,3154,0.0,0.0,-0.05,0.0,0.0,0.0,0.0,0.0,0,0,0
1756703361,3155,0.05,0.0,0.01,0.0,0.0,0.0,0.0,0.0,0,0,0
1756703361,3156,0.0,0.0,0.07,0.0,0.0,0.0,0.0,0.0,0,0,0
1756703361,3157,0.02,0.0,-0.02,0.0,0.0,0.0,0.0,0.0,0,0,0
1756703361,3158,0.01,0.0,0.0,0.0,0.0,0.0,0.0,0.0,0,0,0
1756703361,3159,0.02,0.0,-0.02,0.0,0.0,0.0,0.0,0.0,0,0,0
1756703361,3160,0.03,0.0,0.0,0.0,0.0,0.0,0.0,0.0,0,0,0
1756703361,3161,0.07,0.0,-0.01,0.0,0.0,0.0,0.0,0.0,0,0,0
1756703361,3162,0.07,0.0,-0.03,0.0,0.0,0.0,0.0,0.0,0,0,0
1756703361,3163,0.01,0.0,-0.05,0.0,0.0,0.0,0.0,0.0,0,0,0
1756703361,3164,0.0,0.0,-0.03,0.0,0.0,0.0,0.0,0.0,0,0,0
1756703361,3165,0.1,0.0,0.0,0.0,0.0,0.0,0.0,0.0,0,0,0
1756703361,3166,0.0,0.0,0.0,0.0,0.0,0.0,0.0,0.0,0,0,0
1756703361,3167,0.05,0.0,-0.01,0.0,0.0,0.0,0.0,0.0,0,0,0
1756703361,3168,0.03,0.0,-0.01,0.0,0.0,0.0,0.0,0.0,0,0,0
1756703361,3169,0.0,0.0,0.0,0.0,0.0,0.0,0.0,0.0,0,0,0
1756703361,3170,0.0,0.0,0.0,0.0,0.0,0.0,0.0,0.0,0,0,0
1756703361,3171,0.0,0.0,-0.03,0.0,0.0,0.0,0.0,0.0,0,0,0
1756703361,3172,0.0,0.0,-0.03,0.0,0.0,0.0,0.0,0.0,0,0,0
1756703361,3173,0.0,0.0,-0.01,0.0,0.0,0.0,0.0,0.0,0,0,0
1756703361,3174,0.0,0.0,-0.05,0.0,0.0,0.0,0.0,0.0,0,0,0
1756703361,3175,0.0,0.0,0.0,0.0,0.0,0.0,0.0,0.0,0,0,0
1756703361,3176,0.0,0.0,-0.01,0.0,0.0,0.0,0.0,0.0,0,0,0
1756703361,3177,0.0,0.0,-0.01,0.0,0.0,0.0,0.0,0.0,0,0,0
1756703361,3178,0.09,0.0,-0.01,0.0,0.0,0.0,0.0,0.0,0,0,0
1756703361,3179,0.05,0.0,-0.02,0.0,0.0,0.0,0.0,0.0,0,0,0
1756703361,3180,0.0,0.0,0.0,0.0,0.0,0.0,0.0,0.0,0,0,0
1756703361,3181,0.02,0.0,0.0,0.0,0.0,0.0,0.0,0.0,0,0,0
1756703361,3182,0.01,0.0,-0.14,0.0,0.0,0.0,0.0,0.0,0,0,0
1756703361,3183,0.01,0.0,-0.05,0.0,0.0,0.0,0.0,0.0,0,0,0
1756703361,3184,0.03,0.0,0.05,0.0,0.0,0.0,0.0,0.0,0,0,0
1756703361,3185,0.02,0.0,-0.01,0.0,0.0,0.0,0.0,0.0,0,0,0
1756703361,3186,0.0,0.0,-0.01,0.0,0.0,0.0,0.0,0.0,0,0,0
1756703361,3187,-0.01,0.0,0.03,0.0,0.0,0.0,0.0,0.0,0,0,0
1756703361,3188,0.0,0.0,0.0,0.0,0.0,0.0,0.0,0.0,0,0,0
1756703361,3189,0.03,0.0,0.0,0.0,0.0,0.0,0.0,0.0,0,0,0
1756703361,3190,0.02,0.0,0.01,0.0,0.0,0.0,0.0,0.0,0,0,0
1756703361,3191,0.0,0.0,-0.01,0.0,0.0,0.0,0.0,0.0,0,0,0
1756703361,3192,0.0,0.0,0.0,0.0,0.0,0.0,0.0,0.0,0,0,0
1756703361,3193,0.07,0.0,0.05,0.0,0.0,0.0,0.0,0.0,0,0,0
1756703361,3194,0.0,0.0,-0.01,0.0,0.0,0.0,0.0,0.0,0,0,0
1756703361,3195,0.03,0.0,0.0,0.0,0.0,0.0,0.0,0.0,0,0,0
1756703361,3196,0.05,0.0,0.0,0.0,0.0,0.0,0.0,0.0,0,0,0
1756703361,3197,0.0,0.0,-0.05,0.0,0.0,0.0,0.0,0.0,0,0,0
1756703361,3198,0.03,0.0,0.0,0.0,0.0,0.0,0.0,0.0,0,0,0
1756703361,3199,0.05,0.0,-0.01,0.0,0.0,0.0,0.0,0.0,0,0,0
1756703361,3200,-0.15,0.0,-0.02,0.0,0.0,0.0,0.0,0.0,0,0,0
1756703361,3201,0.01,0.0,-0.01,0.0,0.0,0.0,0.0,0.0,0,0,0
1756703361,3202,0.07,0.0,-0.01,0.0,0.0,0.0,0.0,0.0,0,0,0
1756703361,3203,0.05,0.0,0.0,0.0,0.0,0.0,0.0,0.0,0,0,0
1756703362,3204,0.01,0.0,0.0,0.0,0.0,0.0,0.0,0.0,0,0,0
1756703362,3205,0.0,0.0,0.0,0.0,0.0,0.0,0.0,0.0,0,0,0
1756703362,3206,-0.02,0.0,0.0,0.0,0.0,0.0,0.0,0.0,0,0,0
1756703362,3207,-0.01,0.0,0.0,0.0,0.0,0.0,0.0,0.0,0,0,0
1756703362,3208,0.02,0.0,0.0,0.0,0.0,0.0,0.0,0.0,0,0,0
1756703362,3209,0.02,0.0,-0.01,0.0,0.0,0.0,0.0,0.0,0,0,0
1756703362,3210,-0.05,0.0,0.01,0.0,0.0,0.0,0.0,0.0,0,0,0
1756703362,3211,0.05,0.0,0.0,0.0,0.0,0.0,0.0,0.0,0,0,0
1756703362,3212,0.03,0.0,0.0,0.0,0.0,0.0,0.0,0.0,0,0,0
1756703362,3213,0.0,0.0,0.0,0.0,0.0,0.0,0.0,0.0,0,0,0
1756703362,3214,-0.01,0.0,0.0,0.0,0.0,0.0,0.0,0.0,0,0,0
1756703362,3215,-0.03,0.0,0.0,0.0,0.0,0.0,0.0,0.0,0,0,0
1756703362,3216,0.01,0.0,-0.02,0.0,0.0,0.0,0.0,0.0,0,0,0
1756703362,3217,0.02,0.0,-0.02,0.0,0.0,0.0,0.0,0.0,0,0,0
1756703362,3218,0.02,0.0,0.0,0.0,0.0,0.0,0.0,0.0,0,0,0
1756703362,3219,0.05,0.0,0.0,0.0,0.0,0.0,0.0,0.0,0,0,0
1756703362,3220,0.02,0.0,-0.01,0.0,0.0,0.0,0.0,0.0,0,0,0
1756703362,3221,0.0,0.0,-0.03,0.0,0.0,0.0,0.0,0.0,0,0,0
1756703362,3222,0.02,0.0,0.01,0.0,0.0,0.0,0.0,0.0,0,0,0
1756703362,3223,0.0,0.0,-0.02,0.0,0.0,0.0,0.0,0.0,0,0,0
1756703362,3224,0.0,0.0,0.0,0.0,0.0,0.0,0.0,0.0,0,0,0
1756703362,3225,0.02,0.0,-0.02,0.0,0.0,0.0,0.0,0.0,0,0,0
1756703362,3226,0.0,0.0,0.0,0.0,0.0,0.0,0.0,0.0,0,0,0
1756703362,3227,0.0,0.0,-0.02,0.0,0.0,0.0,0.0,0.0,0,0,0
1756703362,3228,0.01,0.0,0.05,0.0,0.0,0.0,0.0,0.0,0,0,0
1756703362,3229,0.0,0.0,0.0,0.0,0.0,0.0,0.0,0.0,0,0,0
1756703362,3230,0.01,0.0,0.01,0.0,0.0,0.0,0.0,0.0,0,0,0
1756703362,3231,0.01,0.0,-0.01,0.0,0.0,0.0,0.0,0.0,0,0,0
1756703362,3232,0.05,0.0,-0.05,0.0,0.0,0.0,0.0,0.0,0,0,0
1756703362,3233,0.03,0.0,0.05,0.0,0.0,0.0,0.0,0.0,0,0,0
1756703362,3234,0.0,0.0,0.0,0.0,0.0,0.0,0.0,0.0,0,0,0
1756703362,3235,0.05,0.0,-0.03,0.0,0.0,0.0,0.0,0.0,0,0,0
1756703362,3236,0.0,0.0,-0.02,0.0,0.0,0.0,0.0,0.0,0,0,0
1756703362,3237,0.0,0.0,0.0,0.0,0.0,0.0,0.0,0.0,0,0,0
1756703362,3238,0.02,0.0,-0.01,0.0,0.0,0.0,0.0,0.0,0,0,0
1756703362,3239,0.0,0.0,-0.01,0.0,0.0,0.0,0.0,0.0,0,0,0
1756703362,3240,0.07,0.0,0.0,0.0,0.0,0.0,0.0,0.0,0,0,0
1756703362,3241,0.05,0.0,0.0,0.0,0.0,0.0,0.0,0.0,0,0,0
1756703362,3242,0.05,0.0,-0.02,0.0,0.0,0.0,0.0,0.0,0,0,0
1756703362,3243,0.03,0.0,0.0,0.0,0.0,0.0,0.0,0.0,0,0,0
1756703362,3244,0.07,0.0,-0.15,0.0,0.0,0.0,0.0,0.0,0,0,0
1756703362,3245,0.0,0.0,0.0,0.0,0.0,0.0,0.0,0.0,0,0,0
1756703362,3246,0.0,0.0,-0.01,0.0,0.0,0.0,0.0,0.0,0,0,0
1756703362,3247,0.0,0.0,-0.02,0.0,0.0,0.0,0.0,0.0,0,0,0
1756703362,3248,0.05,0.0,-0.01,0.0,0.0,0.0,0.0,0.0,0,0,0
1756703362,3249,0.0,0.0,0.0,0.0,0.0,0.0,0.0,0.0,0,0,0
1756703362,3250,0.02,0.0,-0.05,0.0,0.0,0.0,0.0,0.0,0,0,0
1756703362,3251,-0.07,0.0,-0.02,0.0,0.0,0.0,0.0,0.0,0,0,0
1756703362,3252,0.02,0.0,-0.11,0.0,0.0,0.0,0.0,0.0,0,0,0
1756703362,3253,0.07,0.0,-0.05,0.0,0.0,0.0,0.0,0.0,0,0,0
1756703362,3254,0.01,0.0,0.0,0.0,0.0,0.0,0.0,0.0,0,0,0
1756703362,3255,0.07,0.0,-0.02,0.0,0.0,0.0,0.0,0.0,0,0,0
1756703362,3256,0.0,0.0,-0.01,0.0,0.0,0.0,0.0,0.0,0,0,0
1756703362,3257,0.0,0.0,0.02,0.0,0.0,0.0,0.0,0.0,0,0,0
1756703362,3258,0.0,0.0,0.0,0.0,0.0,0.0,0.0,0.0,0,0,0
1756703362,3259,0.0,0.0,0.0,0.0,0.0,0.0,0.0,0.0,0,0,0
1756703362,3260,0.02,0.0,-0.01,0.0,0.0,0.0,0.0,0.0,0,0,0
1756703362,3261,0.01,0.0,-0.01,0.0,0.0,0.0,0.0,0.0,0,0,0
1756703362,3262,0.03,0.0,0.0,0.0,0.0,0.0,0.0,0.0,0,0,0
1756703362,3263,0.02,0.0,-0.01,0.0,0.0,0.0,0.0,0.0,0,0,0
1756703362,3264,0.01,0.0,-0.02,0.0,0.0,0.0,0.0,0.0,0,0,0
1756703362,3265,0.05,0.0,0.0,0.0,0.0,0.0,0.0,0.0,0,0,0
1756703362,3266,0.05,0.0,0.0,0.0,0.0,0.0,0.0,0.0,0,0,0
1756703362,3267,0.0,0.0,-0.07,0.0,0.0,0.0,0.0,0.0,0,0,0
1756703362,3268,0.0,0.0,-0.01,0.0,0.0,0.0,0.0,0.0,0,0,0
1756703362,3269,0.07,0.0,0.01,0.0,0.0,0.0,0.0,0.0,0,0,0
1756703363,3270,0.03,0.0,0.0,0.0,0.0,0.0,0.0,0.0,0,0,0
1756703363,3271,0.02,0.0,-0.01,0.0,0.0,0.0,0.0,0.0,0,0,0
1756703363,3272,0.02,0.0,0.0,0.0,0.0,0.0,0.0,0.0,0,0,0
1756703363,3273,0.0,0.0,-0.03,0.0,0.0,0.0,0.0,0.0,0,0,0
1756703363,3274,0.0,0.0,-0.09,0.0,0.0,0.0,0.0,0.0,0,0,0
1756703363,3275,0.05,0.0,0.0,0.0,0.0,0.0,0.0,0.0,0,0,0
1756703363,3276,0.05,0.0,-0.05,0.0,0.0,0.0,0.0,0.0,0,0,0
1756703363,3277,-0.07,0.0,0.0,0.0,0.0,0.0,0.0,0.0,0,0,0
1756703363,3278,0.05,0.0,0.0,0.0,0.0,0.0,0.0,0.0,0,0,0
1756703363,3279,0.05,0.0,0.0,0.0,0.0,0.0,0.0,0.0,0,0,0
1756703363,3280,-0.01,0.0,-0.01,0.0,0.0,0.0,0.0,0.0,0,0,0
1756703363,3281,0.02,0.0,-0.02,0.0,0.0,0.0,0.0,0.0,0,0,0
1756703363,3282,0.0,0.0,0.0,0.0,0.0,0.0,0.0,0.0,0,0,0
1756703363,3283,0.0,0.0,0.0,0.0,0.0,0.0,0.0,0.0,0,0,0
1756703363,3284,0.05,0.0,0.0,0.0,0.0,0.0,0.0,0.0,0,0,0
1756703363,3285,0.05,0.0,-0.01,0.0,0.0,0.0,0.0,0.0,0,0,0
1756703363,3286,0.03,0.0,0.0,0.0,0.0,0.0,0.0,0.0,0,0,0
1756703363,3287,-0.07,0.0,0.0,0.0,0.0,0.0,0.0,0.0,0,0,0
1756703363,3288,0.07,0.0,-0.07,0.0,0.0,0.0,0.0,0.0,0,0,0
1756703363,3289,0.03,0.0,-0.01,0.0,0.0,0.0,0.0,0.0,0,0,0
1756703363,3290,0.07,0.0,0.0,0.0,0.0,0.0,0.0,0.0,0,0,0
1756703363,3291,0.07,0.0,-0.1,0.0,0.0,0.0,0.0,0.0,0,0,0
1756703363,3292,0.0,0.0,0.0,0.0,0.0,0.0,0.0,0.0,0,0,0
1756703363,3293,0.05,0.0,0.02,0.0,0.0,0.0,0.0,0.0,0,0,0
1756703363,3294,0.05,0.0,-0.01,0.0,0.0,0.0,0.0,0.0,0,0,0
1756703363,3295,0.02,0.0,0.0,0.0,0.0,0.0,0.0,0.0,0,0,0
1756703363,3296,0.02,0.0,-0.03,0.0,0.0,0.0,0.0,0.0,0,0,0
1756703363,3297,0.01,0.0,-0.05,0.0,0.0,0.0,0.0,0.0,0,0,0
1756703363,3298,0.0,0.0,0.0,0.0,0.0,0.0,0.0,0.0,0,0,0
1756703363,3299,0.05,0.0,-0.01,0.0,0.0,0.0,0.0,0.0,0,0,0
1756703363,3300,0.0,0.0,-0.02,0.0,0.0,0.0,0.0,0.0,0,0,0
1756703363,3301,0.02,0.0,0.0,0.0,0.0,0.0,0.0,0.0,0,0,0
1756703363,3302,0.01,0.0,0.03,0.0,0.0,0.0,0.0,0.0,0,0,0
1756703363,3303,0.02,0.0,-0.03,0.0,0.0,0.0,0.0,0.0,0,0,0
1756703363,3304,0.0,0.0,0.0,0.0,0.0,0.0,0.0,0.0,0,0,0
1756703363,3305,0.03,0.0,0.0,0.0,0.0,0.0,0.0,0.0,0,0,0
1756703363,3306,0.0,0.0,-0.07,0.0,0.0,0.0,0.0,0.0,0,0,0
1756703363,3307,0.07,0.0,0.0,0.0,0.0,0.0,0.0,0.0,0,0,0
1756703363,3308,0.03,0.0,0.0,0.0,0.0,0.0,0.0,0.0,0,0,0
1756703363,3309,0.05,0.0,-0.01,0.0,0.0,0.0,0.0,0.0,0,0,0
1756703363,3310,0.02,0.0,-0.07,0.0,0.0,0.0,0.0,0.0,0,0,0
1756703363,3311,0.0,0.0,0.0,0.0,0.0,0.0,0.0,0.0,0,0,0
1756703363,3312,0.03,0.0,0.0,0.0,0.0,0.0,0.0,0.0,0,0,0
1756703363,3313,0.05,0.0,0.0,0.0,0.0,0.0,0.0,0.0,0,0,0
1756703363,3314,0.0,0.0,0.01,0.0,0.0,0.0,0.0,0.0,0,0,0
1756703363,3315,0.03,0.0,-0.05,0.0,0.0,0.0,0.0,0.0,0,0,0
1756703363,3316,0.03,0.0,0.0,0.0,0.0,0.0,0.0,0.0,0,0,0
1756703363,3317,0.02,0.0,0.0,0.0,0.0,0.0,0.0,0.0,0,0,0
1756703363,3318,0.0,0.0,0.0,0.0,0.0,0.0,0.0,0.0,0,0,0
1756703363,3319,0.0,0.0,0.0,0.0,0.0,0.0,0.0,0.0,0,0,0
1756703363,3320,0.07,0.0,0.0,0.0,0.0,0.0,0.0,0.0,0,0,0
1756703363,3321,0.02,0.0,-0.05,0.0,0.0,0.0,0.0,0.0,0,0,0
1756703363,3322,0.07,0.0,0.0,0.0,0.0,0.0,0.0,0.0,0,0,0
1756703363,3323,0.02,0.0,0.0,0.0,0.0,0.0,0.0,0.0,0,0,0
1756703363,3324,0.0,0.0,-0.01,0.0,0.0,0.0,0.0,0.0,0,0,0
1756703363,3325,0.0,0.0,0.0,0.0,0.0,0.0,0.0,0.0,0,0,0
1756703363,3326,0.03,0.0,-0.01,0.0,0.0,0.0,0.0,0.0,0,0,0
1756703363,3327,-0.01,0.0,0.0,0.0,0.0,0.0,0.0,0.0,0,0,0
1756703363,3328,0.14,0.0,-0.02,0.0,0.0,0.0,0.0,0.0,0,0,0
1756703363,3329,0.05,0.0,0.0,0.0,0.0,0.0,0.0,0.0,0,0,0
1756703363,3330,0.05,0.0,-0.01,0.0,0.0,0.0,0.0,0.0,0,0,0
1756703363,3331,0.0,0.0,-0.01,0.0,0.0,0.0,0.0,0.0,0,0,0
1756703363,3332,0.0,0.0,0.0,0.0,0.0,0.0,0.0,0.0,0,0,0
1756703363,3333,0.07,0.0,-0.01,0.0,0.0,0.0,0.0,0.0,0,0,0
1756703363,3334,0.0,0.0,-0.01,0.0,0.0,0.0,0.0,0.0,0,0,0
1756703364,3335,0.01,0.0,0.0,0.0,0.0,0.0,0.0,0.0,0,0,0
1756703364,3336,0.01,0.0,0.0,0.0,0.0,0.0,0.0,0.0,0,0,0
1756703364,3337,0.02,0.0,-0.02,0.0,0.0,0.0,0.0,0.0,0,0,0
1756703364,3338,0.05,0.0,0.0,0.0,0.0,0.0,0.0,0.0,0,0,0
1756703364,3339,0.0,0.0,-0.01,0.0,0.0,0.0,0.0,0.0,0,0,0
1756703364,3340,0.03,0.0,-0.05,0.0,0.0,0.0,0.0,0.0,0,0,0
1756703364,3341,0.05,0.0,-0.01,0.0,0.0,0.0,0.0,0.0,0,0,0
1756703364,3342,0.02,0.0,-0.07,0.0,0.0,0.0,0.0,0.0,0,0,0
1756703364,3343,0.03,0.0,0.0,0.0,0.0,0.0,0.0,0.0,0,0,0
1756703364,3344,0.05,0.0,0.0,0.0,0.0,0.0,0.0,0.0,0,0,0
1756703364,3345,0.05,0.0,-0.05,0.0,0.0,0.0,0.0,0.0,0,0,0
1756703364,3346,0.05,0.0,0.0,0.0,0.0,0.0,0.0,0.0,0,0,0
1756703364,3347,0.02,0.0,-0.03,0.0,0.0,0.0,0.0,0.0,0,0,0
1756703364,3348,0.05,0.0,-0.14,0.0,0.0,0.0,0.0,0.0,0,0,0
1756703364,3349,0.05,0.0,0.0,0.0,0.0,0.0,0.0,0.0,0,0,0
1756703364,3350,0.05,0.0,-0.01,0.0,0.0,0.0,0.0,0.0,0,0,0
1756703364,3351,0.0,0.0,-0.02,0.0,0.0,0.0,0.0,0.0,0,0,0
1756703364,3352,-0.01,0.0,-0.09,0.0,0.0,0.0,0.0,0.0,0,0,0
1756703364,3353,0.18,0.0,0.02,0.0,0.0,0.0,0.0,0.0,0,0,0
1756703364,3354,0.03,0.0,0.0,0.0,0.0,0.0,0.0,0.0,0,0,0
1756703364,3355,-0.02,0.0,0.02,0.0,0.0,0.0,0.0,0.0,0,0,0
1756703364,3356,0.0,0.0,-0.03,0.0,0.0,0.0,0.0,0.0,0,0,0
1756703364,3357,0.0,0.0,-0.01,0.0,0.0,0.0,0.0,0.0,0,0,0
1756703364,3358,0.05,0.0,0.0,0.0,0.0,0.0,0.0,0.0,0,0,0
1756703364,3359,0.05,0.0,0.0,0.0,0.0,0.0,0.0,0.0,0,0,0
1756703364,3360,0.02,0.0,0.0,0.0,0.0,0.0,0.0,0.0,0,0,0
1756703364,3361,-0.02,0.0,-0.05,0.0,0.0,0.0,0.0,0.0,0,0,0
1756703364,3362,0.0,0.0,0.0,0.0,0.0,0.0,0.0,0.0,0,0,0
1756703364,3363,0.03,0.0,0.0,0.0,0.0,0.0,0.0,0.0,0,0,0
1756703364,3364,0.02,0.0,-0.02,0.0,0.0,0.0,0.0,0.0,0,0,0
1756703364,3365,0.0,0.0,-0.01,0.0,0.0,0.0,0.0,0.0,0,0,0
1756703364,3366,0.0,0.0,0.0,0.0,0.0,0.0,0.0,0.0,0,0,0
1756703364,3367,0.0,0.0,-0.01,0.0,0.0,0.0,0.0,0.0,0,0,0
1756703364,3368,0.03,0.0,0.0,0.0,0.0,0.0,0.0,0.0,0,0,0
1756703364,3369,0.0,0.0,0.0,0.0,0.0,0.0,0.0,0.0,0,0,0
1756703364,3370,0.0,0.0,-0.01,0.0,0.0,0.0,0.0,0.0,0,0,0
1756703364,3371,0.03,0.0,0.02,0.0,0.0,0.0,0.0,0.0,0,0,0
1756703364,3372,0.02,0.0,-0.07,0.0,0.0,0.0,0.0,0.0,0,0,0
1756703364,3373,0.0,0.0,0.0,0.0,0.0,0.0,0.0,0.0,0,0,0
1756703364,3374,0.0,0.0,-0.01,0.0,0.0,0.0,0.0,0.0,0,0,0
1756703364,3375,0.05,0.0,-0.01,0.0,0.0,0.0,0.0,0.0,0,0,0
1756703364,3376,0.01,0.0,0.0,0.0,0.0,0.0,0.0,0.0,0,0,0
1756703364,3377,0.01,0.0,-0.03,0.0,0.0,0.0,0.0,0.0,0,0,0
1756703364,3378,0.01,0.0,-0.01,0.0,0.0,0.0,0.0,0.0,0,0,0
1756703364,3379,-0.01,0.0,0.0,0.0,0.0,0.0,0.0,0.0,0,0,0
1756703364,3380,0.1,0.0,-0.02,0.0,0.0,0.0,0.0,0.0,0,0,0
1756703364,3381,-0.05,0.0,-0.01,0.0,0.0,0.0,0.0,0.0,0,0,0
1756703364,3382,0.0,0.0,-0.01,0.0,0.0,0.0,0.0,0.0,0,0,0
1756703364,3383,0.03,0.0,-0.01,0.0,0.0,0.0,0.0,0.0,0,0,0
1756703364,3384,0.01,0.0,-0.03,0.0,0.0,0.0,0.0,0.0,0,0,0
1756703364,3385,0.01,0.0,0.0,0.0,0.0,0.0,0.0,0.0,0,0,0
1756703364,3386,0.01,0.0,-0.07,0.0,0.0,0.0,0.0,0.0,0,0,0
1756703364,3387,0.01,0.0,0.0,0.0,0.0,0.0,0.0,0.0,0,0,0
1756703364,3388,0.0,0.0,-0.01,0.0,0.0,0.0,0.0,0.0,0,0,0
1756703364,3389,0.0,0.0,-0.01,0.0,0.0,0.0,0.0,0.0,0,0,0
1756703364,3390,0.07,0.0,-0.05,0.0,0.0,0.0,0.0,0.0,0,0,0
1756703364,3391,0.0,0.0,0.0,0.0,0.0,0.0,0.0,0.0,0,0,0
1756703364,3392,0.0,0.0,-0.01,0.0,0.0,0.0,0.0,0.0,0,0,0
1756703364,3393,0.0,0.0,-0.02,0.0,0.0,0.0,0.0,0.0,0,0,0
1756703364,3394,0.0,0.0,-0.01,0.0,0.0,0.0,0.0,0.0,0,0,0
1756703364,3395,0.07,0.0,-0.02,0.0,0.0,0.0,0.0,0.0,0,0,0
1756703364,3396,0.01,0.0,-0.02,0.0,0.0,0.0,0.0,0.0,0,0,0
1756703364,3397,0.1,0.0,0.0,0.0,0.0,0.0,0.0,0.0,0,0,0
1756703364,3398,0.05,0.0,0.01,0.0,0.0,0.0,0.0,0.0,0,0,0
1756703364,3399,0.03,0.0,-0.05,0.0,0.0,0.0,0.0,0.0,0,0,0
1756703364,3400,-0.01,0.0,-0.02,0.0,0.0,0.0,0.0,0.0,0,0,0
1756703365,3401,0.0,0.0,-0.03,0.0,0.0,0.0,0.0,0.0,0,0,0
1756703365,3402,0.02,0.0,-0.05,0.0,0.0,0.0,0.0,0.0,0,0,0
1756703365,3403,0.0,0.0,0.01,0.0,0.0,0.0,0.0,0.0,0,0,0
1756703365,3404,0.0,0.0,0.02,0.0,0.0,0.0,0.0,0.0,0,0,0
1756703365,3405,0.02,0.0,-0.02,0.0,0.0,0.0,0.0,0.0,0,0,0
1756703365,3406,0.0,0.0,-0.03,0.0,0.0,0.0,0.0,0.0,0,0,0
1756703365,3407,0.0,0.0,-0.01,0.0,0.0,0.0,0.0,0.0,0,0,0
1756703365,3408,0.02,0.0,-0.01,0.0,0.0,0.0,0.0,0.0,0,0,0
1756703365,3409,0.0,0.0,0.0,0.0,0.0,0.0,0.0,0.0,0,0,0
1756703365,3410,0.02,0.0,-0.07,0.0,0.0,0.0,0.0,0.0,0,0,0
1756703365,3411,0.0,0.0,-0.01,0.0,0.0,0.0,0.0,0.0,0,0,0
1756703365,3412,0.0,0.0,-0.05,0.0,0.0,0.0,0.0,0.0,0,0,0
1756703365,3413,-0.02,0.0,-0.03,0.0,0.0,0.0,0.0,0.0,0,0,0
1756703365,3414,0.07,0.0,-0.01,0.0,0.0,0.0,0.0,0.0,0,0,0
1756703365,3415,0.0,0.0,-0.03,0.0,0.0,0.0,0.0,0.0,0,0,0
1756703365,3416,0.0,0.0,0.0,0.0,0.0,0.0,0.0,0.0,0,0,0
1756703365,3417,0.03,0.0,-0.11,0.0,0.0,0.0,0.0,0.0,0,0,0
1756703365,3418,0.0,0.0,0.0,0.0,0.0,0.0,0.0,0.0,0,0,0
1756703365,3419,-0.01,0.0,-0.01,0.0,0.0,0.0,0.0,0.0,0,0,0
1756703365,3420,-0.01,0.0,-0.02,0.0,0.0,0.0,0.0,0.0,0,0,0
1756703365,3421,0.03,0.0,-0.02,0.0,0.0,0.0,0.0,0.0,0,0,0
1756703365,3422,0.0,0.0,0.0,0.0,0.0,0.0,0.0,0.0,0,0,0
1756703365,3423,0.0,0.0,-0.02,0.0,0.0,0.0,0.0,0.0,0,0,0
1756703365,3424,0.03,0.0,-0.09,0.0,0.0,0.0,0.0,0.0,0,0,0
1756703365,3425,-0.01,0.0,0.0,0.0,0.0,0.0,0.0,0.0,0,0,0
1756703365,3426,0.05,0.0,0.0,0.0,0.0,0.0,0.0,0.0,0,0,0
1756703365,3427,0.05,0.0,-0.02,0.0,0.0,0.0,0.0,0.0,0,0,0
1756703365,3428,0.03,0.0,0.0,0.0,0.0,0.0,0.0,0.0,0,0,0
1756703365,3429,0.0,0.0,-0.01,0.0,0.0,0.0,0.0,0.0,0,0,0
1756703365,3430,0.0,0.0,-0.02,0.0,0.0,0.0,0.0,0.0,0,0,0
1756703365,3431,0.0,0.0,-0.03,0.0,0.0,0.0,0.0,0.0,0,0,0
1756703365,3432,0.02,0.0,-0.1,0.0,0.0,0.0,0.0,0.0,0,0,0
1756703365,3433,0.07,0.0,0.0,0.0,0.0,0.0,0.0,0.0,0,0,0
1756703365,3434,0.0,0.0,0.0,0.0,0.0,0.0,0.0,0.0,0,0,0
1756703365,3435,0.03,0.0,0.0,0.0,0.0,0.0,0.0,0.0,0,0,0
1756703365,3436,0.0,0.0,-0.01,0.0,0.0,0.0,0.0,0.0,0,0,0
1756703365,3437,0.0,0.0,0.0,0.0,0.0,0.0,0.0,0.0,0,0,0
1756703365,3438,-0.01,0.0,-0.01,0.0,0.0,0.0,0.0,0.0,0,0,0
1756703365,3439,0.0,0.0,0.0,0.0,0.0,0.0,0.0,0.0,0,0,0
1756703365,3440,0.02,0.0,-0.01,0.0,0.0,0.0,0.0,0.0,0,0,0
1756703365,3441,0.07,0.0,-0.03,0.0,0.0,0.0,0.0,0.0,0,0,0
1756703365,3442,0.03,0.0,0.0,0.0,0.0,0.0,0.0,0.0,0,0,0
1756703365,3443,0.0,0.0,0.0,0.0,0.0,0.0,0.0,0.0,0,0,0
1756703365,3444,-0.02,0.0,0.0,0.0,0.0,0.0,0.0,0.0,0,0,0
1756703365,3445,-0.01,0.0,-0.03,0.0,0.0,0.0,0.0,0.0,0,0,0
1756703365,3446,0.0,0.0,-0.01,0.0,0.0,0.0,0.0,0.0,0,0,0
1756703365,3447,0.0,0.0,-0.01,0.0,0.0,0.0,0.0,0.0,0,0,0
1756703365,3448,0.05,0.0,-0.01,0.0,0.0,0.0,0.0,0.0,0,0,0
1756703365,3449,-0.02,0.0,0.0,0.0,0.0,0.0,0.0,0.0,0,0,0
1756703365,3450,0.07,0.0,-0.01,0.0,0.0,0.0,0.0,0.0,0,0,0
1756703365,3451,-0.01,0.0,-0.03,0.0,0.0,0.0,0.0,0.0,0,0,0
1756703365,3452,-0.07,0.0,0.0,0.0,0.0,0.0,0.0,0.0,0,0,0
1756703365,3453,0.0,0.0,-0.05,0.0,0.0,0.0,0.0,0.0,0,0,0
1756703365,3454,-0.03,0.0,0.0,0.0,0.0,0.0,0.0,0.0,0,0,0
1756703365,3455,0.0,0.0,0.0,0.0,0.0,0.0,0.0,0.0,0,0,0
1756703365,3456,0.01,0.0,0.01,0.0,0.0,0.0,0.0,0.0,0,0,0
1756703365,3457,0.01,0.0,-0.02,0.0,0.0,0.0,0.0,0.0,0,0,0
1756703365,3458,0.05,0.0,-0.01,0.0,0.0,0.0,0.0,0.0,0,0,0
1756703365,3459,0.05,0.0,-0.01,0.0,0.0,0.0,0.0,0.0,0,0,0
1756703365,3460,-0.05,0.0,-0.1,0.0,0.0,0.0,0.0,0.0,0,0,0
1756703365,3461,0.05,0.0,0.0,0.0,0.0,0.0,0.0,0.0,0,0,0
1756703365,3462,0.05,0.0,-0.01,0.0,0.0,0.0,0.0,0.0,0,0,0
1756703365,3463,0.03,0.0,-0.05,0.0,0.0,0.0,0.0,0.0,0,0,0
1756703365,3464,0.01,0.0,0.0,0.0,0.0,0.0,0.0,0.0,0,0,0
1756703366,3465,0.0,0.0,0.02,0.0,0.0,0.0,0.0,0.0,0,0,0
1756703366,3466,0.0,0.0,-0.02,0.0,0.0,0.0,0.0,0.0,0,0,0
1756703366,3467,0.01,0.0,-0.09,0.0,0.0,0.0,0.0,0.0,0,0,0
1756703366,3468,0.0,0.0,-0.03,0.0,0.0,0.0,0.0,0.0,0,0,0
1756703366,3469,0.01,0.0,-0.02,0.0,0.0,0.0,0.0,0.0,0,0,0
1756703366,3470,0.0,0.0,-0.05,0.0,0.0,0.0,0.0,0.0,0,0,0
1756703366,3471,0.0,0.0,0.0,0.0,0.0,0.0,0.0,0.0,0,0,0
1756703366,3472,0.0,0.0,0.0,0.0,0.0,0.0,0.0,0.0,0,0,0
1756703366,3473,0.0,0.0,-0.01,0.0,0.0,0.0,0.0,0.0,0,0,0
1756703366,3474,-0.01,0.0,0.0,0.0,0.0,0.0,0.0,0.0,0,0,0
1756703366,3475,-0.05,0.0,0.0,0.0,0.0,0.0,0.0,0.0,0,0,0
1756703366,3476,0.0,0.0,0.0,0.0,0.0,0.0,0.0,0.0,0,0,0
1756703366,3477,0.07,0.0,0.0,0.0,0.0,0.0,0.0,0.0,0,0,0
1756703366,3478,0.07,0.0,0.0,0.0,0.0,0.0,0.0,0.0,0,0,0
1756703366,3479,0.01,0.0,0.0,0.0,0.0,0.0,0.0,0.0,0,0,0
1756703366,3480,0.03,0.0,0.0,0.0,0.0,0.0,0.0,0.0,0,0,0
1756703366,3481,0.01,0.0,-0.03,0.0,0.0,0.0,0.0,0.0,0,0,0
1756703366,3482,0.05,0.0,-0.07,0.0,0.0,0.0,0.0,0.0,0,0,0
1756703366,3483,-0.03,0.0,-0.03,0.0,0.0,0.0,0.0,0.0,0,0,0
1756703366,3484,-0.03,0.0,-0.05,0.0,0.0,0.0,0.0,0.0,0,0,0
1756703366,3485,0.05,0.0,-0.02,0.0,0.0,0.0,0.0,0.0,0,0,0
1756703366,3486,0.02,0.0,-0.02,0.0,0.0,0.0,0.0,0.0,0,0,0
1756703366,3487,0.03,0.0,0.0,0.0,0.0,0.0,0.0,0.0,0,0,0
1756703366,3488,0.0,0.0,-0.01,0.0,0.0,0.0,0.0,0.0,0,0,0
1756703366,3489,0.01,0.0,-0.05,0.0,0.0,0.0,0.0,0.0,0,0,0
1756703366,3490,0.0,0.0,-0.05,0.0,0.0,0.0,0.0,0.0,0,0,0
1756703366,3491,0.0,0.0,-0.02,0.0,0.0,0.0,0.0,0.0,0,0,0
1756703366,3492,0.0,0.0,-0.02,0.0,0.0,0.0,0.0,0.0,0,0,0
1756703366,3493,0.01,0.0,0.0,0.0,0.0,0.0,0.0,0.0,0,0,0
1756703366,3494,0.0,0.0,0.0,0.0,0.0,0.0,0.0,0.0,0,0,0
1756703366,3495,0.0,0.0,0.0,0.0,0.0,0.0,0.0,0.0,0,0,0
1756703366,3496,0.02,0.0,-0.03,0.0,0.0,0.0,0.0,0.0,0,0,0
1756703366,3497,0.07,0.0,-0.01,0.0,0.0,0.0,0.0,0.0,0,0,0
1756703366,3498,0.05,0.0,-0.03,0.0,0.0,0.0,0.0,0.0,0,0,0
1756703366,3499,0.02,0.0,-0.03,0.0,0.0,0.0,0.0,0.0,0,0,0
1756703366,3500,-0.02,0.0,0.01,0.0,0.0,0.0,0.0,0.0,0,0,0
1756703366,3501,-0.01,0.0,-0.02,0.0,0.0,0.0,0.0,0.0,0,0,0
1756703366,3502,0.05,0.0,-0.01,0.0,0.0,0.0,0.0,0.0,0,0,0
1756703366,3503,0.03,0.0,-0.01,0.0,0.0,0.0,0.0,0.0,0,0,0
1756703366,3504,0.05,0.0,-0.09,0.0,0.0,0.0,0.0,0.0,0,0,0
1756703366,3505,0.0,0.0,-0.01,0.0,0.0,0.0,0.0,0.0,0,0,0
1756703366,3506,0.02,0.0,-0.01,0.0,0.0,0.0,0.0,0.0,0,0,0
1756703366,3507,0.0,0.0,-0.01,0.0,0.0,0.0,0.0,0.0,0,0,0
1756703366,3508,0.05,0.0,0.0,0.0,0.0,0.0,0.0,0.0,0,0,0
1756703366,3509,0.01,0.0,0.0,0.0,0.0,0.0,0.0,0.0,0,0,0
1756703366,3510,0.05,0.0,-0.03,0.0,0.0,0.0,0.0,0.0,0,0,0
1756703366,3511,0.02,0.0,0.0,0.0,0.0,0.0,0.0,0.0,0,0,0
1756703366,3512,0.0,0.0,0.0,0.0,0.0,0.0,0.0,0.0,0,0,0
1756703366,3513,0.1,0.0,-0.05,0.0,0.0,0.0,0.0,0.0,0,0,0
1756703366,3514,0.02,0.0,-0.01,0.0,0.0,0.0,0.0,0.0,0,0,0
1756703366,3515,0.0,0.0,0.0,0.0,0.0,0.0,0.0,0.0,0,0,0
1756703366,3516,-0.05,0.0,-0.03,0.0,0.0,0.0,0.0,0.0,0,0,0
1756703366,3517,-0.03,0.0,0.0,0.0,0.0,0.0,0.0,0.0,0,0,0
1756703366,3518,0.05,0.0,-0.01,0.0,0.0,0.0,0.0,0.0,0,0,0
1756703366,3519,0.02,0.0,0.01,0.0,0.0,0.0,0.0,0.0,0,0,0
1756703366,3520,0.0,0.0,-0.01,0.0,0.0,0.0,0.0,0.0,0,0,0
1756703366,3521,0.0,0.0,0.0,0.0,0.0,0.0,0.0,0.0,0,0,0
1756703366,3522,0.07,0.0,0.0,0.0,0.0,0.0,0.0,0.0,0,0,0
1756703366,3523,0.01,0.0,-0.07,0.0,0.0,0.0,0.0,0.0,0,0,0
1756703366,3524,0.03,0.0,0.0,0.0,0.0,0.0,0.0,0.0,0,0,0
1756703366,3525,0.03,0.0,-0.07,0.0,0.0,0.0,0.0,0.0,0,0,0
1756703366,3526,0.0,0.0,0.0,0.0,0.0,0.0,0.0,0.0,0,0,0
1756703366,3527,0.02,0.0,-0.01,0.0,0.0,0.0,0.0,0.0,0,0,0
1756703366,3528,-0.01,0.0,0.0,0.0,0.0,0.0,0.0,0.0,0,0,0
1756703366,3529,0.02,0.0,-0.02,0.0,0.0,0.0,0.0,0.0,0,0,0
1756703366,3530,0.0,0.0,-0.01,0.0,0.0,0.0,0.0,0.0,0,0,0
1756703366,3531,0.0,0.0,-0.02,0.0,0.0,0.0,0.0,0.0,0,0,0
1756703366,3532,-0.05,0.0,-0.01,0.0,0.0,0.0,0.0,0.0,0,0,0
1756703367,3533,0.01,0.0,-0.05,0.0,0.0,0.0,0.0,0.0,0,0,0
1756703367,3534,0.01,0.0,-0.01,0.0,0.0,0.0,0.0,0.0,0,0,0
1756703367,3535,0.05,0.0,-0.01,0.0,0.0,0.0,0.0,0.0,0,0,0
1756703367,3536,0.02,0.0,0.0,0.0,0.0,0.0,0.0,0.0,0,0,0
1756703367,3537,0.07,0.0,0.02,0.0,0.0,0.0,0.0,0.0,0,0,0
1756703367,3538,0.0,0.0,0.0,0.0,0.0,0.0,0.0,0.0,0,0,0
1756703367,3539,0.02,0.0,-0.03,0.0,0.0,0.0,0.0,0.0,0,0,0
1756703367,3540,0.03,0.0,0.0,0.0,0.0,0.0,0.0,0.0,0,0,0
1756703367,3541,0.05,0.0,-0.01,0.0,0.0,0.0,0.0,0.0,0,0,0
1756703367,3542,0.07,0.0,0.0,0.0,0.0,0.0,0.0,0.0,0,0,0
1756703367,3543,0.0,0.0,0.0,0.0,0.0,0.0,0.0,0.0,0,0,0
1756703367,3544,0.0,0.0,0.0,0.0,0.0,0.0,0.0,0.0,0,0,0
1756703367,3545,0.05,0.0,-0.02,0.0,0.0,0.0,0.0,0.0,0,0,0
1756703367,3546,0.0,0.0,0.0,0.0,0.0,0.0,0.0,0.0,0,0,0
1756703367,3547,0.01,0.0,0.0,0.0,0.0,0.0,0.0,0.0,0,0,0
1756703367,3548,0.03,0.0,0.0,0.0,0.0,0.0,0.0,0.0,0,0,0
1756703367,3549,0.0,0.0,-0.05,0.0,0.0,0.0,0.0,0.0,0,0,0
1756703367,3550,-0.28,0.0,0.02,0.0,0.0,0.0,0.0,0.0,0,0,0
1756703367,3551,0.0,0.0,-0.09,0.0,0.0,0.0,0.0,0.0,0,0,0
1756703367,3552,0.0,0.0,-0.03,0.0,0.0,0.0,0.0,0.0,0,0,0
1756703367,3553,0.0,0.0,-0.01,0.0,0.0,0.0,0.0,0.0,0,0,0
1756703367,3554,-0.02,0.0,-0.02,0.0,0.0,0.0,0.0,0.0,0,0,0
1756703367,3555,0.03,0.0,-0.05,0.0,0.0,0.0,0.0,0.0,0,0,0
1756703367,3556,0.02,0.0,-0.1,0.0,0.0,0.0,0.0,0.0,0,0,0
1756703367,3557,0.0,0.0,0.0,0.0,0.0,0.0,0.0,0.0,0,0,0
1756703367,3558,0.03,0.0,-0.01,0.0,0.0,0.0,0.0,0.0,0,0,0
1756703367,3559,0.02,0.0,-0.01,0.0,0.0,0.0,0.0,0.0,0,0,0
1756703367,3560,0.05,0.0,0.0,0.0,0.0,0.0,0.0,0.0,0,0,0
1756703367,3561,0.05,0.0,0.0,0.0,0.0,0.0,0.0,0.0,0,0,0
1756703367,3562,0.03,0.0,0.0,0.0,0.0,0.0,0.0,0.0,0,0,0
1756703367,3563,0.0,0.0,-0.01,0.0,0.0,0.0,0.0,0.0,0,0,0
1756703367,3564,0.0,0.0,-0.03,0.0,0.0,0.0,0.0,0.0,0,0,0
1756703367,3565,0.02,0.0,-0.01,0.0,0.0,0.0,0.0,0.0,0,0,0
1756703367,3566,0.0,0.0,0.0,0.0,0.0,0.0,0.0,0.0,0,0,0
1756703367,3567,0.0,0.0,-0.03,0.0,0.0,0.0,0.0,0.0,0,0,0
1756703367,3568,0.01,0.0,0.0,0.0,0.0,0.0,0.0,0.0,0,0,0
1756703367,3569,0.01,0.0,0.0,0.0,0.0,0.0,0.0,0.0,0,0,0
1756703367,3570,0.02,0.0,-0.03,0.0,0.0,0.0,0.0,0.0,0,0,0
1756703367,3571,-0.01,0.0,0.0,0.0,0.0,0.0,0.0,0.0,0,0,0
1756703367,3572,0.01,0.0,-0.02,0.0,0.0,0.0,0.0,0.0,0,0,0
1756703367,3573,0.05,0.0,-0.01,0.0,0.0,0.0,0.0,0.0,0,0,0
1756703367,3574,0.05,0.0,0.0,0.0,0.0,0.0,0.0,0.0,0,0,0
1756703367,3575,0.0,0.0,0.01,0.0,0.0,0.0,0.0,0.0,0,0,0
1756703367,3576,0.03,0.0,-0.01,0.0,0.0,0.0,0.0,0.0,0,0,0
1756703367,3577,0.0,0.0,0.0,0.0,0.0,0.0,0.0,0.0,0,0,0
1756703367,3578,0.0,0.0,0.0,0.0,0.0,0.0,0.0,0.0,0,0,0
1756703367,3579,0.0,0.0,-0.05,0.0,0.0,0.0,0.0,0.0,0,0,0
1756703367,3580,0.02,0.0,-0.02,0.0,0.0,0.0,0.0,0.0,0,0,0
1756703367,3581,0.07,0.0,-0.01,0.0,0.0,0.0,0.0,0.0,0,0,0
1756703367,3582,0.02,0.0,-0.03,0.0,0.0,0.0,0.0,0.0,0,0,0
1756703367,3583,0.0,0.0,-0.02,0.0,0.0,0.0,0.0,0.0,0,0,0
1756703367,3584,0.05,0.0,-0.03,0.0,0.0,0.0,0.0,0.0,0,0,0
1756703367,3585,0.03,0.0,-0.01,0.0,0.0,0.0,0.0,0.0,0,0,0
1756703367,3586,0.0,0.0,0.0,0.0,0.0,0.0,0.0,0.0,0,0,0
1756703367,3587,0.0,0.0,-0.01,0.0,0.0,0.0,0.0,0.0,0,0,0
1756703367,3588,0.05,0.0,-0.01,0.0,0.0,0.0,0.0,0.0,0,0,0
1756703367,3589,0.05,0.0,0.0,0.0,0.0,0.0,0.0,0.0,0,0,0
1756703367,3590,0.0,0.0,0.02,0.0,0.0,0.0,0.0,0.0,0,0,0
1756703367,3591,0.0,0.0,0.02,0.0,0.0,0.0,0.0,0.0,0,0,0
1756703367,3592,0.02,0.0,0.02,0.0,0.0,0.0,0.0,0.0,0,0,0
1756703367,3593,-0.05,0.0,0.0,0.0,0.0,0.0,0.0,0.0,0,0,0
1756703367,3594,0.01,0.0,-0.03,0.0,0.0,0.0,0.0,0.0,0,0,0
1756703367,3595,0.03,0.0,-0.03,0.0,0.0,0.0,0.0,0.0,0,0,0
1756703368,3596,0.01,0.0,0.0,0.0,0.0,0.0,0.0,0.0,0,0,0
1756703368,3597,0.02,0.0,-0.03,0.0,0.0,0.0,0.0,0.0,0,0,0
1756703368,3598,0.0,0.0,0.01,0.0,0.0,0.0,0.0,0.0,0,0,0
1756703368,3599,0.0,0.0,-0.05,0.0,0.0,0.0,0.0,0.0,0,0,0
1756703368,3600,0.02,0.0,-0.02,0.0,0.0,0.0,0.0,0.0,0,0,0
1756703368,3601,0.07,0.0,-0.01,0.0,0.0,0.0,0.0,0.0,0,0,0
1756703368,3602,0.02,0.0,0.0,0.0,0.0,0.0,0.0,0.0,0,0,0
1756703368,3603,0.0,0.0,0.0,0.0,0.0,0.0,0.0,0.0,0,0,0
1756703368,3604,0.01,0.0,-0.01,0.0,0.0,0.0,0.0,0.0,0,0,0
1756703368,3605,0.02,0.0,0.0,0.0,0.0,0.0,0.0,0.0,0,0,0
1756703368,3606,0.02,0.0,0.0,0.0,0.0,0.0,0.0,0.0,0,0,0
1756703368,3607,-0.07,0.0,0.01,0.0,0.0,0.0,0.0,0.0,0,0,0
1756703368,3608,-0.07,0.0,0.0,0.0,0.0,0.0,0.0,0.0,0,0,0
1756703368,3609,0.0,0.0,-0.02,0.0,0.0,0.0,0.0,0.0,0,0,0
1756703368,3610,0.0,0.0,0.0,0.0,0.0,0.0,0.0,0.0,0,0,0
1756703368,3611,0.0,0.0,0.0,0.0,0.0,0.0,0.0,0.0,0,0,0
1756703368,3612,0.0,0.0,-0.05,0.0,0.0,0.0,0.0,0.0,0,0,0
1756703368,3613,0.15,0.0,-0.02,0.0,0.0,0.0,0.0,0.0,0,0,0
1756703368,3614,0.05,0.0,-0.05,0.0,0.0,0.0,0.0,0.0,0,0,0
1756703368,3615,-0.07,0.0,0.0,0.0,0.0,0.0,0.0,0.0,0,0,0
1756703368,3616,0.0,0.0,0.0,0.0,0.0,0.0,0.0,0.0,0,0,0
1756703368,3617,0.0,0.0,0.0,0.0,0.0,0.0,0.0,0.0,0,0,0
1756703368,3618,0.0,0.0,-0.07,0.0,0.0,0.0,0.0,0.0,0,0,0
1756703368,3619,-0.01,0.0,-0.01,0.0,0.0,0.0,0.0,0.0,0,0,0
1756703368,3620,0.05,0.0,-0.03,0.0,0.0,0.0,0.0,0.0,0,0,0
1756703368,3621,0.0,0.0,0.0,0.0,0.0,0.0,0.0,0.0,0,0,0
1756703368,3622,0.0,0.0,-0.02,0.0,0.0,0.0,0.0,0.0,0,0,0
1756703368,3623,0.01,0.0,-0.01,0.0,0.0,0.0,0.0,0.0,0,0,0
1756703368,3624,0.03,0.0,0.0,0.0,0.0,0.0,0.0,0.0,0,0,0
1756703368,3625,0.09,0.0,0.01,0.0,0.0,0.0,0.0,0.0,0,0,0
1756703368,3626,0.03,0.0,-0.03,0.0,0.0,0.0,0.0,0.0,0,0,0
1756703368,3627,0.05,0.0,-0.02,0.0,0.0,0.0,0.0,0.0,0,0,0
1756703368,3628,0.0,0.0,0.0,0.0,0.0,0.0,0.0,0.0,0,0,0
1756703368,3629,0.0,0.0,-0.05,0.0,0.0,0.0,0.0,0.0,0,0,0
1756703368,3630,0.0,0.0,0.0,0.0,0.0,0.0,0.0,0.0,0,0,0
1756703368,3631,0.01,0.0,-0.02,0.0,0.0,0.0,0.0,0.0,0,0,0
1756703368,3632,0.02,0.0,0.0,0.0,0.0,0.0,0.0,0.0,0,0,0
1756703368,3633,0.0,0.0,-0.03,0.0,0.0,0.0,0.0,0.0,0,0,0
1756703368,3634,0.0,0.0,-0.05,0.0,0.0,0.0,0.0,0.0,0,0,0
1756703368,3635,0.03,0.0,0.0,0.0,0.0,0.0,0.0,0.0,0,0,0
1756703368,3636,0.0,0.0,0.0,0.0,0.0,0.0,0.0,0.0,0,0,0
1756703368,3637,0.02,0.0,-0.07,0.0,0.0,0.0,0.0,0.0,0,0,0
1756703368,3638,0.07,0.0,0.15,0.0,0.0,0.0,0.0,0.0,0,0,0
1756703368,3639,0.0,0.0,-0.01,0.0,0.0,0.0,0.0,0.0,0,0,0
1756703368,3640,0.0,0.0,0.0,0.0,0.0,0.0,0.0,0.0,0,0,0
1756703368,3641,-0.01,0.0,-0.03,0.0,0.0,0.0,0.0,0.0,0,0,0
1756703368,3642,0.0,0.0,-0.07,0.0,0.0,0.0,0.0,0.0,0,0,0
1756703368,3643,0.02,0.0,0.0,0.0,0.0,0.0,0.0,0.0,0,0,0
1756703368,3644,0.0,0.0,-0.02,0.0,0.0,0.0,0.0,0.0,0,0,0
1756703368,3645,0.0,0.0,0.0,0.0,0.0,0.0,0.0,0.0,0,0,0
1756703368,3646,0.0,0.0,0.0,0.0,0.0,0.0,0.0,0.0,0,0,0
1756703368,3647,0.07,0.0,-0.03,0.0,0.0,0.0,0.0,0.0,0,0,0
1756703368,3648,0.03,0.0,-0.03,0.0,0.0,0.0,0.0,0.0,0,0,0
1756703368,3649,-0.05,0.0,-0.02,0.0,0.0,0.0,0.0,0.0,0,0,0
1756703368,3650,-0.07,0.0,-0.02,0.0,0.0,0.0,0.0,0.0,0,0,0
1756703368,3651,0.02,0.0,-0.03,0.0,0.0,0.0,0.0,0.0,0,0,0
1756703368,3652,0.02,0.0,-0.05,0.0,0.0,0.0,0.0,0.0,0,0,0
1756703368,3653,0.02,0.0,-0.05,0.0,0.0,0.0,0.0,0.0,0,0,0
1756703368,3654,0.0,0.0,-0.03,0.0,0.0,0.0,0.0,0.0,0,0,0
1756703368,3655,0.03,0.0,-0.02,0.0,0.0,0.0,0.0,0.0,0,0,0
1756703368,3656,0.0,0.0,-0.02,0.0,0.0,0.0,0.0,0.0,0,0,0
1756703368,3657,0.05,0.0,-0.05,0.0,0.0,0.0,0.0,0.0,0,0,0
1756703368,3658,0.09,0.0,-0.02,0.0,0.0,0.0,0.0,0.0,0,0,0
1756703368,3659,0.1,0.0,-0.12,0.0,0.0,0.0,0.0,0.0,0,0,0
1756703368,3660,0.0,0.0,-0.01,0.0,0.0,0.0,0.0,0.0,0,0,0
1756703368,3661,0.03,0.0,-0.02,0.0,0.0,0.0,0.0,0.0,0,0,0
1756703368,3662,0.0,0.0,-0.05,0.0,0.0,0.0,0.0,0.0,0,0,0
1756703368,3663,0.01,0.0,-0.01,0.0,0.0,0.0,0.0,0.0,0,0,0
1756703369,3664,0.0,0.0,0.0,0.0,0.0,0.0,0.0,0.0,0,0,0
1756703369,3665,0.05,0.0,-0.07,0.0,0.0,0.0,0.0,0.0,0,0,0
1756703369,3666,0.02,0.0,-0.02,0.0,0.0,0.0,0.0,0.0,0,0,0
1756703369,3667,0.03,0.0,-0.11,0.0,0.0,0.0,0.0,0.0,0,0,0
1756703369,3668,0.01,0.0,-0.05,0.0,0.0,0.0,0.0,0.0,0,0,0
1756703369,3669,-0.01,0.0,-0.01,0.0,0.0,0.0,0.0,0.0,0,0,0
1756703369,3670,0.01,0.0,-0.02,0.0,0.0,0.0,0.0,0.0,0,0,0
1756703369,3671,0.0,0.0,-0.02,0.0,0.0,0.0,0.0,0.0,0,0,0
1756703369,3672,0.02,0.0,0.01,0.0,0.0,0.0,0.0,0.0,0,0,0
1756703369,3673,0.0,0.0,-0.02,0.0,0.0,0.0,0.0,0.0,0,0,0
1756703369,3674,0.0,0.0,0.0,0.0,0.0,0.0,0.0,0.0,0,0,0
1756703369,3675,0.01,0.0,0.0,0.0,0.0,0.0,0.0,0.0,0,0,0
1756703369,3676,0.0,0.0,0.0,0.0,0.0,0.0,0.0,0.0,0,0,0
1756703369,3677,0.02,0.0,-0.09,0.0,0.0,0.0,0.0,0.0,0,0,0
1756703369,3678,0.02,0.0,0.0,0.0,0.0,0.0,0.0,0.0,0,0,0
1756703369,3679,0.0,0.0,-0.1,0.0,0.0,0.0,0.0,0.0,0,0,0
1756703369,3680,0.09,0.0,0.0,0.0,0.0,0.0,0.0,0.0,0,0,0
1756703369,3681,0.01,0.0,-0.01,0.0,0.0,0.0,0.0,0.0,0,0,0
1756703369,3682,0.0,0.0,-0.05,0.0,0.0,0.0,0.0,0.0,0,0,0
1756703369,3683,0.0,0.0,-0.12,0.0,0.0,0.0,0.0,0.0,0,0,0
1756703369,3684,0.02,0.0,0.0,0.0,0.0,0.0,0.0,0.0,0,0,0
1756703369,3685,0.0,0.0,0.0,0.0,0.0,0.0,0.0,0.0,0,0,0
1756703369,3686,0.0,0.0,-0.05,0.0,0.0,0.0,0.0,0.0,0,0,0
1756703369,3687,0.0,0.0,-0.01,0.0,0.0,0.0,0.0,0.0,0,0,0
1756703369,3688,0.03,0.0,-0.05,0.0,0.0,0.0,0.0,0.0,0,0,0
1756703369,3689,0.05,0.0,-0.01,0.0,0.0,0.0,0.0,0.0,0,0,0
1756703369,3690,0.05,0.0,-0.05,0.0,0.0,0.0,0.0,0.0,0,0,0
1756703369,3691,-0.02,0.0,-0.01,0.0,0.0,0.0,0.0,0.0,0,0,0
1756703369,3692,0.01,0.0,-0.01,0.0,0.0,0.0,0.0,0.0,0,0,0
1756703369,3693,0.0,0.0,0.07,0.0,0.0,0.0,0.0,0.0,0,0,0
1756703369,3694,0.05,0.0,-0.03,0.0,0.0,0.0,0.0,0.0,0,0,0
1756703369,3695,0.0,0.0,-0.05,0.0,0.0,0.0,0.0,0.0,0,0,0
1756703369,3696,0.02,0.0,-0.02,0.0,0.0,0.0,0.0,0.0,0,0,0
1756703369,3697,0.0,0.0,0.0,0.0,0.0,0.0,0.0,0.0,0,0,0
1756703369,3698,0.07,0.0,-0.01,0.0,0.0,0.0,0.0,0.0,0,0,0
1756703369,3699,0.03,0.0,-0.02,0.0,0.0,0.0,0.0,0.0,0,0,0
1756703369,3700,0.0,0.0,0.0,0.0,0.0,0.0,0.0,0.0,0,0,0
1756703369,3701,0.01,0.0,-0.03,0.0,0.0,0.0,0.0,0.0,0,0,0
1756703369,3702,-0.03,0.0,-0.02,0.0,0.0,0.0,0.0,0.0,0,0,0
1756703369,3703,0.0,0.0,0.0,0.0,0.0,0.0,0.0,0.0,0,0,0
1756703369,3704,-0.05,0.0,-0.01,0.0,0.0,0.0,0.0,0.0,0,0,0
1756703369,3705,0.01,0.0,0.0,0.0,0.0,0.0,0.0,0.0,0,0,0
1756703369,3706,0.0,0.0,-0.01,0.0,0.0,0.0,0.0,0.0,0,0,0
1756703369,3707,0.05,0.0,0.0,0.0,0.0,0.0,0.0,0.0,0,0,0
1756703369,3708,0.02,0.0,-0.01,0.0,0.0,0.0,0.0,0.0,0,0,0
1756703369,3709,0.0,0.0,-0.11,0.0,0.0,0.0,0.0,0.0,0,0,0
1756703369,3710,-0.01,0.0,-0.01,0.0,0.0,0.0,0.0,0.0,0,0,0
1756703369,3711,-0.02,0.0,0.0,0.0,0.0,0.0,0.0,0.0,0,0,0
1756703369,3712,0.07,0.0,-0.01,0.0,0.0,0.0,0.0,0.0,0,0,0
1756703369,3713,-0.01,0.0,0.0,0.0,0.0,0.0,0.0,0.0,0,0,0
1756703369,3714,0.0,0.0,0.01,0.0,0.0,0.0,0.0,0.0,0,0,0
1756703369,3715,0.01,0.0,0.0,0.0,0.0,0.0,0.0,0.0,0,0,0
1756703369,3716,-0.05,0.0,-0.02,0.0,0.0,0.0,0.0,0.0,0,0,0
1756703369,3717,0.07,0.0,0.0,0.0,0.0,0.0,0.0,0.0,0,0,0
1756703369,3718,0.02,0.0,0.0,0.0,0.0,0.0,0.0,0.0,0,0,0
1756703369,3719,0.02,0.0,-0.07,0.0,0.0,0.0,0.0,0.0,0,0,0
1756703369,3720,0.0,0.0,-0.07,0.0,0.0,0.0,0.0,0.0,0,0,0
1756703369,3721,0.02,0.0,-0.03,0.0,0.0,0.0,0.0,0.0,0,0,0
1756703369,3722,0.01,0.0,-0.02,0.0,0.0,0.0,0.0,0.0,0,0,0
1756703369,3723,0.02,0.0,-0.03,0.0,0.0,0.0,0.0,0.0,0,0,0
1756703369,3724,0.0,0.0,0.0,0.0,0.0,0.0,0.0,0.0,0,0,0
1756703369,3725,0.0,0.0,0.0,0.0,0.0,0.0,0.0,0.0,0,0,0
1756703369,3726,0.03,0.0,0.0,0.0,0.0,0.0,0.0,0.0,0,0,0
1756703369,3727,0.05,0.0,0.0,0.0,0.0,0.0,0.0,0.0,0,0,0
1756703370,3728,0.02,0.0,0.09,0.0,0.0,0.0,0.0,0.0,0,0,0
1756703370,3729,-0.01,0.0,-0.01,0.0,0.0,0.0,0.0,0.0,0,0,0
1756703370,3730,0.01,0.0,-0.05,0.0,0.0,0.0,0.0,0.0,0,0,0
1756703370,3731,0.09,0.0,-0.07,0.0,0.0,0.0,0.0,0.0,0,0,0
1756703370,3732,0.0,0.0,-0.03,0.0,0.0,0.0,0.0,0.0,0,0,0
1756703370,3733,0.0,0.0,0.0,0.0,0.0,0.0,0.0,0.0,0,0,0
1756703370,3734,0.0,0.0,0.0,0.0,0.0,0.0,0.0,0.0,0,0,0
1756703370,3735,0.0,0.0,0.0,0.0,0.0,0.0,0.0,0.0,0,0,0
1756703370,3736,0.05,0.0,-0.01,0.0,0.0,0.0,0.0,0.0,0,0,0
1756703370,3737,-0.01,0.0,0.0,0.0,0.0,0.0,0.0,0.0,0,0,0
1756703370,3738,0.01,0.0,-0.05,0.0,0.0,0.0,0.0,0.0,0,0,0
1756703370,3739,0.05,0.0,0.0,0.0,0.0,0.0,0.0,0.0,0,0,0
1756703370,3740,0.01,0.0,-0.01,0.0,0.0,0.0,0.0,0.0,0,0,0
1756703370,3741,0.0,0.0,-0.01,0.0,0.0,0.0,0.0,0.0,0,0,0
1756703370,3742,0.02,0.0,-0.03,0.0,0.0,0.0,0.0,0.0,0,0,0
1756703370,3743,0.01,0.0,0.0,0.0,0.0,0.0,0.0,0.0,0,0,0
1756703370,3744,-0.02,0.0,0.0,0.0,0.0,0.0,0.0,0.0,0,0,0
1756703370,3745,0.05,0.0,-0.01,0.0,0.0,0.0,0.0,0.0,0,0,0
1756703370,3746,0.01,0.0,0.0,0.0,0.0,0.0,0.0,0.0,0,0,0
1756703370,3747,0.0,0.0,-0.01,0.0,0.0,0.0,0.0,0.0,0,0,0
1756703370,3748,0.01,0.0,-0.02,0.0,0.0,0.0,0.0,0.0,0,0,0
1756703370,3749,0.0,0.0,0.0,0.0,0.0,0.0,0.0,0.0,0,0,0
1756703370,3750,0.05,0.0,-0.01,0.0,0.0,0.0,0.0,0.0,0,0,0
1756703370,3751,0.0,0.0,0.0,0.0,0.0,0.0,0.0,0.0,0,0,0
1756703370,3752,0.03,0.0,0.0,0.0,0.0,0.0,0.0,0.0,0,0,0
1756703370,3753,0.0,0.0,0.0,0.0,0.0,0.0,0.0,0.0,0,0,0
1756703370,3754,0.05,0.0,-0.01,0.0,0.0,0.0,0.0,0.0,0,0,0
1756703370,3755,0.05,0.0,0.0,0.0,0.0,0.0,0.0,0.0,0,0,0
1756703370,3756,0.0,0.0,-0.01,0.0,0.0,0.0,0.0,0.0,0,0,0
1756703370,3757,0.0,0.0,0.0,0.0,0.0,0.0,0.0,0.0,0,0,0
1756703370,3758,0.0,0.0,-0.01,0.0,0.0,0.0,0.0,0.0,0,0,0
1756703370,3759,0.05,0.0,-0.05,0.0,0.0,0.0,0.0,0.0,0,0,0
1756703370,3760,-0.05,0.0,-0.01,0.0,0.0,0.0,0.0,0.0,0,0,0
1756703370,3761,0.05,0.0,-0.01,0.0,0.0,0.0,0.0,0.0,0,0,0
1756703370,3762,0.0,0.0,-0.02,0.0,0.0,0.0,0.0,0.0,0,0,0
1756703370,3763,0.03,0.0,-0.01,0.0,0.0,0.0,0.0,0.0,0,0,0
1756703370,3764,-0.03,0.0,-0.05,0.0,0.0,0.0,0.0,0.0,0,0,0
1756703370,3765,0.07,0.0,-0.02,0.0,0.0,0.0,0.0,0.0,0,0,0
1756703370,3766,0.1,0.0,-0.02,0.0,0.0,0.0,0.0,0.0,0,0,0
1756703370,3767,0.0,0.0,-0.05,0.0,0.0,0.0,0.0,0.0,0,0,0
1756703370,3768,0.02,0.0,-0.02,0.0,0.0,0.0,0.0,0.0,0,0,0
1756703370,3769,0.0,0.0,-0.02,0.0,0.0,0.0,0.0,0.0,0,0,0
1756703370,3770,0.0,0.0,-0.03,0.0,0.0,0.0,0.0,0.0,0,0,0
1756703370,3771,0.0,0.0,0.0,0.0,0.0,0.0,0.0,0.0,0,0,0
1756703370,3772,0.05,0.0,-0.05,0.0,0.0,0.0,0.0,0.0,0,0,0
1756703370,3773,0.0,0.0,0.0,0.0,0.0,0.0,0.0,0.0,0,0,0
1756703370,3774,-0.02,0.0,0.0,0.0,0.0,0.0,0.0,0.0,0,0,0
1756703370,3775,-0.01,0.0,0.0,0.0,0.0,0.0,0.0,0.0,0,0,0
1756703370,3776,0.0,0.0,0.0,0.0,0.0,0.0,0.0,0.0,0,0,0
1756703370,3777,0.0,0.0,-0.02,0.0,0.0,0.0,0.0,0.0,0,0,0
1756703370,3778,0.05,0.0,-0.01,0.0,0.0,0.0,0.0,0.0,0,0,0
1756703370,3779,0.02,0.0,-0.01,0.0,0.0,0.0,0.0,0.0,0,0,0
1756703370,3780,0.0,0.0,0.0,0.0,0.0,0.0,0.0,0.0,0,0,0
1756703370,3781,0.05,0.0,0.01,0.0,0.0,0.0,0.0,0.0,0,0,0
1756703370,3782,0.0,0.0,0.0,0.0,0.0,0.0,0.0,0.0,0,0,0
1756703370,3783,0.02,0.0,-0.03,0.0,0.0,0.0,0.0,0.0,0,0,0
1756703370,3784,0.0,0.0,-0.02,0.0,0.0,0.0,0.0,0.0,0,0,0
1756703370,3785,0.01,0.0,0.0,0.0,0.0,0.0,0.0,0.0,0,0,0
1756703370,3786,0.0,0.0,0.0,0.0,0.0,0.0,0.0,0.0,0,0,0
1756703370,3787,0.05,0.0,-0.07,0.0,0.0,0.0,0.0,0.0,0,0,0
1756703370,3788,0.0,0.0,0.0,0.0,0.0,0.0,0.0,0.0,0,0,0
1756703370,3789,0.0,0.0,-0.01,0.0,0.0,0.0,0.0,0.0,0,0,0
1756703370,3790,0.02,0.0,-0.07,0.0,0.0,0.0,0.0,0.0,0,0,0
1756703370,3791,0.0,0.0,-0.1,0.0,0.0,0.0,0.0,0.0,0,0,0
1756703370,3792,0.0,0.0,-0.05,0.0,0.0,0.0,0.0,0.0,0,0,0
1756703370,3793,0.0,0.0,-0.01,0.0,0.0,0.0,0.0,0.0,0,0,0
1756703370,3794,0.07,0.0,-0.05,0.0,0.0,0.0,0.0,0.0,0,0,0
1756703370,3795,0.0,0.0,-0.02,0.0,0.0,0.0,0.0,0.0,0,0,0
1756703371,3796,0.01,0.0,-0.03,0.0,0.0,0.0,0.0,0.0,0,0,0
1756703371,3797,0.0,0.0,-0.02,0.0,0.0,0.0,0.0,0.0,0,0,0
1756703371,3798,0.0,0.0,0.0,0.0,0.0,0.0,0.0,0.0,0,0,0
1756703371,3799,0.02,0.0,-0.01,0.0,0.0,0.0,0.0,0.0,0,0,0
1756703371,3800,0.0,0.0,-0.05,0.0,0.0,0.0,0.0,0.0,0,0,0
1756703371,3801,0.0,0.0,0.01,0.0,0.0,0.0,0.0,0.0,0,0,0
1756703371,3802,0.0,0.0,-0.02,0.0,0.0,0.0,0.0,0.0,0,0,0
1756703371,3803,0.07,0.0,-0.01,0.0,0.0,0.0,0.0,0.0,0,0,0
1756703371,3804,-0.02,0.0,-0.02,0.0,0.0,0.0,0.0,0.0,0,0,0
1756703371,3805,-0.05,0.0,-0.03,0.0,0.0,0.0,0.0,0.0,0,0,0
1756703371,3806,-0.03,0.0,0.0,0.0,0.0,0.0,0.0,0.0,0,0,0
1756703371,3807,0.1,0.0,-0.01,0.0,0.0,0.0,0.0,0.0,0,0,0
1756703371,3808,0.05,0.0,0.0,0.0,0.0,0.0,0.0,0.0,0,0,0
1756703371,3809,0.0,0.0,0.0,0.0,0.0,0.0,0.0,0.0,0,0,0
1756703371,3810,0.03,0.0,-0.02,0.0,0.0,0.0,0.0,0.0,0,0,0
1756703371,3811,0.02,0.0,0.0,0.0,0.0,0.0,0.0,0.0,0,0,0
1756703371,3812,-0.03,0.0,0.0,0.0,0.0,0.0,0.0,0.0,0,0,0
1756703371,3813,0.03,0.0,0.0,0.0,0.0,0.0,0.0,0.0,0,0,0
1756703371,3814,0.0,0.0,0.0,0.0,0.0,0.0,0.0,0.0,0,0,0
1756703371,3815,0.0,0.0,-0.01,0.0,0.0,0.0,0.0,0.0,0,0,0
1756703371,3816,0.0,0.0,0.01,0.0,0.0,0.0,0.0,0.0,0,0,0
1756703371,3817,0.0,0.0,-0.01,0.0,0.0,0.0,0.0,0.0,0,0,0
1756703371,3818,0.05,0.0,-0.02,0.0,0.0,0.0,0.0,0.0,0,0,0
1756703371,3819,0.02,0.0,-0.01,0.0,0.0,0.0,0.0,0.0,0,0,0
1756703371,3820,-0.01,0.0,0.0,0.0,0.0,0.0,0.0,0.0,0,0,0
1756703371,3821,0.05,0.0,-0.05,0.0,0.0,0.0,0.0,0.0,0,0,0
1756703371,3822,0.0,0.0,0.03,0.0,0.0,0.0,0.0,0.0,0,0,0
1756703371,3823,0.03,0.0,-0.05,0.0,0.0,0.0,0.0,0.0,0,0,0
1756703371,3824,0.01,0.0,-0.03,0.0,0.0,0.0,0.0,0.0,0,0,0
1756703371,3825,0.0,0.0,-0.02,0.0,0.0,0.0,0.0,0.0,0,0,0
1756703371,3826,0.0,0.0,-0.01,0.0,0.0,0.0,0.0,0.0,0,0,0
1756703371,3827,0.0,0.0,0.0,0.0,0.0,0.0,0.0,0.0,0,0,0
1756703371,3828,0.0,0.0,-0.03,0.0,0.0,0.0,0.0,0.0,0,0,0
1756703371,3829,0.0,0.0,-0.03,0.0,0.0,0.0,0.0,0.0,0,0,0
1756703371,3830,0.0,0.0,0.0,0.0,0.0,0.0,0.0,0.0,0,0,0
1756703371,3831,0.0,0.0,-0.01,0.0,0.0,0.0,0.0,0.0,0,0,0
1756703371,3832,-0.15,0.0,0.0,0.0,0.0,0.0,0.0,0.0,0,0,0
1756703371,3833,0.02,0.0,-0.01,0.0,0.0,0.0,0.0,0.0,0,0,0
1756703371,3834,0.0,0.0,0.01,0.0,0.0,0.0,0.0,0.0,0,0,0
1756703371,3835,0.05,0.0,-0.05,0.0,0.0,0.0,0.0,0.0,0,0,0
1756703371,3836,0.03,0.0,-0.01,0.0,0.0,0.0,0.0,0.0,0,0,0
1756703371,3837,0.0,0.0,-0.03,0.0,0.0,0.0,0.0,0.0,0,0,0
1756703371,3838,0.03,0.0,-0.07,0.0,0.0,0.0,0.0,0.0,0,0,0
1756703371,3839,0.0,0.0,0.0,0.0,0.0,0.0,0.0,0.0,0,0,0
1756703371,3840,0.05,0.0,-0.02,0.0,0.0,0.0,0.0,0.0,0,0,0
1756703371,3841,0.02,0.0,0.0,0.0,0.0,0.0,0.0,0.0,0,0,0
1756703371,3842,0.0,0.0,0.0,0.0,0.0,0.0,0.0,0.0,0,0,0
1756703371,3843,0.01,0.0,-0.05,0.0,0.0,0.0,0.0,0.0,0,0,0
1756703371,3844,0.03,0.0,-0.02,0.0,0.0,0.0,0.0,0.0,0,0,0
1756703371,3845,0.0,0.0,-0.03,0.0,0.0,0.0,0.0,0.0,0,0,0
1756703371,3846,0.03,0.0,-0.01,0.0,0.0,0.0,0.0,0.0,0,0,0
1756703371,3847,0.03,0.0,-0.01,0.0,0.0,0.0,0.0,0.0,0,0,0
1756703371,3848,0.05,0.0,-0.03,0.0,0.0,0.0,0.0,0.0,0,0,0
1756703371,3849,0.05,0.0,0.0,0.0,0.0,0.0,0.0,0.0,0,0,0
1756703371,3850,0.01,0.0,-0.02,0.0,0.0,0.0,0.0,0.0,0,0,0
1756703371,3851,0.0,0.0,-0.02,0.0,0.0,0.0,0.0,0.0,0,0,0
1756703371,3852,0.0,0.0,0.0,0.0,0.0,0.0,0.0,0.0,0,0,0
1756703371,3853,0.01,0.0,0.0,0.0,0.0,0.0,0.0,0.0,0,0,0
1756703371,3854,0.0,0.0,-0.03,0.0,0.0,0.0,0.0,0.0,0,0,0
1756703371,3855,0.0,0.0,-0.01,0.0,0.0,0.0,0.0,0.0,0,0,0
1756703371,3856,0.0,0.0,-0.02,0.0,0.0,0.0,0.0,0.0,0,0,0
1756703371,3857,0.05,0.0,-0.02,0.0,0.0,0.0,0.0,0.0,0,0,0
1756703371,3858,0.05,0.0,-0.01,0.0,0.0,0.0,0.0,0.0,0,0,0
1756703371,3859,0.01,0.0,-0.02,0.0,0.0,0.0,0.0,0.0,0,0,0
1756703371,3860,0.05,0.0,0.0,0.0,0.0,0.0,0.0,0.0,0,0,0
1756703371,3861,0.05,0.0,0.0,0.0,0.0,0.0,0.0,0.0,0,0,0
1756703371,3862,0.0,0.0,-0.02,0.0,0.0,0.0,0.0,0.0,0,0,0
1756703372,3863,0.0,0.0,-0.03,0.0,0.0,0.0,0.0,0.0,0,0,0
1756703372,3864,0.01,0.0,0.0,0.0,0.0,0.0,0.0,0.0,0,0,0
1756703372,3865,0.03,0.0,-0.03,0.0,0.0,0.0,0.0,0.0,0,0,0
1756703372,3866,0.02,0.0,-0.05,0.0,0.0,0.0,0.0,0.0,0,0,0
1756703372,3867,0.0,0.0,-0.02,0.0,0.0,0.0,0.0,0.0,0,0,0
1756703372,3868,0.0,0.0,-0.05,0.0,0.0,0.0,0.0,0.0,0,0,0
1756703372,3869,-0.03,0.0,-0.01,0.0,0.0,0.0,0.0,0.0,0,0,0
1756703372,3870,0.03,0.0,-0.01,0.0,0.0,0.0,0.0,0.0,0,0,0
1756703372,3871,0.05,0.0,-0.01,0.0,0.0,0.0,0.0,0.0,0,0,0
1756703372,3872,0.05,0.0,0.0,0.0,0.0,0.0,0.0,0.0,0,0,0
1756703372,3873,0.0,0.0,-0.01,0.0,0.0,0.0,0.0,0.0,0,0,0
1756703372,3874,0.0,0.0,0.01,0.0,0.0,0.0,0.0,0.0,0,0,0
1756703372,3875,0.0,0.0,-0.05,0.0,0.0,0.0,0.0,0.0,0,0,0
1756703372,3876,0.05,0.0,-0.02,0.0,0.0,0.0,0.0,0.0,0,0,0
1756703372,3877,0.02,0.0,-0.01,0.0,0.0,0.0,0.0,0.0,0,0,0
1756703372,3878,0.0,0.0,-0.01,0.0,0.0,0.0,0.0,0.0,0,0,0
1756703372,3879,0.05,0.0,0.0,0.0,0.0,0.0,0.0,0.0,0,0,0
1756703372,3880,0.03,0.0,0.0,0.0,0.0,0.0,0.0,0.0,0,0,0
1756703372,3881,0.02,0.0,-0.02,0.0,0.0,0.0,0.0,0.0,0,0,0
1756703372,3882,0.0,0.0,-0.02,0.0,0.0,0.0,0.0,0.0,0,0,0
1756703372,3883,0.0,0.0,-0.02,0.0,0.0,0.0,0.0,0.0,0,0,0
1756703372,3884,0.02,0.0,-0.02,0.0,0.0,0.0,0.0,0.0,0,0,0
1756703372,3885,0.02,0.0,-0.02,0.0,0.0,0.0,0.0,0.0,0,0,0
1756703372,3886,-0.03,0.0,0.0,0.0,0.0,0.0,0.0,0.0,0,0,0
1756703372,3887,0.01,0.0,-0.07,0.0,0.0,0.0,0.0,0.0,0,0,0
1756703372,3888,0.01,0.0,0.0,0.0,0.0,0.0,0.0,0.0,0,0,0
1756703372,3889,0.0,0.0,-0.01,0.0,0.0,0.0,0.0,0.0,0,0,0
1756703372,3890,0.01,0.0,-0.03,0.0,0.0,0.0,0.0,0.0,0,0,0
1756703372,3891,0.01,0.0,-0.01,0.0,0.0,0.0,0.0,0.0,0,0,0
1756703372,3892,0.01,0.0,-0.01,0.0,0.0,0.0,0.0,0.0,0,0,0
1756703372,3893,0.02,0.0,0.0,0.0,0.0,0.0,0.0,0.0,0,0,0
1756703372,3894,0.05,0.0,0.0,0.0,0.0,0.0,0.0,0.0,0,0,0
1756703372,3895,0.03,0.0,-0.01,0.0,0.0,0.0,0.0,0.0,0,0,0
1756703372,3896,0.01,0.0,-0.02,0.0,0.0,0.0,0.0,0.0,0,0,0
1756703372,3897,-0.07,0.0,-0.01,0.0,0.0,0.0,0.0,0.0,0,0,0
1756703372,3898,0.0,0.0,-0.07,0.0,0.0,0.0,0.0,0.0,0,0,0
1756703372,3899,0.05,0.0,-0.03,0.0,0.0,0.0,0.0,0.0,0,0,0
1756703372,3900,0.01,0.0,-0.03,0.0,0.0,0.0,0.0,0.0,0,0,0
1756703372,3901,0.0,0.0,-0.02,0.0,0.0,0.0,0.0,0.0,0,0,0
1756703372,3902,0.0,0.0,0.0,0.0,0.0,0.0,0.0,0.0,0,0,0
1756703372,3903,0.05,0.0,-0.02,0.0,0.0,0.0,0.0,0.0,0,0,0
1756703372,3904,0.0,0.0,0.0,0.0,0.0,0.0,0.0,0.0,0,0,0
1756703372,3905,0.05,0.0,-0.02,0.0,0.0,0.0,0.0,0.0,0,0,0
1756703372,3906,0.01,0.0,0.0,0.0,0.0,0.0,0.0,0.0,0,0,0
1756703372,3907,0.0,0.0,0.0,0.0,0.0,0.0,0.0,0.0,0,0,0
1756703372,3908,0.03,0.0,-0.01,0.0,0.0,0.0,0.0,0.0,0,0,0
1756703372,3909,0.07,0.0,-0.05,0.0,0.0,0.0,0.0,0.0,0,0,0
1756703372,3910,0.0,0.0,0.0,0.0,0.0,0.0,0.0,0.0,0,0,0
1756703372,3911,-0.05,0.0,0.0,0.0,0.0,0.0,0.0,0.0,0,0,0
1756703372,3912,0.0,0.0,0.0,0.0,0.0,0.0,0.0,0.0,0,0,0
1756703372,3913,0.03,0.0,-0.03,0.0,0.0,0.0,0.0,0.0,0,0,0
1756703372,3914,0.0,0.0,0.0,0.0,0.0,0.0,0.0,0.0,0,0,0
1756703372,3915,0.01,0.0,0.09,0.0,0.0,0.0,0.0,0.0,0,0,0
1756703372,3916,0.07,0.0,0.0,0.0,0.0,0.0,0.0,0.0,0,0,0
1756703372,3917,0.02,0.0,-0.02,0.0,0.0,0.0,0.0,0.0,0,0,0
1756703372,3918,0.0,0.0,-0.03,0.0,0.0,0.0,0.0,0.0,0,0,0
1756703372,3919,0.01,0.0,-0.01,0.0,0.0,0.0,0.0,0.0,0,0,0
1756703372,3920,0.01,0.0,0.0,0.0,0.0,0.0,0.0,0.0,0,0,0
1756703372,3921,0.0,0.0,0.0,0.0,0.0,0.0,0.0,0.0,0,0,0
1756703372,3922,0.0,0.0,0.0,0.0,0.0,0.0,0.0,0.0,0,0,0
1756703372,3923,0.0,0.0,0.0,0.0,0.0,0.0,0.0,0.0,0,0,0
1756703373,3924,0.02,0.0,0.0,0.0,0.0,0.0,0.0,0.0,0,0,0
1756703373,3925,0.05,0.0,-0.01,0.0,0.0,0.0,0.0,0.0,0,0,0
1756703373,3926,0.0,0.0,0.0,0.0,0.0,0.0,0.0,0.0,0,0,0
1756703373,3927,0.0,0.0,0.03,0.0,0.0,0.0,0.0,0.0,0,0,0
1756703373,3928,0.0,0.0,-0.01,0.0,0.0,0.0,0.0,0.0,0,0,0
1756703373,3929,0.0,0.0,0.0,0.0,0.0,0.0,0.0,0.0,0,0,0
1756703373,3930,0.0,0.0,0.0,0.0,0.0,0.0,0.0,0.0,0,0,0
1756703373,3931,0.0,0.0,0.0,0.0,0.0,0.0,0.0,0.0,0,0,0
1756703373,3932,0.0,0.0,-0.03,0.0,0.0,0.0,0.0,0.0,0,0,0
1756703373,3933,0.05,0.0,-0.01,0.0,0.0,0.0,0.0,0.0,0,0,0
1756703373,3934,0.07,0.0,-0.01,0.0,0.0,0.0,0.0,0.0,0,0,0
1756703373,3935,0.12,0.0,0.0,0.0,0.0,0.0,0.0,0.0,0,0,0
1756703373,3936,0.05,0.0,0.0,0.0,0.0,0.0,0.0,0.0,0,0,0
1756703373,3937,-0.02,0.0,0.0,0.0,0.0,0.0,0.0,0.0,0,0,0
1756703373,3938,0.0,0.0,-0.01,0.0,0.0,0.0,0.0,0.0,0,0,0
1756703373,3939,0.05,0.0,0.0,0.0,0.0,0.0,0.0,0.0,0,0,0
1756703373,3940,0.0,0.0,0.0,0.0,0.0,0.0,0.0,0.0,0,0,0
1756703373,3941,0.0,0.0,0.0,0.0,0.0,0.0,0.0,0.0,0,0,0
1756703373,3942,0.0,0.0,0.0,0.0,0.0,0.0,0.0,0.0,0,0,0
1756703373,3943,0.02,0.0,0.0,0.0,0.0,0.0,0.0,0.0,0,0,0
1756703373,3944,0.02,0.0,0.0,0.0,0.0,0.0,0.0,0.0,0,0,0
1756703373,3945,0.03,0.0,-0.03,0.0,0.0,0.0,0.0,0.0,0,0,0
1756703373,3946,0.01,0.0,0.0,0.0,0.0,0.0,0.0,0.0,0,0,0
1756703373,3947,0.0,0.0,0.0,0.0,0.0,0.0,0.0,0.0,0,0,0
1756703373,3948,0.0,0.0,0.0,0.0,0.0,0.0,0.0,0.0,0,0,0
1756703373,3949,0.01,0.0,-0.05,0.0,0.0,0.0,0.0,0.0,0,0,0
1756703373,3950,0.03,0.0,-0.01,0.0,0.0,0.0,0.0,0.0,0,0,0
1756703373,3951,0.0,0.0,-0.05,0.0,0.0,0.0,0.0,0.0,0,0,0
1756703373,3952,0.0,0.0,0.01,0.0,0.0,0.0,0.0,0.0,0,0,0
1756703373,3953,0.01,0.0,-0.01,0.0,0.0,0.0,0.0,0.0,0,0,0
1756703373,3954,0.05,0.0,0.0,0.0,0.0,0.0,0.0,0.0,0,0,0
1756703373,3955,0.03,0.0,0.0,0.0,0.0,0.0,0.0,0.0,0,0,0
1756703373,3956,0.0,0.0,0.0,0.0,0.0,0.0,0.0,0.0,0,0,0
1756703373,3957,0.02,0.0,0.0,0.0,0.0,0.0,0.0,0.0,0,0,0
1756703373,3958,0.01,0.0,0.01,0.0,0.0,0.0,0.0,0.0,0,0,0
1756703373,3959,0.0,0.0,-0.03,0.0,0.0,0.0,0.0,0.0,0,0,0
1756703373,3960,0.0,0.0,0.0,0.0,0.0,0.0,0.0,0.0,0,0,0
1756703373,3961,0.07,0.0,0.0,0.0,0.0,0.0,0.0,0.0,0,0,0
1756703373,3962,0.01,0.0,0.05,0.0,0.0,0.0,0.0,0.0,0,0,0
1756703373,3963,0.0,0.0,-0.01,0.0,0.0,0.0,0.0,0.0,0,0,0
1756703373,3964,0.0,0.0,-0.01,0.0,0.0,0.0,0.0,0.0,0,0,0
1756703373,3965,0.0,0.0,-0.07,0.0,0.0,0.0,0.0,0.0,0,0,0
1756703373,3966,0.03,0.0,0.0,0.0,0.0,0.0,0.0,0.0,0,0,0
1756703373,3967,0.0,0.0,-0.03,0.0,0.0,0.0,0.0,0.0,0,0,0
1756703373,3968,0.0,0.0,0.0,0.0,0.0,0.0,0.0,0.0,0,0,0
1756703373,3969,0.0,0.0,-0.02,0.0,0.0,0.0,0.0,0.0,0,0,0
1756703373,3970,0.0,0.0,-0.03,0.0,0.0,0.0,0.0,0.0,0,0,0
1756703373,3971,0.03,0.0,-0.02,0.0,0.0,0.0,0.0,0.0,0,0,0
1756703373,3972,-0.05,0.0,0.0,0.0,0.0,0.0,0.0,0.0,0,0,0
1756703373,3973,0.0,0.0,-0.03,0.0,0.0,0.0,0.0,0.0,0,0,0
1756703373,3974,-0.05,0.0,-0.09,0.0,0.0,0.0,0.0,0.0,0,0,0
1756703373,3975,0.05,0.0,0.0,0.0,0.0,0.0,0.0,0.0,0,0,0
1756703373,3976,0.0,0.0,-0.03,0.0,0.0,0.0,0.0,0.0,0,0,0
1756703373,3977,0.07,0.0,0.0,0.0,0.0,0.0,0.0,0.0,0,0,0
1756703373,3978,0.0,0.0,-0.02,0.0,0.0,0.0,0.0,0.0,0,0,0
1756703373,3979,0.05,0.0,-0.05,0.0,0.0,0.0,0.0,0.0,0,0,0
1756703373,3980,0.02,0.0,0.1,0.0,0.0,0.0,0.0,0.0,0,0,0
1756703373,3981,0.0,0.0,-0.02,0.0,0.0,0.0,0.0,0.0,0,0,0
1756703373,3982,-0.01,0.0,-0.02,0.0,0.0,0.0,0.0,0.0,0,0,0
1756703373,3983,0.01,0.0,-0.09,0.0,0.0,0.0,0.0,0.0,0,0,0
1756703373,3984,0.02,0.0,-0.07,0.0,0.0,0.0,0.0,0.0,0,0,0
1756703373,3985,0.01,0.0,-0.03,0.0,0.0,0.0,0.0,0.0,0,0,0
1756703373,3986,0.01,0.0,-0.01,0.0,0.0,0.0,0.0,0.0,0,0,0
1756703373,3987,0.0,0.0,0.0,0.0,0.0,0.0,0.0,0.0,0,0,0
1756703373,3988,0.05,0.0,-0.05,0.0,0.0,0.0,0.0,0.0,0,0,0
1756703373,3989,0.1,0.0,-0.01,0.0,0.0,0.0,0.0,0.0,0,0,0
1756703373,3990,0.0,0.0,-0.02,0.0,0.0,0.0,0.0,0.0,0,0,0
1756703373,3991,0.05,0.0,-0.02,0.0,0.0,0.0,0.0,0.0,0,0,0
1756703374,3992,0.03,0.0,-0.02,0.0,0.0,0.0,0.0,0.0,0,0,0
1756703374,3993,0.03,0.0,-0.01,0.0,0.0,0.0,0.0,0.0,0,0,0
1756703374,3994,0.03,0.0,-0.07,0.0,0.0,0.0,0.0,0.0,0,0,0
1756703374,3995,0.05,0.0,-0.11,0.0,0.0,0.0,0.0,0.0,0,0,0
1756703374,3996,0.09,0.0,-0.01,0.0,0.0,0.0,0.0,0.0,0,0,0
1756703374,3997,0.0,0.0,-0.03,0.0,0.0,0.0,0.0,0.0,0,0,0
1756703374,3998,0.07,0.0,0.0,0.0,0.0,0.0,0.0,0.0,0,0,0
1756703374,3999,0.0,0.0,-0.02,0.0,0.0,0.0,0.0,0.0,0,0,0
1756703374,4000,0.05,0.0,-0.03,0.0,0.0,0.0,0.0,0.0,0,0,0
1756703374,4001,0.0,0.0,-0.03,0.0,0.0,0.0,0.0,0.0,0,0,0
1756703374,4002,0.07,0.0,0.0,0.0,0.0,0.0,0.0,0.0,0,0,0
1756703374,4003,0.03,0.0,-0.01,0.0,0.0,0.0,0.0,0.0,0,0,0
1756703374,4004,0.0,0.0,-0.03,0.0,0.0,0.0,0.0,0.0,0,0,0
1756703374,4005,0.07,0.0,0.0,0.0,0.0,0.0,0.0,0.0,0,0,0
1756703374,4006,0.02,0.0,-0.07,0.0,0.0,0.0,0.0,0.0,0,0,0
1756703374,4007,0.0,0.0,-0.01,0.0,0.0,0.0,0.0,0.0,0,0,0
1756703374,4008,0.0,0.0,0.0,0.0,0.0,0.0,0.0,0.0,0,0,0
1756703374,4009,0.0,0.0,-0.05,0.0,0.0,0.0,0.0,0.0,0,0,0
1756703374,4010,0.01,0.0,-0.01,0.0,0.0,0.0,0.0,0.0,0,0,0
1756703374,4011,0.02,0.0,-0.02,0.0,0.0,0.0,0.0,0.0,0,0,0
1756703374,4012,-0.01,0.0,-0.02,0.0,0.0,0.0,0.0,0.0,0,0,0
1756703374,4013,0.05,0.0,0.0,0.0,0.0,0.0,0.0,0.0,0,0,0
1756703374,4014,0.0,0.0,-0.05,0.0,0.0,0.0,0.0,0.0,0,0,0
1756703374,4015,-0.05,0.0,-0.07,0.0,0.0,0.0,0.0,0.0,0,0,0
1756703374,4016,0.05,0.0,-0.03,0.0,0.0,0.0,0.0,0.0,0,0,0
1756703374,4017,0.07,0.0,0.0,0.0,0.0,0.0,0.0,0.0,0,0,0
1756703374,4018,0.03,0.0,0.0,0.0,0.0,0.0,0.0,0.0,0,0,0
1756703374,4019,-0.1,0.0,0.0,0.0,0.0,0.0,0.0,0.0,0,0,0
1756703374,4020,0.02,0.0,-0.01,0.0,0.0,0.0,0.0,0.0,0,0,0
1756703374,4021,0.05,0.0,-0.01,0.0,0.0,0.0,0.0,0.0,0,0,0
1756703374,4022,0.01,0.0,-0.05,0.0,0.0,0.0,0.0,0.0,0,0,0
1756703374,4023,0.0,0.0,-0.01,0.0,0.0,0.0,0.0,0.0,0,0,0
1756703374,4024,0.0,0.0,0.0,0.0,0.0,0.0,0.0,0.0,0,0,0
1756703374,4025,0.07,0.0,0.0,0.0,0.0,0.0,0.0,0.0,0,0,0
1756703374,4026,0.02,0.0,0.0,0.0,0.0,0.0,0.0,0.0,0,0,0
1756703374,4027,0.0,0.0,0.03,0.0,0.0,0.0,0.0,0.0,0,0,0
1756703374,4028,0.0,0.0,-0.01,0.0,0.0,0.0,0.0,0.0,0,0,0
1756703374,4029,0.0,0.0,0.0,0.0,0.0,0.0,0.0,0.0,0,0,0
1756703374,4030,0.01,0.0,0.0,0.0,0.0,0.0,0.0,0.0,0,0,0
1756703374,4031,0.0,0.0,0.0,0.0,0.0,0.0,0.0,0.0,0,0,0
1756703374,4032,-0.03,0.0,-0.01,0.0,0.0,0.0,0.0,0.0,0,0,0
1756703374,4033,0.0,0.0,-0.07,0.0,0.0,0.0,0.0,0.0,0,0,0
1756703374,4034,0.02,0.0,-0.01,0.0,0.0,0.0,0.0,0.0,0,0,0
1756703374,4035,0.03,0.0,-0.02,0.0,0.0,0.0,0.0,0.0,0,0,0
1756703374,4036,0.03,0.0,0.0,0.0,0.0,0.0,0.0,0.0,0,0,0
1756703374,4037,-0.07,0.0,-0.02,0.0,0.0,0.0,0.0,0.0,0,0,0
1756703374,4038,0.0,0.0,0.0,0.0,0.0,0.0,0.0,0.0,0,0,0
1756703374,4039,0.0,0.0,0.0,0.0,0.0,0.0,0.0,0.0,0,0,0
1756703374,4040,0.07,0.0,-0.15,0.0,0.0,0.0,0.0,0.0,0,0,0
1756703374,4041,0.07,0.0,-0.02,0.0,0.0,0.0,0.0,0.0,0,0,0
1756703374,4042,0.0,0.0,0.01,0.0,0.0,0.0,0.0,0.0,0,0,0
1756703374,4043,0.0,0.0,-0.02,0.0,0.0,0.0,0.0,0.0,0,0,0
1756703374,4044,0.02,0.0,-0.05,0.0,0.0,0.0,0.0,0.0,0,0,0
1756703374,4045,0.03,0.0,0.0,0.0,0.0,0.0,0.0,0.0,0,0,0
1756703374,4046,0.05,0.0,0.0,0.0,0.0,0.0,0.0,0.0,0,0,0
1756703374,4047,0.01,0.0,-0.02,0.0,0.0,0.0,0.0,0.0,0,0,0
1756703374,4048,0.1,0.0,-0.02,0.0,0.0,0.0,0.0,0.0,0,0,0
1756703374,4049,-0.01,0.0,-0.07,0.0,0.0,0.0,0.0,0.0,0,0,0
1756703374,4050,0.01,0.0,-0.03,0.0,0.0,0.0,0.0,0.0,0,0,0
1756703374,4051,0.07,0.0,-0.09,0.0,0.0,0.0,0.0,0.0,0,0,0
1756703374,4052,-0.02,0.0,-0.03,0.0,0.0,0.0,0.0,0.0,0,0,0
1756703374,4053,0.02,0.0,-0.01,0.0,0.0,0.0,0.0,0.0,0,0,0
1756703374,4054,0.0,0.0,-0.01,0.0,0.0,0.0,0.0,0.0,0,0,0
1756703374,4055,0.0,0.0,-0.03,0.0,0.0,0.0,0.0,0.0,0,0,0
1756703374,4056,0.01,0.0,-0.02,0.0,0.0,0.0,0.0,0.0,0,0,0
1756703374,4057,0.07,0.0,0.01,0.0,0.0,0.0,0.0,0.0,0,0,0
1756703374,4058,0.05,0.0,-0.05,0.0,0.0,0.0,0.0,0.0,0,0,0
1756703375,4059,0.0,0.0,0.0,0.0,0.0,0.0,0.0,0.0,0,0,0
1756703375,4060,0.0,0.0,-0.03,0.0,0.0,0.0,0.0,0.0,0,0,0
1756703375,4061,0.0,0.0,0.02,0.0,0.0,0.0,0.0,0.0,0,0,0
1756703375,4062,0.01,0.0,-0.05,0.0,0.0,0.0,0.0,0.0,0,0,0
1756703375,4063,0.01,0.0,-0.01,0.0,0.0,0.0,0.0,0.0,0,0,0
1756703375,4064,0.07,0.0,-0.01,0.0,0.0,0.0,0.0,0.0,0,0,0
1756703375,4065,0.05,0.0,-0.02,0.0,0.0,0.0,0.0,0.0,0,0,0
1756703375,4066,0.03,0.0,-0.07,0.0,0.0,0.0,0.0,0.0,0,0,0
1756703375,4067,0.0,0.0,0.0,0.0,0.0,0.0,0.0,0.0,0,0,0
1756703375,4068,0.02,0.0,-0.02,0.0,0.0,0.0,0.0,0.0,0,0,0
1756703375,4069,0.05,0.0,0.0,0.0,0.0,0.0,0.0,0.0,0,0,0
1756703375,4070,0.02,0.0,0.01,0.0,0.0,0.0,0.0,0.0,0,0,0
1756703375,4071,0.03,0.0,0.02,0.0,0.0,0.0,0.0,0.0,0,0,0
1756703375,4072,-0.02,0.0,-0.02,0.0,0.0,0.0,0.0,0.0,0,0,0
1756703375,4073,0.0,0.0,-0.02,0.0,0.0,0.0,0.0,0.0,0,0,0
1756703375,4074,-0.01,0.0,0.0,0.0,0.0,0.0,0.0,0.0,0,0,0
1756703375,4075,0.01,0.0,-0.02,0.0,0.0,0.0,0.0,0.0,0,0,0
1756703375,4076,0.07,0.0,-0.03,0.0,0.0,0.0,0.0,0.0,0,0,0
1756703375,4077,0.03,0.0,-0.03,0.0,0.0,0.0,0.0,0.0,0,0,0
1756703375,4078,0.03,0.0,0.0,0.0,0.0,0.0,0.0,0.0,0,0,0
1756703375,4079,0.02,0.0,-0.05,0.0,0.0,0.0,0.0,0.0,0,0,0
1756703375,4080,0.03,0.0,-0.01,0.0,0.0,0.0,0.0,0.0,0,0,0
1756703375,4081,0.0,0.0,-0.01,0.0,0.0,0.0,0.0,0.0,0,0,0
1756703375,4082,0.0,0.0,-0.07,0.0,0.0,0.0,0.0,0.0,0,0,0
1756703375,4083,0.0,0.0,-0.02,0.0,0.0,0.0,0.0,0.0,0,0,0
1756703375,4084,0.03,0.0,-0.03,0.0,0.0,0.0,0.0,0.0,0,0,0
1756703375,4085,0.01,0.0,0.0,0.0,0.0,0.0,0.0,0.0,0,0,0
1756703375,4086,0.03,0.0,-0.03,0.0,0.0,0.0,0.0,0.0,0,0,0
1756703375,4087,0.03,0.0,0.0,0.0,0.0,0.0,0.0,0.0,0,0,0
1756703375,4088,0.02,0.0,0.0,0.0,0.0,0.0,0.0,0.0,0,0,0
1756703375,4089,0.0,0.0,0.0,0.0,0.0,0.0,0.0,0.0,0,0,0
1756703375,4090,0.0,0.0,-0.03,0.0,0.0,0.0,0.0,0.0,0,0,0
1756703375,4091,0.01,0.0,-0.05,0.0,0.0,0.0,0.0,0.0,0,0,0
1756703375,4092,0.0,0.0,-0.01,0.0,0.0,0.0,0.0,0.0,0,0,0
1756703375,4093,0.02,0.0,0.0,0.0,0.0,0.0,0.0,0.0,0,0,0
1756703375,4094,0.0,0.0,-0.02,0.0,0.0,0.0,0.0,0.0,0,0,0
1756703375,4095,0.01,0.0,-0.07,0.0,0.0,0.0,0.0,0.0,0,0,0
1756703375,4096,0.07,0.0,-0.02,0.0,0.0,0.0,0.0,0.0,0,0,0
1756703375,4097,0.01,0.0,-0.05,0.0,0.0,0.0,0.0,0.0,0,0,0
1756703375,4098,0.02,0.0,0.0,0.0,0.0,0.0,0.0,0.0,0,0,0
1756703375,4099,0.01,0.0,0.0,0.0,0.0,0.0,0.0,0.0,0,0,0
1756703375,4100,0.0,0.0,0.0,0.0,0.0,0.0,0.0,0.0,0,0,0
1756703375,4101,0.0,0.0,0.0,0.0,0.0,0.0,0.0,0.0,0,0,0
1756703375,4102,0.12,0.0,0.0,0.0,0.0,0.0,0.0,0.0,0,0,0
1756703375,4103,-0.02,0.0,-0.02,0.0,0.0,0.0,0.0,0.0,0,0,0
1756703375,4104,0.05,0.0,-0.07,0.0,0.0,0.0,0.0,0.0,0,0,0
1756703375,4105,0.05,0.0,0.0,0.0,0.0,0.0,0.0,0.0,0,0,0
1756703375,4106,0.0,0.0,-0.03,0.0,0.0,0.0,0.0,0.0,0,0,0
1756703375,4107,0.02,0.0,-0.02,0.0,0.0,0.0,0.0,0.0,0,0,0
1756703375,4108,0.14,0.0,-0.03,0.0,0.0,0.0,0.0,0.0,0,0,0
1756703375,4109,0.02,0.0,0.0,0.0,0.0,0.0,0.0,0.0,0,0,0
1756703375,4110,0.0,0.0,0.0,0.0,0.0,0.0,0.0,0.0,0,0,0
1756703375,4111,-0.01,0.0,0.0,0.0,0.0,0.0,0.0,0.0,0,0,0
1756703375,4112,0.05,0.0,-0.02,0.0,0.0,0.0,0.0,0.0,0,0,0
1756703375,4113,0.02,0.0,-0.05,0.0,0.0,0.0,0.0,0.0,0,0,0
1756703375,4114,0.0,0.0,-0.01,0.0,0.0,0.0,0.0,0.0,0,0,0
1756703375,4115,0.01,0.0,0.0,0.0,0.0,0.0,0.0,0.0,0,0,0
1756703375,4116,0.0,0.0,-0.02,0.0,0.0,0.0,0.0,0.0,0,0,0
1756703375,4117,0.01,0.0,-0.01,0.0,0.0,0.0,0.0,0.0,0,0,0
1756703375,4118,0.0,0.0,-0.02,0.0,0.0,0.0,0.0,0.0,0,0,0
1756703375,4119,0.01,0.0,-0.01,0.0,0.0,0.0,0.0,0.0,0,0,0
1756703375,4120,0.07,0.0,-0.03,0.0,0.0,0.0,0.0,0.0,0,0,0
1756703375,4121,0.03,0.0,-0.03,0.0,0.0,0.0,0.0,0.0,0,0,0
1756703375,4122,0.01,0.0,0.0,0.0,0.0,0.0,0.0,0.0,0,0,0
1756703376,4123,0.0,0.0,0.0,0.0,0.0,0.0,0.0,0.0,0,0,0
1756703376,4124,0.05,0.0,-0.01,0.0,0.0,0.0,0.0,0.0,0,0,0
1756703376,4125,0.0,0.0,-0.02,0.0,0.0,0.0,0.0,0.0,0,0,0
1756703376,4126,0.05,0.0,-0.01,0.0,0.0,0.0,0.0,0.0,0,0,0
1756703376,4127,0.0,0.0,0.0,0.0,0.0,0.0,0.0,0.0,0,0,0
1756703376,4128,0.0,0.0,-0.05,0.0,0.0,0.0,0.0,0.0,0,0,0
1756703376,4129,0.0,0.0,0.0,0.0,0.0,0.0,0.0,0.0,0,0,0
1756703376,4130,0.05,0.0,0.0,0.0,0.0,0.0,0.0,0.0,0,0,0
1756703376,4131,0.0,0.0,0.0,0.0,0.0,0.0,0.0,0.0,0,0,0
1756703376,4132,0.0,0.0,-0.02,0.0,0.0,0.0,0.0,0.0,0,0,0
1756703376,4133,0.05,0.0,0.0,0.0,0.0,0.0,0.0,0.0,0,0,0
1756703376,4134,0.12,0.0,0.0,0.0,0.0,0.0,0.0,0.0,0,0,0
1756703376,4135,0.0,0.0,-0.03,0.0,0.0,0.0,0.0,0.0,0,0,0
1756703376,4136,0.05,0.0,-0.01,0.0,0.0,0.0,0.0,0.0,0,0,0
1756703376,4137,0.0,0.0,0.0,0.0,0.0,0.0,0.0,0.0,0,0,0
1756703376,4138,0.05,0.0,-0.01,0.0,0.0,0.0,0.0,0.0,0,0,0
1756703376,4139,-0.02,0.0,0.0,0.0,0.0,0.0,0.0,0.0,0,0,0
1756703376,4140,0.0,0.0,-0.05,0.0,0.0,0.0,0.0,0.0,0,0,0
1756703376,4141,0.01,0.0,-0.1,0.0,0.0,0.0,0.0,0.0,0,0,0
1756703376,4142,0.0,0.0,0.0,0.0,0.0,0.0,0.0,0.0,0,0,0
1756703376,4143,0.03,0.0,0.02,0.0,0.0,0.0,0.0,0.0,0,0,0
1756703376,4144,0.02,0.0,0.01,0.0,0.0,0.0,0.0,0.0,0,0,0
1756703376,4145,0.02,0.0,0.01,0.0,0.0,0.0,0.0,0.0,0,0,0
1756703376,4146,0.0,0.0,0.0,0.0,0.0,0.0,0.0,0.0,0,0,0
1756703376,4147,0.0,0.0,0.0,0.0,0.0,0.0,0.0,0.0,0,0,0
1756703376,4148,0.03,0.0,-0.02,0.0,0.0,0.0,0.0,0.0,0,0,0
1756703376,4149,0.01,0.0,-0.1,0.0,0.0,0.0,0.0,0.0,0,0,0
1756703376,4150,0.05,0.0,0.0,0.0,0.0,0.0,0.0,0.0,0,0,0
1756703376,4151,0.02,0.0,-0.01,0.0,0.0,0.0,0.0,0.0,0,0,0
1756703376,4152,0.01,0.0,0.0,0.0,0.0,0.0,0.0,0.0,0,0,0
1756703376,4153,0.05,0.0,0.0,0.0,0.0,0.0,0.0,0.0,0,0,0
1756703376,4154,0.07,0.0,-0.05,0.0,0.0,0.0,0.0,0.0,0,0,0
1756703376,4155,0.02,0.0,-0.01,0.0,0.0,0.0,0.0,0.0,0,0,0
1756703376,4156,0.02,0.0,0.0,0.0,0.0,0.0,0.0,0.0,0,0,0
1756703376,4157,-0.01,0.0,0.01,0.0,0.0,0.0,0.0,0.0,0,0,0
1756703376,4158,0.1,0.0,0.0,0.0,0.0,0.0,0.0,0.0,0,0,0
1756703376,4159,0.05,0.0,-0.07,0.0,0.0,0.0,0.0,0.0,0,0,0
1756703376,4160,0.0,0.0,-0.07,0.0,0.0,0.0,0.0,0.0,0,0,0
1756703376,4161,0.0,0.0,0.0,0.0,0.0,0.0,0.0,0.0,0,0,0
1756703376,4162,0.03,0.0,0.0,0.0,0.0,0.0,0.0,0.0,0,0,0
1756703376,4163,0.03,0.0,-0.01,0.0,0.0,0.0,0.0,0.0,0,0,0
1756703376,4164,0.01,0.0,0.0,0.0,0.0,0.0,0.0,0.0,0,0,0
1756703376,4165,0.03,0.0,-0.01,0.0,0.0,0.0,0.0,0.0,0,0,0
1756703376,4166,0.0,0.0,0.0,0.0,0.0,0.0,0.0,0.0,0,0,0
1756703376,4167,0.0,0.0,0.0,0.0,0.0,0.0,0.0,0.0,0,0,0
1756703376,4168,0.0,0.0,0.0,0.0,0.0,0.0,0.0,0.0,0,0,0
1756703376,4169,0.01,0.0,0.0,0.0,0.0,0.0,0.0,0.0,0,0,0
1756703376,4170,0.01,0.0,0.0,0.0,0.0,0.0,0.0,0.0,0,0,0
1756703376,4171,-0.02,0.0,0.0,0.0,0.0,0.0,0.0,0.0,0,0,0
1756703376,4172,0.0,0.0,-0.03,0.0,0.0,0.0,0.0,0.0,0,0,0
1756703376,4173,0.0,0.0,-0.03,0.0,0.0,0.0,0.0,0.0,0,0,0
1756703376,4174,0.0,0.0,0.0,0.0,0.0,0.0,0.0,0.0,0,0,0
1756703376,4175,0.0,0.0,-0.05,0.0,0.0,0.0,0.0,0.0,0,0,0
1756703376,4176,0.02,0.0,-0.02,0.0,0.0,0.0,0.0,0.0,0,0,0
1756703376,4177,0.0,0.0,0.0,0.0,0.0,0.0,0.0,0.0,0,0,0
1756703376,4178,0.01,0.0,0.0,0.0,0.0,0.0,0.0,0.0,0,0,0
1756703376,4179,0.03,0.0,-0.01,0.0,0.0,0.0,0.0,0.0,0,0,0
1756703376,4180,0.01,0.0,-0.01,0.0,0.0,0.0,0.0,0.0,0,0,0
1756703376,4181,0.05,0.0,0.0,0.0,0.0,0.0,0.0,0.0,0,0,0
1756703376,4182,0.0,0.0,0.0,0.0,0.0,0.0,0.0,0.0,0,0,0
1756703376,4183,0.05,0.0,0.0,0.0,0.0,0.0,0.0,0.0,0,0,0
1756703376,4184,0.03,0.0,0.0,0.0,0.0,0.0,0.0,0.0,0,0,0
1756703376,4185,0.02,0.0,-0.09,0.0,0.0,0.0,0.0,0.0,0,0,0
1756703376,4186,-0.1,0.0,0.0,0.0,0.0,0.0,0.0,0.0,0,0,0
1756703376,4187,0.01,0.0,-0.07,0.0,0.0,0.0,0.0,0.0,0,0,0
1756703376,4188,0.05,0.0,-0.03,0.0,0.0,0.0,0.0,0.0,0,0,0
1756703377,4189,0.01,0.0,-0.02,0.0,0.0,0.0,0.0,0.0,0,0,0
1756703377,4190,0.1,0.0,-0.02,0.0,0.0,0.0,0.0,0.0,0,0,0
1756703377,4191,0.07,0.0,-0.01,0.0,0.0,0.0,0.0,0.0,0,0,0
1756703377,4192,0.02,0.0,0.0,0.0,0.0,0.0,0.0,0.0,0,0,0
1756703377,4193,-0.02,0.0,-0.03,0.0,0.0,0.0,0.0,0.0,0,0,0
1756703377,4194,0.07,0.0,0.02,0.0,0.0,0.0,0.0,0.0,0,0,0
1756703377,4195,0.05,0.0,0.03,0.0,0.0,0.0,0.0,0.0,0,0,0
1756703377,4196,0.03,0.0,-0.03,0.0,0.0,0.0,0.0,0.0,0,0,0
1756703377,4197,0.02,0.0,-0.02,0.0,0.0,0.0,0.0,0.0,0,0,0
1756703377,4198,0.02,0.0,0.0,0.0,0.0,0.0,0.0,0.0,0,0,0
1756703377,4199,0.01,0.0,-0.02,0.0,0.0,0.0,0.0,0.0,0,0,0
1756703377,4200,0.05,0.0,0.0,0.0,0.0,0.0,0.0,0.0,0,0,0
1756703377,4201,0.01,0.0,0.0,0.0,0.0,0.0,0.0,0.0,0,0,0
1756703377,4202,0.0,0.0,0.0,0.0,0.0,0.0,0.0,0.0,0,0,0
1756703377,4203,0.0,0.0,-0.03,0.0,0.0,0.0,0.0,0.0,0,0,0
1756703377,4204,0.05,0.0,-0.02,0.0,0.0,0.0,0.0,0.0,0,0,0
1756703377,4205,-0.03,0.0,0.0,0.0,0.0,0.0,0.0,0.0,0,0,0
1756703377,4206,0.01,0.0,-0.05,0.0,0.0,0.0,0.0,0.0,0,0,0
1756703377,4207,0.05,0.0,0.0,0.0,0.0,0.0,0.0,0.0,0,0,0
1756703377,4208,0.01,0.0,-0.05,0.0,0.0,0.0,0.0,0.0,0,0,0
1756703377,4209,0.03,0.0,0.0,0.0,0.0,0.0,0.0,0.0,0,0,0
1756703377,4210,0.01,0.0,-0.02,0.0,0.0,0.0,0.0,0.0,0,0,0
1756703377,4211,0.0,0.0,0.0,0.0,0.0,0.0,0.0,0.0,0,0,0
1756703377,4212,0.03,0.0,0.0,0.0,0.0,0.0,0.0,0.0,0,0,0
1756703377,4213,0.05,0.0,0.0,0.0,0.0,0.0,0.0,0.0,0,0,0
1756703377,4214,0.01,0.0,-0.01,0.0,0.0,0.0,0.0,0.0,0,0,0
1756703377,4215,0.03,0.0,0.0,0.0,0.0,0.0,0.0,0.0,0,0,0
1756703377,4216,0.0,0.0,0.0,0.0,0.0,0.0,0.0,0.0,0,0,0
1756703377,4217,0.0,0.0,0.0,0.0,0.0,0.0,0.0,0.0,0,0,0
1756703377,4218,-0.02,0.0,-0.01,0.0,0.0,0.0,0.0,0.0,0,0,0
1756703377,4219,0.0,0.0,0.0,0.0,0.0,0.0,0.0,0.0,0,0,0
1756703377,4220,0.05,0.0,0.0,0.0,0.0,0.0,0.0,0.0,0,0,0
1756703377,4221,0.0,0.0,0.0,0.0,0.0,0.0,0.0,0.0,0,0,0
1756703377,4222,0.02,0.0,-0.01,0.0,0.0,0.0,0.0,0.0,0,0,0
1756703377,4223,0.01,0.0,0.0,0.0,0.0,0.0,0.0,0.0,0,0,0
1756703377,4224,0.0,0.0,0.0,0.0,0.0,0.0,0.0,0.0,0,0,0
1756703377,4225,0.0,0.0,0.03,0.0,0.0,0.0,0.0,0.0,0,0,0
1756703377,4226,0.0,0.0,0.0,0.0,0.0,0.0,0.0,0.0,0,0,0
1756703377,4227,0.03,0.0,0.0,0.0,0.0,0.0,0.0,0.0,0,0,0
1756703377,4228,-0.03,0.0,0.0,0.0,0.0,0.0,0.0,0.0,0,0,0
1756703377,4229,0.07,0.0,-0.03,0.0,0.0,0.0,0.0,0.0,0,0,0
1756703377,4230,0.02,0.0,0.0,0.0,0.0,0.0,0.0,0.0,0,0,0
1756703377,4231,0.0,0.0,0.0,0.0,0.0,0.0,0.0,0.0,0,0,0
1756703377,4232,0.0,0.0,0.01,0.0,0.0,0.0,0.0,0.0,0,0,0
1756703377,4233,0.0,0.0,0.0,0.0,0.0,0.0,0.0,0.0,0,0,0
1756703377,4234,0.01,0.0,0.0,0.0,0.0,0.0,0.0,0.0,0,0,0
1756703377,4235,0.0,0.0,-0.01,0.0,0.0,0.0,0.0,0.0,0,0,0
1756703377,4236,0.01,0.0,0.0,0.0,0.0,0.0,0.0,0.0,0,0,0
1756703377,4237,0.05,0.0,0.0,0.0,0.0,0.0,0.0,0.0,0,0,0
1756703377,4238,0.0,0.0,-0.01,0.0,0.0,0.0,0.0,0.0,0,0,0
1756703377,4239,0.0,0.0,-0.01,0.0,0.0,0.0,0.0,0.0,0,0,0
1756703377,4240,0.01,0.0,0.0,0.0,0.0,0.0,0.0,0.0,0,0,0
1756703377,4241,0.0,0.0,-0.01,0.0,0.0,0.0,0.0,0.0,0,0,0
1756703377,4242,0.0,0.0,0.0,0.0,0.0,0.0,0.0,0.0,0,0,0
1756703377,4243,0.03,0.0,0.0,0.0,0.0,0.0,0.0,0.0,0,0,0
1756703377,4244,0.0,0.0,-0.01,0.0,0.0,0.0,0.0,0.0,0,0,0
1756703377,4245,0.09,0.0,-0.03,0.0,0.0,0.0,0.0,0.0,0,0,0
1756703377,4246,-0.01,0.0,-0.01,0.0,0.0,0.0,0.0,0.0,0,0,0
1756703377,4247,0.0,0.0,-0.01,0.0,0.0,0.0,0.0,0.0,0,0,0
1756703377,4248,0.02,0.0,-0.01,0.0,0.0,0.0,0.0,0.0,0,0,0
1756703377,4249,0.0,0.0,-0.01,0.0,0.0,0.0,0.0,0.0,0,0,0
1756703377,4250,0.03,0.0,0.0,0.0,0.0,0.0,0.0,0.0,0,0,0
1756703377,4251,0.0,0.0,0.0,0.0,0.0,0.0,0.0,0.0,0,0,0
1756703377,4252,0.0,0.0,-0.07,0.0,0.0,0.0,0.0,0.0,0,0,0
1756703377,4253,0.03,0.0,0.0,0.0,0.0,0.0,0.0,0.0,0,0,0
1756703377,4254,0.0,0.0,0.0,0.0,0.0,0.0,0.0,0.0,0,0,0
1756703377,4255,0.0,0.0,-0.05,0.0,0.0,0.0,0.0,0.0,0,0,0
1756703378,4256,0.03,0.0,0.0,0.0,0.0,0.0,0.0,0.0,0,0,0
1756703378,4257,0.0,0.0,0.0,0.0,0.0,0.0,0.0,0.0,0,0,0
1756703378,4258,0.03,0.0,-0.01,0.0,0.0,0.0,0.0,0.0,0,0,0
1756703378,4259,0.03,0.0,0.0,0.0,0.0,0.0,0.0,0.0,0,0,0
1756703378,4260,0.05,0.0,-0.02,0.0,0.0,0.0,0.0,0.0,0,0,0
1756703378,4261,0.02,0.0,-0.05,0.0,0.0,0.0,0.0,0.0,0,0,0
1756703378,4262,0.0,0.0,0.0,0.0,0.0,0.0,0.0,0.0,0,0,0
1756703378,4263,0.07,0.0,0.0,0.0,0.0,0.0,0.0,0.0,0,0,0
1756703378,4264,0.01,0.0,-0.01,0.0,0.0,0.0,0.0,0.0,0,0,0
1756703378,4265,0.01,0.0,-0.02,0.0,0.0,0.0,0.0,0.0,0,0,0
1756703378,4266,0.05,0.0,0.0,0.0,0.0,0.0,0.0,0.0,0,0,0
1756703378,4267,0.01,0.0,-0.01,0.0,0.0,0.0,0.0,0.0,0,0,0
1756703378,4268,0.0,0.0,-0.02,0.0,0.0,0.0,0.0,0.0,0,0,0
1756703378,4269,0.01,0.0,0.0,0.0,0.0,0.0,0.0,0.0,0,0,0
1756703378,4270,0.02,0.0,0.0,0.0,0.0,0.0,0.0,0.0,0,0,0
1756703378,4271,0.03,0.0,-0.05,0.0,0.0,0.0,0.0,0.0,0,0,0
1756703378,4272,0.0,0.0,-0.01,0.0,0.0,0.0,0.0,0.0,0,0,0
1756703378,4273,0.02,0.0,0.0,0.0,0.0,0.0,0.0,0.0,0,0,0
1756703378,4274,0.01,0.0,0.0,0.0,0.0,0.0,0.0,0.0,0,0,0
1756703378,4275,0.09,0.0,0.03,0.0,0.0,0.0,0.0,0.0,0,0,0
1756703378,4276,0.03,0.0,0.0,0.0,0.0,0.0,0.0,0.0,0,0,0
1756703378,4277,0.0,0.0,0.0,0.0,0.0,0.0,0.0,0.0,0,0,0
1756703378,4278,0.01,0.0,0.0,0.0,0.0,0.0,0.0,0.0,0,0,0
1756703378,4279,0.0,0.0,0.0,0.0,0.0,0.0,0.0,0.0,0,0,0
1756703378,4280,0.05,0.0,-0.02,0.0,0.0,0.0,0.0,0.0,0,0,0
1756703378,4281,0.02,0.0,0.0,0.0,0.0,0.0,0.0,0.0,0,0,0
1756703378,4282,0.0,0.0,-0.01,0.0,0.0,0.0,0.0,0.0,0,0,0
1756703378,4283,0.05,0.0,-0.03,0.0,0.0,0.0,0.0,0.0,0,0,0
1756703378,4284,0.02,0.0,0.0,0.0,0.0,0.0,0.0,0.0,0,0,0
1756703378,4285,0.0,0.0,0.0,0.0,0.0,0.0,0.0,0.0,0,0,0
1756703378,4286,0.0,0.0,-0.03,0.0,0.0,0.0,0.0,0.0,0,0,0
1756703378,4287,0.01,0.0,-0.03,0.0,0.0,0.0,0.0,0.0,0,0,0
1756703378,4288,-0.01,0.0,0.0,0.0,0.0,0.0,0.0,0.0,0,0,0
1756703378,4289,-0.05,0.0,0.0,0.0,0.0,0.0,0.0,0.0,0,0,0
1756703378,4290,0.03,0.0,-0.01,0.0,0.0,0.0,0.0,0.0,0,0,0
1756703378,4291,0.01,0.0,-0.01,0.0,0.0,0.0,0.0,0.0,0,0,0
1756703378,4292,-0.01,0.0,-0.03,0.0,0.0,0.0,0.0,0.0,0,0,0
1756703378,4293,0.0,0.0,-0.05,0.0,0.0,0.0,0.0,0.0,0,0,0
1756703378,4294,0.05,0.0,-0.02,0.0,0.0,0.0,0.0,0.0,0,0,0
1756703378,4295,0.07,0.0,0.0,0.0,0.0,0.0,0.0,0.0,0,0,0
1756703378,4296,0.0,0.0,0.0,0.0,0.0,0.0,0.0,0.0,0,0,0
1756703378,4297,0.0,0.0,-0.03,0.0,0.0,0.0,0.0,0.0,0,0,0
1756703378,4298,0.0,0.0,0.0,0.0,0.0,0.0,0.0,0.0,0,0,0
1756703378,4299,0.07,0.0,-0.01,0.0,0.0,0.0,0.0,0.0,0,0,0
1756703378,4300,0.03,0.0,-0.02,0.0,0.0,0.0,0.0,0.0,0,0,0
1756703378,4301,0.02,0.0,-0.01,0.0,0.0,0.0,0.0,0.0,0,0,0
1756703378,4302,0.05,0.0,-0.02,0.0,0.0,0.0,0.0,0.0,0,0,0
1756703378,4303,0.03,0.0,0.0,0.0,0.0,0.0,0.0,0.0,0,0,0
1756703378,4304,0.02,0.0,0.0,0.0,0.0,0.0,0.0,0.0,0,0,0
1756703378,4305,0.0,0.0,-0.05,0.0,0.0,0.0,0.0,0.0,0,0,0
1756703378,4306,-0.05,0.0,-0.07,0.0,0.0,0.0,0.0,0.0,0,0,0
1756703378,4307,0.01,0.0,-0.01,0.0,0.0,0.0,0.0,0.0,0,0,0
1756703378,4308,0.07,0.0,-0.07,0.0,0.0,0.0,0.0,0.0,0,0,0
1756703378,4309,0.05,0.0,0.01,0.0,0.0,0.0,0.0,0.0,0,0,0
1756703378,4310,0.05,0.0,0.0,0.0,0.0,0.0,0.0,0.0,0,0,0
1756703378,4311,0.0,0.0,0.0,0.0,0.0,0.0,0.0,0.0,0,0,0
1756703378,4312,-0.05,0.0,-0.01,0.0,0.0,0.0,0.0,0.0,0,0,0
1756703378,4313,-0.05,0.0,0.0,0.0,0.0,0.0,0.0,0.0,0,0,0
1756703378,4314,0.0,0.0,0.0,0.0,0.0,0.0,0.0,0.0,0,0,0
1756703378,4315,0.0,0.0,0.0,0.0,0.0,0.0,0.0,0.0,0,0,0
1756703378,4316,0.03,0.0,-0.02,0.0,0.0,0.0,0.0,0.0,0,0,0
1756703378,4317,0.09,0.0,-0.01,0.0,0.0,0.0,0.0,0.0,0,0,0
1756703378,4318,0.01,0.0,0.0,0.0,0.0,0.0,0.0,0.0,0,0,0
1756703378,4319,0.05,0.0,0.01,0.0,0.0,0.0,0.0,0.0,0,0,0
1756703378,4320,0.0,0.0,-0.05,0.0,0.0,0.0,0.0,0.0,0,0,0
1756703378,4321,0.0,0.0,-0.02,0.0,0.0,0.0,0.0,0.0,0,0,0
1756703378,4322,0.0,0.0,0.0,0.0,0.0,0.0,0.0,0.0,0,0,0
1756703378,4323,-0.01,0.0,0.0,0.0,0.0,0.0,0.0,0.0,0,0,0
1756703379,4324,0.05,0.0,-0.01,0.0,0.0,0.0,0.0,0.0,0,0,0
1756703379,4325,0.02,0.0,0.0,0.0,0.0,0.0,0.0,0.0,0,0,0
1756703379,4326,0.0,0.0,-0.02,0.0,0.0,0.0,0.0,0.0,0,0,0
1756703379,4327,0.03,0.0,-0.01,0.0,0.0,0.0,0.0,0.0,0,0,0
1756703379,4328,0.03,0.0,0.0,0.0,0.0,0.0,0.0,0.0,0,0,0
1756703379,4329,0.0,0.0,0.0,0.0,0.0,0.0,0.0,0.0,0,0,0
1756703379,4330,0.05,0.0,-0.01,0.0,0.0,0.0,0.0,0.0,0,0,0
1756703379,4331,0.03,0.0,-0.05,0.0,0.0,0.0,0.0,0.0,0,0,0
1756703379,4332,0.07,0.0,0.0,0.0,0.0,0.0,0.0,0.0,0,0,0
1756703379,4333,0.0,0.0,0.0,0.0,0.0,0.0,0.0,0.0,0,0,0
1756703379,4334,0.01,0.0,-0.01,0.0,0.0,0.0,0.0,0.0,0,0,0
1756703379,4335,0.02,0.0,0.0,0.0,0.0,0.0,0.0,0.0,0,0,0
1756703379,4336,0.0,0.0,0.0,0.0,0.0,0.0,0.0,0.0,0,0,0
1756703379,4337,0.0,0.0,-0.01,0.0,0.0,0.0,0.0,0.0,0,0,0
1756703379,4338,0.05,0.0,0.0,0.0,0.0,0.0,0.0,0.0,0,0,0
1756703379,4339,0.01,0.0,-0.03,0.0,0.0,0.0,0.0,0.0,0,0,0
1756703379,4340,0.0,0.0,-0.01,0.0,0.0,0.0,0.0,0.0,0,0,0
1756703379,4341,0.0,0.0,-0.03,0.0,0.0,0.0,0.0,0.0,0,0,0
1756703379,4342,0.05,0.0,0.01,0.0,0.0,0.0,0.0,0.0,0,0,0
1756703379,4343,0.0,0.0,-0.07,0.0,0.0,0.0,0.0,0.0,0,0,0
1756703379,4344,0.0,0.0,0.0,0.0,0.0,0.0,0.0,0.0,0,0,0
1756703379,4345,0.02,0.0,-0.01,0.0,0.0,0.0,0.0,0.0,0,0,0
1756703379,4346,0.0,0.0,0.0,0.0,0.0,0.0,0.0,0.0,0,0,0
1756703379,4347,0.0,0.0,-0.09,0.0,0.0,0.0,0.0,0.0,0,0,0
1756703379,4348,0.05,0.0,0.0,0.0,0.0,0.0,0.0,0.0,0,0,0
1756703379,4349,-0.09,0.0,0.02,0.0,0.0,0.0,0.0,0.0,0,0,0
1756703379,4350,0.05,0.0,-0.01,0.0,0.0,0.0,0.0,0.0,0,0,0
1756703379,4351,-0.03,0.0,-0.02,0.0,0.0,0.0,0.0,0.0,0,0,0
1756703379,4352,-0.03,0.0,0.0,0.0,0.0,0.0,0.0,0.0,0,0,0
1756703379,4353,0.02,0.0,-0.03,0.0,0.0,0.0,0.0,0.0,0,0,0
1756703379,4354,0.0,0.0,0.0,0.0,0.0,0.0,0.0,0.0,0,0,0
1756703379,4355,0.02,0.0,0.0,0.0,0.0,0.0,0.0,0.0,0,0,0
1756703379,4356,0.0,0.0,0.0,0.0,0.0,0.0,0.0,0.0,0,0,0
1756703379,4357,-0.07,0.0,0.0,0.0,0.0,0.0,0.0,0.0,0,0,0
1756703379,4358,0.09,0.0,0.01,0.0,0.0,0.0,0.0,0.0,0,0,0
1756703379,4359,0.01,0.0,-0.01,0.0,0.0,0.0,0.0,0.0,0,0,0
1756703379,4360,0.05,0.0,-0.02,0.0,0.0,0.0,0.0,0.0,0,0,0
1756703379,4361,0.03,0.0,-0.1,0.0,0.0,0.0,0.0,0.0,0,0,0
1756703379,4362,-0.05,0.0,-0.01,0.0,0.0,0.0,0.0,0.0,0,0,0
1756703379,4363,0.01,0.0,-0.09,0.0,0.0,0.0,0.0,0.0,0,0,0
1756703379,4364,0.03,0.0,-0.02,0.0,0.0,0.0,0.0,0.0,0,0,0
1756703379,4365,0.0,0.0,-0.01,0.0,0.0,0.0,0.0,0.0,0,0,0
1756703379,4366,0.0,0.0,-0.01,0.0,0.0,0.0,0.0,0.0,0,0,0
1756703379,4367,0.03,0.0,-0.01,0.0,0.0,0.0,0.0,0.0,0,0,0
1756703379,4368,-0.03,0.0,0.02,0.0,0.0,0.0,0.0,0.0,0,0,0
1756703379,4369,0.0,0.0,-0.05,0.0,0.0,0.0,0.0,0.0,0,0,0
1756703379,4370,0.0,0.0,-0.05,0.0,0.0,0.0,0.0,0.0,0,0,0
1756703379,4371,0.0,0.0,-0.01,0.0,0.0,0.0,0.0,0.0,0,0,0
1756703379,4372,0.05,0.0,0.0,0.0,0.0,0.0,0.0,0.0,0,0,0
1756703379,4373,0.07,0.0,0.0,0.0,0.0,0.0,0.0,0.0,0,0,0
1756703379,4374,0.07,0.0,-0.07,0.0,0.0,0.0,0.0,0.0,0,0,0
1756703379,4375,0.01,0.0,0.0,0.0,0.0,0.0,0.0,0.0,0,0,0
1756703379,4376,-0.11,0.0,0.0,0.0,0.0,0.0,0.0,0.0,0,0,0
1756703379,4377,0.01,0.0,0.0,0.0,0.0,0.0,0.0,0.0,0,0,0
1756703379,4378,0.14,0.0,-0.03,0.0,0.0,0.0,0.0,0.0,0,0,0
1756703379,4379,0.0,0.0,-0.01,0.0,0.0,0.0,0.0,0.0,0,0,0
1756703379,4380,0.05,0.0,-0.05,0.0,0.0,0.0,0.0,0.0,0,0,0
1756703379,4381,0.0,0.0,-0.01,0.0,0.0,0.0,0.0,0.0,0,0,0
1756703379,4382,0.0,0.0,-0.03,0.0,0.0,0.0,0.0,0.0,0,0,0
1756703379,4383,0.0,0.0,0.0,0.0,0.0,0.0,0.0,0.0,0,0,0
1756703379,4384,0.02,0.0,0.0,0.0,0.0,0.0,0.0,0.0,0,0,0
1756703379,4385,0.0,0.0,0.0,0.0,0.0,0.0,0.0,0.0,0,0,0
1756703379,4386,0.0,0.0,0.0,0.0,0.0,0.0,0.0,0.0,0,0,0
1756703380,4387,0.03,0.0,0.01,0.0,0.0,0.0,0.0,0.0,0,0,0
1756703380,4388,0.0,0.0,-0.01,0.0,0.0,0.0,0.0,0.0,0,0,0
1756703380,4389,0.02,0.0,-0.01,0.0,0.0,0.0,0.0,0.0,0,0,0
1756703380,4390,0.07,0.0,0.0,0.0,0.0,0.0,0.0,0.0,0,0,0
1756703380,4391,0.03,0.0,-0.03,0.0,0.0,0.0,0.0,0.0,0,0,0
1756703380,4392,0.0,0.0,-0.03,0.0,0.0,0.0,0.0,0.0,0,0,0
1756703380,4393,0.0,0.0,0.0,0.0,0.0,0.0,0.0,0.0,0,0,0
1756703380,4394,-0.02,0.0,-0.05,0.0,0.0,0.0,0.0,0.0,0,0,0
1756703380,4395,0.0,0.0,0.0,0.0,0.0,0.0,0.0,0.0,0,0,0
1756703380,4396,0.0,0.0,-0.01,0.0,0.0,0.0,0.0,0.0,0,0,0
1756703380,4397,0.01,0.0,0.0,0.0,0.0,0.0,0.0,0.0,0,0,0
1756703380,4398,0.02,0.0,0.0,0.0,0.0,0.0,0.0,0.0,0,0,0
1756703380,4399,0.0,0.0,-0.01,0.0,0.0,0.0,0.0,0.0,0,0,0
1756703380,4400,0.0,0.0,-0.02,0.0,0.0,0.0,0.0,0.0,0,0,0
1756703380,4401,0.0,0.0,0.0,0.0,0.0,0.0,0.0,0.0,0,0,0
1756703380,4402,0.05,0.0,0.0,0.0,0.0,0.0,0.0,0.0,0,0,0
1756703380,4403,0.0,0.0,-0.05,0.0,0.0,0.0,0.0,0.0,0,0,0
1756703380,4404,0.05,0.0,0.0,0.0,0.0,0.0,0.0,0.0,0,0,0
1756703380,4405,0.07,0.0,-0.01,0.0,0.0,0.0,0.0,0.0,0,0,0
1756703380,4406,-0.02,0.0,0.0,0.0,0.0,0.0,0.0,0.0,0,0,0
1756703380,4407,0.0,0.0,0.0,0.0,0.0,0.0,0.0,0.0,0,0,0
1756703380,4408,0.01,0.0,-0.03,0.0,0.0,0.0,0.0,0.0,0,0,0
1756703380,4409,0.07,0.0,0.0,0.0,0.0,0.0,0.0,0.0,0,0,0
1756703380,4410,0.02,0.0,0.0,0.0,0.0,0.0,0.0,0.0,0,0,0
1756703380,4411,0.0,0.0,-0.03,0.0,0.0,0.0,0.0,0.0,0,0,0
1756703380,4412,0.02,0.0,-0.01,0.0,0.0,0.0,0.0,0.0,0,0,0
1756703380,4413,0.0,0.0,-0.05,0.0,0.0,0.0,0.0,0.0,0,0,0
1756703380,4414,0.0,0.0,0.01,0.0,0.0,0.0,0.0,0.0,0,0,0
1756703380,4415,0.0,0.0,-0.02,0.0,0.0,0.0,0.0,0.0,0,0,0
1756703380,4416,0.02,0.0,-0.02,0.0,0.0,0.0,0.0,0.0,0,0,0
1756703380,4417,0.05,0.0,-0.03,0.0,0.0,0.0,0.0,0.0,0,0,0
1756703380,4418,0.0,0.0,0.0,0.0,0.0,0.0,0.0,0.0,0,0,0
1756703380,4419,0.0,0.0,-0.07,0.0,0.0,0.0,0.0,0.0,0,0,0
1756703380,4420,0.07,0.0,-0.01,0.0,0.0,0.0,0.0,0.0,0,0,0
1756703380,4421,0.0,0.0,-0.01,0.0,0.0,0.0,0.0,0.0,0,0,0
1756703380,4422,0.02,0.0,0.0,0.0,0.0,0.0,0.0,0.0,0,0,0
1756703380,4423,0.0,0.0,0.0,0.0,0.0,0.0,0.0,0.0,0,0,0
1756703380,4424,0.05,0.0,0.0,0.0,0.0,0.0,0.0,0.0,0,0,0
1756703380,4425,0.07,0.0,-0.01,0.0,0.0,0.0,0.0,0.0,0,0,0
1756703380,4426,0.0,0.0,-0.02,0.0,0.0,0.0,0.0,0.0,0,0,0
1756703380,4427,0.07,0.0,-0.02,0.0,0.0,0.0,0.0,0.0,0,0,0
1756703380,4428,0.05,0.0,-0.02,0.0,0.0,0.0,0.0,0.0,0,0,0
1756703380,4429,-0.1,0.0,0.0,0.0,0.0,0.0,0.0,0.0,0,0,0
1756703380,4430,0.0,0.0,0.05,0.0,0.0,0.0,0.0,0.0,0,0,0
1756703380,4431,0.02,0.0,0.03,0.0,0.0,0.0,0.0,0.0,0,0,0
1756703380,4432,0.0,0.0,0.0,0.0,0.0,0.0,0.0,0.0,0,0,0
1756703380,4433,0.09,0.0,-0.01,0.0,0.0,0.0,0.0,0.0,0,0,0
1756703380,4434,0.0,0.0,0.0,0.0,0.0,0.0,0.0,0.0,0,0,0
1756703380,4435,0.0,0.0,-0.01,0.0,0.0,0.0,0.0,0.0,0,0,0
1756703380,4436,0.0,0.0,-0.03,0.0,0.0,0.0,0.0,0.0,0,0,0
1756703380,4437,0.0,0.0,-0.01,0.0,0.0,0.0,0.0,0.0,0,0,0
1756703380,4438,0.0,0.0,-0.03,0.0,0.0,0.0,0.0,0.0,0,0,0
1756703380,4439,0.0,0.0,-0.05,0.0,0.0,0.0,0.0,0.0,0,0,0
1756703380,4440,0.01,0.0,0.0,0.0,0.0,0.0,0.0,0.0,0,0,0
1756703380,4441,0.02,0.0,0.05,0.0,0.0,0.0,0.0,0.0,0,0,0
1756703380,4442,0.07,0.0,-0.05,0.0,0.0,0.0,0.0,0.0,0,0,0
1756703380,4443,0.03,0.0,-0.01,0.0,0.0,0.0,0.0,0.0,0,0,0
1756703380,4444,0.0,0.0,-0.09,0.0,0.0,0.0,0.0,0.0,0,0,0
1756703380,4445,0.02,0.0,0.0,0.0,0.0,0.0,0.0,0.0,0,0,0
1756703380,4446,0.0,0.0,-0.02,0.0,0.0,0.0,0.0,0.0,0,0,0
1756703380,4447,0.0,0.0,-0.07,0.0,0.0,0.0,0.0,0.0,0,0,0
1756703380,4448,0.03,0.0,0.0,0.0,0.0,0.0,0.0,0.0,0,0,0
1756703380,4449,0.01,0.0,0.01,0.0,0.0,0.0,0.0,0.0,0,0,0
1756703380,4450,0.03,0.0,-0.01,0.0,0.0,0.0,0.0,0.0,0,0,0
1756703381,4451,0.03,0.0,-0.05,0.0,0.0,0.0,0.0,0.0,0,0,0
1756703381,4452,-0.02,0.0,0.0,0.0,0.0,0.0,0.0,0.0,0,0,0
1756703381,4453,0.01,0.0,-0.02,0.0,0.0,0.0,0.0,0.0,0,0,0
1756703381,4454,0.0,0.0,0.0,0.0,0.0,0.0,0.0,0.0,0,0,0
1756703381,4455,0.03,0.0,-0.01,0.0,0.0,0.0,0.0,0.0,0,0,0
1756703381,4456,0.0,0.0,-0.03,0.0,0.0,0.0,0.0,0.0,0,0,0
1756703381,4457,-0.07,0.0,-0.02,0.0,0.0,0.0,0.0,0.0,0,0,0
1756703381,4458,0.05,0.0,-0.02,0.0,0.0,0.0,0.0,0.0,0,0,0
1756703381,4459,0.0,0.0,-0.05,0.0,0.0,0.0,0.0,0.0,0,0,0
1756703381,4460,0.07,0.0,-0.05,0.0,0.0,0.0,0.0,0.0,0,0,0
1756703381,4461,0.0,0.0,-0.01,0.0,0.0,0.0,0.0,0.0,0,0,0
1756703381,4462,0.07,0.0,-0.05,0.0,0.0,0.0,0.0,0.0,0,0,0
1756703381,4463,0.01,0.0,-0.03,0.0,0.0,0.0,0.0,0.0,0,0,0
1756703381,4464,0.0,0.0,-0.05,0.0,0.0,0.0,0.0,0.0,0,0,0
1756703381,4465,0.0,0.0,0.0,0.0,0.0,0.0,0.0,0.0,0,0,0
1756703381,4466,0.0,0.0,-0.03,0.0,0.0,0.0,0.0,0.0,0,0,0
1756703381,4467,0.02,0.0,-0.01,0.0,0.0,0.0,0.0,0.0,0,0,0
1756703381,4468,0.01,0.0,-0.02,0.0,0.0,0.0,0.0,0.0,0,0,0
1756703381,4469,0.0,0.0,-0.02,0.0,0.0,0.0,0.0,0.0,0,0,0
1756703381,4470,0.1,0.0,-0.1,0.0,0.0,0.0,0.0,0.0,0,0,0
1756703381,4471,0.0,0.0,-0.05,0.0,0.0,0.0,0.0,0.0,0,0,0
1756703381,4472,0.01,0.0,0.0,0.0,0.0,0.0,0.0,0.0,0,0,0
1756703381,4473,0.03,0.0,-0.02,0.0,0.0,0.0,0.0,0.0,0,0,0
1756703381,4474,-0.01,0.0,-0.02,0.0,0.0,0.0,0.0,0.0,0,0,0
1756703381,4475,0.0,0.0,0.0,0.0,0.0,0.0,0.0,0.0,0,0,0
1756703381,4476,0.01,0.0,0.0,0.0,0.0,0.0,0.0,0.0,0,0,0
1756703381,4477,0.03,0.0,0.0,0.0,0.0,0.0,0.0,0.0,0,0,0
1756703381,4478,0.0,0.0,-0.02,0.0,0.0,0.0,0.0,0.0,0,0,0
1756703381,4479,0.0,0.0,0.02,0.0,0.0,0.0,0.0,0.0,0,0,0
1756703381,4480,0.03,0.0,0.0,0.0,0.0,0.0,0.0,0.0,0,0,0
1756703381,4481,0.01,0.0,-0.01,0.0,0.0,0.0,0.0,0.0,0,0,0
1756703381,4482,0.01,0.0,0.01,0.0,0.0,0.0,0.0,0.0,0,0,0
1756703381,4483,0.0,0.0,-0.02,0.0,0.0,0.0,0.0,0.0,0,0,0
1756703381,4484,0.0,0.0,0.0,0.0,0.0,0.0,0.0,0.0,0,0,0
1756703381,4485,-0.03,0.0,0.0,0.0,0.0,0.0,0.0,0.0,0,0,0
1756703381,4486,0.0,0.0,0.03,0.0,0.0,0.0,0.0,0.0,0,0,0
1756703381,4487,0.09,0.0,-0.05,0.0,0.0,0.0,0.0,0.0,0,0,0
1756703381,4488,0.01,0.0,-0.03,0.0,0.0,0.0,0.0,0.0,0,0,0
1756703381,4489,0.0,0.0,0.0,0.0,0.0,0.0,0.0,0.0,0,0,0
1756703381,4490,0.0,0.0,0.0,0.0,0.0,0.0,0.0,0.0,0,0,0
1756703381,4491,0.01,0.0,0.0,0.0,0.0,0.0,0.0,0.0,0,0,0
1756703381,4492,0.1,0.0,0.0,0.0,0.0,0.0,0.0,0.0,0,0,0
1756703381,4493,0.05,0.0,-0.01,0.0,0.0,0.0,0.0,0.0,0,0,0
1756703381,4494,0.0,0.0,-0.07,0.0,0.0,0.0,0.0,0.0,0,0,0
1756703381,4495,-0.07,0.0,0.0,0.0,0.0,0.0,0.0,0.0,0,0,0
1756703381,4496,0.07,0.0,0.05,0.0,0.0,0.0,0.0,0.0,0,0,0
1756703381,4497,0.0,0.0,0.05,0.0,0.0,0.0,0.0,0.0,0,0,0
1756703381,4498,0.05,0.0,0.0,0.0,0.0,0.0,0.0,0.0,0,0,0
1756703381,4499,0.0,0.0,-0.07,0.0,0.0,0.0,0.0,0.0,0,0,0
1756703381,4500,0.03,0.0,0.0,0.0,0.0,0.0,0.0,0.0,0,0,0
1756703381,4501,0.03,0.0,0.0,0.0,0.0,0.0,0.0,0.0,0,0,0
1756703381,4502,0.05,0.0,-0.05,0.0,0.0,0.0,0.0,0.0,0,0,0
1756703381,4503,0.05,0.0,-0.02,0.0,0.0,0.0,0.0,0.0,0,0,0
1756703381,4504,0.02,0.0,-0.03,0.0,0.0,0.0,0.0,0.0,0,0,0
1756703381,4505,0.0,0.0,0.0,0.0,0.0,0.0,0.0,0.0,0,0,0
1756703381,4506,-0.07,0.0,-0.01,0.0,0.0,0.0,0.0,0.0,0,0,0
1756703381,4507,0.0,0.0,-0.03,0.0,0.0,0.0,0.0,0.0,0,0,0
1756703381,4508,0.0,0.0,-0.05,0.0,0.0,0.0,0.0,0.0,0,0,0
1756703381,4509,0.07,0.0,0.0,0.0,0.0,0.0,0.0,0.0,0,0,0
1756703381,4510,0.05,0.0,-0.03,0.0,0.0,0.0,0.0,0.0,0,0,0
1756703381,4511,0.01,0.0,-0.03,0.0,0.0,0.0,0.0,0.0,0,0,0
1756703381,4512,0.0,0.0,-0.01,0.0,0.0,0.0,0.0,0.0,0,0,0
1756703381,4513,0.01,0.0,-0.01,0.0,0.0,0.0,0.0,0.0,0,0,0
1756703381,4514,0.03,0.0,-0.02,0.0,0.0,0.0,0.0,0.0,0,0,0
1756703381,4515,0.01,0.0,0.0,0.0,0.0,0.0,0.0,0.0,0,0,0
1756703381,4516,0.0,0.0,0.0,0.0,0.0,0.0,0.0,0.0,0,0,0
1756703381,4517,0.05,0.0,-0.01,0.0,0.0,0.0,0.0,0.0,0,0,0
1756703381,4518,0.05,0.0,-0.01,0.0,0.0,0.0,0.0,0.0,0,0,0
1756703381,4519,0.0,0.0,-0.01,0.0,0.0,0.0,0.0,0.0,0,0,0
1756703382,4520,-0.05,0.0,-0.03,0.0,0.0,0.0,0.0,0.0,0,0,0
1756703382,4521,-0.05,0.0,-0.01,0.0,0.0,0.0,0.0,0.0,0,0,0
1756703382,4522,0.01,0.0,-0.01,0.0,0.0,0.0,0.0,0.0,0,0,0
1756703382,4523,0.03,0.0,-0.05,0.0,0.0,0.0,0.0,0.0,0,0,0
1756703382,4524,0.01,0.0,-0.07,0.0,0.0,0.0,0.0,0.0,0,0,0
1756703382,4525,0.01,0.0,0.0,0.0,0.0,0.0,0.0,0.0,0,0,0
1756703382,4526,0.0,0.0,0.0,0.0,0.0,0.0,0.0,0.0,0,0,0
1756703382,4527,0.07,0.0,-0.02,0.0,0.0,0.0,0.0,0.0,0,0,0
1756703382,4528,0.03,0.0,-0.05,0.0,0.0,0.0,0.0,0.0,0,0,0
1756703382,4529,0.02,0.0,0.0,0.0,0.0,0.0,0.0,0.0,0,0,0
1756703382,4530,0.01,0.0,-0.12,0.0,0.0,0.0,0.0,0.0,0,0,0
1756703382,4531,0.0,0.0,0.0,0.0,0.0,0.0,0.0,0.0,0,0,0
1756703382,4532,0.0,0.0,0.07,0.0,0.0,0.0,0.0,0.0,0,0,0
1756703382,4533,0.0,0.0,-0.01,0.0,0.0,0.0,0.0,0.0,0,0,0
1756703382,4534,0.01,0.0,0.0,0.0,0.0,0.0,0.0,0.0,0,0,0
1756703382,4535,0.01,0.0,-0.01,0.0,0.0,0.0,0.0,0.0,0,0,0
1756703382,4536,0.0,0.0,-0.01,0.0,0.0,0.0,0.0,0.0,0,0,0
1756703382,4537,0.03,0.0,0.0,0.0,0.0,0.0,0.0,0.0,0,0,0
1756703382,4538,0.0,0.0,-0.01,0.0,0.0,0.0,0.0,0.0,0,0,0
1756703382,4539,0.0,0.0,-0.05,0.0,0.0,0.0,0.0,0.0,0,0,0
1756703382,4540,0.03,0.0,0.05,0.0,0.0,0.0,0.0,0.0,0,0,0
1756703382,4541,-0.01,0.0,0.0,0.0,0.0,0.0,0.0,0.0,0,0,0
1756703382,4542,0.0,0.0,-0.03,0.0,0.0,0.0,0.0,0.0,0,0,0
1756703382,4543,0.03,0.0,-0.07,0.0,0.0,0.0,0.0,0.0,0,0,0
1756703382,4544,0.0,0.0,-0.05,0.0,0.0,0.0,0.0,0.0,0,0,0
1756703382,4545,0.0,0.0,0.03,0.0,0.0,0.0,0.0,0.0,0,0,0
1756703382,4546,0.0,0.0,0.03,0.0,0.0,0.0,0.0,0.0,0,0,0
1756703382,4547,-0.05,0.0,0.0,0.0,0.0,0.0,0.0,0.0,0,0,0
1756703382,4548,0.0,0.0,-0.02,0.0,0.0,0.0,0.0,0.0,0,0,0
1756703382,4549,0.05,0.0,0.0,0.0,0.0,0.0,0.0,0.0,0,0,0
1756703382,4550,0.0,0.0,-0.03,0.0,0.0,0.0,0.0,0.0,0,0,0
1756703382,4551,0.0,0.0,0.0,0.0,0.0,0.0,0.0,0.0,0,0,0
1756703382,4552,0.03,0.0,-0.03,0.0,0.0,0.0,0.0,0.0,0,0,0
1756703382,4553,-0.01,0.0,-0.01,0.0,0.0,0.0,0.0,0.0,0,0,0
1756703382,4554,0.01,0.0,-0.01,0.0,0.0,0.0,0.0,0.0,0,0,0
1756703382,4555,0.05,0.0,-0.01,0.0,0.0,0.0,0.0,0.0,0,0,0
1756703382,4556,0.0,0.0,0.0,0.0,0.0,0.0,0.0,0.0,0,0,0
1756703382,4557,0.0,0.0,0.0,0.0,0.0,0.0,0.0,0.0,0,0,0
1756703382,4558,0.0,0.0,-0.05,0.0,0.0,0.0,0.0,0.0,0,0,0
1756703382,4559,0.0,0.0,-0.02,0.0,0.0,0.0,0.0,0.0,0,0,0
1756703382,4560,0.02,0.0,0.0,0.0,0.0,0.0,0.0,0.0,0,0,0
1756703382,4561,0.0,0.0,0.0,0.0,0.0,0.0,0.0,0.0,0,0,0
1756703382,4562,0.0,0.0,0.0,0.0,0.0,0.0,0.0,0.0,0,0,0
1756703382,4563,0.05,0.0,-0.1,0.0,0.0,0.0,0.0,0.0,0,0,0
1756703382,4564,0.0,0.0,-0.01,0.0,0.0,0.0,0.0,0.0,0,0,0
1756703382,4565,0.03,0.0,0.0,0.0,0.0,0.0,0.0,0.0,0,0,0
1756703382,4566,0.01,0.0,-0.01,0.0,0.0,0.0,0.0,0.0,0,0,0
1756703382,4567,0.0,0.0,0.0,0.0,0.0,0.0,0.0,0.0,0,0,0
1756703382,4568,0.03,0.0,0.0,0.0,0.0,0.0,0.0,0.0,0,0,0
1756703382,4569,-0.03,0.0,-0.01,0.0,0.0,0.0,0.0,0.0,0,0,0
1756703382,4570,0.0,0.0,-0.03,0.0,0.0,0.0,0.0,0.0,0,0,0
1756703382,4571,0.0,0.0,0.0,0.0,0.0,0.0,0.0,0.0,0,0,0
1756703382,4572,0.0,0.0,-0.03,0.0,0.0,0.0,0.0,0.0,0,0,0
1756703382,4573,0.05,0.0,-0.01,0.0,0.0,0.0,0.0,0.0,0,0,0
1756703382,4574,0.09,0.0,-0.02,0.0,0.0,0.0,0.0,0.0,0,0,0
1756703382,4575,-0.02,0.0,-0.03,0.0,0.0,0.0,0.0,0.0,0,0,0
1756703382,4576,0.0,0.0,0.0,0.0,0.0,0.0,0.0,0.0,0,0,0
1756703382,4577,0.05,0.0,-0.09,0.0,0.0,0.0,0.0,0.0,0,0,0
1756703382,4578,-0.05,0.0,-0.07,0.0,0.0,0.0,0.0,0.0,0,0,0
1756703382,4579,0.0,0.0,0.0,0.0,0.0,0.0,0.0,0.0,0,0,0
1756703382,4580,0.01,0.0,0.05,0.0,0.0,0.0,0.0,0.0,0,0,0
1756703382,4581,0.0,0.0,-0.01,0.0,0.0,0.0,0.0,0.0,0,0,0
1756703382,4582,0.0,0.0,0.0,0.0,0.0,0.0,0.0,0.0,0,0,0
1756703382,4583,0.07,0.0,0.0,0.0,0.0,0.0,0.0,0.0,0,0,0
1756703382,4584,0.02,0.0,0.0,0.0,0.0,0.0,0.0,0.0,0,0,0
1756703383,4585,0.0,0.0,-0.12,0.0,0.0,0.0,0.0,0.0,0,0,0
1756703383,4586,0.0,0.0,0.0,0.0,0.0,0.0,0.0,0.0,0,0,0
1756703383,4587,0.0,0.0,-0.02,0.0,0.0,0.0,0.0,0.0,0,0,0
1756703383,4588,-0.07,0.0,0.0,0.0,0.0,0.0,0.0,0.0,0,0,0
1756703383,4589,0.0,0.0,-0.05,0.0,0.0,0.0,0.0,0.0,0,0,0
1756703383,4590,0.03,0.0,0.0,0.0,0.0,0.0,0.0,0.0,0,0,0
1756703383,4591,0.05,0.0,0.0,0.0,0.0,0.0,0.0,0.0,0,0,0
1756703383,4592,0.0,0.0,0.0,0.0,0.0,0.0,0.0,0.0,0,0,0
1756703383,4593,0.05,0.0,-0.05,0.0,0.0,0.0,0.0,0.0,0,0,0
1756703383,4594,0.0,0.0,0.0,0.0,0.0,0.0,0.0,0.0,0,0,0
1756703383,4595,0.0,0.0,0.05,0.0,0.0,0.0,0.0,0.0,0,0,0
1756703383,4596,0.07,0.0,0.05,0.0,0.0,0.0,0.0,0.0,0,0,0
1756703383,4597,0.01,0.0,0.01,0.0,0.0,0.0,0.0,0.0,0,0,0
1756703383,4598,0.05,0.0,-0.05,0.0,0.0,0.0,0.0,0.0,0,0,0
1756703383,4599,-0.01,0.0,-0.01,0.0,0.0,0.0,0.0,0.0,0,0,0
1756703383,4600,0.05,0.0,-0.07,0.0,0.0,0.0,0.0,0.0,0,0,0
1756703383,4601,0.0,0.0,0.0,0.0,0.0,0.0,0.0,0.0,0,0,0
1756703383,4602,0.03,0.0,0.0,0.0,0.0,0.0,0.0,0.0,0,0,0
1756703383,4603,0.0,0.0,0.03,0.0,0.0,0.0,0.0,0.0,0,0,0
1756703383,4604,0.1,0.0,0.0,0.0,0.0,0.0,0.0,0.0,0,0,0
1756703383,4605,0.01,0.0,0.0,0.0,0.0,0.0,0.0,0.0,0,0,0
1756703383,4606,0.0,0.0,-0.02,0.0,0.0,0.0,0.0,0.0,0,0,0
1756703383,4607,0.07,0.0,-0.01,0.0,0.0,0.0,0.0,0.0,0,0,0
1756703383,4608,0.03,0.0,0.0,0.0,0.0,0.0,0.0,0.0,0,0,0
1756703383,4609,0.03,0.0,-0.03,0.0,0.0,0.0,0.0,0.0,0,0,0
1756703383,4610,0.02,0.0,-0.05,0.0,0.0,0.0,0.0,0.0,0,0,0
1756703383,4611,0.02,0.0,-0.05,0.0,0.0,0.0,0.0,0.0,0,0,0
1756703383,4612,-0.01,0.0,-0.02,0.0,0.0,0.0,0.0,0.0,0,0,0
1756703383,4613,0.0,0.0,-0.01,0.0,0.0,0.0,0.0,0.0,0,0,0
1756703383,4614,0.0,0.0,-0.03,0.0,0.0,0.0,0.0,0.0,0,0,0
1756703383,4615,0.05,0.0,-0.02,0.0,0.0,0.0,0.0,0.0,0,0,0
1756703383,4616,0.03,0.0,-0.03,0.0,0.0,0.0,0.0,0.0,0,0,0
1756703383,4617,0.05,0.0,0.0,0.0,0.0,0.0,0.0,0.0,0,0,0
1756703383,4618,0.02,0.0,-0.02,0.0,0.0,0.0,0.0,0.0,0,0,0
1756703383,4619,0.03,0.0,-0.02,0.0,0.0,0.0,0.0,0.0,0,0,0
1756703383,4620,0.03,0.0,-0.01,0.0,0.0,0.0,0.0,0.0,0,0,0
1756703383,4621,0.05,0.0,-0.02,0.0,0.0,0.0,0.0,0.0,0,0,0
1756703383,4622,0.01,0.0,-0.07,0.0,0.0,0.0,0.0,0.0,0,0,0
1756703383,4623,-0.05,0.0,-0.02,0.0,0.0,0.0,0.0,0.0,0,0,0
1756703383,4624,0.03,0.0,0.0,0.0,0.0,0.0,0.0,0.0,0,0,0
1756703383,4625,0.01,0.0,0.0,0.0,0.0,0.0,0.0,0.0,0,0,0
1756703383,4626,0.01,0.0,0.0,0.0,0.0,0.0,0.0,0.0,0,0,0
1756703383,4627,0.07,0.0,-0.01,0.0,0.0,0.0,0.0,0.0,0,0,0
1756703383,4628,0.0,0.0,-0.07,0.0,0.0,0.0,0.0,0.0,0,0,0
1756703383,4629,0.0,0.0,0.0,0.0,0.0,0.0,0.0,0.0,0,0,0
1756703383,4630,0.01,0.0,-0.03,0.0,0.0,0.0,0.0,0.0,0,0,0
1756703383,4631,0.02,0.0,-0.01,0.0,0.0,0.0,0.0,0.0,0,0,0
1756703383,4632,0.01,0.0,-0.05,0.0,0.0,0.0,0.0,0.0,0,0,0
1756703383,4633,0.05,0.0,-0.03,0.0,0.0,0.0,0.0,0.0,0,0,0
1756703383,4634,0.05,0.0,-0.05,0.0,0.0,0.0,0.0,0.0,0,0,0
1756703383,4635,0.0,0.0,0.05,0.0,0.0,0.0,0.0,0.0,0,0,0
1756703383,4636,0.03,0.0,-0.05,0.0,0.0,0.0,0.0,0.0,0,0,0
1756703383,4637,0.07,0.0,0.0,0.0,0.0,0.0,0.0,0.0,0,0,0
1756703383,4638,0.0,0.0,-0.01,0.0,0.0,0.0,0.0,0.0,0,0,0
1756703383,4639,0.01,0.0,-0.03,0.0,0.0,0.0,0.0,0.0,0,0,0
1756703383,4640,0.02,0.0,0.0,0.0,0.0,0.0,0.0,0.0,0,0,0
1756703383,4641,0.0,0.0,-0.02,0.0,0.0,0.0,0.0,0.0,0,0,0
1756703383,4642,-0.05,0.0,-0.01,0.0,0.0,0.0,0.0,0.0,0,0,0
1756703383,4643,-0.02,0.0,-0.03,0.0,0.0,0.0,0.0,0.0,0,0,0
1756703383,4644,0.0,0.0,-0.01,0.0,0.0,0.0,0.0,0.0,0,0,0
1756703383,4645,0.05,0.0,-0.05,0.0,0.0,0.0,0.0,0.0,0,0,0
1756703383,4646,0.0,0.0,-0.02,0.0,0.0,0.0,0.0,0.0,0,0,0
1756703383,4647,0.02,0.0,0.0,0.0,0.0,0.0,0.0,0.0,0,0,0
1756703383,4648,0.03,0.0,-0.05,0.0,0.0,0.0,0.0,0.0,0,0,0
1756703383,4649,0.07,0.0,0.0,0.0,0.0,0.0,0.0,0.0,0,0,0
1756703383,4650,0.0,0.0,-0.02,0.0,0.0,0.0,0.0,0.0,0,0,0
1756703383,4651,0.0,0.0,-0.07,0.0,0.0,0.0,0.0,0.0,0,0,0
1756703384,4652,0.0,0.0,0.0,0.0,0.0,0.0,0.0,0.0,0,0,0
1756703384,4653,0.05,0.0,-0.05,0.0,0.0,0.0,0.0,0.0,0,0,0
1756703384,4654,0.05,0.0,-0.05,0.0,0.0,0.0,0.0,0.0,0,0,0
1756703384,4655,0.0,0.0,-0.07,0.0,0.0,0.0,0.0,0.0,0,0,0
1756703384,4656,-0.03,0.0,0.03,0.0,0.0,0.0,0.0,0.0,0,0,0
1756703384,4657,-0.1,0.0,0.0,0.0,0.0,0.0,0.0,0.0,0,0,0
1756703384,4658,0.07,0.0,-0.02,0.0,0.0,0.0,0.0,0.0,0,0,0
1756703384,4659,0.0,0.0,0.0,0.0,0.0,0.0,0.0,0.0,0,0,0
1756703384,4660,0.0,0.0,-0.05,0.0,0.0,0.0,0.0,0.0,0,0,0
1756703384,4661,0.0,0.0,-0.02,0.0,0.0,0.0,0.0,0.0,0,0,0
1756703384,4662,0.01,0.0,-0.01,0.0,0.0,0.0,0.0,0.0,0,0,0
1756703384,4663,0.01,0.0,-0.05,0.0,0.0,0.0,0.0,0.0,0,0,0
1756703384,4664,0.0,0.0,-0.05,0.0,0.0,0.0,0.0,0.0,0,0,0
1756703384,4665,0.02,0.0,-0.03,0.0,0.0,0.0,0.0,0.0,0,0,0
1756703384,4666,0.1,0.0,0.0,0.0,0.0,0.0,0.0,0.0,0,0,0
1756703384,4667,0.0,0.0,0.01,0.0,0.0,0.0,0.0,0.0,0,0,0
1756703384,4668,-0.03,0.0,0.0,0.0,0.0,0.0,0.0,0.0,0,0,0
1756703384,4669,0.02,0.0,0.0,0.0,0.0,0.0,0.0,0.0,0,0,0
1756703384,4670,0.0,0.0,-0.03,0.0,0.0,0.0,0.0,0.0,0,0,0
1756703384,4671,0.07,0.0,-0.07,0.0,0.0,0.0,0.0,0.0,0,0,0
1756703384,4672,0.07,0.0,-0.05,0.0,0.0,0.0,0.0,0.0,0,0,0
1756703384,4673,-0.01,0.0,0.0,0.0,0.0,0.0,0.0,0.0,0,0,0
1756703384,4674,0.05,0.0,-0.01,0.0,0.0,0.0,0.0,0.0,0,0,0
1756703384,4675,0.01,0.0,-0.03,0.0,0.0,0.0,0.0,0.0,0,0,0
1756703384,4676,0.0,0.0,-0.01,0.0,0.0,0.0,0.0,0.0,0,0,0
1756703384,4677,0.05,0.0,-0.03,0.0,0.0,0.0,0.0,0.0,0,0,0
1756703384,4678,0.02,0.0,-0.02,0.0,0.0,0.0,0.0,0.0,0,0,0
1756703384,4679,0.0,0.0,0.0,0.0,0.0,0.0,0.0,0.0,0,0,0
1756703384,4680,0.01,0.0,-0.01,0.0,0.0,0.0,0.0,0.0,0,0,0
1756703384,4681,0.05,0.0,-0.09,0.0,0.0,0.0,0.0,0.0,0,0,0
1756703384,4682,0.0,0.0,0.0,0.0,0.0,0.0,0.0,0.0,0,0,0
1756703384,4683,0.02,0.0,-0.05,0.0,0.0,0.0,0.0,0.0,0,0,0
1756703384,4684,0.09,0.0,0.0,0.0,0.0,0.0,0.0,0.0,0,0,0
1756703384,4685,0.0,0.0,0.01,0.0,0.0,0.0,0.0,0.0,0,0,0
1756703384,4686,0.0,0.0,0.0,0.0,0.0,0.0,0.0,0.0,0,0,0
1756703384,4687,0.0,0.0,0.0,0.0,0.0,0.0,0.0,0.0,0,0,0
1756703384,4688,0.03,0.0,0.0,0.0,0.0,0.0,0.0,0.0,0,0,0
1756703384,4689,0.0,0.0,0.03,0.0,0.0,0.0,0.0,0.0,0,0,0
1756703384,4690,-0.01,0.0,0.05,0.0,0.0,0.0,0.0,0.0,0,0,0
1756703384,4691,0.1,0.0,0.0,0.0,0.0,0.0,0.0,0.0,0,0,0
1756703384,4692,0.0,0.0,-0.07,0.0,0.0,0.0,0.0,0.0,0,0,0
1756703384,4693,0.0,0.0,0.0,0.0,0.0,0.0,0.0,0.0,0,0,0
1756703384,4694,-0.03,0.0,0.0,0.0,0.0,0.0,0.0,0.0,0,0,0
1756703384,4695,0.07,0.0,-0.02,0.0,0.0,0.0,0.0,0.0,0,0,0
1756703384,4696,0.03,0.0,-0.05,0.0,0.0,0.0,0.0,0.0,0,0,0
1756703384,4697,0.01,0.0,0.01,0.0,0.0,0.0,0.0,0.0,0,0,0
1756703384,4698,0.05,0.0,-0.02,0.0,0.0,0.0,0.0,0.0,0,0,0
1756703384,4699,-0.05,0.0,0.0,0.0,0.0,0.0,0.0,0.0,0,0,0
1756703384,4700,0.07,0.0,-0.02,0.0,0.0,0.0,0.0,0.0,0,0,0
1756703384,4701,0.0,0.0,0.0,0.0,0.0,0.0,0.0,0.0,0,0,0
1756703384,4702,0.01,0.0,0.0,0.0,0.0,0.0,0.0,0.0,0,0,0
1756703384,4703,0.07,0.0,-0.01,0.0,0.0,0.0,0.0,0.0,0,0,0
1756703384,4704,-0.01,0.0,0.0,0.0,0.0,0.0,0.0,0.0,0,0,0
1756703384,4705,0.0,0.0,-0.05,0.0,0.0,0.0,0.0,0.0,0,0,0
1756703384,4706,0.0,0.0,0.01,0.0,0.0,0.0,0.0,0.0,0,0,0
1756703384,4707,0.01,0.0,-0.01,0.0,0.0,0.0,0.0,0.0,0,0,0
1756703384,4708,0.01,0.0,0.0,0.0,0.0,0.0,0.0,0.0,0,0,0
1756703384,4709,0.03,0.0,-0.01,0.0,0.0,0.0,0.0,0.0,0,0,0
1756703384,4710,0.05,0.0,-0.05,0.0,0.0,0.0,0.0,0.0,0,0,0
1756703384,4711,0.0,0.0,-0.01,0.0,0.0,0.0,0.0,0.0,0,0,0
1756703384,4712,0.0,0.0,0.01,0.0,0.0,0.0,0.0,0.0,0,0,0
1756703384,4713,0.02,0.0,-0.01,0.0,0.0,0.0,0.0,0.0,0,0,0
1756703384,4714,0.03,0.0,0.0,0.0,0.0,0.0,0.0,0.0,0,0,0
1756703384,4715,0.02,0.0,-0.01,0.0,0.0,0.0,0.0,0.0,0,0,0
1756703384,4716,0.07,0.0,0.0,0.0,0.0,0.0,0.0,0.0,0,0,0
1756703385,4717,0.0,0.0,-0.01,0.0,0.0,0.0,0.0,0.0,0,0,0
1756703385,4718,0.0,0.0,-0.01,0.0,0.0,0.0,0.0,0.0,0,0,0
1756703385,4719,0.0,0.0,-0.01,0.0,0.0,0.0,0.0,0.0,0,0,0
1756703385,4720,0.0,0.0,-0.03,0.0,0.0,0.0,0.0,0.0,0,0,0
1756703385,4721,0.07,0.0,0.05,0.0,0.0,0.0,0.0,0.0,0,0,0
1756703385,4722,0.0,0.0,0.0,0.0,0.0,0.0,0.0,0.0,0,0,0
1756703385,4723,0.0,0.0,0.0,0.0,0.0,0.0,0.0,0.0,0,0,0
1756703385,4724,-0.01,0.0,-0.02,0.0,0.0,0.0,0.0,0.0,0,0,0
1756703385,4725,0.0,0.0,-0.05,0.0,0.0,0.0,0.0,0.0,0,0,0
1756703385,4726,0.0,0.0,-0.02,0.0,0.0,0.0,0.0,0.0,0,0,0
1756703385,4727,0.0,0.0,0.0,0.0,0.0,0.0,0.0,0.0,0,0,0
1756703385,4728,0.01,0.0,-0.01,0.0,0.0,0.0,0.0,0.0,0,0,0
1756703385,4729,0.01,0.0,0.01,0.0,0.0,0.0,0.0,0.0,0,0,0
1756703385,4730,0.02,0.0,-0.02,0.0,0.0,0.0,0.0,0.0,0,0,0
1756703385,4731,0.02,0.0,0.0,0.0,0.0,0.0,0.0,0.0,0,0,0
1756703385,4732,0.02,0.0,-0.01,0.0,0.0,0.0,0.0,0.0,0,0,0
1756703385,4733,0.02,0.0,0.0,0.0,0.0,0.0,0.0,0.0,0,0,0
1756703385,4734,0.02,0.0,0.0,0.0,0.0,0.0,0.0,0.0,0,0,0
1756703385,4735,0.1,0.0,-0.05,0.0,0.0,0.0,0.0,0.0,0,0,0
1756703385,4736,0.03,0.0,0.0,0.0,0.0,0.0,0.0,0.0,0,0,0
1756703385,4737,0.01,0.0,-0.01,0.0,0.0,0.0,0.0,0.0,0,0,0
1756703385,4738,0.02,0.0,0.0,0.0,0.0,0.0,0.0,0.0,0,0,0
1756703385,4739,0.0,0.0,0.0,0.0,0.0,0.0,0.0,0.0,0,0,0
1756703385,4740,0.0,0.0,-0.01,0.0,0.0,0.0,0.0,0.0,0,0,0
1756703385,4741,0.0,0.0,0.05,0.0,0.0,0.0,0.0,0.0,0,0,0
1756703385,4742,0.02,0.0,-0.01,0.0,0.0,0.0,0.0,0.0,0,0,0
1756703385,4743,0.07,0.0,0.0,0.0,0.0,0.0,0.0,0.0,0,0,0
1756703385,4744,0.05,0.0,-0.03,0.0,0.0,0.0,0.0,0.0,0,0,0
1756703385,4745,0.0,0.0,-0.02,0.0,0.0,0.0,0.0,0.0,0,0,0
1756703385,4746,0.02,0.0,0.0,0.0,0.0,0.0,0.0,0.0,0,0,0
1756703385,4747,0.0,0.0,0.0,0.0,0.0,0.0,0.0,0.0,0,0,0
1756703385,4748,0.02,0.0,-0.1,0.0,0.0,0.0,0.0,0.0,0,0,0
1756703385,4749,0.01,0.0,-0.01,0.0,0.0,0.0,0.0,0.0,0,0,0
1756703385,4750,0.07,0.0,-0.11,0.0,0.0,0.0,0.0,0.0,0,0,0
1756703385,4751,0.02,0.0,-0.02,0.0,0.0,0.0,0.0,0.0,0,0,0
1756703385,4752,0.03,0.0,0.0,0.0,0.0,0.0,0.0,0.0,0,0,0
1756703385,4753,0.01,0.0,-0.02,0.0,0.0,0.0,0.0,0.0,0,0,0
1756703385,4754,0.02,0.0,0.0,0.0,0.0,0.0,0.0,0.0,0,0,0
1756703385,4755,0.02,0.0,-0.02,0.0,0.0,0.0,0.0,0.0,0,0,0
1756703385,4756,0.05,0.0,-0.01,0.0,0.0,0.0,0.0,0.0,0,0,0
1756703385,4757,0.03,0.0,-0.03,0.0,0.0,0.0,0.0,0.0,0,0,0
1756703385,4758,0.02,0.0,-0.03,0.0,0.0,0.0,0.0,0.0,0,0,0
1756703385,4759,-0.05,0.0,0.0,0.0,0.0,0.0,0.0,0.0,0,0,0
1756703385,4760,0.01,0.0,-0.05,0.0,0.0,0.0,0.0,0.0,0,0,0
1756703385,4761,0.02,0.0,-0.03,0.0,0.0,0.0,0.0,0.0,0,0,0
1756703385,4762,0.03,0.0,0.0,0.0,0.0,0.0,0.0,0.0,0,0,0
1756703385,4763,0.02,0.0,-0.02,0.0,0.0,0.0,0.0,0.0,0,0,0
1756703385,4764,0.02,0.0,0.0,0.0,0.0,0.0,0.0,0.0,0,0,0
1756703385,4765,0.0,0.0,-0.05,0.0,0.0,0.0,0.0,0.0,0,0,0
1756703385,4766,0.05,0.0,-0.01,0.0,0.0,0.0,0.0,0.0,0,0,0
1756703385,4767,0.0,0.0,0.0,0.0,0.0,0.0,0.0,0.0,0,0,0
1756703385,4768,0.05,0.0,-0.01,0.0,0.0,0.0,0.0,0.0,0,0,0
1756703385,4769,-0.01,0.0,-0.02,0.0,0.0,0.0,0.0,0.0,0,0,0
1756703385,4770,0.01,0.0,-0.03,0.0,0.0,0.0,0.0,0.0,0,0,0
1756703385,4771,0.0,0.0,-0.14,0.0,0.0,0.0,0.0,0.0,0,0,0
1756703385,4772,0.07,0.0,-0.01,0.0,0.0,0.0,0.0,0.0,0,0,0
1756703385,4773,0.0,0.0,0.0,0.0,0.0,0.0,0.0,0.0,0,0,0
1756703385,4774,0.01,0.0,-0.03,0.0,0.0,0.0,0.0,0.0,0,0,0
1756703385,4775,-0.03,0.0,0.0,0.0,0.0,0.0,0.0,0.0,0,0,0
1756703385,4776,-0.01,0.0,0.0,0.0,0.0,0.0,0.0,0.0,0,0,0
1756703385,4777,0.0,0.0,-0.01,0.0,0.0,0.0,0.0,0.0,0,0,0
1756703385,4778,0.0,0.0,-0.01,0.0,0.0,0.0,0.0,0.0,0,0,0
1756703385,4779,0.0,0.0,0.0,0.0,0.0,0.0,0.0,0.0,0,0,0
1756703385,4780,0.0,0.0,0.0,0.0,0.0,0.0,0.0,0.0,0,0,0
1756703385,4781,0.0,0.0,0.0,0.0,0.0,0.0,0.0,0.0,0,0,0
1756703385,4782,0.0,0.0,-0.02,0.0,0.0,0.0,0.0,0.0,0,0,0
1756703386,4783,-0.03,0.0,-0.02,0.0,0.0,0.0,0.0,0.0,0,0,0
1756703386,4784,0.05,0.0,-0.02,0.0,0.0,0.0,0.0,0.0,0,0,0
1756703386,4785,0.05,0.0,-0.01,0.0,0.0,0.0,0.0,0.0,0,0,0
1756703386,4786,0.0,0.0,-0.02,0.0,0.0,0.0,0.0,0.0,0,0,0
1756703386,4787,0.0,0.0,-0.01,0.0,0.0,0.0,0.0,0.0,0,0,0
1756703386,4788,0.0,0.0,0.0,0.0,0.0,0.0,0.0,0.0,0,0,0
1756703386,4789,0.0,0.0,-0.01,0.0,0.0,0.0,0.0,0.0,0,0,0
1756703386,4790,0.03,0.0,-0.05,0.0,0.0,0.0,0.0,0.0,0,0,0
1756703386,4791,0.03,0.0,-0.01,0.0,0.0,0.0,0.0,0.0,0,0,0
1756703386,4792,0.01,0.0,0.0,0.0,0.0,0.0,0.0,0.0,0,0,0
1756703386,4793,0.01,0.0,-0.05,0.0,0.0,0.0,0.0,0.0,0,0,0
1756703386,4794,0.02,0.0,-0.01,0.0,0.0,0.0,0.0,0.0,0,0,0
1756703386,4795,0.0,0.0,-0.07,0.0,0.0,0.0,0.0,0.0,0,0,0
1756703386,4796,0.14,0.0,0.0,0.0,0.0,0.0,0.0,0.0,0,0,0
1756703386,4797,0.0,0.0,0.0,0.0,0.0,0.0,0.0,0.0,0,0,0
1756703386,4798,0.0,0.0,0.0,0.0,0.0,0.0,0.0,0.0,0,0,0
1756703386,4799,0.03,0.0,-0.01,0.0,0.0,0.0,0.0,0.0,0,0,0
1756703386,4800,0.0,0.0,0.0,0.0,0.0,0.0,0.0,0.0,0,0,0
1756703386,4801,0.02,0.0,-0.05,0.0,0.0,0.0,0.0,0.0,0,0,0
1756703386,4802,0.02,0.0,-0.02,0.0,0.0,0.0,0.0,0.0,0,0,0
1756703386,4803,0.01,0.0,0.0,0.0,0.0,0.0,0.0,0.0,0,0,0
1756703386,4804,0.01,0.0,0.0,0.0,0.0,0.0,0.0,0.0,0,0,0
1756703386,4805,0.0,0.0,0.0,0.0,0.0,0.0,0.0,0.0,0,0,0
1756703386,4806,0.05,0.0,0.0,0.0,0.0,0.0,0.0,0.0,0,0,0
1756703386,4807,0.02,0.0,-0.01,0.0,0.0,0.0,0.0,0.0,0,0,0
1756703386,4808,0.0,0.0,-0.02,0.0,0.0,0.0,0.0,0.0,0,0,0
1756703386,4809,0.01,0.0,0.0,0.0,0.0,0.0,0.0,0.0,0,0,0
1756703386,4810,0.0,0.0,0.0,0.0,0.0,0.0,0.0,0.0,0,0,0
1756703386,4811,0.0,0.0,0.0,0.0,0.0,0.0,0.0,0.0,0,0,0
1756703386,4812,0.01,0.0,-0.03,0.0,0.0,0.0,0.0,0.0,0,0,0
1756703386,4813,0.01,0.0,-0.01,0.0,0.0,0.0,0.0,0.0,0,0,0
1756703386,4814,-0.02,0.0,0.01,0.0,0.0,0.0,0.0,0.0,0,0,0
1756703386,4815,0.02,0.0,-0.02,0.0,0.0,0.0,0.0,0.0,0,0,0
1756703386,4816,0.0,0.0,0.0,0.0,0.0,0.0,0.0,0.0,0,0,0
1756703386,4817,0.0,0.0,0.0,0.0,0.0,0.0,0.0,0.0,0,0,0
1756703386,4818,0.0,0.0,-0.01,0.0,0.0,0.0,0.0,0.0,0,0,0
1756703386,4819,0.05,0.0,-0.05,0.0,0.0,0.0,0.0,0.0,0,0,0
1756703386,4820,0.0,0.0,-0.01,0.0,0.0,0.0,0.0,0.0,0,0,0
1756703386,4821,0.05,0.0,-0.09,0.0,0.0,0.0,0.0,0.0,0,0,0
1756703386,4822,0.0,0.0,-0.02,0.0,0.0,0.0,0.0,0.0,0,0,0
1756703386,4823,-0.01,0.0,-0.11,0.0,0.0,0.0,0.0,0.0,0,0,0
1756703386,4824,0.0,0.0,0.0,0.0,0.0,0.0,0.0,0.0,0,0,0
1756703386,4825,0.0,0.0,0.0,0.0,0.0,0.0,0.0,0.0,0,0,0
1756703386,4826,0.01,0.0,0.0,0.0,0.0,0.0,0.0,0.0,0,0,0
1756703386,4827,0.03,0.0,0.0,0.0,0.0,0.0,0.0,0.0,0,0,0
1756703386,4828,0.05,0.0,0.0,0.0,0.0,0.0,0.0,0.0,0,0,0
1756703386,4829,0.05,0.0,0.0,0.0,0.0,0.0,0.0,0.0,0,0,0
1756703386,4830,0.0,0.0,0.0,0.0,0.0,0.0,0.0,0.0,0,0,0
1756703386,4831,0.0,0.0,0.0,0.0,0.0,0.0,0.0,0.0,0,0,0
1756703386,4832,0.03,0.0,-0.09,0.0,0.0,0.0,0.0,0.0,0,0,0
1756703386,4833,0.09,0.0,0.0,0.0,0.0,0.0,0.0,0.0,0,0,0
1756703386,4834,0.02,0.0,0.0,0.0,0.0,0.0,0.0,0.0,0,0,0
1756703386,4835,-0.01,0.0,0.0,0.0,0.0,0.0,0.0,0.0,0,0,0
1756703386,4836,0.02,0.0,-0.01,0.0,0.0,0.0,0.0,0.0,0,0,0
1756703386,4837,-0.02,0.0,-0.01,0.0,0.0,0.0,0.0,0.0,0,0,0
1756703386,4838,0.02,0.0,0.0,0.0,0.0,0.0,0.0,0.0,0,0,0
1756703386,4839,-0.01,0.0,0.0,0.0,0.0,0.0,0.0,0.0,0,0,0
1756703386,4840,-0.02,0.0,0.0,0.0,0.0,0.0,0.0,0.0,0,0,0
1756703386,4841,0.0,0.0,-0.01,0.0,0.0,0.0,0.0,0.0,0,0,0
1756703386,4842,0.03,0.0,-0.01,0.0,0.0,0.0,0.0,0.0,0,0,0
1756703386,4843,0.01,0.0,0.0,0.0,0.0,0.0,0.0,0.0,0,0,0
1756703386,4844,0.07,0.0,0.0,0.0,0.0,0.0,0.0,0.0,0,0,0
1756703386,4845,0.03,0.0,-0.03,0.0,0.0,0.0,0.0,0.0,0,0,0
1756703386,4846,0.0,0.0,-0.02,0.0,0.0,0.0,0.0,0.0,0,0,0
1756703387,4847,0.0,0.0,-0.01,0.0,0.0,0.0,0.0,0.0,0,0,0
1756703387,4848,0.03,0.0,0.01,0.0,0.0,0.0,0.0,0.0,0,0,0
1756703387,4849,0.0,0.0,0.0,0.0,0.0,0.0,0.0,0.0,0,0,0
1756703387,4850,0.07,0.0,-0.01,0.0,0.0,0.0,0.0,0.0,0,0,0
1756703387,4851,0.03,0.0,0.0,0.0,0.0,0.0,0.0,0.0,0,0,0
1756703387,4852,0.0,0.0,-0.02,0.0,0.0,0.0,0.0,0.0,0,0,0
1756703387,4853,0.01,0.0,-0.02,0.0,0.0,0.0,0.0,0.0,0,0,0
1756703387,4854,0.0,0.0,-0.02,0.0,0.0,0.0,0.0,0.0,0,0,0
1756703387,4855,0.0,0.0,0.0,0.0,0.0,0.0,0.0,0.0,0,0,0
1756703387,4856,-0.01,0.0,0.0,0.0,0.0,0.0,0.0,0.0,0,0,0
1756703387,4857,0.07,0.0,0.0,0.0,0.0,0.0,0.0,0.0,0,0,0
1756703387,4858,0.0,0.0,0.0,0.0,0.0,0.0,0.0,0.0,0,0,0
1756703387,4859,0.03,0.0,-0.07,0.0,0.0,0.0,0.0,0.0,0,0,0
1756703387,4860,0.01,0.0,-0.02,0.0,0.0,0.0,0.0,0.0,0,0,0
1756703387,4861,0.03,0.0,-0.05,0.0,0.0,0.0,0.0,0.0,0,0,0
1756703387,4862,0.0,0.0,-0.01,0.0,0.0,0.0,0.0,0.0,0,0,0
1756703387,4863,0.0,0.0,-0.01,0.0,0.0,0.0,0.0,0.0,0,0,0
1756703387,4864,0.0,0.0,-0.05,0.0,0.0,0.0,0.0,0.0,0,0,0
1756703387,4865,0.0,0.0,0.0,0.0,0.0,0.0,0.0,0.0,0,0,0
1756703387,4866,0.05,0.0,0.01,0.0,0.0,0.0,0.0,0.0,0,0,0
1756703387,4867,-0.02,0.0,-0.09,0.0,0.0,0.0,0.0,0.0,0,0,0
1756703387,4868,0.05,0.0,0.0,0.0,0.0,0.0,0.0,0.0,0,0,0
1756703387,4869,-0.05,0.0,-0.01,0.0,0.0,0.0,0.0,0.0,0,0,0
1756703387,4870,-0.02,0.0,0.0,0.0,0.0,0.0,0.0,0.0,0,0,0
1756703387,4871,0.0,0.0,0.0,0.0,0.0,0.0,0.0,0.0,0,0,0
1756703387,4872,0.05,0.0,0.0,0.0,0.0,0.0,0.0,0.0,0,0,0
1756703387,4873,0.05,0.0,0.0,0.0,0.0,0.0,0.0,0.0,0,0,0
1756703387,4874,0.05,0.0,-0.02,0.0,0.0,0.0,0.0,0.0,0,0,0
1756703387,4875,0.01,0.0,0.0,0.0,0.0,0.0,0.0,0.0,0,0,0
1756703387,4876,0.01,0.0,-0.01,0.0,0.0,0.0,0.0,0.0,0,0,0
1756703387,4877,-0.07,0.0,-0.01,0.0,0.0,0.0,0.0,0.0,0,0,0
1756703387,4878,0.0,0.0,0.0,0.0,0.0,0.0,0.0,0.0,0,0,0
1756703387,4879,0.03,0.0,-0.02,0.0,0.0,0.0,0.0,0.0,0,0,0
1756703387,4880,0.0,0.0,0.0,0.0,0.0,0.0,0.0,0.0,0,0,0
1756703387,4881,0.01,0.0,-0.02,0.0,0.0,0.0,0.0,0.0,0,0,0
1756703387,4882,0.0,0.0,0.0,0.0,0.0,0.0,0.0,0.0,0,0,0
1756703387,4883,0.07,0.0,0.0,0.0,0.0,0.0,0.0,0.0,0,0,0
1756703387,4884,0.07,0.0,0.0,0.0,0.0,0.0,0.0,0.0,0,0,0
1756703387,4885,0.03,0.0,0.0,0.0,0.0,0.0,0.0,0.0,0,0,0
1756703387,4886,-0.07,0.0,-0.1,0.0,0.0,0.0,0.0,0.0,0,0,0
1756703387,4887,0.02,0.0,-0.05,0.0,0.0,0.0,0.0,0.0,0,0,0
1756703387,4888,0.02,0.0,0.0,0.0,0.0,0.0,0.0,0.0,0,0,0
1756703387,4889,0.01,0.0,0.0,0.0,0.0,0.0,0.0,0.0,0,0,0
1756703387,4890,0.01,0.0,0.0,0.0,0.0,0.0,0.0,0.0,0,0,0
1756703387,4891,-0.01,0.0,-0.03,0.0,0.0,0.0,0.0,0.0,0,0,0
1756703387,4892,0.01,0.0,0.0,0.0,0.0,0.0,0.0,0.0,0,0,0
1756703387,4893,0.05,0.0,-0.05,0.0,0.0,0.0,0.0,0.0,0,0,0
1756703387,4894,0.01,0.0,-0.05,0.0,0.0,0.0,0.0,0.0,0,0,0
1756703387,4895,0.0,0.0,0.0,0.0,0.0,0.0,0.0,0.0,0,0,0
1756703387,4896,-0.1,0.0,0.09,0.0,0.0,0.0,0.0,0.0,0,0,0
1756703387,4897,0.0,0.0,0.0,0.0,0.0,0.0,0.0,0.0,0,0,0
1756703387,4898,0.03,0.0,0.0,0.0,0.0,0.0,0.0,0.0,0,0,0
1756703387,4899,0.1,0.0,0.05,0.0,0.0,0.0,0.0,0.0,0,0,0
1756703387,4900,0.02,0.0,0.0,0.0,0.0,0.0,0.0,0.0,0,0,0
1756703387,4901,-0.01,0.0,-0.01,0.0,0.0,0.0,0.0,0.0,0,0,0
1756703387,4902,0.0,0.0,0.0,0.0,0.0,0.0,0.0,0.0,0,0,0
1756703387,4903,-0.03,0.0,-0.03,0.0,0.0,0.0,0.0,0.0,0,0,0
1756703387,4904,0.05,0.0,0.0,0.0,0.0,0.0,0.0,0.0,0,0,0
1756703387,4905,0.01,0.0,0.01,0.0,0.0,0.0,0.0,0.0,0,0,0
1756703387,4906,0.03,0.0,-0.03,0.0,0.0,0.0,0.0,0.0,0,0,0
1756703387,4907,0.0,0.0,0.0,0.0,0.0,0.0,0.0,0.0,0,0,0
1756703387,4908,0.0,0.0,0.0,0.0,0.0,0.0,0.0,0.0,0,0,0
1756703387,4909,0.07,0.0,0.0,0.0,0.0,0.0,0.0,0.0,0,0,0
1756703387,4910,0.09,0.0,-0.05,0.0,0.0,0.0,0.0,0.0,0,0,0
1756703387,4911,-0.01,0.0,0.0,0.0,0.0,0.0,0.0,0.0,0,0,0
1756703387,4912,0.0,0.0,0.0,0.0,0.0,0.0,0.0,0.0,0,0,0
1756703387,4913,0.0,0.0,-0.03,0.0,0.0,0.0,0.0,0.0,0,0,0
1756703387,4914,0.0,0.0,0.0,0.0,0.0,0.0,0.0,0.0,0,0,0
1756703387,4915,0.0,0.0,-0.02,0.0,0.0,0.0,0.0,0.0,0,0,0
1756703388,4916,0.03,0.0,0.0,0.0,0.0,0.0,0.0,0.0,0,0,0
1756703388,4917,0.0,0.0,0.0,0.0,0.0,0.0,0.0,0.0,0,0,0
1756703388,4918,0.0,0.0,0.0,0.0,0.0,0.0,0.0,0.0,0,0,0
1756703388,4919,0.07,0.0,0.0,0.0,0.0,0.0,0.0,0.0,0,0,0
1756703388,4920,0.02,0.0,-0.01,0.0,0.0,0.0,0.0,0.0,0,0,0
1756703388,4921,0.05,0.0,0.0,0.0,0.0,0.0,0.0,0.0,0,0,0
1756703388,4922,0.0,0.0,-0.01,0.0,0.0,0.0,0.0,0.0,0,0,0
1756703388,4923,0.02,0.0,-0.02,0.0,0.0,0.0,0.0,0.0,0,0,0
1756703388,4924,0.01,0.0,-0.01,0.0,0.0,0.0,0.0,0.0,0,0,0
1756703388,4925,0.0,0.0,0.0,0.0,0.0,0.0,0.0,0.0,0,0,0
1756703388,4926,0.0,0.0,0.0,0.0,0.0,0.0,0.0,0.0,0,0,0
1756703388,4927,0.05,0.0,0.0,0.0,0.0,0.0,0.0,0.0,0,0,0
1756703388,4928,-0.09,0.0,0.0,0.0,0.0,0.0,0.0,0.0,0,0,0
1756703388,4929,0.01,0.0,0.0,0.0,0.0,0.0,0.0,0.0,0,0,0
1756703388,4930,0.0,0.0,-0.12,0.0,0.0,0.0,0.0,0.0,0,0,0
1756703388,4931,0.03,0.0,0.0,0.0,0.0,0.0,0.0,0.0,0,0,0
1756703388,4932,-0.09,0.0,0.0,0.0,0.0,0.0,0.0,0.0,0,0,0
1756703388,4933,0.02,0.0,0.0,0.0,0.0,0.0,0.0,0.0,0,0,0
1756703388,4934,0.05,0.0,0.0,0.0,0.0,0.0,0.0,0.0,0,0,0
1756703388,4935,-0.01,0.0,-0.01,0.0,0.0,0.0,0.0,0.0,0,0,0
1756703388,4936,0.03,0.0,-0.02,0.0,0.0,0.0,0.0,0.0,0,0,0
1756703388,4937,0.0,0.0,0.0,0.0,0.0,0.0,0.0,0.0,0,0,0
1756703388,4938,0.0,0.0,0.0,0.0,0.0,0.0,0.0,0.0,0,0,0
1756703388,4939,0.03,0.0,-0.02,0.0,0.0,0.0,0.0,0.0,0,0,0
1756703388,4940,0.0,0.0,0.0,0.0,0.0,0.0,0.0,0.0,0,0,0
1756703388,4941,0.01,0.0,-0.03,0.0,0.0,0.0,0.0,0.0,0,0,0
1756703388,4942,0.0,0.0,-0.07,0.0,0.0,0.0,0.0,0.0,0,0,0
1756703388,4943,0.07,0.0,-0.02,0.0,0.0,0.0,0.0,0.0,0,0,0
1756703388,4944,0.03,0.0,0.0,0.0,0.0,0.0,0.0,0.0,0,0,0
1756703388,4945,0.05,0.0,-0.01,0.0,0.0,0.0,0.0,0.0,0,0,0
1756703388,4946,0.05,0.0,0.0,0.0,0.0,0.0,0.0,0.0,0,0,0
1756703388,4947,0.01,0.0,0.01,0.0,0.0,0.0,0.0,0.0,0,0,0
1756703388,4948,0.0,0.0,0.0,0.0,0.0,0.0,0.0,0.0,0,0,0
1756703388,4949,-0.03,0.0,0.0,0.0,0.0,0.0,0.0,0.0,0,0,0
1756703388,4950,0.0,0.0,-0.07,0.0,0.0,0.0,0.0,0.0,0,0,0
1756703388,4951,0.02,0.0,0.0,0.0,0.0,0.0,0.0,0.0,0,0,0
1756703388,4952,0.0,0.0,0.0,0.0,0.0,0.0,0.0,0.0,0,0,0
1756703388,4953,0.05,0.0,-0.01,0.0,0.0,0.0,0.0,0.0,0,0,0
1756703388,4954,0.07,0.0,0.01,0.0,0.0,0.0,0.0,0.0,0,0,0
1756703388,4955,0.02,0.0,-0.05,0.0,0.0,0.0,0.0,0.0,0,0,0
1756703388,4956,0.01,0.0,-0.02,0.0,0.0,0.0,0.0,0.0,0,0,0
1756703388,4957,-0.02,0.0,-0.03,0.0,0.0,0.0,0.0,0.0,0,0,0
1756703388,4958,-0.01,0.0,0.0,0.0,0.0,0.0,0.0,0.0,0,0,0
1756703388,4959,0.1,0.0,-0.05,0.0,0.0,0.0,0.0,0.0,0,0,0
1756703388,4960,0.01,0.0,-0.01,0.0,0.0,0.0,0.0,0.0,0,0,0
1756703388,4961,-0.02,0.0,-0.05,0.0,0.0,0.0,0.0,0.0,0,0,0
1756703388,4962,0.0,0.0,0.0,0.0,0.0,0.0,0.0,0.0,0,0,0
1756703388,4963,0.0,0.0,0.0,0.0,0.0,0.0,0.0,0.0,0,0,0
1756703388,4964,0.05,0.0,-0.02,0.0,0.0,0.0,0.0,0.0,0,0,0
1756703388,4965,0.05,0.0,-0.01,0.0,0.0,0.0,0.0,0.0,0,0,0
1756703388,4966,-0.01,0.0,-0.02,0.0,0.0,0.0,0.0,0.0,0,0,0
1756703388,4967,0.05,0.0,0.0,0.0,0.0,0.0,0.0,0.0,0,0,0
1756703388,4968,0.0,0.0,0.0,0.0,0.0,0.0,0.0,0.0,0,0,0
1756703388,4969,0.03,0.0,-0.01,0.0,0.0,0.0,0.0,0.0,0,0,0
1756703388,4970,0.0,0.0,0.0,0.0,0.0,0.0,0.0,0.0,0,0,0
1756703388,4971,0.1,0.0,0.0,0.0,0.0,0.0,0.0,0.0,0,0,0
1756703388,4972,0.0,0.0,-0.03,0.0,0.0,0.0,0.0,0.0,0,0,0
1756703388,4973,0.02,0.0,-0.01,0.0,0.0,0.0,0.0,0.0,0,0,0
1756703388,4974,0.0,0.0,-0.02,0.0,0.0,0.0,0.0,0.0,0,0,0
1756703388,4975,-0.01,0.0,0.0,0.0,0.0,0.0,0.0,0.0,0,0,0
1756703388,4976,0.05,0.0,0.0,0.0,0.0,0.0,0.0,0.0,0,0,0
1756703388,4977,0.05,0.0,-0.02,0.0,0.0,0.0,0.0,0.0,0,0,0
1756703388,4978,0.03,0.0,-0.02,0.0,0.0,0.0,0.0,0.0,0,0,0
1756703388,4979,0.0,0.0,0.0,0.0,0.0,0.0,0.0,0.0,0,0,0
1756703388,4980,0.0,0.0,-0.07,0.0,0.0,0.0,0.0,0.0,0,0,0
1756703389,4981,0.0,0.0,0.0,0.0,0.0,0.0,0.0,0.0,0,0,0
1756703389,4982,0.03,0.0,0.0,0.0,0.0,0.0,0.0,0.0,0,0,0
1756703389,4983,0.0,0.0,-0.01,0.0,0.0,0.0,0.0,0.0,0,0,0
1756703389,4984,0.02,0.0,0.0,0.0,0.0,0.0,0.0,0.0,0,0,0
1756703389,4985,0.02,0.0,-0.09,0.0,0.0,0.0,0.0,0.0,0,0,0
1756703389,4986,0.0,0.0,-0.03,0.0,0.0,0.0,0.0,0.0,0,0,0
1756703389,4987,0.03,0.0,0.0,0.0,0.0,0.0,0.0,0.0,0,0,0
1756703389,4988,0.0,0.0,-0.01,0.0,0.0,0.0,0.0,0.0,0,0,0
1756703389,4989,0.0,0.0,-0.01,0.0,0.0,0.0,0.0,0.0,0,0,0
1756703389,4990,0.0,0.0,-0.01,0.0,0.0,0.0,0.0,0.0,0,0,0
1756703389,4991,0.07,0.0,0.05,0.0,0.0,0.0,0.0,0.0,0,0,0
1756703389,4992,0.05,0.0,0.0,0.0,0.0,0.0,0.0,0.0,0,0,0
1756703389,4993,0.0,0.0,-0.02,0.0,0.0,0.0,0.0,0.0,0,0,0
1756703389,4994,0.0,0.0,0.0,0.0,0.0,0.0,0.0,0.0,0,0,0
1756703389,4995,0.03,0.0,0.0,0.0,0.0,0.0,0.0,0.0,0,0,0
1756703389,4996,0.07,0.0,-0.05,0.0,0.0,0.0,0.0,0.0,0,0,0
1756703389,4997,0.03,0.0,0.0,0.0,0.0,0.0,0.0,0.0,0,0,0
1756703389,4998,0.0,0.0,-0.03,0.0,0.0,0.0,0.0,0.0,0,0,0
1756703389,4999,0.0,0.0,-0.07,0.0,0.0,0.0,0.0,0.0,0,0,0
1756703389,5000,0.0,0.0,0.01,0.0,0.0,0.0,0.0,0.0,0,0,0
1756703389,5001,-0.66,0.0,-0.03,0.0,0.0,0.0,0.0,0.0,0,0,0
1756703389,5002,0.07,0.0,0.0,0.0,0.0,0.0,0.0,0.0,0,0,0
1756703389,5003,0.1,0.0,-0.02,0.0,0.0,0.0,0.0,0.0,0,0,0
1756703389,5004,0.11,0.0,0.0,0.0,0.0,0.0,0.0,0.0,0,0,0
1756703389,5005,0.15,0.0,-0.07,0.0,0.0,0.0,0.0,0.0,0,0,0
1756703389,5006,0.1,0.0,0.0,0.0,0.0,0.0,0.0,0.0,0,0,0
1756703389,5007,0.05,0.0,0.02,0.0,0.0,0.0,0.0,0.0,0,0,0
1756703389,5008,0.11,0.0,-0.03,0.0,0.0,0.0,0.0,0.0,0,0,0
1756703389,5009,0.1,0.0,0.0,0.0,0.0,0.0,0.0,0.0,0,0,0
1756703389,5010,0.07,0.0,-0.01,0.0,0.0,0.0,0.0,0.0,0,0,0
1756703389,5011,0.07,0.0,0.1,0.0,0.0,0.0,0.0,0.0,0,0,0
1756703389,5012,0.14,0.0,0.0,0.0,0.0,0.0,0.0,0.0,0,0,0
1756703389,5013,0.01,0.0,0.0,0.0,0.0,0.0,0.0,0.0,0,0,0
1756703389,5014,0.07,0.0,0.0,0.0,0.0,0.0,0.0,0.0,0,0,0
1756703389,5015,0.0,0.0,-0.02,0.0,0.0,0.0,0.0,0.0,0,0,0
1756703389,5016,0.05,0.0,-0.03,0.0,0.0,0.0,0.0,0.0,0,0,0
1756703389,5017,0.02,0.0,-0.02,0.0,0.0,0.0,0.0,0.0,0,0,0
1756703389,5018,0.0,0.0,0.0,0.0,0.0,0.0,0.0,0.0,0,0,0
1756703389,5019,0.07,0.0,0.0,0.0,0.0,0.0,0.0,0.0,0,0,0
1756703389,5020,0.02,0.0,-0.03,0.0,0.0,0.0,0.0,0.0,0,0,0
1756703389,5021,0.01,0.0,-0.01,0.0,0.0,0.0,0.0,0.0,0,0,0
1756703389,5022,0.02,0.0,0.0,0.0,0.0,0.0,0.0,0.0,0,0,0
1756703389,5023,0.07,0.0,0.0,0.0,0.0,0.0,0.0,0.0,0,0,0
1756703389,5024,0.05,0.0,0.0,0.0,0.0,0.0,0.0,0.0,0,0,0
1756703389,5025,0.0,0.0,-0.03,0.0,0.0,0.0,0.0,0.0,0,0,0
1756703389,5026,0.0,0.0,0.02,0.0,0.0,0.0,0.0,0.0,0,0,0
1756703389,5027,-0.01,0.0,-0.01,0.0,0.0,0.0,0.0,0.0,0,0,0
1756703389,5028,0.01,0.0,0.0,0.0,0.0,0.0,0.0,0.0,0,0,0
1756703389,5029,0.03,0.0,-0.02,0.0,0.0,0.0,0.0,0.0,0,0,0
1756703389,5030,0.05,0.0,0.0,0.0,0.0,0.0,0.0,0.0,0,0,0
1756703389,5031,-0.01,0.0,-0.01,0.0,0.0,0.0,0.0,0.0,0,0,0
1756703389,5032,0.01,0.0,-0.01,0.0,0.0,0.0,0.0,0.0,0,0,0
1756703389,5033,0.09,0.0,-0.07,0.0,0.0,0.0,0.0,0.0,0,0,0
1756703389,5034,0.0,0.0,0.0,0.0,0.0,0.0,0.0,0.0,0,0,0
1756703389,5035,0.0,0.0,-0.02,0.0,0.0,0.0,0.0,0.0,0,0,0
1756703389,5036,0.0,0.0,-0.02,0.0,0.0,0.0,0.0,0.0,0,0,0
1756703389,5037,0.01,0.0,0.0,0.0,0.0,0.0,0.0,0.0,0,0,0
1756703389,5038,0.0,0.0,0.0,0.0,0.0,0.0,0.0,0.0,0,0,0
1756703389,5039,0.0,0.0,0.0,0.0,0.0,0.0,0.0,0.0,0,0,0
1756703389,5040,0.0,0.0,-0.05,0.0,0.0,0.0,0.0,0.0,0,0,0
1756703389,5041,0.0,0.0,0.0,0.0,0.0,0.0,0.0,0.0,0,0,0
1756703389,5042,0.0,0.0,-0.02,0.0,0.0,0.0,0.0,0.0,0,0,0
1756703389,5043,0.05,0.0,-0.02,0.0,0.0,0.0,0.0,0.0,0,0,0
1756703389,5044,0.02,0.0,-0.07,0.0,0.0,0.0,0.0,0.0,0,0,0
1756703389,5045,0.09,0.0,0.0,0.0,0.0,0.0,0.0,0.0,0,0,0
1756703389,5046,-0.03,0.0,0.0,0.0,0.0,0.0,0.0,0.0,0,0,0
1756703389,5047,0.03,0.0,-0.05,0.0,0.0,0.0,0.0,0.0,0,0,0
1756703390,5048,0.05,0.0,0.0,0.0,0.0,0.0,0.0,0.0,0,0,0
1756703390,5049,0.0,0.0,-0.01,0.0,0.0,0.0,0.0,0.0,0,0,0
1756703390,5050,0.02,0.0,0.0,0.0,0.0,0.0,0.0,0.0,0,0,0
1756703390,5051,0.0,0.0,-0.03,0.0,0.0,0.0,0.0,0.0,0,0,0
1756703390,5052,0.0,0.0,0.0,0.0,0.0,0.0,0.0,0.0,0,0,0
1756703390,5053,0.02,0.0,0.0,0.0,0.0,0.0,0.0,0.0,0,0,0
1756703390,5054,0.01,0.0,0.02,0.0,0.0,0.0,0.0,0.0,0,0,0
1756703390,5055,0.07,0.0,-0.05,0.0,0.0,0.0,0.0,0.0,0,0,0
1756703390,5056,0.0,0.0,-0.03,0.0,0.0,0.0,0.0,0.0,0,0,0
1756703390,5057,0.0,0.0,0.0,0.0,0.0,0.0,0.0,0.0,0,0,0
1756703390,5058,0.0,0.0,-0.02,0.0,0.0,0.0,0.0,0.0,0,0,0
1756703390,5059,0.0,0.0,0.0,0.0,0.0,0.0,0.0,0.0,0,0,0
1756703390,5060,0.03,0.0,-0.01,0.0,0.0,0.0,0.0,0.0,0,0,0
1756703390,5061,0.0,0.0,-0.01,0.0,0.0,0.0,0.0,0.0,0,0,0
1756703390,5062,0.0,0.0,0.0,0.0,0.0,0.0,0.0,0.0,0,0,0
1756703390,5063,0.02,0.0,0.0,0.0,0.0,0.0,0.0,0.0,0,0,0
1756703390,5064,0.01,0.0,-0.01,0.0,0.0,0.0,0.0,0.0,0,0,0
1756703390,5065,0.0,0.0,-0.03,0.0,0.0,0.0,0.0,0.0,0,0,0
1756703390,5066,0.15,0.0,0.0,0.0,0.0,0.0,0.0,0.0,0,0,0
1756703390,5067,0.0,0.0,-0.05,0.0,0.0,0.0,0.0,0.0,0,0,0
1756703390,5068,0.0,0.0,-0.01,0.0,0.0,0.0,0.0,0.0,0,0,0
1756703390,5069,0.0,0.0,0.01,0.0,0.0,0.0,0.0,0.0,0,0,0
1756703390,5070,0.0,0.0,-0.05,0.0,0.0,0.0,0.0,0.0,0,0,0
1756703390,5071,0.05,0.0,-0.01,0.0,0.0,0.0,0.0,0.0,0,0,0
1756703390,5072,0.0,0.0,-0.02,0.0,0.0,0.0,0.0,0.0,0,0,0
1756703390,5073,0.0,0.0,0.0,0.0,0.0,0.0,0.0,0.0,0,0,0
1756703390,5074,-0.03,0.0,-0.02,0.0,0.0,0.0,0.0,0.0,0,0,0
1756703390,5075,0.01,0.0,-0.01,0.0,0.0,0.0,0.0,0.0,0,0,0
1756703390,5076,-0.01,0.0,0.0,0.0,0.0,0.0,0.0,0.0,0,0,0
1756703390,5077,0.0,0.0,-0.01,0.0,0.0,0.0,0.0,0.0,0,0,0
1756703390,5078,0.01,0.0,-0.01,0.0,0.0,0.0,0.0,0.0,0,0,0
1756703390,5079,-0.01,0.0,0.0,0.0,0.0,0.0,0.0,0.0,0,0,0
1756703390,5080,0.05,0.0,-0.03,0.0,0.0,0.0,0.0,0.0,0,0,0
1756703390,5081,0.0,0.0,-0.05,0.0,0.0,0.0,0.0,0.0,0,0,0
1756703390,5082,0.01,0.0,-0.03,0.0,0.0,0.0,0.0,0.0,0,0,0
1756703390,5083,0.01,0.0,0.0,0.0,0.0,0.0,0.0,0.0,0,0,0
1756703390,5084,0.02,0.0,-0.12,0.0,0.0,0.0,0.0,0.0,0,0,0
1756703390,5085,-0.05,0.0,-0.05,0.0,0.0,0.0,0.0,0.0,0,0,0
1756703390,5086,0.05,0.0,-0.01,0.0,0.0,0.0,0.0,0.0,0,0,0
1756703390,5087,0.05,0.0,0.02,0.0,0.0,0.0,0.0,0.0,0,0,0
1756703390,5088,0.03,0.0,-0.01,0.0,0.0,0.0,0.0,0.0,0,0,0
1756703390,5089,0.0,0.0,0.0,0.0,0.0,0.0,0.0,0.0,0,0,0
1756703390,5090,0.05,0.0,-0.03,0.0,0.0,0.0,0.0,0.0,0,0,0
1756703390,5091,0.0,0.0,0.0,0.0,0.0,0.0,0.0,0.0,0,0,0
1756703390,5092,0.0,0.0,-0.02,0.0,0.0,0.0,0.0,0.0,0,0,0
1756703390,5093,0.01,0.0,-0.01,0.0,0.0,0.0,0.0,0.0,0,0,0
1756703390,5094,0.0,0.0,-0.01,0.0,0.0,0.0,0.0,0.0,0,0,0
1756703390,5095,0.0,0.0,0.0,0.0,0.0,0.0,0.0,0.0,0,0,0
1756703390,5096,0.0,0.0,0.0,0.0,0.0,0.0,0.0,0.0,0,0,0
1756703390,5097,0.02,0.0,-0.03,0.0,0.0,0.0,0.0,0.0,0,0,0
1756703390,5098,0.0,0.0,0.0,0.0,0.0,0.0,0.0,0.0,0,0,0
1756703390,5099,0.0,0.0,0.0,0.0,0.0,0.0,0.0,0.0,0,0,0
1756703390,5100,0.02,0.0,-0.01,0.0,0.0,0.0,0.0,0.0,0,0,0
1756703390,5101,0.03,0.0,0.0,0.0,0.0,0.0,0.0,0.0,0,0,0
1756703390,5102,0.02,0.0,-0.01,0.0,0.0,0.0,0.0,0.0,0,0,0
1756703390,5103,0.0,0.0,0.0,0.0,0.0,0.0,0.0,0.0,0,0,0
1756703390,5104,0.02,0.0,0.01,0.0,0.0,0.0,0.0,0.0,0,0,0
1756703390,5105,-0.01,0.0,0.01,0.0,0.0,0.0,0.0,0.0,0,0,0
1756703390,5106,0.05,0.0,-0.02,0.0,0.0,0.0,0.0,0.0,0,0,0
1756703390,5107,0.0,0.0,0.0,0.0,0.0,0.0,0.0,0.0,0,0,0
1756703390,5108,0.0,0.0,0.1,0.0,0.0,0.0,0.0,0.0,0,0,0
1756703390,5109,-0.05,0.0,-0.05,0.0,0.0,0.0,0.0,0.0,0,0,0
1756703390,5110,0.0,0.0,0.05,0.0,0.0,0.0,0.0,0.0,0,0,0
1756703391,5111,0.0,0.0,0.0,0.0,0.0,0.0,0.0,0.0,0,0,0
1756703391,5112,0.03,0.0,-0.05,0.0,0.0,0.0,0.0,0.0,0,0,0
1756703391,5113,0.05,0.0,0.0,0.0,0.0,0.0,0.0,0.0,0,0,0
1756703391,5114,0.0,0.0,-0.01,0.0,0.0,0.0,0.0,0.0,0,0,0
1756703391,5115,0.03,0.0,-0.05,0.0,0.0,0.0,0.0,0.0,0,0,0
1756703391,5116,0.0,0.0,-0.05,0.0,0.0,0.0,0.0,0.0,0,0,0
1756703391,5117,0.03,0.0,0.0,0.0,0.0,0.0,0.0,0.0,0,0,0
1756703391,5118,0.09,0.0,-0.01,0.0,0.0,0.0,0.0,0.0,0,0,0
1756703391,5119,0.09,0.0,0.0,0.0,0.0,0.0,0.0,0.0,0,0,0
1756703391,5120,0.0,0.0,-0.05,0.0,0.0,0.0,0.0,0.0,0,0,0
1756703391,5121,0.0,0.0,-0.07,0.0,0.0,0.0,0.0,0.0,0,0,0
1756703391,5122,0.05,0.0,-0.01,0.0,0.0,0.0,0.0,0.0,0,0,0
1756703391,5123,0.0,0.0,-0.07,0.0,0.0,0.0,0.0,0.0,0,0,0
1756703391,5124,0.02,0.0,-0.03,0.0,0.0,0.0,0.0,0.0,0,0,0
1756703391,5125,0.0,0.0,-0.01,0.0,0.0,0.0,0.0,0.0,0,0,0
1756703391,5126,0.05,0.0,0.01,0.0,0.0,0.0,0.0,0.0,0,0,0
1756703391,5127,0.0,0.0,-0.03,0.0,0.0,0.0,0.0,0.0,0,0,0
1756703391,5128,0.02,0.0,-0.02,0.0,0.0,0.0,0.0,0.0,0,0,0
1756703391,5129,0.0,0.0,-0.02,0.0,0.0,0.0,0.0,0.0,0,0,0
1756703391,5130,0.01,0.0,-0.01,0.0,0.0,0.0,0.0,0.0,0,0,0
1756703391,5131,0.02,0.0,-0.02,0.0,0.0,0.0,0.0,0.0,0,0,0
1756703391,5132,0.03,0.0,0.0,0.0,0.0,0.0,0.0,0.0,0,0,0
1756703391,5133,0.02,0.0,-0.05,0.0,0.0,0.0,0.0,0.0,0,0,0
1756703391,5134,0.01,0.0,-0.02,0.0,0.0,0.0,0.0,0.0,0,0,0
1756703391,5135,0.0,0.0,0.0,0.0,0.0,0.0,0.0,0.0,0,0,0
1756703391,5136,0.03,0.0,-0.01,0.0,0.0,0.0,0.0,0.0,0,0,0
1756703391,5137,0.0,0.0,-0.01,0.0,0.0,0.0,0.0,0.0,0,0,0
1756703391,5138,0.0,0.0,0.0,0.0,0.0,0.0,0.0,0.0,0,0,0
1756703391,5139,0.01,0.0,-0.01,0.0,0.0,0.0,0.0,0.0,0,0,0
1756703391,5140,-0.03,0.0,0.0,0.0,0.0,0.0,0.0,0.0,0,0,0
1756703391,5141,0.01,0.0,-0.05,0.0,0.0,0.0,0.0,0.0,0,0,0
1756703391,5142,0.07,0.0,-0.02,0.0,0.0,0.0,0.0,0.0,0,0,0
1756703391,5143,0.05,0.0,0.0,0.0,0.0,0.0,0.0,0.0,0,0,0
1756703391,5144,0.12,0.0,-0.02,0.0,0.0,0.0,0.0,0.0,0,0,0
1756703391,5145,0.01,0.0,-0.01,0.0,0.0,0.0,0.0,0.0,0,0,0
1756703391,5146,0.0,0.0,0.0,0.0,0.0,0.0,0.0,0.0,0,0,0
1756703391,5147,-0.02,0.0,0.0,0.0,0.0,0.0,0.0,0.0,0,0,0
1756703391,5148,0.02,0.0,-0.01,0.0,0.0,0.0,0.0,0.0,0,0,0
1756703391,5149,0.03,0.0,-0.01,0.0,0.0,0.0,0.0,0.0,0,0,0
1756703391,5150,-0.01,0.0,-0.01,0.0,0.0,0.0,0.0,0.0,0,0,0
1756703391,5151,0.02,0.0,-0.05,0.0,0.0,0.0,0.0,0.0,0,0,0
1756703391,5152,0.05,0.0,-0.07,0.0,0.0,0.0,0.0,0.0,0,0,0
1756703391,5153,0.0,0.0,-0.03,0.0,0.0,0.0,0.0,0.0,0,0,0
1756703391,5154,0.01,0.0,-0.01,0.0,0.0,0.0,0.0,0.0,0,0,0
1756703391,5155,0.0,0.0,-0.05,0.0,0.0,0.0,0.0,0.0,0,0,0
1756703391,5156,0.05,0.0,0.01,0.0,0.0,0.0,0.0,0.0,0,0,0
1756703391,5157,-0.02,0.0,0.0,0.0,0.0,0.0,0.0,0.0,0,0,0
1756703391,5158,0.03,0.0,-0.03,0.0,0.0,0.0,0.0,0.0,0,0,0
1756703391,5159,0.0,0.0,-0.05,0.0,0.0,0.0,0.0,0.0,0,0,0
1756703391,5160,-0.01,0.0,0.0,0.0,0.0,0.0,0.0,0.0,0,0,0
1756703391,5161,0.01,0.0,0.0,0.0,0.0,0.0,0.0,0.0,0,0,0
1756703391,5162,0.05,0.0,0.0,0.0,0.0,0.0,0.0,0.0,0,0,0
1756703391,5163,0.0,0.0,0.0,0.0,0.0,0.0,0.0,0.0,0,0,0
1756703391,5164,0.1,0.0,0.0,0.0,0.0,0.0,0.0,0.0,0,0,0
1756703391,5165,0.0,0.0,-0.05,0.0,0.0,0.0,0.0,0.0,0,0,0
1756703391,5166,-0.03,0.0,0.0,0.0,0.0,0.0,0.0,0.0,0,0,0
1756703391,5167,-0.05,0.0,-0.02,0.0,0.0,0.0,0.0,0.0,0,0,0
1756703391,5168,0.05,0.0,0.0,0.0,0.0,0.0,0.0,0.0,0,0,0
1756703391,5169,0.05,0.0,-0.01,0.0,0.0,0.0,0.0,0.0,0,0,0
1756703391,5170,0.0,0.0,0.0,0.0,0.0,0.0,0.0,0.0,0,0,0
1756703391,5171,0.0,0.0,-0.01,0.0,0.0,0.0,0.0,0.0,0,0,0
1756703391,5172,0.03,0.0,-0.05,0.0,0.0,0.0,0.0,0.0,0,0,0
1756703391,5173,0.12,0.0,-0.01,0.0,0.0,0.0,0.0,0.0,0,0,0
1756703391,5174,0.05,0.0,-0.02,0.0,0.0,0.0,0.0,0.0,0,0,0
1756703391,5175,0.02,0.0,0.0,0.0,0.0,0.0,0.0,0.0,0,0,0
1756703391,5176,0.0,0.0,0.0,0.0,0.0,0.0,0.0,0.0,0,0,0
1756703391,5177,-0.01,0.0,-0.01,0.0,0.0,0.0,0.0,0.0,0,0,0
1756703392,5178,0.0,0.0,0.0,0.0,0.0,0.0,0.0,0.0,0,0,0
1756703392,5179,0.0,0.0,0.0,0.0,0.0,0.0,0.0,0.0,0,0,0
1756703392,5180,0.05,0.0,-0.05,0.0,0.0,0.0,0.0,0.0,0,0,0
1756703392,5181,0.01,0.0,0.0,0.0,0.0,0.0,0.0,0.0,0,0,0
1756703392,5182,0.0,0.0,0.0,0.0,0.0,0.0,0.0,0.0,0,0,0
1756703392,5183,-0.01,0.0,0.01,0.0,0.0,0.0,0.0,0.0,0,0,0
1756703392,5184,0.02,0.0,0.0,0.0,0.0,0.0,0.0,0.0,0,0,0
1756703392,5185,0.05,0.0,0.0,0.0,0.0,0.0,0.0,0.0,0,0,0
1756703392,5186,0.01,0.0,0.0,0.0,0.0,0.0,0.0,0.0,0,0,0
1756703392,5187,0.02,0.0,-0.03,0.0,0.0,0.0,0.0,0.0,0,0,0
1756703392,5188,0.03,0.0,-0.01,0.0,0.0,0.0,0.0,0.0,0,0,0
1756703392,5189,0.05,0.0,-0.02,0.0,0.0,0.0,0.0,0.0,0,0,0
1756703392,5190,0.03,0.0,-0.01,0.0,0.0,0.0,0.0,0.0,0,0,0
1756703392,5191,0.02,0.0,0.0,0.0,0.0,0.0,0.0,0.0,0,0,0
1756703392,5192,-0.01,0.0,-0.07,0.0,0.0,0.0,0.0,0.0,0,0,0
1756703392,5193,0.03,0.0,0.0,0.0,0.0,0.0,0.0,0.0,0,0,0
1756703392,5194,-0.05,0.0,-0.03,0.0,0.0,0.0,0.0,0.0,0,0,0
1756703392,5195,-0.03,0.0,0.0,0.0,0.0,0.0,0.0,0.0,0,0,0
1756703392,5196,0.02,0.0,-0.03,0.0,0.0,0.0,0.0,0.0,0,0,0
1756703392,5197,0.0,0.0,0.0,0.0,0.0,0.0,0.0,0.0,0,0,0
1756703392,5198,0.05,0.0,-0.05,0.0,0.0,0.0,0.0,0.0,0,0,0
1756703392,5199,0.01,0.0,-0.03,0.0,0.0,0.0,0.0,0.0,0,0,0
1756703392,5200,0.03,0.0,-0.01,0.0,0.0,0.0,0.0,0.0,0,0,0
1756703392,5201,0.0,0.0,0.0,0.0,0.0,0.0,0.0,0.0,0,0,0
1756703392,5202,0.0,0.0,0.0,0.0,0.0,0.0,0.0,0.0,0,0,0
1756703392,5203,0.03,0.0,-0.03,0.0,0.0,0.0,0.0,0.0,0,0,0
1756703392,5204,0.05,0.0,-0.05,0.0,0.0,0.0,0.0,0.0,0,0,0
1756703392,5205,0.0,0.0,0.0,0.0,0.0,0.0,0.0,0.0,0,0,0
1756703392,5206,0.0,0.0,0.0,0.0,0.0,0.0,0.0,0.0,0,0,0
1756703392,5207,0.0,0.0,-0.02,0.0,0.0,0.0,0.0,0.0,0,0,0
1756703392,5208,0.02,0.0,0.0,0.0,0.0,0.0,0.0,0.0,0,0,0
1756703392,5209,0.02,0.0,0.1,0.0,0.0,0.0,0.0,0.0,0,0,0
1756703392,5210,0.0,0.0,0.0,0.0,0.0,0.0,0.0,0.0,0,0,0
1756703392,5211,0.0,0.0,0.0,0.0,0.0,0.0,0.0,0.0,0,0,0
1756703392,5212,0.0,0.0,-0.01,0.0,0.0,0.0,0.0,0.0,0,0,0
1756703392,5213,0.09,0.0,0.0,0.0,0.0,0.0,0.0,0.0,0,0,0
1756703392,5214,0.02,0.0,0.0,0.0,0.0,0.0,0.0,0.0,0,0,0
1756703392,5215,0.03,0.0,0.0,0.0,0.0,0.0,0.0,0.0,0,0,0
1756703392,5216,0.0,0.0,-0.01,0.0,0.0,0.0,0.0,0.0,0,0,0
1756703392,5217,-0.01,0.0,0.0,0.0,0.0,0.0,0.0,0.0,0,0,0
1756703392,5218,0.05,0.0,0.0,0.0,0.0,0.0,0.0,0.0,0,0,0
1756703392,5219,0.02,0.0,-0.01,0.0,0.0,0.0,0.0,0.0,0,0,0
1756703392,5220,0.01,0.0,-0.03,0.0,0.0,0.0,0.0,0.0,0,0,0
1756703392,5221,0.0,0.0,-0.03,0.0,0.0,0.0,0.0,0.0,0,0,0
1756703392,5222,0.0,0.0,0.0,0.0,0.0,0.0,0.0,0.0,0,0,0
1756703392,5223,0.0,0.0,0.0,0.0,0.0,0.0,0.0,0.0,0,0,0
1756703392,5224,0.03,0.0,-0.02,0.0,0.0,0.0,0.0,0.0,0,0,0
1756703392,5225,0.03,0.0,0.0,0.0,0.0,0.0,0.0,0.0,0,0,0
1756703392,5226,0.0,0.0,-0.02,0.0,0.0,0.0,0.0,0.0,0,0,0
1756703392,5227,0.05,0.0,-0.01,0.0,0.0,0.0,0.0,0.0,0,0,0
1756703392,5228,0.0,0.0,0.0,0.0,0.0,0.0,0.0,0.0,0,0,0
1756703392,5229,0.0,0.0,-0.01,0.0,0.0,0.0,0.0,0.0,0,0,0
1756703392,5230,0.0,0.0,-0.01,0.0,0.0,0.0,0.0,0.0,0,0,0
1756703392,5231,0.0,0.0,-0.03,0.0,0.0,0.0,0.0,0.0,0,0,0
1756703392,5232,0.0,0.0,0.0,0.0,0.0,0.0,0.0,0.0,0,0,0
1756703392,5233,0.02,0.0,-0.03,0.0,0.0,0.0,0.0,0.0,0,0,0
1756703392,5234,0.01,0.0,-0.02,0.0,0.0,0.0,0.0,0.0,0,0,0
1756703392,5235,0.0,0.0,-0.09,0.0,0.0,0.0,0.0,0.0,0,0,0
1756703392,5236,0.02,0.0,-0.03,0.0,0.0,0.0,0.0,0.0,0,0,0
1756703392,5237,-0.02,0.0,-0.05,0.0,0.0,0.0,0.0,0.0,0,0,0
1756703392,5238,0.0,0.0,-0.01,0.0,0.0,0.0,0.0,0.0,0,0,0
1756703392,5239,0.0,0.0,0.0,0.0,0.0,0.0,0.0,0.0,0,0,0
1756703392,5240,0.03,0.0,-0.01,0.0,0.0,0.0,0.0,0.0,0,0,0
1756703392,5241,0.05,0.0,-0.02,0.0,0.0,0.0,0.0,0.0,0,0,0
1756703392,5242,0.01,0.0,0.0,0.0,0.0,0.0,0.0,0.0,0,0,0
1756703392,5243,0.03,0.0,-0.03,0.0,0.0,0.0,0.0,0.0,0,0,0
1756703393,5244,-0.02,0.0,-0.01,0.0,0.0,0.0,0.0,0.0,0,0,0
1756703393,5245,-0.03,0.0,0.0,0.0,0.0,0.0,0.0,0.0,0,0,0
1756703393,5246,0.05,0.0,-0.01,0.0,0.0,0.0,0.0,0.0,0,0,0
1756703393,5247,0.02,0.0,-0.02,0.0,0.0,0.0,0.0,0.0,0,0,0
1756703393,5248,0.03,0.0,0.0,0.0,0.0,0.0,0.0,0.0,0,0,0
1756703393,5249,-0.01,0.0,0.0,0.0,0.0,0.0,0.0,0.0,0,0,0
1756703393,5250,-0.05,0.0,0.0,0.0,0.0,0.0,0.0,0.0,0,0,0
1756703393,5251,0.02,0.0,0.0,0.0,0.0,0.0,0.0,0.0,0,0,0
1756703393,5252,0.07,0.0,-0.1,0.0,0.0,0.0,0.0,0.0,0,0,0
1756703393,5253,0.05,0.0,-0.02,0.0,0.0,0.0,0.0,0.0,0,0,0
1756703393,5254,0.05,0.0,0.0,0.0,0.0,0.0,0.0,0.0,0,0,0
1756703393,5255,0.0,0.0,-0.07,0.0,0.0,0.0,0.0,0.0,0,0,0
1756703393,5256,0.0,0.0,-0.02,0.0,0.0,0.0,0.0,0.0,0,0,0
1756703393,5257,0.0,0.0,-0.03,0.0,0.0,0.0,0.0,0.0,0,0,0
1756703393,5258,0.0,0.0,-0.02,0.0,0.0,0.0,0.0,0.0,0,0,0
1756703393,5259,-0.03,0.0,0.0,0.0,0.0,0.0,0.0,0.0,0,0,0
1756703393,5260,0.02,0.0,0.0,0.0,0.0,0.0,0.0,0.0,0,0,0
1756703393,5261,0.0,0.0,0.0,0.0,0.0,0.0,0.0,0.0,0,0,0
1756703393,5262,0.01,0.0,-0.01,0.0,0.0,0.0,0.0,0.0,0,0,0
1756703393,5263,-0.05,0.0,0.0,0.0,0.0,0.0,0.0,0.0,0,0,0
1756703393,5264,0.0,0.0,0.0,0.0,0.0,0.0,0.0,0.0,0,0,0
1756703393,5265,0.0,0.0,0.01,0.0,0.0,0.0,0.0,0.0,0,0,0
1756703393,5266,0.03,0.0,-0.01,0.0,0.0,0.0,0.0,0.0,0,0,0
1756703393,5267,0.03,0.0,-0.03,0.0,0.0,0.0,0.0,0.0,0,0,0
1756703393,5268,0.05,0.0,-0.05,0.0,0.0,0.0,0.0,0.0,0,0,0
1756703393,5269,0.05,0.0,0.0,0.0,0.0,0.0,0.0,0.0,0,0,0
1756703393,5270,0.02,0.0,-0.03,0.0,0.0,0.0,0.0,0.0,0,0,0
1756703393,5271,0.05,0.0,0.0,0.0,0.0,0.0,0.0,0.0,0,0,0
1756703393,5272,0.02,0.0,0.0,0.0,0.0,0.0,0.0,0.0,0,0,0
1756703393,5273,0.0,0.0,0.0,0.0,0.0,0.0,0.0,0.0,0,0,0
1756703393,5274,0.03,0.0,-0.01,0.0,0.0,0.0,0.0,0.0,0,0,0
1756703393,5275,-0.01,0.0,-0.01,0.0,0.0,0.0,0.0,0.0,0,0,0
1756703393,5276,0.0,0.0,0.0,0.0,0.0,0.0,0.0,0.0,0,0,0
1756703393,5277,0.0,0.0,-0.02,0.0,0.0,0.0,0.0,0.0,0,0,0
1756703393,5278,0.01,0.0,0.0,0.0,0.0,0.0,0.0,0.0,0,0,0
1756703393,5279,-0.01,0.0,0.0,0.0,0.0,0.0,0.0,0.0,0,0,0
1756703393,5280,0.02,0.0,-0.01,0.0,0.0,0.0,0.0,0.0,0,0,0
1756703393,5281,-0.01,0.0,0.0,0.0,0.0,0.0,0.0,0.0,0,0,0
1756703393,5282,0.05,0.0,0.0,0.0,0.0,0.0,0.0,0.0,0,0,0
1756703393,5283,0.0,0.0,-0.05,0.0,0.0,0.0,0.0,0.0,0,0,0
1756703393,5284,0.0,0.0,0.0,0.0,0.0,0.0,0.0,0.0,0,0,0
1756703393,5285,0.0,0.0,-0.01,0.0,0.0,0.0,0.0,0.0,0,0,0
1756703393,5286,-0.01,0.0,-0.01,0.0,0.0,0.0,0.0,0.0,0,0,0
1756703393,5287,0.05,0.0,-0.03,0.0,0.0,0.0,0.0,0.0,0,0,0
1756703393,5288,0.02,0.0,-0.1,0.0,0.0,0.0,0.0,0.0,0,0,0
1756703393,5289,0.0,0.0,0.0,0.0,0.0,0.0,0.0,0.0,0,0,0
1756703393,5290,-0.1,0.0,-0.02,0.0,0.0,0.0,0.0,0.0,0,0,0
1756703393,5291,0.0,0.0,-0.02,0.0,0.0,0.0,0.0,0.0,0,0,0
1756703393,5292,0.0,0.0,-0.02,0.0,0.0,0.0,0.0,0.0,0,0,0
1756703393,5293,0.0,0.0,0.0,0.0,0.0,0.0,0.0,0.0,0,0,0
1756703393,5294,0.01,0.0,0.0,0.0,0.0,0.0,0.0,0.0,0,0,0
1756703393,5295,0.0,0.0,0.0,0.0,0.0,0.0,0.0,0.0,0,0,0
1756703393,5296,0.0,0.0,-0.01,0.0,0.0,0.0,0.0,0.0,0,0,0
1756703393,5297,0.05,0.0,0.0,0.0,0.0,0.0,0.0,0.0,0,0,0
1756703393,5298,0.01,0.0,0.0,0.0,0.0,0.0,0.0,0.0,0,0,0
1756703393,5299,0.0,0.0,-0.05,0.0,0.0,0.0,0.0,0.0,0,0,0
1756703393,5300,0.01,0.0,0.0,0.0,0.0,0.0,0.0,0.0,0,0,0
1756703393,5301,0.0,0.0,0.0,0.0,0.0,0.0,0.0,0.0,0,0,0
1756703393,5302,0.02,0.0,0.0,0.0,0.0,0.0,0.0,0.0,0,0,0
1756703393,5303,-0.02,0.0,0.05,0.0,0.0,0.0,0.0,0.0,0,0,0
1756703393,5304,0.03,0.0,-0.02,0.0,0.0,0.0,0.0,0.0,0,0,0
1756703393,5305,0.0,0.0,-0.05,0.0,0.0,0.0,0.0,0.0,0,0,0
1756703393,5306,0.05,0.0,0.0,0.0,0.0,0.0,0.0,0.0,0,0,0
1756703393,5307,0.0,0.0,0.0,0.0,0.0,0.0,0.0,0.0,0,0,0
1756703393,5308,0.0,0.0,0.0,0.0,0.0,0.0,0.0,0.0,0,0,0
1756703393,5309,0.02,0.0,-0.03,0.0,0.0,0.0,0.0,0.0,0,0,0
1756703393,5310,0.01,0.0,0.0,0.0,0.0,0.0,0.0,0.0,0,0,0
1756703394,5311,0.02,0.0,-0.01,0.0,0.0,0.0,0.0,0.0,0,0,0
1756703394,5312,0.03,0.0,0.05,0.0,0.0,0.0,0.0,0.0,0,0,0
1756703394,5313,0.03,0.0,0.0,0.0,0.0,0.0,0.0,0.0,0,0,0
1756703394,5314,0.0,0.0,-0.02,0.0,0.0,0.0,0.0,0.0,0,0,0
1756703394,5315,0.09,0.0,0.0,0.0,0.0,0.0,0.0,0.0,0,0,0
1756703394,5316,0.05,0.0,0.01,0.0,0.0,0.0,0.0,0.0,0,0,0
1756703394,5317,0.0,0.0,-0.03,0.0,0.0,0.0,0.0,0.0,0,0,0
1756703394,5318,0.0,0.0,-0.01,0.0,0.0,0.0,0.0,0.0,0,0,0
1756703394,5319,0.02,0.0,0.0,0.0,0.0,0.0,0.0,0.0,0,0,0
1756703394,5320,0.02,0.0,0.0,0.0,0.0,0.0,0.0,0.0,0,0,0
1756703394,5321,0.05,0.0,0.0,0.0,0.0,0.0,0.0,0.0,0,0,0
1756703394,5322,-0.03,0.0,0.02,0.0,0.0,0.0,0.0,0.0,0,0,0
1756703394,5323,0.0,0.0,0.0,0.0,0.0,0.0,0.0,0.0,0,0,0
1756703394,5324,0.0,0.0,-0.01,0.0,0.0,0.0,0.0,0.0,0,0,0
1756703394,5325,0.03,0.0,-0.1,0.0,0.0,0.0,0.0,0.0,0,0,0
1756703394,5326,0.02,0.0,0.0,0.0,0.0,0.0,0.0,0.0,0,0,0
1756703394,5327,0.0,0.0,0.0,0.0,0.0,0.0,0.0,0.0,0,0,0
1756703394,5328,0.01,0.0,0.03,0.0,0.0,0.0,0.0,0.0,0,0,0
1756703394,5329,0.02,0.0,-0.07,0.0,0.0,0.0,0.0,0.0,0,0,0
1756703394,5330,0.07,0.0,-0.03,0.0,0.0,0.0,0.0,0.0,0,0,0
1756703394,5331,0.0,0.0,0.0,0.0,0.0,0.0,0.0,0.0,0,0,0
1756703394,5332,0.02,0.0,-0.02,0.0,0.0,0.0,0.0,0.0,0,0,0
1756703394,5333,-0.01,0.0,0.0,0.0,0.0,0.0,0.0,0.0,0,0,0
1756703394,5334,-0.01,0.0,-0.03,0.0,0.0,0.0,0.0,0.0,0,0,0
1756703394,5335,0.02,0.0,0.0,0.0,0.0,0.0,0.0,0.0,0,0,0
1756703394,5336,0.02,0.0,0.0,0.0,0.0,0.0,0.0,0.0,0,0,0
1756703394,5337,0.0,0.0,-0.01,0.0,0.0,0.0,0.0,0.0,0,0,0
1756703394,5338,0.03,0.0,0.0,0.0,0.0,0.0,0.0,0.0,0,0,0
1756703394,5339,0.0,0.0,-0.02,0.0,0.0,0.0,0.0,0.0,0,0,0
1756703394,5340,0.0,0.0,0.0,0.0,0.0,0.0,0.0,0.0,0,0,0
1756703394,5341,0.0,0.0,-0.01,0.0,0.0,0.0,0.0,0.0,0,0,0
1756703394,5342,0.05,0.0,0.01,0.0,0.0,0.0,0.0,0.0,0,0,0
1756703394,5343,-0.03,0.0,0.0,0.0,0.0,0.0,0.0,0.0,0,0,0
1756703394,5344,0.0,0.0,-0.03,0.0,0.0,0.0,0.0,0.0,0,0,0
1756703394,5345,0.03,0.0,-0.07,0.0,0.0,0.0,0.0,0.0,0,0,0
1756703394,5346,0.0,0.0,-0.01,0.0,0.0,0.0,0.0,0.0,0,0,0
1756703394,5347,-0.02,0.0,-0.03,0.0,0.0,0.0,0.0,0.0,0,0,0
1756703394,5348,0.0,0.0,0.0,0.0,0.0,0.0,0.0,0.0,0,0,0
1756703394,5349,0.01,0.0,0.0,0.0,0.0,0.0,0.0,0.0,0,0,0
1756703394,5350,-0.02,0.0,-0.02,0.0,0.0,0.0,0.0,0.0,0,0,0
1756703394,5351,0.07,0.0,-0.01,0.0,0.0,0.0,0.0,0.0,0,0,0
1756703394,5352,-0.01,0.0,-0.07,0.0,0.0,0.0,0.0,0.0,0,0,0
1756703394,5353,-0.02,0.0,-0.02,0.0,0.0,0.0,0.0,0.0,0,0,0
1756703394,5354,0.0,0.0,-0.03,0.0,0.0,0.0,0.0,0.0,0,0,0
1756703394,5355,0.07,0.0,-0.01,0.0,0.0,0.0,0.0,0.0,0,0,0
1756703394,5356,0.0,0.0,0.0,0.0,0.0,0.0,0.0,0.0,0,0,0
1756703394,5357,0.0,0.0,-0.05,0.0,0.0,0.0,0.0,0.0,0,0,0
1756703394,5358,0.0,0.0,0.02,0.0,0.0,0.0,0.0,0.0,0,0,0
1756703394,5359,0.02,0.0,0.0,0.0,0.0,0.0,0.0,0.0,0,0,0
1756703394,5360,-0.02,0.0,-0.03,0.0,0.0,0.0,0.0,0.0,0,0,0
1756703394,5361,0.01,0.0,0.0,0.0,0.0,0.0,0.0,0.0,0,0,0
1756703394,5362,0.0,0.0,0.0,0.0,0.0,0.0,0.0,0.0,0,0,0
1756703394,5363,0.0,0.0,0.0,0.0,0.0,0.0,0.0,0.0,0,0,0
1756703394,5364,0.01,0.0,0.0,0.0,0.0,0.0,0.0,0.0,0,0,0
1756703394,5365,0.02,0.0,0.0,0.0,0.0,0.0,0.0,0.0,0,0,0
1756703394,5366,0.0,0.0,-0.05,0.0,0.0,0.0,0.0,0.0,0,0,0
1756703394,5367,0.0,0.0,-0.02,0.0,0.0,0.0,0.0,0.0,0,0,0
1756703394,5368,0.01,0.0,-0.02,0.0,0.0,0.0,0.0,0.0,0,0,0
1756703394,5369,0.01,0.0,0.0,0.0,0.0,0.0,0.0,0.0,0,0,0
1756703394,5370,0.0,0.0,-0.03,0.0,0.0,0.0,0.0,0.0,0,0,0
1756703394,5371,0.02,0.0,-0.03,0.0,0.0,0.0,0.0,0.0,0,0,0
1756703394,5372,0.0,0.0,-0.01,0.0,0.0,0.0,0.0,0.0,0,0,0
1756703394,5373,0.02,0.0,0.0,0.0,0.0,0.0,0.0,0.0,0,0,0
1756703395,5374,0.0,0.0,-0.03,0.0,0.0,0.0,0.0,0.0,0,0,0
1756703395,5375,0.05,0.0,-0.1,0.0,0.0,0.0,0.0,0.0,0,0,0
1756703395,5376,0.0,0.0,0.0,0.0,0.0,0.0,0.0,0.0,0,0,0
1756703395,5377,0.0,0.0,0.0,0.0,0.0,0.0,0.0,0.0,0,0,0
1756703395,5378,0.01,0.0,-0.01,0.0,0.0,0.0,0.0,0.0,0,0,0
1756703395,5379,0.03,0.0,0.0,0.0,0.0,0.0,0.0,0.0,0,0,0
1756703395,5380,0.05,0.0,-0.05,0.0,0.0,0.0,0.0,0.0,0,0,0
1756703395,5381,0.0,0.0,0.0,0.0,0.0,0.0,0.0,0.0,0,0,0
1756703395,5382,0.05,0.0,-0.01,0.0,0.0,0.0,0.0,0.0,0,0,0
1756703395,5383,0.01,0.0,0.01,0.0,0.0,0.0,0.0,0.0,0,0,0
1756703395,5384,0.0,0.0,-0.07,0.0,0.0,0.0,0.0,0.0,0,0,0
1756703395,5385,0.0,0.0,-0.03,0.0,0.0,0.0,0.0,0.0,0,0,0
1756703395,5386,0.0,0.0,0.0,0.0,0.0,0.0,0.0,0.0,0,0,0
1756703395,5387,0.0,0.0,0.0,0.0,0.0,0.0,0.0,0.0,0,0,0
1756703395,5388,0.0,0.0,-0.01,0.0,0.0,0.0,0.0,0.0,0,0,0
1756703395,5389,0.0,0.0,-0.01,0.0,0.0,0.0,0.0,0.0,0,0,0
1756703395,5390,0.0,0.0,-0.01,0.0,0.0,0.0,0.0,0.0,0,0,0
1756703395,5391,0.07,0.0,0.0,0.0,0.0,0.0,0.0,0.0,0,0,0
1756703395,5392,0.0,0.0,-0.02,0.0,0.0,0.0,0.0,0.0,0,0,0
1756703395,5393,0.01,0.0,-0.03,0.0,0.0,0.0,0.0,0.0,0,0,0
1756703395,5394,0.0,0.0,-0.02,0.0,0.0,0.0,0.0,0.0,0,0,0
1756703395,5395,0.02,0.0,0.0,0.0,0.0,0.0,0.0,0.0,0,0,0
1756703395,5396,0.01,0.0,-0.01,0.0,0.0,0.0,0.0,0.0,0,0,0
1756703395,5397,0.05,0.0,-0.03,0.0,0.0,0.0,0.0,0.0,0,0,0
1756703395,5398,-0.03,0.0,-0.02,0.0,0.0,0.0,0.0,0.0,0,0,0
1756703395,5399,0.05,0.0,-0.05,0.0,0.0,0.0,0.0,0.0,0,0,0
1756703395,5400,0.05,0.0,0.0,0.0,0.0,0.0,0.0,0.0,0,0,0
1756703395,5401,-0.01,0.0,-0.02,0.0,0.0,0.0,0.0,0.0,0,0,0
1756703395,5402,0.02,0.0,0.0,0.0,0.0,0.0,0.0,0.0,0,0,0
1756703395,5403,0.02,0.0,-0.03,0.0,0.0,0.0,0.0,0.0,0,0,0
1756703395,5404,-0.03,0.0,0.0,0.0,0.0,0.0,0.0,0.0,0,0,0
1756703395,5405,0.05,0.0,-0.01,0.0,0.0,0.0,0.0,0.0,0,0,0
1756703395,5406,0.0,0.0,0.0,0.0,0.0,0.0,0.0,0.0,0,0,0
1756703395,5407,0.05,0.0,-0.01,0.0,0.0,0.0,0.0,0.0,0,0,0
1756703395,5408,0.02,0.0,0.0,0.0,0.0,0.0,0.0,0.0,0,0,0
1756703395,5409,0.0,0.0,-0.01,0.0,0.0,0.0,0.0,0.0,0,0,0
1756703395,5410,0.0,0.0,0.0,0.0,0.0,0.0,0.0,0.0,0,0,0
1756703395,5411,0.0,0.0,-0.07,0.0,0.0,0.0,0.0,0.0,0,0,0
1756703395,5412,0.02,0.0,0.01,0.0,0.0,0.0,0.0,0.0,0,0,0
1756703395,5413,0.01,0.0,-0.03,0.0,0.0,0.0,0.0,0.0,0,0,0
1756703395,5414,0.07,0.0,0.0,0.0,0.0,0.0,0.0,0.0,0,0,0
1756703395,5415,0.05,0.0,-0.01,0.0,0.0,0.0,0.0,0.0,0,0,0
1756703395,5416,-0.01,0.0,-0.02,0.0,0.0,0.0,0.0,0.0,0,0,0
1756703395,5417,0.01,0.0,0.0,0.0,0.0,0.0,0.0,0.0,0,0,0
1756703395,5418,0.0,0.0,-0.02,0.0,0.0,0.0,0.0,0.0,0,0,0
1756703395,5419,0.02,0.0,0.0,0.0,0.0,0.0,0.0,0.0,0,0,0
1756703395,5420,0.0,0.0,0.0,0.0,0.0,0.0,0.0,0.0,0,0,0
1756703395,5421,0.0,0.0,0.0,0.0,0.0,0.0,0.0,0.0,0,0,0
1756703395,5422,0.0,0.0,0.0,0.0,0.0,0.0,0.0,0.0,0,0,0
1756703395,5423,0.02,0.0,0.0,0.0,0.0,0.0,0.0,0.0,0,0,0
1756703395,5424,0.01,0.0,-0.01,0.0,0.0,0.0,0.0,0.0,0,0,0
1756703395,5425,0.07,0.0,0.0,0.0,0.0,0.0,0.0,0.0,0,0,0
1756703395,5426,0.05,0.0,0.0,0.0,0.0,0.0,0.0,0.0,0,0,0
1756703395,5427,0.0,0.0,-0.01,0.0,0.0,0.0,0.0,0.0,0,0,0
1756703395,5428,-0.01,0.0,-0.02,0.0,0.0,0.0,0.0,0.0,0,0,0
1756703395,5429,0.01,0.0,-0.03,0.0,0.0,0.0,0.0,0.0,0,0,0
1756703395,5430,0.0,0.0,0.0,0.0,0.0,0.0,0.0,0.0,0,0,0
1756703395,5431,0.0,0.0,0.0,0.0,0.0,0.0,0.0,0.0,0,0,0
1756703395,5432,0.0,0.0,0.03,0.0,0.0,0.0,0.0,0.0,0,0,0
1756703395,5433,0.07,0.0,0.0,0.0,0.0,0.0,0.0,0.0,0,0,0
1756703395,5434,0.0,0.0,0.0,0.0,0.0,0.0,0.0,0.0,0,0,0
1756703395,5435,0.0,0.0,-0.05,0.0,0.0,0.0,0.0,0.0,0,0,0
1756703395,5436,0.0,0.0,0.0,0.0,0.0,0.0,0.0,0.0,0,0,0
1756703395,5437,0.03,0.0,-0.02,0.0,0.0,0.0,0.0,0.0,0,0,0
1756703395,5438,0.05,0.0,0.0,0.0,0.0,0.0,0.0,0.0,0,0,0
1756703395,5439,0.02,0.0,0.0,0.0,0.0,0.0,0.0,0.0,0,0,0
1756703395,5440,-0.01,0.0,-0.01,0.0,0.0,0.0,0.0,0.0,0,0,0
1756703395,5441,0.0,0.0,-0.01,0.0,0.0,0.0,0.0,0.0,0,0,0
1756703395,5442,-0.03,0.0,-0.01,0.0,0.0,0.0,0.0,0.0,0,0,0
1756703396,5443,0.05,0.0,0.0,0.0,0.0,0.0,0.0,0.0,0,0,0
1756703396,5444,0.05,0.0,0.0,0.0,0.0,0.0,0.0,0.0,0,0,0
1756703396,5445,0.0,0.0,0.0,0.0,0.0,0.0,0.0,0.0,0,0,0
1756703396,5446,0.02,0.0,0.0,0.0,0.0,0.0,0.0,0.0,0,0,0
1756703396,5447,0.02,0.0,-0.01,0.0,0.0,0.0,0.0,0.0,0,0,0
1756703396,5448,0.01,0.0,-0.02,0.0,0.0,0.0,0.0,0.0,0,0,0
1756703396,5449,0.0,0.0,0.0,0.0,0.0,0.0,0.0,0.0,0,0,0
1756703396,5450,-0.05,0.0,-0.01,0.0,0.0,0.0,0.0,0.0,0,0,0
1756703396,5451,0.0,0.0,-0.05,0.0,0.0,0.0,0.0,0.0,0,0,0
1756703396,5452,0.1,0.0,-0.01,0.0,0.0,0.0,0.0,0.0,0,0,0
1756703396,5453,-0.01,0.0,0.0,0.0,0.0,0.0,0.0,0.0,0,0,0
1756703396,5454,0.05,0.0,0.0,0.0,0.0,0.0,0.0,0.0,0,0,0
1756703396,5455,0.07,0.0,-0.01,0.0,0.0,0.0,0.0,0.0,0,0,0
1756703396,5456,0.02,0.0,0.01,0.0,0.0,0.0,0.0,0.0,0,0,0
1756703396,5457,0.0,0.0,0.03,0.0,0.0,0.0,0.0,0.0,0,0,0
1756703396,5458,-0.1,0.0,-0.01,0.0,0.0,0.0,0.0,0.0,0,0,0
1756703396,5459,0.03,0.0,-0.03,0.0,0.0,0.0,0.0,0.0,0,0,0
1756703396,5460,-0.03,0.0,-0.05,0.0,0.0,0.0,0.0,0.0,0,0,0
1756703396,5461,-0.01,0.0,0.03,0.0,0.0,0.0,0.0,0.0,0,0,0
1756703396,5462,0.05,0.0,-0.02,0.0,0.0,0.0,0.0,0.0,0,0,0
1756703396,5463,0.02,0.0,0.0,0.0,0.0,0.0,0.0,0.0,0,0,0
1756703396,5464,0.0,0.0,0.0,0.0,0.0,0.0,0.0,0.0,0,0,0
1756703396,5465,0.03,0.0,0.0,0.0,0.0,0.0,0.0,0.0,0,0,0
1756703396,5466,-0.03,0.0,-0.02,0.0,0.0,0.0,0.0,0.0,0,0,0
1756703396,5467,0.03,0.0,0.0,0.0,0.0,0.0,0.0,0.0,0,0,0
1756703396,5468,0.0,0.0,-0.05,0.0,0.0,0.0,0.0,0.0,0,0,0
1756703396,5469,0.03,0.0,0.03,0.0,0.0,0.0,0.0,0.0,0,0,0
1756703396,5470,0.1,0.0,-0.01,0.0,0.0,0.0,0.0,0.0,0,0,0
1756703396,5471,0.05,0.0,0.0,0.0,0.0,0.0,0.0,0.0,0,0,0
1756703396,5472,0.0,0.0,0.0,0.0,0.0,0.0,0.0,0.0,0,0,0
1756703396,5473,0.01,0.0,0.0,0.0,0.0,0.0,0.0,0.0,0,0,0
1756703396,5474,0.02,0.0,-0.02,0.0,0.0,0.0,0.0,0.0,0,0,0
1756703396,5475,0.05,0.0,-0.02,0.0,0.0,0.0,0.0,0.0,0,0,0
1756703396,5476,-0.01,0.0,0.0,0.0,0.0,0.0,0.0,0.0,0,0,0
1756703396,5477,-0.05,0.0,-0.05,0.0,0.0,0.0,0.0,0.0,0,0,0
1756703396,5478,0.05,0.0,0.0,0.0,0.0,0.0,0.0,0.0,0,0,0
1756703396,5479,0.01,0.0,0.0,0.0,0.0,0.0,0.0,0.0,0,0,0
1756703396,5480,0.0,0.0,-0.01,0.0,0.0,0.0,0.0,0.0,0,0,0
1756703396,5481,0.02,0.0,-0.02,0.0,0.0,0.0,0.0,0.0,0,0,0
1756703396,5482,0.05,0.0,-0.01,0.0,0.0,0.0,0.0,0.0,0,0,0
1756703396,5483,0.05,0.0,-0.05,0.0,0.0,0.0,0.0,0.0,0,0,0
1756703396,5484,0.05,0.0,0.0,0.0,0.0,0.0,0.0,0.0,0,0,0
1756703396,5485,0.0,0.0,-0.01,0.0,0.0,0.0,0.0,0.0,0,0,0
1756703396,5486,0.01,0.0,0.07,0.0,0.0,0.0,0.0,0.0,0,0,0
1756703396,5487,-0.07,0.0,-0.05,0.0,0.0,0.0,0.0,0.0,0,0,0
1756703396,5488,0.05,0.0,0.0,0.0,0.0,0.0,0.0,0.0,0,0,0
1756703396,5489,0.0,0.0,0.0,0.0,0.0,0.0,0.0,0.0,0,0,0
1756703396,5490,0.0,0.0,0.0,0.0,0.0,0.0,0.0,0.0,0,0,0
1756703396,5491,0.0,0.0,-0.05,0.0,0.0,0.0,0.0,0.0,0,0,0
1756703396,5492,0.01,0.0,0.03,0.0,0.0,0.0,0.0,0.0,0,0,0
1756703396,5493,0.05,0.0,-0.1,0.0,0.0,0.0,0.0,0.0,0,0,0
1756703396,5494,0.07,0.0,-0.03,0.0,0.0,0.0,0.0,0.0,0,0,0
1756703396,5495,0.02,0.0,-0.05,0.0,0.0,0.0,0.0,0.0,0,0,0
1756703396,5496,-0.01,0.0,-0.01,0.0,0.0,0.0,0.0,0.0,0,0,0
1756703396,5497,0.01,0.0,0.03,0.0,0.0,0.0,0.0,0.0,0,0,0
1756703396,5498,0.03,0.0,0.0,0.0,0.0,0.0,0.0,0.0,0,0,0
1756703396,5499,-0.02,0.0,-0.03,0.0,0.0,0.0,0.0,0.0,0,0,0
1756703396,5500,0.01,0.0,-0.05,0.0,0.0,0.0,0.0,0.0,0,0,0
1756703396,5501,0.02,0.0,0.0,0.0,0.0,0.0,0.0,0.0,0,0,0
1756703396,5502,0.01,0.0,-0.02,0.0,0.0,0.0,0.0,0.0,0,0,0
1756703396,5503,0.0,0.0,0.0,0.0,0.0,0.0,0.0,0.0,0,0,0
1756703396,5504,-0.05,0.0,-0.02,0.0,0.0,0.0,0.0,0.0,0,0,0
1756703396,5505,0.0,0.0,0.02,0.0,0.0,0.0,0.0,0.0,0,0,0
1756703396,5506,-0.02,0.0,0.0,0.0,0.0,0.0,0.0,0.0,0,0,0
1756703396,5507,0.05,0.0,0.0,0.0,0.0,0.0,0.0,0.0,0,0,0
1756703396,5508,0.02,0.0,-0.02,0.0,0.0,0.0,0.0,0.0,0,0,0
1756703396,5509,0.03,0.0,-0.05,0.0,0.0,0.0,0.0,0.0,0,0,0
1756703397,5510,0.0,0.0,-0.01,0.0,0.0,0.0,0.0,0.0,0,0,0
1756703397,5511,0.0,0.0,-0.11,0.0,0.0,0.0,0.0,0.0,0,0,0
1756703397,5512,0.0,0.0,0.07,0.0,0.0,0.0,0.0,0.0,0,0,0
1756703397,5513,0.0,0.0,0.05,0.0,0.0,0.0,0.0,0.0,0,0,0
1756703397,5514,0.01,0.0,0.0,0.0,0.0,0.0,0.0,0.0,0,0,0
1756703397,5515,0.0,0.0,-0.01,0.0,0.0,0.0,0.0,0.0,0,0,0
1756703397,5516,0.03,0.0,0.0,0.0,0.0,0.0,0.0,0.0,0,0,0
1756703397,5517,0.02,0.0,0.0,0.0,0.0,0.0,0.0,0.0,0,0,0
1756703397,5518,0.05,0.0,0.0,0.0,0.0,0.0,0.0,0.0,0,0,0
1756703397,5519,0.0,0.0,-0.01,0.0,0.0,0.0,0.0,0.0,0,0,0
1756703397,5520,0.0,0.0,0.0,0.0,0.0,0.0,0.0,0.0,0,0,0
1756703397,5521,0.0,0.0,0.0,0.0,0.0,0.0,0.0,0.0,0,0,0
1756703397,5522,0.05,0.0,-0.02,0.0,0.0,0.0,0.0,0.0,0,0,0
1756703397,5523,0.07,0.0,0.0,0.0,0.0,0.0,0.0,0.0,0,0,0
1756703397,5524,0.01,0.0,-0.05,0.0,0.0,0.0,0.0,0.0,0,0,0
1756703397,5525,0.03,0.0,0.0,0.0,0.0,0.0,0.0,0.0,0,0,0
1756703397,5526,0.01,0.0,-0.02,0.0,0.0,0.0,0.0,0.0,0,0,0
1756703397,5527,0.03,0.0,-0.01,0.0,0.0,0.0,0.0,0.0,0,0,0
1756703397,5528,-0.01,0.0,0.0,0.0,0.0,0.0,0.0,0.0,0,0,0
1756703397,5529,-0.03,0.0,-0.02,0.0,0.0,0.0,0.0,0.0,0,0,0
1756703397,5530,0.0,0.0,-0.05,0.0,0.0,0.0,0.0,0.0,0,0,0
1756703397,5531,0.05,0.0,0.0,0.0,0.0,0.0,0.0,0.0,0,0,0
1756703397,5532,0.01,0.0,0.0,0.0,0.0,0.0,0.0,0.0,0,0,0
1756703397,5533,0.0,0.0,0.03,0.0,0.0,0.0,0.0,0.0,0,0,0
1756703397,5534,-0.03,0.0,-0.07,0.0,0.0,0.0,0.0,0.0,0,0,0
1756703397,5535,0.07,0.0,0.0,0.0,0.0,0.0,0.0,0.0,0,0,0
1756703397,5536,0.01,0.0,-0.09,0.0,0.0,0.0,0.0,0.0,0,0,0
1756703397,5537,0.0,0.0,0.0,0.0,0.0,0.0,0.0,0.0,0,0,0
1756703397,5538,0.02,0.0,0.0,0.0,0.0,0.0,0.0,0.0,0,0,0
1756703397,5539,0.02,0.0,-0.07,0.0,0.0,0.0,0.0,0.0,0,0,0
1756703397,5540,0.0,0.0,-0.05,0.0,0.0,0.0,0.0,0.0,0,0,0
1756703397,5541,0.01,0.0,0.0,0.0,0.0,0.0,0.0,0.0,0,0,0
1756703397,5542,0.05,0.0,0.0,0.0,0.0,0.0,0.0,0.0,0,0,0
1756703397,5543,0.03,0.0,-0.03,0.0,0.0,0.0,0.0,0.0,0,0,0
1756703397,5544,0.07,0.0,0.0,0.0,0.0,0.0,0.0,0.0,0,0,0
1756703397,5545,0.0,0.0,0.0,0.0,0.0,0.0,0.0,0.0,0,0,0
1756703397,5546,-0.1,0.0,-0.03,0.0,0.0,0.0,0.0,0.0,0,0,0
1756703397,5547,0.0,0.0,0.0,0.0,0.0,0.0,0.0,0.0,0,0,0
1756703397,5548,0.02,0.0,0.0,0.0,0.0,0.0,0.0,0.0,0,0,0
1756703397,5549,0.03,0.0,0.0,0.0,0.0,0.0,0.0,0.0,0,0,0
1756703397,5550,0.03,0.0,0.0,0.0,0.0,0.0,0.0,0.0,0,0,0
1756703397,5551,-0.05,0.0,0.0,0.0,0.0,0.0,0.0,0.0,0,0,0
1756703397,5552,0.0,0.0,0.01,0.0,0.0,0.0,0.0,0.0,0,0,0
1756703397,5553,0.07,0.0,-0.01,0.0,0.0,0.0,0.0,0.0,0,0,0
1756703397,5554,0.02,0.0,-0.01,0.0,0.0,0.0,0.0,0.0,0,0,0
1756703397,5555,0.0,0.0,0.0,0.0,0.0,0.0,0.0,0.0,0,0,0
1756703397,5556,0.03,0.0,-0.02,0.0,0.0,0.0,0.0,0.0,0,0,0
1756703397,5557,0.01,0.0,-0.02,0.0,0.0,0.0,0.0,0.0,0,0,0
1756703397,5558,0.0,0.0,0.0,0.0,0.0,0.0,0.0,0.0,0,0,0
1756703397,5559,-0.01,0.0,-0.01,0.0,0.0,0.0,0.0,0.0,0,0,0
1756703397,5560,0.01,0.0,-0.02,0.0,0.0,0.0,0.0,0.0,0,0,0
1756703397,5561,0.02,0.0,0.0,0.0,0.0,0.0,0.0,0.0,0,0,0
1756703397,5562,0.03,0.0,0.0,0.0,0.0,0.0,0.0,0.0,0,0,0
1756703397,5563,0.0,0.0,0.0,0.0,0.0,0.0,0.0,0.0,0,0,0
1756703397,5564,0.03,0.0,-0.02,0.0,0.0,0.0,0.0,0.0,0,0,0
1756703397,5565,0.01,0.0,0.03,0.0,0.0,0.0,0.0,0.0,0,0,0
1756703397,5566,0.0,0.0,-0.01,0.0,0.0,0.0,0.0,0.0,0,0,0
1756703397,5567,0.0,0.0,0.05,0.0,0.0,0.0,0.0,0.0,0,0,0
1756703397,5568,0.03,0.0,-0.02,0.0,0.0,0.0,0.0,0.0,0,0,0
1756703397,5569,0.01,0.0,-0.03,0.0,0.0,0.0,0.0,0.0,0,0,0
1756703397,5570,-0.01,0.0,-0.02,0.0,0.0,0.0,0.0,0.0,0,0,0
1756703397,5571,0.02,0.0,-0.03,0.0,0.0,0.0,0.0,0.0,0,0,0
1756703397,5572,0.01,0.0,0.0,0.0,0.0,0.0,0.0,0.0,0,0,0
1756703397,5573,0.05,0.0,-0.01,0.0,0.0,0.0,0.0,0.0,0,0,0
1756703397,5574,0.01,0.0,0.05,0.0,0.0,0.0,0.0,0.0,0,0,0
1756703398,5575,0.05,0.0,-0.01,0.0,0.0,0.0,0.0,0.0,0,0,0
1756703398,5576,0.0,0.0,-0.05,0.0,0.0,0.0,0.0,0.0,0,0,0
1756703398,5577,0.01,0.0,-0.07,0.0,0.0,0.0,0.0,0.0,0,0,0
1756703398,5578,0.01,0.0,-0.03,0.0,0.0,0.0,0.0,0.0,0,0,0
1756703398,5579,0.0,0.0,0.0,0.0,0.0,0.0,0.0,0.0,0,0,0
1756703398,5580,0.0,0.0,0.0,0.0,0.0,0.0,0.0,0.0,0,0,0
1756703398,5581,0.03,0.0,-0.07,0.0,0.0,0.0,0.0,0.0,0,0,0
1756703398,5582,0.0,0.0,0.0,0.0,0.0,0.0,0.0,0.0,0,0,0
1756703398,5583,0.02,0.0,-0.01,0.0,0.0,0.0,0.0,0.0,0,0,0
1756703398,5584,0.01,0.0,-0.02,0.0,0.0,0.0,0.0,0.0,0,0,0
1756703398,5585,0.01,0.0,-0.02,0.0,0.0,0.0,0.0,0.0,0,0,0
1756703398,5586,-0.01,0.0,-0.01,0.0,0.0,0.0,0.0,0.0,0,0,0
1756703398,5587,0.03,0.0,0.0,0.0,0.0,0.0,0.0,0.0,0,0,0
1756703398,5588,-0.02,0.0,-0.03,0.0,0.0,0.0,0.0,0.0,0,0,0
1756703398,5589,0.02,0.0,-0.02,0.0,0.0,0.0,0.0,0.0,0,0,0
1756703398,5590,0.0,0.0,-0.02,0.0,0.0,0.0,0.0,0.0,0,0,0
1756703398,5591,0.01,0.0,-0.07,0.0,0.0,0.0,0.0,0.0,0,0,0
1756703398,5592,0.0,0.0,-0.05,0.0,0.0,0.0,0.0,0.0,0,0,0
1756703398,5593,0.05,0.0,-0.05,0.0,0.0,0.0,0.0,0.0,0,0,0
1756703398,5594,0.02,0.0,-0.05,0.0,0.0,0.0,0.0,0.0,0,0,0
1756703398,5595,0.03,0.0,0.02,0.0,0.0,0.0,0.0,0.0,0,0,0
1756703398,5596,0.0,0.0,-0.01,0.0,0.0,0.0,0.0,0.0,0,0,0
1756703398,5597,0.0,0.0,-0.01,0.0,0.0,0.0,0.0,0.0,0,0,0
1756703398,5598,0.0,0.0,0.0,0.0,0.0,0.0,0.0,0.0,0,0,0
1756703398,5599,0.01,0.0,-0.1,0.0,0.0,0.0,0.0,0.0,0,0,0
1756703398,5600,0.0,0.0,0.0,0.0,0.0,0.0,0.0,0.0,0,0,0
1756703398,5601,0.0,0.0,-0.02,0.0,0.0,0.0,0.0,0.0,0,0,0
1756703398,5602,0.02,0.0,0.0,0.0,0.0,0.0,0.0,0.0,0,0,0
1756703398,5603,0.0,0.0,0.05,0.0,0.0,0.0,0.0,0.0,0,0,0
1756703398,5604,0.01,0.0,-0.05,0.0,0.0,0.0,0.0,0.0,0,0,0
1756703398,5605,0.02,0.0,-0.03,0.0,0.0,0.0,0.0,0.0,0,0,0
1756703398,5606,0.0,0.0,-0.05,0.0,0.0,0.0,0.0,0.0,0,0,0
1756703398,5607,0.0,0.0,-0.1,0.0,0.0,0.0,0.0,0.0,0,0,0
1756703398,5608,0.0,0.0,-0.01,0.0,0.0,0.0,0.0,0.0,0,0,0
1756703398,5609,0.0,0.0,-0.01,0.0,0.0,0.0,0.0,0.0,0,0,0
1756703398,5610,0.0,0.0,0.0,0.0,0.0,0.0,0.0,0.0,0,0,0
1756703398,5611,0.0,0.0,-0.01,0.0,0.0,0.0,0.0,0.0,0,0,0
1756703398,5612,0.01,0.0,0.0,0.0,0.0,0.0,0.0,0.0,0,0,0
1756703398,5613,0.0,0.0,0.0,0.0,0.0,0.0,0.0,0.0,0,0,0
1756703398,5614,0.0,0.0,-0.09,0.0,0.0,0.0,0.0,0.0,0,0,0
1756703398,5615,0.02,0.0,0.03,0.0,0.0,0.0,0.0,0.0,0,0,0
1756703398,5616,0.02,0.0,-0.01,0.0,0.0,0.0,0.0,0.0,0,0,0
1756703398,5617,-0.01,0.0,0.02,0.0,0.0,0.0,0.0,0.0,0,0,0
1756703398,5618,0.0,0.0,-0.01,0.0,0.0,0.0,0.0,0.0,0,0,0
1756703398,5619,0.01,0.0,0.01,0.0,0.0,0.0,0.0,0.0,0,0,0
1756703398,5620,0.02,0.0,-0.05,0.0,0.0,0.0,0.0,0.0,0,0,0
1756703398,5621,0.0,0.0,-0.02,0.0,0.0,0.0,0.0,0.0,0,0,0
1756703398,5622,0.02,0.0,0.01,0.0,0.0,0.0,0.0,0.0,0,0,0
1756703398,5623,0.1,0.0,0.0,0.0,0.0,0.0,0.0,0.0,0,0,0
1756703398,5624,0.0,0.0,0.0,0.0,0.0,0.0,0.0,0.0,0,0,0
1756703398,5625,0.01,0.0,0.03,0.0,0.0,0.0,0.0,0.0,0,0,0
1756703398,5626,0.0,0.0,-0.01,0.0,0.0,0.0,0.0,0.0,0,0,0
1756703398,5627,0.07,0.0,-0.02,0.0,0.0,0.0,0.0,0.0,0,0,0
1756703398,5628,0.0,0.0,0.0,0.0,0.0,0.0,0.0,0.0,0,0,0
1756703398,5629,0.0,0.0,0.0,0.0,0.0,0.0,0.0,0.0,0,0,0
1756703398,5630,0.03,0.0,-0.02,0.0,0.0,0.0,0.0,0.0,0,0,0
1756703398,5631,-0.01,0.0,0.0,0.0,0.0,0.0,0.0,0.0,0,0,0
1756703398,5632,0.01,0.0,-0.03,0.0,0.0,0.0,0.0,0.0,0,0,0
1756703398,5633,0.0,0.0,-0.03,0.0,0.0,0.0,0.0,0.0,0,0,0
1756703398,5634,0.0,0.0,0.0,0.0,0.0,0.0,0.0,0.0,0,0,0
1756703398,5635,0.0,0.0,0.0,0.0,0.0,0.0,0.0,0.0,0,0,0
1756703398,5636,0.0,0.0,0.0,0.0,0.0,0.0,0.0,0.0,0,0,0
1756703398,5637,0.0,0.0,-0.05,0.0,0.0,0.0,0.0,0.0,0,0,0
1756703398,5638,0.0,0.0,-0.02,0.0,0.0,0.0,0.0,0.0,0,0,0
1756703398,5639,0.07,0.0,0.0,0.0,0.0,0.0,0.0,0.0,0,0,0
1756703399,5640,0.02,0.0,-0.03,0.0,0.0,0.0,0.0,0.0,0,0,0
1756703399,5641,0.07,0.0,-0.02,0.0,0.0,0.0,0.0,0.0,0,0,0
1756703399,5642,0.0,0.0,-0.02,0.0,0.0,0.0,0.0,0.0,0,0,0
1756703399,5643,-0.02,0.0,0.0,0.0,0.0,0.0,0.0,0.0,0,0,0
1756703399,5644,0.0,0.0,-0.02,0.0,0.0,0.0,0.0,0.0,0,0,0
1756703399,5645,0.01,0.0,-0.03,0.0,0.0,0.0,0.0,0.0,0,0,0
1756703399,5646,0.05,0.0,0.0,0.0,0.0,0.0,0.0,0.0,0,0,0
1756703399,5647,0.05,0.0,-0.01,0.0,0.0,0.0,0.0,0.0,0,0,0
1756703399,5648,0.01,0.0,0.0,0.0,0.0,0.0,0.0,0.0,0,0,0
1756703399,5649,0.02,0.0,0.0,0.0,0.0,0.0,0.0,0.0,0,0,0
1756703399,5650,0.03,0.0,0.0,0.0,0.0,0.0,0.0,0.0,0,0,0
1756703399,5651,0.02,0.0,0.0,0.0,0.0,0.0,0.0,0.0,0,0,0
1756703399,5652,0.0,0.0,0.0,0.0,0.0,0.0,0.0,0.0,0,0,0
1756703399,5653,0.0,0.0,0.0,0.0,0.0,0.0,0.0,0.0,0,0,0
1756703399,5654,0.0,0.0,-0.05,0.0,0.0,0.0,0.0,0.0,0,0,0
1756703399,5655,0.0,0.0,-0.01,0.0,0.0,0.0,0.0,0.0,0,0,0
1756703399,5656,0.0,0.0,-0.01,0.0,0.0,0.0,0.0,0.0,0,0,0
1756703399,5657,0.0,0.0,0.0,0.0,0.0,0.0,0.0,0.0,0,0,0
1756703399,5658,0.0,0.0,-0.02,0.0,0.0,0.0,0.0,0.0,0,0,0
1756703399,5659,0.03,0.0,0.01,0.0,0.0,0.0,0.0,0.0,0,0,0
1756703399,5660,0.05,0.0,-0.02,0.0,0.0,0.0,0.0,0.0,0,0,0
1756703399,5661,0.0,0.0,-0.01,0.0,0.0,0.0,0.0,0.0,0,0,0
1756703399,5662,0.0,0.0,0.0,0.0,0.0,0.0,0.0,0.0,0,0,0
1756703399,5663,-0.02,0.0,-0.03,0.0,0.0,0.0,0.0,0.0,0,0,0
1756703399,5664,0.0,0.0,-0.01,0.0,0.0,0.0,0.0,0.0,0,0,0
1756703399,5665,0.0,0.0,-0.05,0.0,0.0,0.0,0.0,0.0,0,0,0
1756703399,5666,-0.01,0.0,-0.01,0.0,0.0,0.0,0.0,0.0,0,0,0
1756703399,5667,0.0,0.0,-0.05,0.0,0.0,0.0,0.0,0.0,0,0,0
1756703399,5668,0.0,0.0,-0.05,0.0,0.0,0.0,0.0,0.0,0,0,0
1756703399,5669,0.07,0.0,-0.02,0.0,0.0,0.0,0.0,0.0,0,0,0
1756703399,5670,0.05,0.0,0.0,0.0,0.0,0.0,0.0,0.0,0,0,0
1756703399,5671,0.05,0.0,0.03,0.0,0.0,0.0,0.0,0.0,0,0,0
1756703399,5672,0.0,0.0,-0.05,0.0,0.0,0.0,0.0,0.0,0,0,0
1756703399,5673,0.0,0.0,0.0,0.0,0.0,0.0,0.0,0.0,0,0,0
1756703399,5674,0.0,0.0,-0.05,0.0,0.0,0.0,0.0,0.0,0,0,0
1756703399,5675,0.02,0.0,0.0,0.0,0.0,0.0,0.0,0.0,0,0,0
1756703399,5676,0.01,0.0,0.0,0.0,0.0,0.0,0.0,0.0,0,0,0
1756703399,5677,0.01,0.0,-0.01,0.0,0.0,0.0,0.0,0.0,0,0,0
1756703399,5678,0.02,0.0,-0.01,0.0,0.0,0.0,0.0,0.0,0,0,0
1756703399,5679,-0.05,0.0,0.07,0.0,0.0,0.0,0.0,0.0,0,0,0
1756703399,5680,0.0,0.0,0.0,0.0,0.0,0.0,0.0,0.0,0,0,0
1756703399,5681,0.03,0.0,-0.03,0.0,0.0,0.0,0.0,0.0,0,0,0
1756703399,5682,0.01,0.0,-0.05,0.0,0.0,0.0,0.0,0.0,0,0,0
1756703399,5683,0.0,0.0,-0.02,0.0,0.0,0.0,0.0,0.0,0,0,0
1756703399,5684,-0.01,0.0,-0.01,0.0,0.0,0.0,0.0,0.0,0,0,0
1756703399,5685,0.0,0.0,-0.02,0.0,0.0,0.0,0.0,0.0,0,0,0
1756703399,5686,-0.05,0.0,0.01,0.0,0.0,0.0,0.0,0.0,0,0,0
1756703399,5687,0.02,0.0,0.02,0.0,0.0,0.0,0.0,0.0,0,0,0
1756703399,5688,0.0,0.0,0.07,0.0,0.0,0.0,0.0,0.0,0,0,0
1756703399,5689,0.0,0.0,0.0,0.0,0.0,0.0,0.0,0.0,0,0,0
1756703399,5690,0.02,0.0,0.0,0.0,0.0,0.0,0.0,0.0,0,0,0
1756703399,5691,0.0,0.0,-0.02,0.0,0.0,0.0,0.0,0.0,0,0,0
1756703399,5692,0.0,0.0,-0.02,0.0,0.0,0.0,0.0,0.0,0,0,0
1756703399,5693,0.03,0.0,-0.01,0.0,0.0,0.0,0.0,0.0,0,0,0
1756703399,5694,0.01,0.0,0.0,0.0,0.0,0.0,0.0,0.0,0,0,0
1756703399,5695,0.03,0.0,-0.05,0.0,0.0,0.0,0.0,0.0,0,0,0
1756703399,5696,0.03,0.0,0.0,0.0,0.0,0.0,0.0,0.0,0,0,0
1756703399,5697,0.01,0.0,0.0,0.0,0.0,0.0,0.0,0.0,0,0,0
1756703399,5698,0.0,0.0,0.0,0.0,0.0,0.0,0.0,0.0,0,0,0
1756703399,5699,0.0,0.0,-0.01,0.0,0.0,0.0,0.0,0.0,0,0,0
1756703399,5700,-0.05,0.0,-0.05,0.0,0.0,0.0,0.0,0.0,0,0,0
1756703399,5701,-0.03,0.0,0.0,0.0,0.0,0.0,0.0,0.0,0,0,0
1756703399,5702,0.03,0.0,0.02,0.0,0.0,0.0,0.0,0.0,0,0,0
1756703399,5703,0.02,0.0,0.07,0.0,0.0,0.0,0.0,0.0,0,0,0
1756703400,5704,0.03,0.0,-0.02,0.0,0.0,0.0,0.0,0.0,0,0,0
1756703400,5705,0.0,0.0,-0.02,0.0,0.0,0.0,0.0,0.0,0,0,0
1756703400,5706,0.02,0.0,0.0,0.0,0.0,0.0,0.0,0.0,0,0,0
1756703400,5707,0.0,0.0,-0.01,0.0,0.0,0.0,0.0,0.0,0,0,0
1756703400,5708,0.05,0.0,-0.03,0.0,0.0,0.0,0.0,0.0,0,0,0
1756703400,5709,0.05,0.0,-0.03,0.0,0.0,0.0,0.0,0.0,0,0,0
1756703400,5710,0.0,0.0,-0.07,0.0,0.0,0.0,0.0,0.0,0,0,0
1756703400,5711,0.01,0.0,-0.02,0.0,0.0,0.0,0.0,0.0,0,0,0
1756703400,5712,0.05,0.0,-0.05,0.0,0.0,0.0,0.0,0.0,0,0,0
1756703400,5713,0.0,0.0,-0.05,0.0,0.0,0.0,0.0,0.0,0,0,0
1756703400,5714,0.01,0.0,-0.02,0.0,0.0,0.0,0.0,0.0,0,0,0
1756703400,5715,0.03,0.0,-0.01,0.0,0.0,0.0,0.0,0.0,0,0,0
1756703400,5716,0.0,0.0,-0.01,0.0,0.0,0.0,0.0,0.0,0,0,0
1756703400,5717,0.0,0.0,-0.07,0.0,0.0,0.0,0.0,0.0,0,0,0
1756703400,5718,0.05,0.0,-0.01,0.0,0.0,0.0,0.0,0.0,0,0,0
1756703400,5719,0.0,0.0,0.0,0.0,0.0,0.0,0.0,0.0,0,0,0
1756703400,5720,0.0,0.0,-0.03,0.0,0.0,0.0,0.0,0.0,0,0,0
1756703400,5721,0.0,0.0,-0.02,0.0,0.0,0.0,0.0,0.0,0,0,0
1756703400,5722,0.0,0.0,-0.07,0.0,0.0,0.0,0.0,0.0,0,0,0
1756703400,5723,0.05,0.0,0.0,0.0,0.0,0.0,0.0,0.0,0,0,0
1756703400,5724,-0.01,0.0,0.0,0.0,0.0,0.0,0.0,0.0,0,0,0
1756703400,5725,0.02,0.0,0.0,0.0,0.0,0.0,0.0,0.0,0,0,0
1756703400,5726,-0.01,0.0,-0.03,0.0,0.0,0.0,0.0,0.0,0,0,0
1756703400,5727,0.01,0.0,-0.02,0.0,0.0,0.0,0.0,0.0,0,0,0
1756703400,5728,-0.05,0.0,-0.02,0.0,0.0,0.0,0.0,0.0,0,0,0
1756703400,5729,0.0,0.0,-0.01,0.0,0.0,0.0,0.0,0.0,0,0,0
1756703400,5730,0.07,0.0,0.0,0.0,0.0,0.0,0.0,0.0,0,0,0
1756703400,5731,0.03,0.0,-0.02,0.0,0.0,0.0,0.0,0.0,0,0,0
1756703400,5732,0.0,0.0,0.02,0.0,0.0,0.0,0.0,0.0,0,0,0
1756703400,5733,0.0,0.0,0.01,0.0,0.0,0.0,0.0,0.0,0,0,0
1756703400,5734,0.01,0.0,-0.05,0.0,0.0,0.0,0.0,0.0,0,0,0
1756703400,5735,0.0,0.0,0.0,0.0,0.0,0.0,0.0,0.0,0,0,0
1756703400,5736,0.0,0.0,0.0,0.0,0.0,0.0,0.0,0.0,0,0,0
1756703400,5737,0.0,0.0,-0.07,0.0,0.0,0.0,0.0,0.0,0,0,0
1756703400,5738,0.05,0.0,-0.02,0.0,0.0,0.0,0.0,0.0,0,0,0
1756703400,5739,0.07,0.0,0.0,0.0,0.0,0.0,0.0,0.0,0,0,0
1756703400,5740,0.01,0.0,-0.01,0.0,0.0,0.0,0.0,0.0,0,0,0
1756703400,5741,0.0,0.0,-0.03,0.0,0.0,0.0,0.0,0.0,0,0,0
1756703400,5742,0.0,0.0,-0.01,0.0,0.0,0.0,0.0,0.0,0,0,0
1756703400,5743,0.15,0.0,-0.03,0.0,0.0,0.0,0.0,0.0,0,0,0
1756703400,5744,-0.02,0.0,-0.01,0.0,0.0,0.0,0.0,0.0,0,0,0
1756703400,5745,0.02,0.0,0.01,0.0,0.0,0.0,0.0,0.0,0,0,0
1756703400,5746,-0.01,0.0,0.0,0.0,0.0,0.0,0.0,0.0,0,0,0
1756703400,5747,0.05,0.0,-0.02,0.0,0.0,0.0,0.0,0.0,0,0,0
1756703400,5748,0.0,0.0,-0.01,0.0,0.0,0.0,0.0,0.0,0,0,0
1756703400,5749,0.0,0.0,0.0,0.0,0.0,0.0,0.0,0.0,0,0,0
1756703400,5750,0.0,0.0,-0.07,0.0,0.0,0.0,0.0,0.0,0,0,0
1756703400,5751,-0.01,0.0,-0.02,0.0,0.0,0.0,0.0,0.0,0,0,0
1756703400,5752,0.05,0.0,-0.01,0.0,0.0,0.0,0.0,0.0,0,0,0
1756703400,5753,0.02,0.0,-0.05,0.0,0.0,0.0,0.0,0.0,0,0,0
1756703400,5754,-0.01,0.0,0.0,0.0,0.0,0.0,0.0,0.0,0,0,0
1756703400,5755,0.03,0.0,-0.05,0.0,0.0,0.0,0.0,0.0,0,0,0
1756703400,5756,0.0,0.0,0.0,0.0,0.0,0.0,0.0,0.0,0,0,0
1756703400,5757,0.07,0.0,-0.01,0.0,0.0,0.0,0.0,0.0,0,0,0
1756703400,5758,-0.01,0.0,-0.03,0.0,0.0,0.0,0.0,0.0,0,0,0
1756703400,5759,0.0,0.0,-0.02,0.0,0.0,0.0,0.0,0.0,0,0,0
1756703400,5760,0.0,0.0,-0.02,0.0,0.0,0.0,0.0,0.0,0,0,0
1756703400,5761,0.1,0.0,-0.03,0.0,0.0,0.0,0.0,0.0,0,0,0
1756703400,5762,0.0,0.0,-0.05,0.0,0.0,0.0,0.0,0.0,0,0,0
1756703400,5763,0.07,0.0,0.0,0.0,0.0,0.0,0.0,0.0,0,0,0
1756703400,5764,0.0,0.0,-0.02,0.0,0.0,0.0,0.0,0.0,0,0,0
1756703400,5765,0.0,0.0,-0.02,0.0,0.0,0.0,0.0,0.0,0,0,0
1756703400,5766,0.02,0.0,-0.02,0.0,0.0,0.0,0.0,0.0,0,0,0
1756703400,5767,0.0,0.0,-0.02,0.0,0.0,0.0,0.0,0.0,0,0,0
1756703400,5768,0.01,0.0,-0.05,0.0,0.0,0.0,0.0,0.0,0,0,0
1756703401,5769,-0.01,0.0,-0.01,0.0,0.0,0.0,0.0,0.0,0,0,0
1756703401,5770,-0.01,0.0,-0.02,0.0,0.0,0.0,0.0,0.0,0,0,0
1756703401,5771,0.02,0.0,0.03,0.0,0.0,0.0,0.0,0.0,0,0,0
1756703401,5772,0.05,0.0,0.01,0.0,0.0,0.0,0.0,0.0,0,0,0
1756703401,5773,0.0,0.0,-0.02,0.0,0.0,0.0,0.0,0.0,0,0,0
1756703401,5774,0.0,0.0,-0.02,0.0,0.0,0.0,0.0,0.0,0,0,0
1756703401,5775,0.0,0.0,-0.01,0.0,0.0,0.0,0.0,0.0,0,0,0
1756703401,5776,0.03,0.0,0.07,0.0,0.0,0.0,0.0,0.0,0,0,0
1756703401,5777,0.02,0.0,-0.02,0.0,0.0,0.0,0.0,0.0,0,0,0
1756703401,5778,0.0,0.0,-0.01,0.0,0.0,0.0,0.0,0.0,0,0,0
1756703401,5779,-0.01,0.0,-0.02,0.0,0.0,0.0,0.0,0.0,0,0,0
1756703401,5780,0.0,0.0,-0.05,0.0,0.0,0.0,0.0,0.0,0,0,0
1756703401,5781,0.01,0.0,-0.01,0.0,0.0,0.0,0.0,0.0,0,0,0
1756703401,5782,0.03,0.0,0.0,0.0,0.0,0.0,0.0,0.0,0,0,0
1756703401,5783,0.03,0.0,0.0,0.0,0.0,0.0,0.0,0.0,0,0,0
1756703401,5784,0.05,0.0,-0.01,0.0,0.0,0.0,0.0,0.0,0,0,0
1756703401,5785,0.0,0.0,0.0,0.0,0.0,0.0,0.0,0.0,0,0,0
1756703401,5786,-0.03,0.0,0.0,0.0,0.0,0.0,0.0,0.0,0,0,0
1756703401,5787,0.07,0.0,-0.03,0.0,0.0,0.0,0.0,0.0,0,0,0
1756703401,5788,0.01,0.0,0.0,0.0,0.0,0.0,0.0,0.0,0,0,0
1756703401,5789,0.0,0.0,-0.1,0.0,0.0,0.0,0.0,0.0,0,0,0
1756703401,5790,0.03,0.0,-0.02,0.0,0.0,0.0,0.0,0.0,0,0,0
1756703401,5791,-0.07,0.0,0.0,0.0,0.0,0.0,0.0,0.0,0,0,0
1756703401,5792,0.07,0.0,-0.02,0.0,0.0,0.0,0.0,0.0,0,0,0
1756703401,5793,0.0,0.0,-0.02,0.0,0.0,0.0,0.0,0.0,0,0,0
1756703401,5794,0.02,0.0,-0.02,0.0,0.0,0.0,0.0,0.0,0,0,0
1756703401,5795,0.01,0.0,0.0,0.0,0.0,0.0,0.0,0.0,0,0,0
1756703401,5796,0.01,0.0,0.0,0.0,0.0,0.0,0.0,0.0,0,0,0
1756703401,5797,0.01,0.0,-0.02,0.0,0.0,0.0,0.0,0.0,0,0,0
1756703401,5798,0.01,0.0,-0.01,0.0,0.0,0.0,0.0,0.0,0,0,0
1756703401,5799,0.01,0.0,-0.01,0.0,0.0,0.0,0.0,0.0,0,0,0
1756703401,5800,0.01,0.0,0.0,0.0,0.0,0.0,0.0,0.0,0,0,0
1756703401,5801,-0.01,0.0,-0.07,0.0,0.0,0.0,0.0,0.0,0,0,0
1756703401,5802,-0.02,0.0,0.0,0.0,0.0,0.0,0.0,0.0,0,0,0
1756703401,5803,0.05,0.0,0.0,0.0,0.0,0.0,0.0,0.0,0,0,0
1756703401,5804,0.02,0.0,-0.01,0.0,0.0,0.0,0.0,0.0,0,0,0
1756703401,5805,0.01,0.0,0.0,0.0,0.0,0.0,0.0,0.0,0,0,0
1756703401,5806,0.0,0.0,-0.05,0.0,0.0,0.0,0.0,0.0,0,0,0
1756703401,5807,0.05,0.0,-0.01,0.0,0.0,0.0,0.0,0.0,0,0,0
1756703401,5808,0.01,0.0,-0.01,0.0,0.0,0.0,0.0,0.0,0,0,0
1756703401,5809,-0.01,0.0,0.0,0.0,0.0,0.0,0.0,0.0,0,0,0
1756703401,5810,0.03,0.0,-0.03,0.0,0.0,0.0,0.0,0.0,0,0,0
1756703401,5811,-0.03,0.0,0.0,0.0,0.0,0.0,0.0,0.0,0,0,0
1756703401,5812,0.0,0.0,0.0,0.0,0.0,0.0,0.0,0.0,0,0,0
1756703401,5813,0.0,0.0,-0.03,0.0,0.0,0.0,0.0,0.0,0,0,0
1756703401,5814,-0.03,0.0,-0.01,0.0,0.0,0.0,0.0,0.0,0,0,0
1756703401,5815,0.02,0.0,-0.02,0.0,0.0,0.0,0.0,0.0,0,0,0
1756703401,5816,0.03,0.0,0.0,0.0,0.0,0.0,0.0,0.0,0,0,0
1756703401,5817,0.03,0.0,-0.02,0.0,0.0,0.0,0.0,0.0,0,0,0
1756703401,5818,0.01,0.0,-0.01,0.0,0.0,0.0,0.0,0.0,0,0,0
1756703401,5819,0.0,0.0,0.0,0.0,0.0,0.0,0.0,0.0,0,0,0
1756703401,5820,0.0,0.0,-0.03,0.0,0.0,0.0,0.0,0.0,0,0,0
1756703401,5821,0.05,0.0,0.0,0.0,0.0,0.0,0.0,0.0,0,0,0
1756703401,5822,0.01,0.0,0.0,0.0,0.0,0.0,0.0,0.0,0,0,0
1756703401,5823,0.0,0.0,0.0,0.0,0.0,0.0,0.0,0.0,0,0,0
1756703401,5824,0.01,0.0,0.0,0.0,0.0,0.0,0.0,0.0,0,0,0
1756703401,5825,0.0,0.0,-0.05,0.0,0.0,0.0,0.0,0.0,0,0,0
1756703401,5826,0.07,0.0,-0.03,0.0,0.0,0.0,0.0,0.0,0,0,0
1756703401,5827,0.0,0.0,-0.02,0.0,0.0,0.0,0.0,0.0,0,0,0
1756703401,5828,0.02,0.0,-0.02,0.0,0.0,0.0,0.0,0.0,0,0,0
1756703401,5829,0.02,0.0,-0.03,0.0,0.0,0.0,0.0,0.0,0,0,0
1756703401,5830,0.03,0.0,0.0,0.0,0.0,0.0,0.0,0.0,0,0,0
1756703401,5831,-0.01,0.0,-0.01,0.0,0.0,0.0,0.0,0.0,0,0,0
1756703401,5832,0.0,0.0,0.0,0.0,0.0,0.0,0.0,0.0,0,0,0
1756703401,5833,0.01,0.0,-0.02,0.0,0.0,0.0,0.0,0.0,0,0,0
1756703401,5834,0.01,0.0,0.0,0.0,0.0,0.0,0.0,0.0,0,0,0
1756703402,5835,0.03,0.0,-0.03,0.0,0.0,0.0,0.0,0.0,0,0,0
1756703402,5836,-0.05,0.0,0.0,0.0,0.0,0.0,0.0,0.0,0,0,0
1756703402,5837,0.05,0.0,-0.02,0.0,0.0,0.0,0.0,0.0,0,0,0
1756703402,5838,0.05,0.0,-0.03,0.0,0.0,0.0,0.0,0.0,0,0,0
1756703402,5839,0.02,0.0,-0.03,0.0,0.0,0.0,0.0,0.0,0,0,0
1756703402,5840,0.02,0.0,-0.01,0.0,0.0,0.0,0.0,0.0,0,0,0
1756703402,5841,0.03,0.0,-0.02,0.0,0.0,0.0,0.0,0.0,0,0,0
1756703402,5842,-0.02,0.0,-0.05,0.0,0.0,0.0,0.0,0.0,0,0,0
1756703402,5843,-0.01,0.0,0.0,0.0,0.0,0.0,0.0,0.0,0,0,0
1756703402,5844,0.01,0.0,-0.03,0.0,0.0,0.0,0.0,0.0,0,0,0
1756703402,5845,0.01,0.0,-0.01,0.0,0.0,0.0,0.0,0.0,0,0,0
1756703402,5846,0.02,0.0,-0.02,0.0,0.0,0.0,0.0,0.0,0,0,0
1756703402,5847,-0.1,0.0,0.0,0.0,0.0,0.0,0.0,0.0,0,0,0
1756703402,5848,0.0,0.0,0.0,0.0,0.0,0.0,0.0,0.0,0,0,0
1756703402,5849,0.07,0.0,-0.01,0.0,0.0,0.0,0.0,0.0,0,0,0
1756703402,5850,0.07,0.0,0.0,0.0,0.0,0.0,0.0,0.0,0,0,0
1756703402,5851,0.07,0.0,-0.01,0.0,0.0,0.0,0.0,0.0,0,0,0
1756703402,5852,0.0,0.0,0.0,0.0,0.0,0.0,0.0,0.0,0,0,0
1756703402,5853,0.01,0.0,0.0,0.0,0.0,0.0,0.0,0.0,0,0,0
1756703402,5854,0.0,0.0,0.0,0.0,0.0,0.0,0.0,0.0,0,0,0
1756703402,5855,0.0,0.0,0.0,0.0,0.0,0.0,0.0,0.0,0,0,0
1756703402,5856,0.0,0.0,-0.02,0.0,0.0,0.0,0.0,0.0,0,0,0
1756703402,5857,0.0,0.0,-0.01,0.0,0.0,0.0,0.0,0.0,0,0,0
1756703402,5858,0.01,0.0,-0.01,0.0,0.0,0.0,0.0,0.0,0,0,0
1756703402,5859,0.05,0.0,0.0,0.0,0.0,0.0,0.0,0.0,0,0,0
1756703402,5860,0.01,0.0,0.03,0.0,0.0,0.0,0.0,0.0,0,0,0
1756703402,5861,-0.03,0.0,0.0,0.0,0.0,0.0,0.0,0.0,0,0,0
1756703402,5862,0.0,0.0,0.07,0.0,0.0,0.0,0.0,0.0,0,0,0
1756703402,5863,0.0,0.0,-0.03,0.0,0.0,0.0,0.0,0.0,0,0,0
1756703402,5864,0.03,0.0,-0.03,0.0,0.0,0.0,0.0,0.0,0,0,0
1756703402,5865,0.01,0.0,0.0,0.0,0.0,0.0,0.0,0.0,0,0,0
1756703402,5866,0.0,0.0,-0.01,0.0,0.0,0.0,0.0,0.0,0,0,0
1756703402,5867,0.01,0.0,-0.07,0.0,0.0,0.0,0.0,0.0,0,0,0
1756703402,5868,0.02,0.0,-0.03,0.0,0.0,0.0,0.0,0.0,0,0,0
1756703402,5869,0.02,0.0,-0.03,0.0,0.0,0.0,0.0,0.0,0,0,0
1756703402,5870,0.0,0.0,-0.01,0.0,0.0,0.0,0.0,0.0,0,0,0
1756703402,5871,0.0,0.0,-0.05,0.0,0.0,0.0,0.0,0.0,0,0,0
1756703402,5872,-0.03,0.0,-0.01,0.0,0.0,0.0,0.0,0.0,0,0,0
1756703402,5873,0.07,0.0,-0.03,0.0,0.0,0.0,0.0,0.0,0,0,0
1756703402,5874,0.11,0.0,-0.07,0.0,0.0,0.0,0.0,0.0,0,0,0
1756703402,5875,0.02,0.0,-0.07,0.0,0.0,0.0,0.0,0.0,0,0,0
1756703402,5876,0.0,0.0,0.0,0.0,0.0,0.0,0.0,0.0,0,0,0
1756703402,5877,-0.03,0.0,-0.02,0.0,0.0,0.0,0.0,0.0,0,0,0
1756703402,5878,0.0,0.0,0.07,0.0,0.0,0.0,0.0,0.0,0,0,0
1756703402,5879,0.0,0.0,0.0,0.0,0.0,0.0,0.0,0.0,0,0,0
1756703402,5880,0.05,0.0,-0.07,0.0,0.0,0.0,0.0,0.0,0,0,0
1756703402,5881,0.07,0.0,0.0,0.0,0.0,0.0,0.0,0.0,0,0,0
1756703402,5882,0.02,0.0,-0.05,0.0,0.0,0.0,0.0,0.0,0,0,0
1756703402,5883,0.01,0.0,-0.02,0.0,0.0,0.0,0.0,0.0,0,0,0
1756703402,5884,0.09,0.0,0.0,0.0,0.0,0.0,0.0,0.0,0,0,0
1756703402,5885,-0.01,0.0,0.0,0.0,0.0,0.0,0.0,0.0,0,0,0
1756703402,5886,0.0,0.0,0.0,0.0,0.0,0.0,0.0,0.0,0,0,0
1756703402,5887,0.05,0.0,-0.05,0.0,0.0,0.0,0.0,0.0,0,0,0
1756703402,5888,0.03,0.0,-0.02,0.0,0.0,0.0,0.0,0.0,0,0,0
1756703402,5889,0.07,0.0,-0.02,0.0,0.0,0.0,0.0,0.0,0,0,0
1756703402,5890,0.01,0.0,0.0,0.0,0.0,0.0,0.0,0.0,0,0,0
1756703402,5891,-0.05,0.0,-0.02,0.0,0.0,0.0,0.0,0.0,0,0,0
1756703402,5892,0.0,0.0,0.0,0.0,0.0,0.0,0.0,0.0,0,0,0
1756703402,5893,-0.03,0.0,0.0,0.0,0.0,0.0,0.0,0.0,0,0,0
1756703402,5894,0.03,0.0,0.0,0.0,0.0,0.0,0.0,0.0,0,0,0
1756703402,5895,0.05,0.0,-0.02,0.0,0.0,0.0,0.0,0.0,0,0,0
1756703402,5896,0.0,0.0,-0.02,0.0,0.0,0.0,0.0,0.0,0,0,0
1756703402,5897,0.0,0.0,-0.01,0.0,0.0,0.0,0.0,0.0,0,0,0
1756703402,5898,0.07,0.0,-0.01,0.0,0.0,0.0,0.0,0.0,0,0,0
1756703402,5899,0.05,0.0,-0.02,0.0,0.0,0.0,0.0,0.0,0,0,0
1756703402,5900,0.01,0.0,-0.02,0.0,0.0,0.0,0.0,0.0,0,0,0
1756703402,5901,-0.01,0.0,0.0,0.0,0.0,0.0,0.0,0.0,0,0,0
1756703402,5902,0.02,0.0,-0.05,0.0,0.0,0.0,0.0,0.0,0,0,0
1756703403,5903,0.0,0.0,-0.01,0.0,0.0,0.0,0.0,0.0,0,0,0
1756703403,5904,-0.03,0.0,0.0,0.0,0.0,0.0,0.0,0.0,0,0,0
1756703403,5905,0.02,0.0,-0.01,0.0,0.0,0.0,0.0,0.0,0,0,0
1756703403,5906,0.05,0.0,0.0,0.0,0.0,0.0,0.0,0.0,0,0,0
1756703403,5907,-0.01,0.0,-0.01,0.0,0.0,0.0,0.0,0.0,0,0,0
1756703403,5908,0.0,0.0,-0.01,0.0,0.0,0.0,0.0,0.0,0,0,0
1756703403,5909,0.05,0.0,-0.01,0.0,0.0,0.0,0.0,0.0,0,0,0
1756703403,5910,0.01,0.0,-0.02,0.0,0.0,0.0,0.0,0.0,0,0,0
1756703403,5911,0.01,0.0,0.0,0.0,0.0,0.0,0.0,0.0,0,0,0
1756703403,5912,0.0,0.0,0.0,0.0,0.0,0.0,0.0,0.0,0,0,0
1756703403,5913,0.05,0.0,0.0,0.0,0.0,0.0,0.0,0.0,0,0,0
1756703403,5914,-0.01,0.0,-0.01,0.0,0.0,0.0,0.0,0.0,0,0,0
1756703403,5915,0.05,0.0,-0.05,0.0,0.0,0.0,0.0,0.0,0,0,0
1756703403,5916,0.02,0.0,-0.03,0.0,0.0,0.0,0.0,0.0,0,0,0
1756703403,5917,0.01,0.0,-0.02,0.0,0.0,0.0,0.0,0.0,0,0,0
1756703403,5918,0.0,0.0,-0.01,0.0,0.0,0.0,0.0,0.0,0,0,0
1756703403,5919,0.0,0.0,-0.05,0.0,0.0,0.0,0.0,0.0,0,0,0
1756703403,5920,0.01,0.0,-0.03,0.0,0.0,0.0,0.0,0.0,0,0,0
1756703403,5921,0.01,0.0,-0.02,0.0,0.0,0.0,0.0,0.0,0,0,0
1756703403,5922,0.0,0.0,0.0,0.0,0.0,0.0,0.0,0.0,0,0,0
1756703403,5923,0.01,0.0,-0.03,0.0,0.0,0.0,0.0,0.0,0,0,0
1756703403,5924,0.02,0.0,0.03,0.0,0.0,0.0,0.0,0.0,0,0,0
1756703403,5925,0.0,0.0,0.0,0.0,0.0,0.0,0.0,0.0,0,0,0
1756703403,5926,0.0,0.0,-0.1,0.0,0.0,0.0,0.0,0.0,0,0,0
1756703403,5927,0.01,0.0,-0.03,0.0,0.0,0.0,0.0,0.0,0,0,0
1756703403,5928,0.0,0.0,-0.02,0.0,0.0,0.0,0.0,0.0,0,0,0
1756703403,5929,0.02,0.0,-0.02,0.0,0.0,0.0,0.0,0.0,0,0,0
1756703403,5930,0.05,0.0,-0.03,0.0,0.0,0.0,0.0,0.0,0,0,0
1756703403,5931,-0.02,0.0,-0.01,0.0,0.0,0.0,0.0,0.0,0,0,0
1756703403,5932,0.0,0.0,0.0,0.0,0.0,0.0,0.0,0.0,0,0,0
1756703403,5933,-0.01,0.0,0.02,0.0,0.0,0.0,0.0,0.0,0,0,0
1756703403,5934,0.0,0.0,-0.03,0.0,0.0,0.0,0.0,0.0,0,0,0
1756703403,5935,0.0,0.0,-0.01,0.0,0.0,0.0,0.0,0.0,0,0,0
1756703403,5936,0.0,0.0,-0.01,0.0,0.0,0.0,0.0,0.0,0,0,0
1756703403,5937,0.01,0.0,-0.01,0.0,0.0,0.0,0.0,0.0,0,0,0
1756703403,5938,0.05,0.0,-0.1,0.0,0.0,0.0,0.0,0.0,0,0,0
1756703403,5939,0.0,0.0,-0.01,0.0,0.0,0.0,0.0,0.0,0,0,0
1756703403,5940,-0.03,0.0,-0.02,0.0,0.0,0.0,0.0,0.0,0,0,0
1756703403,5941,-0.01,0.0,0.0,0.0,0.0,0.0,0.0,0.0,0,0,0
1756703403,5942,0.05,0.0,-0.03,0.0,0.0,0.0,0.0,0.0,0,0,0
1756703403,5943,0.12,0.0,0.02,0.0,0.0,0.0,0.0,0.0,0,0,0
1756703403,5944,0.0,0.0,-0.02,0.0,0.0,0.0,0.0,0.0,0,0,0
1756703403,5945,-0.03,0.0,-0.05,0.0,0.0,0.0,0.0,0.0,0,0,0
1756703403,5946,-0.01,0.0,-0.05,0.0,0.0,0.0,0.0,0.0,0,0,0
1756703403,5947,0.03,0.0,0.0,0.0,0.0,0.0,0.0,0.0,0,0,0
1756703403,5948,0.0,0.0,0.01,0.0,0.0,0.0,0.0,0.0,0,0,0
1756703403,5949,0.01,0.0,-0.05,0.0,0.0,0.0,0.0,0.0,0,0,0
1756703403,5950,0.05,0.0,-0.1,0.0,0.0,0.0,0.0,0.0,0,0,0
1756703403,5951,0.07,0.0,-0.03,0.0,0.0,0.0,0.0,0.0,0,0,0
1756703403,5952,-0.02,0.0,-0.01,0.0,0.0,0.0,0.0,0.0,0,0,0
1756703403,5953,0.0,0.0,-0.07,0.0,0.0,0.0,0.0,0.0,0,0,0
1756703403,5954,0.03,0.0,-0.01,0.0,0.0,0.0,0.0,0.0,0,0,0
1756703403,5955,0.07,0.0,-0.01,0.0,0.0,0.0,0.0,0.0,0,0,0
1756703403,5956,0.0,0.0,-0.02,0.0,0.0,0.0,0.0,0.0,0,0,0
1756703403,5957,0.02,0.0,0.0,0.0,0.0,0.0,0.0,0.0,0,0,0
1756703403,5958,0.0,0.0,-0.01,0.0,0.0,0.0,0.0,0.0,0,0,0
1756703403,5959,0.01,0.0,-0.01,0.0,0.0,0.0,0.0,0.0,0,0,0
1756703403,5960,0.0,0.0,-0.05,0.0,0.0,0.0,0.0,0.0,0,0,0
1756703403,5961,0.07,0.0,-0.02,0.0,0.0,0.0,0.0,0.0,0,0,0
1756703403,5962,0.07,0.0,-0.01,0.0,0.0,0.0,0.0,0.0,0,0,0
1756703403,5963,0.0,0.0,0.0,0.0,0.0,0.0,0.0,0.0,0,0,0
1756703403,5964,0.0,0.0,-0.03,0.0,0.0,0.0,0.0,0.0,0,0,0
1756703403,5965,0.05,0.0,-0.02,0.0,0.0,0.0,0.0,0.0,0,0,0
1756703403,5966,0.0,0.0,-0.01,0.0,0.0,0.0,0.0,0.0,0,0,0
1756703404,5967,0.02,0.0,0.0,0.0,0.0,0.0,0.0,0.0,0,0,0
1756703404,5968,0.0,0.0,-0.1,0.0,0.0,0.0,0.0,0.0,0,0,0
1756703404,5969,0.02,0.0,0.0,0.0,0.0,0.0,0.0,0.0,0,0,0
1756703404,5970,0.01,0.0,-0.02,0.0,0.0,0.0,0.0,0.0,0,0,0
1756703404,5971,0.05,0.0,0.0,0.0,0.0,0.0,0.0,0.0,0,0,0
1756703404,5972,-0.02,0.0,0.0,0.0,0.0,0.0,0.0,0.0,0,0,0
1756703404,5973,-0.01,0.0,-0.07,0.0,0.0,0.0,0.0,0.0,0,0,0
1756703404,5974,0.02,0.0,-0.02,0.0,0.0,0.0,0.0,0.0,0,0,0
1756703404,5975,0.02,0.0,-0.05,0.0,0.0,0.0,0.0,0.0,0,0,0
1756703404,5976,0.05,0.0,0.0,0.0,0.0,0.0,0.0,0.0,0,0,0
1756703404,5977,0.0,0.0,0.03,0.0,0.0,0.0,0.0,0.0,0,0,0
1756703404,5978,0.0,0.0,-0.05,0.0,0.0,0.0,0.0,0.0,0,0,0
1756703404,5979,0.02,0.0,-0.02,0.0,0.0,0.0,0.0,0.0,0,0,0
1756703404,5980,0.01,0.0,-0.01,0.0,0.0,0.0,0.0,0.0,0,0,0
1756703404,5981,-0.01,0.0,0.02,0.0,0.0,0.0,0.0,0.0,0,0,0
1756703404,5982,0.0,0.0,-0.02,0.0,0.0,0.0,0.0,0.0,0,0,0
1756703404,5983,0.02,0.0,-0.02,0.0,0.0,0.0,0.0,0.0,0,0,0
1756703404,5984,0.03,0.0,-0.01,0.0,0.0,0.0,0.0,0.0,0,0,0
1756703404,5985,0.01,0.0,0.0,0.0,0.0,0.0,0.0,0.0,0,0,0
1756703404,5986,0.01,0.0,0.01,0.0,0.0,0.0,0.0,0.0,0,0,0
1756703404,5987,0.07,0.0,0.0,0.0,0.0,0.0,0.0,0.0,0,0,0
1756703404,5988,0.0,0.0,-0.02,0.0,0.0,0.0,0.0,0.0,0,0,0
1756703404,5989,-0.02,0.0,-0.01,0.0,0.0,0.0,0.0,0.0,0,0,0
1756703404,5990,0.0,0.0,-0.14,0.0,0.0,0.0,0.0,0.0,0,0,0
1756703404,5991,0.0,0.0,-0.02,0.0,0.0,0.0,0.0,0.0,0,0,0
1756703404,5992,0.02,0.0,0.0,0.0,0.0,0.0,0.0,0.0,0,0,0
1756703404,5993,0.0,0.0,0.0,0.0,0.0,0.0,0.0,0.0,0,0,0
1756703404,5994,0.07,0.0,-0.02,0.0,0.0,0.0,0.0,0.0,0,0,0
1756703404,5995,0.05,0.0,0.01,0.0,0.0,0.0,0.0,0.0,0,0,0
1756703404,5996,-0.03,0.0,0.0,0.0,0.0,0.0,0.0,0.0,0,0,0
1756703404,5997,0.03,0.0,0.0,0.0,0.0,0.0,0.0,0.0,0,0,0
1756703404,5998,0.0,0.0,-0.05,0.0,0.0,0.0,0.0,0.0,0,0,0
1756703404,5999,-0.01,0.0,-0.01,0.0,0.0,0.0,0.0,0.0,0,0,0
1756703404,6000,0.0,0.0,-0.01,0.0,0.0,0.0,0.0,0.0,0,0,0
1756703404,6001,0.01,0.0,-0.03,0.0,0.0,0.0,0.0,0.0,0,0,0
1756703404,6002,0.0,0.0,0.0,0.0,0.0,0.0,0.0,0.0,0,0,0
1756703404,6003,0.01,0.0,-0.01,0.0,0.0,0.0,0.0,0.0,0,0,0
1756703404,6004,0.03,0.0,0.0,0.0,0.0,0.0,0.0,0.0,0,0,0
1756703404,6005,-0.01,0.0,-0.02,0.0,0.0,0.0,0.0,0.0,0,0,0
1756703404,6006,0.03,0.0,0.0,0.0,0.0,0.0,0.0,0.0,0,0,0
1756703404,6007,0.14,0.0,0.0,0.0,0.0,0.0,0.0,0.0,0,0,0
1756703404,6008,0.05,0.0,-0.01,0.0,0.0,0.0,0.0,0.0,0,0,0
1756703404,6009,0.0,0.0,0.0,0.0,0.0,0.0,0.0,0.0,0,0,0
1756703404,6010,0.09,0.0,-0.01,0.0,0.0,0.0,0.0,0.0,0,0,0
1756703404,6011,0.0,0.0,0.0,0.0,0.0,0.0,0.0,0.0,0,0,0
1756703404,6012,0.01,0.0,-0.05,0.0,0.0,0.0,0.0,0.0,0,0,0
1756703404,6013,0.01,0.0,-0.07,0.0,0.0,0.0,0.0,0.0,0,0,0
1756703404,6014,0.02,0.0,-0.03,0.0,0.0,0.0,0.0,0.0,0,0,0
1756703404,6015,0.0,0.0,-0.02,0.0,0.0,0.0,0.0,0.0,0,0,0
1756703404,6016,-0.02,0.0,-0.02,0.0,0.0,0.0,0.0,0.0,0,0,0
1756703404,6017,0.03,0.0,0.0,0.0,0.0,0.0,0.0,0.0,0,0,0
1756703404,6018,0.0,0.0,-0.01,0.0,0.0,0.0,0.0,0.0,0,0,0
1756703404,6019,0.01,0.0,-0.01,0.0,0.0,0.0,0.0,0.0,0,0,0
1756703404,6020,-0.05,0.0,-0.05,0.0,0.0,0.0,0.0,0.0,0,0,0
1756703404,6021,0.0,0.0,-0.01,0.0,0.0,0.0,0.0,0.0,0,0,0
1756703404,6022,0.05,0.0,0.0,0.0,0.0,0.0,0.0,0.0,0,0,0
1756703404,6023,0.0,0.0,-0.05,0.0,0.0,0.0,0.0,0.0,0,0,0
1756703404,6024,0.02,0.0,0.0,0.0,0.0,0.0,0.0,0.0,0,0,0
1756703404,6025,0.05,0.0,0.0,0.0,0.0,0.0,0.0,0.0,0,0,0
1756703404,6026,0.07,0.0,-0.01,0.0,0.0,0.0,0.0,0.0,0,0,0
1756703404,6027,0.01,0.0,0.0,0.0,0.0,0.0,0.0,0.0,0,0,0
1756703404,6028,0.02,0.0,0.0,0.0,0.0,0.0,0.0,0.0,0,0,0
1756703404,6029,-0.01,0.0,0.0,0.0,0.0,0.0,0.0,0.0,0,0,0
1756703404,6030,0.0,0.0,0.0,0.0,0.0,0.0,0.0,0.0,0,0,0
1756703404,6031,0.0,0.0,-0.02,0.0,0.0,0.0,0.0,0.0,0,0,0
1756703404,6032,0.03,0.0,-0.05,0.0,0.0,0.0,0.0,0.0,0,0,0
1756703405,6033,0.01,0.0,-0.03,0.0,0.0,0.0,0.0,0.0,0,0,0
1756703405,6034,0.03,0.0,0.0,0.0,0.0,0.0,0.0,0.0,0,0,0
1756703405,6035,0.01,0.0,0.01,0.0,0.0,0.0,0.0,0.0,0,0,0
1756703405,6036,0.0,0.0,-0.05,0.0,0.0,0.0,0.0,0.0,0,0,0
1756703405,6037,0.05,0.0,0.0,0.0,0.0,0.0,0.0,0.0,0,0,0
1756703405,6038,0.0,0.0,0.0,0.0,0.0,0.0,0.0,0.0,0,0,0
1756703405,6039,0.03,0.0,0.0,0.0,0.0,0.0,0.0,0.0,0,0,0
1756703405,6040,0.0,0.0,-0.01,0.0,0.0,0.0,0.0,0.0,0,0,0
1756703405,6041,0.01,0.0,-0.05,0.0,0.0,0.0,0.0,0.0,0,0,0
1756703405,6042,0.0,0.0,0.0,0.0,0.0,0.0,0.0,0.0,0,0,0
1756703405,6043,0.09,0.0,0.02,0.0,0.0,0.0,0.0,0.0,0,0,0
1756703405,6044,0.0,0.0,-0.01,0.0,0.0,0.0,0.0,0.0,0,0,0
1756703405,6045,0.01,0.0,-0.01,0.0,0.0,0.0,0.0,0.0,0,0,0
1756703405,6046,0.02,0.0,0.0,0.0,0.0,0.0,0.0,0.0,0,0,0
1756703405,6047,0.01,0.0,-0.02,0.0,0.0,0.0,0.0,0.0,0,0,0
1756703405,6048,0.05,0.0,0.0,0.0,0.0,0.0,0.0,0.0,0,0,0
1756703405,6049,0.02,0.0,0.0,0.0,0.0,0.0,0.0,0.0,0,0,0
1756703405,6050,0.0,0.0,-0.01,0.0,0.0,0.0,0.0,0.0,0,0,0
1756703405,6051,0.0,0.0,0.0,0.0,0.0,0.0,0.0,0.0,0,0,0
1756703405,6052,0.01,0.0,0.0,0.0,0.0,0.0,0.0,0.0,0,0,0
1756703405,6053,0.03,0.0,0.0,0.0,0.0,0.0,0.0,0.0,0,0,0
1756703405,6054,0.05,0.0,0.0,0.0,0.0,0.0,0.0,0.0,0,0,0
1756703405,6055,0.0,0.0,0.0,0.0,0.0,0.0,0.0,0.0,0,0,0
1756703405,6056,-0.03,0.0,0.0,0.0,0.0,0.0,0.0,0.0,0,0,0
1756703405,6057,0.03,0.0,0.0,0.0,0.0,0.0,0.0,0.0,0,0,0
1756703405,6058,0.02,0.0,0.0,0.0,0.0,0.0,0.0,0.0,0,0,0
1756703405,6059,-0.01,0.0,-0.05,0.0,0.0,0.0,0.0,0.0,0,0,0
1756703405,6060,0.02,0.0,-0.03,0.0,0.0,0.0,0.0,0.0,0,0,0
1756703405,6061,0.03,0.0,0.0,0.0,0.0,0.0,0.0,0.0,0,0,0
1756703405,6062,0.0,0.0,-0.02,0.0,0.0,0.0,0.0,0.0,0,0,0
1756703405,6063,0.01,0.0,0.0,0.0,0.0,0.0,0.0,0.0,0,0,0
1756703405,6064,0.02,0.0,-0.01,0.0,0.0,0.0,0.0,0.0,0,0,0
1756703405,6065,0.05,0.0,-0.02,0.0,0.0,0.0,0.0,0.0,0,0,0
1756703405,6066,0.03,0.0,-0.12,0.0,0.0,0.0,0.0,0.0,0,0,0
1756703405,6067,0.07,0.0,-0.05,0.0,0.0,0.0,0.0,0.0,0,0,0
1756703405,6068,0.05,0.0,-0.03,0.0,0.0,0.0,0.0,0.0,0,0,0
1756703405,6069,-0.02,0.0,-0.01,0.0,0.0,0.0,0.0,0.0,0,0,0
1756703405,6070,-0.01,0.0,0.0,0.0,0.0,0.0,0.0,0.0,0,0,0
1756703405,6071,0.0,0.0,-0.05,0.0,0.0,0.0,0.0,0.0,0,0,0
1756703405,6072,0.03,0.0,-0.01,0.0,0.0,0.0,0.0,0.0,0,0,0
1756703405,6073,0.05,0.0,-0.05,0.0,0.0,0.0,0.0,0.0,0,0,0
1756703405,6074,0.03,0.0,0.0,0.0,0.0,0.0,0.0,0.0,0,0,0
1756703405,6075,0.03,0.0,0.03,0.0,0.0,0.0,0.0,0.0,0,0,0
1756703405,6076,0.0,0.0,-0.09,0.0,0.0,0.0,0.0,0.0,0,0,0
1756703405,6077,0.02,0.0,-0.01,0.0,0.0,0.0,0.0,0.0,0,0,0
1756703405,6078,-0.02,0.0,-0.03,0.0,0.0,0.0,0.0,0.0,0,0,0
1756703405,6079,0.0,0.0,0.0,0.0,0.0,0.0,0.0,0.0,0,0,0
1756703405,6080,0.02,0.0,0.0,0.0,0.0,0.0,0.0,0.0,0,0,0
1756703405,6081,0.0,0.0,-0.05,0.0,0.0,0.0,0.0,0.0,0,0,0
1756703405,6082,0.0,0.0,-0.01,0.0,0.0,0.0,0.0,0.0,0,0,0
1756703405,6083,0.07,0.0,0.0,0.0,0.0,0.0,0.0,0.0,0,0,0
1756703405,6084,0.0,0.0,-0.03,0.0,0.0,0.0,0.0,0.0,0,0,0
1756703405,6085,0.0,0.0,-0.02,0.0,0.0,0.0,0.0,0.0,0,0,0
1756703405,6086,0.0,0.0,-0.03,0.0,0.0,0.0,0.0,0.0,0,0,0
1756703405,6087,0.01,0.0,-0.01,0.0,0.0,0.0,0.0,0.0,0,0,0
1756703405,6088,0.0,0.0,0.0,0.0,0.0,0.0,0.0,0.0,0,0,0
1756703405,6089,0.1,0.0,-0.05,0.0,0.0,0.0,0.0,0.0,0,0,0
1756703405,6090,-0.01,0.0,-0.01,0.0,0.0,0.0,0.0,0.0,0,0,0
1756703405,6091,0.0,0.0,0.02,0.0,0.0,0.0,0.0,0.0,0,0,0
1756703405,6092,0.0,0.0,0.0,0.0,0.0,0.0,0.0,0.0,0,0,0
1756703405,6093,0.03,0.0,-0.05,0.0,0.0,0.0,0.0,0.0,0,0,0
1756703405,6094,-0.02,0.0,-0.01,0.0,0.0,0.0,0.0,0.0,0,0,0
1756703405,6095,0.02,0.0,0.0,0.0,0.0,0.0,0.0,0.0,0,0,0
1756703405,6096,0.05,0.0,-0.07,0.0,0.0,0.0,0.0,0.0,0,0,0
1756703405,6097,0.0,0.0,0.0,0.0,0.0,0.0,0.0,0.0,0,0,0
1756703405,6098,0.0,0.0,0.0,0.0,0.0,0.0,0.0,0.0,0,0,0
1756703405,6099,0.0,0.0,-0.05,0.0,0.0,0.0,0.0,0.0,0,0,0
1756703405,6100,0.03,0.0,0.0,0.0,0.0,0.0,0.0,0.0,0,0,0
1756703406,6101,0.1,0.0,-0.01,0.0,0.0,0.0,0.0,0.0,0,0,0
1756703406,6102,0.0,0.0,-0.02,0.0,0.0,0.0,0.0,0.0,0,0,0
1756703406,6103,0.0,0.0,-0.05,0.0,0.0,0.0,0.0,0.0,0,0,0
1756703406,6104,0.03,0.0,0.0,0.0,0.0,0.0,0.0,0.0,0,0,0
1756703406,6105,0.0,0.0,-0.01,0.0,0.0,0.0,0.0,0.0,0,0,0
1756703406,6106,0.07,0.0,-0.07,0.0,0.0,0.0,0.0,0.0,0,0,0
1756703406,6107,0.0,0.0,0.0,0.0,0.0,0.0,0.0,0.0,0,0,0
1756703406,6108,0.03,0.0,0.0,0.0,0.0,0.0,0.0,0.0,0,0,0
1756703406,6109,0.0,0.0,0.0,0.0,0.0,0.0,0.0,0.0,0,0,0
1756703406,6110,-0.07,0.0,0.0,0.0,0.0,0.0,0.0,0.0,0,0,0
1756703406,6111,0.01,0.0,-0.01,0.0,0.0,0.0,0.0,0.0,0,0,0
1756703406,6112,0.0,0.0,0.01,0.0,0.0,0.0,0.0,0.0,0,0,0
1756703406,6113,0.05,0.0,0.0,0.0,0.0,0.0,0.0,0.0,0,0,0
1756703406,6114,0.02,0.0,0.0,0.0,0.0,0.0,0.0,0.0,0,0,0
1756703406,6115,0.01,0.0,-0.01,0.0,0.0,0.0,0.0,0.0,0,0,0
1756703406,6116,0.0,0.0,0.0,0.0,0.0,0.0,0.0,0.0,0,0,0
1756703406,6117,0.0,0.0,-0.01,0.0,0.0,0.0,0.0,0.0,0,0,0
1756703406,6118,-0.07,0.0,0.03,0.0,0.0,0.0,0.0,0.0,0,0,0
1756703406,6119,0.01,0.0,-0.02,0.0,0.0,0.0,0.0,0.0,0,0,0
1756703406,6120,0.03,0.0,0.0,0.0,0.0,0.0,0.0,0.0,0,0,0
1756703406,6121,0.0,0.0,0.0,0.0,0.0,0.0,0.0,0.0,0,0,0
1756703406,6122,0.05,0.0,-0.02,0.0,0.0,0.0,0.0,0.0,0,0,0
1756703406,6123,0.01,0.0,0.01,0.0,0.0,0.0,0.0,0.0,0,0,0
1756703406,6124,0.02,0.0,0.0,0.0,0.0,0.0,0.0,0.0,0,0,0
1756703406,6125,0.0,0.0,0.05,0.0,0.0,0.0,0.0,0.0,0,0,0
1756703406,6126,0.0,0.0,-0.05,0.0,0.0,0.0,0.0,0.0,0,0,0
1756703406,6127,0.0,0.0,-0.03,0.0,0.0,0.0,0.0,0.0,0,0,0
1756703406,6128,0.0,0.0,-0.01,0.0,0.0,0.0,0.0,0.0,0,0,0
1756703406,6129,0.1,0.0,0.0,0.0,0.0,0.0,0.0,0.0,0,0,0
1756703406,6130,0.02,0.0,0.0,0.0,0.0,0.0,0.0,0.0,0,0,0
1756703406,6131,0.0,0.0,-0.01,0.0,0.0,0.0,0.0,0.0,0,0,0
1756703406,6132,0.0,0.0,0.0,0.0,0.0,0.0,0.0,0.0,0,0,0
1756703406,6133,0.0,0.0,-0.01,0.0,0.0,0.0,0.0,0.0,0,0,0
1756703406,6134,0.02,0.0,-0.01,0.0,0.0,0.0,0.0,0.0,0,0,0
1756703406,6135,0.05,0.0,-0.01,0.0,0.0,0.0,0.0,0.0,0,0,0
1756703406,6136,0.0,0.0,0.0,0.0,0.0,0.0,0.0,0.0,0,0,0
1756703406,6137,0.02,0.0,-0.03,0.0,0.0,0.0,0.0,0.0,0,0,0
1756703406,6138,0.0,0.0,-0.09,0.0,0.0,0.0,0.0,0.0,0,0,0
1756703406,6139,0.03,0.0,0.0,0.0,0.0,0.0,0.0,0.0,0,0,0
1756703406,6140,0.0,0.0,-0.01,0.0,0.0,0.0,0.0,0.0,0,0,0
1756703406,6141,-0.01,0.0,-0.02,0.0,0.0,0.0,0.0,0.0,0,0,0
1756703406,6142,0.05,0.0,-0.07,0.0,0.0,0.0,0.0,0.0,0,0,0
1756703406,6143,0.02,0.0,0.01,0.0,0.0,0.0,0.0,0.0,0,0,0
1756703406,6144,0.0,0.0,0.0,0.0,0.0,0.0,0.0,0.0,0,0,0
1756703406,6145,0.03,0.0,0.0,0.0,0.0,0.0,0.0,0.0,0,0,0
1756703406,6146,0.02,0.0,-0.05,0.0,0.0,0.0,0.0,0.0,0,0,0
1756703406,6147,0.03,0.0,-0.01,0.0,0.0,0.0,0.0,0.0,0,0,0
1756703406,6148,0.0,0.0,0.0,0.0,0.0,0.0,0.0,0.0,0,0,0
1756703406,6149,0.02,0.0,-0.03,0.0,0.0,0.0,0.0,0.0,0,0,0
1756703406,6150,-0.09,0.0,-0.02,0.0,0.0,0.0,0.0,0.0,0,0,0
1756703406,6151,0.0,0.0,-0.01,0.0,0.0,0.0,0.0,0.0,0,0,0
1756703406,6152,0.05,0.0,-0.05,0.0,0.0,0.0,0.0,0.0,0,0,0
1756703406,6153,0.0,0.0,0.0,0.0,0.0,0.0,0.0,0.0,0,0,0
1756703406,6154,0.02,0.0,-0.05,0.0,0.0,0.0,0.0,0.0,0,0,0
1756703406,6155,0.05,0.0,-0.07,0.0,0.0,0.0,0.0,0.0,0,0,0
1756703406,6156,0.07,0.0,-0.01,0.0,0.0,0.0,0.0,0.0,0,0,0
1756703406,6157,0.07,0.0,0.0,0.0,0.0,0.0,0.0,0.0,0,0,0
1756703406,6158,0.02,0.0,-0.01,0.0,0.0,0.0,0.0,0.0,0,0,0
1756703406,6159,0.09,0.0,0.0,0.0,0.0,0.0,0.0,0.0,0,0,0
1756703406,6160,0.0,0.0,-0.01,0.0,0.0,0.0,0.0,0.0,0,0,0
1756703406,6161,-0.02,0.0,0.0,0.0,0.0,0.0,0.0,0.0,0,0,0
1756703406,6162,0.05,0.0,-0.02,0.0,0.0,0.0,0.0,0.0,0,0,0
1756703406,6163,0.0,0.0,0.0,0.0,0.0,0.0,0.0,0.0,0,0,0
1756703406,6164,0.0,0.0,-0.05,0.0,0.0,0.0,0.0,0.0,0,0,0
1756703406,6165,0.01,0.0,-0.03,0.0,0.0,0.0,0.0,0.0,0,0,0
1756703406,6166,0.01,0.0,0.0,0.0,0.0,0.0,0.0,0.0,0,0,0
1756703407,6167,0.0,0.0,-0.01,0.0,0.0,0.0,0.0,0.0,0,0,0
1756703407,6168,0.02,0.0,-0.03,0.0,0.0,0.0,0.0,0.0,0,0,0
1756703407,6169,0.0,0.0,-0.05,0.0,0.0,0.0,0.0,0.0,0,0,0
1756703407,6170,0.0,0.0,-0.05,0.0,0.0,0.0,0.0,0.0,0,0,0
1756703407,6171,0.01,0.0,-0.01,0.0,0.0,0.0,0.0,0.0,0,0,0
1756703407,6172,0.0,0.0,-0.01,0.0,0.0,0.0,0.0,0.0,0,0,0
1756703407,6173,0.02,0.0,0.0,0.0,0.0,0.0,0.0,0.0,0,0,0
1756703407,6174,0.0,0.0,-0.01,0.0,0.0,0.0,0.0,0.0,0,0,0
1756703407,6175,0.0,0.0,0.0,0.0,0.0,0.0,0.0,0.0,0,0,0
1756703407,6176,-0.15,0.0,0.0,0.0,0.0,0.0,0.0,0.0,0,0,0
1756703407,6177,0.0,0.0,-0.02,0.0,0.0,0.0,0.0,0.0,0,0,0
1756703407,6178,0.05,0.0,0.0,0.0,0.0,0.0,0.0,0.0,0,0,0
1756703407,6179,0.03,0.0,-0.05,0.0,0.0,0.0,0.0,0.0,0,0,0
1756703407,6180,0.0,0.0,0.0,0.0,0.0,0.0,0.0,0.0,0,0,0
1756703407,6181,0.05,0.0,-0.02,0.0,0.0,0.0,0.0,0.0,0,0,0
1756703407,6182,0.0,0.0,0.0,0.0,0.0,0.0,0.0,0.0,0,0,0
1756703407,6183,0.03,0.0,-0.03,0.0,0.0,0.0,0.0,0.0,0,0,0
1756703407,6184,0.0,0.0,-0.03,0.0,0.0,0.0,0.0,0.0,0,0,0
1756703407,6185,0.0,0.0,0.0,0.0,0.0,0.0,0.0,0.0,0,0,0
1756703407,6186,0.05,0.0,-0.01,0.0,0.0,0.0,0.0,0.0,0,0,0
1756703407,6187,0.02,0.0,-0.02,0.0,0.0,0.0,0.0,0.0,0,0,0
1756703407,6188,0.05,0.0,-0.05,0.0,0.0,0.0,0.0,0.0,0,0,0
1756703407,6189,0.0,0.0,-0.03,0.0,0.0,0.0,0.0,0.0,0,0,0
1756703407,6190,0.0,0.0,-0.03,0.0,0.0,0.0,0.0,0.0,0,0,0
1756703407,6191,0.0,0.0,-0.01,0.0,0.0,0.0,0.0,0.0,0,0,0
1756703407,6192,0.0,0.0,-0.02,0.0,0.0,0.0,0.0,0.0,0,0,0
1756703407,6193,0.0,0.0,-0.07,0.0,0.0,0.0,0.0,0.0,0,0,0
1756703407,6194,-0.01,0.0,-0.01,0.0,0.0,0.0,0.0,0.0,0,0,0
1756703407,6195,0.03,0.0,-0.05,0.0,0.0,0.0,0.0,0.0,0,0,0
1756703407,6196,0.0,0.0,-0.02,0.0,0.0,0.0,0.0,0.0,0,0,0
1756703407,6197,0.01,0.0,-0.01,0.0,0.0,0.0,0.0,0.0,0,0,0
1756703407,6198,0.02,0.0,0.05,0.0,0.0,0.0,0.0,0.0,0,0,0
1756703407,6199,0.02,0.0,-0.03,0.0,0.0,0.0,0.0,0.0,0,0,0
1756703407,6200,0.01,0.0,-0.03,0.0,0.0,0.0,0.0,0.0,0,0,0
1756703407,6201,0.02,0.0,-0.02,0.0,0.0,0.0,0.0,0.0,0,0,0
1756703407,6202,0.0,0.0,-0.01,0.0,0.0,0.0,0.0,0.0,0,0,0
1756703407,6203,0.1,0.0,-0.01,0.0,0.0,0.0,0.0,0.0,0,0,0
1756703407,6204,0.0,0.0,0.0,0.0,0.0,0.0,0.0,0.0,0,0,0
1756703407,6205,-0.03,0.0,0.0,0.0,0.0,0.0,0.0,0.0,0,0,0
1756703407,6206,0.02,0.0,-0.01,0.0,0.0,0.0,0.0,0.0,0,0,0
1756703407,6207,0.05,0.0,-0.07,0.0,0.0,0.0,0.0,0.0,0,0,0
1756703407,6208,0.0,0.0,0.0,0.0,0.0,0.0,0.0,0.0,0,0,0
1756703407,6209,0.0,0.0,-0.02,0.0,0.0,0.0,0.0,0.0,0,0,0
1756703407,6210,0.0,0.0,-0.03,0.0,0.0,0.0,0.0,0.0,0,0,0
1756703407,6211,0.05,0.0,-0.01,0.0,0.0,0.0,0.0,0.0,0,0,0
1756703407,6212,0.05,0.0,0.0,0.0,0.0,0.0,0.0,0.0,0,0,0
1756703407,6213,0.0,0.0,0.0,0.0,0.0,0.0,0.0,0.0,0,0,0
1756703407,6214,0.0,0.0,0.0,0.0,0.0,0.0,0.0,0.0,0,0,0
1756703407,6215,0.01,0.0,0.0,0.0,0.0,0.0,0.0,0.0,0,0,0
1756703407,6216,0.0,0.0,0.0,0.0,0.0,0.0,0.0,0.0,0,0,0
1756703407,6217,0.0,0.0,-0.02,0.0,0.0,0.0,0.0,0.0,0,0,0
1756703407,6218,-0.07,0.0,-0.01,0.0,0.0,0.0,0.0,0.0,0,0,0
1756703407,6219,0.02,0.0,-0.02,0.0,0.0,0.0,0.0,0.0,0,0,0
1756703407,6220,0.02,0.0,-0.03,0.0,0.0,0.0,0.0,0.0,0,0,0
1756703407,6221,0.02,0.0,0.0,0.0,0.0,0.0,0.0,0.0,0,0,0
1756703407,6222,0.05,0.0,0.0,0.0,0.0,0.0,0.0,0.0,0,0,0
1756703407,6223,0.01,0.0,-0.01,0.0,0.0,0.0,0.0,0.0,0,0,0
1756703407,6224,0.05,0.0,-0.03,0.0,0.0,0.0,0.0,0.0,0,0,0
1756703407,6225,0.0,0.0,-0.11,0.0,0.0,0.0,0.0,0.0,0,0,0
1756703407,6226,-0.05,0.0,0.0,0.0,0.0,0.0,0.0,0.0,0,0,0
1756703407,6227,0.0,0.0,-0.02,0.0,0.0,0.0,0.0,0.0,0,0,0
1756703407,6228,-0.03,0.0,0.0,0.0,0.0,0.0,0.0,0.0,0,0,0
1756703407,6229,-0.05,0.0,-0.01,0.0,0.0,0.0,0.0,0.0,0,0,0
1756703408,6230,0.05,0.0,0.0,0.0,0.0,0.0,0.0,0.0,0,0,0
1756703408,6231,0.03,0.0,-0.01,0.0,0.0,0.0,0.0,0.0,0,0,0
1756703408,6232,0.0,0.0,-0.01,0.0,0.0,0.0,0.0,0.0,0,0,0
1756703408,6233,0.03,0.0,-0.01,0.0,0.0,0.0,0.0,0.0,0,0,0
1756703408,6234,0.02,0.0,-0.05,0.0,0.0,0.0,0.0,0.0,0,0,0
1756703408,6235,0.03,0.0,-0.02,0.0,0.0,0.0,0.0,0.0,0,0,0
1756703408,6236,0.0,0.0,0.0,0.0,0.0,0.0,0.0,0.0,0,0,0
1756703408,6237,0.0,0.0,-0.01,0.0,0.0,0.0,0.0,0.0,0,0,0
1756703408,6238,0.0,0.0,0.0,0.0,0.0,0.0,0.0,0.0,0,0,0
1756703408,6239,0.01,0.0,0.0,0.0,0.0,0.0,0.0,0.0,0,0,0
1756703408,6240,0.0,0.0,0.0,0.0,0.0,0.0,0.0,0.0,0,0,0
1756703408,6241,0.02,0.0,-0.01,0.0,0.0,0.0,0.0,0.0,0,0,0
1756703408,6242,-0.01,0.0,0.0,0.0,0.0,0.0,0.0,0.0,0,0,0
1756703408,6243,-0.02,0.0,-0.03,0.0,0.0,0.0,0.0,0.0,0,0,0
1756703408,6244,-0.05,0.0,-0.01,0.0,0.0,0.0,0.0,0.0,0,0,0
1756703408,6245,0.09,0.0,-0.07,0.0,0.0,0.0,0.0,0.0,0,0,0
1756703408,6246,0.07,0.0,-0.1,0.0,0.0,0.0,0.0,0.0,0,0,0
1756703408,6247,0.03,0.0,0.0,0.0,0.0,0.0,0.0,0.0,0,0,0
1756703408,6248,-0.02,0.0,-0.03,0.0,0.0,0.0,0.0,0.0,0,0,0
1756703408,6249,0.0,0.0,-0.05,0.0,0.0,0.0,0.0,0.0,0,0,0
1756703408,6250,0.0,0.0,-0.03,0.0,0.0,0.0,0.0,0.0,0,0,0
1756703408,6251,0.0,0.0,-0.01,0.0,0.0,0.0,0.0,0.0,0,0,0
1756703408,6252,0.02,0.0,0.0,0.0,0.0,0.0,0.0,0.0,0,0,0
1756703408,6253,0.1,0.0,-0.03,0.0,0.0,0.0,0.0,0.0,0,0,0
1756703408,6254,0.05,0.0,0.0,0.0,0.0,0.0,0.0,0.0,0,0,0
1756703408,6255,0.0,0.0,-0.03,0.0,0.0,0.0,0.0,0.0,0,0,0
1756703408,6256,0.02,0.0,-0.02,0.0,0.0,0.0,0.0,0.0,0,0,0
1756703408,6257,0.02,0.0,0.0,0.0,0.0,0.0,0.0,0.0,0,0,0
1756703408,6258,0.0,0.0,-0.05,0.0,0.0,0.0,0.0,0.0,0,0,0
1756703408,6259,0.05,0.0,0.0,0.0,0.0,0.0,0.0,0.0,0,0,0
1756703408,6260,0.01,0.0,-0.03,0.0,0.0,0.0,0.0,0.0,0,0,0
1756703408,6261,0.09,0.0,-0.03,0.0,0.0,0.0,0.0,0.0,0,0,0
1756703408,6262,-0.02,0.0,0.02,0.0,0.0,0.0,0.0,0.0,0,0,0
1756703408,6263,0.0,0.0,0.0,0.0,0.0,0.0,0.0,0.0,0,0,0
1756703408,6264,0.05,0.0,-0.01,0.0,0.0,0.0,0.0,0.0,0,0,0
1756703408,6265,0.05,0.0,0.0,0.0,0.0,0.0,0.0,0.0,0,0,0
1756703408,6266,0.0,0.0,-0.01,0.0,0.0,0.0,0.0,0.0,0,0,0
1756703408,6267,0.0,0.0,0.0,0.0,0.0,0.0,0.0,0.0,0,0,0
1756703408,6268,0.01,0.0,0.0,0.0,0.0,0.0,0.0,0.0,0,0,0
1756703408,6269,0.01,0.0,0.0,0.0,0.0,0.0,0.0,0.0,0,0,0
1756703408,6270,-0.03,0.0,0.0,0.0,0.0,0.0,0.0,0.0,0,0,0
1756703408,6271,0.0,0.0,-0.07,0.0,0.0,0.0,0.0,0.0,0,0,0
1756703408,6272,0.0,0.0,-0.03,0.0,0.0,0.0,0.0,0.0,0,0,0
1756703408,6273,0.09,0.0,-0.05,0.0,0.0,0.0,0.0,0.0,0,0,0
1756703408,6274,0.05,0.0,-0.02,0.0,0.0,0.0,0.0,0.0,0,0,0
1756703408,6275,0.01,0.0,-0.05,0.0,0.0,0.0,0.0,0.0,0,0,0
1756703408,6276,0.0,0.0,0.0,0.0,0.0,0.0,0.0,0.0,0,0,0
1756703408,6277,-0.02,0.0,-0.05,0.0,0.0,0.0,0.0,0.0,0,0,0
1756703408,6278,0.02,0.0,-0.01,0.0,0.0,0.0,0.0,0.0,0,0,0
1756703408,6279,0.01,0.0,0.0,0.0,0.0,0.0,0.0,0.0,0,0,0
1756703408,6280,0.0,0.0,-0.09,0.0,0.0,0.0,0.0,0.0,0,0,0
1756703408,6281,-0.01,0.0,-0.02,0.0,0.0,0.0,0.0,0.0,0,0,0
1756703408,6282,0.05,0.0,-0.05,0.0,0.0,0.0,0.0,0.0,0,0,0
1756703408,6283,0.0,0.0,0.0,0.0,0.0,0.0,0.0,0.0,0,0,0
1756703408,6284,0.02,0.0,-0.02,0.0,0.0,0.0,0.0,0.0,0,0,0
1756703408,6285,-0.09,0.0,0.0,0.0,0.0,0.0,0.0,0.0,0,0,0
1756703408,6286,0.01,0.0,0.0,0.0,0.0,0.0,0.0,0.0,0,0,0
1756703408,6287,0.0,0.0,0.0,0.0,0.0,0.0,0.0,0.0,0,0,0
1756703408,6288,0.05,0.0,-0.02,0.0,0.0,0.0,0.0,0.0,0,0,0
1756703408,6289,0.0,0.0,0.01,0.0,0.0,0.0,0.0,0.0,0,0,0
1756703408,6290,0.05,0.0,0.0,0.0,0.0,0.0,0.0,0.0,0,0,0
1756703408,6291,0.05,0.0,0.0,0.0,0.0,0.0,0.0,0.0,0,0,0
1756703408,6292,0.02,0.0,0.0,0.0,0.0,0.0,0.0,0.0,0,0,0
1756703408,6293,0.05,0.0,0.0,0.0,0.0,0.0,0.0,0.0,0,0,0
1756703408,6294,0.0,0.0,-0.03,0.0,0.0,0.0,0.0,0.0,0,0,0
1756703408,6295,0.05,0.0,0.02,0.0,0.0,0.0,0.0,0.0,0,0,0
1756703408,6296,-0.02,0.0,0.0,0.0,0.0,0.0,0.0,0.0,0,0,0
1756703409,6297,0.0,0.0,-0.01,0.0,0.0,0.0,0.0,0.0,0,0,0
1756703409,6298,0.0,0.0,-0.01,0.0,0.0,0.0,0.0,0.0,0,0,0
1756703409,6299,0.02,0.0,-0.01,0.0,0.0,0.0,0.0,0.0,0,0,0
1756703409,6300,-0.02,0.0,0.0,0.0,0.0,0.0,0.0,0.0,0,0,0
1756703409,6301,-0.07,0.0,0.0,0.0,0.0,0.0,0.0,0.0,0,0,0
1756703409,6302,0.01,0.0,0.0,0.0,0.0,0.0,0.0,0.0,0,0,0
1756703409,6303,0.0,0.0,0.0,0.0,0.0,0.0,0.0,0.0,0,0,0
1756703409,6304,0.0,0.0,-0.03,0.0,0.0,0.0,0.0,0.0,0,0,0
1756703409,6305,0.0,0.0,-0.01,0.0,0.0,0.0,0.0,0.0,0,0,0
1756703409,6306,0.02,0.0,0.0,0.0,0.0,0.0,0.0,0.0,0,0,0
1756703409,6307,0.03,0.0,-0.01,0.0,0.0,0.0,0.0,0.0,0,0,0
1756703409,6308,0.05,0.0,0.01,0.0,0.0,0.0,0.0,0.0,0,0,0
1756703409,6309,0.02,0.0,0.0,0.0,0.0,0.0,0.0,0.0,0,0,0
1756703409,6310,0.0,0.0,0.0,0.0,0.0,0.0,0.0,0.0,0,0,0
1756703409,6311,0.02,0.0,-0.01,0.0,0.0,0.0,0.0,0.0,0,0,0
1756703409,6312,0.05,0.0,0.0,0.0,0.0,0.0,0.0,0.0,0,0,0
1756703409,6313,0.0,0.0,-0.05,0.0,0.0,0.0,0.0,0.0,0,0,0
1756703409,6314,0.01,0.0,0.0,0.0,0.0,0.0,0.0,0.0,0,0,0
1756703409,6315,0.0,0.0,0.0,0.0,0.0,0.0,0.0,0.0,0,0,0
1756703409,6316,0.07,0.0,-0.05,0.0,0.0,0.0,0.0,0.0,0,0,0
1756703409,6317,0.0,0.0,-0.01,0.0,0.0,0.0,0.0,0.0,0,0,0
1756703409,6318,0.0,0.0,-0.03,0.0,0.0,0.0,0.0,0.0,0,0,0
1756703409,6319,0.0,0.0,0.05,0.0,0.0,0.0,0.0,0.0,0,0,0
1756703409,6320,0.02,0.0,-0.03,0.0,0.0,0.0,0.0,0.0,0,0,0
1756703409,6321,0.0,0.0,-0.01,0.0,0.0,0.0,0.0,0.0,0,0,0
1756703409,6322,0.0,0.0,-0.01,0.0,0.0,0.0,0.0,0.0,0,0,0
1756703409,6323,0.0,0.0,-0.03,0.0,0.0,0.0,0.0,0.0,0,0,0
1756703409,6324,0.01,0.0,-0.07,0.0,0.0,0.0,0.0,0.0,0,0,0
1756703409,6325,-0.07,0.0,-0.03,0.0,0.0,0.0,0.0,0.0,0,0,0
1756703409,6326,0.07,0.0,-0.05,0.0,0.0,0.0,0.0,0.0,0,0,0
1756703409,6327,0.0,0.0,-0.05,0.0,0.0,0.0,0.0,0.0,0,0,0
1756703409,6328,0.03,0.0,-0.03,0.0,0.0,0.0,0.0,0.0,0,0,0
1756703409,6329,0.0,0.0,-0.01,0.0,0.0,0.0,0.0,0.0,0,0,0
1756703409,6330,0.01,0.0,0.01,0.0,0.0,0.0,0.0,0.0,0,0,0
1756703409,6331,0.01,0.0,-0.05,0.0,0.0,0.0,0.0,0.0,0,0,0
1756703409,6332,0.02,0.0,-0.05,0.0,0.0,0.0,0.0,0.0,0,0,0
1756703409,6333,0.0,0.0,0.0,0.0,0.0,0.0,0.0,0.0,0,0,0
1756703409,6334,0.0,0.0,-0.05,0.0,0.0,0.0,0.0,0.0,0,0,0
1756703409,6335,0.0,0.0,-0.01,0.0,0.0,0.0,0.0,0.0,0,0,0
1756703409,6336,0.0,0.0,-0.02,0.0,0.0,0.0,0.0,0.0,0,0,0
1756703409,6337,0.0,0.0,0.0,0.0,0.0,0.0,0.0,0.0,0,0,0
1756703409,6338,0.03,0.0,0.0,0.0,0.0,0.0,0.0,0.0,0,0,0
1756703409,6339,0.03,0.0,0.05,0.0,0.0,0.0,0.0,0.0,0,0,0
1756703409,6340,0.09,0.0,-0.01,0.0,0.0,0.0,0.0,0.0,0,0,0
1756703409,6341,0.01,0.0,0.01,0.0,0.0,0.0,0.0,0.0,0,0,0
1756703409,6342,0.01,0.0,-0.02,0.0,0.0,0.0,0.0,0.0,0,0,0
1756703409,6343,0.0,0.0,0.0,0.0,0.0,0.0,0.0,0.0,0,0,0
1756703409,6344,0.01,0.0,0.0,0.0,0.0,0.0,0.0,0.0,0,0,0
1756703409,6345,0.0,0.0,0.0,0.0,0.0,0.0,0.0,0.0,0,0,0
1756703409,6346,0.0,0.0,0.0,0.0,0.0,0.0,0.0,0.0,0,0,0
1756703409,6347,0.03,0.0,-0.01,0.0,0.0,0.0,0.0,0.0,0,0,0
1756703409,6348,0.01,0.0,-0.02,0.0,0.0,0.0,0.0,0.0,0,0,0
1756703409,6349,0.0,0.0,0.0,0.0,0.0,0.0,0.0,0.0,0,0,0
1756703409,6350,0.01,0.0,-0.01,0.0,0.0,0.0,0.0,0.0,0,0,0
1756703409,6351,0.0,0.0,-0.01,0.0,0.0,0.0,0.0,0.0,0,0,0
1756703409,6352,0.03,0.0,-0.01,0.0,0.0,0.0,0.0,0.0,0,0,0
1756703409,6353,-0.01,0.0,0.0,0.0,0.0,0.0,0.0,0.0,0,0,0
1756703409,6354,0.02,0.0,-0.05,0.0,0.0,0.0,0.0,0.0,0,0,0
1756703409,6355,0.0,0.0,0.0,0.0,0.0,0.0,0.0,0.0,0,0,0
1756703409,6356,0.01,0.0,-0.01,0.0,0.0,0.0,0.0,0.0,0,0,0
1756703409,6357,0.03,0.0,-0.18,0.0,0.0,0.0,0.0,0.0,0,0,0
1756703409,6358,0.0,0.0,0.1,0.0,0.0,0.0,0.0,0.0,0,0,0
1756703409,6359,0.0,0.0,-0.03,0.0,0.0,0.0,0.0,0.0,0,0,0
1756703409,6360,0.0,0.0,-0.01,0.0,0.0,0.0,0.0,0.0,0,0,0
1756703409,6361,0.07,0.0,-0.03,0.0,0.0,0.0,0.0,0.0,0,0,0
1756703410,6362,0.0,0.0,-0.05,0.0,0.0,0.0,0.0,0.0,0,0,0
1756703410,6363,0.03,0.0,0.0,0.0,0.0,0.0,0.0,0.0,0,0,0
1756703410,6364,0.0,0.0,-0.01,0.0,0.0,0.0,0.0,0.0,0,0,0
1756703410,6365,0.0,0.0,-0.05,0.0,0.0,0.0,0.0,0.0,0,0,0
1756703410,6366,0.03,0.0,0.0,0.0,0.0,0.0,0.0,0.0,0,0,0
1756703410,6367,0.02,0.0,-0.01,0.0,0.0,0.0,0.0,0.0,0,0,0
1756703410,6368,-0.01,0.0,-0.01,0.0,0.0,0.0,0.0,0.0,0,0,0
1756703410,6369,0.0,0.0,-0.03,0.0,0.0,0.0,0.0,0.0,0,0,0
1756703410,6370,-0.02,0.0,-0.05,0.0,0.0,0.0,0.0,0.0,0,0,0
1756703410,6371,0.02,0.0,-0.05,0.0,0.0,0.0,0.0,0.0,0,0,0
1756703410,6372,0.0,0.0,0.0,0.0,0.0,0.0,0.0,0.0,0,0,0
1756703410,6373,0.05,0.0,-0.07,0.0,0.0,0.0,0.0,0.0,0,0,0
1756703410,6374,0.0,0.0,0.0,0.0,0.0,0.0,0.0,0.0,0,0,0
1756703410,6375,0.02,0.0,0.0,0.0,0.0,0.0,0.0,0.0,0,0,0
1756703410,6376,0.0,0.0,0.0,0.0,0.0,0.0,0.0,0.0,0,0,0
1756703410,6377,0.05,0.0,0.0,0.0,0.0,0.0,0.0,0.0,0,0,0
1756703410,6378,0.0,0.0,-0.05,0.0,0.0,0.0,0.0,0.0,0,0,0
1756703410,6379,0.01,0.0,-0.01,0.0,0.0,0.0,0.0,0.0,0,0,0
1756703410,6380,0.0,0.0,-0.03,0.0,0.0,0.0,0.0,0.0,0,0,0
1756703410,6381,0.02,0.0,-0.07,0.0,0.0,0.0,0.0,0.0,0,0,0
1756703410,6382,0.01,0.0,0.0,0.0,0.0,0.0,0.0,0.0,0,0,0
1756703410,6383,0.01,0.0,-0.02,0.0,0.0,0.0,0.0,0.0,0,0,0
1756703410,6384,-0.09,0.0,0.03,0.0,0.0,0.0,0.0,0.0,0,0,0
1756703410,6385,0.05,0.0,0.0,0.0,0.0,0.0,0.0,0.0,0,0,0
1756703410,6386,0.05,0.0,0.0,0.0,0.0,0.0,0.0,0.0,0,0,0
1756703410,6387,0.02,0.0,-0.07,0.0,0.0,0.0,0.0,0.0,0,0,0
1756703410,6388,-0.01,0.0,-0.01,0.0,0.0,0.0,0.0,0.0,0,0,0
1756703410,6389,0.01,0.0,-0.05,0.0,0.0,0.0,0.0,0.0,0,0,0
1756703410,6390,0.01,0.0,0.0,0.0,0.0,0.0,0.0,0.0,0,0,0
1756703410,6391,0.0,0.0,-0.03,0.0,0.0,0.0,0.0,0.0,0,0,0
1756703410,6392,0.03,0.0,0.02,0.0,0.0,0.0,0.0,0.0,0,0,0
1756703410,6393,0.01,0.0,0.03,0.0,0.0,0.0,0.0,0.0,0,0,0
1756703410,6394,0.03,0.0,0.0,0.0,0.0,0.0,0.0,0.0,0,0,0
1756703410,6395,0.0,0.0,-0.01,0.0,0.0,0.0,0.0,0.0,0,0,0
1756703410,6396,0.05,0.0,-0.01,0.0,0.0,0.0,0.0,0.0,0,0,0
1756703410,6397,0.03,0.0,-0.03,0.0,0.0,0.0,0.0,0.0,0,0,0
1756703410,6398,0.05,0.0,0.0,0.0,0.0,0.0,0.0,0.0,0,0,0
1756703410,6399,0.0,0.0,-0.01,0.0,0.0,0.0,0.0,0.0,0,0,0
1756703410,6400,0.0,0.0,-0.02,0.0,0.0,0.0,0.0,0.0,0,0,0
1756703410,6401,0.0,0.0,-0.01,0.0,0.0,0.0,0.0,0.0,0,0,0
1756703410,6402,0.05,0.0,-0.02,0.0,0.0,0.0,0.0,0.0,0,0,0
1756703410,6403,0.0,0.0,-0.02,0.0,0.0,0.0,0.0,0.0,0,0,0
1756703410,6404,0.02,0.0,0.0,0.0,0.0,0.0,0.0,0.0,0,0,0
1756703410,6405,-0.01,0.0,-0.01,0.0,0.0,0.0,0.0,0.0,0,0,0
1756703410,6406,0.01,0.0,-0.01,0.0,0.0,0.0,0.0,0.0,0,0,0
1756703410,6407,0.0,0.0,0.0,0.0,0.0,0.0,0.0,0.0,0,0,0
1756703410,6408,0.0,0.0,0.0,0.0,0.0,0.0,0.0,0.0,0,0,0
1756703410,6409,0.0,0.0,0.03,0.0,0.0,0.0,0.0,0.0,0,0,0
1756703410,6410,0.01,0.0,-0.01,0.0,0.0,0.0,0.0,0.0,0,0,0
1756703410,6411,0.01,0.0,-0.07,0.0,0.0,0.0,0.0,0.0,0,0,0
1756703410,6412,0.07,0.0,0.0,0.0,0.0,0.0,0.0,0.0,0,0,0
1756703410,6413,0.0,0.0,-0.01,0.0,0.0,0.0,0.0,0.0,0,0,0
1756703410,6414,0.0,0.0,-0.1,0.0,0.0,0.0,0.0,0.0,0,0,0
1756703410,6415,-0.05,0.0,-0.05,0.0,0.0,0.0,0.0,0.0,0,0,0
1756703410,6416,0.05,0.0,0.0,0.0,0.0,0.0,0.0,0.0,0,0,0
1756703410,6417,-0.01,0.0,-0.02,0.0,0.0,0.0,0.0,0.0,0,0,0
1756703410,6418,0.01,0.0,-0.05,0.0,0.0,0.0,0.0,0.0,0,0,0
1756703410,6419,0.05,0.0,0.0,0.0,0.0,0.0,0.0,0.0,0,0,0
1756703410,6420,0.03,0.0,-0.02,0.0,0.0,0.0,0.0,0.0,0,0,0
1756703410,6421,0.0,0.0,-0.01,0.0,0.0,0.0,0.0,0.0,0,0,0
1756703410,6422,0.0,0.0,-0.01,0.0,0.0,0.0,0.0,0.0,0,0,0
1756703410,6423,0.05,0.0,-0.01,0.0,0.0,0.0,0.0,0.0,0,0,0
1756703410,6424,0.0,0.0,-0.01,0.0,0.0,0.0,0.0,0.0,0,0,0
1756703410,6425,0.02,0.0,0.0,0.0,0.0,0.0,0.0,0.0,0,0,0
1756703410,6426,0.0,0.0,-0.05,0.0,0.0,0.0,0.0,0.0,0,0,0
1756703410,6427,0.02,0.0,0.0,0.0,0.0,0.0,0.0,0.0,0,0,0
1756703410,6428,-0.03,0.0,-0.02,0.0,0.0,0.0,0.0,0.0,0,0,0
1756703410,6429,0.01,0.0,-0.07,0.0,0.0,0.0,0.0,0.0,0,0,0
1756703411,6430,0.05,0.0,0.0,0.0,0.0,0.0,0.0,0.0,0,0,0
1756703411,6431,0.01,0.0,-0.01,0.0,0.0,0.0,0.0,0.0,0,0,0
1756703411,6432,0.05,0.0,0.0,0.0,0.0,0.0,0.0,0.0,0,0,0
1756703411,6433,0.0,0.0,-0.03,0.0,0.0,0.0,0.0,0.0,0,0,0
1756703411,6434,0.03,0.0,0.0,0.0,0.0,0.0,0.0,0.0,0,0,0
1756703411,6435,0.0,0.0,-0.01,0.0,0.0,0.0,0.0,0.0,0,0,0
1756703411,6436,0.02,0.0,0.0,0.0,0.0,0.0,0.0,0.0,0,0,0
1756703411,6437,0.0,0.0,-0.02,0.0,0.0,0.0,0.0,0.0,0,0,0
1756703411,6438,0.0,0.0,0.0,0.0,0.0,0.0,0.0,0.0,0,0,0
1756703411,6439,0.0,0.0,0.0,0.0,0.0,0.0,0.0,0.0,0,0,0
1756703411,6440,0.01,0.0,0.0,0.0,0.0,0.0,0.0,0.0,0,0,0
1756703411,6441,0.0,0.0,0.01,0.0,0.0,0.0,0.0,0.0,0,0,0
1756703411,6442,0.0,0.0,0.0,0.0,0.0,0.0,0.0,0.0,0,0,0
1756703411,6443,0.02,0.0,0.05,0.0,0.0,0.0,0.0,0.0,0,0,0
1756703411,6444,0.0,0.0,-0.02,0.0,0.0,0.0,0.0,0.0,0,0,0
1756703411,6445,0.0,0.0,0.0,0.0,0.0,0.0,0.0,0.0,0,0,0
1756703411,6446,0.02,0.0,0.0,0.0,0.0,0.0,0.0,0.0,0,0,0
1756703411,6447,0.0,0.0,-0.02,0.0,0.0,0.0,0.0,0.0,0,0,0
1756703411,6448,0.01,0.0,-0.03,0.0,0.0,0.0,0.0,0.0,0,0,0
1756703411,6449,0.0,0.0,-0.01,0.0,0.0,0.0,0.0,0.0,0,0,0
1756703411,6450,0.0,0.0,-0.05,0.0,0.0,0.0,0.0,0.0,0,0,0
1756703411,6451,0.01,0.0,-0.01,0.0,0.0,0.0,0.0,0.0,0,0,0
1756703411,6452,0.0,0.0,-0.02,0.0,0.0,0.0,0.0,0.0,0,0,0
1756703411,6453,-0.05,0.0,0.0,0.0,0.0,0.0,0.0,0.0,0,0,0
1756703411,6454,0.05,0.0,0.0,0.0,0.0,0.0,0.0,0.0,0,0,0
1756703411,6455,0.01,0.0,0.0,0.0,0.0,0.0,0.0,0.0,0,0,0
1756703411,6456,0.07,0.0,-0.01,0.0,0.0,0.0,0.0,0.0,0,0,0
1756703411,6457,0.0,0.0,0.0,0.0,0.0,0.0,0.0,0.0,0,0,0
1756703411,6458,-0.02,0.0,-0.07,0.0,0.0,0.0,0.0,0.0,0,0,0
1756703411,6459,0.0,0.0,0.0,0.0,0.0,0.0,0.0,0.0,0,0,0
1756703411,6460,0.0,0.0,-0.03,0.0,0.0,0.0,0.0,0.0,0,0,0
1756703411,6461,0.0,0.0,-0.05,0.0,0.0,0.0,0.0,0.0,0,0,0
1756703411,6462,0.03,0.0,-0.01,0.0,0.0,0.0,0.0,0.0,0,0,0
1756703411,6463,0.0,0.0,-0.01,0.0,0.0,0.0,0.0,0.0,0,0,0
1756703411,6464,0.01,0.0,-0.05,0.0,0.0,0.0,0.0,0.0,0,0,0
1756703411,6465,0.03,0.0,0.0,0.0,0.0,0.0,0.0,0.0,0,0,0
1756703411,6466,0.0,0.0,0.0,0.0,0.0,0.0,0.0,0.0,0,0,0
1756703411,6467,-0.01,0.0,0.0,0.0,0.0,0.0,0.0,0.0,0,0,0
1756703411,6468,0.0,0.0,-0.01,0.0,0.0,0.0,0.0,0.0,0,0,0
1756703411,6469,0.02,0.0,0.0,0.0,0.0,0.0,0.0,0.0,0,0,0
1756703411,6470,0.01,0.0,0.0,0.0,0.0,0.0,0.0,0.0,0,0,0
1756703411,6471,0.05,0.0,-0.07,0.0,0.0,0.0,0.0,0.0,0,0,0
1756703411,6472,0.01,0.0,-0.01,0.0,0.0,0.0,0.0,0.0,0,0,0
1756703411,6473,0.02,0.0,0.0,0.0,0.0,0.0,0.0,0.0,0,0,0
1756703411,6474,0.02,0.0,0.0,0.0,0.0,0.0,0.0,0.0,0,0,0
1756703411,6475,0.0,0.0,-0.02,0.0,0.0,0.0,0.0,0.0,0,0,0
1756703411,6476,0.05,0.0,0.0,0.0,0.0,0.0,0.0,0.0,0,0,0
1756703411,6477,0.0,0.0,-0.07,0.0,0.0,0.0,0.0,0.0,0,0,0
1756703411,6478,0.0,0.0,-0.1,0.0,0.0,0.0,0.0,0.0,0,0,0
1756703411,6479,0.09,0.0,-0.01,0.0,0.0,0.0,0.0,0.0,0,0,0
1756703411,6480,0.01,0.0,-0.01,0.0,0.0,0.0,0.0,0.0,0,0,0
1756703411,6481,0.03,0.0,0.0,0.0,0.0,0.0,0.0,0.0,0,0,0
1756703411,6482,-0.05,0.0,0.0,0.0,0.0,0.0,0.0,0.0,0,0,0
1756703411,6483,0.02,0.0,0.0,0.0,0.0,0.0,0.0,0.0,0,0,0
1756703411,6484,0.02,0.0,0.0,0.0,0.0,0.0,0.0,0.0,0,0,0
1756703411,6485,0.0,0.0,-0.05,0.0,0.0,0.0,0.0,0.0,0,0,0
1756703411,6486,0.02,0.0,0.0,0.0,0.0,0.0,0.0,0.0,0,0,0
1756703411,6487,-0.01,0.0,0.0,0.0,0.0,0.0,0.0,0.0,0,0,0
1756703411,6488,0.03,0.0,-0.05,0.0,0.0,0.0,0.0,0.0,0,0,0
1756703411,6489,0.0,0.0,0.0,0.0,0.0,0.0,0.0,0.0,0,0,0
1756703411,6490,0.05,0.0,0.0,0.0,0.0,0.0,0.0,0.0,0,0,0
1756703411,6491,0.05,0.0,0.0,0.0,0.0,0.0,0.0,0.0,0,0,0
1756703411,6492,-0.03,0.0,-0.02,0.0,0.0,0.0,0.0,0.0,0,0,0
1756703411,6493,0.0,0.0,0.0,0.0,0.0,0.0,0.0,0.0,0,0,0
1756703412,6494,0.0,0.0,0.01,0.0,0.0,0.0,0.0,0.0,0,0,0
1756703412,6495,0.01,0.0,-0.01,0.0,0.0,0.0,0.0,0.0,0,0,0
1756703412,6496,0.03,0.0,0.0,0.0,0.0,0.0,0.0,0.0,0,0,0
1756703412,6497,0.0,0.0,0.0,0.0,0.0,0.0,0.0,0.0,0,0,0
1756703412,6498,0.03,0.0,0.0,0.0,0.0,0.0,0.0,0.0,0,0,0
1756703412,6499,0.0,0.0,-0.01,0.0,0.0,0.0,0.0,0.0,0,0,0
1756703412,6500,0.0,0.0,0.0,0.0,0.0,0.0,0.0,0.0,0,0,0
1756703412,6501,0.03,0.0,0.0,0.0,0.0,0.0,0.0,0.0,0,0,0
1756703412,6502,-0.02,0.0,0.0,0.0,0.0,0.0,0.0,0.0,0,0,0
1756703412,6503,0.0,0.0,-0.02,0.0,0.0,0.0,0.0,0.0,0,0,0
1756703412,6504,0.03,0.0,-0.02,0.0,0.0,0.0,0.0,0.0,0,0,0
1756703412,6505,0.05,0.0,-0.01,0.0,0.0,0.0,0.0,0.0,0,0,0
1756703412,6506,-0.02,0.0,0.0,0.0,0.0,0.0,0.0,0.0,0,0,0
1756703412,6507,0.0,0.0,-0.05,0.0,0.0,0.0,0.0,0.0,0,0,0
1756703412,6508,0.01,0.0,0.0,0.0,0.0,0.0,0.0,0.0,0,0,0
1756703412,6509,0.01,0.0,-0.02,0.0,0.0,0.0,0.0,0.0,0,0,0
1756703412,6510,0.0,0.0,-0.01,0.0,0.0,0.0,0.0,0.0,0,0,0
1756703412,6511,0.01,0.0,0.02,0.0,0.0,0.0,0.0,0.0,0,0,0
1756703412,6512,0.01,0.0,-0.05,0.0,0.0,0.0,0.0,0.0,0,0,0
1756703412,6513,0.03,0.0,-0.05,0.0,0.0,0.0,0.0,0.0,0,0,0
1756703412,6514,0.0,0.0,-0.01,0.0,0.0,0.0,0.0,0.0,0,0,0
1756703412,6515,0.0,0.0,-0.01,0.0,0.0,0.0,0.0,0.0,0,0,0
1756703412,6516,0.02,0.0,-0.07,0.0,0.0,0.0,0.0,0.0,0,0,0
1756703412,6517,0.0,0.0,-0.02,0.0,0.0,0.0,0.0,0.0,0,0,0
1756703412,6518,0.05,0.0,0.0,0.0,0.0,0.0,0.0,0.0,0,0,0
1756703412,6519,0.0,0.0,-0.05,0.0,0.0,0.0,0.0,0.0,0,0,0
1756703412,6520,-0.02,0.0,-0.01,0.0,0.0,0.0,0.0,0.0,0,0,0
1756703412,6521,0.01,0.0,-0.02,0.0,0.0,0.0,0.0,0.0,0,0,0
1756703412,6522,0.03,0.0,-0.01,0.0,0.0,0.0,0.0,0.0,0,0,0
1756703412,6523,0.0,0.0,0.0,0.0,0.0,0.0,0.0,0.0,0,0,0
1756703412,6524,0.01,0.0,-0.01,0.0,0.0,0.0,0.0,0.0,0,0,0
1756703412,6525,0.05,0.0,-0.01,0.0,0.0,0.0,0.0,0.0,0,0,0
1756703412,6526,0.0,0.0,-0.01,0.0,0.0,0.0,0.0,0.0,0,0,0
1756703412,6527,0.03,0.0,0.0,0.0,0.0,0.0,0.0,0.0,0,0,0
1756703412,6528,0.0,0.0,-0.02,0.0,0.0,0.0,0.0,0.0,0,0,0
1756703412,6529,0.09,0.0,-0.01,0.0,0.0,0.0,0.0,0.0,0,0,0
1756703412,6530,0.0,0.0,0.0,0.0,0.0,0.0,0.0,0.0,0,0,0
1756703412,6531,0.0,0.0,0.0,0.0,0.0,0.0,0.0,0.0,0,0,0
1756703412,6532,0.0,0.0,-0.03,0.0,0.0,0.0,0.0,0.0,0,0,0
1756703412,6533,0.0,0.0,-0.02,0.0,0.0,0.0,0.0,0.0,0,0,0
1756703412,6534,0.0,0.0,0.0,0.0,0.0,0.0,0.0,0.0,0,0,0
1756703412,6535,0.01,0.0,0.0,0.0,0.0,0.0,0.0,0.0,0,0,0
1756703412,6536,0.0,0.0,-0.01,0.0,0.0,0.0,0.0,0.0,0,0,0
1756703412,6537,0.05,0.0,-0.02,0.0,0.0,0.0,0.0,0.0,0,0,0
1756703412,6538,0.05,0.0,-0.05,0.0,0.0,0.0,0.0,0.0,0,0,0
1756703412,6539,-0.05,0.0,-0.03,0.0,0.0,0.0,0.0,0.0,0,0,0
1756703412,6540,0.02,0.0,-0.03,0.0,0.0,0.0,0.0,0.0,0,0,0
1756703412,6541,-0.01,0.0,0.0,0.0,0.0,0.0,0.0,0.0,0,0,0
1756703412,6542,0.01,0.0,-0.03,0.0,0.0,0.0,0.0,0.0,0,0,0
1756703412,6543,0.0,0.0,-0.02,0.0,0.0,0.0,0.0,0.0,0,0,0
1756703412,6544,0.02,0.0,-0.01,0.0,0.0,0.0,0.0,0.0,0,0,0
1756703412,6545,0.0,0.0,-0.02,0.0,0.0,0.0,0.0,0.0,0,0,0
1756703412,6546,-0.01,0.0,-0.05,0.0,0.0,0.0,0.0,0.0,0,0,0
1756703412,6547,0.07,0.0,0.02,0.0,0.0,0.0,0.0,0.0,0,0,0
1756703412,6548,0.0,0.0,-0.05,0.0,0.0,0.0,0.0,0.0,0,0,0
1756703412,6549,0.01,0.0,-0.02,0.0,0.0,0.0,0.0,0.0,0,0,0
1756703412,6550,0.0,0.0,0.0,0.0,0.0,0.0,0.0,0.0,0,0,0
1756703412,6551,0.01,0.0,-0.05,0.0,0.0,0.0,0.0,0.0,0,0,0
1756703412,6552,0.01,0.0,-0.01,0.0,0.0,0.0,0.0,0.0,0,0,0
1756703412,6553,0.03,0.0,0.0,0.0,0.0,0.0,0.0,0.0,0,0,0
1756703412,6554,0.05,0.0,-0.01,0.0,0.0,0.0,0.0,0.0,0,0,0
1756703412,6555,-0.02,0.0,0.0,0.0,0.0,0.0,0.0,0.0,0,0,0
1756703412,6556,0.02,0.0,0.0,0.0,0.0,0.0,0.0,0.0,0,0,0
1756703412,6557,0.01,0.0,-0.1,0.0,0.0,0.0,0.0,0.0,0,0,0
1756703412,6558,0.05,0.0,0.09,0.0,0.0,0.0,0.0,0.0,0,0,0
1756703412,6559,0.0,0.0,0.0,0.0,0.0,0.0,0.0,0.0,0,0,0
1756703412,6560,0.0,0.0,-0.02,0.0,0.0,0.0,0.0,0.0,0,0,0
1756703412,6561,-0.03,0.0,-0.05,0.0,0.0,0.0,0.0,0.0,0,0,0
1756703413,6562,0.02,0.0,-0.02,0.0,0.0,0.0,0.0,0.0,0,0,0
1756703413,6563,0.05,0.0,-0.02,0.0,0.0,0.0,0.0,0.0,0,0,0
1756703413,6564,0.0,0.0,-0.02,0.0,0.0,0.0,0.0,0.0,0,0,0
1756703413,6565,0.0,0.0,-0.03,0.0,0.0,0.0,0.0,0.0,0,0,0
1756703413,6566,0.01,0.0,0.02,0.0,0.0,0.0,0.0,0.0,0,0,0
1756703413,6567,0.01,0.0,-0.07,0.0,0.0,0.0,0.0,0.0,0,0,0
1756703413,6568,0.0,0.0,-0.03,0.0,0.0,0.0,0.0,0.0,0,0,0
1756703413,6569,0.0,0.0,0.0,0.0,0.0,0.0,0.0,0.0,0,0,0
1756703413,6570,-0.01,0.0,-0.01,0.0,0.0,0.0,0.0,0.0,0,0,0
1756703413,6571,0.02,0.0,-0.05,0.0,0.0,0.0,0.0,0.0,0,0,0
1756703413,6572,0.0,0.0,-0.02,0.0,0.0,0.0,0.0,0.0,0,0,0
1756703413,6573,0.03,0.0,0.0,0.0,0.0,0.0,0.0,0.0,0,0,0
1756703413,6574,0.0,0.0,-0.07,0.0,0.0,0.0,0.0,0.0,0,0,0
1756703413,6575,0.0,0.0,0.0,0.0,0.0,0.0,0.0,0.0,0,0,0
1756703413,6576,0.05,0.0,-0.01,0.0,0.0,0.0,0.0,0.0,0,0,0
1756703413,6577,0.0,0.0,-0.01,0.0,0.0,0.0,0.0,0.0,0,0,0
1756703413,6578,0.0,0.0,0.0,0.0,0.0,0.0,0.0,0.0,0,0,0
1756703413,6579,0.0,0.0,0.0,0.0,0.0,0.0,0.0,0.0,0,0,0
1756703413,6580,0.03,0.0,0.07,0.0,0.0,0.0,0.0,0.0,0,0,0
1756703413,6581,-0.05,0.0,0.03,0.0,0.0,0.0,0.0,0.0,0,0,0
1756703413,6582,0.0,0.0,0.0,0.0,0.0,0.0,0.0,0.0,0,0,0
1756703413,6583,0.02,0.0,0.0,0.0,0.0,0.0,0.0,0.0,0,0,0
1756703413,6584,0.0,0.0,0.07,0.0,0.0,0.0,0.0,0.0,0,0,0
1756703413,6585,0.02,0.0,0.0,0.0,0.0,0.0,0.0,0.0,0,0,0
1756703413,6586,0.03,0.0,0.02,0.0,0.0,0.0,0.0,0.0,0,0,0
1756703413,6587,0.02,0.0,0.0,0.0,0.0,0.0,0.0,0.0,0,0,0
1756703413,6588,0.01,0.0,0.0,0.0,0.0,0.0,0.0,2.18,0,0,0
1756703413,6589,0.0,0.0,0.03,0.0,0.0,0.0,0.0,3.78,0,0,0
1756703413,6590,0.03,0.0,0.01,0.0,0.0,0.0,0.0,5.23,0,0,0
1756703413,6591,0.03,0.0,0.0,0.0,0.0,0.0,0.0,5.73,0,0,0
1756703413,6592,-0.01,0.0,0.03,0.0,0.0,0.0,0.0,6.01,0,0,0
1756703413,6593,0.01,0.0,-0.05,0.0,0.0,0.0,0.0,6.09,0,0,0
1756703413,6594,0.03,0.0,0.0,0.0,0.0,0.0,0.0,5.8,0,0,0
1756703413,6595,0.14,0.0,-0.01,0.0,0.0,0.0,0.0,4.86,0,0,0
1756703413,6596,0.0,0.0,-0.07,0.0,0.0,0.0,0.0,3.31,0,0,0
1756703413,6597,0.02,0.0,0.0,0.0,0.0,0.0,0.0,0.55,0,0,0
1756703413,6598,0.0,0.0,0.05,0.0,0.0,0.0,0.0,0.0,0,0,0
1756703413,6599,-0.02,0.0,0.0,0.0,0.0,0.0,0.0,0.0,0,0,0
1756703413,6600,0.02,0.0,0.0,0.0,0.0,0.0,0.0,0.0,0,0,0
1756703413,6601,0.0,0.0,-0.03,0.0,0.0,0.0,0.0,0.0,0,0,0
1756703413,6602,0.05,0.0,0.03,0.0,0.0,0.0,0.0,0.0,0,0,0
1756703413,6603,0.01,0.0,-0.05,0.0,0.0,0.0,0.0,0.0,0,0,0
1756703413,6604,0.05,0.0,-0.03,0.0,0.0,0.0,0.0,0.0,0,0,0
1756703413,6605,0.05,0.0,-0.05,0.0,0.0,0.0,0.0,0.0,0,0,0
1756703413,6606,0.0,0.0,-0.02,0.0,0.0,0.0,0.0,0.0,0,0,0
1756703413,6607,0.0,0.0,-0.03,0.0,0.0,0.0,0.0,0.0,0,0,0
1756703413,6608,-0.02,0.0,-0.05,0.0,0.0,0.0,0.0,0.0,0,0,0
1756703413,6609,0.0,0.0,-0.11,0.0,0.0,0.0,0.0,0.0,0,0,0
1756703413,6610,-0.05,0.0,0.0,0.0,0.0,0.0,0.0,0.0,0,0,0
1756703413,6611,0.02,0.0,-0.11,0.0,0.0,0.0,0.0,0.0,0,0,0
1756703413,6612,0.0,0.0,-0.05,0.0,0.0,0.0,0.0,0.0,0,0,0
1756703413,6613,0.0,0.0,-0.03,0.0,0.0,0.0,0.0,0.0,0,0,0
1756703413,6614,0.0,0.0,-0.02,0.0,0.0,0.0,0.0,0.0,0,0,0
1756703413,6615,0.0,0.0,-0.02,0.0,0.0,0.0,0.0,0.0,0,0,0
1756703413,6616,0.01,0.0,-0.02,0.0,0.0,0.0,0.0,0.0,0,0,0
1756703413,6617,-0.01,0.0,-0.01,0.0,0.0,0.0,0.0,0.0,0,0,0
1756703413,6618,0.01,0.0,0.0,0.0,0.0,0.0,0.0,0.0,0,0,0
1756703413,6619,0.01,0.0,-0.03,0.0,0.0,0.0,0.0,0.0,0,0,0
1756703413,6620,0.03,0.0,0.0,0.0,0.0,0.0,0.0,0.0,0,0,0
1756703413,6621,0.02,0.0,-0.01,0.0,0.0,0.0,0.0,0.0,0,0,0
1756703413,6622,0.01,0.0,0.0,0.0,0.0,0.0,0.0,0.0,0,0,0
1756703413,6623,0.0,0.0,-0.05,0.0,0.0,0.0,0.0,0.0,0,0,0
1756703413,6624,-0.12,0.0,0.0,0.0,0.0,0.0,0.0,0.0,0,0,0
1756703413,6625,0.02,0.0,-0.01,0.0,0.0,0.0,0.0,0.0,0,0,0
1756703414,6626,0.0,0.0,0.0,0.0,0.0,0.0,0.0,0.0,0,0,0
1756703414,6627,0.07,0.0,0.0,0.0,0.0,0.0,0.0,0.0,0,0,0
1756703414,6628,0.0,0.0,-0.02,0.0,0.0,0.0,0.0,0.0,0,0,0
1756703414,6629,0.07,0.0,-0.01,0.0,0.0,0.0,0.0,0.0,0,0,0
1756703414,6630,0.01,0.0,-0.07,0.0,0.0,0.0,0.0,0.0,0,0,0
1756703414,6631,0.0,0.0,0.0,0.0,0.0,0.0,0.0,0.0,0,0,0
1756703414,6632,0.05,0.0,-0.01,0.0,0.0,0.0,0.0,0.0,0,0,0
1756703414,6633,0.03,0.0,0.0,0.0,0.0,0.0,0.0,0.0,0,0,0
1756703414,6634,0.03,0.0,-0.01,0.0,0.0,0.0,0.0,0.0,0,0,0
1756703414,6635,0.0,0.0,0.0,0.0,0.0,0.0,0.0,0.0,0,0,0
1756703414,6636,0.03,0.0,-0.05,0.0,0.0,0.0,0.0,0.0,0,0,0
1756703414,6637,0.0,0.0,0.0,0.0,0.0,0.0,0.0,0.0,0,0,0
1756703414,6638,0.0,0.0,0.0,0.0,0.0,0.0,0.0,0.0,0,0,0
1756703414,6639,0.05,0.0,0.0,0.0,0.0,0.0,0.0,0.0,0,0,0
1756703414,6640,0.0,0.0,-0.01,0.0,0.0,0.0,0.0,0.0,0,0,0
1756703414,6641,0.05,0.0,0.0,0.0,0.0,0.0,0.0,0.0,0,0,0
1756703414,6642,0.0,0.0,0.0,0.0,0.0,0.0,0.0,0.0,0,0,0
1756703414,6643,0.0,0.0,0.0,0.0,0.0,0.0,0.0,0.0,0,0,0
1756703414,6644,0.01,0.0,0.0,0.0,0.0,0.0,0.0,0.0,0,0,0
1756703414,6645,0.0,0.0,-0.03,0.0,0.0,0.0,0.0,0.0,0,0,0
1756703414,6646,0.03,0.0,-0.05,0.0,0.0,0.0,0.0,0.0,0,0,0
1756703414,6647,0.0,0.0,-0.01,0.0,0.0,0.0,0.0,0.0,0,0,0
1756703414,6648,0.0,0.0,-0.02,0.0,0.0,0.0,0.0,0.0,0,0,0
1756703414,6649,0.0,0.0,0.0,0.0,0.0,0.0,0.0,0.0,0,0,0
1756703414,6650,0.0,0.0,0.0,0.0,0.0,0.0,0.0,0.0,0,0,0
1756703414,6651,0.0,0.0,0.0,0.0,0.0,0.0,0.0,0.0,0,0,0
1756703414,6652,0.0,0.0,-0.01,0.0,0.0,0.0,0.0,0.0,0,0,0
1756703414,6653,0.05,0.0,-0.07,0.0,0.0,0.0,0.0,0.0,0,0,0
1756703414,6654,0.05,0.0,-0.07,0.0,0.0,0.0,0.0,0.0,0,0,0
1756703414,6655,0.02,0.0,0.0,0.0,0.0,0.0,0.0,0.0,0,0,0
1756703414,6656,0.03,0.0,0.02,0.0,0.0,0.0,0.0,0.0,0,0,0
1756703414,6657,0.05,0.0,0.05,0.0,0.0,0.0,0.0,0.0,0,0,0
1756703414,6658,0.05,0.0,-0.05,0.0,0.0,0.0,0.0,0.0,0,0,0
1756703414,6659,-0.02,0.0,0.0,0.0,0.0,0.0,0.0,0.0,0,0,0
1756703414,6660,0.0,0.0,-0.01,0.0,0.0,0.0,0.0,0.0,0,0,0
1756703414,6661,0.0,0.0,0.0,0.0,0.0,0.0,0.0,0.0,0,0,0
1756703414,6662,0.0,0.0,0.0,0.0,0.0,0.0,0.0,0.0,0,0,0
1756703414,6663,0.05,0.0,-0.01,0.0,0.0,0.0,0.0,0.0,0,0,0
1756703414,6664,0.03,0.0,0.0,0.0,0.0,0.0,0.0,0.0,0,0,0
1756703414,6665,0.02,0.0,0.0,0.0,0.0,0.0,0.0,0.0,0,0,0
1756703414,6666,0.0,0.0,0.01,0.0,0.0,0.0,0.0,0.0,0,0,0
1756703414,6667,0.0,0.0,0.0,0.0,0.0,0.0,0.0,0.0,0,0,0
1756703414,6668,0.01,0.0,0.0,0.0,0.0,0.0,0.0,0.0,0,0,0
1756703414,6669,0.05,0.0,-0.01,0.0,0.0,0.0,0.0,0.0,0,0,0
1756703414,6670,0.01,0.0,-0.01,0.0,0.0,0.0,0.0,0.0,0,0,0
1756703414,6671,0.0,0.0,0.0,0.0,0.0,0.0,0.0,0.0,0,0,0
1756703414,6672,0.0,0.0,-0.01,0.0,0.0,0.0,0.0,0.0,0,0,0
1756703414,6673,0.0,0.0,0.0,0.0,0.0,0.0,0.0,0.0,0,0,0
1756703414,6674,0.0,0.0,-0.01,0.0,0.0,0.0,0.0,0.0,0,0,0
1756703414,6675,0.0,0.0,0.0,0.0,0.0,0.0,0.0,0.0,0,0,0
1756703414,6676,0.0,0.0,0.0,0.0,0.0,0.0,0.0,0.0,0,0,0
1756703414,6677,0.11,0.0,0.05,0.0,0.0,0.0,0.0,0.0,0,0,0
1756703414,6678,0.0,0.0,0.05,0.0,0.0,0.0,0.0,0.0,0,0,0
1756703414,6679,0.0,0.0,0.0,0.0,0.0,0.0,0.0,0.0,0,0,0
1756703414,6680,0.0,0.0,-0.03,0.0,0.0,0.0,0.0,0.0,0,0,0
1756703414,6681,0.05,0.0,0.0,0.0,0.0,0.0,0.0,0.0,0,0,0
1756703414,6682,0.0,0.0,0.0,0.0,0.0,0.0,0.0,0.0,0,0,0
1756703414,6683,0.01,0.0,0.01,0.0,0.0,0.0,0.0,0.0,0,0,0
1756703414,6684,-0.01,0.0,0.0,0.0,0.0,0.0,0.0,0.0,0,0,0
1756703414,6685,0.0,0.0,-0.07,0.0,0.0,0.0,0.0,0.0,0,0,0
1756703414,6686,0.0,0.0,-0.02,0.0,0.0,0.0,0.0,0.0,0,0,0
1756703414,6687,0.02,0.0,-0.01,0.0,0.0,0.0,0.0,0.0,0,0,0
1756703414,6688,0.01,0.0,-0.01,0.0,0.0,0.0,0.0,0.0,0,0,0
1756703414,6689,0.03,0.0,0.0,0.0,0.0,0.0,0.0,0.0,0,0,0
1756703414,6690,0.05,0.0,0.0,0.0,0.0,0.0,0.0,0.0,0,0,0
1756703414,6691,0.0,0.0,0.0,0.0,0.0,0.0,0.0,0.0,0,0,0
1756703414,6692,0.03,0.0,0.0,0.0,0.0,0.0,0.0,0.0,0,0,0
1756703414,6693,0.07,0.0,0.01,0.0,0.0,0.0,0.0,0.0,0,0,0
1756703415,6694,0.0,0.0,0.02,0.0,0.0,0.0,0.0,0.0,0,0,0
1756703415,6695,0.01,0.0,0.0,0.0,0.0,0.0,0.0,0.0,0,0,0
1756703415,6696,0.0,0.0,-0.01,0.0,0.0,0.0,0.0,0.0,0,0,0
1756703415,6697,0.0,0.0,-0.07,0.0,0.0,0.0,0.0,0.0,0,0,0
1756703415,6698,0.0,0.0,0.0,0.0,0.0,0.0,0.0,0.0,0,0,0
1756703415,6699,0.0,0.0,0.0,0.0,0.0,0.0,0.0,0.0,0,0,0
1756703415,6700,0.02,0.0,-0.02,0.0,0.0,0.0,0.0,0.0,0,0,0
1756703415,6701,0.0,0.0,-0.01,0.0,0.0,0.0,0.0,0.0,0,0,0
1756703415,6702,0.0,0.0,0.0,0.0,0.0,0.0,0.0,0.0,0,0,0
1756703415,6703,0.0,0.0,0.0,0.0,0.0,0.0,0.0,0.0,0,0,0
1756703415,6704,0.0,0.0,-0.02,0.0,0.0,0.0,0.0,0.0,0,0,0
1756703415,6705,-0.01,0.0,-0.01,0.0,0.0,0.0,0.0,0.0,0,0,0
1756703415,6706,0.05,0.0,-0.01,0.0,0.0,0.0,0.0,0.0,0,0,0
1756703415,6707,0.0,0.0,0.01,0.0,0.0,0.0,0.0,0.0,0,0,0
1756703415,6708,0.1,0.0,-0.01,0.0,0.0,0.0,0.0,0.0,0,0,0
1756703415,6709,0.01,0.0,0.0,0.0,0.0,0.0,0.0,0.0,0,0,0
1756703415,6710,0.0,0.0,-0.09,0.0,0.0,0.0,0.0,0.0,0,0,0
1756703415,6711,-0.01,0.0,0.0,0.0,0.0,0.0,0.0,0.0,0,0,0
1756703415,6712,0.01,0.0,-0.01,0.0,0.0,0.0,0.0,0.0,0,0,0
1756703415,6713,0.0,0.0,-0.01,0.0,0.0,0.0,0.0,0.0,0,0,0
1756703415,6714,0.0,0.0,0.0,0.0,0.0,0.0,0.0,0.0,0,0,0
1756703415,6715,0.1,0.0,0.0,0.0,0.0,0.0,0.0,0.0,0,0,0
1756703415,6716,0.0,0.0,-0.07,0.0,0.0,0.0,0.0,0.0,0,0,0
1756703415,6717,0.0,0.0,0.0,0.0,0.0,0.0,0.0,0.0,0,0,0
1756703415,6718,-0.02,0.0,0.0,0.0,0.0,0.0,0.0,0.0,0,0,0
1756703415,6719,0.05,0.0,-0.01,0.0,0.0,0.0,0.0,0.0,0,0,0
1756703415,6720,0.0,0.0,0.0,0.0,0.0,0.0,0.0,0.0,0,0,0
1756703415,6721,0.0,0.0,-0.02,0.0,0.0,0.0,0.0,0.0,0,0,0
1756703415,6722,0.0,0.0,0.0,0.0,0.0,0.0,0.0,0.0,0,0,0
1756703415,6723,0.03,0.0,0.01,0.0,0.0,0.0,0.0,0.0,0,0,0
1756703415,6724,0.0,0.0,0.0,0.0,0.0,0.0,0.0,0.0,0,0,0
1756703415,6725,0.0,0.0,-0.02,0.0,0.0,0.0,0.0,0.0,0,0,0
1756703415,6726,0.02,0.0,-0.01,0.0,0.0,0.0,0.0,0.0,0,0,0
1756703415,6727,-0.03,0.0,-0.05,0.0,0.0,0.0,0.0,0.0,0,0,0
1756703415,6728,-0.05,0.0,-0.01,0.0,0.0,0.0,0.0,0.0,0,0,0
1756703415,6729,0.0,0.0,-0.01,0.0,0.0,0.0,0.0,0.0,0,0,0
1756703415,6730,-0.02,0.0,0.05,0.0,0.0,0.0,0.0,0.0,0,0,0
1756703415,6731,0.0,0.0,0.01,0.0,0.0,0.0,0.0,0.0,0,0,0
1756703415,6732,0.0,0.0,0.05,0.0,0.0,0.0,0.0,0.0,0,0,0
1756703415,6733,0.03,0.0,-0.01,0.0,0.0,0.0,0.0,0.0,0,0,0
1756703415,6734,0.01,0.0,-0.03,0.0,0.0,0.0,0.0,0.0,0,0,0
1756703415,6735,0.02,0.0,0.03,0.0,0.0,0.0,0.0,0.0,0,0,0
1756703415,6736,0.07,0.0,-0.01,0.0,0.0,0.0,0.0,0.0,0,0,0
1756703415,6737,0.05,0.0,-0.05,0.0,0.0,0.0,0.0,0.0,0,0,0
1756703415,6738,0.07,0.0,-0.05,0.0,0.0,0.0,0.0,0.0,0,0,0
1756703415,6739,0.0,0.0,0.0,0.0,0.0,0.0,0.0,0.0,0,0,0
1756703415,6740,0.0,0.0,-0.01,0.0,0.0,0.0,0.0,0.0,0,0,0
1756703415,6741,0.0,0.0,0.03,0.0,0.0,0.0,0.0,0.0,0,0,0
1756703415,6742,0.05,0.0,-0.02,0.0,0.0,0.0,0.0,0.0,0,0,0
1756703415,6743,0.01,0.0,-0.03,0.0,0.0,0.0,0.0,0.0,0,0,0
1756703415,6744,0.03,0.0,-0.03,0.0,0.0,0.0,0.0,0.0,0,0,0
1756703415,6745,0.03,0.0,0.0,0.0,0.0,0.0,0.0,0.0,0,0,0
1756703415,6746,0.02,0.0,0.0,0.0,0.0,0.0,0.0,0.0,0,0,0
1756703415,6747,0.03,0.0,-0.02,0.0,0.0,0.0,0.0,0.0,0,0,0
1756703415,6748,0.01,0.0,0.0,0.0,0.0,0.0,0.0,0.0,0,0,0
1756703415,6749,0.0,0.0,-0.05,0.0,0.0,0.0,0.0,0.0,0,0,0
1756703415,6750,0.03,0.0,-0.02,0.0,0.0,0.0,0.0,0.0,0,0,0
1756703415,6751,0.03,0.0,0.0,0.0,0.0,0.0,0.0,0.0,0,0,0
1756703415,6752,0.0,0.0,-0.02,0.0,0.0,0.0,0.0,0.0,0,0,0
1756703415,6753,0.05,0.0,0.0,0.0,0.0,0.0,0.0,0.0,0,0,0
1756703415,6754,0.09,0.0,0.0,0.0,0.0,0.0,0.0,0.0,0,0,0
1756703415,6755,0.05,0.0,-0.05,0.0,0.0,0.0,0.0,0.0,0,0,0
1756703415,6756,0.03,0.0,-0.07,0.0,0.0,0.0,0.0,0.0,0,0,0
1756703415,6757,0.03,0.0,-0.05,0.0,0.0,0.0,0.0,0.0,0,0,0
1756703415,6758,0.01,0.0,0.0,0.0,0.0,0.0,0.0,0.0,0,0,0
1756703416,6759,0.05,0.0,0.0,0.0,0.0,0.0,0.0,0.0,0,0,0
1756703416,6760,0.03,0.0,0.0,0.0,0.0,0.0,0.0,0.0,0,0,0
1756703416,6761,0.02,0.0,-0.01,0.0,0.0,0.0,0.0,0.0,0,0,0
1756703416,6762,0.05,0.0,0.0,0.0,0.0,0.0,0.0,0.0,0,0,0
1756703416,6763,0.09,0.0,-0.01,0.0,0.0,0.0,0.0,0.0,0,0,0
1756703416,6764,0.05,0.0,-0.02,0.0,0.0,0.0,0.0,0.0,0,0,0
1756703416,6765,0.09,0.0,0.0,0.0,0.0,0.0,0.0,0.0,0,0,0
1756703416,6766,0.05,0.0,-0.07,0.0,0.0,0.0,0.0,0.0,0,0,0
1756703416,6767,0.09,0.0,0.01,0.0,0.0,0.0,0.0,0.0,0,0,0
1756703416,6768,0.03,0.0,0.01,0.0,0.0,0.0,0.0,0.0,0,0,0
1756703416,6769,0.0,0.0,0.0,0.0,0.0,0.0,0.0,0.0,0,0,0
1756703416,6770,0.03,0.0,0.0,0.0,0.0,0.0,0.0,0.0,0,0,0
1756703416,6771,0.05,0.0,0.02,0.0,0.0,0.0,0.0,0.0,0,0,0
1756703416,6772,0.0,0.0,-0.02,0.0,0.0,0.0,0.0,0.0,0,0,0
1756703416,6773,0.07,0.0,-0.07,0.0,0.0,0.0,0.0,0.0,0,0,0
1756703416,6774,0.05,0.0,-0.02,0.0,0.0,0.0,0.0,0.0,0,0,0
1756703416,6775,0.03,0.0,-0.09,0.0,0.0,0.0,0.0,0.0,0,0,0
1756703416,6776,0.0,0.0,-0.03,0.0,0.0,0.0,0.0,0.0,0,0,0
1756703416,6777,0.05,0.0,0.0,0.0,0.0,0.0,0.0,0.0,0,0,0
1756703416,6778,0.05,0.0,-0.02,0.0,0.0,0.0,0.0,0.0,0,0,0
1756703416,6779,0.02,0.0,-0.01,0.0,0.0,0.0,0.0,0.0,0,0,0
1756703416,6780,0.05,0.0,-0.03,0.0,0.0,0.0,0.0,0.0,0,0,0
1756703416,6781,0.03,0.0,0.0,0.0,0.0,0.0,0.0,0.0,0,0,0
1756703416,6782,0.03,0.0,0.0,0.0,0.0,0.0,0.0,0.0,0,0,0
1756703416,6783,0.05,0.0,-0.03,0.0,0.0,0.0,0.0,0.0,0,0,0
1756703416,6784,0.0,0.0,0.0,0.0,0.0,0.0,0.0,0.0,0,0,0
1756703416,6785,0.05,0.0,-0.02,0.0,0.0,0.0,0.0,0.0,0,0,0
1756703416,6786,0.0,0.0,-0.01,0.0,0.0,0.0,0.0,0.0,0,0,0
1756703416,6787,0.0,0.0,0.0,0.0,0.0,0.0,0.0,0.0,0,0,0
1756703416,6788,0.0,0.0,-0.03,0.0,0.0,0.0,0.0,0.0,0,0,0
1756703416,6789,0.0,0.0,0.03,0.0,0.0,0.0,0.0,0.0,0,0,0
1756703416,6790,0.0,0.0,-0.03,0.0,0.0,0.0,0.0,0.0,0,0,0
1756703416,6791,0.01,0.0,-0.01,0.0,0.0,0.0,0.0,0.0,0,0,0
1756703416,6792,0.0,0.0,-0.01,0.0,0.0,0.0,0.0,0.0,0,0,0
1756703416,6793,0.01,0.0,-0.01,0.0,0.0,0.0,0.0,0.0,0,0,0
1756703416,6794,0.02,0.0,0.0,0.0,0.0,0.0,0.0,0.0,0,0,0
1756703416,6795,0.0,0.0,-0.07,0.0,0.0,0.0,0.0,0.0,0,0,0
1756703416,6796,0.0,0.0,-0.05,0.0,0.0,0.0,0.0,0.0,0,0,0
1756703416,6797,0.01,0.0,-0.05,0.0,0.0,0.0,0.0,0.0,0,0,0
1756703416,6798,0.05,0.0,-0.01,0.0,0.0,0.0,0.0,0.0,0,0,0
1756703416,6799,0.02,0.0,-0.02,0.0,0.0,0.0,0.0,0.0,0,0,0
1756703416,6800,0.03,0.0,0.0,0.0,0.0,0.0,0.0,0.0,0,0,0
1756703416,6801,0.03,0.0,0.0,0.0,0.0,0.0,0.0,0.0,0,0,0
1756703416,6802,0.05,0.0,-0.03,0.0,0.0,0.0,0.0,0.0,0,0,0
1756703416,6803,-0.02,0.0,0.0,0.0,0.0,0.0,0.0,0.0,0,0,0
1756703416,6804,-0.01,0.0,0.01,0.0,0.0,0.0,0.0,0.0,0,0,0
1756703416,6805,0.05,0.0,0.0,0.0,0.0,0.0,0.0,0.0,0,0,0
1756703416,6806,0.0,0.0,0.0,0.0,0.0,0.0,0.0,0.0,0,0,0
1756703416,6807,0.02,0.0,0.0,0.0,0.0,0.0,0.0,0.0,0,0,0
1756703416,6808,0.01,0.0,-0.07,0.0,0.0,0.0,0.0,0.0,0,0,0
1756703416,6809,0.05,0.0,-0.07,0.0,0.0,0.0,0.0,0.0,0,0,0
1756703416,6810,0.02,0.0,0.0,0.0,0.0,0.0,0.0,0.0,0,0,0
1756703416,6811,0.01,0.0,-0.01,0.0,0.0,0.0,0.0,0.0,0,0,0
1756703416,6812,0.07,0.0,0.0,0.0,0.0,0.0,0.0,0.0,0,0,0
1756703416,6813,0.0,0.0,0.0,0.0,0.0,0.0,0.0,0.0,0,0,0
1756703416,6814,0.0,0.0,-0.01,0.0,0.0,0.0,0.0,0.0,0,0,0
1756703416,6815,-0.05,0.0,-0.03,0.0,0.0,0.0,0.0,0.0,0,0,0
1756703416,6816,0.03,0.0,-0.03,0.0,0.0,0.0,0.0,0.0,0,0,0
1756703416,6817,0.0,0.0,-0.01,0.0,0.0,0.0,0.0,0.0,0,0,0
1756703416,6818,-0.07,0.0,0.0,0.0,0.0,0.0,0.0,0.0,0,0,0
1756703416,6819,0.02,0.0,-0.01,0.0,0.0,0.0,0.0,0.0,0,0,0
1756703416,6820,0.0,0.0,-0.03,0.0,0.0,0.23,0.0,0.0,0,0,0
1756703416,6821,0.02,0.0,-0.05,0.0,0.0,2.85,0.0,0.0,0,0,0
1756703416,6822,0.0,0.0,0.0,0.0,0.0,5.63,0.0,0.0,0,0,0
1756703416,6823,0.01,0.0,-0.02,0.0,0.0,8.35,0.0,0.0,0,0,0
1756703417,6824,0.0,0.0,0.0,0.0,0.0,10.69,0.0,0.0,0,0,0
1756703417,6825,0.07,0.0,-0.05,0.0,0.0,12.85,0.0,0.0,0,0,0
1756703417,6826,-0.01,0.0,0.0,0.0,0.0,14.22,0.0,0.0,0,0,0
1756703417,6827,0.0,0.0,-0.01,0.0,0.0,15.52,0.0,0.0,0,0,0
1756703417,6828,-0.02,0.0,-0.05,0.0,0.0,16.5,0.0,0.0,0,0,0
1756703417,6829,0.0,0.0,-0.03,0.0,0.0,17.28,0.0,0.0,0,0,0
1756703417,6830,0.0,0.0,-0.01,0.0,0.0,17.7,0.0,0.0,0,0,0
1756703417,6831,0.0,0.0,0.0,0.0,0.0,18.12,0.0,0.0,0,0,0
1756703417,6832,0.0,0.0,-0.05,0.0,0.0,18.55,0.0,0.0,0,0,0
1756703417,6833,-0.11,0.0,0.0,0.0,0.0,19.14,0.0,0.0,0,0,0
1756703417,6834,0.07,0.0,0.03,0.0,0.0,19.63,0.0,0.0,0,0,0
1756703417,6835,0.02,0.0,-0.02,0.0,0.0,19.7,0.0,0.0,0,0,0
1756703417,6836,0.05,0.0,-0.07,0.0,0.0,19.8,0.0,0.0,0,0,0
1756703417,6837,0.05,0.0,-0.02,0.0,0.0,19.86,0.0,0.0,0,0,0
1756703417,6838,0.02,0.0,0.0,0.0,0.0,20.13,0.0,0.0,0,0,0
1756703417,6839,0.02,0.0,0.01,0.0,0.0,20.07,0.0,0.0,0,0,0
1756703417,6840,0.1,0.0,0.0,0.0,0.0,19.92,0.0,0.0,0,0,0
1756703417,6841,0.05,0.0,-0.02,0.0,0.0,19.37,0.0,0.0,0,0,0
1756703417,6842,0.05,0.0,-0.03,0.0,0.0,18.77,0.0,0.0,0,0,0
1756703417,6843,0.05,0.0,0.0,0.0,0.0,18.29,0.0,0.0,0,0,0
1756703417,6844,0.09,0.0,-0.02,0.0,0.0,17.96,0.0,0.0,0,0,0
1756703417,6845,0.02,0.0,-0.05,0.0,0.0,17.64,0.0,0.0,0,0,0
1756703417,6846,0.0,0.0,-0.02,0.0,0.0,17.18,0.0,0.0,0,0,0
1756703417,6847,0.11,0.0,0.0,0.0,0.0,16.61,0.0,0.0,0,0,0
1756703417,6848,0.05,0.0,-0.05,0.0,0.0,16.04,0.0,0.0,0,0,0
1756703417,6849,0.05,0.0,-0.14,0.0,0.0,15.57,0.0,0.0,0,0,0
1756703417,6850,0.01,0.0,-0.01,0.0,0.0,15.07,0.0,0.0,0,0,0
1756703417,6851,0.05,0.0,-0.01,0.0,0.0,14.52,0.0,0.0,0,0,0
1756703417,6852,0.15,0.0,-0.03,0.0,0.0,13.93,0.0,0.0,0,0,0
1756703417,6853,0.0,0.0,-0.01,0.0,0.0,13.73,0.0,0.0,0,0,0
1756703417,6854,0.0,0.0,0.0,0.0,0.0,13.68,0.0,0.0,0,0,0
1756703417,6855,0.0,0.0,-0.01,0.0,0.0,13.73,0.0,0.0,0,0,0
1756703417,6856,-0.07,0.0,0.0,0.0,0.0,13.73,0.0,0.0,0,0,0
1756703417,6857,-0.02,0.0,0.0,0.0,0.0,13.48,0.0,0.0,0,0,0
1756703417,6858,-0.01,0.0,0.02,0.0,0.0,13.19,0.0,0.0,0,0,0
1756703417,6859,0.0,0.0,-0.02,0.0,0.0,13.1,0.0,0.0,0,0,0
1756703417,6860,0.03,0.0,-0.01,0.0,0.0,13.01,0.0,0.0,0,0,0
1756703417,6861,0.07,0.0,0.01,0.0,0.0,13.01,0.0,0.0,0,0,0
1756703417,6862,0.05,0.0,0.05,0.0,0.0,12.85,0.0,0.0,0,0,0
1756703417,6863,0.07,0.0,-0.03,0.0,0.0,12.81,0.0,0.0,0,0,0
1756703417,6864,0.03,0.0,-0.02,0.0,0.0,12.47,0.0,0.0,0,0,0
1756703417,6865,0.05,0.0,0.0,0.0,0.0,11.77,0.0,0.0,0,0,0
1756703417,6866,0.0,0.0,0.0,0.0,0.0,10.88,0.0,0.0,0,0,0
1756703417,6867,0.01,0.0,0.0,0.0,0.0,10.32,0.0,0.0,0,0,0
1756703417,6868,0.0,0.0,0.0,0.0,0.0,9.47,0.0,0.0,0,0,0
1756703417,6869,0.02,0.0,0.0,0.0,0.0,8.48,0.0,0.0,0,0,0
1756703417,6870,0.01,0.0,-0.01,0.0,0.0,7.15,0.0,0.0,0,0,0
1756703417,6871,0.05,0.0,-0.05,0.0,0.0,5.4,0.0,0.0,0,0,0
1756703417,6872,0.1,0.0,0.0,0.0,0.0,3.59,0.0,0.0,0,0,0
1756703417,6873,0.02,0.0,0.0,0.0,0.0,1.75,0.0,0.0,0,0,0
1756703417,6874,0.07,0.0,0.0,0.0,0.0,0.0,0.0,0.0,0,0,0
1756703417,6875,0.0,0.0,-0.03,0.0,0.0,0.0,0.0,0.0,0,0,0
1756703417,6876,0.05,0.0,0.0,0.0,0.0,0.0,0.0,0.0,0,0,0
1756703417,6877,0.03,0.0,0.0,0.0,0.0,0.0,0.0,0.0,0,0,0
1756703417,6878,0.05,0.0,0.0,0.0,0.0,0.0,0.0,0.0,0,0,0
1756703417,6879,0.03,0.0,0.0,0.0,0.0,0.0,0.0,0.0,0,0,0
1756703417,6880,0.07,0.0,-0.01,0.0,0.0,0.0,0.0,0.0,0,0,0
1756703417,6881,0.05,0.0,-0.05,0.0,0.0,0.0,0.0,0.0,0,0,0
1756703417,6882,0.09,0.0,0.0,0.0,0.0,0.0,0.0,0.0,0,0,0
1756703417,6883,0.01,0.0,0.0,0.0,0.0,0.0,0.0,0.0,0,0,0
1756703417,6884,0.0,0.0,0.0,0.0,0.0,0.0,0.0,0.0,0,0,0
1756703417,6885,0.07,0.0,0.0,0.0,0.0,0.0,0.0,0.0,0,0,0
1756703417,6886,0.07,0.0,0.0,0.0,0.0,0.0,0.0,0.0,0,0,0
1756703417,6887,0.0,0.0,0.0,0.0,0.0,0.0,0.0,0.0,0,0,0
1756703417,6888,0.01,0.0,-0.07,0.0,0.0,0.0,0.0,0.0,0,0,0
1756703417,6889,0.0,0.0,-0.02,0.0,0.0,0.0,0.0,0.0,0,0,0
1756703418,6890,-0.02,0.0,0.0,0.0,0.0,0.0,0.0,0.0,0,0,0
1756703418,6891,-0.07,0.0,-0.01,0.0,0.0,0.0,0.0,0.0,0,0,0
1756703418,6892,0.0,0.0,-0.03,0.0,0.0,0.0,0.0,0.0,0,0,0
1756703418,6893,-0.01,0.0,-0.03,0.0,0.0,0.0,0.0,0.0,0,0,0
1756703418,6894,-0.01,0.0,-0.02,0.0,0.0,0.0,0.0,0.0,0,0,0
1756703418,6895,0.07,0.0,-0.01,0.0,0.0,0.0,0.0,0.0,0,0,0
1756703418,6896,0.05,0.0,0.0,0.0,0.0,0.0,0.0,0.0,0,0,0
1756703418,6897,0.1,0.0,0.0,0.0,0.0,0.0,0.0,0.0,0,0,0
1756703418,6898,0.03,0.0,0.02,0.0,0.0,0.0,0.0,0.0,0,0,0
1756703418,6899,0.0,0.0,-0.02,0.0,0.0,0.0,0.0,0.0,0,0,0
1756703418,6900,0.05,0.0,-0.05,0.0,0.0,0.0,0.0,0.0,0,0,0
1756703418,6901,0.1,0.0,0.0,0.0,0.0,0.0,0.0,0.0,0,0,0
1756703418,6902,0.0,0.0,0.03,0.0,0.0,0.0,0.0,0.0,0,0,0
1756703418,6903,0.01,0.0,0.0,0.0,0.0,0.0,0.0,0.0,0,0,0
1756703418,6904,0.05,0.0,-0.01,0.0,0.0,0.0,0.0,0.0,0,0,0
1756703418,6905,-0.02,0.0,-0.05,0.0,0.0,0.0,0.0,0.0,0,0,0
1756703418,6906,0.0,0.0,-0.01,0.0,0.0,0.0,0.0,0.0,0,0,0
1756703418,6907,0.01,0.0,0.03,0.0,0.0,0.0,0.0,0.0,0,0,0
1756703418,6908,0.03,0.0,0.0,0.0,0.0,0.0,0.0,0.0,0,0,0
1756703418,6909,0.23,0.0,0.0,0.0,0.0,0.0,0.0,0.0,0,0,0
1756703418,6910,0.0,0.0,-0.01,0.0,0.0,0.0,0.0,0.0,0,0,0
1756703418,6911,-0.1,0.0,-0.01,0.0,0.0,0.0,0.0,0.0,0,0,0
1756703418,6912,0.03,0.0,0.0,0.0,0.0,0.0,0.0,0.0,0,0,0
1756703418,6913,0.01,0.0,-0.03,0.0,0.0,0.0,0.0,0.0,0,0,0
1756703418,6914,0.01,0.0,-0.01,0.0,0.0,0.0,0.0,0.0,0,0,0
1756703418,6915,0.0,0.0,0.0,0.0,0.0,0.0,0.0,0.0,0,0,0
1756703418,6916,0.07,0.0,-0.02,0.0,0.0,0.0,0.0,0.0,0,0,0
1756703418,6917,0.01,0.0,-0.05,0.0,0.0,0.0,0.0,0.0,0,0,0
1756703418,6918,0.0,0.0,-0.02,0.0,0.0,0.0,0.0,0.0,0,0,0
1756703418,6919,0.03,0.0,0.0,0.0,0.0,0.0,0.0,0.0,0,0,0
1756703418,6920,0.03,0.0,0.0,0.0,0.0,0.0,0.0,0.0,0,0,0
1756703418,6921,0.01,0.0,-0.01,0.0,0.0,0.0,0.0,0.0,0,0,0
1756703418,6922,0.05,0.0,-0.05,0.0,0.0,0.0,0.0,0.0,0,0,0
1756703418,6923,0.03,0.0,-0.01,0.0,0.0,0.0,0.0,0.0,0,0,0
1756703418,6924,0.0,0.0,-0.01,0.0,0.0,0.0,0.0,0.0,0,0,0
1756703418,6925,0.01,0.0,0.0,0.0,0.0,0.0,0.0,0.0,0,0,0
1756703418,6926,0.02,0.0,-0.05,0.0,0.0,0.0,0.0,0.0,0,0,0
1756703418,6927,0.0,0.0,-0.05,0.0,0.0,0.0,0.0,0.0,0,0,0
1756703418,6928,-0.05,0.0,-0.03,0.0,0.0,0.0,0.0,0.0,0,0,0
1756703418,6929,0.02,0.0,-0.02,0.0,0.0,0.0,0.0,0.0,0,0,0
1756703418,6930,0.0,0.0,0.0,0.0,0.0,0.0,0.0,0.0,0,0,0
1756703418,6931,-0.02,0.0,0.02,0.0,0.0,0.0,0.0,0.0,0,0,0
1756703418,6932,0.0,0.0,0.0,0.0,0.0,0.0,0.0,0.0,0,0,0
1756703418,6933,0.03,0.0,-0.01,0.0,0.0,0.0,0.0,0.0,0,0,0
1756703418,6934,0.09,0.0,0.0,0.0,0.0,0.0,0.0,0.0,0,0,0
1756703418,6935,0.0,0.0,-0.05,0.0,0.0,0.0,0.0,0.0,0,0,0
1756703418,6936,0.0,0.0,-0.03,0.0,0.0,0.0,0.0,0.0,0,0,0
1756703418,6937,0.12,0.0,-0.02,0.0,0.0,0.0,0.0,0.0,0,0,0
1756703418,6938,0.0,0.0,-0.02,0.0,0.0,0.0,0.0,0.0,0,0,0
1756703418,6939,0.0,0.0,-0.01,0.0,0.0,0.0,0.0,0.0,0,0,0
1756703418,6940,0.02,0.0,-0.07,0.0,0.0,0.0,0.0,0.0,0,0,0
1756703418,6941,-0.01,0.0,-0.01,0.0,0.0,0.0,0.0,0.0,0,0,0
1756703418,6942,0.0,0.0,0.0,0.0,0.0,0.0,0.0,0.0,0,0,0
1756703418,6943,0.0,0.0,-0.09,0.0,0.0,0.0,0.0,0.0,0,0,0
1756703418,6944,0.02,0.0,0.0,0.0,0.0,0.0,0.0,0.0,0,0,0
1756703418,6945,0.0,0.0,-0.01,0.0,0.0,0.0,0.0,0.0,0,0,0
1756703418,6946,0.0,0.0,-0.02,0.0,0.0,0.0,0.0,0.0,0,0,0
1756703418,6947,0.01,0.0,-0.02,0.0,0.0,0.0,0.0,0.0,0,0,0
1756703418,6948,0.01,0.0,0.0,0.0,0.0,0.0,0.0,0.0,0,0,0
1756703418,6949,0.0,0.0,-0.03,0.0,0.0,0.0,0.0,0.0,0,0,0
1756703418,6950,0.02,0.0,0.0,0.0,0.0,0.0,0.0,0.0,0,0,0
1756703418,6951,0.01,0.0,-0.01,0.0,0.0,0.0,0.0,0.0,0,0,0
1756703418,6952,0.0,0.0,0.0,0.0,0.0,0.0,0.0,0.0,0,0,0
1756703418,6953,0.0,0.0,0.0,0.0,0.0,0.0,0.0,0.0,0,0,0
1756703418,6954,0.01,0.0,-0.05,0.0,0.0,0.0,0.0,0.0,0,0,0
1756703418,6955,0.0,0.0,-0.02,0.0,0.0,0.0,0.0,0.0,0,0,0
1756703419,6956,0.01,0.0,0.0,0.0,0.0,0.0,0.0,0.0,0,0,0
1756703419,6957,0.02,0.0,-0.01,0.0,0.0,0.0,0.0,0.0,0,0,0
1756703419,6958,0.0,0.0,0.0,0.0,0.0,0.0,0.0,0.0,0,0,0
1756703419,6959,0.05,0.0,0.0,0.0,0.0,0.0,0.0,0.0,0,0,0
1756703419,6960,0.0,0.0,0.0,0.0,0.0,0.0,0.0,0.0,0,0,0
1756703419,6961,0.05,0.0,-0.02,0.0,0.0,0.0,0.0,0.0,0,0,0
1756703419,6962,0.07,0.0,0.0,0.0,0.0,0.0,0.0,0.0,0,0,0
1756703419,6963,0.02,0.0,0.0,0.0,0.0,0.0,0.0,0.0,0,0,0
1756703419,6964,-0.01,0.0,0.0,0.0,0.0,0.0,0.0,0.0,0,0,0
1756703419,6965,-0.03,0.0,-0.05,0.0,0.0,0.0,0.0,0.0,0,0,0
1756703419,6966,0.07,0.0,-0.05,0.0,0.0,0.0,0.0,0.0,0,0,0
1756703419,6967,0.03,0.0,0.0,0.0,0.0,0.0,0.0,0.0,0,0,0
1756703419,6968,-0.02,0.0,-0.02,0.0,0.0,0.0,0.0,0.0,0,0,0
1756703419,6969,-0.01,0.0,0.0,0.0,0.0,0.0,0.0,0.0,0,0,0
1756703419,6970,0.05,0.0,0.0,0.0,0.0,0.0,0.0,0.0,0,0,0
1756703419,6971,0.01,0.0,0.0,0.0,0.0,0.0,0.0,0.0,0,0,0
1756703419,6972,0.01,0.0,0.0,0.0,0.0,0.0,0.0,0.0,0,0,0
1756703419,6973,-0.03,0.0,-0.01,0.0,0.0,0.0,0.0,0.0,0,0,0
1756703419,6974,0.03,0.0,-0.01,0.0,0.0,0.0,0.0,0.0,0,0,0
1756703419,6975,0.07,0.0,0.0,0.0,0.0,0.0,0.0,0.0,0,0,0
1756703419,6976,0.0,0.0,-0.01,0.0,0.0,0.0,0.0,0.0,0,0,0
1756703419,6977,0.0,0.0,0.0,0.0,0.0,0.0,0.0,0.0,0,0,0
1756703419,6978,0.01,0.0,-0.01,0.0,0.0,0.0,0.0,0.0,0,0,0
1756703419,6979,0.01,0.0,0.0,0.0,0.0,0.0,0.0,0.0,0,0,0
1756703419,6980,0.0,0.0,0.0,0.0,0.0,0.0,0.0,0.0,0,0,0
1756703419,6981,0.05,0.0,-0.01,0.0,0.0,0.0,0.0,0.0,0,0,0
1756703419,6982,0.01,0.0,0.0,0.0,0.0,0.0,0.0,0.0,0,0,0
1756703419,6983,0.0,0.0,0.0,0.0,0.0,0.0,0.0,0.0,0,0,0
1756703419,6984,0.01,0.0,-0.02,0.0,0.0,0.0,0.0,0.0,0,0,0
1756703419,6985,0.01,0.0,-0.02,0.0,0.0,0.0,0.0,0.0,0,0,0
1756703419,6986,0.0,0.0,0.0,0.0,0.0,0.0,0.0,0.0,0,0,0
1756703419,6987,0.05,0.0,0.0,0.0,0.0,0.0,0.0,0.0,0,0,0
1756703419,6988,0.05,0.0,0.0,0.0,0.0,0.0,0.0,0.0,0,0,0
1756703419,6989,0.0,0.0,0.0,0.0,0.0,0.0,0.0,0.0,0,0,0
1756703419,6990,0.02,0.0,-0.05,0.0,0.0,0.0,0.0,0.0,0,0,0
1756703419,6991,0.0,0.0,-0.01,0.0,0.0,0.0,0.0,0.0,0,0,0
1756703419,6992,0.0,0.0,0.0,0.0,0.0,0.0,0.0,0.0,0,0,0
1756703419,6993,-0.01,0.0,-0.02,0.0,0.0,0.0,0.0,0.0,0,0,0
1756703419,6994,0.05,0.0,-0.07,0.0,0.0,0.0,0.0,0.0,0,0,0
1756703419,6995,0.0,0.0,0.0,0.0,0.0,0.0,0.0,0.0,0,0,0
1756703419,6996,0.03,0.0,-0.01,0.0,0.0,0.0,0.0,0.0,0,0,0
1756703419,6997,0.0,0.0,-0.01,0.0,0.0,0.0,0.0,0.0,0,0,0
1756703419,6998,-0.02,0.0,-0.02,0.0,0.0,0.0,0.0,0.0,0,0,0
1756703419,6999,-0.12,0.0,0.05,0.0,0.0,0.0,0.0,0.0,0,0,0
1756703419,7000,0.0,0.0,0.0,0.0,0.0,0.0,0.0,0.0,0,0,0
1756703419,7001,0.0,0.0,-0.02,0.0,0.0,0.0,0.0,0.0,0,0,0
1756703419,7002,0.02,0.0,0.0,0.0,0.0,0.0,0.0,0.0,0,0,0
1756703419,7003,0.07,0.0,0.0,0.0,0.0,0.0,0.0,0.0,0,0,0
1756703419,7004,0.07,0.0,-0.02,0.0,0.0,0.0,0.0,0.0,0,0,0
1756703419,7005,0.05,0.0,-0.01,0.0,0.0,0.0,0.0,0.0,0,0,0
1756703419,7006,0.05,0.0,-0.01,0.0,0.0,0.0,0.0,0.0,0,0,0
1756703419,7007,0.01,0.0,-0.05,0.0,0.0,0.0,0.0,0.0,0,0,0
1756703419,7008,0.0,0.0,0.0,0.0,0.0,0.0,0.0,0.0,0,0,0
1756703419,7009,-0.01,0.0,-0.02,0.0,0.0,0.0,0.0,0.0,0,0,0
1756703419,7010,0.0,0.0,0.0,0.0,0.0,0.0,0.0,0.0,0,0,0
1756703419,7011,0.01,0.0,-0.02,0.0,0.0,0.0,0.0,0.0,0,0,0
1756703419,7012,0.03,0.0,0.0,0.0,0.0,0.0,0.0,0.0,0,0,0
1756703419,7013,0.0,0.0,-0.01,0.0,0.0,0.0,0.0,0.0,0,0,0
1756703419,7014,0.03,0.0,0.0,0.0,0.0,0.0,0.0,0.0,0,0,0
1756703419,7015,-0.02,0.0,-0.01,0.0,0.0,0.0,0.0,0.0,0,0,0
1756703419,7016,0.0,0.0,-0.05,0.0,0.0,0.0,0.0,0.0,0,0,0
1756703419,7017,0.0,0.0,0.05,0.0,0.0,0.0,0.0,0.0,0,0,0
1756703419,7018,0.0,0.0,0.01,0.0,0.0,0.0,0.0,0.0,0,0,0
1756703419,7019,-0.05,0.0,0.0,0.0,0.0,0.0,0.0,0.0,0,0,0
1756703420,7020,0.02,0.0,0.0,0.0,0.0,0.0,0.0,0.0,0,0,0
1756703420,7021,0.03,0.0,0.0,0.0,0.0,0.0,0.0,0.0,0,0,0
1756703420,7022,0.05,0.0,0.0,0.0,0.0,0.0,0.0,0.0,0,0,0
1756703420,7023,0.03,0.0,-0.01,0.0,0.0,0.0,0.0,0.0,0,0,0
1756703420,7024,0.0,0.0,-0.03,0.0,0.0,0.0,0.0,0.0,0,0,0
1756703420,7025,0.0,0.0,0.0,0.0,0.0,0.0,0.0,0.0,0,0,0
1756703420,7026,0.0,0.0,0.0,0.0,0.0,0.0,0.0,0.0,0,0,0
1756703420,7027,-0.02,0.0,-0.01,0.0,0.0,0.0,0.0,0.0,0,0,0
1756703420,7028,0.05,0.0,-0.1,0.0,0.0,0.0,0.0,0.0,0,0,0
1756703420,7029,0.0,0.0,-0.05,0.0,0.0,0.0,0.0,0.0,0,0,0
1756703420,7030,0.03,0.0,-0.01,0.0,0.0,0.0,0.0,0.0,0,0,0
1756703420,7031,0.01,0.0,0.0,0.0,0.0,0.0,0.0,0.0,0,0,0
1756703420,7032,0.0,0.0,0.0,0.0,0.0,0.0,0.0,0.0,0,0,0
1756703420,7033,0.09,0.0,0.0,0.0,0.0,0.0,0.0,0.0,0,0,0
1756703420,7034,0.02,0.0,-0.02,0.0,0.0,0.0,0.0,0.0,0,0,0
1756703420,7035,0.01,0.0,-0.05,0.0,0.0,0.0,0.0,0.0,0,0,0
1756703420,7036,-0.01,0.0,-0.01,0.0,0.0,0.0,0.0,0.0,0,0,0
1756703420,7037,0.0,0.0,0.0,0.0,0.0,0.0,0.0,0.0,0,0,0
1756703420,7038,0.03,0.0,-0.05,0.0,0.0,0.0,0.0,0.0,0,0,0
1756703420,7039,0.0,0.0,0.01,0.0,0.0,0.0,0.0,0.0,0,0,0
1756703420,7040,0.0,0.0,0.0,0.0,0.0,0.0,0.0,0.0,0,0,0
1756703420,7041,0.05,0.0,0.0,0.0,0.0,0.0,0.0,0.0,0,0,0
1756703420,7042,0.01,0.0,0.0,0.0,0.0,0.0,0.0,0.0,0,0,0
1756703420,7043,-0.03,0.0,-0.01,0.0,0.0,0.0,0.0,0.0,0,0,0
1756703420,7044,-0.05,0.0,0.0,0.0,0.0,0.0,0.0,0.0,0,0,0
1756703420,7045,0.01,0.0,-0.17,0.0,0.0,0.0,0.0,0.0,0,0,0
1756703420,7046,-0.03,0.0,-0.02,0.0,0.0,0.0,0.0,0.0,0,0,0
1756703420,7047,0.05,0.0,0.0,0.0,0.0,0.0,0.0,0.0,0,0,0
1756703420,7048,0.0,0.0,-0.07,0.0,0.0,0.0,0.0,0.0,0,0,0
1756703420,7049,0.02,0.0,0.0,0.0,0.0,0.0,0.0,0.0,0,0,0
1756703420,7050,-0.03,0.0,0.02,0.0,0.0,0.0,0.0,0.0,0,0,0
1756703420,7051,0.02,0.0,0.02,0.0,0.0,0.0,0.0,0.0,0,0,0
1756703420,7052,0.0,0.0,-0.02,0.0,0.0,0.0,0.0,0.0,0,0,0
1756703420,7053,0.02,0.0,-0.07,0.0,0.0,0.0,0.0,0.0,0,0,0
1756703420,7054,0.0,0.0,0.0,0.0,0.0,0.0,0.0,0.0,0,0,0
1756703420,7055,0.0,0.0,-0.01,0.0,0.0,0.0,0.0,0.0,0,0,0
1756703420,7056,0.0,0.0,-0.1,0.0,0.0,0.0,0.0,0.0,0,0,0
1756703420,7057,0.0,0.0,0.0,0.0,0.0,0.0,0.0,0.0,0,0,0
1756703420,7058,0.0,0.0,0.03,0.0,0.0,0.0,0.0,0.0,0,0,0
1756703420,7059,0.07,0.0,0.0,0.0,0.0,0.0,0.0,0.0,0,0,0
1756703420,7060,0.0,0.0,0.0,0.0,0.0,0.0,0.0,0.0,0,0,0
1756703420,7061,0.0,0.0,0.01,0.0,0.0,0.0,0.0,0.0,0,0,0
1756703420,7062,0.0,0.0,0.0,0.0,0.0,0.0,0.0,0.0,0,0,0
1756703420,7063,-0.01,0.0,-0.01,0.0,0.0,0.0,0.0,0.0,0,0,0
1756703420,7064,0.02,0.0,0.0,0.0,0.0,0.0,0.0,0.0,0,0,0
1756703420,7065,0.0,0.0,0.0,0.0,0.0,0.0,0.0,0.0,0,0,0
1756703420,7066,0.0,0.0,-0.02,0.0,0.0,0.0,0.0,0.0,0,0,0
1756703420,7067,-0.01,0.0,0.0,0.0,0.0,0.0,0.0,0.0,0,0,0
1756703420,7068,0.02,0.0,0.0,0.0,0.0,0.0,0.0,0.0,0,0,0
1756703420,7069,0.05,0.0,-0.03,0.0,0.0,0.0,0.0,0.0,0,0,0
1756703420,7070,0.0,0.0,0.0,0.0,0.0,0.0,0.0,0.0,0,0,0
1756703420,7071,0.0,0.0,-0.01,0.0,0.0,0.0,0.0,0.0,0,0,0
1756703420,7072,-0.02,0.0,0.0,0.0,0.0,0.0,0.0,0.0,0,0,0
1756703420,7073,0.01,0.0,0.07,0.0,0.0,0.0,0.0,0.0,0,0,0
1756703420,7074,0.0,0.0,0.0,0.0,0.0,0.0,0.0,0.0,0,0,0
1756703420,7075,0.09,0.0,0.01,0.0,0.0,0.0,0.0,0.0,0,0,0
1756703420,7076,0.0,0.0,0.0,0.0,0.0,0.0,0.0,0.0,0,0,0
1756703420,7077,0.0,0.0,0.0,0.0,0.0,0.0,0.0,0.0,0,0,0
1756703420,7078,0.02,0.0,0.0,0.0,0.0,0.0,0.0,0.0,0,0,0
1756703420,7079,0.03,0.0,0.02,0.0,0.0,0.0,0.0,0.0,0,0,0
1756703420,7080,0.0,0.0,0.0,0.0,0.0,0.0,0.0,0.0,0,0,0
1756703420,7081,0.0,0.0,0.0,0.0,0.0,0.0,0.0,0.0,0,0,0
1756703420,7082,0.01,0.0,-0.02,0.0,0.0,0.0,0.0,0.0,0,0,0
1756703420,7083,0.02,0.0,-0.01,0.0,0.0,0.0,0.0,0.0,0,0,0
1756703420,7084,0.05,0.0,0.03,0.0,0.0,0.0,0.0,0.0,0,0,0
1756703420,7085,0.0,0.0,-0.05,0.0,0.0,0.0,0.0,0.0,0,0,0
1756703420,7086,0.02,0.0,-0.03,0.0,0.0,0.0,0.0,0.0,0,0,0
1756703421,7087,0.0,0.0,0.0,0.0,0.0,0.0,0.0,0.0,0,0,0
1756703421,7088,-0.07,0.0,0.12,0.0,0.0,0.0,0.0,0.0,0,0,0
1756703421,7089,0.0,0.0,-0.02,0.0,0.0,0.0,0.0,0.0,0,0,0
1756703421,7090,0.05,0.0,-0.05,0.0,0.0,0.0,0.0,0.0,0,0,0
1756703421,7091,0.12,0.0,0.0,0.0,0.0,0.0,0.0,0.0,0,0,0
1756703421,7092,0.09,0.0,0.0,0.0,0.0,0.0,0.0,0.0,0,0,0
1756703421,7093,0.0,0.0,-0.03,0.0,0.0,0.0,0.0,0.0,0,0,0
1756703421,7094,0.0,0.0,-0.01,0.0,0.0,0.0,0.0,0.0,0,0,0
1756703421,7095,0.02,0.0,-0.02,0.0,0.0,0.0,0.0,0.0,0,0,0
1756703421,7096,0.0,0.0,-0.01,0.0,0.0,0.0,0.0,0.0,0,0,0
1756703421,7097,-0.01,0.0,-0.01,0.0,0.0,0.0,0.0,0.0,0,0,0
1756703421,7098,0.01,0.0,0.0,0.0,0.0,0.0,0.0,0.0,0,0,0
1756703421,7099,0.0,0.0,-0.03,0.0,0.0,0.0,0.0,0.0,0,0,0
1756703421,7100,0.01,0.0,-0.02,0.0,0.0,0.0,0.0,0.0,0,0,0
1756703421,7101,0.0,0.0,0.02,0.0,0.0,0.0,0.0,0.0,0,0,0
1756703421,7102,0.0,0.0,0.0,0.0,0.0,0.0,0.0,0.0,0,0,0
1756703421,7103,0.0,0.0,0.0,0.0,0.0,0.0,0.0,0.0,0,0,0
1756703421,7104,0.0,0.0,0.0,0.0,0.0,0.0,0.0,0.0,0,0,0
1756703421,7105,0.03,0.0,0.0,0.0,0.0,0.0,0.0,0.0,0,0,0
1756703421,7106,0.01,0.0,0.0,0.0,0.0,0.0,0.0,0.0,0,0,0
1756703421,7107,0.0,0.0,0.0,0.0,0.0,0.0,0.0,0.0,0,0,0
1756703421,7108,-0.05,0.0,-0.03,0.0,0.0,0.0,0.0,0.0,0,0,0
1756703421,7109,0.01,0.0,-0.01,0.0,0.0,0.0,0.0,0.0,0,0,0
1756703421,7110,0.0,0.0,-0.02,0.0,0.0,0.0,0.0,0.0,0,0,0
1756703421,7111,0.02,0.0,-0.01,0.0,0.0,0.0,0.0,0.0,0,0,0
1756703421,7112,0.03,0.0,-0.03,0.0,0.0,0.0,0.0,0.0,0,0,0
1756703421,7113,0.0,0.0,0.0,0.0,0.0,0.0,0.0,0.0,0,0,0
1756703421,7114,0.0,0.0,-0.05,0.0,0.0,0.0,0.0,0.0,0,0,0
1756703421,7115,0.09,0.0,-0.1,0.0,0.0,0.0,0.0,0.0,0,0,0
1756703421,7116,0.0,0.0,-0.02,0.0,0.0,0.0,0.0,0.0,0,0,0
1756703421,7117,-0.02,0.0,-0.02,0.0,0.0,0.0,0.0,0.0,0,0,0
1756703421,7118,0.05,0.0,-0.05,0.0,0.0,0.0,0.0,0.0,0,0,0
1756703421,7119,0.0,0.0,-0.02,0.0,0.0,0.0,0.0,0.0,0,0,0
1756703421,7120,0.0,0.0,-0.02,0.0,0.0,0.0,0.0,0.0,0,0,0
1756703421,7121,-0.03,0.0,-0.02,0.0,0.0,0.0,0.0,0.0,0,0,0
1756703421,7122,0.05,0.0,0.0,0.0,0.0,0.0,0.0,0.0,0,0,0
1756703421,7123,0.0,0.0,-0.01,0.0,0.0,0.0,0.0,0.0,0,0,0
1756703421,7124,-0.07,0.0,-0.05,0.0,0.0,0.0,0.0,0.0,0,0,0
1756703421,7125,-0.01,0.0,-0.01,0.0,0.0,0.0,0.0,0.0,0,0,0
1756703421,7126,0.0,0.0,-0.03,0.0,0.0,0.0,0.0,0.0,0,0,0
1756703421,7127,-0.05,0.0,-0.05,0.0,0.0,0.0,0.0,0.0,0,0,0
1756703421,7128,-0.01,0.0,0.0,0.0,0.0,0.0,0.0,0.0,0,0,0
1756703421,7129,0.0,0.0,0.0,0.0,0.0,0.0,0.0,0.0,0,0,0
1756703421,7130,0.03,0.0,-0.01,0.0,0.0,0.0,0.0,0.0,0,0,0
1756703421,7131,0.03,0.0,-0.05,0.0,0.0,0.0,0.0,0.0,0,0,0
1756703421,7132,0.07,0.0,0.0,0.0,0.0,0.0,0.0,0.0,0,0,0
1756703421,7133,0.02,0.0,-0.05,0.0,0.0,0.0,0.0,0.0,0,0,0
1756703421,7134,0.0,0.0,-0.15,0.0,0.0,0.0,0.0,0.0,0,0,0
1756703421,7135,0.0,0.0,-0.05,0.0,0.0,0.0,0.0,0.0,0,0,0
1756703421,7136,-0.01,0.0,0.01,0.0,0.0,0.0,0.0,0.0,0,0,0
1756703421,7137,0.01,0.0,-0.05,0.0,0.0,0.0,0.0,0.0,0,0,0
1756703421,7138,0.0,0.0,-0.05,0.0,0.0,0.0,0.0,0.0,0,0,0
1756703421,7139,0.0,0.0,-0.01,0.0,0.0,0.0,0.0,0.0,0,0,0
1756703421,7140,0.07,0.0,0.0,0.0,0.0,0.0,0.0,0.0,0,0,0
1756703421,7141,0.0,0.0,0.0,0.0,0.0,0.0,0.0,0.0,0,0,0
1756703421,7142,0.0,0.0,0.0,0.0,0.0,0.0,0.0,0.0,0,0,0
1756703421,7143,0.0,0.0,0.0,0.0,0.0,0.0,0.0,0.0,0,0,0
1756703421,7144,0.0,0.0,0.0,0.0,0.0,0.0,0.0,0.0,0,0,0
1756703421,7145,0.0,0.0,-0.03,0.0,0.0,0.0,0.0,0.0,0,0,0
1756703421,7146,0.03,0.0,-0.01,0.0,0.0,0.0,0.0,0.0,0,0,0
1756703421,7147,-0.05,0.0,-0.02,0.0,0.0,0.0,0.0,0.0,0,0,0
1756703421,7148,0.02,0.0,0.0,0.0,0.0,0.0,0.0,0.0,0,0,0
1756703421,7149,0.0,0.0,0.0,0.0,0.0,0.0,0.0,0.0,0,0,0
1756703421,7150,-0.03,0.0,0.0,0.0,0.0,0.0,0.0,0.0,0,0,0
1756703421,7151,0.01,0.0,-0.02,0.0,0.0,0.0,0.0,0.0,0,0,0
1756703421,7152,0.03,0.0,0.0,0.0,0.0,0.0,0.0,0.0,0,0,0
1756703421,7153,0.0,0.0,-0.02,0.0,0.0,0.0,0.0,0.0,0,0,0
1756703421,7154,0.02,0.0,0.0,0.0,0.0,0.0,0.0,0.0,0,0,0
1756703422,7155,0.02,0.0,0.02,0.0,0.0,0.0,0.0,0.0,0,0,0
1756703422,7156,0.0,0.0,0.0,0.0,0.0,0.0,0.0,0.0,0,0,0
1756703422,7157,0.01,0.0,-0.02,0.0,0.0,0.0,0.0,0.0,0,0,0
1756703422,7158,-0.05,0.0,-0.01,0.0,0.0,0.0,0.0,0.0,0,0,0
1756703422,7159,0.0,0.0,-0.01,0.0,0.0,0.0,0.0,0.0,0,0,0
1756703422,7160,0.05,0.0,-0.01,0.0,0.0,0.0,0.0,0.0,0,0,0
1756703422,7161,0.0,0.0,0.0,0.0,0.0,0.0,0.0,0.0,0,0,0
1756703422,7162,0.0,0.0,-0.03,0.0,0.0,0.0,0.0,0.0,0,0,0
1756703422,7163,0.0,0.0,0.0,0.0,0.0,0.0,0.0,0.0,0,0,0
1756703422,7164,0.07,0.0,-0.02,0.0,0.0,0.0,0.0,0.0,0,0,0
1756703422,7165,0.02,0.0,-0.05,0.0,0.0,0.0,0.0,0.0,0,0,0
1756703422,7166,0.01,0.0,0.0,0.0,0.0,0.0,0.0,0.0,0,0,0
1756703422,7167,0.05,0.0,-0.03,0.0,0.0,0.0,0.0,0.0,0,0,0
1756703422,7168,0.05,0.0,-0.03,0.0,0.0,0.0,0.0,0.0,0,0,0
1756703422,7169,0.05,0.0,-0.01,0.0,0.0,0.0,0.0,0.0,0,0,0
1756703422,7170,0.0,0.0,0.0,0.0,0.0,0.0,0.0,0.0,0,0,0
1756703422,7171,0.02,0.0,-0.01,0.0,0.0,0.0,0.0,0.0,0,0,0
1756703422,7172,0.0,0.0,0.0,0.0,0.0,0.0,0.0,0.0,0,0,0
1756703422,7173,0.0,0.0,-0.01,0.0,0.0,0.0,0.0,0.0,0,0,0
1756703422,7174,0.0,0.0,-0.01,0.0,0.0,0.0,0.0,0.0,0,0,0
1756703422,7175,-0.03,0.0,-0.01,0.0,0.0,0.0,0.0,0.0,0,0,0
1756703422,7176,0.0,0.0,-0.01,0.0,0.0,0.0,0.0,0.0,0,0,0
1756703422,7177,0.03,0.0,0.0,0.0,0.0,0.0,0.0,0.0,0,0,0
1756703422,7178,0.01,0.0,0.0,0.0,0.0,0.0,0.0,0.0,0,0,0
1756703422,7179,0.0,0.0,0.01,0.0,0.0,0.0,0.0,0.0,0,0,0
1756703422,7180,0.0,0.0,-0.01,0.0,0.0,0.0,0.0,0.0,0,0,0
1756703422,7181,0.03,0.0,0.0,0.0,0.0,0.0,0.0,0.0,0,0,0
1756703422,7182,0.07,0.0,-0.03,0.0,0.0,0.0,0.0,0.0,0,0,0
1756703422,7183,0.01,0.0,0.0,0.0,0.0,0.0,0.0,0.0,0,0,0
1756703422,7184,0.02,0.0,-0.01,0.0,0.0,0.0,0.0,0.0,0,0,0
1756703422,7185,0.0,0.0,0.0,0.0,0.0,0.0,0.0,0.0,0,0,0
1756703422,7186,0.0,0.0,-0.02,0.0,0.0,0.0,0.0,0.0,0,0,0
1756703422,7187,0.0,0.0,-0.02,0.0,0.0,0.0,0.0,0.0,0,0,0
1756703422,7188,0.0,0.0,0.0,0.0,0.0,0.0,0.0,0.0,0,0,0
1756703422,7189,0.09,0.0,0.05,0.0,0.0,0.0,0.0,0.0,0,0,0
1756703422,7190,0.0,0.0,-0.01,0.0,0.0,0.0,0.0,0.0,0,0,0
1756703422,7191,0.0,0.0,-0.02,0.0,0.0,0.0,0.0,0.0,0,0,0
1756703422,7192,-0.02,0.0,-0.01,0.0,0.0,0.0,0.0,0.0,0,0,0
1756703422,7193,0.01,0.0,-0.01,0.0,0.0,0.0,0.0,0.0,0,0,0
1756703422,7194,0.05,0.0,-0.01,0.0,0.0,0.0,0.0,0.0,0,0,0
1756703422,7195,0.03,0.0,-0.03,0.0,0.0,0.0,0.0,0.0,0,0,0
1756703422,7196,0.0,0.0,-0.03,0.0,0.0,0.0,0.0,0.0,0,0,0
1756703422,7197,0.0,0.0,-0.03,0.0,0.0,0.0,0.0,0.0,0,0,0
1756703422,7198,0.0,0.0,-0.01,0.0,0.0,0.0,0.0,0.0,0,0,0
1756703422,7199,0.01,0.0,0.0,0.0,0.0,0.0,0.0,0.0,0,0,0
1756703422,7200,0.02,0.0,-0.02,0.0,0.0,0.0,0.0,0.0,0,0,0
1756703422,7201,0.0,0.0,0.0,0.0,0.0,0.0,0.0,0.0,0,0,0
1756703422,7202,0.05,0.0,-0.01,0.0,0.0,0.0,0.0,0.0,0,0,0
1756703422,7203,0.05,0.0,0.0,0.0,0.0,0.0,0.0,0.0,0,0,0
1756703422,7204,0.0,0.0,-0.01,0.0,0.0,0.0,0.0,0.0,0,0,0
1756703422,7205,0.12,0.0,0.02,0.0,0.0,0.0,0.0,0.0,0,0,0
1756703422,7206,0.0,0.0,0.0,0.0,0.0,0.0,0.0,0.0,0,0,0
1756703422,7207,0.03,0.0,0.0,0.0,0.0,0.0,0.0,0.0,0,0,0
1756703422,7208,0.03,0.0,-0.01,0.0,0.0,0.0,0.0,0.0,0,0,0
1756703422,7209,0.0,0.0,0.0,0.0,0.0,0.0,0.0,0.0,0,0,0
1756703422,7210,0.0,0.0,0.0,0.0,0.0,0.0,0.0,0.0,0,0,0
1756703422,7211,-0.07,0.0,-0.02,0.0,0.0,0.0,0.0,0.0,0,0,0
1756703422,7212,0.02,0.0,0.0,0.0,0.0,0.0,0.0,0.0,0,0,0
1756703422,7213,0.0,0.0,0.0,0.0,0.0,0.0,0.0,0.0,0,0,0
1756703422,7214,0.07,0.0,0.0,0.0,0.0,0.0,0.0,0.0,0,0,0
1756703422,7215,0.0,0.0,-0.03,0.0,0.0,0.0,0.0,0.0,0,0,0
1756703422,7216,0.0,0.0,0.0,0.0,0.0,0.0,0.0,0.0,0,0,0
1756703422,7217,0.0,0.0,0.0,0.0,0.0,0.0,0.0,0.0,0,0,0
1756703423,7218,0.0,0.0,0.0,0.0,0.0,0.0,0.0,0.0,0,0,0
1756703423,7219,0.0,0.0,0.0,0.0,0.0,0.0,0.0,0.0,0,0,0
1756703423,7220,0.03,0.0,0.0,0.0,0.0,0.0,0.0,0.0,0,0,0
1756703423,7221,0.0,0.0,0.0,0.0,0.0,0.0,0.0,0.0,0,0,0
1756703423,7222,0.0,0.0,0.0,0.0,0.0,0.0,0.0,0.0,0,0,0
1756703423,7223,0.02,0.0,-0.01,0.0,0.0,0.0,0.0,0.0,0,0,0
1756703423,7224,0.02,0.0,0.0,0.0,0.0,0.0,0.0,0.0,0,0,0
1756703423,7225,-0.07,0.0,-0.01,0.0,0.0,0.0,0.0,0.0,0,0,0
1756703423,7226,0.0,0.0,-0.03,0.0,0.0,0.0,0.0,0.0,0,0,0
1756703423,7227,0.03,0.0,-0.03,0.0,0.0,0.0,0.0,0.0,0,0,0
1756703423,7228,0.02,0.0,-0.05,0.0,0.0,0.0,0.0,0.0,0,0,0
1756703423,7229,-0.02,0.0,0.0,0.0,0.0,0.0,0.0,0.0,0,0,0
1756703423,7230,0.03,0.0,0.0,0.0,0.0,0.0,0.0,0.0,0,0,0
1756703423,7231,0.09,0.0,-0.01,0.0,0.0,0.0,0.0,0.0,0,0,0
1756703423,7232,0.05,0.0,-0.05,0.0,0.0,0.0,0.0,0.0,0,0,0
1756703423,7233,0.0,0.0,-0.02,0.0,0.0,0.0,0.0,0.0,0,0,0
1756703423,7234,0.0,0.0,-0.01,0.0,0.0,0.0,0.0,0.0,0,0,0
1756703423,7235,0.07,0.0,-0.01,0.0,0.0,0.0,0.0,0.0,0,0,0
1756703423,7236,0.05,0.0,-0.02,0.0,0.0,0.0,0.0,0.0,0,0,0
1756703423,7237,0.07,0.0,-0.1,0.0,0.0,0.0,0.0,0.0,0,0,0
1756703423,7238,0.05,0.0,-0.02,0.0,0.0,0.0,0.0,0.0,0,0,0
1756703423,7239,0.07,0.0,-0.01,0.0,0.0,0.0,0.0,0.0,0,0,0
1756703423,7240,0.05,0.0,-0.02,0.0,0.0,0.0,0.0,0.0,0,0,0
1756703423,7241,0.03,0.0,-0.07,0.0,0.0,0.0,0.0,0.0,0,0,0
1756703423,7242,0.05,0.0,-0.05,0.0,0.0,0.0,0.0,0.0,0,0,0
1756703423,7243,0.0,0.0,-0.01,0.0,0.0,0.0,0.0,0.0,0,0,0
1756703423,7244,0.01,0.0,-0.07,0.0,0.0,0.0,0.0,0.0,0,0,0
1756703423,7245,0.0,0.0,0.03,0.0,0.0,0.0,0.0,0.0,0,0,0
1756703423,7246,0.0,0.0,-0.05,0.0,0.0,0.0,0.0,0.0,0,0,0
1756703423,7247,0.0,0.0,0.0,0.0,0.0,0.0,0.0,0.0,0,0,0
1756703423,7248,0.05,0.0,-0.02,0.0,0.0,0.0,0.0,0.0,0,0,0
1756703423,7249,0.01,0.0,-0.02,0.0,0.0,0.0,0.0,0.0,0,0,0
1756703423,7250,0.0,0.0,0.02,0.0,0.0,0.0,0.0,0.0,0,0,0
1756703423,7251,0.02,0.0,-0.01,0.0,0.0,0.0,0.0,0.0,0,0,0
1756703423,7252,0.0,0.0,0.0,0.0,0.0,0.0,0.0,0.0,0,0,0
1756703423,7253,0.01,0.0,-0.03,0.0,0.0,0.0,0.0,0.0,0,0,0
1756703423,7254,0.0,0.0,-0.02,0.0,0.0,0.0,0.0,0.0,0,0,0
1756703423,7255,0.0,0.0,-0.07,0.0,0.0,0.0,0.0,0.0,0,0,0
1756703423,7256,0.1,0.0,-0.03,0.0,0.0,0.0,0.0,0.0,0,0,0
1756703423,7257,0.0,0.0,-0.01,0.0,0.0,0.0,0.0,0.0,0,0,0
1756703423,7258,0.02,0.0,-0.02,0.0,0.0,0.0,0.0,0.0,0,0,0
1756703423,7259,-0.05,0.0,-0.05,0.0,0.0,0.0,0.0,0.0,0,0,0
1756703423,7260,0.02,0.0,0.0,0.0,0.0,0.0,0.0,0.0,0,0,0
1756703423,7261,0.02,0.0,-0.03,0.0,0.0,0.0,0.0,0.0,0,0,0
1756703423,7262,0.03,0.0,0.01,0.0,0.0,0.0,0.0,0.0,0,0,0
1756703423,7263,0.07,0.0,-0.02,0.0,0.0,0.0,0.0,0.0,0,0,0
1756703423,7264,0.05,0.0,-0.03,0.0,0.0,0.0,0.0,0.0,0,0,0
1756703423,7265,0.05,0.0,-0.05,0.0,0.0,0.0,0.0,0.0,0,0,0
1756703423,7266,0.0,0.0,0.0,0.0,0.0,0.0,0.0,0.0,0,0,0
1756703423,7267,0.02,0.0,-0.01,0.0,0.0,0.0,0.0,0.0,0,0,0
1756703423,7268,0.0,0.0,-0.03,0.0,0.0,0.0,0.0,0.0,0,0,0
1756703423,7269,-0.03,0.0,0.0,0.0,0.0,0.0,0.0,0.0,0,0,0
1756703423,7270,0.07,0.0,-0.05,0.0,0.0,0.0,0.0,0.0,0,0,0
1756703423,7271,0.1,0.0,-0.05,0.0,0.0,0.0,0.0,0.0,0,0,0
1756703423,7272,0.01,0.0,-0.1,0.0,0.0,0.0,0.0,0.0,0,0,0
1756703423,7273,0.0,0.0,-0.02,0.0,0.0,0.34,0.0,0.0,0,0,0
1756703423,7274,0.05,0.0,-0.01,0.0,0.0,0.58,0.0,0.0,0,0,0
1756703423,7275,0.11,0.0,-0.01,0.0,0.0,0.81,0.0,0.0,0,0,0
1756703423,7276,0.0,0.0,-0.01,0.0,0.0,1.12,0.0,0.0,0,0,0
1756703423,7277,0.01,0.0,-0.01,0.0,0.0,1.42,0.0,0.0,0,0,0
1756703423,7278,0.02,0.0,0.0,0.0,0.0,1.64,0.0,0.0,0,0,0
1756703423,7279,0.02,0.0,-0.02,0.0,0.0,1.79,0.0,0.0,0,0,0
1756703423,7280,0.0,0.0,-0.05,0.0,0.0,1.95,0.0,0.0,0,0,0
1756703423,7281,0.03,0.0,-0.15,0.0,0.0,2.21,0.0,0.0,0,0,0
1756703423,7282,0.02,0.0,-0.03,0.0,0.0,2.63,0.0,0.0,0,0,0
1756703423,7283,0.02,0.0,0.0,0.0,0.0,2.9,0.0,0.0,0,0,0
1756703423,7284,0.01,0.0,-0.02,0.0,0.0,3.0,0.0,0.0,0,0,0
1756703423,7285,0.07,0.0,0.0,0.0,0.0,3.13,0.0,0.0,0,0,0
1756703424,7286,0.05,0.0,0.0,0.0,0.0,3.28,0.0,0.0,0,0,0
1756703424,7287,0.05,0.0,0.0,0.0,0.0,3.44,0.0,0.0,0,0,0
1756703424,7288,0.01,0.0,0.0,0.0,0.0,3.59,0.0,0.0,0,0,0
1756703424,7289,0.05,0.0,-0.01,0.0,0.0,3.75,0.0,0.0,0,0,0
1756703424,7290,0.0,0.0,0.0,0.0,0.0,3.75,0.0,0.0,0,0,0
1756703424,7291,0.07,0.0,0.0,0.0,0.0,3.55,0.0,0.0,0,0,0
1756703424,7292,0.1,0.0,0.0,0.0,0.0,3.44,0.0,0.0,0,0,0
1756703424,7293,0.03,0.0,0.0,0.0,0.0,3.25,0.0,0.0,0,0,0
1756703424,7294,0.07,0.0,0.01,0.0,0.0,3.17,0.0,0.0,0,0,0
1756703424,7295,0.0,0.0,0.0,0.0,0.0,3.0,0.0,0.0,0,0,0
1756703424,7296,0.01,0.0,-0.05,0.0,0.0,2.94,0.0,0.0,0,0,0
1756703424,7297,0.03,0.0,0.0,0.0,0.0,2.85,0.0,0.0,0,0,0
1756703424,7298,0.07,0.0,0.0,0.0,0.0,2.75,0.0,0.0,0,0,0
1756703424,7299,-0.01,0.0,0.0,0.0,0.0,2.51,0.0,0.0,0,0,0
1756703424,7300,0.01,0.0,0.0,0.0,0.0,2.28,0.0,0.0,0,0,0
1756703424,7301,0.02,0.0,0.0,0.0,0.0,2.05,0.0,0.0,0,0,0
1756703424,7302,0.02,0.0,0.0,0.0,0.0,1.87,0.0,0.0,0,0,0
1756703424,7303,0.0,0.0,-0.01,0.0,0.0,1.84,0.0,0.0,0,0,0
1756703424,7304,0.01,0.0,0.0,0.0,0.0,1.84,0.0,0.0,0,0,0
1756703424,7305,0.0,0.0,-0.07,0.0,0.0,1.73,0.0,0.0,0,0,0
1756703424,7306,0.05,0.0,0.0,0.0,0.0,1.53,0.0,0.0,0,0,0
1756703424,7307,0.05,0.0,-0.01,0.0,0.0,1.42,0.0,0.0,0,0,0
1756703424,7308,0.02,0.0,0.01,0.0,0.0,1.21,0.0,0.0,0,0,0
1756703424,7309,0.02,0.0,0.0,0.0,0.0,1.35,0.0,0.0,0,0,0
1756703424,7310,0.05,0.0,0.01,0.0,0.0,1.35,0.0,0.0,0,0,0
1756703424,7311,0.0,0.0,0.0,0.0,0.0,1.35,0.0,0.0,0,0,0
1756703424,7312,0.03,0.0,0.02,0.0,0.0,1.27,0.0,0.0,0,0,0
1756703424,7313,0.02,0.0,0.0,0.0,0.0,1.21,0.0,0.0,0,0,0
1756703424,7314,0.0,0.0,0.0,0.0,0.0,1.12,0.0,0.0,0,0,0
1756703424,7315,0.0,0.0,-0.03,0.0,0.0,1.1,0.0,0.0,0,0,0
1756703424,7316,0.01,0.0,0.0,0.0,0.0,1.01,0.0,0.0,0,0,0
1756703424,7317,0.0,0.0,0.0,0.0,0.0,0.99,0.0,0.0,0,0,0
1756703424,7318,0.07,0.0,-0.05,0.0,0.0,0.83,0.0,0.0,0,0,0
1756703424,7319,0.0,0.0,-0.02,0.0,0.0,0.69,0.0,0.0,0,0,0
1756703424,7320,0.0,0.0,-0.02,0.0,0.0,0.47,0.0,0.0,0,0,0
1756703424,7321,0.03,0.0,-0.01,0.0,0.0,0.25,0.0,0.0,0,0,0
1756703424,7322,0.0,0.0,0.01,0.0,0.0,0.0,0.0,0.0,0,0,0
1756703424,7323,0.0,0.0,0.0,0.0,0.0,0.0,0.0,0.0,0,0,0
1756703424,7324,0.0,0.0,-0.01,0.0,0.0,0.0,0.0,0.0,0,0,0
1756703424,7325,-0.03,0.0,0.01,0.0,0.0,0.0,0.0,0.0,0,0,0
1756703424,7326,0.0,0.0,-0.02,0.0,0.0,0.0,0.0,0.0,0,0,0
1756703424,7327,0.01,0.0,0.0,0.0,0.0,0.0,0.0,0.0,0,0,0
1756703424,7328,0.0,0.0,0.0,0.0,0.0,0.0,0.0,0.0,0,0,0
1756703424,7329,0.0,0.0,-0.01,0.0,0.0,0.0,0.0,0.0,0,0,0
1756703424,7330,0.0,0.0,-0.01,0.0,0.0,0.0,0.0,0.0,0,0,0
1756703424,7331,0.0,0.0,-0.01,0.0,0.0,0.0,0.0,0.0,0,0,0
1756703424,7332,0.01,0.0,-0.01,0.0,0.0,0.0,0.0,0.0,0,0,0
1756703424,7333,0.01,0.0,0.0,0.0,0.0,0.0,0.0,0.0,0,0,0
1756703424,7334,0.03,0.0,0.0,0.0,0.0,0.0,0.0,0.0,0,0,0
1756703424,7335,-0.01,0.0,0.0,0.0,0.0,0.0,0.0,0.0,0,0,0
1756703424,7336,0.0,0.0,0.0,0.0,0.0,0.0,0.0,0.0,0,0,0
1756703424,7337,0.0,0.0,-0.01,0.0,0.0,0.0,0.0,0.0,0,0,0
1756703424,7338,-0.02,0.0,0.0,0.0,0.0,0.0,0.0,0.0,0,0,0
1756703424,7339,0.0,0.0,0.0,0.0,0.0,0.0,0.0,0.0,0,0,0
1756703424,7340,0.01,0.0,0.0,0.0,0.0,0.0,0.0,0.0,0,0,0
1756703424,7341,0.11,0.0,0.0,0.0,0.0,0.0,0.0,0.0,0,0,0
1756703424,7342,0.0,0.0,-0.03,0.0,0.0,0.0,0.0,0.0,0,0,0
1756703424,7343,0.03,0.0,-0.05,0.0,0.0,0.0,0.0,0.0,0,0,0
1756703424,7344,-0.05,0.0,0.0,0.0,0.0,0.0,0.0,0.0,0,0,0
1756703424,7345,0.0,0.0,-0.03,0.0,0.0,0.0,0.0,0.0,0,0,0
1756703424,7346,-0.05,0.0,-0.1,0.0,0.0,0.0,0.0,0.0,0,0,0
1756703424,7347,-0.02,0.0,-0.05,0.0,0.0,0.0,0.0,0.0,0,0,0
1756703424,7348,0.02,0.0,0.0,0.0,0.0,0.0,0.0,0.0,0,0,0
1756703425,7349,0.0,0.0,-0.01,0.0,0.0,0.0,0.0,0.0,0,0,0
1756703425,7350,0.01,0.0,0.0,0.0,0.0,0.0,0.0,0.0,0,0,0
1756703425,7351,0.05,0.0,0.01,0.0,0.0,0.0,0.0,0.0,0,0,0
1756703425,7352,-0.02,0.0,0.0,0.0,0.0,0.0,0.0,0.0,0,0,0
1756703425,7353,0.0,0.0,0.0,0.0,0.0,0.0,0.0,0.0,0,0,0
1756703425,7354,0.01,0.0,0.0,0.0,0.0,0.0,0.0,0.0,0,0,0
1756703425,7355,0.0,0.0,-0.03,0.0,0.0,0.0,0.0,0.0,0,0,0
1756703425,7356,0.01,0.0,-0.02,0.0,0.0,0.0,0.0,0.0,0,0,0
1756703425,7357,0.03,0.0,0.02,0.0,0.0,0.0,0.0,0.0,0,0,0
1756703425,7358,0.0,0.0,-0.05,0.0,0.0,0.0,0.0,0.0,0,0,0
1756703425,7359,-0.07,0.0,0.0,0.0,0.0,0.0,0.0,0.0,0,0,0
1756703425,7360,0.09,0.0,-0.02,0.0,0.0,0.0,0.0,0.0,0,0,0
1756703425,7361,0.0,0.0,0.0,0.0,0.0,0.0,0.0,0.0,0,0,0
1756703425,7362,0.02,0.0,-0.02,0.0,0.0,0.0,0.0,0.0,0,0,0
1756703425,7363,0.1,0.0,-0.01,0.0,0.0,0.0,0.0,0.0,0,0,0
1756703425,7364,0.0,0.0,-0.03,0.0,0.0,0.0,0.0,0.0,0,0,0
1756703425,7365,0.0,0.0,0.0,0.0,0.0,0.0,0.0,0.0,0,0,0
1756703425,7366,-0.01,0.0,0.0,0.0,0.0,0.0,0.0,0.0,0,0,0
1756703425,7367,0.0,0.0,0.0,0.0,0.0,0.0,0.0,0.0,0,0,0
1756703425,7368,0.03,0.0,-0.03,0.0,0.0,0.0,0.0,0.0,0,0,0
1756703425,7369,0.0,0.0,0.0,0.0,0.0,0.0,0.0,0.0,0,0,0
1756703425,7370,0.07,0.0,0.0,0.0,0.0,0.0,0.0,0.0,0,0,0
1756703425,7371,0.0,0.0,-0.02,0.0,0.0,0.0,0.0,0.0,0,0,0
1756703425,7372,-0.01,0.0,-0.01,0.0,0.0,0.0,0.0,0.0,0,0,0
1756703425,7373,0.0,0.0,0.0,0.0,0.0,0.0,0.0,0.0,0,0,0
1756703425,7374,0.0,0.0,0.01,0.0,0.0,0.0,0.0,0.0,0,0,0
1756703425,7375,0.0,0.0,-0.01,0.0,0.0,0.0,0.0,0.0,0,0,0
1756703425,7376,0.01,0.0,-0.02,0.0,0.0,0.0,0.0,0.0,0,0,0
1756703425,7377,-0.05,0.0,0.0,0.0,0.0,0.0,0.0,0.0,0,0,0
1756703425,7378,0.05,0.0,-0.01,0.0,0.0,0.0,0.0,0.0,0,0,0
1756703425,7379,0.02,0.0,-0.1,0.0,0.0,0.0,0.0,0.0,0,0,0
1756703425,7380,0.03,0.0,-0.01,0.0,0.0,0.0,0.0,0.0,0,0,0
1756703425,7381,0.0,0.0,-0.03,0.0,0.0,0.0,0.0,0.0,0,0,0
1756703425,7382,0.02,0.0,0.0,0.0,0.0,0.0,0.0,0.0,0,0,0
1756703425,7383,0.01,0.0,-0.02,0.0,0.0,0.0,0.0,0.0,0,0,0
1756703425,7384,-0.01,0.0,0.0,0.0,0.0,0.0,0.0,0.0,0,0,0
1756703425,7385,-0.05,0.0,-0.01,0.0,0.0,0.0,0.0,0.0,0,0,0
1756703425,7386,0.07,0.0,0.0,0.0,0.0,0.0,0.0,0.0,0,0,0
1756703425,7387,0.02,0.0,-0.01,0.0,0.0,0.0,0.0,0.0,0,0,0
1756703425,7388,0.0,0.0,-0.01,0.0,0.0,0.0,0.0,0.0,0,0,0
1756703425,7389,0.0,0.0,0.0,0.0,0.0,0.0,0.0,0.0,0,0,0
1756703425,7390,-0.05,0.0,0.0,0.0,0.0,0.0,0.0,0.0,0,0,0
1756703425,7391,0.0,0.0,0.0,0.0,0.0,0.0,0.0,0.0,0,0,0
1756703425,7392,0.0,0.0,-0.03,0.0,0.0,0.0,0.0,0.0,0,0,0
1756703425,7393,0.05,0.0,0.0,0.0,0.0,0.0,0.0,0.0,0,0,0
1756703425,7394,-0.01,0.0,0.0,0.0,0.0,0.0,0.0,0.0,0,0,0
1756703425,7395,0.0,0.0,-0.02,0.0,0.0,0.0,0.0,0.0,0,0,0
1756703425,7396,0.02,0.0,0.01,0.0,0.0,0.0,0.0,0.0,0,0,0
1756703425,7397,0.0,0.0,0.0,0.0,0.0,0.0,0.0,0.0,0,0,0
1756703425,7398,0.0,0.0,0.0,0.0,0.0,0.0,0.0,0.0,0,0,0
1756703425,7399,0.0,0.0,-0.05,0.0,0.0,0.0,0.0,0.0,0,0,0
1756703425,7400,0.0,0.0,0.0,0.0,0.0,0.0,0.0,0.0,0,0,0
1756703425,7401,0.0,0.0,-0.05,0.0,0.0,0.0,0.0,0.0,0,0,0
1756703425,7402,0.0,0.0,0.0,0.0,0.0,0.0,0.0,0.0,0,0,0
1756703425,7403,0.03,0.0,0.0,0.0,0.0,0.0,0.0,0.0,0,0,0
1756703425,7404,0.0,0.0,-0.02,0.0,0.0,0.0,0.0,0.0,0,0,0
1756703425,7405,0.01,0.0,0.0,0.0,0.0,0.0,0.0,0.0,0,0,0
1756703425,7406,0.01,0.0,-0.01,0.0,0.0,0.0,0.0,0.0,0,0,0
1756703425,7407,0.02,0.0,-0.03,0.0,0.0,0.0,0.0,0.0,0,0,0
1756703425,7408,0.02,0.0,-0.03,0.0,0.0,0.0,0.0,0.0,0,0,0
1756703425,7409,0.0,0.0,0.0,0.0,0.0,0.0,0.0,0.0,0,0,0
1756703425,7410,0.0,0.0,-0.01,0.0,0.0,0.0,0.0,0.0,0,0,0
1756703425,7411,0.01,0.0,0.0,0.0,0.0,0.0,0.0,0.0,0,0,0
1756703425,7412,0.02,0.0,0.03,0.0,0.0,0.0,0.0,0.0,0,0,0
1756703425,7413,0.05,0.0,0.0,0.0,0.0,0.0,0.0,0.0,0,0,0
1756703425,7414,0.0,0.0,-0.01,0.0,0.0,0.0,0.0,0.0,0,0,0
1756703425,7415,0.0,0.0,0.0,0.0,0.0,0.0,0.0,0.0,0,0,0
1756703425,7416,0.0,0.0,0.0,0.0,0.0,0.0,0.0,0.0,0,0,0
1756703425,7417,0.0,0.0,0.0,0.0,0.0,0.0,0.0,0.0,0,0,0
1756703426,7418,0.03,0.0,0.0,0.0,0.0,0.0,0.0,0.0,0,0,0
1756703426,7419,0.0,0.0,-0.02,0.0,0.0,0.0,0.0,0.0,0,0,0
1756703426,7420,0.01,0.0,-0.05,0.0,0.0,0.0,0.0,0.0,0,0,0
1756703426,7421,0.0,0.0,-0.02,0.0,0.0,0.0,0.0,0.0,0,0,0
1756703426,7422,0.0,0.0,-0.05,0.0,0.0,0.0,0.0,0.0,0,0,0
1756703426,7423,0.01,0.0,0.0,0.0,0.0,0.0,0.0,0.0,0,0,0
1756703426,7424,0.0,0.0,0.0,0.0,0.0,0.0,0.0,0.0,0,0,0
1756703426,7425,0.03,0.0,0.0,0.0,0.0,0.0,0.0,0.0,0,0,0
1756703426,7426,0.0,0.0,-0.01,0.0,0.0,0.0,0.0,0.0,0,0,0
1756703426,7427,-0.05,0.0,-0.09,0.0,0.0,0.0,0.0,0.0,0,0,0
1756703426,7428,0.0,0.0,-0.03,0.0,0.0,0.0,0.0,0.0,0,0,0
1756703426,7429,0.0,0.0,0.0,0.0,0.0,0.0,0.0,0.0,0,0,0
1756703426,7430,0.02,0.0,0.0,0.0,0.0,0.0,0.0,0.0,0,0,0
1756703426,7431,-0.01,0.0,0.01,0.0,0.0,0.0,0.0,0.0,0,0,0
1756703426,7432,0.02,0.0,0.0,0.0,0.0,0.0,0.0,0.0,0,0,0
1756703426,7433,0.0,0.0,-0.01,0.0,0.0,0.0,0.0,0.0,0,0,0
1756703426,7434,0.05,0.0,0.0,0.0,0.0,0.0,0.0,0.0,0,0,0
1756703426,7435,0.01,0.0,0.0,0.0,0.0,0.0,0.0,0.0,0,0,0
1756703426,7436,0.0,0.0,0.0,0.0,0.0,0.0,0.0,0.0,0,0,0
1756703426,7437,0.01,0.0,-0.05,0.0,0.0,0.0,0.0,0.0,0,0,0
1756703426,7438,0.01,0.0,-0.03,0.0,0.0,0.0,0.0,0.0,0,0,0
1756703426,7439,0.01,0.0,0.0,0.0,0.0,0.0,0.0,0.0,0,0,0
1756703426,7440,0.01,0.0,0.0,0.0,0.0,0.0,0.0,0.0,0,0,0
1756703426,7441,-0.02,0.0,-0.01,0.0,0.0,0.0,0.0,0.0,0,0,0
1756703426,7442,0.05,0.0,-0.02,0.0,0.0,0.0,0.0,0.0,0,0,0
1756703426,7443,0.01,0.0,-0.01,0.0,0.0,0.0,0.0,0.0,0,0,0
1756703426,7444,0.1,0.0,-0.01,0.0,0.0,0.0,0.0,0.0,0,0,0
1756703426,7445,0.07,0.0,-0.03,0.0,0.0,0.0,0.0,0.0,0,0,0
1756703426,7446,0.05,0.0,-0.01,0.0,0.0,0.0,0.0,0.0,0,0,0
1756703426,7447,0.05,0.0,0.0,0.0,0.0,0.0,0.0,0.0,0,0,0
1756703426,7448,0.0,0.0,0.0,0.0,0.0,0.0,0.0,0.0,0,0,0
1756703426,7449,0.05,0.0,-0.01,0.0,0.0,0.0,0.0,0.0,0,0,0
1756703426,7450,0.0,0.0,-0.07,0.0,0.0,0.0,0.0,0.0,0,0,0
1756703426,7451,-0.03,0.0,0.0,0.0,0.0,0.0,0.0,0.0,0,0,0
1756703426,7452,0.0,0.0,-0.01,0.0,0.0,0.0,0.0,0.0,0,0,0
1756703426,7453,-0.05,0.0,0.0,0.0,0.0,0.0,0.0,0.0,0,0,0
1756703426,7454,0.0,0.0,0.0,0.0,0.0,0.0,0.0,0.0,0,0,0
1756703426,7455,-0.01,0.0,-0.02,0.0,0.0,0.0,0.0,0.0,0,0,0
1756703426,7456,0.0,0.0,0.0,0.0,0.0,0.0,0.0,0.0,0,0,0
1756703426,7457,0.01,0.0,-0.03,0.0,0.0,0.0,0.0,0.0,0,0,0
1756703426,7458,0.03,0.0,-0.03,0.0,0.0,0.0,0.0,0.0,0,0,0
1756703426,7459,0.01,0.0,0.0,0.0,0.0,0.0,0.0,0.0,0,0,0
1756703426,7460,0.01,0.0,-0.03,0.0,0.0,0.0,0.0,0.0,0,0,0
1756703426,7461,0.0,0.0,0.0,0.0,0.0,0.0,0.0,0.0,0,0,0
1756703426,7462,-0.02,0.0,0.0,0.0,0.0,0.0,0.0,0.0,0,0,0
1756703426,7463,0.0,0.0,-0.07,0.0,0.0,0.0,0.0,0.0,0,0,0
1756703426,7464,0.01,0.0,0.0,0.0,0.0,0.0,0.0,0.0,0,0,0
1756703426,7465,0.01,0.0,-0.01,0.0,0.0,0.0,0.0,0.0,0,0,0
1756703426,7466,0.05,0.0,-0.02,0.0,0.0,0.0,0.0,0.0,0,0,0
1756703426,7467,0.0,0.0,0.0,0.0,0.0,0.0,0.0,0.0,0,0,0
1756703426,7468,0.0,0.0,0.0,0.0,0.0,0.0,0.0,0.0,0,0,0
1756703426,7469,0.0,0.0,0.0,0.0,0.0,0.0,0.0,0.0,0,0,0
1756703426,7470,0.0,0.0,-0.01,0.0,0.0,0.0,0.0,0.0,0,0,0
1756703426,7471,0.0,0.0,-0.01,0.0,0.0,0.0,0.0,0.0,0,0,0
1756703426,7472,0.01,0.0,0.0,0.0,0.0,0.0,0.0,0.0,0,0,0
1756703426,7473,0.03,0.0,0.0,0.0,0.0,0.0,0.0,0.0,0,0,0
1756703426,7474,-0.03,0.0,-0.02,0.0,0.0,0.0,0.0,0.0,0,0,0
1756703426,7475,0.0,0.0,0.0,0.0,0.0,0.0,0.0,0.0,0,0,0
1756703426,7476,0.01,0.0,-0.01,0.0,0.0,0.0,0.0,0.0,0,0,0
1756703426,7477,0.0,0.0,-0.05,0.0,0.0,0.0,0.0,0.0,0,0,0
1756703426,7478,0.05,0.0,0.09,0.0,0.0,0.0,0.0,0.0,0,0,0
1756703426,7479,-0.01,0.0,-0.02,0.0,0.0,0.0,0.0,0.0,0,0,0
1756703426,7480,0.0,0.0,0.05,0.0,0.0,0.0,0.0,0.0,0,0,0
1756703426,7481,0.03,0.0,0.0,0.0,0.0,0.0,0.0,0.0,0,0,0
1756703426,7482,0.0,0.0,-0.03,0.0,0.0,0.0,0.0,0.0,0,0,0
1756703427,7483,0.03,0.0,0.0,0.0,0.0,0.0,0.0,0.0,0,0,0
1756703427,7484,0.03,0.0,0.0,0.0,0.0,0.0,0.0,0.0,0,0,0
1756703427,7485,0.0,0.0,-0.07,0.0,0.0,0.0,0.0,0.0,0,0,0
1756703427,7486,0.0,0.0,-0.03,0.0,0.0,0.0,0.0,0.0,0,0,0
1756703427,7487,0.0,0.0,0.0,0.0,0.0,0.0,0.0,0.0,0,0,0
1756703427,7488,0.02,0.0,0.0,0.0,0.0,0.0,0.0,0.0,0,0,0
1756703427,7489,0.07,0.0,0.0,0.0,0.0,0.0,0.0,0.0,0,0,0
1756703427,7490,0.0,0.0,-0.01,0.0,0.0,0.0,0.0,0.0,0,0,0
1756703427,7491,0.02,0.0,-0.01,0.0,0.0,0.0,0.0,0.0,0,0,0
1756703427,7492,0.0,0.0,-0.05,0.0,0.0,0.0,0.0,0.0,0,0,0
1756703427,7493,0.01,0.0,0.0,0.0,0.0,0.0,0.0,0.0,0,0,0
1756703427,7494,0.05,0.0,-0.01,0.0,0.0,0.0,0.0,0.0,0,0,0
1756703427,7495,0.02,0.0,0.0,0.0,0.0,0.0,0.0,0.0,0,0,0
1756703427,7496,0.0,0.0,0.02,0.0,0.0,0.0,0.0,0.0,0,0,0
1756703427,7497,0.02,0.0,-0.05,0.0,0.0,0.0,0.0,0.0,0,0,0
1756703427,7498,-0.01,0.0,0.05,0.0,0.0,0.0,0.0,0.0,0,0,0
1756703427,7499,0.01,0.0,-0.01,0.0,0.0,0.0,0.0,0.0,0,0,0
1756703427,7500,-0.01,0.0,0.0,0.0,0.0,0.0,0.0,0.0,0,0,0
1756703427,7501,0.0,0.0,-0.01,0.0,0.0,0.0,0.0,0.0,0,0,0
1756703427,7502,0.0,0.0,0.0,0.0,0.0,0.0,0.0,0.0,0,0,0
1756703427,7503,0.05,0.0,-0.01,0.0,0.0,0.0,0.0,0.0,0,0,0
1756703427,7504,0.09,0.0,0.0,0.0,0.0,0.0,0.0,0.0,0,0,0
1756703427,7505,0.0,0.0,-0.05,0.0,0.0,0.0,0.0,0.0,0,0,0
1756703427,7506,-0.05,0.0,-0.05,0.0,0.0,0.0,0.0,0.0,0,0,0
1756703427,7507,0.0,0.0,0.0,0.0,0.0,0.0,0.0,0.0,0,0,0
1756703427,7508,0.01,0.0,0.0,0.0,0.0,0.0,0.0,0.0,0,0,0
1756703427,7509,0.01,0.0,-0.01,0.0,0.0,0.0,0.0,0.0,0,0,0
1756703427,7510,0.02,0.0,0.0,0.0,0.0,0.0,0.0,0.0,0,0,0
1756703427,7511,0.01,0.0,0.0,0.0,0.0,0.0,0.0,0.0,0,0,0
1756703427,7512,0.03,0.0,0.0,0.0,0.0,0.0,0.0,0.0,0,0,0
1756703427,7513,0.02,0.0,-0.01,0.0,0.0,0.0,0.0,0.0,0,0,0
1756703427,7514,0.05,0.0,-0.03,0.0,0.0,0.0,0.0,0.0,0,0,0
1756703427,7515,-0.02,0.0,0.05,0.0,0.0,0.0,0.0,0.0,0,0,0
1756703427,7516,-0.03,0.0,-0.05,0.0,0.0,0.0,0.0,0.0,0,0,0
1756703427,7517,0.01,0.0,0.0,0.0,0.0,0.0,0.0,0.0,0,0,0
1756703427,7518,-0.05,0.0,0.05,0.0,0.0,0.0,0.0,0.0,0,0,0
1756703427,7519,0.01,0.0,0.0,0.0,0.0,0.0,0.0,0.0,0,0,0
1756703427,7520,0.02,0.0,0.0,0.0,0.0,0.0,0.0,0.0,0,0,0
1756703427,7521,0.0,0.0,0.0,0.0,0.0,0.0,0.0,0.0,0,0,0
1756703427,7522,0.01,0.0,-0.02,0.0,0.0,0.0,0.0,0.0,0,0,0
1756703427,7523,0.02,0.0,-0.01,0.0,0.0,0.0,0.0,0.0,0,0,0
1756703427,7524,0.01,0.0,-0.01,0.0,0.0,0.0,0.0,0.0,0,0,0
1756703427,7525,0.0,0.0,0.0,0.0,0.0,0.0,0.0,0.0,0,0,0
1756703427,7526,0.0,0.0,-0.03,0.0,0.0,0.0,0.0,0.0,0,0,0
1756703427,7527,0.02,0.0,-0.01,0.0,0.0,0.0,0.0,0.0,0,0,0
1756703427,7528,0.07,0.0,-0.01,0.0,0.0,0.0,0.0,0.0,0,0,0
1756703427,7529,0.05,0.0,-0.01,0.0,0.0,0.0,0.0,0.0,0,0,0
1756703427,7530,0.0,0.0,0.0,0.0,0.0,0.0,0.0,0.0,0,0,0
1756703427,7531,0.01,0.0,0.0,0.0,0.0,0.0,0.0,0.0,0,0,0
1756703427,7532,-0.02,0.0,0.0,0.0,0.0,0.0,0.0,0.0,0,0,0
1756703427,7533,0.05,0.0,0.01,0.0,0.0,0.0,0.0,0.0,0,0,0
1756703427,7534,0.0,0.0,-0.05,0.0,0.0,0.0,0.0,0.0,0,0,0
1756703427,7535,-0.05,0.0,0.01,0.0,0.0,0.0,0.0,0.0,0,0,0
1756703427,7536,0.05,0.0,0.0,0.0,0.0,0.0,0.0,0.0,0,0,0
1756703427,7537,0.01,0.0,-0.01,0.0,0.0,0.0,0.0,0.0,0,0,0
1756703427,7538,0.0,0.0,-0.05,0.0,0.0,0.0,0.0,0.0,0,0,0
1756703427,7539,0.0,0.0,0.07,0.0,0.0,0.0,0.0,0.0,0,0,0
1756703427,7540,0.05,0.0,0.0,0.0,0.0,0.0,0.0,0.0,0,0,0
1756703427,7541,0.05,0.0,-0.07,0.0,0.0,0.0,0.0,0.0,0,0,0
1756703427,7542,-0.01,0.0,-0.12,0.0,0.0,0.0,0.0,0.0,0,0,0
1756703427,7543,0.0,0.0,-0.01,0.0,0.0,0.0,0.0,0.0,0,0,0
1756703427,7544,0.0,0.0,-0.05,0.0,0.0,0.0,0.0,0.0,0,0,0
1756703427,7545,0.01,0.0,-0.1,0.0,0.0,0.0,0.0,0.0,0,0,0
1756703427,7546,0.03,0.0,-0.01,0.0,0.0,0.0,0.0,0.0,0,0,0
1756703428,7547,0.02,0.0,0.1,0.0,0.0,0.0,0.0,0.0,0,0,0
1756703428,7548,0.0,0.0,-0.05,0.0,0.0,0.0,0.0,0.0,0,0,0
1756703428,7549,0.0,0.0,0.0,0.0,0.0,0.0,0.0,0.0,0,0,0
1756703428,7550,-0.01,0.0,-0.02,0.0,0.0,0.0,0.0,0.0,0,0,0
1756703428,7551,0.05,0.0,-0.02,0.0,0.0,0.0,0.0,0.0,0,0,0
1756703428,7552,0.0,0.0,0.0,0.0,0.0,0.0,0.0,0.0,0,0,0
1756703428,7553,0.01,0.0,-0.05,0.0,0.0,0.0,0.0,0.0,0,0,0
1756703428,7554,0.0,0.0,-0.15,0.0,0.0,0.0,0.0,0.0,0,0,0
1756703428,7555,0.0,0.0,-0.05,0.0,0.0,0.0,0.0,0.0,0,0,0
1756703428,7556,0.0,0.0,0.0,0.0,0.0,0.0,0.0,0.0,0,0,0
1756703428,7557,-0.02,0.0,-0.03,0.0,0.0,0.0,0.0,0.0,0,0,0
1756703428,7558,-0.03,0.0,0.01,0.0,0.0,0.0,0.0,0.0,0,0,0
1756703428,7559,0.11,0.0,0.0,0.0,0.0,0.0,0.0,0.0,0,0,0
1756703428,7560,0.15,0.0,-0.01,0.0,0.0,0.0,0.0,0.0,0,0,0
1756703428,7561,0.05,0.0,-0.01,0.0,0.0,0.0,0.0,0.0,0,0,0
1756703428,7562,0.0,0.0,0.0,0.0,0.0,0.0,0.0,0.0,0,0,0
1756703428,7563,-0.02,0.0,0.0,0.0,0.0,0.0,0.0,0.0,0,0,0
1756703428,7564,-0.12,0.0,0.0,0.0,0.0,0.0,0.0,0.0,0,0,0
1756703428,7565,-0.07,0.0,0.0,0.0,0.0,0.0,0.0,0.0,0,0,0
1756703428,7566,0.05,0.0,0.0,0.0,0.0,0.0,0.0,0.0,0,0,0
1756703428,7567,0.07,0.0,0.0,0.0,0.0,0.0,0.0,0.0,0,0,0
1756703428,7568,0.0,0.0,0.01,0.0,0.0,0.0,0.0,0.0,0,0,0
1756703428,7569,0.02,0.0,0.0,0.0,0.0,0.0,0.0,0.0,0,0,0
1756703428,7570,0.01,0.0,-0.01,0.0,0.0,0.0,0.0,0.0,0,0,0
1756703428,7571,0.01,0.0,0.0,0.0,0.0,0.0,0.0,0.0,0,0,0
1756703428,7572,0.0,0.0,0.0,0.0,0.0,0.0,0.0,0.0,0,0,0
1756703428,7573,0.02,0.0,-0.05,0.0,0.0,0.0,0.0,0.0,0,0,0
1756703428,7574,-0.01,0.0,0.0,0.0,0.0,0.0,0.0,0.0,0,0,0
1756703428,7575,0.02,0.0,0.0,0.0,0.0,0.0,0.0,0.0,0,0,0
1756703428,7576,-0.01,0.0,0.0,0.0,0.0,0.0,0.0,0.0,0,0,0
1756703428,7577,0.03,0.0,-0.01,0.0,0.0,0.0,0.0,0.0,0,0,0
1756703428,7578,0.0,0.0,-0.07,0.0,0.0,0.0,0.0,0.0,0,0,0
1756703428,7579,0.0,0.0,0.05,0.0,0.0,0.0,0.0,0.0,0,0,0
1756703428,7580,0.0,0.0,0.01,0.0,0.0,0.0,0.0,0.0,0,0,0
1756703428,7581,0.03,0.0,-0.03,0.0,0.0,0.0,0.0,0.0,0,0,0
1756703428,7582,-0.01,0.0,-0.01,0.0,0.0,0.0,0.0,0.0,0,0,0
1756703428,7583,0.0,0.0,-0.02,0.0,0.0,0.0,0.0,0.0,0,0,0
1756703428,7584,0.0,0.0,0.0,0.0,0.0,0.0,0.0,0.0,0,0,0
1756703428,7585,0.02,0.0,-0.03,0.0,0.0,0.0,0.0,0.0,0,0,0
1756703428,7586,0.05,0.0,-0.05,0.0,0.0,0.0,0.0,0.0,0,0,0
1756703428,7587,0.0,0.0,0.0,0.0,0.0,0.0,0.0,0.0,0,0,0
1756703428,7588,0.03,0.0,-0.02,0.0,0.0,0.0,0.0,0.0,0,0,0
1756703428,7589,0.01,0.0,0.0,0.0,0.0,0.0,0.0,0.0,0,0,0
1756703428,7590,-0.02,0.0,-0.02,0.0,0.0,0.0,0.0,0.0,0,0,0
1756703428,7591,0.01,0.0,0.03,0.0,0.0,0.0,0.0,0.0,0,0,0
1756703428,7592,-0.01,0.0,0.0,0.0,0.0,0.0,0.0,0.0,0,0,0
1756703428,7593,0.03,0.0,0.0,0.0,0.0,0.0,0.0,0.0,0,0,0
1756703428,7594,0.01,0.0,0.01,0.0,0.0,0.0,0.0,0.0,0,0,0
1756703428,7595,0.0,0.0,0.0,0.0,0.0,0.0,0.0,0.0,0,0,0
1756703428,7596,0.01,0.0,0.0,0.0,0.0,0.0,0.0,0.0,0,0,0
1756703428,7597,0.02,0.0,0.0,0.0,0.0,0.0,0.0,0.0,0,0,0
1756703428,7598,0.02,0.0,-0.05,0.0,0.0,0.0,0.0,0.0,0,0,0
1756703428,7599,0.02,0.0,-0.07,0.0,0.0,0.0,0.0,0.0,0,0,0
1756703428,7600,0.01,0.0,-0.03,0.0,0.0,0.0,0.0,0.0,0,0,0
1756703428,7601,-0.05,0.0,-0.01,0.0,0.0,0.0,0.0,0.0,0,0,0
1756703428,7602,-0.05,0.0,0.0,0.0,0.0,0.0,0.0,0.0,0,0,0
1756703428,7603,-0.01,0.0,-0.05,0.0,0.0,0.0,0.0,0.0,0,0,0
1756703428,7604,0.0,0.0,-0.05,0.0,0.0,0.0,0.0,0.0,0,0,0
1756703428,7605,0.05,0.0,-0.01,0.0,0.0,0.0,0.0,0.0,0,0,0
1756703428,7606,0.07,0.0,-0.01,0.0,0.0,0.0,0.0,0.0,0,0,0
1756703428,7607,0.05,0.0,0.0,0.0,0.0,0.0,0.0,0.0,0,0,0
1756703428,7608,0.1,0.0,-0.07,0.0,0.0,0.0,0.0,0.0,0,0,0
1756703428,7609,0.05,0.0,-0.02,0.0,0.0,0.0,0.0,0.0,0,0,0
1756703429,7610,-0.05,0.0,0.0,0.0,0.0,0.0,0.0,0.0,0,0,0
1756703429,7611,-0.05,0.0,0.0,0.0,0.0,0.0,0.0,0.0,0,0,0
1756703429,7612,0.0,0.0,0.02,0.0,0.0,0.0,0.0,0.0,0,0,0
1756703429,7613,-0.01,0.0,-0.01,0.0,0.0,0.0,0.0,0.0,0,0,0
1756703429,7614,0.03,0.0,-0.01,0.0,0.0,0.0,0.0,0.0,0,0,0
1756703429,7615,0.0,0.0,0.0,0.0,0.0,0.0,0.0,0.0,0,0,0
1756703429,7616,0.01,0.0,-0.01,0.0,0.0,0.0,0.0,0.0,0,0,0
1756703429,7617,0.03,0.0,-0.02,0.0,0.0,0.0,0.0,0.0,0,0,0
1756703429,7618,0.0,0.0,0.0,0.0,0.0,0.0,0.0,0.0,0,0,0
1756703429,7619,0.0,0.0,-0.01,0.0,0.0,0.0,0.0,0.0,0,0,0
1756703429,7620,0.0,0.0,0.0,0.0,0.0,0.0,0.0,0.0,0,0,0
1756703429,7621,0.02,0.0,0.0,0.0,0.0,0.0,0.0,0.0,0,0,0
1756703429,7622,0.0,0.0,-0.02,0.0,0.0,0.0,0.0,0.0,0,0,0
1756703429,7623,0.02,0.0,0.0,0.0,0.0,0.0,0.0,0.0,0,0,0
1756703429,7624,0.0,0.0,-0.01,0.0,0.0,0.0,0.0,0.0,0,0,0
1756703429,7625,0.03,0.0,0.0,0.0,0.0,0.0,0.0,0.0,0,0,0
1756703429,7626,0.0,0.0,-0.03,0.0,0.0,0.0,0.0,0.0,0,0,0
1756703429,7627,0.05,0.0,-0.01,0.0,0.0,0.0,0.0,0.0,0,0,0
1756703429,7628,0.01,0.0,-0.01,0.0,0.0,0.0,0.0,0.0,0,0,0
1756703429,7629,-0.02,0.0,-0.05,0.0,0.0,0.0,0.0,0.0,0,0,0
1756703429,7630,-0.01,0.0,0.01,0.0,0.0,0.0,0.0,0.0,0,0,0
1756703429,7631,0.02,0.0,-0.07,0.0,0.0,0.0,0.0,0.0,0,0,0
1756703429,7632,0.0,0.0,-0.01,0.0,0.0,0.0,0.0,0.0,0,0,0
1756703429,7633,0.0,0.0,-0.01,0.0,0.0,0.0,0.0,0.0,0,0,0
1756703429,7634,0.07,0.0,-0.05,0.0,0.0,0.0,0.0,0.0,0,0,0
1756703429,7635,0.0,0.0,-0.01,0.0,0.0,0.0,0.0,0.0,0,0,0
1756703429,7636,0.02,0.0,-0.02,0.0,0.0,0.0,0.0,0.0,0,0,0
1756703429,7637,0.03,0.0,0.0,0.0,0.0,0.0,0.0,0.0,0,0,0
1756703429,7638,0.0,0.0,-0.02,0.0,0.0,0.0,0.0,0.0,0,0,0
1756703429,7639,0.01,0.0,-0.03,0.0,0.0,0.0,0.0,0.0,0,0,0
1756703429,7640,0.0,0.0,-0.02,0.0,0.0,0.0,0.0,0.0,0,0,0
1756703429,7641,0.0,0.0,-0.02,0.0,0.0,0.0,0.0,0.0,0,0,0
1756703429,7642,0.0,0.0,-0.05,0.0,0.0,0.0,0.0,0.0,0,0,0
1756703429,7643,0.03,0.0,-0.02,0.0,0.0,0.0,0.0,0.0,0,0,0
1756703429,7644,0.07,0.0,-0.01,0.0,0.0,0.0,0.0,0.0,0,0,0
1756703429,7645,0.0,0.0,-0.01,0.0,0.0,0.0,0.0,0.0,0,0,0
1756703429,7646,0.05,0.0,-0.03,0.0,0.0,0.0,0.0,0.0,0,0,0
1756703429,7647,0.0,0.0,-0.01,0.0,0.0,0.0,0.0,0.0,0,0,0
1756703429,7648,0.05,0.0,-0.03,0.0,0.0,0.0,0.0,0.0,0,0,0
1756703429,7649,0.01,0.0,-0.01,0.0,0.0,0.0,0.0,0.0,0,0,0
1756703429,7650,0.01,0.0,-0.05,0.0,0.0,0.0,0.0,0.0,0,0,0
1756703429,7651,0.0,0.0,-0.01,0.0,0.0,0.0,0.0,0.0,0,0,0
1756703429,7652,0.02,0.0,-0.01,0.0,0.0,0.0,0.0,0.0,0,0,0
1756703429,7653,0.0,0.0,-0.02,0.0,0.0,0.0,0.0,0.0,0,0,0
1756703429,7654,-0.01,0.0,-0.02,0.0,0.0,0.0,0.0,0.0,0,0,0
1756703429,7655,-0.02,0.0,-0.02,0.0,0.0,0.0,0.0,0.0,0,0,0
1756703429,7656,0.0,0.0,0.0,0.0,0.0,0.0,0.0,0.0,0,0,0
1756703429,7657,-0.09,0.0,0.0,0.0,0.0,0.0,0.0,0.0,0,0,0
1756703429,7658,0.0,0.0,-0.02,0.0,0.0,0.0,0.0,0.0,0,0,0
1756703429,7659,0.09,0.0,-0.02,0.0,0.0,0.0,0.0,0.0,0,0,0
1756703429,7660,0.05,0.0,0.0,0.0,0.0,0.0,0.0,0.0,0,0,0
1756703429,7661,0.0,0.0,-0.03,0.0,0.0,0.0,0.0,0.0,0,0,0
1756703429,7662,0.02,0.0,0.0,0.0,0.0,0.0,0.0,0.0,0,0,0
1756703429,7663,0.01,0.0,0.0,0.0,0.0,0.0,0.0,0.0,0,0,0
1756703429,7664,0.02,0.0,-0.02,0.0,0.0,0.0,0.0,0.0,0,0,0
1756703429,7665,0.03,0.0,0.0,0.0,0.0,0.0,0.0,0.0,0,0,0
1756703429,7666,0.02,0.0,-0.02,0.0,0.0,0.0,0.0,0.0,0,0,0
1756703429,7667,0.05,0.0,0.0,0.0,0.0,0.0,0.0,0.0,0,0,0
1756703429,7668,0.05,0.0,-0.07,0.0,0.0,0.0,0.0,0.0,0,0,0
1756703429,7669,0.0,0.0,0.0,0.0,0.0,0.0,0.0,0.0,0,0,0
1756703429,7670,0.03,0.0,0.0,0.0,0.0,0.0,0.0,0.0,0,0,0
1756703429,7671,0.02,0.0,-0.05,0.0,0.0,0.0,0.0,0.0,0,0,0
1756703429,7672,0.01,0.0,-0.02,0.0,0.0,0.0,0.0,0.0,0,0,0
1756703429,7673,-0.05,0.0,0.0,0.0,0.0,0.0,0.0,0.0,0,0,0
1756703429,7674,0.0,0.0,0.0,0.0,0.0,0.0,0.0,0.0,0,0,0
1756703429,7675,0.0,0.0,-0.01,0.0,0.0,0.0,0.0,0.0,0,0,0
1756703429,7676,0.0,0.0,0.0,0.0,0.0,0.0,0.0,0.0,0,0,0
1756703429,7677,-0.1,0.0,0.0,0.0,0.0,0.0,0.0,0.0,0,0,0
1756703429,7678,0.03,0.0,-0.02,0.0,0.0,0.0,0.0,0.0,0,0,0
1756703429,7679,0.0,0.0,-0.03,0.0,0.0,0.0,0.0,0.0,0,0,0
1756703430,7680,0.07,0.0,-0.05,0.0,0.0,0.0,0.0,0.0,0,0,0
1756703430,7681,0.01,0.0,0.0,0.0,0.0,0.0,0.0,0.0,0,0,0
1756703430,7682,0.0,0.0,-0.01,0.0,0.0,0.0,0.0,0.0,0,0,0
1756703430,7683,0.0,0.0,-0.03,0.0,0.0,0.0,0.0,0.0,0,0,0
1756703430,7684,0.0,0.0,0.0,0.0,0.0,0.0,0.0,0.0,0,0,0
1756703430,7685,0.0,0.0,-0.01,0.0,0.0,0.0,0.0,0.0,0,0,0
1756703430,7686,0.02,0.0,-0.05,0.0,0.0,0.0,0.0,0.0,0,0,0
1756703430,7687,0.03,0.0,0.0,0.0,0.0,0.0,0.0,0.0,0,0,0
1756703430,7688,0.0,0.0,-0.02,0.0,0.0,0.0,0.0,0.0,0,0,0
1756703430,7689,0.02,0.0,0.0,0.0,0.0,0.0,0.0,0.0,0,0,0
1756703430,7690,0.0,0.0,-0.02,0.0,0.0,0.0,0.0,0.0,0,0,0
1756703430,7691,0.0,0.0,0.0,0.0,0.0,0.0,0.0,0.0,0,0,0
1756703430,7692,-0.1,0.0,0.0,0.0,0.0,0.0,0.0,0.0,0,0,0
1756703430,7693,-0.01,0.0,-0.01,0.0,0.0,0.0,0.0,0.0,0,0,0
1756703430,7694,0.0,0.0,0.0,0.0,0.0,0.0,0.0,0.0,0,0,0
1756703430,7695,0.05,0.0,0.0,0.0,0.0,0.0,0.0,0.0,0,0,0
1756703430,7696,0.02,0.0,-0.03,0.0,0.0,0.0,0.0,0.0,0,0,0
1756703430,7697,0.0,0.0,-0.05,0.0,0.0,0.0,0.0,0.0,0,0,0
1756703430,7698,0.02,0.0,0.0,0.0,0.0,0.0,0.0,0.0,0,0,0
1756703430,7699,0.07,0.0,-0.05,0.0,0.0,0.0,0.0,0.0,0,0,0
1756703430,7700,-0.01,0.0,-0.09,0.0,0.0,0.0,0.0,0.0,0,0,0
1756703430,7701,0.0,0.0,-0.01,0.0,0.0,0.0,0.0,0.0,0,0,0
1756703430,7702,0.01,0.0,0.0,0.0,0.0,0.0,0.0,0.0,0,0,0
1756703430,7703,0.0,0.0,0.0,0.0,0.0,0.0,0.0,0.0,0,0,0
1756703430,7704,0.0,0.0,-0.01,0.0,0.0,0.0,0.0,0.0,0,0,0
1756703430,7705,0.0,0.0,-0.01,0.0,0.0,0.0,0.0,0.0,0,0,0
1756703430,7706,0.0,0.0,-0.03,0.0,0.0,0.0,0.0,0.0,0,0,0
1756703430,7707,0.03,0.0,-0.07,0.0,0.0,0.0,0.0,0.0,0,0,0
1756703430,7708,0.03,0.0,-0.01,0.0,0.0,0.0,0.0,0.0,0,0,0
1756703430,7709,0.07,0.0,-0.01,0.0,0.0,0.0,0.0,0.0,0,0,0
1756703430,7710,0.0,0.0,-0.03,0.0,0.0,0.0,0.0,0.0,0,0,0
1756703430,7711,0.01,0.0,-0.02,0.0,0.0,0.0,0.0,0.0,0,0,0
1756703430,7712,0.0,0.0,-0.02,0.0,0.0,0.0,0.0,0.0,0,0,0
1756703430,7713,0.0,0.0,0.0,0.0,0.0,0.0,0.0,0.0,0,0,0
1756703430,7714,0.05,0.0,-0.01,0.0,0.0,0.0,0.0,0.0,0,0,0
1756703430,7715,0.01,0.0,0.05,0.0,0.0,0.0,0.0,0.0,0,0,0
1756703430,7716,-0.01,0.0,0.0,0.0,0.0,0.0,0.0,0.0,0,0,0
1756703430,7717,0.05,0.0,-0.02,0.0,0.0,0.0,0.0,0.0,0,0,0
1756703430,7718,0.01,0.0,0.0,0.0,0.0,0.0,0.0,0.0,0,0,0
1756703430,7719,0.02,0.0,0.0,0.0,0.0,0.0,0.0,0.0,0,0,0
1756703430,7720,0.02,0.0,-0.02,0.0,0.0,0.0,0.0,0.0,0,0,0
1756703430,7721,0.0,0.0,-0.03,0.0,0.0,0.0,0.0,0.0,0,0,0
1756703430,7722,0.01,0.0,0.05,0.0,0.0,0.0,0.0,0.0,0,0,0
1756703430,7723,0.0,0.0,-0.1,0.0,0.0,0.0,0.0,0.0,0,0,0
1756703430,7724,0.01,0.0,-0.03,0.0,0.0,0.0,0.0,0.0,0,0,0
1756703430,7725,0.03,0.0,-0.05,0.0,0.0,0.0,0.0,0.0,0,0,0
1756703430,7726,0.0,0.0,0.07,0.0,0.0,0.0,0.0,0.0,0,0,0
1756703430,7727,0.0,0.0,0.0,0.0,0.0,0.0,0.0,0.0,0,0,0
1756703430,7728,0.05,0.0,-0.03,0.0,0.0,0.0,0.0,0.0,0,0,0
1756703430,7729,0.0,0.0,0.0,0.0,0.0,0.0,0.0,0.0,0,0,0
1756703430,7730,0.0,0.0,-0.03,0.0,0.0,0.0,0.0,0.0,0,0,0
1756703430,7731,0.0,0.0,0.0,0.0,0.0,0.0,0.0,0.0,0,0,0
1756703430,7732,0.01,0.0,-0.01,0.0,0.0,0.0,0.0,0.0,0,0,0
1756703430,7733,0.01,0.0,-0.03,0.0,0.0,0.0,0.0,0.0,0,0,0
1756703430,7734,0.0,0.0,-0.07,0.0,0.0,0.0,0.0,0.0,0,0,0
1756703430,7735,0.0,0.0,-0.07,0.0,0.0,0.0,0.0,0.0,0,0,0
1756703430,7736,0.0,0.0,0.0,0.0,0.0,0.0,0.0,0.0,0,0,0
1756703430,7737,0.0,0.0,0.03,0.0,0.0,0.0,0.0,0.0,0,0,0
1756703430,7738,0.01,0.0,0.05,0.0,0.0,0.0,0.0,0.0,0,0,0
1756703430,7739,0.1,0.0,0.0,0.0,0.0,0.0,0.0,0.0,0,0,0
1756703430,7740,0.01,0.0,-0.07,0.0,0.0,0.0,0.0,0.0,0,0,0
1756703430,7741,-0.02,0.0,-0.01,0.0,0.0,0.0,0.0,0.0,0,0,0
1756703430,7742,0.0,0.0,-0.05,0.0,0.0,0.0,0.0,0.0,0,0,0
1756703430,7743,0.0,0.0,0.0,0.0,0.0,0.0,0.0,0.0,0,0,0
1756703430,7744,0.01,0.0,-0.05,0.0,0.0,0.0,0.0,0.0,0,0,0
1756703430,7745,0.05,0.0,0.0,0.0,0.0,0.0,0.0,0.0,0,0,0
1756703431,7746,0.0,0.0,-0.01,0.0,0.0,0.0,0.0,0.0,0,0,0
1756703431,7747,0.0,0.0,-0.01,0.0,0.0,0.0,0.0,0.0,0,0,0
1756703431,7748,-0.01,0.0,0.0,0.0,0.0,0.0,0.0,0.0,0,0,0
1756703431,7749,-0.03,0.0,-0.05,0.0,0.0,0.0,0.0,0.0,0,0,0
1756703431,7750,0.03,0.0,-0.1,0.0,0.0,0.0,0.0,0.0,0,0,0
1756703431,7751,-0.01,0.0,-0.02,0.0,0.0,0.0,0.0,0.0,0,0,0
1756703431,7752,0.07,0.0,-0.03,0.0,0.0,0.0,0.0,0.0,0,0,0
1756703431,7753,0.02,0.0,-0.03,0.0,0.0,0.0,0.0,0.0,0,0,0
1756703431,7754,0.05,0.0,-0.05,0.0,0.0,0.0,0.0,0.0,0,0,0
1756703431,7755,0.0,0.0,-0.01,0.0,0.0,0.0,0.0,0.0,0,0,0
1756703431,7756,0.07,0.0,-0.07,0.0,0.0,0.0,0.0,0.0,0,0,0
1756703431,7757,0.0,0.0,-0.01,0.0,0.0,0.0,0.0,0.0,0,0,0
1756703431,7758,0.0,0.0,0.0,0.0,0.0,0.0,0.0,0.0,0,0,0
1756703431,7759,0.0,0.0,-0.02,0.0,0.0,0.0,0.0,0.0,0,0,0
1756703431,7760,0.0,0.0,0.0,0.0,0.0,0.0,0.0,0.0,0,0,0
1756703431,7761,0.0,0.0,-0.03,0.0,0.0,0.0,0.0,0.0,0,0,0
1756703431,7762,0.01,0.0,-0.01,0.0,0.0,0.0,0.0,0.0,0,0,0
1756703431,7763,0.03,0.0,-0.03,0.0,0.0,0.0,0.0,0.0,0,0,0
1756703431,7764,0.03,0.0,-0.03,0.0,0.0,0.0,0.0,0.0,0,0,0
1756703431,7765,0.01,0.0,0.0,0.0,0.0,0.0,0.0,0.0,0,0,0
1756703431,7766,0.0,0.0,-0.03,0.0,0.0,0.0,0.0,0.0,0,0,0
1756703431,7767,0.07,0.0,-0.01,0.0,0.0,0.0,0.0,0.0,0,0,0
1756703431,7768,0.0,0.0,-0.02,0.0,0.0,0.0,0.0,0.0,0,0,0
1756703431,7769,0.0,0.0,-0.01,0.0,0.0,0.0,0.0,0.0,0,0,0
1756703431,7770,0.0,0.0,-0.05,0.0,0.0,0.0,0.0,0.0,0,0,0
1756703431,7771,-0.01,0.0,0.0,0.0,0.0,0.0,0.0,0.0,0,0,0
1756703431,7772,0.01,0.0,-0.05,0.0,0.0,0.0,0.0,0.0,0,0,0
1756703431,7773,0.0,0.0,-0.02,0.0,0.0,0.0,0.0,0.0,0,0,0
1756703431,7774,0.0,0.0,-0.1,0.0,0.0,0.0,0.0,0.0,0,0,0
1756703431,7775,0.0,0.0,-0.1,0.0,0.0,0.0,0.0,0.0,0,0,0
1756703431,7776,0.01,0.0,-0.12,0.0,0.0,0.0,0.0,0.0,0,0,0
1756703431,7777,0.03,0.0,0.01,0.0,0.0,0.0,0.0,0.0,0,0,0
1756703431,7778,0.0,0.0,0.0,0.0,0.0,0.0,0.0,0.0,0,0,0
1756703431,7779,0.0,0.0,0.0,0.0,0.0,0.0,0.0,0.0,0,0,0
1756703431,7780,0.0,0.0,0.0,0.0,0.0,0.0,0.0,0.0,0,0,0
1756703431,7781,0.0,0.0,0.0,0.0,0.0,0.0,0.0,0.0,0,0,0
1756703431,7782,0.0,0.0,-0.05,0.0,0.0,0.0,0.0,0.0,0,0,0
1756703431,7783,0.01,0.0,0.01,0.0,0.0,0.0,0.0,0.0,0,0,0
1756703431,7784,0.0,0.0,-0.01,0.0,0.0,0.0,0.0,0.0,0,0,0
1756703431,7785,0.0,0.0,0.0,0.0,0.0,0.0,0.0,0.0,0,0,0
1756703431,7786,0.05,0.0,0.01,0.0,0.0,0.0,0.0,0.0,0,0,0
1756703431,7787,0.03,0.0,0.0,0.0,0.0,0.0,0.0,0.0,0,0,0
1756703431,7788,-0.03,0.0,0.0,0.0,0.0,0.0,0.0,0.0,0,0,0
1756703431,7789,0.05,0.0,-0.01,0.0,0.0,0.0,0.0,0.0,0,0,0
1756703431,7790,0.01,0.0,0.0,0.0,0.0,0.0,0.0,0.0,0,0,0
1756703431,7791,0.01,0.0,0.0,0.0,0.0,0.0,0.0,0.0,0,0,0
1756703431,7792,-0.01,0.0,-0.01,0.0,0.0,0.0,0.0,0.0,0,0,0
1756703431,7793,0.01,0.0,0.0,0.0,0.0,0.0,0.0,0.0,0,0,0
1756703431,7794,0.0,0.0,0.0,0.0,0.0,0.0,0.0,0.0,0,0,0
1756703431,7795,0.05,0.0,0.03,0.0,0.0,0.0,0.0,0.0,0,0,0
1756703431,7796,0.0,0.0,0.0,0.0,0.0,0.0,0.0,0.0,0,0,0
1756703431,7797,0.0,0.0,-0.02,0.0,0.0,0.0,0.0,0.0,0,0,0
1756703431,7798,0.02,0.0,-0.01,0.0,0.0,0.0,0.0,0.0,0,0,0
1756703431,7799,0.0,0.0,0.0,0.0,0.0,0.0,0.0,0.0,0,0,0
1756703431,7800,0.0,0.0,0.0,0.0,0.0,0.0,0.0,0.0,0,0,0
1756703431,7801,0.1,0.0,-0.03,0.0,0.0,0.0,0.0,0.0,0,0,0
1756703431,7802,0.0,0.0,-0.05,0.0,0.0,0.0,0.0,0.0,0,0,0
1756703431,7803,0.0,0.0,-0.03,0.0,0.0,0.0,0.0,0.0,0,0,0
1756703431,7804,0.07,0.0,-0.05,0.0,0.0,0.0,0.0,0.0,0,0,0
1756703431,7805,0.0,0.0,-0.01,0.0,0.0,0.0,0.0,0.0,0,0,0
1756703431,7806,0.02,0.0,-0.03,0.0,0.0,0.0,0.0,0.0,0,0,0
1756703431,7807,0.0,0.0,0.0,0.0,0.0,0.0,0.0,0.0,0,0,0
1756703431,7808,0.0,0.0,0.0,0.0,0.0,0.0,0.0,0.0,0,0,0
1756703432,7809,-0.07,0.0,0.0,0.0,0.0,0.0,0.0,0.0,0,0,0
1756703432,7810,0.02,0.0,0.0,0.0,0.0,0.0,0.0,0.0,0,0,0
1756703432,7811,0.0,0.0,-0.05,0.0,0.0,0.0,0.0,0.0,0,0,0
1756703432,7812,0.0,0.0,0.0,0.0,0.0,0.0,0.0,0.0,0,0,0
1756703432,7813,0.0,0.0,-0.02,0.0,0.0,0.0,0.0,0.0,0,0,0
1756703432,7814,-0.07,0.0,-0.01,0.0,0.0,0.0,0.0,0.0,0,0,0
1756703432,7815,0.0,0.0,0.0,0.0,0.0,0.0,0.0,0.0,0,0,0
1756703432,7816,0.05,0.0,-0.07,0.0,0.0,0.0,0.0,0.0,0,0,0
1756703432,7817,0.0,0.0,0.0,0.0,0.0,0.0,0.0,0.0,0,0,0
1756703432,7818,0.0,0.0,-0.05,0.0,0.0,0.0,0.0,0.0,0,0,0
1756703432,7819,0.0,0.0,0.0,0.0,0.0,0.0,0.0,0.0,0,0,0
1756703432,7820,0.0,0.0,0.0,0.0,0.0,0.0,0.0,0.0,0,0,0
1756703432,7821,0.0,0.0,0.0,0.0,0.0,0.0,0.0,0.0,0,0,0
1756703432,7822,-0.03,0.0,0.0,0.0,0.0,0.0,0.0,0.0,0,0,0
1756703432,7823,0.07,0.0,0.0,0.0,0.0,0.0,0.0,0.0,0,0,0
1756703432,7824,0.07,0.0,0.0,0.0,0.0,0.0,0.0,0.0,0,0,0
1756703432,7825,0.02,0.0,-0.1,0.0,0.0,0.0,0.0,0.0,0,0,0
1756703432,7826,0.07,0.0,-0.02,0.0,0.0,0.0,0.0,0.0,0,0,0
1756703432,7827,-0.03,0.0,0.0,0.0,0.0,0.0,0.0,0.0,0,0,0
1756703432,7828,0.0,0.0,-0.01,0.0,0.0,0.0,0.0,0.0,0,0,0
1756703432,7829,0.0,0.0,-0.07,0.0,0.0,0.0,0.0,0.0,0,0,0
1756703432,7830,-0.07,0.0,-0.01,0.0,0.0,0.0,0.0,0.0,0,0,0
1756703432,7831,0.0,0.0,-0.01,0.0,0.0,0.0,0.0,0.0,0,0,0
1756703432,7832,0.0,0.0,0.0,0.0,0.0,0.0,0.0,0.0,0,0,0
1756703432,7833,0.03,0.0,0.0,0.0,0.0,0.0,0.0,0.0,0,0,0
1756703432,7834,0.07,0.0,0.0,0.0,0.0,0.0,0.0,0.0,0,0,0
1756703432,7835,0.01,0.0,-0.03,0.0,0.0,0.0,0.0,0.0,0,0,0
1756703432,7836,0.02,0.0,0.0,0.0,0.0,0.0,0.0,0.0,0,0,0
1756703432,7837,0.07,0.0,0.0,0.0,0.0,0.0,0.0,0.0,0,0,0
1756703432,7838,0.0,0.0,0.0,0.0,0.0,0.0,0.0,0.0,0,0,0
1756703432,7839,0.0,0.0,0.0,0.0,0.0,0.0,0.0,0.0,0,0,0
1756703432,7840,0.05,0.0,-0.03,0.0,0.0,0.0,0.0,0.0,0,0,0
1756703432,7841,0.0,0.0,0.0,0.0,0.0,0.0,0.0,0.0,0,0,0
1756703432,7842,0.01,0.0,0.0,0.0,0.0,0.0,0.0,0.0,0,0,0
1756703432,7843,-0.01,0.0,-0.01,0.0,0.0,0.0,0.0,0.0,0,0,0
1756703432,7844,-0.02,0.0,0.0,0.0,0.0,0.0,0.0,0.0,0,0,0
1756703432,7845,0.01,0.0,-0.07,0.0,0.0,0.0,0.0,0.0,0,0,0
1756703432,7846,-0.02,0.0,-0.01,0.0,0.0,0.0,0.0,0.0,0,0,0
1756703432,7847,-0.02,0.0,-0.05,0.0,0.0,0.0,0.0,0.0,0,0,0
1756703432,7848,0.05,0.0,0.0,0.0,0.0,0.0,0.0,0.0,0,0,0
1756703432,7849,0.01,0.0,0.0,0.0,0.0,0.0,0.0,0.0,0,0,0
1756703432,7850,0.0,0.0,-0.01,0.0,0.0,0.0,0.0,0.0,0,0,0
1756703432,7851,0.0,0.0,0.0,0.0,0.0,0.0,0.0,0.0,0,0,0
1756703432,7852,0.02,0.0,-0.01,0.0,0.0,0.0,0.0,0.0,0,0,0
1756703432,7853,0.0,0.0,-0.02,0.0,0.0,0.0,0.0,0.0,0,0,0
1756703432,7854,0.0,0.0,0.0,0.0,0.0,0.0,0.0,0.0,0,0,0
1756703432,7855,-0.01,0.0,0.0,0.0,0.0,0.0,0.0,0.0,0,0,0
1756703432,7856,0.05,0.0,-0.05,0.0,0.0,0.0,0.0,0.0,0,0,0
1756703432,7857,0.0,0.0,-0.03,0.0,0.0,0.0,0.0,0.0,0,0,0
1756703432,7858,0.02,0.0,-0.01,0.0,0.0,0.0,0.0,0.0,0,0,0
1756703432,7859,0.02,0.0,-0.01,0.0,0.0,0.0,0.0,0.0,0,0,0
1756703432,7860,0.02,0.0,-0.03,0.0,0.0,0.0,0.0,0.0,0,0,0
1756703432,7861,0.01,0.0,-0.01,0.0,0.0,0.0,0.0,0.0,0,0,0
1756703432,7862,0.01,0.0,-0.01,0.0,0.0,0.0,0.0,0.0,0,0,0
1756703432,7863,0.0,0.0,0.0,0.0,0.0,0.0,0.0,0.0,0,0,0
1756703432,7864,0.07,0.0,-0.01,0.0,0.0,0.0,0.0,0.0,0,0,0
1756703432,7865,0.05,0.0,-0.01,0.0,0.0,0.0,0.0,0.0,0,0,0
1756703432,7866,0.05,0.0,-0.1,0.0,0.0,0.0,0.0,0.0,0,0,0
1756703432,7867,-0.05,0.0,-0.01,0.0,0.0,0.0,0.0,0.0,0,0,0
1756703432,7868,0.0,0.0,-0.03,0.0,0.0,0.0,0.0,0.0,0,0,0
1756703432,7869,0.0,0.0,-0.02,0.0,0.0,0.0,0.0,0.0,0,0,0
1756703432,7870,0.0,0.0,-0.02,0.0,0.0,0.0,0.0,0.0,0,0,0
1756703432,7871,0.01,0.0,-0.05,0.0,0.0,0.0,0.0,0.0,0,0,0
1756703432,7872,0.0,0.0,0.0,0.0,0.0,0.0,0.0,0.0,0,0,0
1756703432,7873,0.01,0.0,0.0,0.0,0.0,0.0,0.0,0.0,0,0,0
1756703433,7874,0.03,0.0,0.0,0.0,0.0,0.0,0.0,0.0,0,0,0
1756703433,7875,0.01,0.0,0.0,0.0,0.0,0.0,0.0,0.0,0,0,0
1756703433,7876,-0.02,0.0,0.0,0.0,0.0,0.0,0.0,0.0,0,0,0
1756703433,7877,0.01,0.0,-0.05,0.0,0.0,0.0,0.0,0.0,0,0,0
1756703433,7878,0.02,0.0,0.0,0.0,0.0,0.0,0.0,0.0,0,0,0
1756703433,7879,0.0,0.0,-0.01,0.0,0.0,0.0,0.0,0.0,0,0,0
1756703433,7880,0.0,0.0,-0.01,0.0,0.0,0.0,0.0,0.0,0,0,0
1756703433,7881,0.0,0.0,0.0,0.0,0.0,0.0,0.0,0.0,0,0,0
1756703433,7882,0.0,0.0,0.0,0.0,0.0,0.0,0.0,0.0,0,0,0
1756703433,7883,0.0,0.0,0.0,0.0,0.0,0.0,0.0,0.0,0,0,0
1756703433,7884,0.05,0.0,-0.02,0.0,0.0,0.0,0.0,0.0,0,0,0
1756703433,7885,0.01,0.0,-0.01,0.0,0.0,0.0,0.0,0.0,0,0,0
1756703433,7886,0.05,0.0,-0.02,0.0,0.0,0.0,0.0,0.0,0,0,0
1756703433,7887,0.1,0.0,-0.03,0.0,0.0,0.0,0.0,0.0,0,0,0
1756703433,7888,0.05,0.0,-0.01,0.0,0.0,0.0,0.0,0.0,0,0,0
1756703433,7889,0.0,0.0,-0.02,0.0,0.0,0.0,0.0,0.0,0,0,0
1756703433,7890,0.0,0.0,-0.05,0.0,0.0,0.0,0.0,0.0,0,0,0
1756703433,7891,0.0,0.0,0.0,0.0,0.0,0.0,0.0,0.0,0,0,0
1756703433,7892,-0.02,0.0,0.0,0.0,0.0,0.0,0.0,0.0,0,0,0
1756703433,7893,0.01,0.0,0.0,0.0,0.0,0.0,0.0,0.0,0,0,0
1756703433,7894,0.05,0.0,0.03,0.0,0.0,0.0,0.0,0.0,0,0,0
1756703433,7895,0.0,0.0,0.0,0.0,0.0,0.0,0.0,0.0,0,0,0
1756703433,7896,0.01,0.0,-0.03,0.0,0.0,0.0,0.0,0.0,0,0,0
1756703433,7897,0.03,0.0,0.0,0.0,0.0,0.0,0.0,0.0,0,0,0
1756703433,7898,0.02,0.0,-0.02,0.0,0.0,0.0,0.0,0.0,0,0,0
1756703433,7899,0.01,0.0,0.0,0.0,0.0,0.0,0.0,0.0,0,0,0
1756703433,7900,0.05,0.0,-0.03,0.0,0.0,0.0,0.0,0.0,0,0,0
1756703433,7901,0.01,0.0,0.0,0.0,0.0,0.0,0.0,0.0,0,0,0
1756703433,7902,0.0,0.0,-0.01,0.0,0.0,0.0,0.0,0.0,0,0,0
1756703433,7903,0.0,0.0,-0.03,0.0,0.0,0.0,0.0,0.0,0,0,0
1756703433,7904,0.02,0.0,-0.05,0.0,0.0,0.0,0.0,0.0,0,0,0
1756703433,7905,0.03,0.0,-0.01,0.0,0.0,0.0,0.0,0.0,0,0,0
1756703433,7906,0.0,0.0,-0.02,0.0,0.0,0.0,0.0,0.0,0,0,0
1756703433,7907,0.05,0.0,0.0,0.0,0.0,0.0,0.0,0.0,0,0,0
1756703433,7908,-0.09,0.0,-0.01,0.0,0.0,0.0,0.0,0.0,0,0,0
1756703433,7909,0.0,0.0,-0.03,0.0,0.0,0.0,0.0,0.0,0,0,0
1756703433,7910,0.01,0.0,-0.05,0.0,0.0,0.0,0.0,0.0,0,0,0
1756703433,7911,-0.02,0.0,-0.01,0.0,0.0,0.0,0.0,0.0,0,0,0
1756703433,7912,-0.07,0.0,-0.01,0.0,0.0,0.0,0.0,0.0,0,0,0
1756703433,7913,0.05,0.0,0.0,0.0,0.0,0.0,0.0,0.0,0,0,0
1756703433,7914,0.01,0.0,0.0,0.0,0.0,0.0,0.0,0.0,0,0,0
1756703433,7915,0.1,0.0,-0.02,0.0,0.0,0.0,0.0,0.0,0,0,0
1756703433,7916,-0.03,0.0,-0.02,0.0,0.0,0.0,0.0,0.0,0,0,0
1756703433,7917,-0.01,0.0,-0.07,0.0,0.0,0.0,0.0,0.0,0,0,0
1756703433,7918,0.02,0.0,0.0,0.0,0.0,0.0,0.0,0.0,0,0,0
1756703433,7919,0.05,0.0,0.0,0.0,0.0,0.0,0.0,0.0,0,0,0
1756703433,7920,0.01,0.0,-0.07,0.0,0.0,0.0,0.0,0.0,0,0,0
1756703433,7921,0.0,0.0,-0.03,0.0,0.0,0.0,0.0,0.0,0,0,0
1756703433,7922,0.05,0.0,-0.01,0.0,0.0,0.0,0.0,0.0,0,0,0
1756703433,7923,0.14,0.0,-0.01,0.0,0.0,0.0,0.0,0.0,0,0,0
1756703433,7924,-0.1,0.0,-0.01,0.0,0.0,0.0,0.0,0.0,0,0,0
1756703433,7925,0.03,0.0,-0.03,0.0,0.0,0.0,0.0,0.0,0,0,0
1756703433,7926,0.05,0.0,0.0,0.0,0.0,0.0,0.0,0.0,0,0,0
1756703433,7927,0.03,0.0,0.0,0.0,0.0,0.0,0.0,0.0,0,0,0
1756703433,7928,0.0,0.0,0.0,0.0,0.0,0.0,0.0,0.0,0,0,0
1756703433,7929,0.0,0.0,0.0,0.0,0.0,0.0,0.0,0.0,0,0,0
1756703433,7930,0.01,0.0,0.0,0.0,0.0,0.0,0.0,0.0,0,0,0
1756703433,7931,0.02,0.0,-0.01,0.0,0.0,0.0,0.0,0.0,0,0,0
1756703433,7932,0.0,0.0,-0.05,0.0,0.0,0.0,0.0,0.0,0,0,0
1756703433,7933,0.0,0.0,0.0,0.0,0.0,0.0,0.0,0.0,0,0,0
1756703433,7934,0.0,0.0,0.0,0.0,0.0,0.0,0.0,0.0,0,0,0
1756703433,7935,0.0,0.0,-0.01,0.0,0.0,0.0,0.0,0.0,0,0,0
1756703433,7936,-0.09,0.0,-0.09,0.0,0.0,0.0,0.0,0.0,0,0,0
1756703433,7937,0.05,0.0,-0.01,0.0,0.0,0.0,0.0,0.0,0,0,0
1756703433,7938,0.0,0.0,-0.02,0.0,0.0,0.0,0.0,0.0,0,0,0
1756703434,7939,0.02,0.0,-0.02,0.0,0.0,0.0,0.0,0.0,0,0,0
1756703434,7940,0.05,0.0,0.0,0.0,0.0,0.0,0.0,0.0,0,0,0
1756703434,7941,-0.01,0.0,0.0,0.0,0.0,0.0,0.0,0.0,0,0,0
1756703434,7942,0.0,0.0,0.0,0.0,0.0,0.0,0.0,0.0,0,0,0
1756703434,7943,-0.07,0.0,-0.03,0.0,0.0,0.0,0.0,0.0,0,0,0
1756703434,7944,0.03,0.0,-0.02,0.0,0.0,0.0,0.0,0.0,0,0,0
1756703434,7945,0.1,0.0,-0.02,0.0,0.0,0.0,0.0,0.0,0,0,0
1756703434,7946,0.0,0.0,0.0,0.0,0.0,0.0,0.0,0.0,0,0,0
1756703434,7947,0.0,0.0,-0.05,0.0,0.0,0.0,0.0,0.0,0,0,0
1756703434,7948,0.0,0.0,-0.03,0.0,0.0,0.0,0.0,0.0,0,0,0
1756703434,7949,0.01,0.0,0.0,0.0,0.0,0.0,0.0,0.0,0,0,0
1756703434,7950,0.0,0.0,-0.03,0.0,0.0,0.0,0.0,0.0,0,0,0
1756703434,7951,-0.02,0.0,-0.07,0.0,0.0,0.0,0.0,0.0,0,0,0
1756703434,7952,0.0,0.0,-0.01,0.0,0.0,0.0,0.0,0.0,0,0,0
1756703434,7953,0.05,0.0,0.0,0.0,0.0,0.0,0.0,0.0,0,0,0
1756703434,7954,0.0,0.0,-0.01,0.0,0.0,0.0,0.0,0.0,0,0,0
1756703434,7955,0.0,0.0,-0.02,0.0,0.0,0.0,0.0,0.0,0,0,0
1756703434,7956,0.0,0.0,-0.03,0.0,0.0,0.0,0.0,0.0,0,0,0
1756703434,7957,0.01,0.0,0.0,0.0,0.0,0.0,0.0,0.0,0,0,0
1756703434,7958,0.0,0.0,0.0,0.0,0.0,0.0,0.0,0.0,0,0,0
1756703434,7959,0.0,0.0,0.0,0.0,0.0,0.0,0.0,0.0,0,0,0
1756703434,7960,0.0,0.0,0.0,0.0,0.0,0.0,0.0,0.0,0,0,0
1756703434,7961,0.0,0.0,-0.02,0.0,0.0,0.0,0.0,0.0,0,0,0
1756703434,7962,0.0,0.0,-0.02,0.0,0.0,0.0,0.0,0.0,0,0,0
1756703434,7963,-0.07,0.0,0.0,0.0,0.0,0.0,0.0,0.0,0,0,0
1756703434,7964,0.03,0.0,-0.03,0.0,0.0,0.0,0.0,0.0,0,0,0
1756703434,7965,0.02,0.0,-0.01,0.0,0.0,0.0,0.0,0.0,0,0,0
1756703434,7966,0.05,0.0,0.07,0.0,0.0,0.0,0.0,0.0,0,0,0
1756703434,7967,0.05,0.0,0.0,0.0,0.0,0.0,0.0,0.0,0,0,0
1756703434,7968,0.05,0.0,0.0,0.0,0.0,0.0,0.0,0.0,0,0,0
1756703434,7969,0.05,0.0,-0.01,0.0,0.0,0.0,0.0,0.0,0,0,0
1756703434,7970,-0.03,0.0,-0.01,0.0,0.0,0.0,0.0,0.0,0,0,0
1756703434,7971,0.03,0.0,-0.01,0.0,0.0,0.0,0.0,0.0,0,0,0
1756703434,7972,0.07,0.0,0.0,0.0,0.0,0.0,0.0,0.0,0,0,0
1756703434,7973,-0.01,0.0,-0.07,0.0,0.0,0.0,0.0,0.0,0,0,0
1756703434,7974,0.0,0.0,0.0,0.0,0.0,0.0,0.0,0.0,0,0,0
1756703434,7975,0.01,0.0,0.0,0.0,0.0,0.0,0.0,0.0,0,0,0
1756703434,7976,0.07,0.0,-0.03,0.0,0.0,0.0,0.0,0.0,0,0,0
1756703434,7977,0.12,0.0,-0.02,0.0,0.0,0.0,0.0,0.0,0,0,0
1756703434,7978,-0.03,0.0,-0.03,0.0,0.0,0.0,0.0,0.0,0,0,0
1756703434,7979,-0.05,0.0,0.03,0.0,0.0,0.0,0.0,0.0,0,0,0
1756703434,7980,0.0,0.0,-0.05,0.0,0.0,0.0,0.0,0.0,0,0,0
1756703434,7981,0.0,0.0,0.0,0.0,0.0,0.0,0.0,0.0,0,0,0
1756703434,7982,0.0,0.0,-0.05,0.0,0.0,0.0,0.0,0.0,0,0,0
1756703434,7983,0.0,0.0,-0.02,0.0,0.0,0.0,0.0,0.0,0,0,0
1756703434,7984,-0.02,0.0,0.0,0.0,0.0,0.0,0.0,0.0,0,0,0
1756703434,7985,0.0,0.0,-0.01,0.0,0.0,0.0,0.0,0.0,0,0,0
1756703434,7986,0.0,0.0,0.0,0.0,0.0,0.0,0.0,0.0,0,0,0
1756703434,7987,0.02,0.0,0.03,0.0,0.0,0.0,0.0,0.0,0,0,0
1756703434,7988,0.07,0.0,0.0,0.0,0.0,0.0,0.0,0.0,0,0,0
1756703434,7989,0.0,0.0,-0.01,0.0,0.0,0.0,0.0,0.0,0,0,0
1756703434,7990,0.01,0.0,-0.07,0.0,0.0,0.0,0.0,0.0,0,0,0
1756703434,7991,0.02,0.0,0.0,0.0,0.0,0.0,0.0,0.0,0,0,0
1756703434,7992,0.03,0.0,0.0,0.0,0.0,0.0,0.0,0.0,0,0,0
1756703434,7993,0.0,0.0,-0.03,0.0,0.0,0.0,0.0,0.0,0,0,0
1756703434,7994,-0.02,0.0,0.0,0.0,0.0,0.0,0.0,0.0,0,0,0
1756703434,7995,0.01,0.0,0.0,0.0,0.0,0.0,0.0,0.0,0,0,0
1756703434,7996,0.02,0.0,-0.01,0.0,0.0,0.0,0.0,0.0,0,0,0
1756703434,7997,0.0,0.0,-0.01,0.0,0.0,0.0,0.0,0.0,0,0,0
1756703434,7998,0.05,0.0,0.0,0.0,0.0,0.0,0.0,0.0,0,0,0
1756703434,7999,0.02,0.0,-0.05,0.0,0.0,0.0,0.0,0.0,0,0,0
1756703434,8000,0.0,0.0,-0.03,0.0,0.0,0.0,0.0,0.0,0,0,0
1756703434,8001,0.0,0.0,-0.03,0.0,0.0,0.0,0.0,0.0,0,0,0
1756703434,8002,-0.01,0.0,-0.03,0.0,0.0,0.0,0.0,0.0,0,0,0
1756703434,8003,0.0,0.0,-0.03,0.0,0.0,0.0,0.0,0.0,0,0,0
1756703434,8004,0.01,0.0,0.07,0.0,0.0,0.0,0.0,0.0,0,0,0
1756703434,8005,0.01,0.0,0.0,0.0,0.0,0.0,0.0,0.0,0,0,0
1756703434,8006,-0.02,0.0,0.03,0.0,0.0,0.0,0.0,0.0,0,0,0
1756703434,8007,0.0,0.0,-0.02,0.0,0.0,0.0,0.0,0.0,0,0,0
1756703435,8008,0.0,0.0,-0.05,0.0,0.0,0.0,0.0,0.0,0,0,0
1756703435,8009,-0.02,0.0,-0.02,0.0,0.0,0.0,0.0,0.0,0,0,0
1756703435,8010,0.0,0.0,-0.1,0.0,0.0,0.0,0.0,0.0,0,0,0
1756703435,8011,0.03,0.0,0.0,0.0,0.0,0.0,0.0,0.0,0,0,0
1756703435,8012,0.02,0.0,-0.01,0.0,0.0,0.0,0.0,0.0,0,0,0
1756703435,8013,0.0,0.0,0.0,0.0,0.0,0.0,0.0,0.0,0,0,0
1756703435,8014,0.0,0.0,0.0,0.0,0.0,0.0,0.0,0.0,0,0,0
1756703435,8015,0.0,0.0,-0.02,0.0,0.0,0.0,0.0,0.0,0,0,0
1756703435,8016,-0.03,0.0,0.0,0.0,0.0,0.0,0.0,0.0,0,0,0
1756703435,8017,0.01,0.0,-0.11,0.0,0.0,0.0,0.0,0.0,0,0,0
1756703435,8018,0.03,0.0,0.0,0.0,0.0,0.0,0.0,0.0,0,0,0
1756703435,8019,0.02,0.0,-0.05,0.0,0.0,0.0,0.0,0.0,0,0,0
1756703435,8020,0.0,0.0,0.0,0.0,0.0,0.0,0.0,0.0,0,0,0
1756703435,8021,0.02,0.0,0.0,0.0,0.0,0.0,0.0,0.0,0,0,0
1756703435,8022,-0.02,0.0,0.0,0.0,0.0,0.0,0.0,0.0,0,0,0
1756703435,8023,0.02,0.0,-0.03,0.0,0.0,0.0,0.0,0.0,0,0,0
1756703435,8024,0.0,0.0,0.0,0.0,0.0,0.0,0.0,0.0,0,0,0
1756703435,8025,-0.02,0.0,0.01,0.0,0.0,0.0,0.0,0.0,0,0,0
1756703435,8026,0.03,0.0,0.0,0.0,0.0,0.0,0.0,0.0,0,0,0
1756703435,8027,0.05,0.0,0.0,0.0,0.0,0.0,0.0,0.0,0,0,0
1756703435,8028,0.0,0.0,-0.09,0.0,0.0,0.0,0.0,0.0,0,0,0
1756703435,8029,0.0,0.0,0.0,0.0,0.0,0.0,0.0,0.0,0,0,0
1756703435,8030,0.05,0.0,-0.03,0.0,0.0,0.0,0.0,0.0,0,0,0
1756703435,8031,0.05,0.0,-0.02,0.0,0.0,0.0,0.0,0.0,0,0,0
1756703435,8032,0.05,0.0,0.0,0.0,0.0,0.0,0.0,0.0,0,0,0
1756703435,8033,0.07,0.0,0.0,0.0,0.0,0.0,0.0,0.0,0,0,0
1756703435,8034,0.0,0.0,0.0,0.0,0.0,0.0,0.0,0.0,0,0,0
1756703435,8035,0.0,0.0,0.0,0.0,0.0,0.0,0.0,0.0,0,0,0
1756703435,8036,0.03,0.0,0.0,0.0,0.0,0.0,0.0,0.0,0,0,0
1756703435,8037,0.0,0.0,0.0,0.0,0.0,0.0,0.0,0.0,0,0,0
1756703435,8038,0.05,0.0,-0.05,0.0,0.0,0.0,0.0,0.0,0,0,0
1756703435,8039,0.0,0.0,0.0,0.0,0.0,0.0,0.0,0.0,0,0,0
1756703435,8040,0.0,0.0,-0.05,0.0,0.0,0.0,0.0,0.0,0,0,0
1756703435,8041,-0.02,0.0,-0.03,0.0,0.0,0.0,0.0,0.0,0,0,0
1756703435,8042,0.0,0.0,-0.03,0.0,0.0,0.0,0.0,0.0,0,0,0
1756703435,8043,0.03,0.0,-0.03,0.0,0.0,0.0,0.0,0.0,0,0,0
1756703435,8044,0.05,0.0,0.0,0.0,0.0,0.0,0.0,0.0,0,0,0
1756703435,8045,0.02,0.0,-0.05,0.0,0.0,0.0,0.0,0.0,0,0,0
1756703435,8046,0.01,0.0,0.0,0.0,0.0,0.0,0.0,0.0,0,0,0
1756703435,8047,0.03,0.0,-0.02,0.0,0.0,0.0,0.0,0.0,0,0,0
1756703435,8048,0.05,0.0,0.0,0.0,0.0,0.0,0.0,0.0,0,0,0
1756703435,8049,0.0,0.0,0.0,0.0,0.0,0.0,0.0,0.0,0,0,0
1756703435,8050,-0.05,0.0,-0.03,0.0,0.0,0.0,0.0,0.0,0,0,0
1756703435,8051,-0.02,0.0,0.0,0.0,0.0,0.0,0.0,0.0,0,0,0
1756703435,8052,0.05,0.0,-0.02,0.0,0.0,0.0,0.0,0.0,0,0,0
1756703435,8053,0.0,0.0,0.0,0.0,0.0,0.0,0.0,0.0,0,0,0
1756703435,8054,0.01,0.0,0.0,0.0,0.0,0.0,0.0,0.0,0,0,0
1756703435,8055,0.01,0.0,-0.01,0.0,0.0,0.0,0.0,0.0,0,0,0
1756703435,8056,0.0,0.0,-0.01,0.0,0.0,0.0,0.0,0.0,0,0,0
1756703435,8057,-0.01,0.0,0.0,0.0,0.0,0.0,0.0,0.0,0,0,0
1756703435,8058,0.0,0.0,-0.07,0.0,0.0,0.0,0.0,0.0,0,0,0
1756703435,8059,0.0,0.0,0.0,0.0,0.0,0.0,0.0,0.0,0,0,0
1756703435,8060,-0.01,0.0,0.0,0.0,0.0,0.0,0.0,0.0,0,0,0
1756703435,8061,0.02,0.0,-0.02,0.0,0.0,0.0,0.0,0.0,0,0,0
1756703435,8062,0.01,0.0,-0.01,0.0,0.0,0.0,0.0,0.0,0,0,0
1756703435,8063,0.01,0.0,-0.01,0.0,0.0,0.0,0.0,0.0,0,0,0
1756703435,8064,0.0,0.0,-0.01,0.0,0.0,0.0,0.0,0.0,0,0,0
1756703435,8065,0.07,0.0,-0.02,0.0,0.0,0.0,0.0,0.0,0,0,0
1756703435,8066,0.01,0.0,0.0,0.0,0.0,0.0,0.0,0.0,0,0,0
1756703435,8067,-0.07,0.0,0.0,0.0,0.0,0.0,0.0,0.0,0,0,0
1756703435,8068,0.02,0.0,-0.02,0.0,0.0,0.0,0.0,0.0,0,0,0
1756703435,8069,0.05,0.0,0.0,0.0,0.0,0.0,0.0,0.0,0,0,0
1756703435,8070,0.0,0.0,0.0,0.0,0.0,0.0,0.0,0.0,0,0,0
1756703435,8071,0.01,0.0,0.0,0.0,0.0,0.0,0.0,0.0,0,0,0
1756703435,8072,0.0,0.0,-0.03,0.0,0.0,0.0,0.0,0.0,0,0,0
1756703436,8073,0.02,0.0,-0.02,0.0,0.0,0.0,0.0,0.0,0,0,0
1756703436,8074,0.03,0.0,-0.05,0.0,0.0,0.0,0.0,0.0,0,0,0
1756703436,8075,0.02,0.0,-0.01,0.0,0.0,0.0,0.0,0.0,0,0,0
1756703436,8076,0.0,0.0,0.02,0.0,0.0,0.0,0.0,0.0,0,0,0
1756703436,8077,0.05,0.0,0.0,0.0,0.0,0.0,0.0,0.0,0,0,0
1756703436,8078,0.05,0.0,-0.03,0.0,0.0,0.0,0.0,0.0,0,0,0
1756703436,8079,0.0,0.0,-0.05,0.0,0.0,0.0,0.0,0.0,0,0,0
1756703436,8080,0.07,0.0,-0.01,0.0,0.0,0.0,0.0,0.0,0,0,0
1756703436,8081,0.0,0.0,0.0,0.0,0.0,0.0,0.0,0.0,0,0,0
1756703436,8082,0.0,0.0,-0.05,0.0,0.0,0.0,0.0,0.0,0,0,0
1756703436,8083,0.0,0.0,-0.03,0.0,0.0,0.0,0.0,0.0,0,0,0
1756703436,8084,-0.05,0.0,0.0,0.0,0.0,0.0,0.0,0.0,0,0,0
1756703436,8085,0.02,0.0,-0.02,0.0,0.0,0.0,0.0,0.0,0,0,0
1756703436,8086,0.07,0.0,-0.03,0.0,0.0,0.0,0.0,0.0,0,0,0
1756703436,8087,-0.03,0.0,-0.02,0.0,0.0,0.0,0.0,0.0,0,0,0
1756703436,8088,0.0,0.0,-0.03,0.0,0.0,0.0,0.0,0.0,0,0,0
1756703436,8089,0.05,0.0,0.0,0.0,0.0,0.0,0.0,0.0,0,0,0
1756703436,8090,0.01,0.0,-0.02,0.0,0.0,0.0,0.0,0.0,0,0,0
1756703436,8091,0.05,0.0,-0.01,0.0,0.0,0.0,0.0,0.0,0,0,0
1756703436,8092,0.03,0.0,-0.03,0.0,0.0,0.0,0.0,0.0,0,0,0
1756703436,8093,-0.05,0.0,-0.05,0.0,0.0,0.0,0.0,0.0,0,0,0
1756703436,8094,0.0,0.0,-0.07,0.0,0.0,0.0,0.0,0.0,0,0,0
1756703436,8095,0.05,0.0,0.0,0.0,0.0,0.0,0.0,0.0,0,0,0
1756703436,8096,0.01,0.0,0.0,0.0,0.0,0.0,0.0,0.0,0,0,0
1756703436,8097,0.03,0.0,0.0,0.0,0.0,0.0,0.0,0.0,0,0,0
1756703436,8098,0.0,0.0,0.0,0.0,0.0,0.0,0.0,0.0,0,0,0
1756703436,8099,0.0,0.0,0.0,0.0,0.0,0.0,0.0,0.0,0,0,0
1756703436,8100,0.0,0.0,-0.02,0.0,0.0,0.0,0.0,0.0,0,0,0
1756703436,8101,0.0,0.0,0.0,0.0,0.0,0.0,0.0,0.0,0,0,0
1756703436,8102,0.0,0.0,-0.01,0.0,0.0,0.0,0.0,0.0,0,0,0
1756703436,8103,0.02,0.0,-0.01,0.0,0.0,0.0,0.0,0.0,0,0,0
1756703436,8104,0.0,0.0,0.0,0.0,0.0,0.0,0.0,0.0,0,0,0
1756703436,8105,0.03,0.0,-0.07,0.0,0.0,0.0,0.0,0.0,0,0,0
1756703436,8106,0.0,0.0,-0.05,0.0,0.0,0.0,0.0,0.0,0,0,0
1756703436,8107,0.0,0.0,-0.01,0.0,0.0,0.0,0.0,0.0,0,0,0
1756703436,8108,0.02,0.0,0.0,0.0,0.0,0.0,0.0,0.0,0,0,0
1756703436,8109,0.0,0.0,-0.02,0.0,0.0,0.0,0.0,0.0,0,0,0
1756703436,8110,0.11,0.0,-0.01,0.0,0.0,0.0,0.0,0.0,0,0,0
1756703436,8111,0.03,0.0,0.02,0.0,0.0,0.0,0.0,0.0,0,0,0
1756703436,8112,0.07,0.0,0.0,0.0,0.0,0.0,0.0,0.0,0,0,0
1756703436,8113,0.05,0.0,-0.01,0.0,0.0,0.0,0.0,0.0,0,0,0
1756703436,8114,-0.01,0.0,0.0,0.0,0.0,0.0,0.0,0.0,0,0,0
1756703436,8115,0.0,0.0,-0.05,0.0,0.0,0.0,0.0,0.0,0,0,0
1756703436,8116,0.0,0.0,0.0,0.0,0.0,0.0,0.0,0.0,0,0,0
1756703436,8117,0.05,0.0,-0.01,0.0,0.0,0.0,0.0,0.0,0,0,0
1756703436,8118,0.03,0.0,-0.07,0.0,0.0,0.0,0.0,0.0,0,0,0
1756703436,8119,0.0,0.0,0.01,0.0,0.0,0.0,0.0,0.0,0,0,0
1756703436,8120,-0.01,0.0,0.0,0.0,0.0,0.0,0.0,0.0,0,0,0
1756703436,8121,0.0,0.0,0.0,0.0,0.0,0.0,0.0,0.0,0,0,0
1756703436,8122,0.05,0.0,-0.01,0.0,0.0,0.0,0.0,0.0,0,0,0
1756703436,8123,0.0,0.0,-0.01,0.0,0.0,0.0,0.0,0.0,0,0,0
1756703436,8124,-0.03,0.0,0.0,0.0,0.0,0.0,0.0,0.0,0,0,0
1756703436,8125,0.0,0.0,0.0,0.0,0.0,0.0,0.0,0.0,0,0,0
1756703436,8126,0.01,0.0,0.0,0.0,0.0,0.0,0.0,0.0,0,0,0
1756703436,8127,0.02,0.0,-0.01,0.0,0.0,0.0,0.0,0.0,0,0,0
1756703436,8128,0.07,0.0,-0.02,0.0,0.0,0.0,0.0,0.0,0,0,0
1756703436,8129,0.0,0.0,0.0,0.0,0.0,0.0,0.0,0.0,0,0,0
1756703436,8130,0.02,0.0,-0.01,0.0,0.0,0.0,0.0,0.0,0,0,0
1756703436,8131,0.05,0.0,-0.01,0.0,0.0,0.0,0.0,0.0,0,0,0
1756703436,8132,0.01,0.0,-0.02,0.0,0.0,0.0,0.0,0.0,0,0,0
1756703436,8133,0.0,0.0,0.0,0.0,0.0,0.0,0.0,0.0,0,0,0
1756703436,8134,0.0,0.0,0.0,0.0,0.0,0.0,0.0,0.0,0,0,0
1756703436,8135,0.05,0.0,-0.03,0.0,0.0,0.0,0.0,0.0,0,0,0
1756703436,8136,0.0,0.0,-0.1,0.0,0.0,0.0,0.0,0.0,0,0,0
1756703436,8137,0.01,0.0,0.0,0.0,0.0,0.0,0.0,0.0,0,0,0
1756703437,8138,0.02,0.0,0.0,0.0,0.0,0.0,0.0,0.0,0,0,0
1756703437,8139,0.01,0.0,0.0,0.0,0.0,0.0,0.0,0.0,0,0,0
1756703437,8140,-0.02,0.0,0.01,0.0,0.0,0.0,0.0,0.0,0,0,0
1756703437,8141,0.01,0.0,-0.01,0.0,0.0,0.0,0.0,0.0,0,0,0
1756703437,8142,0.05,0.0,-0.05,0.0,0.0,0.0,0.0,0.0,0,0,0
1756703437,8143,0.03,0.0,0.0,0.0,0.0,0.0,0.0,0.0,0,0,0
1756703437,8144,0.0,0.0,-0.01,0.0,0.0,0.0,0.0,0.0,0,0,0
1756703437,8145,0.02,0.0,0.0,0.0,0.0,0.0,0.0,0.0,0,0,0
1756703437,8146,0.05,0.0,0.0,0.0,0.0,0.0,0.0,0.0,0,0,0
1756703437,8147,0.0,0.0,-0.02,0.0,0.0,0.0,0.0,0.0,0,0,0
1756703437,8148,0.0,0.0,-0.01,0.0,0.0,0.0,0.0,0.0,0,0,0
1756703437,8149,0.02,0.0,-0.01,0.0,0.0,0.0,0.0,0.0,0,0,0
1756703437,8150,0.0,0.0,0.0,0.0,0.0,0.0,0.0,0.0,0,0,0
1756703437,8151,0.0,0.0,0.0,0.0,0.0,0.0,0.0,0.0,0,0,0
1756703437,8152,0.07,0.0,-0.02,0.0,0.0,0.0,0.0,0.0,0,0,0
1756703437,8153,-0.05,0.0,-0.02,0.0,0.0,0.0,0.0,0.0,0,0,0
1756703437,8154,0.0,0.0,0.0,0.0,0.0,0.0,0.0,0.0,0,0,0
1756703437,8155,0.01,0.0,-0.03,0.0,0.0,0.0,0.0,0.0,0,0,0
1756703437,8156,0.01,0.0,0.0,0.0,0.0,0.0,0.0,0.0,0,0,0
1756703437,8157,0.0,0.0,-0.03,0.0,0.0,0.0,0.0,0.0,0,0,0
1756703437,8158,0.0,0.0,-0.02,0.0,0.0,0.0,0.0,0.0,0,0,0
1756703437,8159,0.03,0.0,-0.05,0.0,0.0,0.0,0.0,0.0,0,0,0
1756703437,8160,0.0,0.0,0.0,0.0,0.0,0.0,0.0,0.0,0,0,0
1756703437,8161,0.0,0.0,-0.02,0.0,0.0,0.0,0.0,0.0,0,0,0
1756703437,8162,-0.02,0.0,-0.01,0.0,0.0,0.0,0.0,0.0,0,0,0
1756703437,8163,0.05,0.0,-0.07,0.0,0.0,0.0,0.0,0.0,0,0,0
1756703437,8164,0.02,0.0,0.0,0.0,0.0,0.0,0.0,0.0,0,0,0
1756703437,8165,0.03,0.0,0.0,0.0,0.0,0.0,0.0,0.0,0,0,0
1756703437,8166,-0.02,0.0,0.0,0.0,0.0,0.0,0.0,0.0,0,0,0
1756703437,8167,0.05,0.0,0.0,0.0,0.0,0.0,0.0,0.0,0,0,0
1756703437,8168,0.07,0.0,-0.01,0.0,0.0,0.0,0.0,0.0,0,0,0
1756703437,8169,-0.01,0.0,-0.05,0.0,0.0,0.0,0.0,0.0,0,0,0
1756703437,8170,0.01,0.0,-0.03,0.0,0.0,0.0,0.0,0.0,0,0,0
1756703437,8171,0.0,0.0,-0.03,0.0,0.0,0.0,0.0,0.0,0,0,0
1756703437,8172,0.05,0.0,-0.05,0.0,0.0,0.0,0.0,0.0,0,0,0
1756703437,8173,0.0,0.0,-0.02,0.0,0.0,0.0,0.0,0.0,0,0,0
1756703437,8174,-0.03,0.0,0.0,0.0,0.0,0.0,0.0,0.0,0,0,0
1756703437,8175,0.03,0.0,0.0,0.0,0.0,0.0,0.0,0.0,0,0,0
1756703437,8176,0.1,0.0,-0.02,0.0,0.0,0.0,0.0,0.0,0,0,0
1756703437,8177,0.0,0.0,-0.01,0.0,0.0,0.0,0.0,0.0,0,0,0
1756703437,8178,0.01,0.0,0.0,0.0,0.0,0.0,0.0,0.0,0,0,0
1756703437,8179,0.0,0.0,0.05,0.0,0.0,0.0,0.0,0.0,0,0,0
1756703437,8180,0.02,0.0,-0.07,0.0,0.0,0.0,0.0,0.0,0,0,0
1756703437,8181,0.0,0.0,-0.02,0.0,0.0,0.0,0.0,0.0,0,0,0
1756703437,8182,0.0,0.0,0.05,0.0,0.0,0.0,0.0,0.0,0,0,0
1756703437,8183,0.01,0.0,0.0,0.0,0.0,0.0,0.0,0.0,0,0,0
1756703437,8184,0.02,0.0,0.0,0.0,0.0,0.0,0.0,0.0,0,0,0
1756703437,8185,0.0,0.0,-0.03,0.0,0.0,0.0,0.0,0.0,0,0,0
1756703437,8186,0.02,0.0,-0.01,0.0,0.0,0.0,0.0,0.0,0,0,0
1756703437,8187,-0.01,0.0,0.0,0.0,0.0,0.0,0.0,0.0,0,0,0
1756703437,8188,0.05,0.0,0.0,0.0,0.0,0.0,0.0,0.0,0,0,0
1756703437,8189,0.0,0.0,-0.03,0.0,0.0,0.0,0.0,0.0,0,0,0
1756703437,8190,0.02,0.0,0.0,0.0,0.0,0.0,0.0,0.0,0,0,0
1756703437,8191,0.05,0.0,-0.03,0.0,0.0,0.0,0.0,0.0,0,0,0
1756703437,8192,0.0,0.0,-0.09,0.0,0.0,0.0,0.0,0.0,0,0,0
1756703437,8193,0.01,0.0,-0.02,0.0,0.0,0.0,0.0,0.0,0,0,0
1756703437,8194,0.02,0.0,-0.05,0.0,0.0,0.0,0.0,0.0,0,0,0
1756703437,8195,0.0,0.0,0.0,0.0,0.0,0.0,0.0,0.0,0,0,0
1756703437,8196,-0.02,0.0,-0.01,0.0,0.0,0.0,0.0,0.0,0,0,0
1756703437,8197,0.03,0.0,-0.02,0.0,0.0,0.0,0.0,0.0,0,0,0
1756703437,8198,0.0,0.0,0.0,0.0,0.0,0.0,0.0,0.0,0,0,0
1756703437,8199,0.02,0.0,-0.01,0.0,0.0,0.0,0.0,0.0,0,0,0
1756703437,8200,0.05,0.0,-0.02,0.0,0.0,0.0,0.0,0.0,0,0,0
1756703437,8201,0.01,0.0,0.0,0.0,0.0,0.0,0.0,0.0,0,0,0
1756703437,8202,0.02,0.0,-0.05,0.0,0.0,0.0,0.0,0.0,0,0,0
1756703437,8203,0.0,0.0,0.0,0.0,0.0,0.0,0.0,0.0,0,0,0
1756703437,8204,-0.02,0.0,0.0,0.0,0.0,0.0,0.0,0.0,0,0,0
1756703437,8205,0.0,0.0,-0.03,0.0,0.0,0.0,0.0,0.0,0,0,0
1756703437,8206,-0.02,0.0,-0.03,0.0,0.0,0.0,0.0,0.0,0,0,0
1756703438,8207,0.0,0.0,-0.01,0.0,0.0,0.0,0.0,0.0,0,0,0
1756703438,8208,0.0,0.0,-0.05,0.0,0.0,0.0,0.0,0.0,0,0,0
1756703438,8209,0.02,0.0,-0.05,0.0,0.0,0.0,0.0,0.0,0,0,0
1756703438,8210,0.01,0.0,0.0,0.0,0.0,0.0,0.0,0.0,0,0,0
1756703438,8211,0.09,0.0,-0.01,0.0,0.0,0.0,0.0,0.0,0,0,0
1756703438,8212,0.01,0.0,0.0,0.0,0.0,0.0,0.0,0.0,0,0,0
1756703438,8213,0.0,0.0,-0.02,0.0,0.0,0.0,0.0,0.0,0,0,0
1756703438,8214,0.0,0.0,0.0,0.0,0.0,0.0,0.0,0.0,0,0,0
1756703438,8215,-0.01,0.0,0.0,0.0,0.0,0.0,0.0,0.0,0,0,0
1756703438,8216,0.01,0.0,0.0,0.0,0.0,0.0,0.0,0.0,0,0,0
1756703438,8217,0.12,0.0,-0.01,0.0,0.0,0.0,0.0,0.0,0,0,0
1756703438,8218,0.02,0.0,-0.03,0.0,0.0,0.0,0.0,0.0,0,0,0
1756703438,8219,0.02,0.0,-0.03,0.0,0.0,0.0,0.0,0.0,0,0,0
1756703438,8220,0.0,0.0,0.0,0.0,0.0,0.0,0.0,0.0,0,0,0
1756703438,8221,-0.03,0.0,0.02,0.0,0.0,0.0,0.0,0.0,0,0,0
1756703438,8222,0.0,0.0,0.03,0.0,0.0,0.0,0.0,0.0,0,0,0
1756703438,8223,0.0,0.0,-0.09,0.0,0.0,0.0,0.0,0.0,0,0,0
1756703438,8224,-0.01,0.0,-0.01,0.0,0.0,0.0,0.0,0.0,0,0,0
1756703438,8225,-0.05,0.0,-0.01,0.0,0.0,0.0,0.0,0.0,0,0,0
1756703438,8226,-0.02,0.0,0.0,0.0,0.0,0.0,0.0,0.0,0,0,0
1756703438,8227,0.02,0.0,-0.02,0.0,0.0,0.0,0.0,0.0,0,0,0
1756703438,8228,0.0,0.0,0.0,0.0,0.0,0.0,0.0,0.0,0,0,0
1756703438,8229,0.05,0.0,0.0,0.0,0.0,0.0,0.0,0.0,0,0,0
1756703438,8230,0.02,0.0,-0.05,0.0,0.0,0.0,0.0,0.0,0,0,0
1756703438,8231,-0.03,0.0,-0.07,0.0,0.0,0.0,0.0,0.0,0,0,0
1756703438,8232,-0.03,0.0,-0.02,0.0,0.0,0.0,0.0,0.0,0,0,0
1756703438,8233,0.07,0.0,-0.05,0.0,0.0,0.0,0.0,0.0,0,0,0
1756703438,8234,0.03,0.0,-0.01,0.0,0.0,0.0,0.0,0.0,0,0,0
1756703438,8235,-0.07,0.0,0.0,0.0,0.0,0.0,0.0,0.0,0,0,0
1756703438,8236,0.01,0.0,0.0,0.0,0.0,0.0,0.0,0.0,0,0,0
1756703438,8237,0.07,0.0,-0.02,0.0,0.0,0.0,0.0,0.0,0,0,0
1756703438,8238,0.12,0.0,-0.02,0.0,0.0,0.0,0.0,0.0,0,0,0
1756703438,8239,0.03,0.0,0.0,0.0,0.0,0.0,0.0,0.0,0,0,0
1756703438,8240,0.02,0.0,-0.01,0.0,0.0,0.0,0.0,0.0,0,0,0
1756703438,8241,-0.05,0.0,-0.02,0.0,0.0,0.0,0.0,0.0,0,0,0
1756703438,8242,0.0,0.0,0.0,0.0,0.0,0.0,0.0,0.0,0,0,0
