EpochTimestamp,TStep,Data 0,Data 1,Data 2,Data 3,Data 4,Data 5,Data 6,Data 7,Data 8,Data 9,Mark
1756702471,1,-0.01,0.0,0.0,0.0,0.0,0.0,0.0,0.0,0,0,0
1756702471,2,0.05,0.0,-0.01,0.0,0.0,0.0,0.0,0.0,0,0,0
1756702471,3,0.02,0.0,-0.01,0.0,0.0,0.0,0.0,0.0,0,0,0
1756702471,4,0.0,0.0,0.0,0.0,0.0,0.0,0.0,0.0,0,0,0
1756702471,5,0.0,0.0,0.0,0.0,0.0,0.0,0.0,0.0,0,0,0
1756702471,6,-0.01,0.0,-0.02,0.0,0.0,0.0,0.0,0.0,0,0,0
1756702471,7,0.0,0.0,-0.15,0.0,0.0,0.0,0.0,0.0,0,0,0
1756702471,8,0.0,0.0,0.0,0.0,0.0,0.0,0.0,0.0,0,0,0
1756702471,9,0.0,0.0,-0.01,0.0,0.0,0.0,0.0,0.0,0,0,0
1756702471,10,0.0,0.0,0.0,0.0,0.0,0.0,0.0,0.0,0,0,0
1756702471,11,-0.03,0.0,0.0,0.0,0.0,0.0,0.0,0.0,0,0,0
1756702471,12,0.0,0.0,-0.02,0.0,0.0,0.0,0.0,0.0,0,0,0
1756702471,13,-0.01,0.0,0.0,0.0,0.0,0.0,0.0,0.0,0,0,0
1756702471,14,-0.01,0.0,-0.02,0.0,0.0,0.0,0.0,0.0,0,0,0
1756702471,15,-0.01,0.0,0.0,0.0,0.0,0.0,0.0,0.0,0,0,0
1756702471,16,0.01,0.0,0.0,0.0,0.0,0.0,0.0,0.0,0,0,0
1756702471,17,-0.05,0.0,0.0,0.0,0.0,0.0,0.0,0.0,0,0,0
1756702471,18,0.0,0.0,0.0,0.0,0.0,0.0,0.0,0.0,0,0,0
1756702471,19,0.01,0.0,-0.07,0.0,0.0,0.0,0.0,0.0,0,0,0
1756702471,20,0.02,0.0,0.0,0.0,0.0,0.0,0.0,0.0,0,0,0
1756702471,21,0.02,0.0,0.05,0.0,0.0,0.0,0.0,0.0,0,0,0
1756702471,22,0.02,0.0,-0.05,0.0,0.0,0.0,0.0,0.0,0,0,0
1756702471,23,0.0,0.0,0.0,0.0,0.0,0.0,0.0,0.0,0,0,0
1756702471,24,-0.02,0.0,-0.05,0.0,0.0,0.0,0.0,0.0,0,0,0
1756702471,25,0.0,0.0,0.05,0.0,0.0,0.0,0.0,0.0,0,0,0
1756702471,26,0.0,0.0,0.0,0.0,0.0,0.0,0.0,0.0,0,0,0
1756702471,27,0.02,0.0,-0.05,0.0,0.0,0.0,0.0,0.0,0,0,0
1756702471,28,0.05,0.0,-0.05,0.0,0.0,0.0,0.0,0.0,0,0,0
1756702471,29,0.0,0.0,0.0,0.0,0.0,0.0,0.0,0.0,0,0,0
1756702471,30,0.0,0.0,-0.01,0.0,0.0,0.0,0.0,0.0,0,0,0
1756702471,31,0.0,0.0,-0.03,0.0,0.0,0.0,0.0,0.0,0,0,0
1756702471,32,0.01,0.0,0.0,0.0,0.0,0.0,0.0,0.0,0,0,0
1756702471,33,0.0,0.0,-0.01,0.0,0.0,0.0,0.0,0.0,0,0,0
1756702471,34,0.0,0.0,-0.05,0.0,0.0,0.0,0.0,0.0,0,0,0
1756702471,35,0.0,0.0,-0.03,0.0,0.0,0.0,0.0,0.0,0,0,0
1756702471,36,0.0,0.0,-0.02,0.0,0.0,0.0,0.0,0.0,0,0,0
1756702471,37,0.0,0.0,0.0,0.0,0.0,0.0,0.0,0.0,0,0,0
1756702471,38,-0.1,0.0,0.0,0.0,0.0,0.0,0.0,0.0,0,0,0
1756702471,39,0.0,0.0,-0.03,0.0,0.0,0.0,0.0,0.0,0,0,0
1756702471,40,0.0,0.0,-0.01,0.0,0.0,0.0,0.0,0.0,0,0,0
1756702471,41,0.01,0.0,0.0,0.0,0.0,0.0,0.0,0.0,0,0,0
1756702471,42,-0.03,0.0,-0.03,0.0,0.0,0.0,0.0,0.0,0,0,0
1756702471,43,0.01,0.0,0.0,0.0,0.0,0.0,0.0,0.0,0,0,0
1756702471,44,0.0,0.0,-0.01,0.0,0.0,0.0,0.0,0.0,0,0,0
1756702471,45,-0.02,0.0,-0.05,0.0,0.0,0.0,0.0,0.0,0,0,0
1756702471,46,0.0,0.0,-0.01,0.0,0.0,0.0,0.0,0.0,0,0,0
1756702471,47,0.0,0.0,0.0,0.0,0.0,0.0,0.0,0.0,0,0,0
1756702471,48,0.0,0.0,-0.05,0.0,0.0,0.0,0.0,0.0,0,0,0
1756702471,49,0.14,0.0,-0.05,0.0,0.0,0.0,0.0,0.0,0,0,0
1756702471,50,0.03,0.0,0.0,0.0,0.0,0.0,0.0,0.0,0,0,0
1756702471,51,0.0,0.0,-0.01,0.0,0.0,0.0,0.0,0.0,0,0,0
1756702471,52,0.0,0.0,0.0,0.0,0.0,0.0,0.0,0.0,0,0,0
1756702471,53,-0.02,0.0,0.0,0.0,0.0,0.0,0.0,0.0,0,0,0
1756702471,54,0.07,0.0,0.0,0.0,0.0,0.0,0.0,0.0,0,0,0
1756702471,55,0.0,0.0,0.02,0.0,0.0,0.0,0.0,0.0,0,0,0
1756702471,56,-0.02,0.0,-0.05,0.0,0.0,0.0,0.0,0.0,0,0,0
1756702471,57,-0.01,0.0,0.0,0.0,0.0,0.0,0.0,0.0,0,0,0
1756702471,58,0.0,0.0,-0.01,0.0,0.0,0.0,0.0,0.0,0,0,0
1756702471,59,0.0,0.0,-0.07,0.0,0.0,0.0,0.0,0.0,0,0,0
1756702471,60,0.0,0.0,0.0,0.0,0.0,0.0,0.0,0.0,0,0,0
1756702471,61,0.03,0.0,0.0,0.0,0.0,0.0,0.0,0.0,0,0,0
1756702472,62,-0.02,0.0,0.0,0.0,0.0,0.0,0.0,0.0,0,0,0
1756702472,63,-0.02,0.0,-0.03,0.0,0.0,0.0,0.0,0.0,0,0,0
1756702472,64,0.0,0.0,0.03,0.0,0.0,0.0,0.0,0.0,0,0,0
1756702472,65,0.0,0.0,0.0,0.0,0.0,0.0,0.0,0.0,0,0,0
1756702472,66,0.0,0.0,-0.09,0.0,0.0,0.0,0.0,0.0,0,0,0
1756702472,67,0.03,0.0,-0.03,0.0,0.0,0.0,0.0,0.0,0,0,0
1756702472,68,0.0,0.0,0.0,0.0,0.0,0.0,0.0,0.0,0,0,0
1756702472,69,0.0,0.0,0.0,0.0,0.0,0.0,0.0,0.0,0,0,0
1756702472,70,0.0,0.0,-0.1,0.0,0.0,0.0,0.0,0.0,0,0,0
1756702472,71,-0.02,0.0,0.0,0.0,0.0,0.0,0.0,0.0,0,0,0
1756702472,72,0.07,0.0,-0.01,0.0,0.0,0.0,0.0,0.0,0,0,0
1756702472,73,-0.05,0.0,0.0,0.0,0.0,0.0,0.0,0.0,0,0,0
1756702472,74,-0.05,0.0,-0.02,0.0,0.0,0.0,0.0,0.0,0,0,0
1756702472,75,0.01,0.0,-0.01,0.0,0.0,0.0,0.0,0.0,0,0,0
1756702472,76,0.0,0.0,-0.05,0.0,0.0,0.0,0.0,0.0,0,0,0
1756702472,77,0.0,0.0,0.0,0.0,0.0,0.0,0.0,0.0,0,0,0
1756702472,78,0.03,0.0,0.0,0.0,0.0,0.0,0.0,0.0,0,0,0
1756702472,79,0.0,0.0,0.0,0.0,0.0,0.0,0.0,0.0,0,0,0
1756702472,80,0.0,0.0,0.0,0.0,0.0,0.0,0.0,0.0,0,0,0
1756702472,81,0.0,0.0,0.03,0.0,0.0,0.0,0.0,0.0,0,0,0
1756702472,82,0.0,0.0,0.01,0.0,0.0,0.0,0.0,0.0,0,0,0
1756702472,83,-0.07,0.0,0.0,0.0,0.0,0.0,0.0,0.0,0,0,0
1756702472,84,0.0,0.0,0.0,0.0,0.0,0.0,0.0,0.0,0,0,0
1756702472,85,0.01,0.0,0.0,0.0,0.0,0.0,0.0,0.0,0,0,0
1756702472,86,0.0,0.0,0.0,0.0,0.0,0.0,0.0,0.0,0,0,0
1756702472,87,-0.1,0.0,0.0,0.0,0.0,0.0,0.0,0.0,0,0,0
1756702472,88,0.03,0.0,0.07,0.0,0.0,0.0,0.0,0.0,0,0,0
1756702472,89,0.09,0.0,0.0,0.0,0.0,0.0,0.0,0.0,0,0,0
1756702472,90,0.0,0.0,0.0,0.0,0.0,0.0,0.0,0.0,0,0,0
1756702472,91,0.07,0.0,-0.11,0.0,0.0,0.0,0.0,0.0,0,0,0
1756702472,92,0.01,0.0,0.0,0.0,0.0,0.0,0.0,0.0,0,0,0
1756702472,93,0.0,0.0,-0.05,0.0,0.0,0.0,0.0,0.0,0,0,0
1756702472,94,-0.01,0.0,-0.1,0.0,0.0,0.0,0.0,0.0,0,0,0
1756702472,95,-0.01,0.0,0.0,0.0,0.0,0.0,0.0,0.0,0,0,0
1756702472,96,0.0,0.0,-0.03,0.0,0.0,0.0,0.0,0.0,0,0,0
1756702472,97,0.0,0.0,-0.1,0.0,0.0,0.0,0.0,0.0,0,0,0
1756702472,98,0.01,0.0,0.0,0.0,0.0,0.0,0.0,0.0,0,0,0
1756702472,99,0.0,0.0,-0.02,0.0,0.0,0.0,0.0,0.0,0,0,0
1756702472,100,0.0,0.0,0.0,0.0,0.0,0.0,0.0,0.0,0,0,0
1756702472,101,0.01,0.0,0.05,0.0,0.0,0.0,0.0,0.0,0,0,0
1756702472,102,-0.03,0.0,-0.03,0.0,0.0,0.0,0.0,0.0,0,0,0
1756702472,103,0.0,0.0,0.0,0.0,0.0,0.0,0.0,0.0,0,0,0
1756702472,104,0.01,0.0,-0.01,0.0,0.0,0.0,0.0,0.0,0,0,0
1756702472,105,-0.01,0.0,0.0,0.0,0.0,0.0,0.0,0.0,0,0,0
1756702472,106,0.0,0.0,0.0,0.0,0.0,0.0,0.0,0.0,0,0,0
1756702472,107,0.01,0.0,0.0,0.0,0.0,0.0,0.0,0.0,0,0,0
1756702472,108,-0.01,0.0,-0.07,0.0,0.0,0.0,0.0,0.0,0,0,0
1756702472,109,-0.02,0.0,0.0,0.0,0.0,0.0,0.0,0.0,0,0,0
1756702472,110,-0.01,0.0,-0.03,0.0,0.0,0.0,0.0,0.0,0,0,0
1756702472,111,0.0,0.0,0.0,0.0,0.0,0.0,0.0,0.0,0,0,0
1756702472,112,-0.07,0.0,0.03,0.0,0.0,0.0,0.0,0.0,0,0,0
1756702472,113,0.0,0.0,0.02,0.0,0.0,0.0,0.0,0.0,0,0,0
1756702472,114,0.05,0.0,0.0,0.0,0.0,0.0,0.0,0.0,0,0,0
1756702472,115,-0.05,0.0,0.0,0.0,0.0,0.0,0.0,0.0,0,0,0
1756702472,116,0.0,0.0,-0.07,0.0,0.0,0.0,0.0,0.0,0,0,0
1756702472,117,0.01,0.0,-0.09,0.0,0.0,0.0,0.0,0.0,0,0,0
1756702472,118,0.02,0.0,0.0,0.0,0.0,0.0,0.0,0.0,0,0,0
1756702472,119,0.0,0.0,-0.05,0.0,0.0,0.0,0.0,0.0,0,0,0
1756702472,120,0.01,0.0,0.01,0.0,0.0,0.0,0.0,0.0,0,0,0
1756702472,121,-0.01,0.0,-0.09,0.0,0.0,0.0,0.0,0.0,0,0,0
1756702472,122,0.01,0.0,0.0,0.0,0.0,0.0,0.0,0.0,0,0,0
1756702472,123,0.01,0.0,0.2,0.0,0.0,0.0,0.0,0.0,0,0,0
1756702472,124,-0.07,0.0,-0.05,0.0,0.0,0.0,0.0,0.0,0,0,0
1756702472,125,0.05,0.0,0.02,0.0,0.0,0.0,0.0,0.0,0,0,0
1756702472,126,0.0,0.0,-0.05,0.0,0.0,0.0,0.0,0.0,0,0,0
1756702472,127,0.02,0.0,-0.01,0.0,0.0,0.0,0.0,0.0,0,0,0
1756702473,128,0.07,0.0,-0.03,0.0,0.0,0.0,0.0,0.0,0,0,0
1756702473,129,0.05,0.0,-0.01,0.0,0.0,0.0,0.0,0.0,0,0,0
1756702473,130,0.05,0.0,-0.01,0.0,0.0,0.0,0.0,0.0,0,0,0
1756702473,131,0.07,0.0,0.0,0.0,0.0,0.0,0.0,0.0,0,0,0
1756702473,132,0.0,0.0,0.0,0.0,0.0,0.0,0.0,0.0,0,0,0
1756702473,133,0.0,0.0,-0.01,0.0,0.0,0.0,0.0,0.0,0,0,0
1756702473,134,0.0,0.0,-0.03,0.0,0.0,0.0,0.0,0.0,0,0,0
1756702473,135,0.0,0.0,-0.01,0.0,0.0,0.0,0.0,0.0,0,0,0
1756702473,136,0.03,0.0,-0.01,0.0,0.0,0.0,0.0,0.0,0,0,0
1756702473,137,0.0,0.0,-0.09,0.0,0.0,0.0,0.0,0.0,0,0,0
1756702473,138,0.0,0.0,-0.02,0.0,0.0,0.0,0.0,0.0,0,0,0
1756702473,139,0.05,0.0,0.0,0.0,0.0,0.0,0.0,0.0,0,0,0
1756702473,140,-0.01,0.0,-0.05,0.0,0.0,0.0,0.0,0.0,0,0,0
1756702473,141,0.05,0.0,-0.01,0.0,0.0,0.0,0.0,0.0,0,0,0
1756702473,142,0.0,0.0,-0.03,0.0,0.0,0.0,0.0,0.0,0,0,0
1756702473,143,0.0,0.0,-0.07,0.0,0.0,0.0,0.0,0.0,0,0,0
1756702473,144,0.0,0.0,0.0,0.0,0.0,0.0,0.0,0.0,0,0,0
1756702473,145,-0.01,0.0,-0.07,0.0,0.0,0.0,0.0,0.0,0,0,0
1756702473,146,0.07,0.0,0.0,0.0,0.0,0.0,0.0,0.0,0,0,0
1756702473,147,0.0,0.0,-0.01,0.0,0.0,0.0,0.0,0.0,0,0,0
1756702473,148,-0.03,0.0,0.0,0.0,0.0,0.0,0.0,0.0,0,0,0
1756702473,149,0.0,0.0,-0.02,0.0,0.0,0.0,0.0,0.0,0,0,0
1756702473,150,0.01,0.0,-0.01,0.0,0.0,0.0,0.0,0.0,0,0,0
1756702473,151,0.02,0.0,-0.03,0.0,0.0,0.0,0.0,0.0,0,0,0
1756702473,152,0.0,0.0,-0.02,0.0,0.0,0.0,0.0,0.0,0,0,0
1756702473,153,0.02,0.0,0.0,0.0,0.0,0.0,0.0,0.0,0,0,0
1756702473,154,-0.01,0.0,-0.03,0.0,0.0,0.0,0.0,0.0,0,0,0
1756702473,155,0.0,0.0,0.0,0.0,0.0,0.0,0.0,0.0,0,0,0
1756702473,156,0.0,0.0,0.0,0.0,0.0,0.0,0.0,0.0,0,0,0
1756702473,157,-0.07,0.0,-0.05,0.0,0.0,0.0,0.0,0.0,0,0,0
1756702473,158,0.0,0.0,0.0,0.0,0.0,0.0,0.0,0.0,0,0,0
1756702473,159,0.02,0.0,-0.05,0.0,0.0,0.0,0.0,0.0,0,0,0
1756702473,160,-0.01,0.0,0.0,0.0,0.0,0.0,0.0,0.0,0,0,0
1756702473,161,-0.01,0.0,-0.01,0.0,0.0,0.0,0.0,0.0,0,0,0
1756702473,162,0.0,0.0,0.0,0.0,0.0,0.0,0.0,0.0,0,0,0
1756702473,163,-0.03,0.0,0.0,0.0,0.0,0.0,0.0,0.0,0,0,0
1756702473,164,-0.03,0.0,0.0,0.0,0.0,0.0,0.0,0.0,0,0,0
1756702473,165,0.05,0.0,0.0,0.0,0.0,0.0,0.0,0.0,0,0,0
1756702473,166,0.0,0.0,-0.02,0.0,0.0,0.0,0.0,0.0,0,0,0
1756702473,167,0.0,0.0,0.0,0.0,0.0,0.0,0.0,0.0,0,0,0
1756702473,168,0.05,0.0,0.0,0.0,0.0,0.0,0.0,0.0,0,0,0
1756702473,169,0.0,0.0,-0.01,0.0,0.0,0.0,0.0,0.0,0,0,0
1756702473,170,-0.07,0.0,-0.02,0.0,0.0,0.0,0.0,0.0,0,0,0
1756702473,171,0.0,0.0,0.0,0.0,0.0,0.0,0.0,0.0,0,0,0
1756702473,172,-0.02,0.0,0.0,0.0,0.0,0.0,0.0,0.0,0,0,0
1756702473,173,0.01,0.0,0.0,0.0,0.0,0.0,0.0,0.0,0,0,0
1756702473,174,0.0,0.0,0.02,0.0,0.0,0.0,0.0,0.0,0,0,0
1756702473,175,0.0,0.0,-0.1,0.0,0.0,0.0,0.0,0.0,0,0,0
1756702473,176,0.0,0.0,0.0,0.0,0.0,0.0,0.0,0.0,0,0,0
1756702473,177,0.0,0.0,0.0,0.0,0.0,0.0,0.0,0.0,0,0,0
1756702473,178,0.0,0.0,-0.01,0.0,0.0,0.0,0.0,0.0,0,0,0
1756702473,179,0.0,0.0,-0.05,0.0,0.0,0.0,0.0,0.0,0,0,0
1756702473,180,-0.01,0.0,-0.01,0.0,0.0,0.0,0.0,0.0,0,0,0
1756702473,181,0.02,0.0,0.0,0.0,0.0,0.0,0.0,0.0,0,0,0
1756702473,182,0.0,0.0,-0.02,0.0,0.0,0.0,0.0,0.0,0,0,0
1756702473,183,0.02,0.0,0.0,0.0,0.0,0.0,0.0,0.0,0,0,0
1756702473,184,0.0,0.0,0.0,0.0,0.0,0.0,0.0,0.0,0,0,0
1756702473,185,0.0,0.0,0.0,0.0,0.0,0.0,0.0,0.0,0,0,0
1756702473,186,0.02,0.0,0.0,0.0,0.0,0.0,0.0,0.0,0,0,0
1756702473,187,0.0,0.0,-0.02,0.0,0.0,0.0,0.0,0.0,0,0,0
1756702473,188,-0.01,0.0,0.0,0.0,0.0,0.0,0.0,0.0,0,0,0
1756702473,189,0.03,0.0,0.09,0.0,0.0,0.0,0.0,0.0,0,0,0
1756702473,190,-0.07,0.0,0.01,0.0,0.0,0.0,0.0,0.0,0,0,0
1756702473,191,0.01,0.0,0.0,0.0,0.0,0.0,0.0,0.0,0,0,0
1756702473,192,-0.02,0.0,-0.02,0.0,0.0,0.0,0.0,0.0,0,0,0
1756702473,193,0.02,0.0,-0.05,0.0,0.0,0.0,0.0,0.0,0,0,0
1756702473,194,0.01,0.0,0.03,0.0,0.0,0.0,0.0,0.0,0,0,0
1756702474,195,0.0,0.0,0.0,0.0,0.0,0.0,0.0,0.0,0,0,0
1756702474,196,0.0,0.0,0.0,0.0,0.0,0.0,0.0,0.0,0,0,0
1756702474,197,0.01,0.0,-0.01,0.0,0.0,0.0,0.0,0.0,0,0,0
1756702474,198,0.05,0.0,-0.01,0.0,0.0,0.0,0.0,0.0,0,0,0
1756702474,199,0.0,0.0,-0.05,0.0,0.0,0.0,0.0,0.0,0,0,0
1756702474,200,0.0,0.0,-0.09,0.0,0.0,0.0,0.0,0.0,0,0,0
1756702474,201,0.09,0.0,0.0,0.0,0.0,0.0,0.0,0.0,0,0,0
1756702474,202,-0.03,0.0,-0.03,0.0,0.0,0.0,0.0,0.0,0,0,0
1756702474,203,0.0,0.0,0.0,0.0,0.0,0.0,0.0,0.0,0,0,0
1756702474,204,0.05,0.0,0.0,0.0,0.0,0.0,0.0,0.0,0,0,0
1756702474,205,0.01,0.0,0.03,0.0,0.0,0.0,0.0,0.0,0,0,0
1756702474,206,0.0,0.0,0.0,0.0,0.0,0.0,0.0,0.0,0,0,0
1756702474,207,0.0,0.0,0.0,0.0,0.0,0.0,0.0,0.0,0,0,0
1756702474,208,0.01,0.0,0.0,0.0,0.0,0.0,0.0,0.0,0,0,0
1756702474,209,0.07,0.0,0.0,0.0,0.0,0.0,0.0,0.0,0,0,0
1756702474,210,0.0,0.0,-0.01,0.0,0.0,0.0,0.0,0.0,0,0,0
1756702474,211,0.0,0.0,-0.03,0.0,0.0,0.0,0.0,0.0,0,0,0
1756702474,212,-0.01,0.0,-0.01,0.0,0.0,0.0,0.0,0.0,0,0,0
1756702474,213,0.01,0.0,0.0,0.0,0.0,0.0,0.0,0.0,0,0,0
1756702474,214,0.0,0.0,-0.03,0.0,0.0,0.0,0.0,0.0,0,0,0
1756702474,215,0.05,0.0,-0.01,0.0,0.0,0.0,0.0,0.0,0,0,0
1756702474,216,-0.02,0.0,-0.02,0.0,0.0,0.0,0.0,0.0,0,0,0
1756702474,217,0.02,0.0,-0.02,0.0,0.0,0.0,0.0,0.0,0,0,0
1756702474,218,0.03,0.0,0.0,0.0,0.0,0.0,0.0,0.0,0,0,0
1756702474,219,0.05,0.0,-0.03,0.0,0.0,0.0,0.0,0.0,0,0,0
1756702474,220,0.07,0.0,0.0,0.0,0.0,0.0,0.0,0.0,0,0,0
1756702474,221,-0.02,0.0,-0.03,0.0,0.0,0.0,0.0,0.0,0,0,0
1756702474,222,0.0,0.0,-0.03,0.0,0.0,0.0,0.0,0.0,0,0,0
1756702474,223,0.02,0.0,-0.03,0.0,0.0,0.0,0.0,0.0,0,0,0
1756702474,224,0.0,0.0,-0.02,0.0,0.0,0.0,0.0,0.0,0,0,0
1756702474,225,0.05,0.0,-0.07,0.0,0.0,0.0,0.0,0.0,0,0,0
1756702474,226,0.01,0.0,-0.03,0.0,0.0,0.0,0.0,0.0,0,0,0
1756702474,227,-0.01,0.0,-0.01,0.0,0.0,0.0,0.0,0.0,0,0,0
1756702474,228,0.0,0.0,0.0,0.0,0.0,0.0,0.0,0.0,0,0,0
1756702474,229,0.02,0.0,-0.1,0.0,0.0,0.0,0.0,0.0,0,0,0
1756702474,230,0.1,0.0,0.0,0.0,0.0,0.0,0.0,0.0,0,0,0
1756702474,231,0.0,0.0,0.05,0.0,0.0,0.0,0.0,0.0,0,0,0
1756702474,232,0.0,0.0,0.0,0.0,0.0,0.0,0.0,0.0,0,0,0
1756702474,233,0.0,0.0,0.0,0.0,0.0,0.0,0.0,0.0,0,0,0
1756702474,234,0.0,0.0,0.0,0.0,0.0,0.0,0.0,0.0,0,0,0
1756702474,235,0.0,0.0,-0.02,0.0,0.0,0.0,0.0,0.0,0,0,0
1756702474,236,0.0,0.0,0.0,0.0,0.0,0.0,0.0,0.0,0,0,0
1756702474,237,-0.02,0.0,0.0,0.0,0.0,0.0,0.0,0.0,0,0,0
1756702474,238,0.0,0.0,-0.01,0.0,0.0,0.0,0.0,0.0,0,0,0
1756702474,239,0.0,0.0,0.0,0.0,0.0,0.0,0.0,0.0,0,0,0
1756702474,240,0.0,0.0,0.0,0.0,0.0,0.0,0.0,0.0,0,0,0
1756702474,241,-0.05,0.0,0.0,0.0,0.0,0.0,0.0,0.0,0,0,0
1756702474,242,0.0,0.0,-0.01,0.0,0.0,0.0,0.0,0.0,0,0,0
1756702474,243,0.03,0.0,0.0,0.0,0.0,0.0,0.0,0.0,0,0,0
1756702474,244,0.0,0.0,-0.09,0.0,0.0,0.0,0.0,0.0,0,0,0
1756702474,245,0.0,0.0,-0.01,0.0,0.0,0.0,0.0,0.0,0,0,0
1756702474,246,0.01,0.0,0.0,0.0,0.0,0.0,0.0,0.0,0,0,0
1756702474,247,-0.07,0.0,0.0,0.0,0.0,0.0,0.0,0.0,0,0,0
1756702474,248,0.0,0.0,0.0,0.0,0.0,0.0,0.0,0.0,0,0,0
1756702474,249,0.0,0.0,0.01,0.0,0.0,0.0,0.0,0.0,0,0,0
1756702474,250,0.03,0.0,-0.01,0.0,0.0,0.0,0.0,0.0,0,0,0
1756702474,251,0.0,0.0,-0.05,0.0,0.0,0.0,0.0,0.0,0,0,0
1756702474,252,0.0,0.0,-0.03,0.0,0.0,0.0,0.0,0.0,0,0,0
1756702474,253,-0.02,0.0,-0.01,0.0,0.0,0.0,0.0,0.0,0,0,0
1756702474,254,0.0,0.0,0.02,0.0,0.0,0.0,0.0,0.0,0,0,0
1756702474,255,-0.01,0.0,-0.02,0.0,0.0,0.0,0.0,0.0,0,0,0
1756702474,256,0.01,0.0,-0.01,0.0,0.0,0.0,0.0,0.0,0,0,0
1756702474,257,0.0,0.0,0.0,0.0,0.0,0.0,0.0,0.0,0,0,0
1756702474,258,0.0,0.0,-0.01,0.0,0.0,0.0,0.0,0.0,0,0,0
1756702474,259,0.0,0.0,-0.01,0.0,0.0,0.0,0.0,0.0,0,0,0
1756702475,260,0.0,0.0,0.0,0.0,0.0,0.0,0.0,0.0,0,0,0
1756702475,261,0.01,0.0,-0.01,0.0,0.0,0.0,0.0,0.0,0,0,0
1756702475,262,0.0,0.0,-0.01,0.0,0.0,0.0,0.0,0.0,0,0,0
1756702475,263,-0.09,0.0,0.0,0.0,0.0,0.0,0.0,0.0,0,0,0
1756702475,264,0.0,0.0,0.0,0.0,0.0,0.0,0.0,0.0,0,0,0
1756702475,265,-0.01,0.0,-0.01,0.0,0.0,0.0,0.0,0.0,0,0,0
1756702475,266,0.03,0.0,-0.03,0.0,0.0,0.0,0.0,0.0,0,0,0
1756702475,267,0.0,0.0,-0.03,0.0,0.0,0.0,0.0,0.0,0,0,0
1756702475,268,0.0,0.0,0.0,0.0,0.0,0.0,0.0,0.0,0,0,0
1756702475,269,0.0,0.0,-0.01,0.0,0.0,0.0,0.0,0.0,0,0,0
1756702475,270,0.01,0.0,-0.03,0.0,0.0,0.0,0.0,0.0,0,0,0
1756702475,271,0.03,0.0,-0.01,0.0,0.0,0.0,0.0,0.0,0,0,0
1756702475,272,0.0,0.0,-0.02,0.0,0.0,0.0,0.0,0.0,0,0,0
1756702475,273,-0.01,0.0,-0.03,0.0,0.0,0.0,0.0,0.0,0,0,0
1756702475,274,0.0,0.0,0.0,0.0,0.0,0.0,0.0,0.0,0,0,0
1756702475,275,0.0,0.0,-0.01,0.0,0.0,0.0,0.0,0.0,0,0,0
1756702475,276,0.02,0.0,-0.03,0.0,0.0,0.0,0.0,0.0,0,0,0
1756702475,277,0.0,0.0,-0.02,0.0,0.0,0.0,0.0,0.0,0,0,0
1756702475,278,0.01,0.0,0.0,0.0,0.0,0.0,0.0,0.0,0,0,0
1756702475,279,0.0,0.0,-0.01,0.0,0.0,0.0,0.0,0.0,0,0,0
1756702475,280,0.02,0.0,0.0,0.0,0.0,0.0,0.0,0.0,0,0,0
1756702475,281,0.05,0.0,0.0,0.0,0.0,0.0,0.0,0.0,0,0,0
1756702475,282,0.14,0.0,0.1,0.0,0.0,0.0,0.0,0.0,0,0,0
1756702475,283,0.0,0.0,-0.05,0.0,0.0,0.0,0.0,0.0,0,0,0
1756702475,284,0.0,0.0,0.0,0.0,0.0,0.0,0.0,0.0,0,0,0
1756702475,285,0.03,0.0,-0.01,0.0,0.0,0.0,0.0,0.0,0,0,0
1756702475,286,0.0,0.0,-0.09,0.0,0.0,0.0,0.0,0.0,0,0,0
1756702475,287,0.0,0.0,-0.01,0.0,0.0,0.0,0.0,0.0,0,0,0
1756702475,288,0.0,0.0,-0.02,0.0,0.0,0.0,0.0,0.0,0,0,0
1756702475,289,-0.1,0.0,0.0,0.0,0.0,0.0,0.0,0.0,0,0,0
1756702475,290,-0.03,0.0,0.0,0.0,0.0,0.0,0.0,0.0,0,0,0
1756702475,291,-0.02,0.0,0.0,0.0,0.0,0.0,0.0,0.0,0,0,0
1756702475,292,0.0,0.0,-0.01,0.0,0.0,0.0,0.0,0.0,0,0,0
1756702475,293,-0.01,0.0,-0.05,0.0,0.0,0.0,0.0,0.0,0,0,0
1756702475,294,0.0,0.0,0.0,0.0,0.0,0.0,0.0,0.0,0,0,0
1756702475,295,0.03,0.0,-0.01,0.0,0.0,0.0,0.0,0.0,0,0,0
1756702475,296,0.0,0.0,-0.02,0.0,0.0,0.0,0.0,0.0,0,0,0
1756702475,297,0.02,0.0,-0.03,0.0,0.0,0.0,0.0,0.0,0,0,0
1756702475,298,0.07,0.0,0.0,0.0,0.0,0.0,0.0,0.0,0,0,0
1756702475,299,0.05,0.0,0.0,0.0,0.0,0.0,0.0,0.0,0,0,0
1756702475,300,0.01,0.0,-0.03,0.0,0.0,0.0,0.0,0.0,0,0,0
1756702475,301,0.0,0.0,0.0,0.0,0.0,0.0,0.0,0.0,0,0,0
1756702475,302,0.0,0.0,0.0,0.0,0.0,0.0,0.0,0.0,0,0,0
1756702475,303,0.0,0.0,-0.01,0.0,0.0,0.0,0.0,0.0,0,0,0
1756702475,304,0.02,0.0,-0.01,0.0,0.0,0.0,0.0,0.0,0,0,0
1756702475,305,0.03,0.0,0.05,0.0,0.0,0.0,0.0,0.0,0,0,0
1756702475,306,-0.03,0.0,0.0,0.0,0.0,0.0,0.0,0.0,0,0,0
1756702475,307,0.0,0.0,0.0,0.0,0.0,0.0,0.0,0.0,0,0,0
1756702475,308,0.0,0.0,0.0,0.0,0.0,0.0,0.0,0.0,0,0,0
1756702475,309,0.05,0.0,-0.03,0.0,0.0,0.0,0.0,0.0,0,0,0
1756702475,310,0.0,0.0,0.0,0.0,0.0,0.0,0.0,0.0,0,0,0
1756702475,311,0.0,0.0,-0.02,0.0,0.0,0.0,0.0,0.0,0,0,0
1756702475,312,0.02,0.0,-0.03,0.0,0.0,0.0,0.0,0.0,0,0,0
1756702475,313,0.01,0.0,-0.01,0.0,0.0,0.0,0.0,0.0,0,0,0
1756702475,314,0.03,0.0,0.03,0.0,0.0,0.0,0.0,0.0,0,0,0
1756702475,315,0.07,0.0,-0.11,0.0,0.0,0.0,0.0,0.0,0,0,0
1756702475,316,-0.01,0.0,0.0,0.0,0.0,0.0,0.0,0.0,0,0,0
1756702475,317,0.02,0.0,0.0,0.0,0.0,0.0,0.0,0.0,0,0,0
1756702475,318,0.0,0.0,-0.02,0.0,0.0,0.0,0.0,0.0,0,0,0
1756702475,319,0.0,0.0,0.0,0.0,0.0,0.0,0.0,0.0,0,0,0
1756702475,320,0.0,0.0,-0.01,0.0,0.0,0.0,0.0,0.0,0,0,0
1756702475,321,0.05,0.0,0.0,0.0,0.0,0.0,0.0,0.0,0,0,0
1756702475,322,0.0,0.0,0.0,0.0,0.0,0.0,0.0,0.0,0,0,0
1756702475,323,0.0,0.0,-0.01,0.0,0.0,0.0,0.0,0.0,0,0,0
1756702475,324,0.0,0.0,-0.01,0.0,0.0,0.0,0.0,0.0,0,0,0
1756702475,325,0.01,0.0,0.0,0.0,0.0,0.0,0.0,0.0,0,0,0
1756702475,326,0.0,0.0,-0.02,0.0,0.0,0.0,0.0,0.0,0,0,0
1756702475,327,0.0,0.0,0.0,0.0,0.0,0.0,0.0,0.0,0,0,0
1756702476,328,0.0,0.0,0.0,0.0,0.0,0.0,0.0,0.0,0,0,0
1756702476,329,0.05,0.0,-0.01,0.0,0.0,0.0,0.0,0.0,0,0,0
1756702476,330,0.1,0.0,0.0,0.0,0.0,0.0,0.0,0.0,0,0,0
1756702476,331,0.0,0.0,-0.05,0.0,0.0,0.0,0.0,0.0,0,0,0
1756702476,332,0.05,0.0,-0.02,0.0,0.0,0.0,0.0,0.0,0,0,0
1756702476,333,0.0,0.0,-0.09,0.0,0.0,0.0,0.0,0.0,0,0,0
1756702476,334,-0.03,0.0,0.05,0.0,0.0,0.0,0.0,0.0,0,0,0
1756702476,335,0.0,0.0,-0.05,0.0,0.0,0.0,0.0,0.0,0,0,0
1756702476,336,0.09,0.0,-0.01,0.0,0.0,0.0,0.0,0.0,0,0,0
1756702476,337,-0.03,0.0,0.03,0.0,0.0,0.0,0.0,0.0,0,0,0
1756702476,338,0.0,0.0,0.0,0.0,0.0,0.0,0.0,0.0,0,0,0
1756702476,339,-0.02,0.0,-0.07,0.0,0.0,0.0,0.0,0.0,0,0,0
1756702476,340,0.0,0.0,0.0,0.0,0.0,0.0,0.0,0.0,0,0,0
1756702476,341,-0.15,0.0,0.0,0.0,0.0,0.0,0.0,0.0,0,0,0
1756702476,342,0.0,0.0,-0.02,0.0,0.0,0.0,0.0,0.0,0,0,0
1756702476,343,0.0,0.0,-0.07,0.0,0.0,0.0,0.0,0.0,0,0,0
1756702476,344,0.07,0.0,-0.03,0.0,0.0,0.0,0.0,0.0,0,0,0
1756702476,345,0.0,0.0,-0.05,0.0,0.0,0.0,0.0,0.0,0,0,0
1756702476,346,0.0,0.0,0.0,0.0,0.0,0.0,0.0,0.0,0,0,0
1756702476,347,-0.14,0.0,-0.02,0.0,0.0,0.0,0.0,0.0,0,0,0
1756702476,348,0.01,0.0,-0.01,0.0,0.0,0.0,0.0,0.0,0,0,0
1756702476,349,0.01,0.0,0.0,0.0,0.0,0.0,0.0,0.0,0,0,0
1756702476,350,0.0,0.0,-0.02,0.0,0.0,0.0,0.0,0.0,0,0,0
1756702476,351,0.0,0.0,-0.01,0.0,0.0,0.0,0.0,0.0,0,0,0
1756702476,352,0.0,0.0,0.0,0.0,0.0,0.0,0.0,0.0,0,0,0
1756702476,353,0.0,0.0,0.0,0.0,0.0,0.0,0.0,0.0,0,0,0
1756702476,354,-0.05,0.0,-0.02,0.0,0.0,0.0,0.0,0.0,0,0,0
1756702476,355,0.0,0.0,0.0,0.0,0.0,0.0,0.0,0.0,0,0,0
1756702476,356,0.01,0.0,0.0,0.0,0.0,0.0,0.0,0.0,0,0,0
1756702476,357,0.02,0.0,0.0,0.0,0.0,0.0,0.0,0.0,0,0,0
1756702476,358,0.0,0.0,-0.01,0.0,0.0,0.0,0.0,0.0,0,0,0
1756702476,359,0.01,0.0,-0.03,0.0,0.0,0.0,0.0,0.0,0,0,0
1756702476,360,0.0,0.0,-0.03,0.0,0.0,0.0,0.0,0.0,0,0,0
1756702476,361,0.01,0.0,0.0,0.0,0.0,0.0,0.0,0.0,0,0,0
1756702476,362,0.0,0.0,0.0,0.0,0.0,0.0,0.0,0.0,0,0,0
1756702476,363,-0.02,0.0,0.0,0.0,0.0,0.0,0.0,0.0,0,0,0
1756702476,364,0.01,0.0,-0.03,0.0,0.0,0.0,0.0,0.0,0,0,0
1756702476,365,0.0,0.0,0.0,0.0,0.0,0.0,0.0,0.0,0,0,0
1756702476,366,0.0,0.0,0.0,0.0,0.0,0.0,0.0,0.0,0,0,0
1756702476,367,0.0,0.0,0.0,0.0,0.0,0.0,0.0,0.0,0,0,0
1756702476,368,0.0,0.0,-0.05,0.0,0.0,0.0,0.0,0.0,0,0,0
1756702476,369,-0.03,0.0,-0.01,0.0,0.0,0.0,0.0,0.0,0,0,0
1756702476,370,0.0,0.0,-0.07,0.0,0.0,0.0,0.0,0.0,0,0,0
1756702476,371,0.0,0.0,-0.01,0.0,0.0,0.0,0.0,0.0,0,0,0
1756702476,372,0.0,0.0,-0.02,0.0,0.0,0.0,0.0,0.0,0,0,0
1756702476,373,0.01,0.0,0.0,0.0,0.0,0.0,0.0,0.0,0,0,0
1756702476,374,0.0,0.0,-0.02,0.0,0.0,0.0,0.0,0.0,0,0,0
1756702476,375,0.0,0.0,0.0,0.0,0.0,0.0,0.0,0.0,0,0,0
1756702476,376,-0.01,0.0,0.0,0.0,0.0,0.0,0.0,0.0,0,0,0
1756702476,377,0.0,0.0,0.0,0.0,0.0,0.0,0.0,0.0,0,0,0
1756702476,378,-0.01,0.0,0.0,0.0,0.0,0.0,0.0,0.0,0,0,0
1756702476,379,0.0,0.0,0.0,0.0,0.0,0.0,0.0,0.0,0,0,0
1756702476,380,0.0,0.0,0.0,0.0,0.0,0.0,0.0,0.0,0,0,0
1756702476,381,-0.07,0.0,-0.01,0.0,0.0,0.0,0.0,0.0,0,0,0
1756702476,382,0.0,0.0,0.05,0.0,0.0,0.0,0.0,0.0,0,0,0
1756702476,383,0.0,0.0,-0.01,0.0,0.0,0.0,0.0,0.0,0,0,0
1756702476,384,-0.05,0.0,0.02,0.0,0.0,0.0,0.0,0.0,0,0,0
1756702476,385,-0.02,0.0,-0.05,0.0,0.0,0.0,0.0,0.0,0,0,0
1756702476,386,0.03,0.0,0.0,0.0,0.0,0.0,0.0,0.0,0,0,0
1756702476,387,0.0,0.0,-0.02,0.0,0.0,0.0,0.0,0.0,0,0,0
1756702476,388,0.01,0.0,0.0,0.0,0.0,0.0,0.0,0.0,0,0,0
1756702476,389,-0.05,0.0,0.0,0.0,0.0,0.0,0.0,0.0,0,0,0
1756702476,390,0.0,0.0,0.0,0.0,0.0,0.0,0.0,0.0,0,0,0
1756702476,391,0.01,0.0,0.0,0.0,0.0,0.0,0.0,0.0,0,0,0
1756702476,392,0.01,0.0,-0.03,0.0,0.0,0.0,0.0,0.0,0,0,0
1756702476,393,0.01,0.0,0.0,0.0,0.0,0.0,0.0,0.0,0,0,0
1756702477,394,-0.01,0.0,-0.01,0.0,0.0,0.0,0.0,0.0,0,0,0
1756702477,395,0.02,0.0,0.0,0.0,0.0,0.0,0.0,0.0,0,0,0
1756702477,396,0.0,0.0,0.0,0.0,0.0,0.0,0.0,0.0,0,0,0
1756702477,397,-0.01,0.0,-0.01,0.0,0.0,0.0,0.0,0.0,0,0,0
1756702477,398,0.0,0.0,0.0,0.0,0.0,0.0,0.0,0.0,0,0,0
1756702477,399,0.0,0.0,-0.05,0.0,0.0,0.0,0.0,0.0,0,0,0
1756702477,400,0.1,0.0,-0.07,0.0,0.0,0.0,0.0,0.0,0,0,0
1756702477,401,0.0,0.0,-0.14,0.0,0.0,0.0,0.0,0.0,0,0,0
1756702477,402,-0.1,0.0,-0.1,0.0,0.0,0.0,0.0,0.0,0,0,0
1756702477,403,0.0,0.0,-0.09,0.0,0.0,0.0,0.0,0.0,0,0,0
1756702477,404,0.0,0.0,-0.3,0.0,0.0,0.0,0.0,0.0,0,0,0
1756702477,405,-0.02,0.0,-0.31,0.0,0.0,0.0,0.0,0.0,0,0,0
1756702477,406,0.01,0.0,-0.28,0.0,0.0,0.0,0.0,0.0,0,0,0
1756702477,407,0.0,0.0,-0.37,0.0,0.0,0.0,0.0,0.0,0,0,0
1756702477,408,0.0,0.0,-0.28,0.0,0.0,0.0,0.0,0.0,0,0,0
1756702477,409,0.0,0.0,-0.25,0.0,0.0,0.0,0.0,0.0,0,0,0
1756702477,410,0.0,0.0,-0.31,0.0,0.0,0.0,0.0,0.0,0,0,0
1756702477,411,0.0,0.0,-0.3,0.0,0.0,0.0,0.0,0.0,0,0,0
1756702477,412,-0.05,0.0,-0.37,0.0,0.0,0.0,0.0,0.0,0,0,0
1756702477,413,0.07,0.0,-0.23,0.0,0.0,0.0,0.0,0.0,0,0,0
1756702477,414,-0.03,0.0,-0.28,0.0,0.0,0.0,0.0,0.0,0,0,0
1756702477,415,0.0,0.0,-0.3,0.0,0.0,0.0,0.0,0.0,0,0,0
1756702477,416,-0.01,0.0,-0.33,0.0,0.0,0.0,0.0,0.0,0,0,0
1756702477,417,0.0,0.0,-0.28,0.0,0.0,0.0,0.0,0.0,0,0,0
1756702477,418,0.01,0.0,-0.18,0.0,0.0,0.0,0.0,0.0,0,0,0
1756702477,419,0.09,0.0,-0.12,0.0,0.0,0.0,0.0,0.0,0,0,0
1756702477,420,0.0,0.0,-0.18,0.0,0.0,0.0,0.0,0.0,0,0,0
1756702477,421,0.05,0.0,-0.23,0.0,0.0,0.0,0.0,0.0,0,0,0
1756702477,422,0.07,0.0,-0.15,0.0,0.0,0.0,0.0,0.0,0,0,0
1756702477,423,-0.03,0.0,-0.09,0.0,0.0,0.0,0.0,0.0,0,0,0
1756702477,424,-0.02,0.0,-0.07,0.0,0.0,0.0,0.0,0.0,0,0,0
1756702477,425,-0.05,0.0,-0.05,0.0,0.0,0.0,0.0,0.0,0,0,0
1756702477,426,0.0,0.0,-0.05,0.0,0.0,0.0,0.0,0.0,0,0,0
1756702477,427,0.0,0.0,0.0,0.0,0.0,0.0,0.0,0.0,0,0,0
1756702477,428,0.0,0.0,0.0,0.0,0.0,0.0,0.0,0.0,0,0,0
1756702477,429,0.0,0.0,-0.03,0.0,0.0,0.0,0.0,0.0,0,0,0
1756702477,430,0.0,0.0,-0.07,0.0,0.0,0.0,0.0,0.0,0,0,0
1756702477,431,0.0,0.0,0.0,0.0,0.0,0.0,0.0,0.0,0,0,0
1756702477,432,-0.02,0.0,-0.02,0.0,0.0,0.0,0.0,0.0,0,0,0
1756702477,433,-0.07,0.0,-0.02,0.0,0.0,0.0,0.0,0.0,0,0,0
1756702477,434,0.0,0.0,0.01,0.0,0.0,0.0,0.0,0.0,0,0,0
1756702477,435,-0.01,0.0,0.01,0.0,0.0,0.0,0.0,0.0,0,0,0
1756702477,436,0.01,0.0,0.05,0.0,0.0,0.0,0.0,0.0,0,0,0
1756702477,437,0.02,0.0,0.01,0.0,0.0,0.0,0.0,0.0,0,0,0
1756702477,438,-0.03,0.0,0.02,0.0,0.0,0.0,0.0,0.0,0,0,0
1756702477,439,-0.03,0.0,0.03,0.0,0.0,0.0,0.0,0.0,0,0,0
1756702477,440,0.03,0.0,0.09,0.0,0.0,0.0,0.0,0.0,0,0,0
1756702477,441,-0.02,0.0,0.07,0.0,0.0,0.0,0.0,0.0,0,0,0
1756702477,442,-0.03,0.0,0.15,0.0,0.0,0.0,0.0,0.0,0,0,0
1756702477,443,0.03,0.0,0.1,0.0,0.0,0.0,0.0,0.0,0,0,0
1756702477,444,0.0,0.0,0.11,0.0,0.0,0.0,0.0,0.0,0,0,0
1756702477,445,0.0,0.0,0.11,0.0,0.0,0.0,0.0,0.0,0,0,0
1756702477,446,0.02,0.0,0.15,0.0,0.0,0.0,0.0,0.0,0,0,0
1756702477,447,0.0,0.0,0.11,0.0,0.0,0.0,0.0,0.0,0,0,0
1756702477,448,-0.05,0.0,0.1,0.0,0.0,0.0,0.0,0.0,0,0,0
1756702477,449,0.0,0.0,0.14,0.0,0.0,0.0,0.0,0.0,0,0,0
1756702477,450,0.0,0.0,0.15,0.0,0.0,0.0,0.0,0.0,0,0,0
1756702477,451,0.0,0.0,0.14,0.0,0.0,0.0,0.0,0.0,0,0,0
1756702477,452,-0.01,0.0,0.12,0.0,0.0,0.0,0.0,0.0,0,0,0
1756702477,453,0.07,0.0,0.14,0.0,0.0,0.0,0.0,0.0,0,0,0
1756702477,454,0.02,0.0,0.18,0.0,0.0,0.0,0.0,0.0,0,0,0
1756702477,455,0.0,0.0,0.15,0.0,0.0,0.0,0.0,0.0,0,0,0
1756702477,456,0.01,0.0,0.17,0.0,0.0,0.0,0.0,0.0,0,0,0
1756702477,457,0.0,0.0,0.2,0.0,0.0,0.0,0.0,0.0,0,0,0
1756702477,458,-0.01,0.0,0.23,0.0,0.0,0.0,0.0,0.0,0,0,0
1756702478,459,0.0,0.0,0.27,0.0,0.0,0.0,0.0,0.0,0,0,0
1756702478,460,0.0,0.0,0.18,0.0,0.0,0.0,0.0,0.0,0,0,0
1756702478,461,0.03,0.0,0.15,0.0,0.0,0.0,0.0,0.0,0,0,0
1756702478,462,0.01,0.0,0.05,0.0,0.0,0.0,0.0,0.0,0,0,0
1756702478,463,0.05,0.0,0.15,0.0,0.0,0.0,0.0,0.0,0,0,0
1756702478,464,0.0,0.0,0.14,0.0,0.0,0.0,0.0,0.0,0,0,0
1756702478,465,0.02,0.0,0.05,0.0,0.0,0.0,0.0,0.0,0,0,0
1756702478,466,0.0,0.0,0.07,0.0,0.0,0.0,0.0,0.0,0,0,0
1756702478,467,0.0,0.0,0.07,0.0,0.0,0.0,0.0,0.0,0,0,0
1756702478,468,0.0,0.0,0.05,0.0,0.0,0.0,0.0,0.0,0,0,0
1756702478,469,0.1,0.0,0.05,0.0,0.0,0.0,0.0,0.0,0,0,0
1756702478,470,0.01,0.0,0.11,0.0,0.0,0.0,0.0,0.0,0,0,0
1756702478,471,0.07,0.0,0.05,0.0,0.0,0.0,0.0,0.0,0,0,0
1756702478,472,0.02,0.0,0.0,0.0,0.0,0.0,0.0,0.0,0,0,0
1756702478,473,0.07,0.0,0.03,0.0,0.0,0.0,0.0,0.0,0,0,0
1756702478,474,0.02,0.0,0.03,0.0,0.0,0.0,0.0,0.0,0,0,0
1756702478,475,0.0,0.0,0.0,0.0,0.0,0.0,0.0,0.0,0,0,0
1756702478,476,0.03,0.0,0.0,0.0,0.0,0.0,0.0,0.0,0,0,0
1756702478,477,0.01,0.0,0.0,0.0,0.0,0.0,0.0,0.0,0,0,0
1756702478,478,0.03,0.0,-0.05,0.0,0.0,0.0,0.0,0.0,0,0,0
1756702478,479,0.02,0.0,-0.07,0.0,0.0,0.0,0.0,0.0,0,0,0
1756702478,480,0.0,0.0,-0.1,0.0,0.0,0.0,0.0,0.0,0,0,0
1756702478,481,0.05,0.0,-0.09,0.0,0.0,0.0,0.0,0.0,0,0,0
1756702478,482,0.0,0.0,-0.07,0.0,0.0,0.0,0.0,0.0,0,0,0
1756702478,483,0.05,0.0,-0.09,0.0,0.0,0.0,0.0,0.0,0,0,0
1756702478,484,0.0,0.0,-0.15,0.0,0.0,0.0,0.0,0.0,0,0,0
1756702478,485,0.0,0.0,-0.03,0.0,0.0,0.0,0.0,0.0,0,0,0
1756702478,486,-0.07,0.0,-0.2,0.0,0.0,0.0,0.0,0.0,0,0,0
1756702478,487,-0.03,0.0,-0.28,0.0,0.0,0.0,0.0,0.0,0,0,0
1756702478,488,-0.05,0.0,-0.25,0.0,0.0,0.0,0.0,0.0,0,0,0
1756702478,489,0.0,0.0,-0.2,0.0,0.0,0.0,0.0,0.0,0,0,0
1756702478,490,0.02,0.0,-0.18,0.0,0.0,0.0,0.0,0.0,0,0,0
1756702478,491,0.0,0.0,-0.17,0.0,0.0,0.0,0.0,0.0,0,0,0
1756702478,492,0.0,0.0,-0.2,0.0,0.0,0.0,0.0,0.0,0,0,0
1756702478,493,-0.09,0.0,-0.18,0.0,0.0,0.0,0.0,0.0,0,0,0
1756702478,494,0.0,0.0,-0.14,0.0,0.0,0.0,0.0,0.0,0,0,0
1756702478,495,-0.01,0.0,-0.18,0.0,0.0,0.0,0.0,0.0,0,0,0
1756702478,496,-0.05,0.0,-0.17,0.0,0.0,0.0,0.0,0.0,0,0,0
1756702478,497,-0.05,0.0,-0.11,0.0,0.0,0.0,0.0,0.0,0,0,0
1756702478,498,-0.05,0.0,-0.2,0.0,0.0,0.0,0.0,0.0,0,0,0
1756702478,499,-0.03,0.0,-0.17,0.0,0.0,0.0,0.0,0.0,0,0,0
1756702478,500,0.0,0.0,-0.15,0.0,0.0,0.0,0.0,0.0,0,0,0
1756702478,501,-0.03,0.0,-0.1,0.0,0.0,0.0,0.0,0.0,0,0,0
1756702478,502,-0.02,0.0,-0.2,0.0,0.0,0.0,0.0,0.0,0,0,0
1756702478,503,-0.03,0.0,-0.14,0.0,0.0,0.0,0.0,0.0,0,0,0
1756702478,504,-0.03,0.0,-0.1,0.0,0.0,0.0,0.0,0.0,0,0,0
1756702478,505,-0.05,0.0,-0.18,0.0,0.0,0.0,0.0,0.0,0,0,0
1756702478,506,-0.03,0.0,-0.11,0.0,0.0,0.0,0.0,0.0,0,0,0
1756702478,507,-0.02,0.0,-0.11,0.0,0.0,0.0,0.0,0.0,0,0,0
1756702478,508,0.0,0.0,-0.15,0.0,0.0,0.0,0.0,0.0,0,0,0
1756702478,509,0.01,0.0,-0.1,0.0,0.0,0.0,0.0,0.0,0,0,0
1756702478,510,-0.03,0.0,-0.1,0.0,0.0,0.0,0.0,0.0,0,0,0
1756702478,511,0.0,0.0,-0.11,0.0,0.0,0.0,0.0,0.0,0,0,0
1756702478,512,-0.03,0.0,-0.09,0.0,0.0,0.0,0.0,0.0,0,0,0
1756702478,513,0.0,0.0,-0.15,0.0,0.0,0.0,0.0,0.0,0,0,0
1756702478,514,-0.03,0.0,-0.12,0.0,0.0,0.0,0.0,0.0,0,0,0
1756702478,515,-0.02,0.0,-0.1,0.0,0.0,0.0,0.0,0.0,0,0,0
1756702478,516,-0.01,0.0,-0.12,0.0,0.0,0.0,0.0,0.0,0,0,0
1756702478,517,0.05,0.0,-0.15,0.0,0.0,0.0,0.0,0.0,0,0,0
1756702478,518,-0.02,0.0,-0.12,0.0,0.0,0.0,0.0,0.0,0,0,0
1756702478,519,-0.07,0.0,-0.15,0.0,0.0,0.0,0.0,0.0,0,0,0
1756702478,520,0.0,0.0,-0.03,0.0,0.0,0.0,0.0,0.0,0,0,0
1756702478,521,-0.01,0.0,-0.05,0.0,0.0,0.0,0.0,0.0,0,0,0
1756702478,522,0.02,0.0,-0.02,0.0,0.0,0.0,0.0,0.0,0,0,0
1756702479,523,-0.01,0.0,-0.05,0.0,0.0,0.0,0.0,0.0,0,0,0
1756702479,524,-0.02,0.0,-0.09,0.0,0.0,0.0,0.0,0.0,0,0,0
1756702479,525,-0.03,0.0,-0.03,0.0,0.0,0.0,0.0,0.0,0,0,0
1756702479,526,-0.01,0.0,0.0,0.0,0.0,0.0,0.0,0.0,0,0,0
1756702479,527,0.0,0.0,0.09,0.0,0.0,0.0,0.0,0.0,0,0,0
1756702479,528,-0.09,0.0,0.05,0.0,0.0,0.0,0.0,0.0,0,0,0
1756702479,529,0.0,0.0,0.03,0.0,0.0,0.0,0.0,0.0,0,0,0
1756702479,530,-0.05,0.0,0.1,0.0,0.0,0.0,0.0,0.0,0,0,0
1756702479,531,0.0,0.0,0.14,0.0,0.0,0.0,0.0,0.0,0,0,0
1756702479,532,-0.05,0.0,0.17,0.0,0.0,0.0,0.0,0.0,0,0,0
1756702479,533,-0.05,0.0,0.15,0.0,0.0,0.0,0.0,0.0,0,0,0
1756702479,534,0.0,0.0,0.11,0.0,0.0,0.0,0.0,0.0,0,0,0
1756702479,535,0.01,0.0,0.12,0.0,0.0,0.0,0.0,0.0,0,0,0
1756702479,536,0.0,0.0,0.15,0.0,0.0,0.0,0.0,0.0,0,0,0
1756702479,537,-0.01,0.0,0.12,0.0,0.0,0.0,0.0,0.0,0,0,0
1756702479,538,0.0,0.0,0.17,0.0,0.0,0.0,0.0,0.0,0,0,0
1756702479,539,0.0,0.0,0.15,0.0,0.0,0.0,0.0,0.0,0,0,0
1756702479,540,0.0,0.0,0.15,0.0,0.0,0.0,0.0,0.0,0,0,0
1756702479,541,0.05,0.0,0.14,0.0,0.0,0.0,0.0,0.0,0,0,0
1756702479,542,0.0,0.0,0.15,0.0,0.0,0.0,0.0,0.0,0,0,0
1756702479,543,-0.07,0.0,0.12,0.0,0.0,0.0,0.0,0.0,0,0,0
1756702479,544,0.0,0.0,0.1,0.0,0.0,0.0,0.0,0.0,0,0,0
1756702479,545,0.0,0.0,0.09,0.0,0.0,0.0,0.0,0.0,0,0,0
1756702479,546,0.05,0.0,0.1,0.0,0.0,0.0,0.0,0.0,0,0,0
1756702479,547,0.07,0.0,0.15,0.0,0.0,0.0,0.0,0.0,0,0,0
1756702479,548,0.03,0.0,0.05,0.0,0.0,0.0,0.0,0.0,0,0,0
1756702479,549,0.01,0.0,0.1,0.0,0.0,0.0,0.0,0.0,0,0,0
1756702479,550,-0.03,0.0,-0.01,0.0,0.0,0.0,0.0,0.0,0,0,0
1756702479,551,0.0,0.0,0.0,0.0,0.0,0.0,0.0,0.0,0,0,0
1756702479,552,0.0,0.0,-0.09,0.0,0.0,0.0,0.0,0.0,0,0,0
1756702479,553,0.03,0.0,0.0,0.0,0.0,0.0,0.0,0.0,0,0,0
1756702479,554,0.0,0.0,-0.05,0.0,0.0,0.0,0.0,0.0,0,0,0
1756702479,555,0.0,0.0,-0.03,0.0,0.0,0.0,0.0,0.0,0,0,0
1756702479,556,0.03,0.0,0.05,0.0,0.0,0.0,0.0,0.0,0,0,0
1756702479,557,0.0,0.0,0.0,0.0,0.0,0.0,0.0,0.0,0,0,0
1756702479,558,0.0,0.0,-0.03,0.0,0.0,0.0,0.0,0.0,0,0,0
1756702479,559,0.0,0.0,-0.09,0.0,0.0,0.0,0.0,0.0,0,0,0
1756702479,560,0.02,0.0,0.0,0.0,0.0,0.0,0.0,0.0,0,0,0
1756702479,561,0.03,0.0,0.17,0.0,0.0,0.0,0.0,0.0,0,0,0
1756702479,562,0.05,0.0,0.0,0.0,0.0,0.0,0.0,0.0,0,0,0
1756702479,563,0.07,0.0,0.01,0.0,0.0,0.0,0.0,0.0,0,0,0
1756702479,564,0.0,0.0,-0.12,0.0,0.0,0.0,0.0,0.0,0,0,0
1756702479,565,0.0,0.0,0.0,0.0,0.0,0.0,0.0,0.0,0,0,0
1756702479,566,0.0,0.0,-0.01,0.0,0.0,0.0,0.0,0.0,0,0,0
1756702479,567,0.05,0.0,0.0,0.0,0.0,0.0,0.0,0.0,0,0,0
1756702479,568,0.0,0.0,0.0,0.0,0.0,0.0,0.0,0.0,0,0,0
1756702479,569,0.02,0.0,0.0,0.0,0.0,0.0,0.0,0.0,0,0,0
1756702479,570,0.0,0.0,-0.01,0.0,0.0,0.0,0.0,0.0,0,0,0
1756702479,571,0.0,0.0,-0.01,0.0,0.0,0.0,0.0,0.0,0,0,0
1756702479,572,0.03,0.0,0.0,0.0,0.0,0.0,0.0,0.0,0,0,0
1756702479,573,0.01,0.0,0.01,0.0,0.0,0.0,0.0,0.0,0,0,0
1756702479,574,0.0,0.0,0.01,0.0,0.0,0.0,0.0,0.0,0,0,0
1756702479,575,0.02,0.0,0.03,0.0,0.0,0.0,0.0,0.0,0,0,0
1756702479,576,0.0,0.0,0.01,0.0,0.0,0.0,0.0,0.0,0,0,0
1756702479,577,-0.07,0.0,0.01,0.0,0.0,0.0,0.0,0.0,0,0,0
1756702479,578,-0.07,0.0,0.01,0.0,0.0,0.0,0.0,0.0,0,0,0
1756702479,579,0.05,0.0,0.0,0.0,0.0,0.0,0.0,0.0,0,0,0
1756702479,580,-0.02,0.0,0.0,0.0,0.0,0.0,0.0,0.0,0,0,0
1756702479,581,0.07,0.0,-0.01,0.0,0.0,0.0,0.0,0.0,0,0,0
1756702479,582,0.01,0.0,0.0,0.0,0.0,0.0,0.0,0.0,0,0,0
1756702479,583,0.02,0.0,0.01,0.0,0.0,0.0,0.0,0.0,0,0,0
1756702479,584,0.01,0.0,0.0,0.0,0.0,0.0,0.0,0.0,0,0,0
1756702479,585,-0.05,0.0,0.02,0.0,0.0,0.0,0.0,0.0,0,0,0
1756702479,586,0.09,0.0,0.02,0.0,0.0,0.0,0.0,0.0,0,0,0
1756702479,587,0.02,0.0,0.01,0.0,0.0,0.0,0.0,0.0,0,0,0
1756702480,588,0.01,0.0,0.0,0.0,0.0,0.0,0.0,0.0,0,0,0
1756702480,589,0.0,0.0,0.02,0.0,0.0,0.0,0.0,0.0,0,0,0
1756702480,590,0.0,0.0,0.02,0.0,0.0,0.0,0.0,0.0,0,0,0
1756702480,591,-0.03,0.0,0.0,0.0,0.0,0.0,0.0,0.0,0,0,0
1756702480,592,0.09,0.0,0.07,0.0,0.0,0.0,0.0,0.0,0,0,0
1756702480,593,0.0,0.0,0.0,0.0,0.0,0.0,0.0,0.0,0,0,0
1756702480,594,0.0,0.0,0.02,0.0,0.0,0.0,0.0,0.0,0,0,0
1756702480,595,0.03,0.0,0.0,0.0,0.0,0.0,0.0,0.0,0,0,0
1756702480,596,0.03,0.0,0.05,0.0,0.0,0.0,0.0,0.0,0,0,0
1756702480,597,-0.02,0.0,0.07,0.0,0.0,0.0,0.0,0.0,0,0,0
1756702480,598,-0.01,0.0,0.07,0.0,0.0,0.0,0.0,0.0,0,0,0
1756702480,599,0.0,0.0,0.03,0.0,0.0,0.0,0.0,0.0,0,0,0
1756702480,600,0.09,0.0,0.03,0.0,0.0,0.0,0.0,0.0,0,0,0
1756702480,601,0.0,0.0,0.0,0.0,0.0,0.0,0.0,0.0,0,0,0
1756702480,602,0.0,0.0,0.0,0.0,0.0,0.0,0.0,0.0,0,0,0
1756702480,603,0.0,0.0,0.05,0.0,0.0,0.0,0.0,0.0,0,0,0
1756702480,604,0.05,0.0,0.01,0.0,0.0,0.0,0.0,0.0,0,0,0
1756702480,605,-0.01,0.0,0.0,0.0,0.0,0.0,0.0,0.0,0,0,0
1756702480,606,0.01,0.0,0.0,0.0,0.0,0.0,0.0,0.0,0,0,0
1756702480,607,0.0,0.0,0.0,0.0,0.0,0.0,0.0,0.0,0,0,0
1756702480,608,0.03,0.0,0.05,0.0,0.0,0.0,0.0,0.0,0,0,0
1756702480,609,0.0,0.0,0.0,0.0,0.0,0.0,0.0,0.0,0,0,0
1756702480,610,0.0,0.0,-0.09,0.0,0.0,0.0,0.0,0.0,0,0,0
1756702480,611,0.03,0.0,0.0,0.0,0.0,0.0,0.0,0.0,0,0,0
1756702480,612,0.0,0.0,0.0,0.0,0.0,0.0,0.0,0.0,0,0,0
1756702480,613,0.0,0.0,0.02,0.0,0.0,0.0,0.0,0.0,0,0,0
1756702480,614,-0.03,0.0,0.03,0.0,0.0,0.0,0.0,0.0,0,0,0
1756702480,615,-0.01,0.0,0.0,0.0,0.0,0.0,0.0,0.0,0,0,0
1756702480,616,-0.03,0.0,0.02,0.0,0.0,0.0,0.0,0.0,0,0,0
1756702480,617,-0.03,0.0,0.0,0.0,0.0,0.0,0.0,0.0,0,0,0
1756702480,618,0.01,0.0,-0.05,0.0,0.0,0.0,0.0,0.0,0,0,0
1756702480,619,0.0,0.0,0.03,0.0,0.0,0.0,0.0,0.0,0,0,0
1756702480,620,0.0,0.0,0.03,0.0,0.0,0.0,0.0,0.0,0,0,0
1756702480,621,0.0,0.0,0.0,0.0,0.0,0.0,0.0,0.0,0,0,0
1756702480,622,0.01,0.0,0.0,0.0,0.0,0.0,0.0,0.0,0,0,0
1756702480,623,0.05,0.0,0.01,0.0,0.0,0.0,0.0,0.0,0,0,0
1756702480,624,0.0,0.0,0.05,0.0,0.0,0.0,0.0,0.0,0,0,0
1756702480,625,0.0,0.0,0.0,0.0,0.0,0.0,0.0,0.0,0,0,0
1756702480,626,0.0,0.0,0.01,0.0,0.0,0.0,0.0,0.0,0,0,0
1756702480,627,-0.02,0.0,0.03,0.0,0.0,0.0,0.0,0.0,0,0,0
1756702480,628,-0.02,0.0,0.03,0.0,0.0,0.0,0.0,0.0,0,0,0
1756702480,629,-0.03,0.0,0.0,0.0,0.0,0.0,0.0,0.0,0,0,0
1756702480,630,0.07,0.0,0.01,0.0,0.0,0.0,0.0,0.0,0,0,0
1756702480,631,-0.05,0.0,0.0,0.0,0.0,0.0,0.0,0.0,0,0,0
1756702480,632,0.0,0.0,0.0,0.0,0.0,0.0,0.0,0.0,0,0,0
1756702480,633,0.0,0.0,-0.01,0.0,0.0,0.0,0.0,0.0,0,0,0
1756702480,634,0.01,0.0,-0.01,0.0,0.0,0.0,0.0,0.0,0,0,0
1756702480,635,0.02,0.0,0.0,0.0,0.0,0.0,0.0,0.0,0,0,0
1756702480,636,-0.05,0.0,0.0,0.0,0.0,0.0,0.0,0.0,0,0,0
1756702480,637,0.0,0.0,0.0,0.0,0.0,0.0,0.0,0.0,0,0,0
1756702480,638,-0.03,0.0,0.03,0.0,0.0,0.0,0.0,0.0,0,0,0
1756702480,639,0.0,0.0,-0.03,0.0,0.0,0.0,0.0,0.0,0,0,0
1756702480,640,0.05,0.0,0.02,0.0,0.0,0.0,0.0,0.0,0,0,0
1756702480,641,0.05,0.0,0.0,0.0,0.0,0.0,0.0,0.0,0,0,0
1756702480,642,0.0,0.0,0.0,0.0,0.0,0.0,0.0,0.0,0,0,0
1756702480,643,0.0,0.0,0.01,0.0,0.0,0.0,0.0,0.0,0,0,0
1756702480,644,-0.05,0.0,0.0,0.0,0.0,0.0,0.0,0.0,0,0,0
1756702480,645,0.0,0.0,0.05,0.0,0.0,0.0,0.0,0.0,0,0,0
1756702480,646,0.01,0.0,0.0,0.0,0.0,0.0,0.0,0.0,0,0,0
1756702480,647,0.03,0.0,0.07,0.0,0.0,0.0,0.0,0.0,0,0,0
1756702480,648,0.0,0.0,0.05,0.0,0.0,0.0,0.0,0.0,0,0,0
1756702480,649,-0.02,0.0,-0.01,0.0,0.0,0.0,0.0,0.0,0,0,0
1756702480,650,0.05,0.0,0.0,0.0,0.0,0.0,0.0,0.0,0,0,0
1756702480,651,0.0,0.0,0.0,0.0,0.0,0.0,0.0,0.0,0,0,0
1756702480,652,0.0,0.0,0.0,0.0,0.0,0.0,0.0,0.0,0,0,0
1756702480,653,0.0,0.0,0.0,0.0,0.0,0.0,0.0,0.0,0,0,0
1756702480,654,0.0,0.0,0.0,0.0,0.0,0.0,0.0,0.0,0,0,0
1756702480,655,0.05,0.0,-0.05,0.0,0.0,0.0,0.0,0.0,0,0,0
1756702480,656,0.0,0.0,0.01,0.0,0.0,0.0,0.0,0.0,0,0,0
1756702480,657,0.02,0.0,0.0,0.0,0.0,0.0,0.0,0.0,0,0,0
1756702481,658,0.05,0.0,0.01,0.0,0.0,0.0,0.0,0.0,0,0,0
1756702481,659,-0.05,0.0,-0.02,0.0,0.0,0.0,0.0,0.0,0,0,0
1756702481,660,-0.01,0.0,0.0,0.0,0.0,0.0,0.0,0.0,0,0,0
1756702481,661,-0.01,0.0,0.01,0.0,0.0,0.0,0.0,0.0,0,0,0
1756702481,662,0.0,0.0,0.05,0.0,0.0,0.0,0.0,0.0,0,0,0
1756702481,663,-0.03,0.0,-0.01,0.0,0.0,0.0,0.0,0.0,0,0,0
1756702481,664,-0.02,0.0,0.0,0.0,0.0,0.0,0.0,0.0,0,0,0
1756702481,665,0.01,0.0,0.01,0.0,0.0,0.0,0.0,0.0,0,0,0
1756702481,666,0.01,0.0,0.0,0.0,0.0,0.0,0.0,0.0,0,0,0
1756702481,667,-0.01,0.0,0.0,0.0,0.0,0.0,0.0,0.0,0,0,0
1756702481,668,0.02,0.0,0.05,0.0,0.0,0.0,0.0,0.0,0,0,0
1756702481,669,-0.02,0.0,-0.02,0.0,0.0,0.0,0.0,0.0,0,0,0
1756702481,670,0.03,0.0,0.0,0.0,0.0,0.0,0.0,0.0,0,0,0
1756702481,671,0.01,0.0,0.01,0.0,0.0,0.0,0.0,0.0,0,0,0
1756702481,672,0.01,0.0,0.02,0.0,0.0,0.0,0.0,0.0,0,0,0
1756702481,673,0.0,0.0,-0.03,0.0,0.0,0.0,0.0,0.0,0,0,0
1756702481,674,0.0,0.0,0.01,0.0,0.0,0.0,0.0,0.0,0,0,0
1756702481,675,0.01,0.0,-0.02,0.0,0.0,0.0,0.0,0.0,0,0,0
1756702481,676,0.0,0.0,0.0,0.0,0.0,0.0,0.0,0.0,0,0,0
1756702481,677,0.0,0.0,0.02,0.0,0.0,0.0,0.0,0.0,0,0,0
1756702481,678,-0.05,0.0,0.0,0.0,0.0,0.0,0.0,0.0,0,0,0
1756702481,679,0.0,0.0,-0.05,0.0,0.0,0.0,0.0,0.0,0,0,0
1756702481,680,0.0,0.0,0.0,0.0,0.0,0.0,0.0,0.0,0,0,0
1756702481,681,0.0,0.0,0.0,0.0,0.0,0.0,0.0,0.0,0,0,0
1756702481,682,0.02,0.0,0.03,0.0,0.0,0.0,0.0,0.0,0,0,0
1756702481,683,0.03,0.0,0.0,0.0,0.0,0.0,0.0,0.0,0,0,0
1756702481,684,0.03,0.0,0.0,0.0,0.0,0.0,0.0,0.0,0,0,0
1756702481,685,0.0,0.0,0.02,0.0,0.0,0.0,0.0,0.0,0,0,0
1756702481,686,0.0,0.0,0.0,0.0,0.0,0.0,0.0,0.0,0,0,0
1756702481,687,0.0,0.0,0.03,0.0,0.0,0.0,0.0,0.0,0,0,0
1756702481,688,0.03,0.0,0.0,0.0,0.0,0.0,0.0,0.0,0,0,0
1756702481,689,0.0,0.0,0.0,0.0,0.0,0.0,0.0,0.0,0,0,0
1756702481,690,0.0,0.0,0.0,0.0,0.0,0.0,0.0,0.0,0,0,0
1756702481,691,0.01,0.0,0.0,0.0,0.0,0.0,0.0,0.0,0,0,0
1756702481,692,0.01,0.0,0.0,0.0,0.0,0.0,0.0,0.0,0,0,0
1756702481,693,0.0,0.0,0.0,0.0,0.0,0.0,0.0,0.0,0,0,0
1756702481,694,0.01,0.0,-0.02,0.0,0.0,0.0,0.0,0.0,0,0,0
1756702481,695,0.0,0.0,-0.01,0.0,0.0,0.0,0.0,0.0,0,0,0
1756702481,696,0.02,0.0,0.0,0.0,0.0,0.0,0.0,0.0,0,0,0
1756702481,697,0.01,0.0,0.0,0.0,0.0,0.0,0.0,0.0,0,0,0
1756702481,698,-0.02,0.0,0.0,0.0,0.0,0.0,0.0,0.0,0,0,0
1756702481,699,0.0,0.0,0.0,0.0,0.0,0.0,0.0,0.0,0,0,0
1756702481,700,0.01,0.0,0.0,0.0,0.0,0.0,0.0,0.0,0,0,0
1756702481,701,0.0,0.0,0.01,0.0,0.0,0.0,0.0,0.0,0,0,0
1756702481,702,0.05,0.0,0.0,0.0,0.0,0.0,0.0,0.0,0,0,0
1756702481,703,0.0,0.0,0.0,0.0,0.0,0.0,0.0,0.0,0,0,0
1756702481,704,-0.07,0.0,0.0,0.0,0.0,0.0,0.0,0.0,0,0,0
1756702481,705,0.0,0.0,0.02,0.0,0.0,0.0,0.0,0.0,0,0,0
1756702481,706,0.0,0.0,0.05,0.0,0.0,0.0,0.0,0.0,0,0,0
1756702481,707,0.0,0.0,0.0,0.0,0.0,0.0,0.0,0.0,0,0,0
1756702481,708,0.02,0.0,0.03,0.0,0.0,0.0,0.0,0.0,0,0,0
1756702481,709,0.01,0.0,0.0,0.0,0.0,0.0,0.0,0.0,0,0,0
1756702481,710,0.0,0.0,0.0,0.0,0.0,0.0,0.0,0.0,0,0,0
1756702481,711,-0.01,0.0,0.01,0.0,0.0,0.0,0.0,0.0,0,0,0
1756702481,712,0.05,0.0,0.01,0.0,0.0,0.0,0.0,0.0,0,0,0
1756702481,713,0.0,0.0,0.02,0.0,0.0,0.0,0.0,0.0,0,0,0
1756702481,714,0.0,0.0,0.0,0.0,0.0,0.0,0.0,0.0,0,0,0
1756702481,715,0.05,0.0,0.0,0.0,0.0,0.0,0.0,0.0,0,0,0
1756702481,716,0.0,0.0,0.0,0.0,0.0,0.0,0.0,0.0,0,0,0
1756702481,717,-0.01,0.0,0.0,0.0,0.0,0.0,0.0,0.0,0,0,0
1756702481,718,0.07,0.0,0.0,0.0,0.0,0.0,0.0,0.0,0,0,0
1756702481,719,0.0,0.0,0.0,0.0,0.0,0.0,0.0,0.0,0,0,0
1756702481,720,-0.05,0.0,0.0,0.0,0.0,0.0,0.0,0.0,0,0,0
1756702481,721,0.0,0.0,0.01,0.0,0.0,0.0,0.0,0.0,0,0,0
1756702482,722,0.01,0.0,0.01,0.0,0.0,0.0,0.0,0.0,0,0,0
1756702482,723,-0.01,0.0,0.0,0.0,0.0,0.0,0.0,0.0,0,0,0
1756702482,724,0.03,0.0,0.0,0.0,0.0,0.0,0.0,0.0,0,0,0
1756702482,725,-0.01,0.0,0.0,0.0,0.0,0.0,0.0,0.0,0,0,0
1756702482,726,0.03,0.0,-0.01,0.0,0.0,0.0,0.0,0.0,0,0,0
1756702482,727,0.0,0.0,0.0,0.0,0.0,0.0,0.0,0.0,0,0,0
1756702482,728,-0.02,0.0,0.0,0.0,0.0,0.0,0.0,0.0,0,0,0
1756702482,729,0.03,0.0,0.03,0.0,0.0,0.0,0.0,0.0,0,0,0
1756702482,730,0.02,0.0,0.0,0.0,0.0,0.0,0.0,0.0,0,0,0
1756702482,731,0.0,0.0,0.0,0.0,0.0,0.0,0.0,0.0,0,0,0
1756702482,732,0.0,0.0,0.0,0.0,0.0,0.0,0.0,0.0,0,0,0
1756702482,733,0.02,0.0,-0.01,0.0,0.0,0.0,0.0,0.0,0,0,0
1756702482,734,0.03,0.0,0.01,0.0,0.0,0.0,0.0,0.0,0,0,0
1756702482,735,0.02,0.0,0.0,0.0,0.0,0.0,0.0,0.0,0,0,0
1756702482,736,0.07,0.0,0.02,0.0,0.0,0.0,0.0,0.0,0,0,0
1756702482,737,-0.01,0.0,-0.05,0.0,0.0,0.0,0.0,0.0,0,0,0
1756702482,738,-0.02,0.0,0.0,0.0,0.0,0.0,0.0,0.0,0,0,0
1756702482,739,-0.01,0.0,0.0,0.0,0.0,0.0,0.0,0.0,0,0,0
1756702482,740,0.0,0.0,0.0,0.0,0.0,0.0,0.0,0.0,0,0,0
1756702482,741,0.0,0.0,0.0,0.0,0.0,0.0,0.0,0.0,0,0,0
1756702482,742,-0.03,0.0,-0.02,0.0,0.0,0.0,0.0,0.0,0,0,0
1756702482,743,-0.02,0.0,0.0,0.0,0.0,0.0,0.0,0.0,0,0,0
1756702482,744,-0.02,0.0,0.0,0.0,0.0,0.0,0.0,0.0,0,0,0
1756702482,745,0.03,0.0,0.0,0.0,0.0,0.0,0.0,0.0,0,0,0
1756702482,746,0.0,0.0,0.0,0.0,0.0,0.0,0.0,0.0,0,0,0
1756702482,747,0.0,0.0,0.0,0.0,0.0,0.0,0.0,0.0,0,0,0
1756702482,748,0.05,0.0,0.0,0.0,0.0,0.0,0.0,0.0,0,0,0
1756702482,749,-0.01,0.0,-0.02,0.0,0.0,0.0,0.0,0.0,0,0,0
1756702482,750,0.0,0.0,0.0,0.0,0.0,0.0,0.0,0.0,0,0,0
1756702482,751,0.0,0.0,0.0,0.0,0.0,0.0,0.0,0.0,0,0,0
1756702482,752,0.0,0.0,0.0,0.0,0.0,0.0,0.0,0.0,0,0,0
1756702482,753,-0.02,0.0,0.01,0.0,0.0,0.0,0.0,0.0,0,0,0
1756702482,754,-0.01,0.0,0.0,0.0,0.0,0.0,0.0,0.0,0,0,0
1756702482,755,0.0,0.0,-0.01,0.0,0.0,0.0,0.0,0.0,0,0,0
1756702482,756,0.01,0.0,-0.1,0.0,0.0,0.0,0.0,0.0,0,0,0
1756702482,757,0.01,0.0,0.07,0.0,0.0,0.0,0.0,0.0,0,0,0
1756702482,758,-0.01,0.0,0.01,0.0,0.0,0.0,0.0,0.0,0,0,0
1756702482,759,0.0,0.0,0.0,0.0,0.0,0.0,0.0,0.0,0,0,0
1756702482,760,-0.03,0.0,0.0,0.0,0.0,0.0,0.0,0.0,0,0,0
1756702482,761,0.0,0.0,0.0,0.0,0.0,0.0,0.0,0.0,0,0,0
1756702482,762,-0.07,0.0,-0.01,0.0,0.0,0.0,0.0,0.0,0,0,0
1756702482,763,0.01,0.0,-0.03,0.0,0.0,0.0,0.0,0.0,0,0,0
1756702482,764,0.01,0.0,0.02,0.0,0.0,0.0,0.0,0.0,0,0,0
1756702482,765,0.05,0.0,0.1,0.0,0.0,0.0,0.0,0.0,0,0,0
1756702482,766,-0.02,0.0,-0.09,0.0,0.0,0.0,0.0,0.0,0,0,0
1756702482,767,0.02,0.0,0.0,0.0,0.0,0.0,0.0,0.0,0,0,0
1756702482,768,0.02,0.0,0.0,0.0,0.0,0.0,0.0,0.0,0,0,0
1756702482,769,-0.01,0.0,-0.05,0.0,0.0,0.0,0.0,0.0,0,0,0
1756702482,770,0.02,0.0,0.0,0.0,0.0,0.0,0.0,0.0,0,0,0
1756702482,771,0.01,0.0,0.02,0.0,0.0,0.0,0.0,0.0,0,0,0
1756702482,772,0.01,0.0,-0.05,0.0,0.0,0.0,0.0,0.0,0,0,0
1756702482,773,-0.01,0.0,0.0,0.0,0.0,0.0,0.0,0.0,0,0,0
1756702482,774,0.01,0.0,0.0,0.0,0.0,0.0,0.0,0.0,0,0,0
1756702482,775,0.0,0.0,0.0,0.0,0.0,0.0,0.0,0.0,0,0,0
1756702482,776,0.02,0.0,0.01,0.0,0.0,0.0,0.0,0.0,0,0,0
1756702482,777,0.0,0.0,0.1,0.0,0.0,0.0,0.0,0.0,0,0,0
1756702482,778,0.1,0.0,0.0,0.0,0.0,0.0,0.0,0.0,0,0,0
1756702482,779,0.0,0.0,0.0,0.0,0.0,0.0,0.0,0.0,0,0,0
1756702482,780,0.0,0.0,0.0,0.0,0.0,0.0,0.0,0.0,0,0,0
1756702482,781,0.0,0.0,0.0,0.0,0.0,0.0,0.0,0.0,0,0,0
1756702482,782,0.0,0.0,0.0,0.0,0.0,0.0,0.0,0.0,0,0,0
1756702482,783,-0.05,0.0,0.0,0.0,0.0,0.0,0.0,0.0,0,0,0
1756702482,784,-0.05,0.0,0.0,0.0,0.0,0.0,0.0,0.0,0,0,0
1756702482,785,0.0,0.0,0.0,0.0,0.0,0.0,0.0,0.0,0,0,0
1756702482,786,0.05,0.0,0.03,0.0,0.0,0.0,0.0,0.0,0,0,0
1756702482,787,-0.01,0.0,0.0,0.0,0.0,0.0,0.0,0.0,0,0,0
1756702483,788,0.03,0.0,-0.01,0.0,0.0,0.0,0.0,0.0,0,0,0
1756702483,789,0.0,0.0,-0.01,0.0,0.0,0.0,0.0,0.0,0,0,0
1756702483,790,-0.05,0.0,-0.05,0.0,0.0,0.0,0.0,0.0,0,0,0
1756702483,791,0.02,0.0,0.0,0.0,0.0,0.0,0.0,0.0,0,0,0
1756702483,792,-0.01,0.0,0.0,0.0,0.0,0.0,0.0,0.0,0,0,0
1756702483,793,-0.07,0.0,0.07,0.0,0.0,0.0,0.0,0.0,0,0,0
1756702483,794,-0.05,0.0,0.01,0.0,0.0,0.0,0.0,0.0,0,0,0
1756702483,795,-0.01,0.0,-0.03,0.0,0.0,0.0,0.0,0.0,0,0,0
1756702483,796,0.02,0.0,0.01,0.0,0.0,0.0,0.0,0.0,0,0,0
1756702483,797,0.0,0.0,-0.02,0.0,0.0,0.0,0.0,0.0,0,0,0
1756702483,798,-0.01,0.0,-0.01,0.0,0.0,0.0,0.0,0.0,0,0,0
1756702483,799,0.09,0.0,-0.01,0.0,0.0,0.0,0.0,0.0,0,0,0
1756702483,800,0.01,0.0,0.0,0.0,0.0,0.0,0.0,0.0,0,0,0
1756702483,801,0.0,0.0,-0.01,0.0,0.0,0.0,0.0,0.0,0,0,0
1756702483,802,0.0,0.0,-0.02,0.0,0.0,0.0,0.0,0.0,0,0,0
1756702483,803,0.01,0.0,0.0,0.0,0.0,0.0,0.0,0.0,0,0,0
1756702483,804,0.0,0.0,-0.01,0.0,0.0,0.0,0.0,0.0,0,0,0
1756702483,805,-0.03,0.0,-0.01,0.0,0.0,0.0,0.0,0.0,0,0,0
1756702483,806,0.02,0.0,-0.02,0.0,0.0,0.0,0.0,0.0,0,0,0
1756702483,807,0.01,0.0,0.0,0.0,0.0,0.0,0.0,0.0,0,0,0
1756702483,808,0.02,0.0,0.0,0.0,0.0,0.0,0.0,0.0,0,0,0
1756702483,809,0.01,0.0,0.0,0.0,0.0,0.0,0.0,0.0,0,0,0
1756702483,810,-0.02,0.0,0.0,0.0,0.0,0.0,0.0,0.0,0,0,0
1756702483,811,0.0,0.0,0.0,0.0,0.0,0.0,0.0,0.0,0,0,0
1756702483,812,0.0,0.0,-0.03,0.0,0.0,0.0,0.0,0.0,0,0,0
1756702483,813,0.02,0.0,0.0,0.0,0.0,0.0,0.0,0.0,0,0,0
1756702483,814,0.01,0.0,0.0,0.0,0.0,0.0,0.0,0.0,0,0,0
1756702483,815,0.07,0.0,0.01,0.0,0.0,0.0,0.0,0.0,0,0,0
1756702483,816,0.02,0.0,0.0,0.0,0.0,0.0,0.0,0.0,0,0,0
1756702483,817,0.05,0.0,0.0,0.0,0.0,0.0,0.0,0.0,0,0,0
1756702483,818,0.0,0.0,0.0,0.0,0.0,0.0,0.0,0.0,0,0,0
1756702483,819,0.0,0.0,-0.01,0.0,0.0,0.0,0.0,0.0,0,0,0
1756702483,820,0.0,0.0,0.0,0.0,0.0,0.0,0.0,0.0,0,0,0
1756702483,821,0.0,0.0,0.0,0.0,0.0,0.0,0.0,0.0,0,0,0
1756702483,822,0.0,0.0,0.0,0.0,0.0,0.0,0.0,0.0,0,0,0
1756702483,823,-0.01,0.0,0.02,0.0,0.0,0.0,0.0,0.0,0,0,0
1756702483,824,0.0,0.0,0.0,0.0,0.0,0.0,0.0,0.0,0,0,0
1756702483,825,0.05,0.0,-0.01,0.0,0.0,0.0,0.0,0.0,0,0,0
1756702483,826,-0.03,0.0,0.0,0.0,0.0,0.0,0.0,0.0,0,0,0
1756702483,827,0.0,0.0,0.0,0.0,0.0,0.0,0.0,0.0,0,0,0
1756702483,828,0.0,0.0,0.0,0.0,0.0,0.0,0.0,0.0,0,0,0
1756702483,829,0.0,0.0,0.02,0.0,0.0,0.0,0.0,0.0,0,0,0
1756702483,830,0.03,0.0,-0.01,0.0,0.0,0.0,0.0,0.0,0,0,0
1756702483,831,0.0,0.0,0.0,0.0,0.0,0.0,0.0,0.0,0,0,0
1756702483,832,0.01,0.0,0.0,0.0,0.0,0.0,0.0,0.0,0,0,0
1756702483,833,0.0,0.0,-0.05,0.0,0.0,0.0,0.0,0.0,0,0,0
1756702483,834,0.05,0.0,0.0,0.0,0.0,0.0,0.0,0.0,0,0,0
1756702483,835,0.0,0.0,-0.02,0.0,0.0,0.0,0.0,0.0,0,0,0
1756702483,836,-0.02,0.0,0.01,0.0,0.0,0.0,0.0,0.0,0,0,0
1756702483,837,-0.05,0.0,0.0,0.0,0.0,0.0,0.0,0.0,0,0,0
1756702483,838,0.0,0.0,0.0,0.0,0.0,0.0,0.0,0.0,0,0,0
1756702483,839,0.05,0.0,-0.02,0.0,0.0,0.0,0.0,0.0,0,0,0
1756702483,840,0.0,0.0,0.0,0.0,0.0,0.0,0.0,0.0,0,0,0
1756702483,841,0.02,0.0,0.0,0.0,0.0,0.0,0.0,0.0,0,0,0
1756702483,842,-0.05,0.0,-0.01,0.0,0.0,0.0,0.0,0.0,0,0,0
1756702483,843,0.0,0.0,-0.02,0.0,0.0,0.0,0.0,0.0,0,0,0
1756702483,844,-0.03,0.0,0.0,0.0,0.0,0.0,0.0,0.0,0,0,0
1756702483,845,0.0,0.0,0.01,0.0,0.0,0.0,0.0,0.0,0,0,0
1756702483,846,0.03,0.0,0.0,0.0,0.0,0.0,0.0,0.0,0,0,0
1756702483,847,-0.01,0.0,-0.01,0.0,0.0,0.0,0.0,0.0,0,0,0
1756702483,848,0.0,0.0,-0.03,0.0,0.0,0.0,0.0,0.0,0,0,0
1756702483,849,0.0,0.0,0.0,0.0,0.0,0.0,0.0,0.0,0,0,0
1756702484,850,-0.03,0.0,0.0,0.0,0.0,0.0,0.0,0.0,0,0,0
1756702484,851,0.0,0.0,0.0,0.0,0.0,0.0,0.0,0.0,0,0,0
1756702484,852,0.0,0.0,-0.09,0.0,0.0,0.0,0.0,0.0,0,0,0
1756702484,853,0.0,0.0,0.07,0.0,0.0,0.0,0.0,0.0,0,0,0
1756702484,854,0.01,0.0,0.0,0.0,0.0,0.0,0.0,0.0,0,0,0
1756702484,855,0.0,0.0,0.0,0.0,0.0,0.0,0.0,0.0,0,0,0
1756702484,856,0.0,0.0,0.0,0.0,0.0,0.0,0.0,0.0,0,0,0
1756702484,857,0.0,0.0,-0.01,0.0,0.0,0.0,0.0,0.0,0,0,0
1756702484,858,0.03,0.0,0.02,0.0,0.0,0.0,0.0,0.0,0,0,0
1756702484,859,0.0,0.0,-0.05,0.0,0.0,0.0,0.0,0.0,0,0,0
1756702484,860,-0.01,0.0,0.0,0.0,0.0,0.0,0.0,0.0,0,0,0
1756702484,861,-0.02,0.0,0.02,0.0,0.0,0.0,0.0,0.0,0,0,0
1756702484,862,0.0,0.0,0.02,0.0,0.0,0.0,0.0,0.0,0,0,0
1756702484,863,0.01,0.0,0.0,0.0,0.0,0.0,0.0,0.0,0,0,0
1756702484,864,0.0,0.0,0.0,0.0,0.0,0.0,0.0,0.0,0,0,0
1756702484,865,0.0,0.0,0.0,0.0,0.0,0.0,0.0,0.0,0,0,0
1756702484,866,0.03,0.0,-0.01,0.0,0.0,0.0,0.0,0.0,0,0,0
1756702484,867,0.0,0.0,-0.01,0.0,0.0,0.0,0.0,0.0,0,0,0
1756702484,868,0.0,0.0,0.0,0.0,0.0,0.0,0.0,0.0,0,0,0
1756702484,869,0.0,0.0,0.0,0.0,0.0,0.0,0.0,0.0,0,0,0
1756702484,870,-0.02,0.0,0.0,0.0,0.0,0.0,0.0,0.0,0,0,0
1756702484,871,-0.03,0.0,0.0,0.0,0.0,0.0,0.0,0.0,0,0,0
1756702484,872,0.0,0.0,-0.01,0.0,0.0,0.0,0.0,0.0,0,0,0
1756702484,873,0.0,0.0,-0.07,0.0,0.0,0.0,0.0,0.0,0,0,0
1756702484,874,0.02,0.0,0.0,0.0,0.0,0.0,0.0,0.0,0,0,0
1756702484,875,0.05,0.0,0.0,0.0,0.0,0.0,0.0,0.0,0,0,0
1756702484,876,0.02,0.0,0.0,0.0,0.0,0.0,0.0,0.0,0,0,0
1756702484,877,0.0,0.0,0.0,0.0,0.0,0.0,0.0,0.0,0,0,0
1756702484,878,0.02,0.0,0.07,0.0,0.0,0.0,0.0,0.0,0,0,0
1756702484,879,-0.03,0.0,-0.01,0.0,0.0,0.0,0.0,0.0,0,0,0
1756702484,880,0.0,0.0,0.0,0.0,0.0,0.0,0.0,0.0,0,0,0
1756702484,881,0.0,0.0,0.02,0.0,0.0,0.0,0.0,0.0,0,0,0
1756702484,882,0.01,0.0,0.0,0.0,0.0,0.0,0.0,0.0,0,0,0
1756702484,883,0.0,0.0,0.0,0.0,0.0,0.0,0.0,0.0,0,0,0
1756702484,884,0.03,0.0,-0.03,0.0,0.0,0.0,0.0,0.0,0,0,0
1756702484,885,0.02,0.0,-0.05,0.0,0.0,0.0,0.0,0.0,0,0,0
1756702484,886,-0.01,0.0,0.01,0.0,0.0,0.0,0.0,0.0,0,0,0
1756702484,887,-0.09,0.0,0.0,0.0,0.0,0.0,0.0,0.0,0,0,0
1756702484,888,-0.05,0.0,0.0,0.0,0.0,0.0,0.0,0.0,0,0,0
1756702484,889,0.0,0.0,0.0,0.0,0.0,0.0,0.0,0.0,0,0,0
1756702484,890,0.0,0.0,0.0,0.0,0.0,0.0,0.0,0.0,0,0,0
1756702484,891,0.0,0.0,0.0,0.0,0.0,0.0,0.0,0.0,0,0,0
1756702484,892,0.0,0.0,0.0,0.0,0.0,0.0,0.0,0.0,0,0,0
1756702484,893,-0.03,0.0,0.05,0.0,0.0,0.0,0.0,0.0,0,0,0
1756702484,894,0.0,0.0,0.0,0.0,0.0,0.0,0.0,0.0,0,0,0
1756702484,895,-0.01,0.0,-0.07,0.0,0.0,0.0,0.0,0.0,0,0,0
1756702484,896,0.05,0.0,0.0,0.0,0.0,0.0,0.0,0.0,0,0,0
1756702484,897,0.0,0.0,0.0,0.0,0.0,0.0,0.0,0.0,0,0,0
1756702484,898,0.01,0.0,0.01,0.0,0.0,0.0,0.0,0.0,0,0,0
1756702484,899,0.02,0.0,0.07,0.0,0.0,0.0,0.0,0.0,0,0,0
1756702484,900,0.02,0.0,-0.11,0.0,0.0,0.0,0.0,0.0,0,0,0
1756702484,901,0.0,0.0,0.0,0.0,0.0,0.0,0.0,0.0,0,0,0
1756702484,902,-0.02,0.0,0.0,0.0,0.0,0.0,0.0,0.0,0,0,0
1756702484,903,0.01,0.0,0.01,0.0,0.0,0.0,0.0,0.0,0,0,0
1756702484,904,0.0,0.0,0.0,0.0,0.0,0.0,0.0,0.0,0,0,0
1756702484,905,0.02,0.0,0.0,0.0,0.0,0.0,0.0,0.0,0,0,0
1756702484,906,0.02,0.0,-0.02,0.0,0.0,0.0,0.0,0.0,0,0,0
1756702484,907,0.0,0.0,0.0,0.0,0.0,0.0,0.0,0.0,0,0,0
1756702484,908,0.0,0.0,-0.01,0.0,0.0,0.0,0.0,0.0,0,0,0
1756702484,909,0.01,0.0,0.0,0.0,0.0,0.0,0.0,0.0,0,0,0
1756702484,910,0.05,0.0,0.0,0.0,0.0,0.0,0.0,0.0,0,0,0
1756702484,911,0.01,0.0,0.0,0.0,0.0,0.0,0.0,0.0,0,0,0
1756702484,912,-0.02,0.0,0.01,0.0,0.0,0.0,0.0,0.0,0,0,0
1756702484,913,0.0,0.0,0.0,0.0,0.0,0.0,0.0,0.0,0,0,0
1756702484,914,0.0,0.0,0.0,0.0,0.0,0.0,0.0,0.0,0,0,0
1756702484,915,0.0,0.0,0.02,0.0,0.0,0.0,0.0,0.0,0,0,0
1756702484,916,0.01,0.0,0.0,0.0,0.0,0.0,0.0,0.0,0,0,0
1756702484,917,0.0,0.0,0.0,0.0,0.0,0.0,0.0,0.0,0,0,0
1756702484,918,0.0,0.0,0.01,0.0,0.0,0.0,0.0,0.0,0,0,0
1756702485,919,0.0,0.0,-0.01,0.0,0.0,0.0,0.0,0.0,0,0,0
1756702485,920,0.0,0.0,0.0,0.0,0.0,0.0,0.0,0.0,0,0,0
1756702485,921,0.0,0.0,-0.14,0.0,0.0,0.0,0.0,0.0,0,0,0
1756702485,922,-0.07,0.0,-0.05,0.0,0.0,0.0,0.0,0.0,0,0,0
1756702485,923,0.03,0.0,0.01,0.0,0.0,0.0,0.0,0.0,0,0,0
1756702485,924,0.0,0.0,0.0,0.0,0.0,0.0,0.0,0.0,0,0,0
1756702485,925,0.0,0.0,0.0,0.0,0.0,0.0,0.0,0.0,0,0,0
1756702485,926,0.01,0.0,0.05,0.0,0.0,0.0,0.0,0.0,0,0,0
1756702485,927,0.0,0.0,0.01,0.0,0.0,0.0,0.0,0.0,0,0,0
1756702485,928,0.0,0.0,0.0,0.0,0.0,0.0,0.0,0.0,0,0,0
1756702485,929,-0.02,0.0,0.03,0.0,0.0,0.0,0.0,0.0,0,0,0
1756702485,930,0.0,0.0,0.0,0.0,0.0,0.0,0.0,0.0,0,0,0
1756702485,931,-0.02,0.0,-0.01,0.0,0.0,0.0,0.0,0.0,0,0,0
1756702485,932,-0.03,0.0,0.01,0.0,0.0,0.0,0.0,0.0,0,0,0
1756702485,933,0.0,0.0,0.0,0.0,0.0,0.0,0.0,0.0,0,0,0
1756702485,934,0.02,0.0,-0.05,0.0,0.0,0.0,0.0,0.0,0,0,0
1756702485,935,-0.03,0.0,-0.03,0.0,0.0,0.0,0.0,0.0,0,0,0
1756702485,936,0.05,0.0,0.0,0.0,0.0,0.0,0.0,0.0,0,0,0
1756702485,937,-0.02,0.0,0.01,0.0,0.0,0.0,0.0,0.0,0,0,0
1756702485,938,0.0,0.0,0.0,0.0,0.0,0.0,0.0,0.0,0,0,0
1756702485,939,0.0,0.0,0.07,0.0,0.0,0.0,0.0,0.0,0,0,0
1756702485,940,0.02,0.0,0.0,0.0,0.0,0.0,0.0,0.0,0,0,0
1756702485,941,0.0,0.0,-0.01,0.0,0.0,0.0,0.0,0.0,0,0,0
1756702485,942,0.0,0.0,-0.05,0.0,0.0,0.0,0.0,0.0,0,0,0
1756702485,943,0.0,0.0,-0.03,0.0,0.0,0.0,0.0,0.0,0,0,0
1756702485,944,0.0,0.0,0.0,0.0,0.0,0.0,0.0,0.0,0,0,0
1756702485,945,0.05,0.0,0.0,0.0,0.0,0.0,0.0,0.0,0,0,0
1756702485,946,0.02,0.0,0.0,0.0,0.0,0.0,0.0,0.0,0,0,0
1756702485,947,0.01,0.0,0.0,0.0,0.0,0.0,0.0,0.0,0,0,0
1756702485,948,0.0,0.0,0.0,0.0,0.0,0.0,0.0,0.0,0,0,0
1756702485,949,0.0,0.0,0.0,0.0,0.0,0.0,0.0,0.0,0,0,0
1756702485,950,0.0,0.0,-0.01,0.0,0.0,0.0,0.0,0.0,0,0,0
1756702485,951,0.01,0.0,0.0,0.0,0.0,0.0,0.0,0.0,0,0,0
1756702485,952,0.0,0.0,0.02,0.0,0.0,0.0,0.0,0.0,0,0,0
1756702485,953,0.0,0.0,0.0,0.0,0.0,0.0,0.0,0.0,0,0,0
1756702485,954,0.0,0.0,0.0,0.0,0.0,0.0,0.0,0.0,0,0,0
1756702485,955,-0.01,0.0,0.0,0.0,0.0,0.0,0.0,0.0,0,0,0
1756702485,956,0.0,0.0,0.01,0.0,0.0,0.0,0.0,0.0,0,0,0
1756702485,957,0.03,0.0,0.0,0.0,0.0,0.0,0.0,0.0,0,0,0
1756702485,958,0.05,0.0,0.05,0.0,0.0,0.0,0.0,0.0,0,0,0
1756702485,959,-0.01,0.0,0.0,0.0,0.0,0.0,0.0,0.0,0,0,0
1756702485,960,0.02,0.0,0.0,0.0,0.0,0.0,0.0,0.0,0,0,0
1756702485,961,-0.05,0.0,0.0,0.0,0.0,0.0,0.0,0.0,0,0,0
1756702485,962,0.0,0.0,0.0,0.0,0.0,0.0,0.0,0.0,0,0,0
1756702485,963,0.0,0.0,0.02,0.0,0.0,0.0,0.0,0.0,0,0,0
1756702485,964,0.03,0.0,-0.01,0.0,0.0,0.0,0.0,0.0,0,0,0
1756702485,965,0.0,0.0,-0.02,0.0,0.0,0.0,0.0,0.0,0,0,0
1756702485,966,0.01,0.0,-0.05,0.0,0.0,0.0,0.0,0.0,0,0,0
1756702485,967,0.01,0.0,0.0,0.0,0.0,0.0,0.0,0.0,0,0,0
1756702485,968,0.01,0.0,0.0,0.0,0.0,0.0,0.0,0.0,0,0,0
1756702485,969,-0.01,0.0,0.0,0.0,0.0,0.0,0.0,0.0,0,0,0
1756702485,970,-0.01,0.0,0.0,0.0,0.0,0.0,0.0,0.0,0,0,0
1756702485,971,0.07,0.0,-0.01,0.0,0.0,0.0,0.0,0.0,0,0,0
1756702485,972,-0.05,0.0,0.0,0.0,0.0,0.0,0.0,0.0,0,0,0
1756702485,973,0.03,0.0,0.0,0.0,0.0,0.0,0.0,0.0,0,0,0
1756702485,974,0.0,0.0,0.05,0.0,0.0,0.0,0.0,0.0,0,0,0
1756702485,975,0.0,0.0,0.03,0.0,0.0,0.0,0.0,0.0,0,0,0
1756702485,976,0.0,0.0,0.0,0.0,0.0,0.0,0.0,0.0,0,0,0
1756702485,977,0.0,0.0,-0.07,0.0,0.0,0.0,0.0,0.0,0,0,0
1756702485,978,0.0,0.0,0.0,0.0,0.0,0.0,0.0,0.0,0,0,0
1756702485,979,-0.01,0.0,0.05,0.0,0.0,0.0,0.0,0.0,0,0,0
1756702485,980,0.01,0.0,-0.05,0.0,0.0,0.0,0.0,0.0,0,0,0
1756702485,981,0.0,0.0,0.0,0.0,0.0,0.0,0.0,0.0,0,0,0
1756702485,982,0.07,0.0,0.05,0.0,0.0,0.0,0.0,0.0,0,0,0
1756702485,983,0.03,0.0,0.02,0.0,0.0,0.0,0.0,0.0,0,0,0
1756702485,984,0.0,0.0,0.0,0.0,0.0,0.0,0.0,0.0,0,0,0
1756702486,985,0.0,0.0,0.0,0.0,0.0,0.0,0.0,0.0,0,0,0
1756702486,986,0.02,0.0,0.05,0.0,0.0,0.0,0.0,0.0,0,0,0
1756702486,987,-0.01,0.0,0.01,0.0,0.0,0.0,0.0,0.0,0,0,0
1756702486,988,0.0,0.0,-0.02,0.0,0.0,0.0,0.0,0.0,0,0,0
1756702486,989,0.0,0.0,0.0,0.0,0.0,0.0,0.0,0.0,0,0,0
1756702486,990,-0.05,0.0,-0.02,0.0,0.0,0.0,0.0,0.0,0,0,0
1756702486,991,-0.02,0.0,0.0,0.0,0.0,0.0,0.0,0.0,0,0,0
1756702486,992,0.0,0.0,-0.01,0.0,0.0,0.0,0.0,0.0,0,0,0
1756702486,993,0.0,0.0,0.0,0.0,0.0,0.0,0.0,0.0,0,0,0
1756702486,994,0.0,0.0,0.01,0.0,0.0,0.0,0.0,0.0,0,0,0
1756702486,995,0.0,0.0,0.0,0.0,0.0,0.0,0.0,0.0,0,0,0
1756702486,996,-0.03,0.0,0.0,0.0,0.0,0.0,0.0,0.0,0,0,0
1756702486,997,0.0,0.0,0.0,0.0,0.0,0.0,0.0,0.0,0,0,0
1756702486,998,0.01,0.0,0.0,0.0,0.0,0.0,0.0,0.0,0,0,0
1756702486,999,-0.01,0.0,0.0,0.0,0.0,0.0,0.0,0.0,0,0,0
1756702486,1000,-0.03,0.0,0.0,0.0,0.0,0.0,0.0,0.0,0,0,0
1756702486,1001,0.0,0.0,0.0,0.0,0.0,0.0,0.0,0.0,0,0,0
1756702486,1002,0.01,0.0,0.0,0.0,0.0,0.0,0.0,0.0,0,0,0
1756702486,1003,0.03,0.0,0.0,0.0,0.0,0.0,0.0,0.0,0,0,0
1756702486,1004,0.01,0.0,0.01,0.0,0.0,0.0,0.0,0.0,0,0,0
1756702486,1005,0.0,0.0,0.0,0.0,0.0,0.0,0.0,0.0,0,0,0
1756702486,1006,0.01,0.0,0.0,0.0,0.0,0.0,0.0,0.0,0,0,0
1756702486,1007,-0.05,0.0,0.02,0.0,0.0,0.0,0.0,0.0,0,0,0
1756702486,1008,0.0,0.0,0.02,0.0,0.0,0.0,0.0,0.0,0,0,0
1756702486,1009,-0.02,0.0,0.01,0.0,0.0,0.0,0.0,0.0,0,0,0
1756702486,1010,-0.01,0.0,0.0,0.0,0.0,0.0,0.0,0.0,0,0,0
1756702486,1011,0.01,0.0,0.01,0.0,0.0,0.0,0.0,0.0,0,0,0
1756702486,1012,0.0,0.0,0.0,0.0,0.0,0.0,0.0,0.0,0,0,0
1756702486,1013,0.0,0.0,0.0,0.0,0.0,0.0,0.0,0.0,0,0,0
1756702486,1014,0.0,0.0,0.0,0.0,0.0,0.0,0.0,0.0,0,0,0
1756702486,1015,0.0,0.0,-0.01,0.0,0.0,0.0,0.0,0.0,0,0,0
1756702486,1016,-0.05,0.0,0.05,0.0,0.0,0.0,0.0,0.0,0,0,0
1756702486,1017,0.05,0.0,0.0,0.0,0.0,0.0,0.0,0.0,0,0,0
1756702486,1018,0.0,0.0,0.0,0.0,0.0,0.0,0.0,0.0,0,0,0
1756702486,1019,0.0,0.0,0.0,0.0,0.0,0.0,0.0,0.0,0,0,0
1756702486,1020,0.01,0.0,0.0,0.0,0.0,0.0,0.0,0.0,0,0,0
1756702486,1021,0.05,0.0,0.0,0.0,0.0,0.0,0.0,0.0,0,0,0
1756702486,1022,0.05,0.0,0.0,0.0,0.0,0.0,0.0,0.0,0,0,0
1756702486,1023,0.0,0.0,0.02,0.0,0.0,0.0,0.0,0.0,0,0,0
1756702486,1024,0.05,0.0,0.03,0.0,0.0,0.0,0.0,0.0,0,0,0
1756702486,1025,0.0,0.0,0.0,0.0,0.0,0.0,0.0,0.0,0,0,0
1756702486,1026,-0.11,0.0,0.01,0.0,0.0,0.0,0.0,0.0,0,0,0
1756702486,1027,-0.03,0.0,0.0,0.0,0.0,0.0,0.0,0.0,0,0,0
1756702486,1028,0.0,0.0,0.0,0.0,0.0,0.0,0.0,0.0,0,0,0
1756702486,1029,0.02,0.0,0.0,0.0,0.0,0.0,0.0,0.0,0,0,0
1756702486,1030,-0.01,0.0,-0.01,0.0,0.0,0.0,0.0,0.0,0,0,0
1756702486,1031,-0.02,0.0,0.02,0.0,0.0,0.0,0.0,0.0,0,0,0
1756702486,1032,-0.05,0.0,0.01,0.0,0.0,0.0,0.0,0.0,0,0,0
1756702486,1033,0.01,0.0,0.05,0.0,0.0,0.0,0.0,0.0,0,0,0
1756702486,1034,0.0,0.0,0.05,0.0,0.0,0.0,0.0,0.0,0,0,0
1756702486,1035,0.01,0.0,-0.05,0.0,0.0,0.0,0.0,0.0,0,0,0
1756702486,1036,0.0,0.0,0.0,0.0,0.0,0.0,0.0,0.0,0,0,0
1756702486,1037,0.0,0.0,0.05,0.0,0.0,0.0,0.0,0.0,0,0,0
1756702486,1038,0.0,0.0,0.0,0.0,0.0,0.0,0.0,0.0,0,0,0
1756702486,1039,-0.09,0.0,0.03,0.0,0.0,0.0,0.0,0.0,0,0,0
1756702486,1040,0.01,0.0,-0.01,0.0,0.0,0.0,0.0,0.0,0,0,0
1756702486,1041,-0.02,0.0,0.0,0.0,0.0,0.0,0.0,0.0,0,0,0
1756702486,1042,0.02,0.0,0.0,0.0,0.0,0.0,0.0,0.0,0,0,0
1756702486,1043,0.0,0.0,0.0,0.0,0.0,0.0,0.0,0.0,0,0,0
1756702486,1044,-0.02,0.0,0.0,0.0,0.0,0.0,0.0,0.0,0,0,0
1756702486,1045,0.01,0.0,0.0,0.0,0.0,0.0,0.0,0.0,0,0,0
1756702486,1046,-0.01,0.0,0.05,0.0,0.0,0.0,0.0,0.0,0,0,0
1756702486,1047,0.01,0.0,0.0,0.0,0.0,0.0,0.0,0.0,0,0,0
1756702486,1048,-0.02,0.0,0.0,0.0,0.0,0.0,0.0,0.0,0,0,0
1756702486,1049,0.0,0.0,-0.02,0.0,0.0,0.0,0.0,0.0,0,0,0
1756702486,1050,0.0,0.0,0.0,0.0,0.0,0.0,0.0,0.0,0,0,0
1756702486,1051,-0.02,0.0,-0.02,0.0,0.0,0.0,0.0,0.0,0,0,0
1756702486,1052,0.0,0.0,0.05,0.0,0.0,0.0,0.0,0.0,0,0,0
1756702487,1053,0.0,0.0,0.0,0.0,0.0,0.0,0.0,0.0,0,0,0
1756702487,1054,0.0,0.0,0.02,0.0,0.0,0.0,0.0,0.0,0,0,0
1756702487,1055,0.0,0.0,0.01,0.0,0.0,0.0,0.0,0.0,0,0,0
1756702487,1056,-0.01,0.0,-0.05,0.0,0.0,0.0,0.0,0.0,0,0,0
1756702487,1057,0.05,0.0,0.0,0.0,0.0,0.0,0.0,0.0,0,0,0
1756702487,1058,0.03,0.0,0.02,0.0,0.0,0.0,0.0,0.0,0,0,0
1756702487,1059,0.0,0.0,0.0,0.0,0.0,0.0,0.0,0.0,0,0,0
1756702487,1060,-0.01,0.0,0.0,0.0,0.0,0.0,0.0,0.0,0,0,0
1756702487,1061,0.0,0.0,0.01,0.0,0.0,0.0,0.0,0.0,0,0,0
1756702487,1062,0.01,0.0,0.01,0.0,0.0,0.0,0.0,0.0,0,0,0
1756702487,1063,-0.01,0.0,0.0,0.0,0.0,0.0,0.0,0.0,0,0,0
1756702487,1064,0.0,0.0,0.0,0.0,0.0,0.0,0.0,0.0,0,0,0
1756702487,1065,0.0,0.0,0.0,0.0,0.0,0.0,0.0,0.0,0,0,0
1756702487,1066,0.0,0.0,0.0,0.0,0.0,0.0,0.0,0.0,0,0,0
1756702487,1067,0.0,0.0,-0.01,0.0,0.0,0.0,0.0,0.0,0,0,0
1756702487,1068,-0.03,0.0,0.0,0.0,0.0,0.0,0.0,0.0,0,0,0
1756702487,1069,0.1,0.0,0.0,0.0,0.0,0.0,0.0,0.0,0,0,0
1756702487,1070,0.05,0.0,0.0,0.0,0.0,0.0,0.0,0.0,0,0,0
1756702487,1071,-0.05,0.0,0.01,0.0,0.0,0.0,0.0,0.0,0,0,0
1756702487,1072,0.07,0.0,0.0,0.0,0.0,0.0,0.0,0.0,0,0,0
1756702487,1073,-0.07,0.0,0.03,0.0,0.0,0.0,0.0,0.0,0,0,0
1756702487,1074,0.0,0.0,0.01,0.0,0.0,0.0,0.0,0.0,0,0,0
1756702487,1075,0.0,0.0,0.12,0.0,0.0,0.0,0.0,0.0,0,0,0
1756702487,1076,0.0,0.0,0.0,0.0,0.0,0.0,0.0,0.0,0,0,0
1756702487,1077,0.0,0.0,0.0,0.0,0.0,0.0,0.0,0.0,0,0,0
1756702487,1078,0.0,0.0,0.02,0.0,0.0,0.0,0.0,0.0,0,0,0
1756702487,1079,0.03,0.0,0.0,0.0,0.0,0.0,0.0,0.0,0,0,0
1756702487,1080,0.03,0.0,-0.05,0.0,0.0,0.0,0.0,0.0,0,0,0
1756702487,1081,0.0,0.0,0.03,0.0,0.0,0.0,0.0,0.0,0,0,0
1756702487,1082,0.0,0.0,0.01,0.0,0.0,0.0,0.0,0.0,0,0,0
1756702487,1083,0.0,0.0,-0.03,0.0,0.0,0.0,0.0,0.0,0,0,0
1756702487,1084,0.01,0.0,0.0,0.0,0.0,0.0,0.0,0.0,0,0,0
1756702487,1085,-0.05,0.0,0.02,0.0,0.0,0.0,0.0,0.0,0,0,0
1756702487,1086,-0.02,0.0,0.0,0.0,0.0,0.0,0.0,0.0,0,0,0
1756702487,1087,0.0,0.0,-0.05,0.0,0.0,0.0,0.0,0.0,0,0,0
1756702487,1088,-0.07,0.0,0.07,0.0,0.0,0.0,0.0,0.0,0,0,0
1756702487,1089,0.05,0.0,0.0,0.0,0.0,0.0,0.0,0.0,0,0,0
1756702487,1090,-0.05,0.0,0.03,0.0,0.0,0.0,0.0,0.0,0,0,0
1756702487,1091,-0.02,0.0,0.01,0.0,0.0,0.0,0.0,0.0,0,0,0
1756702487,1092,0.0,0.0,0.03,0.0,0.0,0.0,0.0,0.0,0,0,0
1756702487,1093,0.03,0.0,0.02,0.0,0.0,0.0,0.0,0.0,0,0,0
1756702487,1094,0.01,0.0,0.02,0.0,0.0,0.0,0.0,0.0,0,0,0
1756702487,1095,0.02,0.0,0.0,0.0,0.0,0.0,0.0,0.0,0,0,0
1756702487,1096,-0.05,0.0,0.0,0.0,0.0,0.0,0.0,0.0,0,0,0
1756702487,1097,0.0,0.0,0.03,0.0,0.0,0.0,0.0,0.0,0,0,0
1756702487,1098,-0.01,0.0,0.0,0.0,0.0,0.0,0.0,0.0,0,0,0
1756702487,1099,0.0,0.0,0.07,0.0,0.0,0.0,0.0,0.0,0,0,0
1756702487,1100,0.0,0.0,0.02,0.0,0.0,0.0,0.0,0.0,0,0,0
1756702487,1101,0.02,0.0,0.0,0.0,0.0,0.0,0.0,0.0,0,0,0
1756702487,1102,-0.03,0.0,0.02,0.0,0.0,0.0,0.0,0.0,0,0,0
1756702487,1103,0.0,0.0,-0.02,0.0,0.0,0.0,0.0,0.0,0,0,0
1756702487,1104,0.0,0.0,0.0,0.0,0.0,0.0,0.0,0.0,0,0,0
1756702487,1105,0.0,0.0,0.0,0.0,0.0,0.0,0.0,0.0,0,0,0
1756702487,1106,-0.02,0.0,0.02,0.0,0.0,0.0,0.0,0.0,0,0,0
1756702487,1107,0.0,0.0,-0.03,0.0,0.0,0.0,0.0,0.0,0,0,0
1756702487,1108,0.0,0.0,0.01,0.0,0.0,0.0,0.0,0.0,0,0,0
1756702487,1109,0.01,0.0,-0.03,0.0,0.0,0.0,0.0,0.0,0,0,0
1756702487,1110,0.0,0.0,0.0,0.0,0.0,0.0,0.0,0.0,0,0,0
1756702487,1111,0.0,0.0,0.01,0.0,0.0,0.0,0.0,0.0,0,0,0
1756702487,1112,-0.02,0.0,0.05,0.0,0.0,0.0,0.0,0.0,0,0,0
1756702487,1113,0.0,0.0,0.0,0.0,0.0,0.0,0.0,0.0,0,0,0
1756702487,1114,0.01,0.0,0.0,0.0,0.0,0.0,0.0,0.0,0,0,0
1756702487,1115,0.0,0.0,-0.03,0.0,0.0,0.0,0.0,0.0,0,0,0
1756702487,1116,0.02,0.0,0.01,0.0,0.0,0.0,0.0,0.0,0,0,0
1756702488,1117,-0.01,0.0,0.0,0.0,0.0,0.0,0.0,0.0,0,0,0
1756702488,1118,0.05,0.0,-0.01,0.0,0.0,0.0,0.0,0.0,0,0,0
1756702488,1119,0.0,0.0,0.0,0.0,0.0,0.0,0.0,0.0,0,0,0
1756702488,1120,0.01,0.0,0.0,0.0,0.0,0.0,0.0,0.0,0,0,0
1756702488,1121,0.0,0.0,0.01,0.0,0.0,0.0,0.0,0.0,0,0,0
1756702488,1122,0.02,0.0,0.0,0.0,0.0,0.0,0.0,0.0,0,0,0
1756702488,1123,0.0,0.0,0.03,0.0,0.0,0.0,0.0,0.0,0,0,0
1756702488,1124,-0.01,0.0,0.0,0.0,0.0,0.0,0.0,0.0,0,0,0
1756702488,1125,0.0,0.0,0.01,0.0,0.0,0.0,0.0,0.0,0,0,0
1756702488,1126,0.0,0.0,0.0,0.0,0.0,0.0,0.0,0.0,0,0,0
1756702488,1127,0.0,0.0,0.03,0.0,0.0,0.0,0.0,0.0,0,0,0
1756702488,1128,-0.01,0.0,0.02,0.0,0.0,0.0,0.0,0.0,0,0,0
1756702488,1129,0.01,0.0,0.02,0.0,0.0,0.0,0.0,0.0,0,0,0
1756702488,1130,0.0,0.0,-0.01,0.0,0.0,0.0,0.0,0.0,0,0,0
1756702488,1131,0.05,0.0,0.07,0.0,0.0,0.0,0.0,0.0,0,0,0
1756702488,1132,-0.01,0.0,0.05,0.0,0.0,0.0,0.0,0.0,0,0,0
1756702488,1133,0.01,0.0,0.0,0.0,0.0,0.0,0.0,0.0,0,0,0
1756702488,1134,0.03,0.0,0.0,0.0,0.0,0.0,0.0,0.0,0,0,0
1756702488,1135,0.01,0.0,-0.01,0.0,0.0,0.0,0.0,0.0,0,0,0
1756702488,1136,0.0,0.0,0.02,0.0,0.0,0.0,0.0,0.0,0,0,0
1756702488,1137,0.0,0.0,0.0,0.0,0.0,0.0,0.0,0.0,0,0,0
1756702488,1138,0.0,0.0,0.0,0.0,0.0,0.0,0.0,0.0,0,0,0
1756702488,1139,0.02,0.0,0.0,0.0,0.0,0.0,0.0,0.0,0,0,0
1756702488,1140,-0.02,0.0,0.0,0.0,0.0,0.0,0.0,0.0,0,0,0
1756702488,1141,0.0,0.0,0.01,0.0,0.0,0.0,0.0,0.0,0,0,0
1756702488,1142,0.0,0.0,-0.03,0.0,0.0,0.0,0.0,0.0,0,0,0
1756702488,1143,0.07,0.0,0.0,0.0,0.0,0.0,0.0,0.0,0,0,0
1756702488,1144,0.0,0.0,0.02,0.0,0.0,0.0,0.0,0.0,0,0,0
1756702488,1145,0.03,0.0,0.0,0.0,0.0,0.0,0.0,0.0,0,0,0
1756702488,1146,0.0,0.0,0.03,0.0,0.0,0.0,0.0,0.0,0,0,0
1756702488,1147,0.0,0.0,0.0,0.0,0.0,0.0,0.0,0.0,0,0,0
1756702488,1148,0.0,0.0,0.02,0.0,0.0,0.0,0.0,0.0,0,0,0
1756702488,1149,0.03,0.0,0.0,0.0,0.0,0.0,0.0,0.0,0,0,0
1756702488,1150,-0.03,0.0,0.01,0.0,0.0,0.0,0.0,0.0,0,0,0
1756702488,1151,-0.03,0.0,0.01,0.0,0.0,0.0,0.0,0.0,0,0,0
1756702488,1152,0.0,0.0,0.02,0.0,0.0,0.0,0.0,0.0,0,0,0
1756702488,1153,-0.02,0.0,0.0,0.0,0.0,0.0,0.0,0.0,0,0,0
1756702488,1154,-0.02,0.0,0.01,0.0,0.0,0.0,0.0,0.0,0,0,0
1756702488,1155,0.02,0.0,0.0,0.0,0.0,0.0,0.0,0.0,0,0,0
1756702488,1156,0.0,0.0,0.01,0.0,0.0,0.0,0.0,0.0,0,0,0
1756702488,1157,0.0,0.0,0.0,0.0,0.0,0.0,0.0,0.0,0,0,0
1756702488,1158,0.0,0.0,0.05,0.0,0.0,0.0,0.0,0.0,0,0,0
1756702488,1159,0.0,0.0,0.05,0.0,0.0,0.0,0.0,0.0,0,0,0
1756702488,1160,-0.03,0.0,0.0,0.0,0.0,0.0,0.0,0.0,0,0,0
1756702488,1161,0.01,0.0,-0.02,0.0,0.0,0.0,0.0,0.0,0,0,0
1756702488,1162,0.02,0.0,0.0,0.0,0.0,0.0,0.0,0.0,0,0,0
1756702488,1163,0.05,0.0,0.0,0.0,0.0,0.0,0.0,0.0,0,0,0
1756702488,1164,-0.03,0.0,0.01,0.0,0.0,0.0,0.0,0.0,0,0,0
1756702488,1165,-0.01,0.0,0.02,0.0,0.0,0.0,0.0,0.0,0,0,0
1756702488,1166,0.0,0.0,0.0,0.0,0.0,0.0,0.0,0.0,0,0,0
1756702488,1167,0.0,0.0,0.0,0.0,0.0,0.0,0.0,0.0,0,0,0
1756702488,1168,0.0,0.0,0.0,0.0,0.0,0.0,0.0,0.0,0,0,0
1756702488,1169,0.0,0.0,0.0,0.0,0.0,0.0,0.0,0.0,0,0,0
1756702488,1170,0.0,0.0,0.0,0.0,0.0,0.0,0.0,0.0,0,0,0
1756702488,1171,0.0,0.0,0.0,0.0,0.0,0.0,0.0,0.0,0,0,0
1756702488,1172,0.0,0.0,0.03,0.0,0.0,0.0,0.0,0.0,0,0,0
1756702488,1173,0.0,0.0,0.0,0.0,0.0,0.0,0.0,0.0,0,0,0
1756702488,1174,0.0,0.0,-0.03,0.0,0.0,0.0,0.0,0.0,0,0,0
1756702488,1175,0.0,0.0,-0.02,0.0,0.0,0.0,0.0,0.0,0,0,0
1756702488,1176,0.01,0.0,0.0,0.0,0.0,0.0,0.0,0.0,0,0,0
1756702488,1177,0.0,0.0,0.0,0.0,0.0,0.0,0.0,0.0,0,0,0
1756702488,1178,0.0,0.0,0.0,0.0,0.0,0.0,0.0,0.0,0,0,0
1756702488,1179,0.0,0.0,0.0,0.0,0.0,0.0,0.0,0.0,0,0,0
1756702488,1180,0.0,0.0,0.01,0.0,0.0,0.0,0.0,0.0,0,0,0
1756702488,1181,0.0,0.0,0.1,0.0,0.0,0.0,0.0,0.0,0,0,0
1756702488,1182,0.0,0.0,-0.03,0.0,0.0,0.0,0.0,0.0,0,0,0
1756702488,1183,0.01,0.0,-0.02,0.0,0.0,0.0,0.0,0.0,0,0,0
1756702489,1184,0.01,0.0,0.0,0.0,0.0,0.0,0.0,0.0,0,0,0
1756702489,1185,0.0,0.0,0.0,0.0,0.0,0.0,0.0,0.0,0,0,0
1756702489,1186,-0.02,0.0,0.0,0.0,0.0,0.0,0.0,0.0,0,0,0
1756702489,1187,0.0,0.0,0.0,0.0,0.0,0.0,0.0,0.0,0,0,0
1756702489,1188,0.0,0.0,0.07,0.0,0.0,0.0,0.0,0.0,0,0,0
1756702489,1189,0.0,0.0,0.05,0.0,0.0,0.0,0.0,0.0,0,0,0
1756702489,1190,-0.02,0.0,0.0,0.0,0.0,0.0,0.0,0.0,0,0,0
1756702489,1191,0.0,0.0,0.02,0.0,0.0,0.0,0.0,0.0,0,0,0
1756702489,1192,0.0,0.0,0.0,0.0,0.0,0.0,0.0,0.0,0,0,0
1756702489,1193,0.0,0.0,0.0,0.0,0.0,0.0,0.0,0.0,0,0,0
1756702489,1194,0.01,0.0,0.0,0.0,0.0,0.0,0.0,0.0,0,0,0
1756702489,1195,-0.01,0.0,0.0,0.0,0.0,0.0,0.0,0.0,0,0,0
1756702489,1196,0.02,0.0,-0.01,0.0,0.0,0.0,0.0,0.0,0,0,0
1756702489,1197,0.0,0.0,0.05,0.0,0.0,0.0,0.0,0.0,0,0,0
1756702489,1198,0.03,0.0,0.07,0.0,0.0,0.0,0.0,0.0,0,0,0
1756702489,1199,0.01,0.0,0.0,0.0,0.0,0.0,0.0,0.0,0,0,0
1756702489,1200,-0.12,0.0,0.0,0.0,0.0,0.0,0.0,0.0,0,0,0
1756702489,1201,0.05,0.0,0.0,0.0,0.0,0.0,0.0,0.0,0,0,0
1756702489,1202,0.05,0.0,0.0,0.0,0.0,0.0,0.0,0.0,0,0,0
1756702489,1203,0.0,0.0,0.0,0.0,0.0,0.0,0.0,0.0,0,0,0
1756702489,1204,-0.05,0.0,0.0,0.0,0.0,0.0,0.0,0.0,0,0,0
1756702489,1205,0.0,0.0,0.11,0.0,0.0,0.0,0.0,0.0,0,0,0
1756702489,1206,0.02,0.0,0.0,0.0,0.0,0.0,0.0,0.0,0,0,0
1756702489,1207,0.0,0.0,-0.01,0.0,0.0,0.0,0.0,0.0,0,0,0
1756702489,1208,0.0,0.0,0.0,0.0,0.0,0.0,0.0,0.0,0,0,0
1756702489,1209,0.02,0.0,0.0,0.0,0.0,0.0,0.0,0.0,0,0,0
1756702489,1210,0.0,0.0,0.01,0.0,0.0,0.0,0.0,0.0,0,0,0
1756702489,1211,-0.02,0.0,0.0,0.0,0.0,0.0,0.0,0.0,0,0,0
1756702489,1212,0.0,0.0,0.0,0.0,0.0,0.0,0.0,0.0,0,0,0
1756702489,1213,0.0,0.0,0.0,0.0,0.0,0.0,0.0,0.0,0,0,0
1756702489,1214,0.05,0.0,0.0,0.0,0.0,0.0,0.0,0.0,0,0,0
1756702489,1215,0.0,0.0,0.0,0.0,0.0,0.0,0.0,0.0,0,0,0
1756702489,1216,-0.03,0.0,0.0,0.0,0.0,0.0,0.0,0.0,0,0,0
1756702489,1217,0.05,0.0,-0.01,0.0,0.0,0.0,0.0,0.0,0,0,0
1756702489,1218,-0.01,0.0,0.0,0.0,0.0,0.0,0.0,0.0,0,0,0
1756702489,1219,0.01,0.0,0.0,0.0,0.0,0.0,0.0,0.0,0,0,0
1756702489,1220,0.05,0.0,0.0,0.0,0.0,0.0,0.0,0.0,0,0,0
1756702489,1221,0.01,0.0,0.0,0.0,0.0,0.0,0.0,0.0,0,0,0
1756702489,1222,0.0,0.0,0.1,0.0,0.0,0.0,0.0,0.0,0,0,0
1756702489,1223,0.0,0.0,-0.03,0.0,0.0,0.0,0.0,0.0,0,0,0
1756702489,1224,0.0,0.0,0.02,0.0,0.0,0.0,0.0,0.0,0,0,0
1756702489,1225,0.0,0.0,0.0,0.0,0.0,0.0,0.0,0.0,0,0,0
1756702489,1226,0.05,0.0,0.0,0.0,0.0,0.0,0.0,0.0,0,0,0
1756702489,1227,-0.03,0.0,-0.02,0.0,0.0,0.0,0.0,0.0,0,0,0
1756702489,1228,-0.15,0.0,-0.05,0.0,0.0,0.0,0.0,0.0,0,0,0
1756702489,1229,-0.03,0.0,0.0,0.0,0.0,0.0,0.0,0.0,0,0,0
1756702489,1230,0.05,0.0,0.0,0.0,0.0,0.0,0.0,0.0,0,0,0
1756702489,1231,0.0,0.0,0.0,0.0,0.0,0.0,0.0,0.0,0,0,0
1756702489,1232,0.01,0.0,-0.05,0.0,0.0,0.0,0.0,0.0,0,0,0
1756702489,1233,0.01,0.0,0.0,0.0,0.0,0.0,0.0,0.0,0,0,0
1756702489,1234,-0.05,0.0,0.01,0.0,0.0,0.0,0.0,0.0,0,0,0
1756702489,1235,0.0,0.0,0.0,0.0,0.0,0.0,0.0,0.0,0,0,0
1756702489,1236,0.0,0.0,0.0,0.0,0.0,0.0,0.0,0.0,0,0,0
1756702489,1237,0.0,0.0,0.0,0.0,0.0,0.0,0.0,0.0,0,0,0
1756702489,1238,-0.05,0.0,0.0,0.0,0.0,0.0,0.0,0.0,0,0,0
1756702489,1239,0.0,0.0,-0.01,0.0,0.0,0.0,0.0,0.0,0,0,0
1756702489,1240,0.0,0.0,0.05,0.0,0.0,0.0,0.0,0.0,0,0,0
1756702489,1241,-0.02,0.0,0.0,0.0,0.0,0.0,0.0,0.0,0,0,0
1756702489,1242,0.0,0.0,0.0,0.0,0.0,0.0,0.0,0.0,0,0,0
1756702489,1243,0.0,0.0,0.0,0.0,0.0,0.0,0.0,0.0,0,0,0
1756702489,1244,0.0,0.0,0.0,0.0,0.0,0.0,0.0,0.0,0,0,0
1756702489,1245,-0.01,0.0,0.0,0.0,0.0,0.0,0.0,0.0,0,0,0
1756702489,1246,0.0,0.0,0.0,0.0,0.0,0.0,0.0,0.0,0,0,0
1756702489,1247,-0.02,0.0,0.01,0.0,0.0,0.0,0.0,0.0,0,0,0
1756702489,1248,0.02,0.0,0.0,0.0,0.0,0.0,0.0,0.0,0,0,0
1756702490,1249,-0.05,0.0,0.0,0.0,0.0,0.0,0.0,0.0,0,0,0
1756702490,1250,0.0,0.0,0.0,0.0,0.0,0.0,0.0,0.0,0,0,0
1756702490,1251,0.0,0.0,0.0,0.0,0.0,0.0,0.0,0.0,0,0,0
1756702490,1252,0.05,0.0,-0.02,0.0,0.0,0.0,0.0,0.0,0,0,0
1756702490,1253,0.05,0.0,0.0,0.0,0.0,0.0,0.0,0.0,0,0,0
1756702490,1254,-0.05,0.0,0.01,0.0,0.0,0.0,0.0,0.0,0,0,0
1756702490,1255,0.0,0.0,0.0,0.0,0.0,0.0,0.0,0.0,0,0,0
1756702490,1256,0.0,0.0,0.0,0.0,0.0,0.0,0.0,0.0,0,0,0
1756702490,1257,-0.03,0.0,-0.01,0.0,0.0,0.0,0.0,0.0,0,0,0
1756702490,1258,0.0,0.0,0.0,0.0,0.0,0.0,0.0,0.0,0,0,0
1756702490,1259,0.0,0.0,0.0,0.0,0.0,0.0,0.0,0.0,0,0,0
1756702490,1260,-0.05,0.0,0.0,0.0,0.0,0.0,0.0,0.0,0,0,0
1756702490,1261,0.0,0.0,0.0,0.0,0.0,0.0,0.0,0.0,0,0,0
1756702490,1262,0.01,0.0,0.05,0.0,0.0,0.0,0.0,0.0,0,0,0
1756702490,1263,-0.03,0.0,0.12,0.0,0.0,0.0,0.0,0.0,0,0,0
1756702490,1264,0.03,0.0,0.09,0.0,0.0,0.0,0.0,0.0,0,0,0
1756702490,1265,0.02,0.0,0.0,0.0,0.0,0.0,0.0,0.0,0,0,0
1756702490,1266,-0.03,0.0,0.0,0.0,0.0,0.0,0.0,0.0,0,0,0
1756702490,1267,-0.02,0.0,-0.02,0.0,0.0,0.0,0.0,0.0,0,0,0
1756702490,1268,0.0,0.0,0.0,0.0,0.0,0.0,0.0,0.0,0,0,0
1756702490,1269,0.02,0.0,0.0,0.0,0.0,0.0,0.0,0.0,0,0,0
1756702490,1270,0.02,0.0,0.0,0.0,0.0,0.0,0.0,0.0,0,0,0
1756702490,1271,0.0,0.0,0.05,0.0,0.0,0.0,0.0,0.0,0,0,0
1756702490,1272,0.0,0.0,0.0,0.0,0.0,0.0,0.0,0.0,0,0,0
1756702490,1273,0.0,0.0,0.05,0.0,0.0,0.0,0.0,0.0,0,0,0
1756702490,1274,0.0,0.0,-0.01,0.0,0.0,0.0,0.0,0.0,0,0,0
1756702490,1275,0.03,0.0,0.0,0.0,0.0,0.0,0.0,0.0,0,0,0
1756702490,1276,0.0,0.0,0.0,0.0,0.0,0.0,0.0,0.0,0,0,0
1756702490,1277,0.02,0.0,-0.02,0.0,0.0,0.0,0.0,0.0,0,0,0
1756702490,1278,0.05,0.0,0.0,0.0,0.0,0.0,0.0,0.0,0,0,0
1756702490,1279,0.02,0.0,0.0,0.0,0.0,0.0,0.0,0.0,0,0,0
1756702490,1280,-0.03,0.0,-0.01,0.0,0.0,0.0,0.0,0.0,0,0,0
1756702490,1281,0.03,0.0,-0.01,0.0,0.0,0.0,0.0,0.0,0,0,0
1756702490,1282,-0.01,0.0,0.0,0.0,0.0,0.0,0.0,0.0,0,0,0
1756702490,1283,0.0,0.0,0.0,0.0,0.0,0.0,0.0,0.0,0,0,0
1756702490,1284,0.01,0.0,0.0,0.0,0.0,0.0,0.0,0.0,0,0,0
1756702490,1285,-0.03,0.0,0.0,0.0,0.0,0.0,0.0,0.0,0,0,0
1756702490,1286,0.03,0.0,-0.02,0.0,0.0,0.0,0.0,0.0,0,0,0
1756702490,1287,0.02,0.0,0.0,0.0,0.0,0.0,0.0,0.0,0,0,0
1756702490,1288,0.0,0.0,-0.02,0.0,0.0,0.0,0.0,0.0,0,0,0
1756702490,1289,0.0,0.0,0.02,0.0,0.0,0.0,0.0,0.0,0,0,0
1756702490,1290,0.02,0.0,0.0,0.0,0.0,0.0,0.0,0.0,0,0,0
1756702490,1291,0.0,0.0,0.0,0.0,0.0,0.0,0.0,0.0,0,0,0
1756702490,1292,0.0,0.0,0.0,0.0,0.0,0.0,0.0,0.0,0,0,0
1756702490,1293,0.0,0.0,0.0,0.0,0.0,0.0,0.0,0.0,0,0,0
1756702490,1294,0.01,0.0,-0.02,0.0,0.0,0.0,0.0,0.0,0,0,0
1756702490,1295,0.03,0.0,0.05,0.0,0.0,0.0,0.0,0.0,0,0,0
1756702490,1296,0.09,0.0,0.0,0.0,0.0,0.0,0.0,0.0,0,0,0
1756702490,1297,0.03,0.0,0.0,0.0,0.0,0.0,0.0,0.0,0,0,0
1756702490,1298,0.03,0.0,0.0,0.0,0.0,0.0,0.0,0.0,0,0,0
1756702490,1299,-0.03,0.0,0.03,0.0,0.0,0.0,0.0,0.0,0,0,0
1756702490,1300,0.0,0.0,0.0,0.0,0.0,0.0,0.0,0.0,0,0,0
1756702490,1301,0.0,0.0,0.0,0.0,0.0,0.0,0.0,0.0,0,0,0
1756702490,1302,0.03,0.0,-0.05,0.0,0.0,0.0,0.0,0.0,0,0,0
1756702490,1303,0.05,0.0,-0.01,0.0,0.0,0.0,0.0,0.0,0,0,0
1756702490,1304,0.0,0.0,0.0,0.0,0.0,0.0,0.0,0.0,0,0,0
1756702490,1305,-0.01,0.0,-0.05,0.0,0.0,0.0,0.0,0.0,0,0,0
1756702490,1306,0.05,0.0,0.0,0.0,0.0,0.0,0.0,0.0,0,0,0
1756702490,1307,-0.05,0.0,-0.01,0.0,0.0,0.0,0.0,0.0,0,0,0
1756702490,1308,-0.01,0.0,-0.02,0.0,0.0,0.0,0.0,0.0,0,0,0
1756702490,1309,0.0,0.0,-0.02,0.0,0.0,0.0,0.0,0.0,0,0,0
1756702490,1310,-0.02,0.0,0.01,0.0,0.0,0.0,0.0,0.0,0,0,0
1756702490,1311,0.0,0.0,-0.01,0.0,0.0,0.0,0.0,0.0,0,0,0
1756702491,1312,-0.01,0.0,0.0,0.0,0.0,0.0,0.0,0.0,0,0,0
1756702491,1313,0.05,0.0,0.01,0.0,0.0,0.0,0.0,0.0,0,0,0
1756702491,1314,-0.01,0.0,0.0,0.0,0.0,0.0,0.0,0.0,0,0,0
1756702491,1315,0.01,0.0,0.0,0.0,0.0,0.0,0.0,0.0,0,0,0
1756702491,1316,-0.02,0.0,0.02,0.0,0.0,0.0,0.0,0.0,0,0,0
1756702491,1317,0.07,0.0,0.0,0.0,0.0,0.0,0.0,0.0,0,0,0
1756702491,1318,0.02,0.0,-0.03,0.0,0.0,0.0,0.0,0.0,0,0,0
1756702491,1319,0.05,0.0,-0.01,0.0,0.0,0.0,0.0,0.0,0,0,0
1756702491,1320,0.0,0.0,-0.01,0.0,0.0,0.0,0.0,0.0,0,0,0
1756702491,1321,-0.03,0.0,-0.01,0.0,0.0,0.0,0.0,0.0,0,0,0
1756702491,1322,-0.02,0.0,-0.05,0.0,0.0,0.0,0.0,0.0,0,0,0
1756702491,1323,0.0,0.0,0.0,0.0,0.0,0.0,0.0,0.0,0,0,0
1756702491,1324,0.63,0.0,-0.07,0.0,0.0,0.0,0.0,0.0,0,0,0
1756702491,1325,-0.05,0.0,0.0,0.0,0.0,0.0,0.0,0.0,0,0,0
1756702491,1326,-0.03,0.0,0.0,0.0,0.0,0.0,0.0,0.0,0,0,0
1756702491,1327,-0.07,0.0,0.01,0.0,0.0,0.0,0.0,0.0,0,0,0
1756702491,1328,0.0,0.0,0.0,0.0,0.0,0.0,0.0,0.0,0,0,0
1756702491,1329,-0.02,0.0,0.03,0.0,0.0,0.0,0.0,0.0,0,0,0
1756702491,1330,0.0,0.0,0.0,0.0,0.0,0.0,0.0,0.0,0,0,0
1756702491,1331,-0.02,0.0,0.0,0.0,0.0,0.0,0.0,0.0,0,0,0
1756702491,1332,-0.05,0.0,0.05,0.0,0.0,0.0,0.0,0.0,0,0,0
1756702491,1333,0.0,0.0,-0.01,0.0,0.0,0.0,0.0,0.0,0,0,0
1756702491,1334,-0.03,0.0,0.0,0.0,0.0,0.0,0.0,0.0,0,0,0
1756702491,1335,0.01,0.0,0.0,0.0,0.0,0.0,0.0,0.0,0,0,0
1756702491,1336,-0.14,0.0,0.0,0.0,0.0,0.0,0.0,0.0,0,0,0
1756702491,1337,0.02,0.0,-0.01,0.0,0.0,0.0,0.0,0.0,0,0,0
1756702491,1338,-0.02,0.0,0.0,0.0,0.0,0.0,0.0,0.0,0,0,0
1756702491,1339,0.07,0.0,0.05,0.0,0.0,0.0,0.0,0.0,0,0,0
1756702491,1340,0.0,0.0,0.0,0.0,0.0,0.0,0.0,0.0,0,0,0
1756702491,1341,0.0,0.0,-0.02,0.0,0.0,0.0,0.0,0.0,0,0,0
1756702491,1342,0.01,0.0,0.02,0.0,0.0,0.0,0.0,0.0,0,0,0
1756702491,1343,0.02,0.0,0.01,0.0,0.0,0.0,0.0,0.0,0,0,0
1756702491,1344,0.0,0.0,0.0,0.0,0.0,0.0,0.0,0.0,0,0,0
1756702491,1345,-0.03,0.0,-0.14,0.0,0.0,0.0,0.0,0.0,0,0,0
1756702491,1346,0.0,0.0,0.0,0.0,0.0,0.0,0.0,0.0,0,0,0
1756702491,1347,0.07,0.0,-0.07,0.0,0.0,0.0,0.0,0.0,0,0,0
1756702491,1348,-0.09,0.0,0.0,0.0,0.0,0.0,0.0,0.0,0,0,0
1756702491,1349,0.05,0.0,0.07,0.0,0.0,0.0,0.0,0.0,0,0,0
1756702491,1350,0.0,0.0,0.0,0.0,0.0,0.0,0.0,0.0,0,0,0
1756702491,1351,0.01,0.0,0.0,0.0,0.0,0.0,0.0,0.0,0,0,0
1756702491,1352,0.05,0.0,0.0,0.0,0.0,0.0,0.0,0.0,0,0,0
1756702491,1353,0.0,0.0,-0.02,0.0,0.0,0.0,0.0,0.0,0,0,0
1756702491,1354,0.0,0.0,0.0,0.0,0.0,0.0,0.0,0.0,0,0,0
1756702491,1355,0.0,0.0,0.0,0.0,0.0,0.0,0.0,0.0,0,0,0
1756702491,1356,0.0,0.0,-0.01,0.0,0.0,0.0,0.0,0.0,0,0,0
1756702491,1357,0.0,0.0,0.0,0.0,0.0,0.0,0.0,0.0,0,0,0
1756702491,1358,0.0,0.0,-0.01,0.0,0.0,0.0,0.0,0.0,0,0,0
1756702491,1359,-0.02,0.0,-0.01,0.0,0.0,0.0,0.0,0.0,0,0,0
1756702491,1360,0.0,0.0,0.02,0.0,0.0,0.0,0.0,0.0,0,0,0
1756702491,1361,-0.03,0.0,-0.03,0.0,0.0,0.0,0.0,0.0,0,0,0
1756702491,1362,0.0,0.0,-0.01,0.0,0.0,0.0,0.0,0.0,0,0,0
1756702491,1363,0.0,0.0,0.0,0.0,0.0,0.0,0.0,0.0,0,0,0
1756702491,1364,0.0,0.0,-0.01,0.0,0.0,0.0,0.0,0.0,0,0,0
1756702491,1365,0.0,0.0,0.0,0.0,0.0,0.0,0.0,0.0,0,0,0
1756702491,1366,0.1,0.0,0.0,0.0,0.0,0.0,0.0,0.0,0,0,0
1756702491,1367,0.0,0.0,-0.03,0.0,0.0,0.0,0.0,0.0,0,0,0
1756702491,1368,0.03,0.0,0.0,0.0,0.0,0.0,0.0,0.0,0,0,0
1756702491,1369,0.01,0.0,0.0,0.0,0.0,0.0,0.0,0.0,0,0,0
1756702491,1370,0.0,0.0,0.1,0.0,0.0,0.0,0.0,0.0,0,0,0
1756702491,1371,0.0,0.0,0.0,0.0,0.0,0.0,0.0,0.0,0,0,0
1756702491,1372,0.01,0.0,0.0,0.0,0.0,0.0,0.0,0.0,0,0,0
1756702491,1373,0.02,0.0,-0.03,0.0,0.0,0.0,0.0,0.0,0,0,0
1756702491,1374,0.0,0.0,0.0,0.0,0.0,0.0,0.0,0.0,0,0,0
1756702491,1375,0.0,0.0,0.0,0.0,0.0,0.0,0.0,0.0,0,0,0
1756702491,1376,0.01,0.0,-0.01,0.0,0.0,0.0,0.0,0.0,0,0,0
1756702491,1377,0.0,0.0,0.0,0.0,0.0,0.0,0.0,0.0,0,0,0
1756702491,1378,0.0,0.0,0.0,0.0,0.0,0.0,0.0,0.0,0,0,0
1756702491,1379,0.01,0.0,0.0,0.0,0.0,0.0,0.0,0.0,0,0,0
1756702491,1380,0.0,0.0,-0.02,0.0,0.0,0.0,0.0,0.0,0,0,0
1756702491,1381,0.0,0.0,-0.01,0.0,0.0,0.0,0.0,0.0,0,0,0
1756702492,1382,0.0,0.0,-0.02,0.0,0.0,0.0,0.0,0.0,0,0,0
1756702492,1383,0.01,0.0,-0.02,0.0,0.0,0.0,0.0,0.0,0,0,0
1756702492,1384,0.0,0.0,0.0,0.0,0.0,0.0,0.0,0.0,0,0,0
1756702492,1385,-0.03,0.0,0.0,0.0,0.0,0.0,0.0,0.0,0,0,0
1756702492,1386,0.0,0.0,0.0,0.0,0.0,0.0,0.0,0.0,0,0,0
1756702492,1387,0.01,0.0,0.0,0.0,0.0,0.0,0.0,0.0,0,0,0
1756702492,1388,0.0,0.0,-0.02,0.0,0.0,0.0,0.0,0.0,0,0,0
1756702492,1389,0.03,0.0,0.0,0.0,0.0,0.0,0.0,0.0,0,0,0
1756702492,1390,-0.02,0.0,-0.02,0.0,0.0,0.0,0.0,0.0,0,0,0
1756702492,1391,0.0,0.0,-0.01,0.0,0.0,0.0,0.0,0.0,0,0,0
1756702492,1392,0.01,0.0,0.0,0.0,0.0,0.0,0.0,0.0,0,0,0
1756702492,1393,0.03,0.0,-0.01,0.0,0.0,0.0,0.0,0.0,0,0,0
1756702492,1394,0.0,0.0,-0.09,0.0,0.0,0.0,0.0,0.0,0,0,0
1756702492,1395,0.03,0.0,0.0,0.0,0.0,0.0,0.0,0.0,0,0,0
1756702492,1396,0.0,0.0,-0.02,0.0,0.0,0.0,0.0,0.0,0,0,0
1756702492,1397,-0.02,0.0,-0.05,0.0,0.0,0.0,0.0,0.0,0,0,0
1756702492,1398,0.0,0.0,0.0,0.0,0.0,0.0,0.0,0.0,0,0,0
1756702492,1399,0.0,0.0,-0.01,0.0,0.0,0.0,0.0,0.0,0,0,0
1756702492,1400,0.0,0.0,-0.01,0.0,0.0,0.0,0.0,0.0,0,0,0
1756702492,1401,-0.01,0.0,0.0,0.0,0.0,0.0,0.0,0.0,0,0,0
1756702492,1402,0.02,0.0,0.0,0.0,0.0,0.0,0.0,0.0,0,0,0
1756702492,1403,0.0,0.0,-0.02,0.0,0.0,0.0,0.0,0.0,0,0,0
1756702492,1404,0.02,0.0,-0.02,0.0,0.0,0.0,0.0,0.0,0,0,0
1756702492,1405,0.03,0.0,0.0,0.0,0.0,0.0,0.0,0.0,0,0,0
1756702492,1406,-0.03,0.0,-0.02,0.0,0.0,0.0,0.0,0.0,0,0,0
1756702492,1407,0.05,0.0,0.0,0.0,0.0,0.0,0.0,0.0,0,0,0
1756702492,1408,0.03,0.0,-0.01,0.0,0.0,0.0,0.0,0.0,0,0,0
1756702492,1409,0.0,0.0,-0.01,0.0,0.0,0.0,0.0,0.0,0,0,0
1756702492,1410,0.0,0.0,0.0,0.0,0.0,0.0,0.0,0.0,0,0,0
1756702492,1411,0.03,0.0,0.0,0.0,0.0,0.0,0.0,0.0,0,0,0
1756702492,1412,0.0,0.0,0.0,0.0,0.0,0.0,0.0,0.0,0,0,0
1756702492,1413,0.0,0.0,0.03,0.0,0.0,0.0,0.0,0.0,0,0,0
1756702492,1414,0.0,0.0,0.0,0.0,0.0,0.0,0.0,0.0,0,0,0
1756702492,1415,0.0,0.0,-0.03,0.0,0.0,0.0,0.0,0.0,0,0,0
1756702492,1416,0.0,0.0,0.01,0.0,0.0,0.0,0.0,0.0,0,0,0
1756702492,1417,0.0,0.0,-0.01,0.0,0.0,0.0,0.0,0.0,0,0,0
1756702492,1418,-0.02,0.0,0.0,0.0,0.0,0.0,0.0,0.0,0,0,0
1756702492,1419,0.0,0.0,-0.05,0.0,0.0,0.0,0.0,0.0,0,0,0
1756702492,1420,0.01,0.0,0.0,0.0,0.0,0.0,0.0,0.0,0,0,0
1756702492,1421,0.0,0.0,-0.07,0.0,0.0,0.0,0.0,0.0,0,0,0
1756702492,1422,0.0,0.0,0.0,0.0,0.0,0.0,0.0,0.0,0,0,0
1756702492,1423,-0.01,0.0,0.0,0.0,0.0,0.0,0.0,0.0,0,0,0
1756702492,1424,0.03,0.0,-0.07,0.0,0.0,0.0,0.0,0.0,0,0,0
1756702492,1425,0.0,0.0,0.0,0.0,0.0,0.0,0.0,0.0,0,0,0
1756702492,1426,0.03,0.0,0.0,0.0,0.0,0.0,0.0,0.0,0,0,0
1756702492,1427,-0.02,0.0,0.0,0.0,0.0,0.0,0.0,0.0,0,0,0
1756702492,1428,0.05,0.0,0.0,0.0,0.0,0.0,0.0,0.0,0,0,0
1756702492,1429,-0.01,0.0,0.09,0.0,0.0,0.0,0.0,0.0,0,0,0
1756702492,1430,0.0,0.0,0.0,0.0,0.0,0.0,0.0,0.0,0,0,0
1756702492,1431,0.05,0.0,0.02,0.0,0.0,0.0,0.0,0.0,0,0,0
1756702492,1432,0.07,0.0,0.0,0.0,0.0,0.0,0.0,0.0,0,0,0
1756702492,1433,0.0,0.0,-0.02,0.0,0.0,0.0,0.0,0.0,0,0,0
1756702492,1434,-0.03,0.0,-0.01,0.0,0.0,0.0,0.0,0.0,0,0,0
1756702492,1435,-0.05,0.0,-0.02,0.0,0.0,0.0,0.0,0.0,0,0,0
1756702492,1436,0.0,0.0,0.0,0.0,0.0,0.0,0.0,0.0,0,0,0
1756702492,1437,0.0,0.0,-0.02,0.0,0.0,0.0,0.0,0.0,0,0,0
1756702492,1438,-0.11,0.0,-0.02,0.0,0.0,0.0,0.0,0.0,0,0,0
1756702492,1439,0.0,0.0,-0.02,0.0,0.0,0.0,0.0,0.0,0,0,0
1756702492,1440,-0.02,0.0,0.0,0.0,0.0,0.0,0.0,0.0,0,0,0
1756702492,1441,0.0,0.0,0.03,0.0,0.0,0.0,0.0,0.0,0,0,0
1756702492,1442,-0.03,0.0,0.0,0.0,0.0,0.0,0.0,0.0,0,0,0
1756702492,1443,0.0,0.0,-0.01,0.0,0.0,0.0,0.0,0.0,0,0,0
1756702492,1444,0.0,0.0,0.0,0.0,0.0,0.0,0.0,0.0,0,0,0
1756702492,1445,0.0,0.0,-0.01,0.0,0.0,0.0,0.0,0.0,0,0,0
1756702493,1446,0.0,0.0,-0.05,0.0,0.0,0.0,0.0,0.0,0,0,0
1756702493,1447,0.0,0.0,-0.01,0.0,0.0,0.0,0.0,0.0,0,0,0
1756702493,1448,0.0,0.0,-0.02,0.0,0.0,0.0,0.0,0.0,0,0,0
1756702493,1449,0.03,0.0,0.0,0.0,0.0,0.0,0.0,0.0,0,0,0
1756702493,1450,0.0,0.0,0.0,0.0,0.0,0.0,0.0,0.0,0,0,0
1756702493,1451,0.0,0.0,0.0,0.0,0.0,0.0,0.0,0.0,0,0,0
1756702493,1452,0.0,0.0,0.02,0.0,0.0,0.0,0.0,0.0,0,0,0
1756702493,1453,0.01,0.0,0.0,0.0,0.0,0.0,0.0,0.0,0,0,0
1756702493,1454,0.0,0.0,0.0,0.0,0.0,0.0,0.0,0.0,0,0,0
1756702493,1455,-0.01,0.0,-0.02,0.0,0.0,0.0,0.0,0.0,0,0,0
1756702493,1456,-0.05,0.0,0.0,0.0,0.0,0.0,0.0,0.0,0,0,0
1756702493,1457,-0.09,0.0,0.0,0.0,0.0,0.0,0.0,0.0,0,0,0
1756702493,1458,0.01,0.0,-0.02,0.0,0.0,0.0,0.0,0.0,0,0,0
1756702493,1459,0.02,0.0,-0.03,0.0,0.0,0.0,0.0,0.0,0,0,0
1756702493,1460,0.0,0.0,-0.01,0.0,0.0,0.0,0.0,0.0,0,0,0
1756702493,1461,0.02,0.0,0.0,0.0,0.0,0.0,0.0,0.0,0,0,0
1756702493,1462,0.05,0.0,-0.01,0.0,0.0,0.0,0.0,0.0,0,0,0
1756702493,1463,-0.01,0.0,0.0,0.0,0.0,0.0,0.0,0.0,0,0,0
1756702493,1464,0.05,0.0,-0.01,0.0,0.0,0.0,0.0,0.0,0,0,0
1756702493,1465,-0.01,0.0,0.0,0.0,0.0,0.0,0.0,0.0,0,0,0
1756702493,1466,0.01,0.0,0.0,0.0,0.0,0.0,0.0,0.0,0,0,0
1756702493,1467,0.0,0.0,0.03,0.0,0.0,0.0,0.0,0.0,0,0,0
1756702493,1468,0.02,0.0,0.0,0.0,0.0,0.0,0.0,0.0,0,0,0
1756702493,1469,0.0,0.0,0.0,0.0,0.0,0.0,0.0,0.0,0,0,0
1756702493,1470,-0.01,0.0,0.0,0.0,0.0,0.0,0.0,0.0,0,0,0
1756702493,1471,-0.02,0.0,0.03,0.0,0.0,0.0,0.0,0.0,0,0,0
1756702493,1472,0.03,0.0,0.01,0.0,0.0,0.0,0.0,0.0,0,0,0
1756702493,1473,0.03,0.0,0.0,0.0,0.0,0.0,0.0,0.0,0,0,0
1756702493,1474,0.0,0.0,0.0,0.0,0.0,0.0,0.0,0.0,0,0,0
1756702493,1475,0.0,0.0,-0.01,0.0,0.0,0.0,0.0,0.0,0,0,0
1756702493,1476,0.03,0.0,-0.01,0.0,0.0,0.0,0.0,0.0,0,0,0
1756702493,1477,0.02,0.0,-0.02,0.0,0.0,0.0,0.0,0.0,0,0,0
1756702493,1478,0.02,0.0,0.05,0.0,0.0,0.0,0.0,0.0,0,0,0
1756702493,1479,0.02,0.0,-0.05,0.0,0.0,0.0,0.0,0.0,0,0,0
1756702493,1480,0.0,0.0,-0.05,0.0,0.0,0.0,0.0,0.0,0,0,0
1756702493,1481,0.02,0.0,0.05,0.0,0.0,0.0,0.0,0.0,0,0,0
1756702493,1482,-0.01,0.0,0.0,0.0,0.0,0.0,0.0,0.0,0,0,0
1756702493,1483,0.0,0.0,0.0,0.0,0.0,0.0,0.0,0.0,0,0,0
1756702493,1484,0.0,0.0,0.0,0.0,0.0,0.0,0.0,0.0,0,0,0
1756702493,1485,0.0,0.0,0.0,0.0,0.0,0.0,0.0,0.0,0,0,0
1756702493,1486,0.0,0.0,0.0,0.0,0.0,0.0,0.0,0.0,0,0,0
1756702493,1487,0.0,0.0,-0.01,0.0,0.0,0.0,0.0,0.0,0,0,0
1756702493,1488,-0.03,0.0,-0.02,0.0,0.0,0.0,0.0,0.0,0,0,0
1756702493,1489,-0.01,0.0,0.0,0.0,0.0,0.0,0.0,0.0,0,0,0
1756702493,1490,-0.03,0.0,-0.01,0.0,0.0,0.0,0.0,0.0,0,0,0
1756702493,1491,0.0,0.0,0.0,0.0,0.0,0.0,0.0,0.0,0,0,0
1756702493,1492,0.0,0.0,0.0,0.0,0.0,0.0,0.0,0.0,0,0,0
1756702493,1493,0.03,0.0,-0.01,0.0,0.0,0.0,0.0,0.0,0,0,0
1756702493,1494,0.0,0.0,0.0,0.0,0.0,0.0,0.0,0.0,0,0,0
1756702493,1495,0.02,0.0,0.0,0.0,0.0,0.0,0.0,0.0,0,0,0
1756702493,1496,0.0,0.0,-0.02,0.0,0.0,0.0,0.0,0.0,0,0,0
1756702493,1497,0.01,0.0,-0.07,0.0,0.0,0.0,0.0,0.0,0,0,0
1756702493,1498,0.0,0.0,-0.05,0.0,0.0,0.0,0.0,0.0,0,0,0
1756702493,1499,0.0,0.0,0.0,0.0,0.0,0.0,0.0,0.0,0,0,0
1756702493,1500,0.0,0.0,0.0,0.0,0.0,0.0,0.0,0.0,0,0,0
1756702493,1501,0.03,0.0,0.0,0.0,0.0,0.0,0.0,0.0,0,0,0
1756702493,1502,0.02,0.0,-0.01,0.0,0.0,0.0,0.0,0.0,0,0,0
1756702493,1503,0.01,0.0,-0.01,0.0,0.0,0.0,0.0,0.0,0,0,0
1756702493,1504,0.02,0.0,-0.03,0.0,0.0,0.0,0.0,0.0,0,0,0
1756702493,1505,0.0,0.0,0.0,0.0,0.0,0.0,0.0,0.0,0,0,0
1756702493,1506,0.0,0.0,-0.01,0.0,0.0,0.0,0.0,0.0,0,0,0
1756702493,1507,-0.02,0.0,0.0,0.0,0.0,0.0,0.0,0.0,0,0,0
1756702493,1508,0.0,0.0,-0.01,0.0,0.0,0.0,0.0,0.0,0,0,0
1756702493,1509,0.0,0.0,-0.03,0.0,0.0,0.0,0.0,0.0,0,0,0
1756702493,1510,0.07,0.0,0.0,0.0,0.0,0.0,0.0,0.0,0,0,0
1756702494,1511,0.0,0.0,0.0,0.0,0.0,0.0,0.0,0.0,0,0,0
1756702494,1512,0.0,0.0,-0.02,0.0,0.0,0.0,0.0,0.0,0,0,0
1756702494,1513,0.0,0.0,-0.05,0.0,0.0,0.0,0.0,0.0,0,0,0
1756702494,1514,0.02,0.0,0.0,0.0,0.0,0.0,0.0,0.0,0,0,0
1756702494,1515,0.0,0.0,0.01,0.0,0.0,0.0,0.0,0.0,0,0,0
1756702494,1516,-0.01,0.0,0.0,0.0,0.0,0.0,0.0,0.0,0,0,0
1756702494,1517,-0.05,0.0,0.0,0.0,0.0,0.0,0.0,0.0,0,0,0
1756702494,1518,0.0,0.0,-0.02,0.0,0.0,0.0,0.0,0.0,0,0,0
1756702494,1519,0.0,0.0,0.0,0.0,0.0,0.0,0.0,0.0,0,0,0
1756702494,1520,0.0,0.0,0.01,0.0,0.0,0.0,0.0,0.0,0,0,0
1756702494,1521,0.01,0.0,0.0,0.0,0.0,0.0,0.0,0.0,0,0,0
1756702494,1522,0.0,0.0,0.0,0.0,0.0,0.0,0.0,0.0,0,0,0
1756702494,1523,0.0,0.0,0.0,0.0,0.0,0.0,0.0,0.0,0,0,0
1756702494,1524,0.0,0.0,0.0,0.0,0.0,0.0,0.0,0.0,0,0,0
1756702494,1525,0.01,0.0,-0.01,0.0,0.0,0.0,0.0,0.0,0,0,0
1756702494,1526,0.0,0.0,0.0,0.0,0.0,0.0,0.0,0.0,0,0,0
1756702494,1527,0.0,0.0,0.0,0.0,0.0,0.0,0.0,0.0,0,0,0
1756702494,1528,0.0,0.0,-0.01,0.0,0.0,0.0,0.0,0.0,0,0,0
1756702494,1529,0.0,0.0,0.0,0.0,0.0,0.0,0.0,0.0,0,0,0
1756702494,1530,0.02,0.0,0.0,0.0,0.0,0.0,0.0,0.0,0,0,0
1756702494,1531,0.0,0.0,0.05,0.0,0.0,0.0,0.0,0.0,0,0,0
1756702494,1532,0.0,0.0,0.0,0.0,0.0,0.0,0.0,0.0,0,0,0
1756702494,1533,-0.01,0.0,-0.07,0.0,0.0,0.0,0.0,0.0,0,0,0
1756702494,1534,0.03,0.0,0.0,0.0,0.0,0.0,0.0,0.0,0,0,0
1756702494,1535,0.0,0.0,-0.01,0.0,0.0,0.0,0.0,0.0,0,0,0
1756702494,1536,0.02,0.0,-0.03,0.0,0.0,0.0,0.0,0.0,0,0,0
1756702494,1537,0.0,0.0,0.0,0.0,0.0,0.0,0.0,0.0,0,0,0
1756702494,1538,-0.01,0.0,0.0,0.0,0.0,0.0,0.0,0.0,0,0,0
1756702494,1539,0.01,0.0,0.0,0.0,0.0,0.0,0.0,0.0,0,0,0
1756702494,1540,0.0,0.0,0.0,0.0,0.0,0.0,0.0,0.0,0,0,0
1756702494,1541,0.03,0.0,0.02,0.0,0.0,0.0,0.0,0.0,0,0,0
1756702494,1542,0.0,0.0,0.0,0.0,0.0,0.0,0.0,0.0,0,0,0
1756702494,1543,0.0,0.0,0.0,0.0,0.0,0.0,0.0,0.0,0,0,0
1756702494,1544,0.0,0.0,-0.03,0.0,0.0,0.0,0.0,0.0,0,0,0
1756702494,1545,0.0,0.0,0.0,0.0,0.0,0.0,0.0,0.0,0,0,0
1756702494,1546,0.0,0.0,0.0,0.0,0.0,0.0,0.0,0.0,0,0,0
1756702494,1547,-0.01,0.0,0.0,0.0,0.0,0.0,0.0,0.0,0,0,0
1756702494,1548,0.0,0.0,0.0,0.0,0.0,0.0,0.0,0.0,0,0,0
1756702494,1549,0.0,0.0,0.0,0.0,0.0,0.0,0.0,0.0,0,0,0
1756702494,1550,0.02,0.0,0.03,0.0,0.0,0.0,0.0,0.0,0,0,0
1756702494,1551,0.03,0.0,0.0,0.0,0.0,0.0,0.0,0.0,0,0,0
1756702494,1552,0.0,0.0,0.0,0.0,0.0,0.0,0.0,0.0,0,0,0
1756702494,1553,-0.01,0.0,-0.01,0.0,0.0,0.0,0.0,0.0,0,0,0
1756702494,1554,0.0,0.0,0.0,0.0,0.0,0.0,0.0,0.0,0,0,0
1756702494,1555,0.0,0.0,0.0,0.0,0.0,0.0,0.0,0.0,0,0,0
1756702494,1556,0.05,0.0,0.0,0.0,0.0,0.0,0.0,0.0,0,0,0
1756702494,1557,0.0,0.0,0.0,0.0,0.0,0.0,0.0,0.0,0,0,0
1756702494,1558,0.0,0.0,0.01,0.0,0.0,0.0,0.0,0.0,0,0,0
1756702494,1559,0.0,0.0,0.0,0.0,0.0,0.0,0.0,0.0,0,0,0
1756702494,1560,0.0,0.0,0.01,0.0,0.0,0.0,0.0,0.0,0,0,0
1756702494,1561,0.0,0.0,0.0,0.0,0.0,0.0,0.0,0.0,0,0,0
1756702494,1562,0.0,0.0,0.0,0.0,0.0,0.0,0.0,0.0,0,0,0
1756702494,1563,0.0,0.0,0.0,0.0,0.0,0.0,0.0,0.0,0,0,0
1756702494,1564,0.0,0.0,-0.02,0.0,0.0,0.0,0.0,0.0,0,0,0
1756702494,1565,-0.02,0.0,0.0,0.0,0.0,0.0,0.0,0.0,0,0,0
1756702494,1566,0.0,0.0,0.0,0.0,0.0,0.0,0.0,0.0,0,0,0
1756702494,1567,0.05,0.0,0.01,0.0,0.0,0.0,0.0,0.0,0,0,0
1756702494,1568,0.0,0.0,0.0,0.0,0.0,0.0,0.0,0.0,0,0,0
1756702494,1569,0.0,0.0,0.0,0.0,0.0,0.0,0.0,0.0,0,0,0
1756702494,1570,0.0,0.0,0.02,0.0,0.0,0.0,0.0,0.0,0,0,0
1756702494,1571,0.0,0.0,-0.01,0.0,0.0,0.0,0.0,0.0,0,0,0
1756702494,1572,0.03,0.0,0.0,0.0,0.0,0.0,0.0,0.0,0,0,0
1756702494,1573,0.0,0.0,0.0,0.0,0.0,0.0,0.0,0.0,0,0,0
1756702494,1574,0.02,0.0,-0.02,0.0,0.0,0.0,0.0,0.0,0,0,0
1756702495,1575,0.07,0.0,-0.01,0.0,0.0,0.0,0.0,0.0,0,0,0
1756702495,1576,0.03,0.0,-0.01,0.0,0.0,0.0,0.0,0.0,0,0,0
1756702495,1577,0.02,0.0,0.0,0.0,0.0,0.0,0.0,0.0,0,0,0
1756702495,1578,-0.05,0.0,0.01,0.0,0.0,0.0,0.0,0.0,0,0,0
1756702495,1579,0.0,0.0,0.05,0.0,0.0,0.0,0.0,0.0,0,0,0
1756702495,1580,0.0,0.0,0.0,0.0,0.0,0.0,0.0,0.0,0,0,0
1756702495,1581,0.0,0.0,0.02,0.0,0.0,0.0,0.0,0.0,0,0,0
1756702495,1582,0.0,0.0,0.05,0.0,0.0,0.0,0.0,0.0,0,0,0
1756702495,1583,0.05,0.0,-0.02,0.0,0.0,0.0,0.0,0.0,0,0,0
1756702495,1584,0.01,0.0,-0.02,0.0,0.0,0.0,0.0,0.0,0,0,0
1756702495,1585,0.01,0.0,0.0,0.0,0.0,0.0,0.0,0.0,0,0,0
1756702495,1586,-0.01,0.0,0.03,0.0,0.0,0.0,0.0,0.0,0,0,0
1756702495,1587,-0.07,0.0,-0.01,0.0,0.0,0.0,0.0,0.0,0,0,0
1756702495,1588,-0.01,0.0,0.0,0.0,0.0,0.0,0.0,0.0,0,0,0
1756702495,1589,0.0,0.0,-0.02,0.0,0.0,0.0,0.0,0.0,0,0,0
1756702495,1590,0.03,0.0,-0.05,0.0,0.0,0.0,0.0,0.0,0,0,0
1756702495,1591,0.0,0.0,0.0,0.0,0.0,0.0,0.0,0.0,0,0,0
1756702495,1592,-0.02,0.0,0.0,0.0,0.0,0.0,0.0,0.0,0,0,0
1756702495,1593,0.0,0.0,-0.05,0.0,0.0,0.0,0.0,0.0,0,0,0
1756702495,1594,0.01,0.0,0.01,0.0,0.0,0.0,0.0,0.0,0,0,0
1756702495,1595,0.0,0.0,-0.05,0.0,0.0,0.0,0.0,0.0,0,0,0
1756702495,1596,0.03,0.0,-0.05,0.0,0.0,0.0,0.0,0.0,0,0,0
1756702495,1597,0.03,0.0,0.0,0.0,0.0,0.0,0.0,0.0,0,0,0
1756702495,1598,0.0,0.0,0.0,0.0,0.0,0.0,0.0,0.0,0,0,0
1756702495,1599,0.0,0.0,0.0,0.0,0.0,0.0,0.0,0.0,0,0,0
1756702495,1600,-0.01,0.0,0.0,0.0,0.0,0.0,0.0,0.0,0,0,0
1756702495,1601,-0.05,0.0,-0.01,0.0,0.0,0.0,0.0,0.0,0,0,0
1756702495,1602,0.09,0.0,0.0,0.0,0.0,0.0,0.0,0.0,0,0,0
1756702495,1603,0.0,0.0,0.0,0.0,0.0,0.0,0.0,0.0,0,0,0
1756702495,1604,0.03,0.0,0.0,0.0,0.0,0.0,0.0,0.0,0,0,0
1756702495,1605,-0.01,0.0,0.03,0.0,0.0,0.0,0.0,0.0,0,0,0
1756702495,1606,-0.02,0.0,0.0,0.0,0.0,0.0,0.0,0.0,0,0,0
1756702495,1607,0.01,0.0,-0.01,0.0,0.0,0.0,0.0,0.0,0,0,0
1756702495,1608,0.0,0.0,-0.07,0.0,0.0,0.0,0.0,0.0,0,0,0
1756702495,1609,-0.05,0.0,-0.01,0.0,0.0,0.0,0.0,0.0,0,0,0
1756702495,1610,0.01,0.0,0.0,0.0,0.0,0.0,0.0,0.0,0,0,0
1756702495,1611,-0.01,0.0,0.0,0.0,0.0,0.0,0.0,0.0,0,0,0
1756702495,1612,0.05,0.0,0.0,0.0,0.0,0.0,0.0,0.0,0,0,0
1756702495,1613,-0.03,0.0,0.0,0.0,0.0,0.0,0.0,0.0,0,0,0
1756702495,1614,0.01,0.0,-0.01,0.0,0.0,0.0,0.0,0.0,0,0,0
1756702495,1615,0.01,0.0,-0.02,0.0,0.0,0.0,0.0,0.0,0,0,0
1756702495,1616,0.03,0.0,-0.02,0.0,0.0,0.0,0.0,0.0,0,0,0
1756702495,1617,0.02,0.0,0.0,0.0,0.0,0.0,0.0,0.0,0,0,0
1756702495,1618,0.0,0.0,0.0,0.0,0.0,0.0,0.0,0.0,0,0,0
1756702495,1619,0.0,0.0,-0.05,0.0,0.0,0.0,0.0,0.0,0,0,0
1756702495,1620,0.0,0.0,-0.07,0.0,0.0,0.0,0.0,0.0,0,0,0
1756702495,1621,-0.02,0.0,0.0,0.0,0.0,0.0,0.0,0.0,0,0,0
1756702495,1622,0.0,0.0,0.01,0.0,0.0,0.0,0.0,0.0,0,0,0
1756702495,1623,0.0,0.0,0.0,0.0,0.0,0.0,0.0,0.0,0,0,0
1756702495,1624,0.02,0.0,0.02,0.0,0.0,0.0,0.0,0.0,0,0,0
1756702495,1625,0.0,0.0,0.0,0.0,0.0,0.0,0.0,0.0,0,0,0
1756702495,1626,0.0,0.0,0.05,0.0,0.0,0.0,0.0,0.0,0,0,0
1756702495,1627,0.05,0.0,0.05,0.0,0.0,0.0,0.0,0.0,0,0,0
1756702495,1628,0.0,0.0,0.05,0.0,0.0,0.0,0.0,0.0,0,0,0
1756702495,1629,0.05,0.0,0.02,0.0,0.0,0.0,0.0,0.0,0,0,0
1756702495,1630,0.0,0.0,0.02,0.0,0.0,0.0,0.0,0.0,0,0,0
1756702495,1631,-0.02,0.0,0.03,0.0,0.0,0.0,0.0,0.0,0,0,0
1756702495,1632,-0.07,0.0,0.05,0.0,0.0,0.0,0.0,0.0,0,0,0
1756702495,1633,0.0,0.0,0.05,0.0,0.0,0.0,0.0,0.0,0,0,0
1756702495,1634,-0.02,0.0,0.1,0.0,0.0,0.0,0.0,0.0,0,0,0
1756702495,1635,-0.02,0.0,-0.02,0.0,0.0,0.0,0.0,0.0,0,0,0
1756702495,1636,-0.02,0.0,0.0,0.0,0.0,0.0,0.0,0.0,0,0,0
1756702495,1637,0.0,0.0,0.0,0.0,0.0,0.0,0.0,0.0,0,0,0
1756702495,1638,0.05,0.0,0.0,0.0,0.0,0.0,0.0,0.0,0,0,0
1756702495,1639,0.0,0.0,0.03,0.0,0.0,0.0,0.0,0.0,0,0,0
1756702495,1640,0.0,0.0,0.01,0.0,0.0,0.0,0.0,0.0,0,0,0
1756702495,1641,0.0,0.0,0.02,0.0,0.0,0.0,0.0,0.0,0,0,0
1756702495,1642,0.0,0.0,0.0,0.0,0.0,0.0,0.0,0.0,0,0,0
1756702495,1643,0.0,0.0,0.05,0.0,0.0,0.0,0.0,0.0,0,0,0
1756702496,1644,-0.02,0.0,0.0,0.0,0.0,0.0,0.0,0.0,0,0,0
1756702496,1645,0.02,0.0,0.0,0.0,0.0,0.0,0.0,0.0,0,0,0
1756702496,1646,0.0,0.0,0.07,0.0,0.0,0.0,0.0,0.0,0,0,0
1756702496,1647,0.05,0.0,0.05,0.0,0.0,0.0,0.0,0.0,0,0,0
1756702496,1648,0.09,0.0,0.0,0.0,0.0,0.0,0.0,0.0,0,0,0
1756702496,1649,-0.02,0.0,0.0,0.0,0.0,0.0,0.0,0.0,0,0,0
1756702496,1650,0.0,0.0,0.02,0.0,0.0,0.0,0.0,0.0,0,0,0
1756702496,1651,0.0,0.0,0.01,0.0,0.0,0.0,0.0,0.0,0,0,0
1756702496,1652,0.0,0.0,0.0,0.0,0.0,0.0,0.0,0.0,0,0,0
1756702496,1653,-0.02,0.0,0.05,0.0,0.0,0.0,0.0,0.0,0,0,0
1756702496,1654,0.01,0.0,0.0,0.0,0.0,0.0,0.0,0.0,0,0,0
1756702496,1655,0.0,0.0,0.0,0.0,0.0,0.0,0.0,0.0,0,0,0
1756702496,1656,0.0,0.0,0.02,0.0,0.0,0.0,0.0,0.0,0,0,0
1756702496,1657,0.05,0.0,0.0,0.0,0.0,0.0,0.0,0.0,0,0,0
1756702496,1658,0.0,0.0,0.0,0.0,0.0,0.0,0.0,0.0,0,0,0
1756702496,1659,0.0,0.0,0.0,0.0,0.0,0.0,0.0,0.0,0,0,0
1756702496,1660,0.0,0.0,0.02,0.0,0.0,0.0,0.0,0.0,0,0,0
1756702496,1661,0.02,0.0,0.05,0.0,0.0,0.0,0.0,0.0,0,0,0
1756702496,1662,0.0,0.0,0.0,0.0,0.0,0.0,0.0,0.0,0,0,0
1756702496,1663,0.01,0.0,0.01,0.0,0.0,0.0,0.0,0.0,0,0,0
1756702496,1664,-0.07,0.0,0.1,0.0,0.0,0.0,0.0,0.0,0,0,0
1756702496,1665,-0.01,0.0,0.02,0.0,0.0,0.0,0.0,0.0,0,0,0
1756702496,1666,-0.01,0.0,0.0,0.0,0.0,0.0,0.0,0.0,0,0,0
1756702496,1667,-0.05,0.0,0.05,0.0,0.0,0.0,0.0,0.0,0,0,0
1756702496,1668,0.01,0.0,0.11,0.0,0.0,0.0,0.0,0.0,0,0,0
1756702496,1669,0.0,0.0,0.0,0.0,0.0,0.0,0.0,0.0,0,0,0
1756702496,1670,0.0,0.0,0.0,0.0,0.0,0.0,0.0,0.0,0,0,0
1756702496,1671,-0.01,0.0,0.0,0.0,0.0,0.0,0.0,0.0,0,0,0
1756702496,1672,0.0,0.0,-0.03,0.0,0.0,0.0,0.0,0.0,0,0,0
1756702496,1673,0.0,0.0,-0.01,0.0,0.0,0.0,0.0,0.0,0,0,0
1756702496,1674,0.03,0.0,0.0,0.0,0.0,0.0,0.0,0.0,0,0,0
1756702496,1675,0.05,0.0,0.0,0.0,0.0,0.0,0.0,0.0,0,0,0
1756702496,1676,0.0,0.0,0.05,0.0,0.0,0.0,0.0,0.0,0,0,0
1756702496,1677,0.0,0.0,0.0,0.0,0.0,0.0,0.0,0.0,0,0,0
1756702496,1678,0.11,0.0,0.0,0.0,0.0,0.0,0.0,0.0,0,0,0
1756702496,1679,0.0,0.0,0.0,0.0,0.0,0.0,0.0,0.0,0,0,0
1756702496,1680,0.0,0.0,0.05,0.0,0.0,0.0,0.0,0.0,0,0,0
1756702496,1681,0.01,0.0,0.0,0.0,0.0,0.0,0.0,0.0,0,0,0
1756702496,1682,0.0,0.0,0.0,0.0,0.0,0.0,0.0,0.0,0,0,0
1756702496,1683,0.05,0.0,0.0,0.0,0.0,0.0,0.0,0.0,0,0,0
1756702496,1684,0.01,0.0,0.02,0.0,0.0,0.0,0.0,0.0,0,0,0
1756702496,1685,0.07,0.0,0.0,0.0,0.0,0.0,0.0,0.0,0,0,0
1756702496,1686,0.01,0.0,0.0,0.0,0.0,0.0,0.0,0.0,0,0,0
1756702496,1687,-0.01,0.0,0.0,0.0,0.0,0.0,0.0,0.0,0,0,0
1756702496,1688,0.0,0.0,0.0,0.0,0.0,0.0,0.0,0.0,0,0,0
1756702496,1689,0.0,0.0,0.02,0.0,0.0,0.0,0.0,0.0,0,0,0
1756702496,1690,-0.01,0.0,0.02,0.0,0.0,0.0,0.0,0.0,0,0,0
1756702496,1691,0.01,0.0,0.01,0.0,0.0,0.0,0.0,0.0,0,0,0
1756702496,1692,-0.05,0.0,0.0,0.0,0.0,0.0,0.0,0.0,0,0,0
1756702496,1693,0.02,0.0,0.0,0.0,0.0,0.0,0.0,0.0,0,0,0
1756702496,1694,0.0,0.0,-0.03,0.0,0.0,0.0,0.0,0.0,0,0,0
1756702496,1695,-0.05,0.0,0.0,0.0,0.0,0.0,0.0,0.0,0,0,0
1756702496,1696,0.02,0.0,0.0,0.0,0.0,0.0,0.0,0.0,0,0,0
1756702496,1697,-0.01,0.0,0.0,0.0,0.0,0.0,0.0,0.0,0,0,0
1756702496,1698,0.0,0.0,0.0,0.0,0.0,0.0,0.0,0.0,0,0,0
1756702496,1699,0.0,0.0,0.0,0.0,0.0,0.0,0.0,0.0,0,0,0
1756702496,1700,0.0,0.0,0.0,0.0,0.0,0.0,0.0,0.0,0,0,0
1756702496,1701,-0.01,0.0,0.0,0.0,0.0,0.0,0.0,0.0,0,0,0
1756702496,1702,0.03,0.0,0.01,0.0,0.0,0.0,0.0,0.0,0,0,0
1756702496,1703,0.0,0.0,0.0,0.0,0.0,0.0,0.0,0.0,0,0,0
1756702497,1704,-0.07,0.0,0.0,0.0,0.0,0.0,0.0,0.0,0,0,0
1756702497,1705,0.0,0.0,0.0,0.0,0.0,0.0,0.0,0.0,0,0,0
1756702497,1706,0.0,0.0,-0.01,0.0,0.0,0.0,0.0,0.0,0,0,0
1756702497,1707,-0.01,0.0,0.01,0.0,0.0,0.0,0.0,0.0,0,0,0
1756702497,1708,-0.05,0.0,0.0,0.0,0.0,0.0,0.0,0.0,0,0,0
1756702497,1709,0.0,0.0,0.0,0.0,0.0,0.0,0.0,0.0,0,0,0
1756702497,1710,0.05,0.0,-0.03,0.0,0.0,0.0,0.0,0.0,0,0,0
1756702497,1711,0.02,0.0,0.0,0.0,0.0,0.0,0.0,0.0,0,0,0
1756702497,1712,0.05,0.0,-0.02,0.0,0.0,0.0,0.0,0.0,0,0,0
1756702497,1713,0.05,0.0,0.0,0.0,0.0,0.0,0.0,0.0,0,0,0
1756702497,1714,0.0,0.0,0.01,0.0,0.0,0.0,0.0,0.0,0,0,0
1756702497,1715,0.01,0.0,0.0,0.0,0.0,0.0,0.0,0.0,0,0,0
1756702497,1716,-0.02,0.0,-0.05,0.0,0.0,0.0,0.0,0.0,0,0,0
1756702497,1717,0.0,0.0,-0.03,0.0,0.0,0.0,0.0,0.0,0,0,0
1756702497,1718,0.0,0.0,-0.07,0.0,0.0,0.0,0.0,0.0,0,0,0
1756702497,1719,0.0,0.0,0.0,0.0,0.0,0.0,0.0,0.0,0,0,0
1756702497,1720,0.0,0.0,0.0,0.0,0.0,0.0,0.0,0.0,0,0,0
1756702497,1721,-0.01,0.0,-0.05,0.0,0.0,0.0,0.0,0.0,0,0,0
1756702497,1722,0.02,0.0,-0.02,0.0,0.0,0.0,0.0,0.0,0,0,0
1756702497,1723,0.0,0.0,-0.01,0.0,0.0,0.0,0.0,0.0,0,0,0
1756702497,1724,-0.02,0.0,-0.09,0.0,0.0,0.0,0.0,0.0,0,0,0
1756702497,1725,0.0,0.0,-0.02,0.0,0.0,0.0,0.0,0.0,0,0,0
1756702497,1726,0.07,0.0,-0.05,0.0,0.0,0.0,0.0,0.0,0,0,0
1756702497,1727,0.05,0.0,0.0,0.0,0.0,0.0,0.0,0.0,0,0,0
1756702497,1728,0.05,0.0,0.0,0.0,0.0,0.0,0.0,0.0,0,0,0
1756702497,1729,-0.03,0.0,-0.01,0.0,0.0,0.0,0.0,0.0,0,0,0
1756702497,1730,-0.02,0.0,0.07,0.0,0.0,0.0,0.0,0.0,0,0,0
1756702497,1731,0.03,0.0,0.03,0.0,0.0,0.0,0.0,0.0,0,0,0
1756702497,1732,0.03,0.0,0.0,0.0,0.0,0.0,0.0,0.0,0,0,0
1756702497,1733,-0.01,0.0,0.01,0.0,0.0,0.0,0.0,0.0,0,0,0
1756702497,1734,-0.01,0.0,0.1,0.0,0.0,0.0,0.0,4.07,0,0,0
1756702497,1735,0.0,0.0,0.1,0.0,0.0,0.0,0.0,19.63,0,0,0
1756702497,1736,0.03,0.0,0.02,0.0,0.0,0.0,0.0,34.11,0,0,0
1756702497,1737,0.0,0.0,0.0,0.0,0.0,0.0,0.0,64.37,0,0,0
1756702497,1738,0.0,0.0,-0.05,0.0,0.0,0.0,0.0,81.06,0,0,0
1756702497,1739,-0.02,0.0,-0.05,0.0,0.0,0.0,0.0,94.61,0,0,0
1756702497,1740,0.0,0.0,-0.1,0.0,0.0,0.0,0.0,105.36,0,0,0
1756702497,1741,0.0,0.0,-0.11,0.0,0.0,0.0,0.0,111.83,0,0,0
1756702497,1742,0.03,0.0,-0.07,0.0,0.0,0.0,0.0,116.04,0,0,0
1756702497,1743,0.0,0.0,-0.07,0.0,0.0,0.0,0.0,115.44,0,0,0
1756702497,1744,0.0,0.0,-0.12,0.0,0.0,0.0,0.0,109.26,0,0,0
1756702497,1745,0.0,0.0,-0.1,0.0,0.0,0.0,0.0,97.41,0,0,0
1756702497,1746,-0.07,0.0,-0.05,0.0,0.0,0.0,0.0,81.33,0,0,0
1756702497,1747,-0.09,0.0,-0.05,0.0,0.0,0.0,0.0,64.26,0,0,0
1756702497,1748,0.0,0.0,0.0,0.0,0.0,0.0,0.0,46.22,0,0,0
1756702497,1749,-0.01,0.0,-0.01,0.0,0.0,0.0,0.0,18.29,0,0,0
1756702497,1750,0.03,0.0,0.0,0.0,0.0,0.0,0.0,1.05,0,0,0
1756702497,1751,-0.01,0.0,-0.01,0.0,0.0,0.0,0.0,0.0,0,0,0
1756702497,1752,0.0,0.0,0.0,0.0,0.0,0.0,0.0,0.0,0,0,0
1756702497,1753,-0.02,0.0,-0.01,0.0,0.0,0.0,0.0,0.0,0,0,0
1756702497,1754,0.0,0.0,-0.12,0.0,0.0,0.0,0.0,0.0,0,0,0
1756702497,1755,-0.07,0.0,-0.03,0.0,0.0,0.0,0.0,0.0,0,0,0
1756702497,1756,0.0,0.0,-0.02,0.0,0.0,0.0,0.0,0.0,0,0,0
1756702497,1757,-0.03,0.0,0.0,0.0,0.0,0.0,0.0,0.0,0,0,0
1756702497,1758,0.0,0.0,-0.07,0.0,0.0,0.0,0.0,0.0,0,0,0
1756702497,1759,0.0,0.0,-0.03,0.0,0.0,0.0,0.0,0.0,0,0,0
1756702497,1760,0.0,0.0,-0.03,0.0,0.0,0.0,0.0,0.0,0,0,0
1756702497,1761,-0.17,0.0,-0.05,0.0,0.0,0.0,0.0,0.0,0,0,0
1756702497,1762,0.0,0.0,-0.14,0.0,0.0,0.0,0.0,0.0,0,0,0
1756702497,1763,0.0,0.0,-0.15,0.0,0.0,0.0,0.0,0.0,0,0,0
1756702497,1764,0.01,0.0,-0.1,0.0,0.0,0.0,0.0,10.27,0,0,0
1756702497,1765,-0.01,0.0,-0.1,0.0,0.0,0.0,0.0,25.94,0,0,0
1756702497,1766,0.0,0.0,-0.25,0.0,0.0,0.0,0.0,49.08,0,0,0
1756702497,1767,0.0,0.0,-0.25,0.0,0.0,0.0,0.0,69.58,0,0,0
1756702497,1768,0.0,0.0,-0.21,0.0,0.0,0.0,0.0,81.45,0,0,0
1756702497,1769,-0.07,0.0,-0.23,0.0,0.0,0.0,0.0,90.43,0,0,0
1756702497,1770,0.0,0.0,-0.11,0.0,0.0,0.0,0.0,95.83,0,0,0
1756702497,1771,0.0,0.0,-0.23,0.0,0.0,0.0,0.0,98.36,0,0,0
1756702497,1772,0.0,0.0,-0.01,0.0,0.0,0.0,0.0,96.3,0,0,0
1756702498,1773,-0.03,0.0,-0.05,0.0,0.0,0.0,0.0,88.98,0,0,0
1756702498,1774,0.0,0.0,-0.03,0.0,0.0,0.0,0.0,77.51,0,0,0
1756702498,1775,-0.05,0.0,0.0,0.0,0.0,0.0,0.0,64.26,0,0,0
1756702498,1776,-0.03,0.0,0.01,0.0,0.0,0.0,0.0,49.86,0,0,0
1756702498,1777,0.0,0.0,0.07,0.0,0.0,0.0,0.0,31.07,0,0,0
1756702498,1778,0.02,0.0,0.05,0.0,0.0,0.0,0.0,9.02,0,0,0
1756702498,1779,-0.01,0.0,0.1,0.0,0.0,0.0,0.0,0.0,0,0,0
1756702498,1780,0.0,0.0,0.05,0.0,0.0,0.0,0.0,0.0,0,0,0
1756702498,1781,-0.07,0.0,0.1,0.0,0.0,0.0,0.0,0.0,0,0,0
1756702498,1782,-0.03,0.0,0.09,0.0,0.0,0.0,0.0,0.0,0,0,0
1756702498,1783,-0.02,0.0,0.1,0.0,0.0,0.0,0.0,0.0,0,0,0
1756702498,1784,0.0,0.0,0.05,0.0,0.0,0.0,0.0,0.0,0,0,0
1756702498,1785,0.0,0.0,0.0,0.0,0.0,0.0,0.0,0.0,0,0,0
1756702498,1786,0.05,0.0,0.05,0.0,0.0,0.0,0.0,0.0,0,0,0
1756702498,1787,0.01,0.0,0.1,0.0,0.0,0.0,0.0,0.0,0,0,0
1756702498,1788,0.01,0.0,0.14,0.0,0.0,0.0,0.0,0.0,0,0,0
1756702498,1789,0.02,0.0,0.05,0.0,0.0,0.0,0.0,0.0,0,0,0
1756702498,1790,0.0,0.0,0.07,0.0,0.0,0.0,0.0,0.0,0,0,0
1756702498,1791,0.0,0.0,0.05,0.0,0.0,0.0,0.0,0.0,0,0,0
1756702498,1792,0.02,0.0,0.02,0.0,0.0,0.0,0.0,0.0,0,0,0
1756702498,1793,0.0,0.0,0.01,0.0,0.0,0.0,0.0,0.0,0,0,0
1756702498,1794,0.1,0.0,-0.03,0.0,0.0,0.0,0.0,0.0,0,0,0
1756702498,1795,0.0,0.0,-0.1,0.0,0.0,0.0,0.0,7.48,0,0,0
1756702498,1796,-0.03,0.0,-0.1,0.0,0.0,0.0,0.0,22.55,0,0,0
1756702498,1797,-0.03,0.0,-0.2,0.0,0.0,0.0,0.0,43.77,0,0,0
1756702498,1798,0.0,0.0,-0.17,0.0,0.0,0.0,0.0,72.11,0,0,0
1756702498,1799,0.0,0.0,-0.25,0.0,0.0,0.0,0.0,86.72,0,0,0
1756702498,1800,-0.01,0.0,-0.11,0.0,0.0,0.0,0.0,96.93,0,0,0
1756702498,1801,-0.02,0.0,-0.1,0.0,0.0,0.0,0.0,102.62,0,0,0
1756702498,1802,-0.03,0.0,-0.07,0.0,0.0,0.0,0.0,104.15,0,0,0
1756702498,1803,-0.02,0.0,-0.01,0.0,0.0,0.0,0.0,100.8,0,0,0
1756702498,1804,-0.05,0.0,0.0,0.0,0.0,0.0,0.0,91.16,0,0,0
1756702498,1805,-0.02,0.0,0.0,0.0,0.0,0.0,0.0,80.43,0,0,0
1756702498,1806,-0.01,0.0,-0.05,0.0,0.0,0.0,0.0,64.79,0,0,0
1756702498,1807,0.03,0.0,0.07,0.0,0.0,0.0,0.0,46.38,0,0,0
1756702498,1808,0.0,0.0,0.09,0.0,0.0,0.0,0.0,19.14,0,0,0
1756702498,1809,-0.02,0.0,0.05,0.0,0.0,0.0,0.0,3.82,0,0,0
1756702498,1810,-0.03,0.0,0.15,0.0,0.0,0.0,0.0,0.0,0,0,0
1756702498,1811,-0.02,0.0,0.18,0.0,0.0,0.0,0.0,0.0,0,0,0
1756702498,1812,0.0,0.0,0.1,0.0,0.0,0.0,0.0,0.0,0,0,0
1756702498,1813,-0.01,0.0,0.03,0.0,0.0,0.0,0.0,0.0,0,0,0
1756702498,1814,-0.02,0.0,0.03,0.0,0.0,0.0,0.0,0.0,0,0,0
1756702498,1815,0.0,0.0,0.01,0.0,0.0,0.0,0.0,0.0,0,0,0
1756702498,1816,0.1,0.0,0.0,0.0,0.0,0.0,0.0,0.0,0,0,0
1756702498,1817,-0.1,0.0,0.07,0.0,0.0,0.0,0.0,0.0,0,0,0
1756702498,1818,0.01,0.0,0.05,0.0,0.0,0.0,0.0,0.0,0,0,0
1756702498,1819,0.0,0.0,0.0,0.0,0.0,0.0,0.0,0.0,0,0,0
1756702498,1820,0.03,0.0,0.0,0.0,0.0,0.0,0.0,0.0,0,0,0
1756702498,1821,0.05,0.0,0.0,0.0,0.0,0.0,0.0,8.97,0,0,0
1756702498,1822,0.0,0.0,-0.1,0.0,0.0,0.0,0.0,28.11,0,0,0
1756702498,1823,0.0,0.0,-0.1,0.0,0.0,0.0,0.0,58.79,0,0,0
1756702498,1824,0.02,0.0,-0.07,0.0,0.0,0.0,0.0,80.43,0,0,0
1756702498,1825,0.0,0.0,-0.18,0.0,0.0,0.0,0.0,93.38,0,0,0
1756702498,1826,0.01,0.0,-0.18,0.0,0.0,0.0,0.0,100.95,0,0,0
1756702498,1827,-0.03,0.0,-0.1,0.0,0.0,0.0,0.0,105.36,0,0,0
1756702498,1828,0.0,0.0,-0.11,0.0,0.0,0.0,0.0,105.19,0,0,0
1756702498,1829,0.0,0.0,0.0,0.0,0.0,0.0,0.0,98.36,0,0,0
1756702498,1830,-0.05,0.0,-0.05,0.0,0.0,0.0,0.0,89.69,0,0,0
1756702498,1831,0.0,0.0,-0.05,0.0,0.0,0.0,0.0,79.01,0,0,0
1756702498,1832,-0.03,0.0,-0.05,0.0,0.0,0.0,0.0,60.36,0,0,0
1756702498,1833,0.0,0.0,0.0,0.0,0.0,0.0,0.0,42.13,0,0,0
1756702498,1834,0.0,0.0,0.02,0.0,0.0,0.0,0.0,16.61,0,0,0
1756702498,1835,0.01,0.0,0.05,0.0,0.0,0.0,0.0,2.9,0,0,0
1756702498,1836,0.0,0.0,0.1,0.0,0.0,0.0,0.0,0.0,0,0,0
1756702498,1837,-0.02,0.0,0.07,0.0,0.0,0.0,0.0,0.0,0,0,0
1756702498,1838,0.01,0.0,0.03,0.0,0.0,0.0,0.0,0.0,0,0,0
1756702498,1839,0.0,0.0,0.0,0.0,0.0,0.0,0.0,0.0,0,0,0
1756702498,1840,-0.07,0.0,-0.01,0.0,0.0,0.0,0.0,0.0,0,0,0
1756702498,1841,0.0,0.0,0.0,0.0,0.0,0.0,0.0,0.0,0,0,0
1756702498,1842,-0.07,0.0,0.0,0.0,0.0,0.0,0.0,0.0,0,0,0
1756702498,1843,0.0,0.0,0.05,0.0,0.0,0.0,0.0,0.0,0,0,0
1756702499,1844,0.01,0.0,0.01,0.0,0.0,0.0,0.0,0.0,0,0,0
1756702499,1845,0.0,0.0,0.0,0.0,0.0,0.0,0.0,0.0,0,0,0
1756702499,1846,-0.02,0.0,0.02,0.0,0.0,0.0,0.0,0.0,0,0,0
1756702499,1847,-0.01,0.0,0.03,0.0,0.0,0.0,0.0,0.0,0,0,0
1756702499,1848,0.0,0.0,0.0,0.0,0.0,0.0,0.0,0.0,0,0,0
1756702499,1849,0.05,0.0,0.0,0.0,0.0,0.0,0.0,0.0,0,0,0
1756702499,1850,0.0,0.0,-0.03,0.0,0.0,0.0,0.0,0.0,0,0,0
1756702499,1851,-0.07,0.0,0.01,0.0,0.0,0.0,0.0,0.0,0,0,0
1756702499,1852,0.0,0.0,0.0,0.0,0.0,0.0,0.0,0.0,0,0,0
1756702499,1853,0.01,0.0,0.05,0.0,0.0,0.0,0.0,0.0,0,0,0
1756702499,1854,0.0,0.0,0.01,0.0,0.0,0.0,0.0,0.0,0,0,0
1756702499,1855,-0.01,0.0,0.0,0.0,0.0,0.0,0.0,0.0,0,0,0
1756702499,1856,0.03,0.0,0.02,0.0,0.0,0.0,0.0,0.0,0,0,0
1756702499,1857,0.05,0.0,0.03,0.0,0.0,0.0,0.0,0.0,0,0,0
1756702499,1858,0.0,0.0,0.0,0.0,0.0,0.0,0.0,0.0,0,0,0
1756702499,1859,0.01,0.0,0.02,0.0,0.0,0.0,0.0,0.0,0,0,0
1756702499,1860,0.0,0.0,0.07,0.0,0.0,0.0,0.0,0.0,0,0,0
1756702499,1861,0.02,0.0,0.0,0.0,0.0,0.0,0.0,0.0,0,0,0
1756702499,1862,-0.01,0.0,0.0,0.0,0.0,0.0,0.0,0.0,0,0,0
1756702499,1863,0.01,0.0,0.0,0.0,0.0,0.0,0.0,0.0,0,0,0
1756702499,1864,0.01,0.0,0.02,0.0,0.0,0.0,0.0,0.0,0,0,0
1756702499,1865,0.0,0.0,0.03,0.0,0.0,0.0,0.0,0.0,0,0,0
1756702499,1866,-0.03,0.0,0.0,0.0,0.0,0.0,0.0,0.0,0,0,0
1756702499,1867,0.0,0.0,0.0,0.0,0.0,0.0,0.0,0.0,0,0,0
1756702499,1868,0.0,0.0,0.01,0.0,0.0,0.0,0.0,0.0,0,0,0
1756702499,1869,-0.01,0.0,0.03,0.0,0.0,0.0,0.0,0.0,0,0,0
1756702499,1870,0.0,0.0,0.0,0.0,0.0,0.0,0.0,0.0,0,0,0
1756702499,1871,-0.01,0.0,0.0,0.0,0.0,0.0,0.0,0.0,0,0,0
1756702499,1872,-0.03,0.0,0.05,0.0,0.0,0.0,0.0,0.0,0,0,0
1756702499,1873,0.0,0.0,0.01,0.0,0.0,0.0,0.0,0.0,0,0,0
1756702499,1874,0.01,0.0,0.0,0.0,0.0,0.0,0.0,0.0,0,0,0
1756702499,1875,0.0,0.0,0.0,0.0,0.0,0.0,0.0,0.0,0,0,0
1756702499,1876,0.0,0.0,0.01,0.0,0.0,0.0,0.0,0.0,0,0,0
1756702499,1877,0.0,0.0,-0.02,0.0,0.0,0.0,0.0,0.0,0,0,0
1756702499,1878,0.01,0.0,0.0,0.0,0.0,0.0,0.0,0.0,0,0,0
1756702499,1879,0.0,0.0,0.0,0.0,0.0,0.0,0.0,0.0,0,0,0
1756702499,1880,0.05,0.0,0.15,0.0,0.0,0.0,0.0,0.0,0,0,0
1756702499,1881,-0.01,0.0,0.15,0.0,0.0,0.0,0.0,0.0,0,0,0
1756702499,1882,-0.01,0.0,0.0,0.0,0.0,0.0,0.0,0.0,0,0,0
1756702499,1883,0.03,0.0,-0.02,0.0,0.0,0.0,0.0,0.0,0,0,0
1756702499,1884,0.0,0.0,-0.05,0.0,0.0,0.0,0.0,0.0,0,0,0
1756702499,1885,0.02,0.0,-0.03,0.0,0.0,0.0,0.0,7.84,0,0,0
1756702499,1886,-0.03,0.0,0.0,0.0,0.0,0.0,0.0,20.86,0,0,0
1756702499,1887,0.0,0.0,-0.1,0.0,0.0,0.0,0.0,33.02,0,0,0
1756702499,1888,0.05,0.0,-0.1,0.0,0.0,0.0,0.0,55.81,0,0,0
1756702499,1889,0.03,0.0,-0.14,0.0,0.0,0.0,0.0,68.13,0,0,0
1756702499,1890,0.0,0.0,-0.11,0.0,0.0,0.0,0.0,74.58,0,0,0
1756702499,1891,0.0,0.0,-0.09,0.0,0.0,0.0,0.0,77.01,0,0,0
1756702499,1892,0.02,0.0,-0.01,0.0,0.0,0.0,0.0,75.43,0,0,0
1756702499,1893,0.0,0.0,0.0,0.0,0.0,0.0,0.0,69.93,0,0,0
1756702499,1894,0.01,0.0,0.0,0.0,0.0,0.0,0.0,60.06,0,0,0
1756702499,1895,-0.05,0.0,0.01,0.0,0.0,0.0,0.0,45.97,0,0,0
1756702499,1896,0.05,0.0,0.0,0.0,0.0,0.0,0.0,21.76,0,0,0
1756702499,1897,0.0,0.0,0.01,0.0,0.0,0.0,0.0,7.07,0,0,0
1756702499,1898,0.05,0.0,0.03,0.0,0.0,0.0,0.0,0.55,0,0,0
1756702499,1899,-0.02,0.0,0.02,0.0,0.0,0.0,0.0,0.0,0,0,0
1756702499,1900,0.0,0.0,-0.01,0.0,0.0,0.0,0.0,0.0,0,0,0
1756702499,1901,-0.01,0.0,0.03,0.0,0.0,0.0,0.0,0.0,0,0,0
1756702499,1902,0.07,0.0,-0.01,0.0,0.0,0.0,0.0,0.0,0,0,0
1756702499,1903,0.0,0.0,0.02,0.0,0.0,0.0,0.0,0.0,0,0,0
1756702499,1904,0.02,0.0,0.0,0.0,0.0,0.0,0.0,0.0,0,0,0
1756702499,1905,0.02,0.0,0.01,0.0,0.0,0.0,0.0,0.0,0,0,0
1756702499,1906,-0.02,0.0,-0.02,0.0,0.0,0.0,0.0,0.0,0,0,0
1756702500,1907,0.0,0.0,0.02,0.0,0.0,0.0,0.0,0.0,0,0,0
1756702500,1908,0.02,0.0,0.03,0.0,0.0,0.0,0.0,0.0,0,0,0
1756702500,1909,0.0,0.0,0.05,0.0,0.0,0.0,0.0,0.0,0,0,0
1756702500,1910,0.0,0.0,0.05,0.0,0.0,0.0,0.0,0.0,0,0,0
1756702500,1911,0.01,0.0,0.0,0.0,0.0,0.0,0.0,0.0,0,0,0
1756702500,1912,-0.01,0.0,0.0,0.0,0.0,0.0,0.0,11.96,0,0,0
1756702500,1913,0.01,0.0,0.0,0.0,0.0,0.0,0.0,26.67,0,0,0
1756702500,1914,0.0,0.0,-0.02,0.0,0.0,0.0,0.0,50.29,0,0,0
1756702500,1915,0.0,0.0,-0.01,0.0,0.0,0.0,0.0,69.13,0,0,0
1756702500,1916,-0.01,0.0,-0.07,0.0,0.0,0.0,0.0,78.38,0,0,0
1756702500,1917,0.01,0.0,-0.03,0.0,0.0,0.0,0.0,83.7,0,0,0
1756702500,1918,0.03,0.0,-0.09,0.0,0.0,0.0,0.0,85.06,0,0,0
1756702500,1919,0.02,0.0,0.0,0.0,0.0,0.0,0.0,82.12,0,0,0
1756702500,1920,0.05,0.0,0.0,0.0,0.0,0.0,0.0,76.4,0,0,0
1756702500,1921,0.1,0.0,-0.03,0.0,0.0,0.0,0.0,66.72,0,0,0
1756702500,1922,0.03,0.0,-0.02,0.0,0.0,0.0,0.0,53.04,0,0,0
1756702500,1923,-0.01,0.0,0.05,0.0,0.0,0.0,0.0,34.61,0,0,0
1756702500,1924,0.0,0.0,0.05,0.0,0.0,0.0,0.0,10.38,0,0,0
1756702500,1925,0.0,0.0,0.05,0.0,0.0,0.0,0.0,0.0,0,0,0
1756702500,1926,0.0,0.0,0.0,0.0,0.0,0.0,0.0,0.0,0,0,0
1756702500,1927,0.0,0.0,0.07,0.0,0.0,0.0,0.0,0.0,0,0,0
1756702500,1928,0.0,0.0,0.03,0.0,0.0,0.0,0.0,0.0,0,0,0
1756702500,1929,0.0,0.0,-0.01,0.0,0.0,0.0,0.0,0.0,0,0,0
1756702500,1930,0.03,0.0,0.0,0.0,0.0,0.0,0.0,0.0,0,0,0
1756702500,1931,0.0,0.0,0.15,0.0,0.0,0.0,0.0,0.0,0,0,0
1756702500,1932,0.0,0.0,0.03,0.0,0.0,0.0,0.0,0.0,0,0,0
1756702500,1933,-0.05,0.0,0.05,0.0,0.0,0.0,0.0,0.0,0,0,0
1756702500,1934,0.05,0.0,0.0,0.0,0.0,0.0,0.0,0.15,0,0,0
1756702500,1935,0.0,0.0,0.0,0.0,0.0,0.0,1.0,0.34,0,0,0
1756702500,1936,0.0,0.0,0.0,0.0,0.0,0.0,1.0,0.72,0,0,0
1756702500,1937,0.02,0.0,-0.03,0.0,0.0,0.0,1.0,0.92,0,0,0
1756702500,1938,0.03,0.0,0.0,0.0,0.0,0.0,1.0,1.02,0,0,0
1756702500,1939,-0.01,0.0,-0.01,0.0,0.0,0.0,1.0,1.08,0,0,0
1756702500,1940,0.0,0.0,-0.09,0.0,0.0,0.0,1.0,1.09,0,0,0
1756702500,1941,0.01,0.0,-0.01,0.0,0.0,0.0,1.0,1.07,0,0,0
1756702500,1942,-0.05,0.0,-0.01,0.0,0.0,0.0,1.0,1.0,0,0,0
1756702500,1943,0.0,0.0,0.0,0.0,0.0,0.0,1.0,0.92,0,0,0
1756702500,1944,-0.01,0.0,-0.02,0.0,0.0,0.0,1.0,0.81,0,0,0
1756702500,1945,-0.01,0.0,-0.03,0.0,0.0,0.0,1.0,0.64,0,0,0
1756702500,1946,0.0,0.0,0.0,0.0,0.0,0.0,1.0,0.46,0,0,0
1756702500,1947,-0.03,0.0,0.02,0.0,0.0,0.0,0.0,0.17,0,0,0
1756702500,1948,0.02,0.0,0.05,0.0,0.0,0.0,0.0,0.03,0,0,0
1756702500,1949,0.0,0.0,0.02,0.0,0.0,0.0,0.0,0.0,0,0,0
1756702500,1950,-0.05,0.0,0.02,0.0,0.0,0.0,0.0,0.0,0,0,0
1756702500,1951,0.0,0.0,0.02,0.0,0.0,0.0,0.0,0.0,0,0,0
1756702500,1952,0.05,0.0,-0.01,0.0,0.0,0.0,0.0,0.0,0,0,0
1756702500,1953,0.0,0.0,0.0,0.0,0.0,0.0,0.0,0.0,0,0,0
1756702500,1954,0.01,0.0,0.05,0.0,0.0,0.0,0.0,0.0,0,0,0
1756702500,1955,0.0,0.0,0.0,0.0,0.0,0.0,0.0,0.0,0,0,0
1756702500,1956,0.0,0.0,0.01,0.0,0.0,0.0,0.0,0.0,0,0,0
1756702500,1957,-0.01,0.0,0.0,0.0,0.0,0.0,0.0,0.0,0,0,0
1756702500,1958,0.0,0.0,0.02,0.0,0.0,0.0,0.0,0.0,0,0,0
1756702500,1959,0.05,0.0,0.02,0.0,0.0,0.0,0.0,0.0,0,0,0
1756702500,1960,0.0,0.0,0.0,0.0,0.0,0.0,0.0,0.0,0,0,0
1756702500,1961,0.0,0.0,0.0,0.0,0.0,0.0,0.0,0.0,0,0,0
1756702500,1962,0.0,0.0,0.02,0.0,0.0,0.0,0.0,0.0,0,0,0
1756702500,1963,0.03,0.0,0.02,0.0,0.0,0.0,0.0,0.0,0,0,0
1756702500,1964,0.05,0.0,0.0,0.0,0.0,0.0,0.0,0.0,0,0,0
1756702500,1965,0.0,0.0,0.0,0.0,0.0,0.0,0.0,0.0,0,0,0
1756702500,1966,0.11,0.0,0.0,0.0,0.0,0.0,0.0,0.0,0,0,0
1756702500,1967,0.07,0.0,0.01,0.0,0.0,0.0,0.0,0.0,0,0,0
1756702500,1968,0.02,0.0,0.0,0.0,0.0,0.0,0.0,0.0,0,0,0
1756702500,1969,0.02,0.0,0.05,0.0,0.0,0.0,0.0,0.0,0,0,0
1756702500,1970,0.0,0.0,0.0,0.0,0.0,0.0,0.0,0.0,0,0,0
1756702500,1971,0.0,0.0,0.0,0.0,0.0,0.0,0.0,0.0,0,0,0
1756702500,1972,0.03,0.0,0.07,0.0,0.0,0.0,0.0,0.0,0,0,0
1756702500,1973,0.05,0.0,0.0,0.0,0.0,0.0,0.0,0.0,0,0,0
1756702500,1974,0.01,0.0,0.0,0.0,0.0,0.0,0.0,0.0,0,0,0
1756702501,1975,-0.03,0.0,0.0,0.0,0.0,0.0,0.0,0.0,0,0,0
1756702501,1976,0.0,0.0,0.0,0.0,0.0,0.0,0.0,0.0,0,0,0
1756702501,1977,0.0,0.0,0.0,0.0,0.0,0.0,0.0,0.0,0,0,0
1756702501,1978,0.0,0.0,0.01,0.0,0.0,0.0,0.0,0.0,0,0,0
1756702501,1979,0.0,0.0,0.01,0.0,0.0,0.0,0.0,0.0,0,0,0
1756702501,1980,0.0,0.0,0.0,0.0,0.0,0.0,0.0,0.0,0,0,0
1756702501,1981,0.05,0.0,0.05,0.0,0.0,0.0,0.0,0.0,0,0,0
1756702501,1982,0.0,0.0,0.02,0.0,0.0,0.0,0.0,0.0,0,0,0
1756702501,1983,-0.11,0.0,0.11,0.0,0.0,0.0,0.0,0.0,0,0,0
1756702501,1984,0.02,0.0,0.03,0.0,0.0,0.0,0.0,0.0,0,0,0
1756702501,1985,0.02,0.0,0.1,0.0,0.0,0.0,0.0,0.0,0,0,0
1756702501,1986,0.02,0.0,-0.01,0.0,0.0,0.0,0.0,0.0,0,0,0
1756702501,1987,-0.01,0.0,-0.02,0.0,0.0,0.0,0.0,0.1,0,0,0
1756702501,1988,0.01,0.0,-0.05,0.0,0.0,0.0,0.0,0.25,0,0,0
1756702501,1989,0.01,0.0,-0.03,0.0,0.0,0.0,1.0,0.41,0,0,0
1756702501,1990,0.01,0.0,-0.1,0.0,0.0,0.0,1.0,0.75,0,0,0
1756702501,1991,0.02,0.0,-0.14,0.0,0.0,0.0,1.0,0.93,0,0,0
1756702501,1992,0.09,0.0,-0.05,0.0,0.0,0.0,1.0,1.05,0,0,0
1756702501,1993,0.0,0.0,-0.05,0.0,0.0,0.0,1.0,1.14,0,0,0
1756702501,1994,-0.01,0.0,-0.07,0.0,0.0,0.0,1.0,1.2,0,0,0
1756702501,1995,-0.05,0.0,-0.02,0.0,0.0,0.0,1.0,1.23,0,0,0
1756702501,1996,-0.03,0.0,-0.05,0.0,0.0,0.0,1.0,1.22,0,0,0
1756702501,1997,0.0,0.0,0.02,0.0,0.0,0.0,1.0,1.19,0,0,0
1756702501,1998,0.03,0.0,-0.03,0.0,0.0,0.0,1.0,1.13,0,0,0
1756702501,1999,0.03,0.0,0.0,0.0,0.0,0.0,1.0,1.05,0,0,0
1756702501,2000,-0.01,0.0,0.0,0.0,0.0,0.0,1.0,0.94,0,0,0
1756702501,2001,0.0,0.0,0.0,0.0,0.0,0.0,1.0,0.8,0,0,0
1756702501,2002,-0.05,0.0,-0.01,0.0,0.0,0.0,1.0,0.62,0,0,0
1756702501,2003,0.0,0.0,0.01,0.0,0.0,0.0,1.0,0.41,0,0,0
1756702501,2004,0.07,0.0,-0.01,0.0,0.0,0.0,0.0,0.11,0,0,0
1756702501,2005,0.0,0.0,-0.02,0.0,0.0,0.0,0.0,0.0,0,0,0
1756702501,2006,0.01,0.0,0.01,0.0,0.0,0.0,0.0,0.0,0,0,0
1756702501,2007,0.0,0.0,0.05,0.0,0.0,0.0,0.0,0.0,0,0,0
1756702501,2008,0.0,0.0,0.05,0.0,0.0,0.0,0.0,0.0,0,0,0
1756702501,2009,0.0,0.0,0.05,0.0,0.0,0.0,0.0,0.0,0,0,0
1756702501,2010,-0.03,0.0,0.01,0.0,0.0,0.0,0.0,0.0,0,0,0
1756702501,2011,0.0,0.0,0.03,0.0,0.0,0.0,0.0,0.0,0,0,0
1756702501,2012,0.05,0.0,0.0,0.0,0.0,0.0,0.0,0.0,0,0,0
1756702501,2013,0.0,0.0,-0.01,0.0,0.0,0.0,0.0,0.0,0,0,0
1756702501,2014,-0.01,0.0,0.0,0.0,0.0,0.0,0.0,0.0,0,0,0
1756702501,2015,0.0,0.0,0.05,0.0,0.0,0.0,0.0,0.0,0,0,0
1756702501,2016,0.0,0.0,0.0,0.0,0.0,0.0,0.0,0.0,0,0,0
1756702501,2017,0.0,0.0,0.0,0.0,0.0,0.0,0.0,0.0,0,0,0
1756702501,2018,0.03,0.0,-0.07,0.0,0.0,0.0,0.0,0.0,0,0,0
1756702501,2019,0.0,0.0,0.0,0.0,0.0,0.0,0.0,0.0,0,0,0
1756702501,2020,0.05,0.0,0.02,0.0,0.0,0.0,0.0,0.0,0,0,0
1756702501,2021,0.0,0.0,0.01,0.0,0.0,0.0,0.0,0.0,0,0,0
1756702501,2022,0.01,0.0,0.0,0.0,0.0,0.0,0.0,0.0,0,0,0
1756702501,2023,0.0,0.0,0.05,0.0,0.0,0.0,0.0,0.0,0,0,0
1756702501,2024,0.03,0.0,0.02,0.0,0.0,0.0,0.0,0.0,0,0,0
1756702501,2025,0.02,0.0,0.01,0.0,0.0,0.0,0.0,0.0,0,0,0
1756702501,2026,-0.01,0.0,0.1,0.0,0.0,0.0,0.0,0.0,0,0,0
1756702501,2027,0.0,0.0,0.07,0.0,0.0,0.0,0.0,0.0,0,0,0
1756702501,2028,0.0,0.0,0.07,0.0,0.0,0.0,0.0,0.0,0,0,0
1756702501,2029,0.0,0.0,-0.05,0.0,0.0,0.0,0.0,0.0,0,0,0
1756702501,2030,0.0,0.0,0.0,0.0,0.0,0.0,0.0,0.0,0,0,0
1756702501,2031,0.0,0.0,0.0,0.0,0.0,0.0,0.0,0.0,0,0,0
1756702501,2032,-0.01,0.0,-0.05,0.0,0.0,0.0,0.0,0.1,0,0,0
1756702501,2033,0.02,0.0,-0.05,0.0,0.0,0.0,0.0,0.25,0,0,0
1756702501,2034,0.0,0.0,-0.05,0.0,0.0,0.0,1.0,0.43,0,0,0
1756702501,2035,0.0,0.0,-0.07,0.0,0.0,0.0,1.0,0.79,0,0,0
1756702501,2036,0.01,0.0,-0.1,0.0,0.0,0.0,1.0,0.99,0,0,0
1756702501,2037,0.0,0.0,-0.14,0.0,0.0,0.0,1.0,1.12,0,0,0
1756702502,2038,-0.02,0.0,-0.01,0.0,0.0,0.0,1.0,1.21,0,0,0
1756702502,2039,0.03,0.0,-0.01,0.0,0.0,0.0,1.0,1.29,0,0,0
1756702502,2040,-0.07,0.0,-0.05,0.0,0.0,0.0,1.0,1.35,0,0,0
1756702502,2041,-0.05,0.0,0.0,0.0,0.0,0.0,1.0,1.37,0,0,0
1756702502,2042,0.0,0.0,0.0,0.0,0.0,0.0,1.0,1.37,0,0,0
1756702502,2043,0.0,0.0,-0.05,0.0,0.0,0.0,1.0,1.33,0,0,0
1756702502,2044,0.0,0.0,0.0,0.0,0.0,0.0,1.0,1.25,0,0,0
1756702502,2045,0.01,0.0,0.03,0.0,0.0,0.0,1.0,1.1,0,0,0
1756702502,2046,0.07,0.0,0.07,0.0,0.0,0.0,1.0,0.89,0,0,0
1756702502,2047,0.01,0.0,0.03,0.0,0.0,0.0,1.0,0.69,0,0,0
1756702502,2048,-0.01,0.0,0.0,0.0,0.0,0.0,1.0,0.5,0,0,0
1756702502,2049,0.0,0.0,-0.02,0.0,0.0,0.0,0.0,0.15,0,0,0
1756702502,2050,0.0,0.0,0.03,0.0,0.0,0.0,0.0,0.0,0,0,0
1756702502,2051,0.03,0.0,0.03,0.0,0.0,0.0,0.0,0.0,0,0,0
1756702502,2052,0.0,0.0,0.07,0.0,0.0,0.0,0.0,0.0,0,0,0
1756702502,2053,-0.02,0.0,0.05,0.0,0.0,0.0,0.0,0.0,0,0,0
1756702502,2054,0.0,0.0,0.07,0.0,0.0,0.0,0.0,0.0,0,0,0
1756702502,2055,0.05,0.0,0.02,0.0,0.0,0.0,0.0,0.0,0,0,0
1756702502,2056,-0.02,0.0,0.05,0.0,0.0,0.0,0.0,0.0,0,0,0
1756702502,2057,-0.01,0.0,0.05,0.0,0.0,0.0,0.0,0.0,0,0,0
1756702502,2058,0.03,0.0,-0.01,0.0,0.0,0.0,0.0,0.0,0,0,0
1756702502,2059,0.01,0.0,0.0,0.0,0.0,0.0,0.0,0.0,0,0,0
1756702502,2060,0.01,0.0,0.0,0.0,0.0,0.0,0.0,0.0,0,0,0
1756702502,2061,-0.01,0.0,0.01,0.0,0.0,0.0,0.0,0.0,0,0,0
1756702502,2062,0.0,0.0,0.02,0.0,0.0,0.0,0.0,0.0,0,0,0
1756702502,2063,0.02,0.0,0.0,0.0,0.0,0.0,0.0,0.0,0,0,0
1756702502,2064,0.0,0.0,0.01,0.0,0.0,0.0,0.0,0.0,0,0,0
1756702502,2065,0.05,0.0,0.01,0.0,0.0,0.0,0.0,0.0,0,0,0
1756702502,2066,0.0,0.0,0.0,0.0,0.0,0.0,0.0,0.0,0,0,0
1756702502,2067,0.02,0.0,0.0,0.0,0.0,0.0,0.0,0.0,0,0,0
1756702502,2068,0.0,0.0,0.0,0.0,0.0,0.0,0.0,0.0,0,0,0
1756702502,2069,0.02,0.0,0.0,0.0,0.0,0.0,0.0,0.0,0,0,0
1756702502,2070,0.01,0.0,0.0,0.0,0.0,0.0,0.0,0.0,0,0,0
1756702502,2071,-0.02,0.0,0.0,0.0,0.0,0.0,0.0,0.0,0,0,0
1756702502,2072,0.0,0.0,0.0,0.0,0.0,0.0,0.0,0.0,0,0,0
1756702502,2073,0.03,0.0,0.0,0.0,0.0,0.0,0.0,0.0,0,0,0
1756702502,2074,0.0,0.0,0.01,0.0,0.0,0.0,0.0,0.0,0,0,0
1756702502,2075,0.0,0.0,0.0,0.0,0.0,0.0,0.0,0.0,0,0,0
1756702502,2076,0.0,0.0,0.0,0.0,0.0,0.0,0.0,0.0,0,0,0
1756702502,2077,0.02,0.0,-0.05,0.0,0.0,0.0,0.0,0.0,0,0,0
1756702502,2078,0.0,0.0,0.01,0.0,0.0,0.0,0.0,0.0,0,0,0
1756702502,2079,0.0,0.0,-0.03,0.0,0.0,0.0,0.0,0.0,0,0,0
1756702502,2080,0.0,0.0,-0.01,0.0,0.0,0.0,0.0,0.0,0,0,0
1756702502,2081,0.0,0.0,0.02,0.0,0.0,0.0,0.0,0.0,0,0,0
1756702502,2082,0.07,0.0,0.0,0.0,0.0,0.0,0.0,0.0,0,0,0
1756702502,2083,0.0,0.0,-0.01,0.0,0.0,0.0,0.0,0.0,0,0,0
1756702502,2084,0.0,0.0,-0.02,0.0,0.0,0.0,0.0,0.0,0,0,0
1756702502,2085,0.0,0.0,0.0,0.0,0.0,0.0,0.0,0.0,0,0,0
1756702502,2086,0.02,0.0,0.0,0.0,0.0,0.0,0.0,0.0,0,0,0
1756702502,2087,0.0,0.0,0.0,0.0,0.0,0.0,0.0,0.0,0,0,0
1756702502,2088,0.03,0.0,0.0,0.0,0.0,0.0,0.0,0.0,0,0,0
1756702502,2089,-0.03,0.0,0.0,0.0,0.0,0.0,0.0,0.0,0,0,0
1756702502,2090,0.0,0.0,-0.01,0.0,0.0,0.0,0.0,0.0,0,0,0
1756702502,2091,0.05,0.0,0.0,0.0,0.0,0.0,0.0,0.0,0,0,0
1756702502,2092,0.0,0.0,0.0,0.0,0.0,0.0,0.0,0.0,0,0,0
1756702502,2093,0.0,0.0,0.0,0.0,0.0,0.0,0.0,0.0,0,0,0
1756702502,2094,-0.01,0.0,0.0,0.0,0.0,0.0,0.0,0.0,0,0,0
1756702502,2095,0.0,0.0,0.03,0.0,0.0,0.0,0.0,0.0,0,0,0
1756702502,2096,0.05,0.0,0.02,0.0,0.0,0.0,0.0,0.0,0,0,0
1756702502,2097,0.09,0.0,0.07,0.0,0.0,0.0,0.0,0.0,0,0,0
1756702502,2098,0.0,0.0,0.0,0.0,0.0,0.0,0.0,0.0,0,0,0
1756702502,2099,0.01,0.0,0.01,0.0,0.0,0.0,0.0,0.0,0,0,0
1756702502,2100,-0.02,0.0,0.0,0.0,0.0,0.0,0.0,0.0,0,0,0
1756702502,2101,0.02,0.0,0.0,0.0,0.0,0.0,0.0,0.0,0,0,0
1756702502,2102,-0.03,0.0,0.0,0.0,0.0,0.0,0.0,0.0,0,0,0
1756702502,2103,0.0,0.0,-0.01,0.0,0.0,0.0,0.0,0.0,0,0,0
1756702502,2104,-0.01,0.0,0.0,0.0,0.0,0.0,0.0,0.0,0,0,0
1756702503,2105,0.01,0.0,0.02,0.0,0.0,0.0,0.0,0.0,0,0,0
1756702503,2106,0.03,0.0,0.0,0.0,0.0,0.0,0.0,0.0,0,0,0
1756702503,2107,0.0,0.0,-0.02,0.0,0.0,0.0,0.0,0.0,0,0,0
1756702503,2108,0.0,0.0,-0.02,0.0,0.0,0.0,0.0,0.0,0,0,0
1756702503,2109,-0.05,0.0,-0.09,0.0,0.0,0.0,0.0,0.0,0,0,0
1756702503,2110,0.0,0.0,0.0,0.0,0.0,0.0,0.0,0.0,0,0,0
1756702503,2111,0.0,0.0,0.0,0.0,0.0,0.0,0.0,0.0,0,0,0
1756702503,2112,0.03,0.0,0.0,0.0,0.0,0.0,0.0,0.0,0,0,0
1756702503,2113,0.07,0.0,0.0,0.0,0.0,0.0,0.0,0.0,0,0,0
1756702503,2114,0.02,0.0,0.0,0.0,0.0,0.0,0.0,0.0,0,0,0
1756702503,2115,0.0,0.0,0.0,0.0,0.0,0.0,0.0,0.0,0,0,0
1756702503,2116,0.02,0.0,0.0,0.0,0.0,0.0,0.0,0.0,0,0,0
1756702503,2117,0.01,0.0,0.0,0.0,0.0,0.0,0.0,0.0,0,0,0
1756702503,2118,0.07,0.0,0.0,0.0,0.0,0.0,0.0,0.0,0,0,0
1756702503,2119,0.0,0.0,0.0,0.0,0.0,0.0,0.0,0.0,0,0,0
1756702503,2120,-0.01,0.0,-0.01,0.0,0.0,0.0,0.0,0.0,0,0,0
1756702503,2121,0.0,0.0,0.0,0.0,0.0,0.0,0.0,0.0,0,0,0
1756702503,2122,-0.07,0.0,0.0,0.0,0.0,0.0,0.0,0.0,0,0,0
1756702503,2123,0.02,0.0,-0.07,0.0,0.0,0.0,0.0,0.0,0,0,0
1756702503,2124,0.03,0.0,0.0,0.0,0.0,0.0,0.0,0.0,0,0,0
1756702503,2125,0.0,0.0,0.0,0.0,0.0,0.0,0.0,0.0,0,0,0
1756702503,2126,-0.15,0.0,0.0,0.0,0.0,0.0,0.0,0.0,0,0,0
1756702503,2127,0.07,0.0,0.03,0.0,0.0,0.0,0.0,0.0,0,0,0
1756702503,2128,0.01,0.0,0.0,0.0,0.0,0.0,0.0,0.0,0,0,0
1756702503,2129,0.0,0.0,0.0,0.0,0.0,0.0,0.0,0.0,0,0,0
1756702503,2130,0.05,0.0,0.0,0.0,0.0,0.0,0.0,0.0,0,0,0
1756702503,2131,0.0,0.0,0.0,0.0,0.0,0.0,0.0,0.0,0,0,0
1756702503,2132,0.05,0.0,0.0,0.0,0.0,0.0,0.0,0.0,0,0,0
1756702503,2133,0.0,0.0,0.02,0.0,0.0,0.0,0.0,0.0,0,0,0
1756702503,2134,0.03,0.0,0.0,0.0,0.0,0.0,0.0,0.0,0,0,0
1756702503,2135,0.0,0.0,0.01,0.0,0.0,0.0,0.0,0.0,0,0,0
1756702503,2136,0.0,0.0,0.01,0.0,0.0,0.0,0.0,0.0,0,0,0
1756702503,2137,0.01,0.0,0.02,0.0,0.0,0.0,0.0,0.0,0,0,0
1756702503,2138,0.0,0.0,0.0,0.0,0.0,0.0,0.0,0.0,0,0,0
1756702503,2139,0.05,0.0,0.0,0.0,0.0,0.0,0.0,0.0,0,0,0
1756702503,2140,-0.05,0.0,0.0,0.0,0.0,0.0,0.0,0.0,0,0,0
1756702503,2141,0.01,0.0,0.0,0.0,0.0,0.0,0.0,0.0,0,0,0
1756702503,2142,-0.05,0.0,0.0,0.0,0.0,0.0,0.0,0.0,0,0,0
1756702503,2143,-0.01,0.0,0.0,0.0,0.0,0.0,0.0,0.0,0,0,0
1756702503,2144,0.05,0.0,0.0,0.0,0.0,0.0,0.0,0.0,0,0,0
1756702503,2145,0.02,0.0,0.0,0.0,0.0,0.0,0.0,0.0,0,0,0
1756702503,2146,0.0,0.0,-0.02,0.0,0.0,0.0,0.0,0.0,0,0,0
1756702503,2147,-0.02,0.0,-0.01,0.0,0.0,0.0,0.0,0.0,0,0,0
1756702503,2148,0.03,0.0,0.0,0.0,0.0,0.0,0.0,0.0,0,0,0
1756702503,2149,0.0,0.0,-0.1,0.0,0.0,0.0,0.0,0.0,0,0,0
1756702503,2150,0.03,0.0,-0.01,0.0,0.0,0.0,0.0,0.0,0,0,0
1756702503,2151,0.0,0.0,0.0,0.0,0.0,0.0,0.0,0.0,0,0,0
1756702503,2152,0.02,0.0,0.0,0.0,0.0,0.0,0.0,0.0,0,0,0
1756702503,2153,0.03,0.0,0.01,0.0,0.0,0.0,0.0,0.0,0,0,0
1756702503,2154,0.02,0.0,-0.1,0.0,0.0,0.0,0.0,0.0,0,0,0
1756702503,2155,0.07,0.0,0.0,0.0,0.0,0.0,0.0,0.0,0,0,0
1756702503,2156,0.02,0.0,0.0,0.0,0.0,0.0,0.0,0.0,0,0,0
1756702503,2157,0.0,0.0,-0.05,0.0,0.0,0.0,0.0,0.0,0,0,0
1756702503,2158,0.07,0.0,0.0,0.0,0.0,0.0,0.0,0.0,0,0,0
1756702503,2159,0.01,0.0,0.0,0.0,0.0,0.0,0.0,0.0,0,0,0
1756702503,2160,0.0,0.0,-0.01,0.0,0.0,0.0,0.0,0.0,0,0,0
1756702503,2161,0.0,0.0,0.0,0.0,0.0,0.0,0.0,0.0,0,0,0
1756702503,2162,0.05,0.0,0.01,0.0,0.0,0.0,0.0,0.0,0,0,0
1756702503,2163,0.0,0.0,0.0,0.0,0.0,0.0,0.0,0.0,0,0,0
1756702503,2164,0.0,0.0,0.0,0.0,0.0,0.0,0.0,0.0,0,0,0
1756702503,2165,0.0,0.0,0.01,0.0,0.0,0.0,0.0,0.0,0,0,0
1756702503,2166,0.0,0.0,-0.01,0.0,0.0,0.0,0.0,0.0,0,0,0
1756702503,2167,0.05,0.0,-0.02,0.0,0.0,0.0,0.0,0.0,0,0,0
1756702503,2168,0.0,0.0,0.0,0.0,0.0,0.0,0.0,0.0,0,0,0
1756702503,2169,0.05,0.0,0.0,0.0,0.0,0.0,0.0,0.0,0,0,0
1756702504,2170,-0.01,0.0,0.0,0.0,0.0,0.0,0.0,0.0,0,0,0
1756702504,2171,-0.09,0.0,0.01,0.0,0.0,0.0,0.0,0.0,0,0,0
1756702504,2172,0.07,0.0,-0.02,0.0,0.0,0.0,0.0,0.0,0,0,0
1756702504,2173,0.01,0.0,0.0,0.0,0.0,0.0,0.0,0.0,0,0,0
1756702504,2174,0.0,0.0,0.0,0.0,0.0,0.0,0.0,0.0,0,0,0
1756702504,2175,-0.01,0.0,0.0,0.0,0.0,0.0,0.0,0.0,0,0,0
1756702504,2176,0.02,0.0,0.01,0.0,0.0,0.0,0.0,0.0,0,0,0
1756702504,2177,0.0,0.0,0.0,0.0,0.0,0.0,0.0,0.0,0,0,0
1756702504,2178,0.0,0.0,-0.01,0.0,0.0,0.0,0.0,0.0,0,0,0
1756702504,2179,0.02,0.0,0.0,0.0,0.0,0.0,0.0,0.0,0,0,0
1756702504,2180,0.0,0.0,0.0,0.0,0.0,0.0,0.0,0.0,0,0,0
1756702504,2181,0.02,0.0,0.03,0.0,0.0,0.0,0.0,0.0,0,0,0
1756702504,2182,0.0,0.0,0.0,0.0,0.0,0.0,0.0,0.0,0,0,0
1756702504,2183,0.0,0.0,-0.02,0.0,0.0,0.0,0.0,0.0,0,0,0
1756702504,2184,0.02,0.0,-0.09,0.0,0.0,0.0,0.0,0.0,0,0,0
1756702504,2185,0.0,0.0,0.0,0.0,0.0,0.0,0.0,0.0,0,0,0
1756702504,2186,0.0,0.0,0.0,0.0,0.0,0.0,0.0,0.0,0,0,0
1756702504,2187,0.0,0.0,-0.01,0.0,0.0,0.0,0.0,0.0,0,0,0
1756702504,2188,0.01,0.0,0.0,0.0,0.0,0.0,0.0,0.0,0,0,0
1756702504,2189,0.0,0.0,0.0,0.0,0.0,0.0,0.0,0.0,0,0,0
1756702504,2190,-0.03,0.0,0.05,0.0,0.0,0.0,0.0,0.0,0,0,0
1756702504,2191,0.0,0.0,0.0,0.0,0.0,0.0,0.0,0.0,0,0,0
1756702504,2192,-0.03,0.0,0.01,0.0,0.0,0.0,0.0,0.0,0,0,0
1756702504,2193,-0.01,0.0,0.0,0.0,0.0,0.0,0.0,0.0,0,0,0
1756702504,2194,-0.05,0.0,0.0,0.0,0.0,0.0,0.0,0.0,0,0,0
1756702504,2195,0.01,0.0,0.0,0.0,0.0,0.0,0.0,0.0,0,0,0
1756702504,2196,-0.01,0.0,-0.02,0.0,0.0,0.0,0.0,0.0,0,0,0
1756702504,2197,0.02,0.0,0.0,0.0,0.0,0.0,0.0,0.0,0,0,0
1756702504,2198,0.0,0.0,0.0,0.0,0.0,0.0,0.0,0.0,0,0,0
1756702504,2199,0.0,0.0,0.0,0.0,0.0,0.0,0.0,0.0,0,0,0
1756702504,2200,0.02,0.0,0.0,0.0,0.0,0.0,0.0,0.0,0,0,0
1756702504,2201,0.0,0.0,0.05,0.0,0.0,0.0,0.0,0.0,0,0,0
1756702504,2202,0.02,0.0,0.0,0.0,0.0,0.0,0.0,0.0,0,0,0
1756702504,2203,0.0,0.0,0.0,0.0,0.0,0.0,0.0,0.0,0,0,0
1756702504,2204,0.0,0.0,0.0,0.0,0.0,0.0,0.0,0.0,0,0,0
1756702504,2205,0.0,0.0,-0.02,0.0,0.0,0.0,0.0,0.0,0,0,0
1756702504,2206,0.0,0.0,0.03,0.0,0.0,0.0,0.0,0.0,0,0,0
1756702504,2207,0.0,0.0,0.01,0.0,0.0,0.0,0.0,0.0,0,0,0
1756702504,2208,0.01,0.0,0.0,0.0,0.0,0.0,0.0,0.0,0,0,0
1756702504,2209,0.07,0.0,0.0,0.0,0.0,0.0,0.0,0.0,0,0,0
1756702504,2210,0.02,0.0,0.0,0.0,0.0,0.0,0.0,0.0,0,0,0
1756702504,2211,0.0,0.0,0.01,0.0,0.0,0.0,0.0,0.0,0,0,0
1756702504,2212,0.05,0.0,0.0,0.0,0.0,0.0,0.0,0.0,0,0,0
1756702504,2213,0.07,0.0,0.0,0.0,0.0,0.0,0.0,0.0,0,0,0
1756702504,2214,-0.15,0.0,-0.03,0.0,0.0,0.0,0.0,0.0,0,0,0
1756702504,2215,0.0,0.0,0.0,0.0,0.0,0.0,0.0,0.0,0,0,0
1756702504,2216,-0.07,0.0,0.0,0.0,0.0,0.0,0.0,0.0,0,0,0
1756702504,2217,0.07,0.0,0.0,0.0,0.0,0.0,0.0,0.0,0,0,0
1756702504,2218,0.0,0.0,0.0,0.0,0.0,0.0,0.0,0.0,0,0,0
1756702504,2219,0.07,0.0,0.0,0.0,0.0,0.0,0.0,0.0,0,0,0
1756702504,2220,-0.05,0.0,-0.01,0.0,0.0,0.0,0.0,0.0,0,0,0
1756702504,2221,0.02,0.0,0.0,0.0,0.0,0.0,0.0,0.0,0,0,0
1756702504,2222,0.03,0.0,0.0,0.0,0.0,0.0,0.0,0.0,0,0,0
1756702504,2223,0.03,0.0,-0.1,0.0,0.0,0.0,0.0,0.0,0,0,0
1756702504,2224,0.0,0.0,0.02,0.0,0.0,0.0,0.0,0.0,0,0,0
1756702504,2225,0.05,0.0,0.03,0.0,0.0,0.0,0.0,0.0,0,0,0
1756702504,2226,-0.05,0.0,-0.01,0.0,0.0,0.0,0.0,0.0,0,0,0
1756702504,2227,0.02,0.0,-0.01,0.0,0.0,0.0,0.0,0.0,0,0,0
1756702504,2228,-0.12,0.0,0.0,0.0,0.0,0.0,0.0,0.0,0,0,0
1756702504,2229,0.0,0.0,0.0,0.0,0.0,0.0,0.0,0.0,0,0,0
1756702504,2230,0.0,0.0,0.0,0.0,0.0,0.0,0.0,0.0,0,0,0
1756702504,2231,0.03,0.0,0.0,0.0,0.0,0.0,0.0,0.0,0,0,0
1756702504,2232,-0.05,0.0,0.0,0.0,0.0,0.0,0.0,0.0,0,0,0
1756702504,2233,0.0,0.0,0.02,0.0,0.0,0.0,0.0,0.0,0,0,0
1756702504,2234,-0.05,0.0,-0.03,0.0,0.0,0.0,0.0,0.0,0,0,0
1756702504,2235,0.01,0.0,0.01,0.0,0.0,0.0,0.0,0.0,0,0,0
1756702504,2236,0.0,0.0,0.0,0.0,0.0,0.0,0.0,0.0,0,0,0
1756702504,2237,0.0,0.0,0.0,0.0,0.0,0.0,0.0,0.0,0,0,0
1756702505,2238,0.0,0.0,0.0,0.0,0.0,0.0,0.0,0.0,0,0,0
1756702505,2239,0.0,0.0,0.0,0.0,0.0,0.0,0.0,0.0,0,0,0
1756702505,2240,0.0,0.0,0.0,0.0,0.0,0.0,0.0,0.0,0,0,0
1756702505,2241,0.0,0.0,0.0,0.0,0.0,0.0,0.0,0.0,0,0,0
1756702505,2242,-0.03,0.0,0.0,0.0,0.0,0.0,0.0,0.0,0,0,0
1756702505,2243,0.0,0.0,-0.01,0.0,0.0,0.0,0.0,0.0,0,0,0
1756702505,2244,0.0,0.0,-0.01,0.0,0.0,0.0,0.0,0.0,0,0,0
1756702505,2245,0.0,0.0,0.0,0.0,0.0,0.0,0.0,0.0,0,0,0
1756702505,2246,0.01,0.0,0.0,0.0,0.0,0.0,0.0,0.0,0,0,0
1756702505,2247,0.02,0.0,0.0,0.0,0.0,0.0,0.0,0.0,0,0,0
1756702505,2248,0.0,0.0,0.0,0.0,0.0,0.0,0.0,0.0,0,0,0
1756702505,2249,0.0,0.0,-0.01,0.0,0.0,0.0,0.0,0.0,0,0,0
1756702505,2250,0.0,0.0,0.0,0.0,0.0,0.0,0.0,0.0,0,0,0
1756702505,2251,0.0,0.0,-0.01,0.0,0.0,0.0,0.0,0.0,0,0,0
1756702505,2252,-0.03,0.0,0.0,0.0,0.0,0.0,0.0,0.0,0,0,0
1756702505,2253,0.0,0.0,-0.01,0.0,0.0,0.0,0.0,0.0,0,0,0
1756702505,2254,0.0,0.0,0.0,0.0,0.0,0.0,0.0,0.0,0,0,0
1756702505,2255,-0.03,0.0,0.03,0.0,0.0,0.0,0.0,0.0,0,0,0
1756702505,2256,0.07,0.0,0.02,0.0,0.0,0.0,0.0,0.0,0,0,0
1756702505,2257,0.0,0.0,0.0,0.0,0.0,0.0,0.0,0.0,0,0,0
1756702505,2258,0.05,0.0,0.01,0.0,0.0,0.0,0.0,0.0,0,0,0
1756702505,2259,0.01,0.0,-0.01,0.0,0.0,0.0,0.0,0.0,0,0,0
1756702505,2260,0.03,0.0,-0.02,0.0,0.0,0.0,0.0,0.0,0,0,0
1756702505,2261,0.0,0.0,-0.03,0.0,0.0,0.0,0.0,0.0,0,0,0
1756702505,2262,0.01,0.0,-0.03,0.0,0.0,0.0,0.0,0.0,0,0,0
1756702505,2263,0.02,0.0,0.0,0.0,0.0,0.0,0.0,0.0,0,0,0
1756702505,2264,0.07,0.0,0.0,0.0,0.0,0.0,0.0,0.0,0,0,0
1756702505,2265,-0.02,0.0,0.0,0.0,0.0,0.0,0.0,0.0,0,0,0
1756702505,2266,0.0,0.0,-0.01,0.0,0.0,0.0,0.0,0.0,0,0,0
1756702505,2267,0.0,0.0,0.0,0.0,0.0,0.0,0.0,0.0,0,0,0
1756702505,2268,0.03,0.0,0.0,0.0,0.0,0.0,0.0,0.0,0,0,0
1756702505,2269,0.02,0.0,0.0,0.0,0.0,0.0,0.0,0.0,0,0,0
1756702505,2270,0.0,0.0,0.0,0.0,0.0,0.0,0.0,0.0,0,0,0
1756702505,2271,0.02,0.0,-0.02,0.0,0.0,0.0,0.0,0.0,0,0,0
1756702505,2272,-0.03,0.0,0.0,0.0,0.0,0.0,0.0,0.0,0,0,0
1756702505,2273,0.0,0.0,-0.01,0.0,0.0,0.0,0.0,0.0,0,0,0
1756702505,2274,0.0,0.0,0.0,0.0,0.0,0.0,0.0,0.0,0,0,0
1756702505,2275,-0.03,0.0,0.0,0.0,0.0,0.0,0.0,0.0,0,0,0
1756702505,2276,0.05,0.0,0.0,0.0,0.0,0.0,0.0,0.0,0,0,0
1756702505,2277,0.07,0.0,0.0,0.0,0.0,0.0,0.0,0.0,0,0,0
1756702505,2278,0.0,0.0,0.0,0.0,0.0,0.0,0.0,0.0,0,0,0
1756702505,2279,0.0,0.0,0.0,0.0,0.0,0.0,0.0,0.0,0,0,0
1756702505,2280,0.03,0.0,-0.02,0.0,0.0,0.0,0.0,0.0,0,0,0
1756702505,2281,0.0,0.0,0.0,0.0,0.0,0.0,0.0,0.0,0,0,0
1756702505,2282,0.0,0.0,0.0,0.0,0.0,0.0,0.0,0.0,0,0,0
1756702505,2283,-0.03,0.0,0.0,0.0,0.0,0.0,0.0,0.0,0,0,0
1756702505,2284,0.0,0.0,0.0,0.0,0.0,0.0,0.0,0.0,0,0,0
1756702505,2285,0.05,0.0,-0.03,0.0,0.0,0.0,0.0,0.0,0,0,0
1756702505,2286,0.05,0.0,0.02,0.0,0.0,0.0,0.0,0.0,0,0,0
1756702505,2287,0.02,0.0,-0.03,0.0,0.0,0.0,0.0,0.0,0,0,0
1756702505,2288,0.02,0.0,0.0,0.0,0.0,0.0,0.0,0.0,0,0,0
1756702505,2289,0.0,0.0,-0.01,0.0,0.0,0.0,0.0,0.0,0,0,0
1756702505,2290,0.0,0.0,0.0,0.0,0.0,0.0,0.0,0.0,0,0,0
1756702505,2291,0.0,0.0,-0.1,0.0,0.0,0.0,0.0,0.0,0,0,0
1756702505,2292,0.0,0.0,-0.11,0.0,0.0,0.0,0.0,0.0,0,0,0
1756702505,2293,0.03,0.0,-0.05,0.0,0.0,0.0,0.0,0.0,0,0,0
1756702505,2294,0.05,0.0,-0.07,0.0,0.0,0.0,0.0,0.0,0,0,0
1756702505,2295,0.0,0.0,0.05,0.0,0.0,0.0,0.0,0.0,0,0,0
1756702505,2296,-0.01,0.0,0.0,0.0,0.0,0.0,0.0,0.0,0,0,0
1756702505,2297,-0.05,0.0,0.09,0.0,0.0,0.0,0.0,0.0,0,0,0
1756702505,2298,0.01,0.0,-0.02,0.0,0.0,0.0,0.0,0.0,0,0,0
1756702505,2299,0.05,0.0,0.07,0.0,0.0,0.0,0.0,0.0,0,0,0
1756702505,2300,-0.01,0.0,-0.02,0.0,0.0,0.0,0.0,0.0,0,0,0
1756702505,2301,0.0,0.0,0.0,0.0,0.0,0.0,0.0,0.0,0,0,0
1756702505,2302,0.0,0.0,0.0,0.0,0.0,0.0,0.0,0.0,0,0,0
1756702506,2303,0.0,0.0,-0.01,0.0,0.0,0.0,0.0,0.0,0,0,0
1756702506,2304,0.0,0.0,0.0,0.0,0.0,0.0,0.0,0.0,0,0,0
1756702506,2305,0.01,0.0,0.0,0.0,0.0,0.0,0.0,0.0,0,0,0
1756702506,2306,0.05,0.0,0.0,0.0,0.0,0.0,0.0,0.0,0,0,0
1756702506,2307,0.0,0.0,-0.01,0.0,0.0,0.0,0.0,0.0,0,0,0
1756702506,2308,0.0,0.0,-0.01,0.0,0.0,0.0,0.0,0.0,0,0,0
1756702506,2309,-0.05,0.0,-0.01,0.0,0.0,0.0,0.0,0.0,0,0,0
1756702506,2310,-0.01,0.0,0.02,0.0,0.0,0.0,0.0,0.0,0,0,0
1756702506,2311,-0.05,0.0,-0.05,0.0,0.0,0.0,0.0,0.0,0,0,0
1756702506,2312,0.0,0.0,0.0,0.0,0.0,0.0,0.0,0.0,0,0,0
1756702506,2313,-0.01,0.0,0.0,0.0,0.0,0.0,0.0,0.0,0,0,0
1756702506,2314,-0.03,0.0,0.0,0.0,0.0,0.0,0.0,0.0,0,0,0
1756702506,2315,-0.09,0.0,-0.01,0.0,0.0,0.0,0.0,0.0,0,0,0
1756702506,2316,0.0,0.0,0.0,0.0,0.0,0.0,0.0,0.0,0,0,0
1756702506,2317,0.01,0.0,-0.01,0.0,0.0,0.0,0.0,0.0,0,0,0
1756702506,2318,0.01,0.0,0.02,0.0,0.0,0.0,0.0,0.0,0,0,0
1756702506,2319,0.02,0.0,0.0,0.0,0.0,0.0,0.0,0.0,0,0,0
1756702506,2320,0.0,0.0,-0.01,0.0,0.0,0.0,0.0,0.0,0,0,0
1756702506,2321,0.05,0.0,0.0,0.0,0.0,0.0,0.0,0.0,0,0,0
1756702506,2322,0.0,0.0,-0.03,0.0,0.0,0.0,0.0,0.0,0,0,0
1756702506,2323,0.01,0.0,-0.05,0.0,0.0,0.0,0.0,0.0,0,0,0
1756702506,2324,-0.03,0.0,0.0,0.0,0.0,0.0,0.0,0.0,0,0,0
1756702506,2325,0.0,0.0,-0.01,0.0,0.0,0.0,0.0,0.0,0,0,0
1756702506,2326,0.03,0.0,0.0,0.0,0.0,0.0,0.0,0.0,0,0,0
1756702506,2327,-0.05,0.0,-0.01,0.0,0.0,0.0,0.0,0.0,0,0,0
1756702506,2328,0.03,0.0,0.0,0.0,0.0,0.0,0.0,0.0,0,0,0
1756702506,2329,0.07,0.0,0.0,0.0,0.0,0.0,0.0,0.0,0,0,0
1756702506,2330,0.0,0.0,0.0,0.0,0.0,0.0,0.0,0.0,0,0,0
1756702506,2331,0.02,0.0,0.0,0.0,0.0,0.0,0.0,0.0,0,0,0
1756702506,2332,0.03,0.0,0.0,0.0,0.0,0.0,0.0,0.0,0,0,0
1756702506,2333,0.0,0.0,-0.03,0.0,0.0,0.0,0.0,0.0,0,0,0
1756702506,2334,0.02,0.0,-0.02,0.0,0.0,0.0,0.0,0.0,0,0,0
1756702506,2335,0.05,0.0,0.0,0.0,0.0,0.0,0.0,0.0,0,0,0
1756702506,2336,0.02,0.0,0.02,0.0,0.0,0.0,0.0,0.0,0,0,0
1756702506,2337,0.02,0.0,0.0,0.0,0.0,0.0,0.0,0.0,0,0,0
1756702506,2338,0.05,0.0,-0.09,0.0,0.0,0.0,0.0,0.0,0,0,0
1756702506,2339,0.03,0.0,0.02,0.0,0.0,0.0,0.0,0.0,0,0,0
1756702506,2340,0.01,0.0,0.0,0.0,0.0,0.0,0.0,0.0,0,0,0
1756702506,2341,0.05,0.0,-0.01,0.0,0.0,0.0,0.0,0.0,0,0,0
1756702506,2342,-0.01,0.0,0.01,0.0,0.0,0.0,0.0,0.0,0,0,0
1756702506,2343,0.0,0.0,0.02,0.0,0.0,0.0,0.0,0.0,0,0,0
1756702506,2344,0.01,0.0,0.0,0.0,0.0,0.0,0.0,0.0,0,0,0
1756702506,2345,0.0,0.0,-0.01,0.0,0.0,0.0,0.0,0.0,0,0,0
1756702506,2346,0.01,0.0,-0.07,0.0,0.0,0.0,0.0,0.0,0,0,0
1756702506,2347,0.0,0.0,-0.03,0.0,0.0,0.0,0.0,0.0,0,0,0
1756702506,2348,0.05,0.0,0.0,0.0,0.0,0.0,0.0,0.0,0,0,0
1756702506,2349,0.0,0.0,-0.02,0.0,0.0,0.0,0.0,0.0,0,0,0
1756702506,2350,0.0,0.0,-0.02,0.0,0.0,0.0,0.0,0.0,0,0,0
1756702506,2351,0.0,0.0,0.0,0.0,0.0,0.0,0.0,0.0,0,0,0
1756702506,2352,-0.02,0.0,-0.05,0.0,0.0,0.0,0.0,0.0,0,0,0
1756702506,2353,-0.01,0.0,0.0,0.0,0.0,0.0,0.0,0.0,0,0,0
1756702506,2354,-0.01,0.0,0.02,0.0,0.0,0.0,0.0,0.0,0,0,0
1756702506,2355,0.05,0.0,0.0,0.0,0.0,0.0,0.0,0.0,0,0,0
1756702506,2356,0.0,0.0,-0.02,0.0,0.0,0.0,0.0,0.0,0,0,0
1756702506,2357,0.02,0.0,0.0,0.0,0.0,0.0,0.0,0.0,0,0,0
1756702506,2358,0.0,0.0,0.0,0.0,0.0,0.0,0.0,0.0,0,0,0
1756702506,2359,0.0,0.0,0.0,0.0,0.0,0.0,0.0,0.0,0,0,0
1756702506,2360,0.05,0.0,0.0,0.0,0.0,0.0,0.0,0.0,0,0,0
1756702506,2361,-0.05,0.0,-0.1,0.0,0.0,0.0,0.0,0.0,0,0,0
1756702506,2362,0.05,0.0,-0.03,0.0,0.0,0.0,0.0,0.0,0,0,0
1756702506,2363,0.0,0.0,0.0,0.0,0.0,0.0,0.0,0.0,0,0,0
1756702506,2364,-0.01,0.0,0.0,0.0,0.0,0.0,0.0,0.0,0,0,0
1756702506,2365,0.0,0.0,-0.03,0.0,0.0,0.0,0.0,0.0,0,0,0
1756702506,2366,0.0,0.0,0.0,0.0,0.0,0.0,0.0,0.0,0,0,0
1756702506,2367,-0.02,0.0,0.0,0.0,0.0,0.0,0.0,0.0,0,0,0
1756702506,2368,0.03,0.0,0.03,0.0,0.0,0.0,0.0,0.0,0,0,0
1756702507,2369,0.0,0.0,-0.14,0.0,0.0,0.0,0.0,0.0,0,0,0
1756702507,2370,0.0,0.0,-0.01,0.0,0.0,0.0,0.0,0.0,0,0,0
1756702507,2371,-0.07,0.0,0.0,0.0,0.0,0.0,0.0,0.0,0,0,0
1756702507,2372,0.01,0.0,0.0,0.0,0.0,0.0,0.0,0.0,0,0,0
1756702507,2373,0.07,0.0,0.0,0.0,0.0,0.0,0.0,0.0,0,0,0
1756702507,2374,0.02,0.0,0.02,0.0,0.0,0.0,0.0,0.0,0,0,0
1756702507,2375,0.0,0.0,0.0,0.0,0.0,0.0,0.0,0.0,0,0,0
1756702507,2376,0.0,0.0,0.0,0.0,0.0,0.0,0.0,0.0,0,0,0
1756702507,2377,0.0,0.0,0.01,0.0,0.0,0.0,0.0,0.0,0,0,0
1756702507,2378,-0.05,0.0,0.0,0.0,0.0,0.0,0.0,0.0,0,0,0
1756702507,2379,-0.01,0.0,0.0,0.0,0.0,0.0,0.0,0.0,0,0,0
1756702507,2380,0.0,0.0,0.03,0.0,0.0,0.0,0.0,0.0,0,0,0
1756702507,2381,-0.05,0.0,0.03,0.0,0.0,0.0,0.0,0.0,0,0,0
1756702507,2382,0.0,0.0,0.0,0.0,0.0,0.0,0.0,0.0,0,0,0
1756702507,2383,0.0,0.0,0.0,0.0,0.0,0.0,0.0,0.0,0,0,0
1756702507,2384,0.0,0.0,0.01,0.0,0.0,0.0,0.0,0.0,0,0,0
1756702507,2385,0.0,0.0,-0.03,0.0,0.0,0.0,0.0,0.0,0,0,0
1756702507,2386,0.02,0.0,0.0,0.0,0.0,0.0,0.0,0.0,0,0,0
1756702507,2387,0.01,0.0,0.0,0.0,0.0,0.0,0.0,0.0,0,0,0
1756702507,2388,0.01,0.0,0.0,0.0,0.0,0.0,0.0,0.0,0,0,0
1756702507,2389,0.03,0.0,-0.03,0.0,0.0,0.0,0.0,0.0,0,0,0
1756702507,2390,0.03,0.0,0.0,0.0,0.0,0.0,0.0,0.0,0,0,0
1756702507,2391,-0.12,0.0,0.0,0.0,0.0,0.0,0.0,0.0,0,0,0
1756702507,2392,0.0,0.0,-0.01,0.0,0.0,0.0,0.0,0.0,0,0,0
1756702507,2393,0.01,0.0,0.0,0.0,0.0,0.0,0.0,0.0,0,0,0
1756702507,2394,0.01,0.0,0.0,0.0,0.0,0.0,0.0,0.0,0,0,0
1756702507,2395,0.02,0.0,0.02,0.0,0.0,0.0,0.0,0.0,0,0,0
1756702507,2396,0.0,0.0,0.01,0.0,0.0,0.0,0.0,0.0,0,0,0
1756702507,2397,0.0,0.0,0.0,0.0,0.0,0.0,0.0,0.0,0,0,0
1756702507,2398,0.0,0.0,-0.01,0.0,0.0,0.0,0.0,0.0,0,0,0
1756702507,2399,0.0,0.0,0.05,0.0,0.0,0.0,0.0,0.0,0,0,0
1756702507,2400,0.03,0.0,-0.01,0.0,0.0,0.0,0.0,0.0,0,0,0
1756702507,2401,0.0,0.0,0.0,0.0,0.0,0.0,0.0,0.0,0,0,0
1756702507,2402,0.0,0.0,-0.01,0.0,0.0,0.0,0.0,0.0,0,0,0
1756702507,2403,-0.03,0.0,0.0,0.0,0.0,0.0,0.0,0.0,0,0,0
1756702507,2404,0.0,0.0,0.0,0.0,0.0,0.0,0.0,0.0,0,0,0
1756702507,2405,0.02,0.0,0.0,0.0,0.0,0.0,0.0,0.0,0,0,0
1756702507,2406,0.01,0.0,-0.01,0.0,0.0,0.0,0.0,0.0,0,0,0
1756702507,2407,0.0,0.0,0.0,0.0,0.0,0.0,0.0,0.0,0,0,0
1756702507,2408,0.0,0.0,-0.01,0.0,0.0,0.0,0.0,0.0,0,0,0
1756702507,2409,0.0,0.0,0.0,0.0,0.0,0.0,0.0,0.0,0,0,0
1756702507,2410,0.02,0.0,0.0,0.0,0.0,0.0,0.0,0.0,0,0,0
1756702507,2411,0.0,0.0,0.0,0.0,0.0,0.0,0.0,0.0,0,0,0
1756702507,2412,-0.01,0.0,0.05,0.0,0.0,0.0,0.0,0.0,0,0,0
1756702507,2413,0.02,0.0,0.0,0.0,0.0,0.0,0.0,0.0,0,0,0
1756702507,2414,0.0,0.0,-0.01,0.0,0.0,0.0,0.0,0.0,0,0,0
1756702507,2415,0.02,0.0,-0.01,0.0,0.0,0.0,0.0,0.0,0,0,0
1756702507,2416,0.0,0.0,-0.01,0.0,0.0,0.0,0.0,0.0,0,0,0
1756702507,2417,0.0,0.0,-0.01,0.0,0.0,0.0,0.0,0.0,0,0,0
1756702507,2418,-0.02,0.0,-0.03,0.0,0.0,0.0,0.0,0.0,0,0,0
1756702507,2419,0.0,0.0,-0.01,0.0,0.0,0.0,0.0,0.0,0,0,0
1756702507,2420,0.0,0.0,-0.02,0.0,0.0,0.0,0.0,0.0,0,0,0
1756702507,2421,-0.05,0.0,0.0,0.0,0.0,0.0,0.0,0.0,0,0,0
1756702507,2422,0.01,0.0,-0.05,0.0,0.0,0.0,0.0,0.0,0,0,0
1756702507,2423,0.05,0.0,-0.01,0.0,0.0,0.0,0.0,0.0,0,0,0
1756702507,2424,0.05,0.0,0.01,0.0,0.0,0.0,0.0,0.0,0,0,0
1756702507,2425,0.0,0.0,-0.03,0.0,0.0,0.0,0.0,0.0,0,0,0
1756702507,2426,0.02,0.0,0.0,0.0,0.0,0.0,0.0,0.0,0,0,0
1756702507,2427,-0.03,0.0,0.0,0.0,0.0,0.0,0.0,0.0,0,0,0
1756702507,2428,0.0,0.0,-0.01,0.0,0.0,0.0,0.0,0.0,0,0,0
1756702507,2429,0.03,0.0,-0.01,0.0,0.0,0.0,0.0,0.0,0,0,0
1756702507,2430,0.02,0.0,0.0,0.0,0.0,0.0,0.0,0.0,0,0,0
1756702507,2431,0.0,0.0,0.0,0.0,0.0,0.0,0.0,0.0,0,0,0
1756702507,2432,0.05,0.0,-0.01,0.0,0.0,0.0,0.0,0.0,0,0,0
1756702508,2433,0.02,0.0,0.0,0.0,0.0,0.0,0.0,0.0,0,0,0
1756702508,2434,0.0,0.0,-0.02,0.0,0.0,0.0,0.0,0.0,0,0,0
1756702508,2435,0.0,0.0,0.0,0.0,0.0,0.0,0.0,0.0,0,0,0
1756702508,2436,0.0,0.0,0.0,0.0,0.0,0.0,0.0,0.0,0,0,0
1756702508,2437,0.05,0.0,0.0,0.0,0.0,0.0,0.0,0.0,0,0,0
1756702508,2438,0.0,0.0,0.01,0.0,0.0,0.0,0.0,0.0,0,0,0
1756702508,2439,0.0,0.0,-0.01,0.0,0.0,0.0,0.0,0.0,0,0,0
1756702508,2440,0.0,0.0,0.0,0.0,0.0,0.0,0.0,0.0,0,0,0
1756702508,2441,0.02,0.0,0.0,0.0,0.0,0.0,0.0,0.0,0,0,0
1756702508,2442,-0.05,0.0,-0.01,0.0,0.0,0.0,0.0,0.0,0,0,0
1756702508,2443,0.01,0.0,0.05,0.0,0.0,0.0,0.0,0.0,0,0,0
1756702508,2444,0.05,0.0,0.0,0.0,0.0,0.0,0.0,0.0,0,0,0
1756702508,2445,-0.02,0.0,0.0,0.0,0.0,0.0,0.0,0.0,0,0,0
1756702508,2446,0.0,0.0,0.0,0.0,0.0,0.0,0.0,0.0,0,0,0
1756702508,2447,0.02,0.0,0.0,0.0,0.0,0.0,0.0,0.0,0,0,0
1756702508,2448,0.01,0.0,-0.01,0.0,0.0,0.0,0.0,0.0,0,0,0
1756702508,2449,0.0,0.0,0.0,0.0,0.0,0.0,0.0,0.0,0,0,0
1756702508,2450,0.03,0.0,-0.03,0.0,0.0,0.0,0.0,0.0,0,0,0
1756702508,2451,0.01,0.0,-0.01,0.0,0.0,0.0,0.0,0.0,0,0,0
1756702508,2452,0.01,0.0,0.05,0.0,0.0,0.0,0.0,0.0,0,0,0
1756702508,2453,0.01,0.0,0.01,0.0,0.0,0.0,0.0,0.0,0,0,0
1756702508,2454,0.0,0.0,-0.03,0.0,0.0,0.0,0.0,0.0,0,0,0
1756702508,2455,0.03,0.0,-0.02,0.0,0.0,0.0,0.0,0.0,0,0,0
1756702508,2456,0.05,0.0,0.0,0.0,0.0,0.0,0.0,0.0,0,0,0
1756702508,2457,0.02,0.0,-0.02,0.0,0.0,0.0,0.0,0.0,0,0,0
1756702508,2458,-0.02,0.0,0.0,0.0,0.0,0.0,0.0,0.0,0,0,0
1756702508,2459,0.0,0.0,0.0,0.0,0.0,0.0,0.0,0.0,0,0,0
1756702508,2460,0.0,0.0,0.0,0.0,0.0,0.0,0.0,0.0,0,0,0
1756702508,2461,0.0,0.0,-0.02,0.0,0.0,0.0,0.0,0.0,0,0,0
1756702508,2462,0.0,0.0,0.0,0.0,0.0,0.0,0.0,0.0,0,0,0
1756702508,2463,-0.03,0.0,-0.05,0.0,0.0,0.0,0.0,0.0,0,0,0
1756702508,2464,0.0,0.0,0.0,0.0,0.0,0.0,0.0,0.0,0,0,0
1756702508,2465,0.0,0.0,0.0,0.0,0.0,0.0,0.0,0.0,0,0,0
1756702508,2466,0.0,0.0,0.0,0.0,0.0,0.0,0.0,0.0,0,0,0
1756702508,2467,0.02,0.0,0.03,0.0,0.0,0.0,0.0,0.0,0,0,0
1756702508,2468,0.0,0.0,0.0,0.0,0.0,0.0,0.0,0.0,0,0,0
1756702508,2469,0.0,0.0,-0.02,0.0,0.0,0.0,0.0,0.0,0,0,0
1756702508,2470,0.0,0.0,0.0,0.0,0.0,0.0,0.0,0.0,0,0,0
1756702508,2471,-0.01,0.0,-0.02,0.0,0.0,0.0,0.0,0.0,0,0,0
1756702508,2472,-0.03,0.0,0.0,0.0,0.0,0.0,0.0,0.0,0,0,0
1756702508,2473,0.01,0.0,0.0,0.0,0.0,0.0,0.0,0.0,0,0,0
1756702508,2474,0.0,0.0,0.0,0.0,0.0,0.0,0.0,0.0,0,0,0
1756702508,2475,-0.12,0.0,0.0,0.0,0.0,0.0,0.0,0.0,0,0,0
1756702508,2476,0.05,0.0,0.0,0.0,0.0,0.0,0.0,0.0,0,0,0
1756702508,2477,0.05,0.0,0.0,0.0,0.0,0.0,0.0,0.0,0,0,0
1756702508,2478,0.07,0.0,0.03,0.0,0.0,0.0,0.0,0.0,0,0,0
1756702508,2479,0.03,0.0,0.0,0.0,0.0,0.0,0.0,0.0,0,0,0
1756702508,2480,0.1,0.0,0.0,0.0,0.0,0.0,0.0,0.0,0,0,0
1756702508,2481,0.0,0.0,0.01,0.0,0.0,0.0,0.0,0.0,0,0,0
1756702508,2482,0.0,0.0,0.0,0.0,0.0,0.0,0.0,0.0,0,0,0
1756702508,2483,0.03,0.0,-0.02,0.0,0.0,0.0,0.0,0.0,0,0,0
1756702508,2484,-0.01,0.0,0.0,0.0,0.0,0.0,0.0,0.0,0,0,0
1756702508,2485,0.03,0.0,0.0,0.0,0.0,0.0,0.0,0.0,0,0,0
1756702508,2486,0.0,0.0,0.0,0.0,0.0,0.0,0.0,0.0,0,0,0
1756702508,2487,0.0,0.0,-0.03,0.0,0.0,0.0,0.0,0.0,0,0,0
1756702508,2488,0.0,0.0,0.0,0.0,0.0,0.0,0.0,0.0,0,0,0
1756702508,2489,0.0,0.0,0.0,0.0,0.0,0.0,0.0,0.0,0,0,0
1756702508,2490,0.02,0.0,0.0,0.0,0.0,0.0,0.0,0.0,0,0,0
1756702508,2491,-0.05,0.0,0.01,0.0,0.0,0.0,0.0,0.0,0,0,0
1756702508,2492,0.0,0.0,0.0,0.0,0.0,0.0,0.0,0.0,0,0,0
1756702508,2493,-0.02,0.0,0.0,0.0,0.0,0.0,0.0,0.0,0,0,0
1756702508,2494,-0.01,0.0,0.0,0.0,0.0,0.0,0.0,0.0,0,0,0
1756702508,2495,0.01,0.0,0.0,0.0,0.0,0.0,0.0,0.0,0,0,0
1756702508,2496,0.0,0.0,0.0,0.0,0.0,0.0,0.0,0.0,0,0,0
1756702508,2497,0.03,0.0,-0.02,0.0,0.0,0.0,0.0,0.0,0,0,0
1756702508,2498,-0.01,0.0,-0.01,0.0,0.0,0.0,0.0,0.0,0,0,0
1756702508,2499,0.05,0.0,0.0,0.0,0.0,0.0,0.0,0.0,0,0,0
1756702508,2500,-0.02,0.0,0.0,0.0,0.0,0.0,0.0,0.0,0,0,0
1756702509,2501,0.01,0.0,-0.02,0.0,0.0,0.0,0.0,0.0,0,0,0
1756702509,2502,0.0,0.0,0.01,0.0,0.0,0.0,0.0,0.0,0,0,0
1756702509,2503,0.0,0.0,-0.01,0.0,0.0,0.0,0.0,0.0,0,0,0
1756702509,2504,0.0,0.0,0.01,0.0,0.0,0.0,0.0,0.0,0,0,0
1756702509,2505,0.0,0.0,0.0,0.0,0.0,0.0,0.0,0.0,0,0,0
1756702509,2506,0.0,0.0,0.0,0.0,0.0,0.0,0.0,0.0,0,0,0
1756702509,2507,0.0,0.0,0.0,0.0,0.0,0.0,0.0,0.0,0,0,0
1756702509,2508,0.0,0.0,0.0,0.0,0.0,0.0,0.0,0.0,0,0,0
1756702509,2509,0.01,0.0,-0.01,0.0,0.0,0.0,0.0,0.0,0,0,0
1756702509,2510,0.03,0.0,0.0,0.0,0.0,0.0,0.0,0.0,0,0,0
1756702509,2511,0.01,0.0,0.0,0.0,0.0,0.0,0.0,0.0,0,0,0
1756702509,2512,0.01,0.0,-0.01,0.0,0.0,0.0,0.0,0.0,0,0,0
1756702509,2513,0.1,0.0,0.07,0.0,0.0,0.0,0.0,0.0,0,0,0
1756702509,2514,0.0,0.0,0.0,0.0,0.0,0.0,0.0,0.0,0,0,0
1756702509,2515,0.0,0.0,-0.03,0.0,0.0,0.0,0.0,0.0,0,0,0
1756702509,2516,-0.01,0.0,-0.02,0.0,0.0,0.0,0.0,0.0,0,0,0
1756702509,2517,0.0,0.0,-0.01,0.0,0.0,0.0,0.0,0.0,0,0,0
1756702509,2518,-0.01,0.0,-0.01,0.0,0.0,0.0,0.0,0.0,0,0,0
1756702509,2519,-0.09,0.0,0.0,0.0,0.0,0.0,0.0,0.0,0,0,0
1756702509,2520,0.0,0.0,0.0,0.0,0.0,0.0,0.0,0.0,0,0,0
1756702509,2521,0.02,0.0,-0.03,0.0,0.0,0.0,0.0,0.0,0,0,0
1756702509,2522,0.0,0.0,0.02,0.0,0.0,0.0,0.0,0.0,0,0,0
1756702509,2523,0.1,0.0,0.0,0.0,0.0,0.0,0.0,0.0,0,0,0
1756702509,2524,0.01,0.0,-0.05,0.0,0.0,0.0,0.0,0.0,0,0,0
1756702509,2525,0.07,0.0,-0.03,0.0,0.0,0.0,0.0,0.0,0,0,0
1756702509,2526,0.01,0.0,-0.05,0.0,0.0,0.0,0.0,0.0,0,0,0
1756702509,2527,0.1,0.0,-0.01,0.0,0.0,0.0,0.0,0.0,0,0,0
1756702509,2528,0.01,0.0,0.01,0.0,0.0,0.0,0.0,0.0,0,0,0
1756702509,2529,0.0,0.0,-0.05,0.0,0.0,0.0,0.0,0.0,0,0,0
1756702509,2530,0.0,0.0,-0.03,0.0,0.0,0.0,0.0,0.0,0,0,0
1756702509,2531,-0.01,0.0,0.0,0.0,0.0,0.0,0.0,0.0,0,0,0
1756702509,2532,-0.03,0.0,0.01,0.0,0.0,0.0,0.0,0.0,0,0,0
1756702509,2533,-0.09,0.0,0.0,0.0,0.0,0.0,0.0,0.0,0,0,0
1756702509,2534,-0.01,0.0,-0.02,0.0,0.0,0.0,0.0,0.0,0,0,0
1756702509,2535,0.0,0.0,0.0,0.0,0.0,0.0,0.0,0.0,0,0,0
1756702509,2536,0.0,0.0,0.0,0.0,0.0,0.0,0.0,0.0,0,0,0
1756702509,2537,0.0,0.0,0.0,0.0,0.0,0.0,0.0,0.0,0,0,0
1756702509,2538,0.0,0.0,0.0,0.0,0.0,0.0,0.0,0.0,0,0,0
1756702509,2539,0.0,0.0,0.0,0.0,0.0,0.0,0.0,0.0,0,0,0
1756702509,2540,0.01,0.0,0.0,0.0,0.0,0.0,0.0,0.0,0,0,0
1756702509,2541,0.0,0.0,0.0,0.0,0.0,0.0,0.0,0.0,0,0,0
1756702509,2542,0.0,0.0,-0.05,0.0,0.0,0.0,0.0,0.0,0,0,0
1756702509,2543,0.03,0.0,0.03,0.0,0.0,0.0,0.0,0.0,0,0,0
1756702509,2544,0.07,0.0,-0.02,0.0,0.0,0.0,0.0,0.0,0,0,0
1756702509,2545,0.0,0.0,0.02,0.0,0.0,0.0,0.0,0.0,0,0,0
1756702509,2546,0.02,0.0,0.0,0.0,0.0,0.0,0.0,0.0,0,0,0
1756702509,2547,0.02,0.0,0.0,0.0,0.0,0.0,0.0,0.0,0,0,0
1756702509,2548,0.0,0.0,0.0,0.0,0.0,0.0,0.0,0.0,0,0,0
1756702509,2549,0.0,0.0,-0.02,0.0,0.0,0.0,0.0,0.0,0,0,0
1756702509,2550,0.02,0.0,-0.01,0.0,0.0,0.0,0.0,0.0,0,0,0
1756702509,2551,0.0,0.0,0.0,0.0,0.0,0.0,0.0,0.0,0,0,0
1756702509,2552,0.1,0.0,0.0,0.0,0.0,0.0,0.0,0.0,0,0,0
1756702509,2553,0.05,0.0,0.0,0.0,0.0,0.0,0.0,0.0,0,0,0
1756702509,2554,-0.02,0.0,0.0,0.0,0.0,0.0,0.0,0.0,0,0,0
1756702509,2555,-0.02,0.0,0.0,0.0,0.0,0.0,0.0,0.0,0,0,0
1756702509,2556,0.0,0.0,0.0,0.0,0.0,0.0,0.0,0.0,0,0,0
1756702509,2557,0.0,0.0,0.01,0.0,0.0,0.0,0.0,0.0,0,0,0
1756702509,2558,-0.07,0.0,0.0,0.0,0.0,0.0,0.0,0.0,0,0,0
1756702509,2559,0.02,0.0,0.02,0.0,0.0,0.0,0.0,0.0,0,0,0
1756702509,2560,0.0,0.0,0.01,0.0,0.0,0.0,0.0,0.0,0,0,0
1756702509,2561,0.0,0.0,0.0,0.0,0.0,0.0,0.0,0.0,0,0,0
1756702509,2562,0.0,0.0,0.01,0.0,0.0,0.0,0.0,0.0,0,0,0
1756702509,2563,0.02,0.0,0.0,0.0,0.0,0.0,0.0,0.0,0,0,0
1756702509,2564,0.0,0.0,0.01,0.0,0.0,0.0,0.0,0.0,0,0,0
1756702510,2565,-0.02,0.0,0.0,0.0,0.0,0.0,0.0,0.0,0,0,0
1756702510,2566,0.0,0.0,-0.01,0.0,0.0,0.0,0.0,0.0,0,0,0
1756702510,2567,0.07,0.0,-0.05,0.0,0.0,0.0,0.0,0.0,0,0,0
1756702510,2568,0.0,0.0,0.0,0.0,0.0,0.0,0.0,0.0,0,0,0
1756702510,2569,-0.01,0.0,-0.03,0.0,0.0,0.0,0.0,0.0,0,0,0
1756702510,2570,0.0,0.0,0.0,0.0,0.0,0.0,0.0,0.0,0,0,0
1756702510,2571,0.0,0.0,0.0,0.0,0.0,0.0,0.0,0.0,0,0,0
1756702510,2572,0.0,0.0,-0.01,0.0,0.0,0.0,0.0,0.0,0,0,0
1756702510,2573,0.01,0.0,0.0,0.0,0.0,0.0,0.0,0.0,0,0,0
1756702510,2574,0.0,0.0,0.0,0.0,0.0,0.0,0.0,0.0,0,0,0
1756702510,2575,0.0,0.0,0.0,0.0,0.0,0.0,0.0,0.0,0,0,0
1756702510,2576,-0.02,0.0,-0.01,0.0,0.0,0.0,0.0,0.0,0,0,0
1756702510,2577,0.0,0.0,0.0,0.0,0.0,0.0,0.0,0.0,0,0,0
1756702510,2578,0.01,0.0,-0.05,0.0,0.0,0.0,0.0,0.0,0,0,0
1756702510,2579,-0.01,0.0,-0.02,0.0,0.0,0.0,0.0,0.0,0,0,0
1756702510,2580,0.0,0.0,-0.01,0.0,0.0,0.0,0.0,0.0,0,0,0
1756702510,2581,0.0,0.0,-0.05,0.0,0.0,0.0,0.0,0.0,0,0,0
1756702510,2582,0.05,0.0,0.0,0.0,0.0,0.0,0.0,0.0,0,0,0
1756702510,2583,0.0,0.0,0.0,0.0,0.0,0.0,0.0,0.0,0,0,0
1756702510,2584,-0.09,0.0,0.0,0.0,0.0,0.0,0.0,0.0,0,0,0
1756702510,2585,0.0,0.0,0.0,0.0,0.0,0.0,0.0,0.0,0,0,0
1756702510,2586,0.0,0.0,0.0,0.0,0.0,0.0,0.0,0.0,0,0,0
1756702510,2587,0.05,0.0,0.0,0.0,0.0,0.0,0.0,0.0,0,0,0
1756702510,2588,0.07,0.0,-0.02,0.0,0.0,0.0,0.0,0.0,0,0,0
1756702510,2589,-0.07,0.0,0.03,0.0,0.0,0.0,0.0,0.0,0,0,0
1756702510,2590,0.05,0.0,0.0,0.0,0.0,0.0,0.0,0.0,0,0,0
1756702510,2591,0.0,0.0,-0.02,0.0,0.0,0.0,0.0,0.0,0,0,0
1756702510,2592,0.0,0.0,0.0,0.0,0.0,0.0,0.0,0.0,0,0,0
1756702510,2593,0.0,0.0,-0.01,0.0,0.0,0.0,0.0,0.0,0,0,0
1756702510,2594,0.0,0.0,-0.01,0.0,0.0,0.0,0.0,0.0,0,0,0
1756702510,2595,0.0,0.0,0.0,0.0,0.0,0.0,0.0,0.0,0,0,0
1756702510,2596,0.02,0.0,0.0,0.0,0.0,0.0,0.0,0.0,0,0,0
1756702510,2597,0.0,0.0,0.0,0.0,0.0,0.0,0.0,0.0,0,0,0
1756702510,2598,0.02,0.0,0.01,0.0,0.0,0.0,0.0,0.0,0,0,0
1756702510,2599,0.0,0.0,0.0,0.0,0.0,0.0,0.0,0.0,0,0,0
1756702510,2600,0.01,0.0,0.0,0.0,0.0,0.0,0.0,0.0,0,0,0
1756702510,2601,0.02,0.0,-0.03,0.0,0.0,0.0,0.0,0.0,0,0,0
1756702510,2602,0.0,0.0,0.0,0.0,0.0,0.0,0.0,0.0,0,0,0
1756702510,2603,0.05,0.0,0.0,0.0,0.0,0.0,0.0,0.0,0,0,0
1756702510,2604,0.0,0.0,0.0,0.0,0.0,0.0,0.0,0.0,0,0,0
1756702510,2605,0.02,0.0,0.0,0.0,0.0,0.0,0.0,0.0,0,0,0
1756702510,2606,0.02,0.0,0.0,0.0,0.0,0.0,0.0,0.0,0,0,0
1756702510,2607,-0.18,0.0,-0.02,0.0,0.0,0.0,0.0,0.0,0,0,0
1756702510,2608,0.0,0.0,0.02,0.0,0.0,0.0,0.0,0.0,0,0,0
1756702510,2609,0.05,0.0,0.0,0.0,0.0,0.0,0.0,0.0,0,0,0
1756702510,2610,0.0,0.0,-0.02,0.0,0.0,0.0,0.0,0.0,0,0,0
1756702510,2611,0.02,0.0,-0.05,0.0,0.0,0.0,0.0,0.0,0,0,0
1756702510,2612,0.0,0.0,0.01,0.0,0.0,0.0,0.0,0.0,0,0,0
1756702510,2613,-0.01,0.0,0.02,0.0,0.0,0.0,0.0,0.0,0,0,0
1756702510,2614,-0.01,0.0,0.0,0.0,0.0,0.0,0.0,0.0,0,0,0
1756702510,2615,0.09,0.0,0.0,0.0,0.0,0.0,0.0,0.0,0,0,0
1756702510,2616,0.0,0.0,0.01,0.0,0.0,0.0,0.0,0.0,0,0,0
1756702510,2617,0.0,0.0,-0.01,0.0,0.0,0.0,0.0,0.0,0,0,0
1756702510,2618,0.0,0.0,-0.05,0.0,0.0,0.0,0.0,0.0,0,0,0
1756702510,2619,0.03,0.0,-0.05,0.0,0.0,0.0,0.0,0.0,0,0,0
1756702510,2620,0.0,0.0,0.0,0.0,0.0,0.0,0.0,0.0,0,0,0
1756702510,2621,0.05,0.0,0.0,0.0,0.0,0.0,0.0,0.0,0,0,0
1756702510,2622,-0.01,0.0,0.0,0.0,0.0,0.0,0.0,0.0,0,0,0
1756702510,2623,0.0,0.0,0.0,0.0,0.0,0.0,0.0,0.0,0,0,0
1756702510,2624,0.0,0.0,0.0,0.0,0.0,0.0,0.0,0.0,0,0,0
1756702510,2625,0.05,0.0,-0.01,0.0,0.0,0.0,0.0,0.0,0,0,0
1756702510,2626,-0.05,0.0,-0.03,0.0,0.0,0.0,0.0,0.0,0,0,0
1756702510,2627,0.0,0.0,-0.01,0.0,0.0,0.0,0.0,0.0,0,0,0
1756702510,2628,0.0,0.0,-0.09,0.0,0.0,0.0,0.0,0.0,0,0,0
1756702510,2629,0.11,0.0,0.01,0.0,0.0,0.0,0.0,0.0,0,0,0
1756702510,2630,-0.01,0.0,0.0,0.0,0.0,0.0,0.0,0.0,0,0,0
1756702511,2631,0.0,0.0,0.0,0.0,0.0,0.0,0.0,0.0,0,0,0
1756702511,2632,-0.02,0.0,0.03,0.0,0.0,0.0,0.0,0.0,0,0,0
1756702511,2633,-0.01,0.0,-0.03,0.0,0.0,0.0,0.0,0.0,0,0,0
1756702511,2634,-0.01,0.0,0.0,0.0,0.0,0.0,0.0,0.0,0,0,0
1756702511,2635,0.0,0.0,0.05,0.0,0.0,0.0,0.0,0.0,0,0,0
1756702511,2636,-0.05,0.0,0.0,0.0,0.0,0.0,0.0,0.0,0,0,0
1756702511,2637,0.01,0.0,0.0,0.0,0.0,0.0,0.0,0.0,0,0,0
1756702511,2638,0.03,0.0,0.03,0.0,0.0,0.0,0.0,0.0,0,0,0
1756702511,2639,0.0,0.0,0.02,0.0,0.0,0.0,0.0,0.0,0,0,0
1756702511,2640,0.0,0.0,-0.02,0.0,0.0,0.0,0.0,0.0,0,0,0
1756702511,2641,0.0,0.0,0.0,0.0,0.0,0.0,0.0,0.0,0,0,0
1756702511,2642,0.0,0.0,-0.01,0.0,0.0,0.0,0.0,0.0,0,0,0
1756702511,2643,0.05,0.0,-0.02,0.0,0.0,0.0,0.0,0.0,0,0,0
1756702511,2644,-0.03,0.0,-0.02,0.0,0.0,0.0,0.0,0.0,0,0,0
1756702511,2645,0.0,0.0,0.0,0.0,0.0,0.0,0.0,0.0,0,0,0
1756702511,2646,0.0,0.0,0.0,0.0,0.0,0.0,0.0,0.0,0,0,0
1756702511,2647,0.0,0.0,0.0,0.0,0.0,0.0,0.0,0.0,0,0,0
1756702511,2648,0.0,0.0,-0.01,0.0,0.0,0.0,0.0,0.0,0,0,0
1756702511,2649,0.0,0.0,-0.02,0.0,0.0,0.0,0.0,0.0,0,0,0
1756702511,2650,0.02,0.0,0.0,0.0,0.0,0.0,0.0,0.0,0,0,0
1756702511,2651,0.0,0.0,0.01,0.0,0.0,0.0,0.0,0.0,0,0,0
1756702511,2652,0.0,0.0,0.01,0.0,0.0,0.0,0.0,0.0,0,0,0
1756702511,2653,0.0,0.0,0.0,0.0,0.0,0.0,0.0,0.0,0,0,0
1756702511,2654,0.02,0.0,0.0,0.0,0.0,0.0,0.0,0.0,0,0,0
1756702511,2655,-0.01,0.0,-0.1,0.0,0.0,0.0,0.0,0.0,0,0,0
1756702511,2656,-0.01,0.0,0.02,0.0,0.0,0.0,0.0,0.0,0,0,0
1756702511,2657,0.03,0.0,0.0,0.0,0.0,0.0,0.0,0.0,0,0,0
1756702511,2658,0.0,0.0,-0.02,0.0,0.0,0.0,0.0,0.0,0,0,0
1756702511,2659,0.1,0.0,0.0,0.0,0.0,0.0,0.0,0.0,0,0,0
1756702511,2660,0.0,0.0,-0.02,0.0,0.0,0.0,0.0,0.0,0,0,0
1756702511,2661,0.0,0.0,0.0,0.0,0.0,0.0,0.0,0.0,0,0,0
1756702511,2662,0.0,0.0,-0.01,0.0,0.0,0.0,0.0,0.0,0,0,0
1756702511,2663,0.0,0.0,0.0,0.0,0.0,0.0,0.0,0.0,0,0,0
1756702511,2664,0.03,0.0,-0.1,0.0,0.0,0.0,0.0,0.0,0,0,0
1756702511,2665,0.02,0.0,0.0,0.0,0.0,0.0,0.0,0.0,0,0,0
1756702511,2666,0.0,0.0,0.07,0.0,0.0,0.0,0.0,0.0,0,0,0
1756702511,2667,0.0,0.0,0.0,0.0,0.0,0.0,0.0,0.0,0,0,0
1756702511,2668,0.02,0.0,0.01,0.0,0.0,0.0,0.0,0.0,0,0,0
1756702511,2669,-0.03,0.0,0.03,0.0,0.0,0.0,0.0,0.0,0,0,0
1756702511,2670,-0.01,0.0,0.0,0.0,0.0,0.0,0.0,0.0,0,0,0
1756702511,2671,0.0,0.0,0.0,0.0,0.0,0.0,0.0,0.0,0,0,0
1756702511,2672,-0.02,0.0,0.0,0.0,0.0,0.0,0.0,0.0,0,0,0
1756702511,2673,0.0,0.0,0.01,0.0,0.0,0.0,0.0,0.0,0,0,0
1756702511,2674,0.07,0.0,0.0,0.0,0.0,0.0,0.0,0.0,0,0,0
1756702511,2675,0.01,0.0,-0.02,0.0,0.0,0.0,0.0,0.0,0,0,0
1756702511,2676,0.0,0.0,0.0,0.0,0.0,0.0,0.0,0.0,0,0,0
1756702511,2677,-0.03,0.0,0.0,0.0,0.0,0.0,0.0,0.0,0,0,0
1756702511,2678,0.0,0.0,0.0,0.0,0.0,0.0,0.0,0.0,0,0,0
1756702511,2679,0.02,0.0,0.0,0.0,0.0,0.0,0.0,0.0,0,0,0
1756702511,2680,0.0,0.0,0.01,0.0,0.0,0.0,0.0,0.0,0,0,0
1756702511,2681,0.0,0.0,-0.05,0.0,0.0,0.0,0.0,0.0,0,0,0
1756702511,2682,0.01,0.0,-0.07,0.0,0.0,0.0,0.0,0.0,0,0,0
1756702511,2683,0.0,0.0,0.0,0.0,0.0,0.0,0.0,0.0,0,0,0
1756702511,2684,0.01,0.0,0.0,0.0,0.0,0.0,0.0,0.0,0,0,0
1756702511,2685,-0.01,0.0,0.0,0.0,0.0,0.0,0.0,0.0,0,0,0
1756702511,2686,0.0,0.0,0.0,0.0,0.0,0.0,0.0,0.0,0,0,0
1756702511,2687,0.0,0.0,0.0,0.0,0.0,0.0,0.0,0.0,0,0,0
1756702511,2688,0.0,0.0,0.03,0.0,0.0,0.0,0.0,0.0,0,0,0
1756702511,2689,0.0,0.0,-0.03,0.0,0.0,0.0,0.0,0.0,0,0,0
1756702511,2690,-0.02,0.0,-0.01,0.0,0.0,0.0,0.0,0.0,0,0,0
1756702511,2691,0.0,0.0,0.0,0.0,0.0,0.0,0.0,0.0,0,0,0
1756702511,2692,0.03,0.0,0.0,0.0,0.0,0.0,0.0,0.0,0,0,0
1756702511,2693,0.02,0.0,-0.03,0.0,0.0,0.0,0.0,0.0,0,0,0
1756702511,2694,-0.05,0.0,0.0,0.0,0.0,0.0,0.0,0.0,0,0,0
1756702512,2695,0.0,0.0,0.0,0.0,0.0,0.0,0.0,0.0,0,0,0
1756702512,2696,0.0,0.0,0.0,0.0,0.0,0.0,0.0,0.0,0,0,0
1756702512,2697,0.0,0.0,-0.07,0.0,0.0,0.0,0.0,0.0,0,0,0
1756702512,2698,0.03,0.0,0.02,0.0,0.0,0.0,0.0,0.0,0,0,0
1756702512,2699,0.01,0.0,0.02,0.0,0.0,0.0,0.0,0.0,0,0,0
1756702512,2700,-0.07,0.0,0.0,0.0,0.0,0.0,0.0,0.0,0,0,0
1756702512,2701,0.03,0.0,-0.01,0.0,0.0,0.0,0.0,0.0,0,0,0
1756702512,2702,0.0,0.0,-0.1,0.0,0.0,0.0,0.0,0.0,0,0,0
1756702512,2703,0.02,0.0,-0.05,0.0,0.0,0.0,0.0,0.0,0,0,0
1756702512,2704,-0.01,0.0,0.03,0.0,0.0,0.0,0.0,0.0,0,0,0
1756702512,2705,0.0,0.0,0.05,0.0,0.0,0.0,0.0,0.0,0,0,0
1756702512,2706,0.0,0.0,0.03,0.0,0.0,0.0,0.0,0.0,0,0,0
1756702512,2707,0.0,0.0,0.02,0.0,0.0,0.0,0.0,0.0,0,0,0
1756702512,2708,0.01,0.0,0.0,0.0,0.0,0.0,0.0,0.0,0,0,0
1756702512,2709,0.0,0.0,-0.15,0.0,0.0,0.0,0.0,0.0,0,0,0
1756702512,2710,0.1,0.0,0.0,0.0,0.0,0.0,0.0,0.0,0,0,0
1756702512,2711,0.0,0.0,-0.03,0.0,0.0,0.0,0.0,0.0,0,0,0
1756702512,2712,0.0,0.0,-0.01,0.0,0.0,0.0,0.0,0.0,0,0,0
1756702512,2713,0.0,0.0,-0.02,0.0,0.0,0.0,0.0,0.0,0,0,0
1756702512,2714,0.05,0.0,0.0,0.0,0.0,0.0,0.0,0.0,0,0,0
1756702512,2715,0.1,0.0,-0.02,0.0,0.0,0.0,0.0,0.0,0,0,0
1756702512,2716,0.02,0.0,-0.01,0.0,0.0,0.0,0.0,0.0,0,0,0
1756702512,2717,-0.02,0.0,0.0,0.0,0.0,0.0,0.0,0.0,0,0,0
1756702512,2718,0.0,0.0,-0.01,0.0,0.0,0.0,0.0,0.0,0,0,0
1756702512,2719,0.0,0.0,-0.01,0.0,0.0,0.0,0.0,0.0,0,0,0
1756702512,2720,0.0,0.0,0.05,0.0,0.0,0.0,0.0,0.0,0,0,0
1756702512,2721,0.02,0.0,-0.02,0.0,0.0,0.0,0.0,0.0,0,0,0
1756702512,2722,0.0,0.0,0.0,0.0,0.0,0.0,0.0,0.0,0,0,0
1756702512,2723,0.0,0.0,0.0,0.0,0.0,0.0,0.0,0.0,0,0,0
1756702512,2724,-0.03,0.0,0.0,0.0,0.0,0.0,0.0,0.0,0,0,0
1756702512,2725,0.0,0.0,0.0,0.0,0.0,0.0,0.0,0.0,0,0,0
1756702512,2726,0.0,0.0,0.0,0.0,0.0,0.0,0.0,0.0,0,0,0
1756702512,2727,0.01,0.0,-0.02,0.0,0.0,0.0,0.0,0.0,0,0,0
1756702512,2728,0.01,0.0,0.0,0.0,0.0,0.0,0.0,0.0,0,0,0
1756702512,2729,-0.01,0.0,0.0,0.0,0.0,0.0,0.0,0.0,0,0,0
1756702512,2730,0.0,0.0,0.0,0.0,0.0,0.0,0.0,0.0,0,0,0
1756702512,2731,-0.01,0.0,0.01,0.0,0.0,0.0,0.0,0.0,0,0,0
1756702512,2732,0.0,0.0,0.0,0.0,0.0,0.0,0.0,0.0,0,0,0
1756702512,2733,0.01,0.0,-0.07,0.0,0.0,0.0,0.0,0.0,0,0,0
1756702512,2734,0.0,0.0,-0.03,0.0,0.0,0.0,0.0,0.0,0,0,0
1756702512,2735,0.0,0.0,-0.01,0.0,0.0,0.0,0.0,0.0,0,0,0
1756702512,2736,0.02,0.0,0.0,0.0,0.0,0.0,0.0,0.0,0,0,0
1756702512,2737,-0.02,0.0,-0.03,0.0,0.0,0.0,0.0,0.0,0,0,0
1756702512,2738,0.0,0.0,0.0,0.0,0.0,0.0,0.0,0.0,0,0,0
1756702512,2739,0.0,0.0,0.0,0.0,0.0,0.0,0.0,0.0,0,0,0
1756702512,2740,0.01,0.0,-0.01,0.0,0.0,0.0,0.0,0.0,0,0,0
1756702512,2741,0.03,0.0,0.0,0.0,0.0,0.0,0.0,0.0,0,0,0
1756702512,2742,0.0,0.0,0.0,0.0,0.0,0.0,0.0,0.0,0,0,0
1756702512,2743,0.0,0.0,-0.01,0.0,0.0,0.0,0.0,0.0,0,0,0
1756702512,2744,0.0,0.0,0.0,0.0,0.0,0.0,0.0,0.0,0,0,0
1756702512,2745,-0.03,0.0,0.0,0.0,0.0,0.0,0.0,0.0,0,0,0
1756702512,2746,-0.05,0.0,-0.12,0.0,0.0,0.0,0.0,0.0,0,0,0
1756702512,2747,0.01,0.0,-0.02,0.0,0.0,0.0,0.0,0.0,0,0,0
1756702512,2748,0.02,0.0,-0.09,0.0,0.0,0.0,0.0,0.0,0,0,0
1756702512,2749,0.0,0.0,-0.07,0.0,0.0,0.0,0.0,0.0,0,0,0
1756702512,2750,-0.02,0.0,0.0,0.0,0.0,0.0,0.0,0.0,0,0,0
1756702512,2751,0.0,0.0,0.07,0.0,0.0,0.0,0.0,0.0,0,0,0
1756702512,2752,0.05,0.0,0.0,0.0,0.0,0.0,0.0,0.0,0,0,0
1756702512,2753,-0.01,0.0,0.0,0.0,0.0,0.0,0.0,0.0,0,0,0
1756702512,2754,0.0,0.0,-0.02,0.0,0.0,0.0,0.0,0.0,0,0,0
1756702512,2755,-0.03,0.0,0.0,0.0,0.0,0.0,0.0,0.0,0,0,0
1756702512,2756,0.0,0.0,-0.03,0.0,0.0,0.0,0.0,0.0,0,0,0
1756702512,2757,-0.05,0.0,0.01,0.0,0.0,0.0,0.0,0.0,0,0,0
1756702512,2758,0.0,0.0,-0.1,0.0,0.0,0.0,0.0,0.0,0,0,0
1756702512,2759,-0.01,0.0,0.0,0.0,0.0,0.0,0.0,0.0,0,0,0
1756702512,2760,0.0,0.0,0.0,0.0,0.0,0.0,0.0,0.0,0,0,0
1756702512,2761,0.01,0.0,0.0,0.0,0.0,0.0,0.0,0.0,0,0,0
1756702512,2762,0.03,0.0,0.0,0.0,0.0,0.0,0.0,0.0,0,0,0
1756702513,2763,0.0,0.0,0.0,0.0,0.0,0.0,0.0,0.0,0,0,0
1756702513,2764,0.01,0.0,0.02,0.0,0.0,0.0,0.0,0.0,0,0,0
1756702513,2765,0.02,0.0,-0.05,0.0,0.0,0.0,0.0,0.0,0,0,0
1756702513,2766,-0.01,0.0,0.07,0.0,0.0,0.0,0.0,0.0,0,0,0
1756702513,2767,0.07,0.0,0.0,0.0,0.0,0.0,0.0,0.0,0,0,0
1756702513,2768,0.0,0.0,0.0,0.0,0.0,0.0,0.0,0.0,0,0,0
1756702513,2769,0.0,0.0,-0.05,0.0,0.0,0.0,0.0,0.0,0,0,0
1756702513,2770,0.0,0.0,-0.01,0.0,0.0,0.0,0.0,0.0,0,0,0
1756702513,2771,0.0,0.0,-0.01,0.0,0.0,0.0,0.0,0.0,0,0,0
1756702513,2772,0.1,0.0,-0.03,0.0,0.0,0.0,0.0,0.0,0,0,0
1756702513,2773,-0.03,0.0,0.02,0.0,0.0,0.0,0.0,0.0,0,0,0
1756702513,2774,-0.03,0.0,0.0,0.0,0.0,0.0,0.0,0.0,0,0,0
1756702513,2775,0.0,0.0,0.03,0.0,0.0,0.0,0.0,0.0,0,0,0
1756702513,2776,0.0,0.0,0.1,0.0,0.0,0.0,0.0,0.0,0,0,0
1756702513,2777,0.07,0.0,0.03,0.0,0.0,0.0,0.0,0.0,0,0,0
1756702513,2778,0.0,0.0,0.07,0.0,0.0,0.0,0.0,0.0,0,0,0
1756702513,2779,0.01,0.0,0.09,0.0,0.0,0.0,0.0,0.0,0,0,0
1756702513,2780,-0.03,0.0,0.05,0.0,0.0,0.0,0.0,0.0,0,0,0
1756702513,2781,0.03,0.0,0.02,0.0,0.0,0.0,0.0,0.0,0,0,0
1756702513,2782,0.0,0.0,0.0,0.0,0.0,0.0,0.0,0.0,0,0,0
1756702513,2783,0.03,0.0,0.03,0.0,0.0,0.0,0.0,0.0,0,0,0
1756702513,2784,-0.05,0.0,0.0,0.0,0.0,0.0,0.0,0.0,0,0,0
1756702513,2785,0.05,0.0,0.0,0.0,0.0,0.0,0.0,0.0,0,0,0
1756702513,2786,0.0,0.0,-0.11,0.0,0.0,0.0,0.0,0.0,0,0,0
1756702513,2787,0.0,0.0,-0.05,0.0,0.0,0.0,0.0,0.0,0,0,0
1756702513,2788,0.03,0.0,0.0,0.0,0.0,0.0,0.0,0.0,0,0,0
1756702513,2789,0.02,0.0,0.0,0.0,0.0,0.0,0.0,0.0,0,0,0
1756702513,2790,-0.02,0.0,0.0,0.0,0.0,0.0,0.0,0.0,0,0,0
1756702513,2791,-0.03,0.0,-0.03,0.0,0.0,0.0,0.0,0.0,0,0,0
1756702513,2792,-0.03,0.0,0.05,0.0,0.0,0.0,0.0,0.0,0,0,0
1756702513,2793,0.01,0.0,-0.05,0.0,0.0,0.0,0.0,0.0,0,0,0
1756702513,2794,0.0,0.0,0.0,0.0,0.0,0.0,0.0,0.0,0,0,0
1756702513,2795,0.02,0.0,0.01,0.0,0.0,0.0,0.0,0.0,0,0,0
1756702513,2796,0.0,0.0,-0.01,0.0,0.0,0.0,0.0,0.0,0,0,0
1756702513,2797,0.0,0.0,-0.01,0.0,0.0,0.0,0.0,0.0,0,0,0
1756702513,2798,0.05,0.0,-0.01,0.0,0.0,0.0,0.0,0.0,0,0,0
1756702513,2799,0.0,0.0,-0.02,0.0,0.0,0.0,0.0,0.0,0,0,0
1756702513,2800,0.05,0.0,-0.03,0.0,0.0,0.0,0.0,0.0,0,0,0
1756702513,2801,0.0,0.0,0.0,0.0,0.0,0.0,0.0,0.0,0,0,0
1756702513,2802,0.0,0.0,0.0,0.0,0.0,0.0,0.0,0.0,0,0,0
1756702513,2803,0.1,0.0,-0.01,0.0,0.0,0.0,0.0,0.0,0,0,0
1756702513,2804,0.0,0.0,0.02,0.0,0.0,0.0,0.0,0.0,0,0,0
1756702513,2805,0.0,0.0,-0.03,0.0,0.0,0.0,0.0,0.0,0,0,0
1756702513,2806,0.02,0.0,0.0,0.0,0.0,0.0,0.0,0.0,0,0,0
1756702513,2807,0.02,0.0,-0.01,0.0,0.0,0.0,0.0,0.0,0,0,0
1756702513,2808,-0.01,0.0,0.0,0.0,0.0,0.0,0.0,0.0,0,0,0
1756702513,2809,0.03,0.0,-0.03,0.0,0.0,0.0,0.0,0.0,0,0,0
1756702513,2810,0.0,0.0,0.0,0.0,0.0,0.0,0.0,0.0,0,0,0
1756702513,2811,0.03,0.0,0.01,0.0,0.0,0.0,0.0,0.0,0,0,0
1756702513,2812,0.05,0.0,0.0,0.0,0.0,0.0,0.0,0.0,0,0,0
1756702513,2813,0.01,0.0,-0.03,0.0,0.0,0.0,0.0,0.0,0,0,0
1756702513,2814,0.0,0.0,0.0,0.0,0.0,0.0,0.0,0.0,0,0,0
1756702513,2815,-0.02,0.0,0.0,0.0,0.0,0.0,0.0,0.0,0,0,0
1756702513,2816,0.02,0.0,0.0,0.0,0.0,0.0,0.0,0.0,0,0,0
1756702513,2817,0.01,0.0,0.0,0.0,0.0,0.0,0.0,0.0,0,0,0
1756702513,2818,0.0,0.0,0.0,0.0,0.0,0.0,0.0,0.0,0,0,0
1756702513,2819,0.0,0.0,0.0,0.0,0.0,0.0,0.0,0.0,0,0,0
1756702513,2820,0.02,0.0,-0.03,0.0,0.0,0.0,0.0,0.0,0,0,0
1756702513,2821,0.0,0.0,-0.01,0.0,0.0,0.0,0.0,0.0,0,0,0
1756702513,2822,0.0,0.0,0.0,0.0,0.0,0.0,0.0,0.0,0,0,0
1756702513,2823,0.0,0.0,0.0,0.0,0.0,0.0,0.0,0.0,0,0,0
1756702513,2824,0.09,0.0,0.0,0.0,0.0,0.0,0.0,0.0,0,0,0
1756702513,2825,0.02,0.0,0.0,0.0,0.0,0.0,0.0,0.0,0,0,0
1756702513,2826,-0.05,0.0,0.0,0.0,0.0,0.0,0.0,0.0,0,0,0
1756702513,2827,-0.07,0.0,-0.02,0.0,0.0,0.0,0.0,0.0,0,0,0
1756702513,2828,-0.03,0.0,-0.01,0.0,0.0,0.0,0.0,0.0,0,0,0
1756702514,2829,0.0,0.0,-0.02,0.0,0.0,0.0,0.0,0.0,0,0,0
1756702514,2830,-0.01,0.0,-0.01,0.0,0.0,0.0,0.0,0.0,0,0,0
1756702514,2831,-0.01,0.0,0.0,0.0,0.0,0.0,0.0,0.0,0,0,0
1756702514,2832,0.0,0.0,-0.03,0.0,0.0,0.0,0.0,0.0,0,0,0
1756702514,2833,0.02,0.0,-0.02,0.0,0.0,0.0,0.0,0.0,0,0,0
1756702514,2834,0.0,0.0,-0.01,0.0,0.0,0.0,0.0,0.0,0,0,0
1756702514,2835,0.0,0.0,-0.03,0.0,0.0,0.0,0.0,0.0,0,0,0
1756702514,2836,0.0,0.0,0.01,0.0,0.0,0.0,0.0,0.0,0,0,0
1756702514,2837,-0.03,0.0,-0.01,0.0,0.0,0.0,0.0,0.0,0,0,0
1756702514,2838,0.0,0.0,-0.07,0.0,0.0,0.0,0.0,0.0,0,0,0
1756702514,2839,0.05,0.0,-0.02,0.0,0.0,0.0,0.0,0.0,0,0,0
1756702514,2840,0.03,0.0,-0.01,0.0,0.0,0.0,0.0,0.0,0,0,0
1756702514,2841,0.0,0.0,0.0,0.0,0.0,0.0,0.0,0.0,0,0,0
1756702514,2842,0.03,0.0,0.0,0.0,0.0,0.0,0.0,0.0,0,0,0
1756702514,2843,0.0,0.0,-0.09,0.0,0.0,0.0,0.0,0.0,0,0,0
1756702514,2844,0.0,0.0,0.0,0.0,0.0,0.0,0.0,0.0,0,0,0
1756702514,2845,0.0,0.0,-0.05,0.0,0.0,0.0,0.0,0.0,0,0,0
1756702514,2846,0.0,0.0,0.0,0.0,0.0,0.0,0.0,0.0,0,0,0
1756702514,2847,0.01,0.0,0.01,0.0,0.0,0.0,0.0,0.0,0,0,0
1756702514,2848,0.0,0.0,0.0,0.0,0.0,0.0,0.0,0.0,0,0,0
1756702514,2849,0.0,0.0,0.0,0.0,0.0,0.0,0.0,0.0,0,0,0
1756702514,2850,-0.01,0.0,0.0,0.0,0.0,0.0,0.0,0.0,0,0,0
1756702514,2851,0.03,0.0,-0.01,0.0,0.0,0.0,0.0,0.0,0,0,0
1756702514,2852,0.0,0.0,-0.01,0.0,0.0,0.0,0.0,0.0,0,0,0
1756702514,2853,0.0,0.0,-0.01,0.0,0.0,0.0,0.0,0.0,0,0,0
1756702514,2854,0.0,0.0,-0.01,0.0,0.0,0.0,0.0,0.0,0,0,0
1756702514,2855,0.0,0.0,0.0,0.0,0.0,0.0,0.0,0.0,0,0,0
1756702514,2856,-0.03,0.0,0.01,0.0,0.0,0.0,0.0,0.0,0,0,0
1756702514,2857,0.01,0.0,0.0,0.0,0.0,0.0,0.0,0.0,0,0,0
1756702514,2858,-0.01,0.0,-0.05,0.0,0.0,0.0,0.0,0.0,0,0,0
1756702514,2859,0.01,0.0,0.0,0.0,0.0,0.0,0.0,0.0,0,0,0
1756702514,2860,-0.1,0.0,0.0,0.0,0.0,0.0,0.0,0.0,0,0,0
1756702514,2861,0.0,0.0,0.0,0.0,0.0,0.0,0.0,0.0,0,0,0
1756702514,2862,0.0,0.0,0.0,0.0,0.0,0.0,0.0,0.0,0,0,0
1756702514,2863,0.01,0.0,-0.02,0.0,0.0,0.0,0.0,0.0,0,0,0
1756702514,2864,0.0,0.0,-0.02,0.0,0.0,0.0,0.0,0.0,0,0,0
1756702514,2865,0.03,0.0,-0.03,0.0,0.0,0.0,0.0,0.0,0,0,0
1756702514,2866,0.05,0.0,0.0,0.0,0.0,0.0,0.0,0.0,0,0,0
1756702514,2867,0.0,0.0,-0.1,0.0,0.0,0.0,0.0,0.0,0,0,0
1756702514,2868,0.02,0.0,-0.01,0.0,0.0,0.0,0.0,0.0,0,0,0
1756702514,2869,0.0,0.0,-0.05,0.0,0.0,0.0,0.0,0.0,0,0,0
1756702514,2870,0.05,0.0,-0.09,0.0,0.0,0.0,0.0,0.0,0,0,0
1756702514,2871,0.0,0.0,0.0,0.0,0.0,0.0,0.0,0.0,0,0,0
1756702514,2872,0.0,0.0,-0.03,0.0,0.0,0.0,0.0,0.0,0,0,0
1756702514,2873,0.0,0.0,0.07,0.0,0.0,0.0,0.0,0.0,0,0,0
1756702514,2874,-0.01,0.0,0.0,0.0,0.0,0.0,0.0,0.0,0,0,0
1756702514,2875,0.0,0.0,0.01,0.0,0.0,0.0,0.0,0.0,0,0,0
1756702514,2876,0.0,0.0,0.0,0.0,0.0,0.0,0.0,0.0,0,0,0
1756702514,2877,0.0,0.0,-0.01,0.0,0.0,0.0,0.0,0.0,0,0,0
1756702514,2878,0.03,0.0,-0.01,0.0,0.0,0.0,0.0,0.0,0,0,0
1756702514,2879,0.01,0.0,-0.02,0.0,0.0,0.0,0.0,0.0,0,0,0
1756702514,2880,0.07,0.0,-0.05,0.0,0.0,0.0,0.0,0.0,0,0,0
1756702514,2881,0.0,0.0,0.0,0.0,0.0,0.0,0.0,0.0,0,0,0
1756702514,2882,-0.03,0.0,0.0,0.0,0.0,0.0,0.0,0.0,0,0,0
1756702514,2883,0.03,0.0,-0.01,0.0,0.0,0.0,0.0,0.0,0,0,0
1756702514,2884,0.0,0.0,-0.01,0.0,0.0,0.0,0.0,0.0,0,0,0
1756702514,2885,-0.07,0.0,0.0,0.0,0.0,0.0,0.0,0.0,0,0,0
1756702514,2886,-0.01,0.0,0.0,0.0,0.0,0.0,0.0,0.0,0,0,0
1756702514,2887,0.01,0.0,0.01,0.0,0.0,0.0,0.0,0.0,0,0,0
1756702514,2888,0.05,0.0,-0.07,0.0,0.0,0.0,0.0,0.0,0,0,0
1756702514,2889,0.0,0.0,0.0,0.0,0.0,0.0,0.0,0.0,0,0,0
1756702514,2890,0.0,0.0,0.0,0.0,0.0,0.0,0.0,0.0,0,0,0
1756702514,2891,0.0,0.0,0.0,0.0,0.0,0.0,0.0,0.0,0,0,0
1756702514,2892,-0.01,0.0,-0.01,0.0,0.0,0.0,0.0,0.0,0,0,0
1756702515,2893,-0.05,0.0,-0.01,0.0,0.0,0.0,0.0,0.0,0,0,0
1756702515,2894,0.0,0.0,0.0,0.0,0.0,0.0,0.0,0.0,0,0,0
1756702515,2895,0.0,0.0,-0.01,0.0,0.0,0.0,0.0,0.0,0,0,0
1756702515,2896,0.0,0.0,0.0,0.0,0.0,0.0,0.0,0.0,0,0,0
1756702515,2897,0.0,0.0,-0.01,0.0,0.0,0.0,0.0,0.0,0,0,0
1756702515,2898,-0.05,0.0,0.0,0.0,0.0,0.0,0.0,0.0,0,0,0
1756702515,2899,0.01,0.0,0.0,0.0,0.0,0.0,0.0,0.0,0,0,0
1756702515,2900,0.01,0.0,0.0,0.0,0.0,0.0,0.0,0.0,0,0,0
1756702515,2901,0.0,0.0,0.0,0.0,0.0,0.0,0.0,0.0,0,0,0
1756702515,2902,-0.05,0.0,0.0,0.0,0.0,0.0,0.0,0.0,0,0,0
1756702515,2903,-0.01,0.0,0.01,0.0,0.0,0.0,0.0,0.0,0,0,0
1756702515,2904,0.0,0.0,-0.01,0.0,0.0,0.0,0.0,0.0,0,0,0
1756702515,2905,0.0,0.0,0.0,0.0,0.0,0.0,0.0,0.0,0,0,0
1756702515,2906,0.0,0.0,0.0,0.0,0.0,0.0,0.0,0.0,0,0,0
1756702515,2907,0.0,0.0,0.0,0.0,0.0,0.0,0.0,0.0,0,0,0
1756702515,2908,0.0,0.0,-0.01,0.0,0.0,0.0,0.0,0.0,0,0,0
1756702515,2909,0.0,0.0,0.0,0.0,0.0,0.0,0.0,0.0,0,0,0
1756702515,2910,0.0,0.0,-0.01,0.0,0.0,0.0,0.0,0.0,0,0,0
1756702515,2911,0.03,0.0,0.0,0.0,0.0,0.0,0.0,0.0,0,0,0
1756702515,2912,0.01,0.0,0.0,0.0,0.0,0.0,0.0,0.0,0,0,0
1756702515,2913,0.07,0.0,-0.05,0.0,0.0,0.0,0.0,0.0,0,0,0
1756702515,2914,-0.05,0.0,0.0,0.0,0.0,0.0,0.0,0.0,0,0,0
1756702515,2915,0.0,0.0,0.0,0.0,0.0,0.0,0.0,0.0,0,0,0
1756702515,2916,0.0,0.0,0.0,0.0,0.0,0.0,0.0,0.0,0,0,0
1756702515,2917,0.0,0.0,0.0,0.0,0.0,0.0,0.0,0.0,0,0,0
1756702515,2918,0.05,0.0,0.0,0.0,0.0,0.0,0.0,0.0,0,0,0
1756702515,2919,-0.02,0.0,0.0,0.0,0.0,0.0,0.0,0.0,0,0,0
1756702515,2920,0.0,0.0,-0.01,0.0,0.0,0.0,0.0,0.0,0,0,0
1756702515,2921,0.0,0.0,-0.02,0.0,0.0,0.0,0.0,0.0,0,0,0
1756702515,2922,-0.01,0.0,-0.07,0.0,0.0,0.0,0.0,0.0,0,0,0
1756702515,2923,0.01,0.0,-0.01,0.0,0.0,0.0,0.0,0.0,0,0,0
1756702515,2924,0.0,0.0,0.01,0.0,0.0,0.0,0.0,0.0,0,0,0
1756702515,2925,-0.03,0.0,0.0,0.0,0.0,0.0,0.0,0.0,0,0,0
1756702515,2926,-0.01,0.0,-0.02,0.0,0.0,0.0,0.0,0.0,0,0,0
1756702515,2927,0.0,0.0,0.0,0.0,0.0,0.0,0.0,0.0,0,0,0
1756702515,2928,0.03,0.0,-0.01,0.0,0.0,0.0,0.0,0.0,0,0,0
1756702515,2929,0.0,0.0,0.0,0.0,0.0,0.0,0.0,0.0,0,0,0
1756702515,2930,-0.03,0.0,0.05,0.0,0.0,0.0,0.0,0.0,0,0,0
1756702515,2931,0.0,0.0,0.0,0.0,0.0,0.0,0.0,0.0,0,0,0
1756702515,2932,0.0,0.0,0.03,0.0,0.0,0.0,0.0,0.0,0,0,0
1756702515,2933,0.0,0.0,0.0,0.0,0.0,0.0,0.0,0.0,0,0,0
1756702515,2934,0.01,0.0,0.0,0.0,0.0,0.0,0.0,0.0,0,0,0
1756702515,2935,0.0,0.0,0.0,0.0,0.0,0.0,0.0,0.0,0,0,0
1756702515,2936,0.02,0.0,-0.03,0.0,0.0,0.0,0.0,0.0,0,0,0
1756702515,2937,-0.01,0.0,0.0,0.0,0.0,0.0,0.0,0.0,0,0,0
1756702515,2938,-0.03,0.0,0.03,0.0,0.0,0.0,0.0,0.0,0,0,0
1756702515,2939,-0.01,0.0,-0.01,0.0,0.0,0.0,0.0,0.0,0,0,0
1756702515,2940,0.01,0.0,0.0,0.0,0.0,0.0,0.0,0.0,0,0,0
1756702515,2941,0.03,0.0,0.0,0.0,0.0,0.0,0.0,0.0,0,0,0
1756702515,2942,-0.02,0.0,0.0,0.0,0.0,0.0,0.0,0.0,0,0,0
1756702515,2943,0.07,0.0,0.01,0.0,0.0,0.0,0.0,0.0,0,0,0
1756702515,2944,0.0,0.0,-0.03,0.0,0.0,0.0,0.0,0.0,0,0,0
1756702515,2945,0.07,0.0,-0.1,0.0,0.0,0.0,0.0,0.0,0,0,0
1756702515,2946,0.02,0.0,0.0,0.0,0.0,0.0,0.0,0.0,0,0,0
1756702515,2947,0.01,0.0,-0.05,0.0,0.0,0.0,0.0,0.0,0,0,0
1756702515,2948,0.12,0.0,0.0,0.0,0.0,0.0,0.0,0.0,0,0,0
1756702515,2949,0.0,0.0,0.0,0.0,0.0,0.0,0.0,0.0,0,0,0
1756702515,2950,-0.05,0.0,0.0,0.0,0.0,0.0,0.0,0.0,0,0,0
1756702515,2951,0.0,0.0,-0.01,0.0,0.0,0.0,0.0,0.0,0,0,0
1756702515,2952,-0.07,0.0,-0.01,0.0,0.0,0.0,0.0,0.0,0,0,0
1756702515,2953,0.05,0.0,0.0,0.0,0.0,0.0,0.0,0.0,0,0,0
1756702515,2954,0.0,0.0,0.0,0.0,0.0,0.0,0.0,0.0,0,0,0
1756702515,2955,0.0,0.0,0.0,0.0,0.0,0.0,0.0,0.0,0,0,0
1756702515,2956,-0.03,0.0,-0.09,0.0,0.0,0.0,0.0,0.0,0,0,0
1756702515,2957,0.02,0.0,-0.03,0.0,0.0,0.0,0.0,0.0,0,0,0
1756702515,2958,-0.02,0.0,0.0,0.0,0.0,0.0,0.0,0.0,0,0,0
1756702515,2959,0.0,0.0,0.0,0.0,0.0,0.0,0.0,0.0,0,0,0
1756702516,2960,0.0,0.0,0.0,0.0,0.0,0.0,0.0,0.0,0,0,0
1756702516,2961,0.0,0.0,0.01,0.0,0.0,0.0,0.0,0.0,0,0,0
1756702516,2962,-0.07,0.0,0.0,0.0,0.0,0.0,0.0,0.0,0,0,0
1756702516,2963,-0.01,0.0,0.05,0.0,0.0,0.0,0.0,0.0,0,0,0
1756702516,2964,0.0,0.0,-0.01,0.0,0.0,0.0,0.0,0.0,0,0,0
1756702516,2965,-0.02,0.0,0.03,0.0,0.0,0.0,0.0,0.0,0,0,0
1756702516,2966,0.0,0.0,-0.01,0.0,0.0,0.0,0.0,0.0,0,0,0
1756702516,2967,0.03,0.0,0.0,0.0,0.0,0.0,0.0,0.0,0,0,0
1756702516,2968,-0.01,0.0,0.0,0.0,0.0,0.0,0.0,0.0,0,0,0
1756702516,2969,-0.01,0.0,0.0,0.0,0.0,0.0,0.0,0.0,0,0,0
1756702516,2970,0.01,0.0,0.0,0.0,0.0,0.0,0.0,0.0,0,0,0
1756702516,2971,0.0,0.0,-0.02,0.0,0.0,0.0,0.0,0.0,0,0,0
1756702516,2972,0.0,0.0,-0.02,0.0,0.0,0.0,0.0,0.0,0,0,0
1756702516,2973,0.0,0.0,0.0,0.0,0.0,0.0,0.0,0.0,0,0,0
1756702516,2974,0.0,0.0,0.03,0.0,0.0,0.0,0.0,0.0,0,0,0
1756702516,2975,0.02,0.0,-0.01,0.0,0.0,0.0,0.0,0.0,0,0,0
1756702516,2976,0.01,0.0,-0.1,0.0,0.0,0.0,0.0,0.0,0,0,0
1756702516,2977,0.07,0.0,0.0,0.0,0.0,0.0,0.0,0.0,0,0,0
1756702516,2978,-0.01,0.0,-0.03,0.0,0.0,0.0,0.0,0.0,0,0,0
1756702516,2979,-0.01,0.0,-0.01,0.0,0.0,0.0,0.0,0.0,0,0,0
1756702516,2980,-0.01,0.0,-0.01,0.0,0.0,0.0,0.0,0.0,0,0,0
1756702516,2981,0.01,0.0,0.0,0.0,0.0,0.0,0.0,0.0,0,0,0
1756702516,2982,0.01,0.0,0.0,0.0,0.0,0.0,0.0,0.0,0,0,0
1756702516,2983,0.0,0.0,0.05,0.0,0.0,0.0,0.0,0.0,0,0,0
1756702516,2984,-0.02,0.0,-0.01,0.0,0.0,0.0,0.0,0.0,0,0,0
1756702516,2985,-0.1,0.0,0.0,0.0,0.0,0.0,0.0,0.0,0,0,0
1756702516,2986,0.0,0.0,-0.01,0.0,0.0,0.0,0.0,0.0,0,0,0
1756702516,2987,0.0,0.0,0.0,0.0,0.0,0.0,0.0,0.0,0,0,0
1756702516,2988,-0.03,0.0,0.02,0.0,0.0,0.0,0.0,0.0,0,0,0
1756702516,2989,0.0,0.0,-0.02,0.0,0.0,0.0,0.0,0.0,0,0,0
1756702516,2990,-0.05,0.0,0.05,0.0,0.0,0.0,0.0,0.0,0,0,0
1756702516,2991,0.01,0.0,0.0,0.0,0.0,0.0,0.0,0.0,0,0,0
1756702516,2992,0.07,0.0,0.03,0.0,0.0,0.0,0.0,0.0,0,0,0
1756702516,2993,0.05,0.0,-0.07,0.0,0.0,0.0,0.0,0.0,0,0,0
1756702516,2994,0.0,0.0,0.0,0.0,0.0,0.0,0.0,0.0,0,0,0
1756702516,2995,-0.01,0.0,-0.01,0.0,0.0,0.0,0.0,0.0,0,0,0
1756702516,2996,0.0,0.0,0.0,0.0,0.0,0.0,0.0,0.0,0,0,0
1756702516,2997,0.0,0.0,-0.01,0.0,0.0,0.0,0.0,0.0,0,0,0
1756702516,2998,0.0,0.0,-0.01,0.0,0.0,0.0,0.0,0.0,0,0,0
1756702516,2999,0.02,0.0,0.0,0.0,0.0,0.0,0.0,0.0,0,0,0
1756702516,3000,0.02,0.0,-0.02,0.0,0.0,0.0,0.0,0.0,0,0,0
1756702516,3001,0.05,0.0,0.0,0.0,0.0,0.0,0.0,0.0,0,0,0
1756702516,3002,0.01,0.0,-0.01,0.0,0.0,0.0,0.0,0.0,0,0,0
1756702516,3003,0.02,0.0,-0.01,0.0,0.0,0.0,0.0,0.0,0,0,0
1756702516,3004,0.02,0.0,-0.01,0.0,0.0,0.0,0.0,0.0,0,0,0
1756702516,3005,0.0,0.0,0.0,0.0,0.0,0.0,0.0,0.0,0,0,0
1756702516,3006,-0.01,0.0,0.0,0.0,0.0,0.0,0.0,0.0,0,0,0
1756702516,3007,0.03,0.0,0.0,0.0,0.0,0.0,0.0,0.0,0,0,0
1756702516,3008,-0.01,0.0,0.0,0.0,0.0,0.0,0.0,0.0,0,0,0
1756702516,3009,0.0,0.0,0.0,0.0,0.0,0.0,0.0,0.0,0,0,0
1756702516,3010,0.0,0.0,0.0,0.0,0.0,0.0,0.0,0.0,0,0,0
1756702516,3011,0.02,0.0,0.02,0.0,0.0,0.0,0.0,0.0,0,0,0
1756702516,3012,0.01,0.0,0.0,0.0,0.0,0.0,0.0,0.0,0,0,0
1756702516,3013,0.0,0.0,0.0,0.0,0.0,0.0,0.0,0.0,0,0,0
1756702516,3014,0.0,0.0,0.0,0.0,0.0,0.0,0.0,0.0,0,0,0
1756702516,3015,-0.02,0.0,-0.01,0.0,0.0,0.0,0.0,0.0,0,0,0
1756702516,3016,0.0,0.0,0.0,0.0,0.0,0.0,0.0,0.0,0,0,0
1756702516,3017,-0.01,0.0,-0.09,0.0,0.0,0.0,0.0,0.0,0,0,0
1756702516,3018,0.0,0.0,0.0,0.0,0.0,0.0,0.0,0.0,0,0,0
1756702516,3019,-0.01,0.0,0.0,0.0,0.0,0.0,0.0,0.0,0,0,0
1756702516,3020,0.05,0.0,-0.03,0.0,0.0,0.0,0.0,0.0,0,0,0
1756702516,3021,0.01,0.0,-0.07,0.0,0.0,0.0,0.0,0.0,0,0,0
1756702516,3022,0.0,0.0,-0.02,0.0,0.0,0.0,0.0,0.0,0,0,0
1756702516,3023,0.05,0.0,0.02,0.0,0.0,0.0,0.0,0.0,0,0,0
1756702516,3024,-0.02,0.0,0.0,0.0,0.0,0.0,0.0,0.0,0,0,0
1756702516,3025,0.0,0.0,0.0,0.0,0.0,0.0,0.0,0.0,0,0,0
1756702516,3026,-0.05,0.0,0.01,0.0,0.0,0.0,0.0,0.0,0,0,0
1756702516,3027,0.0,0.0,0.0,0.0,0.0,0.0,0.0,0.0,0,0,0
1756702517,3028,0.0,0.0,-0.05,0.0,0.0,0.0,0.0,0.0,0,0,0
1756702517,3029,-0.02,0.0,0.0,0.0,0.0,0.0,0.0,0.0,0,0,0
1756702517,3030,0.02,0.0,0.0,0.0,0.0,0.0,0.0,0.0,0,0,0
1756702517,3031,0.0,0.0,0.05,0.0,0.0,0.0,0.0,0.0,0,0,0
1756702517,3032,-0.1,0.0,0.0,0.0,0.0,0.0,0.0,0.0,0,0,0
1756702517,3033,0.0,0.0,0.0,0.0,0.0,0.0,0.0,0.0,0,0,0
1756702517,3034,0.03,0.0,-0.01,0.0,0.0,0.0,0.0,0.0,0,0,0
1756702517,3035,0.0,0.0,-0.01,0.0,0.0,0.0,0.0,0.0,0,0,0
1756702517,3036,-0.05,0.0,0.0,0.0,0.0,0.0,0.0,0.0,0,0,0
1756702517,3037,0.0,0.0,-0.03,0.0,0.0,0.0,0.0,0.0,0,0,0
1756702517,3038,0.0,0.0,-0.02,0.0,0.0,0.0,0.0,0.0,0,0,0
1756702517,3039,0.0,0.0,0.0,0.0,0.0,0.0,0.0,0.0,0,0,0
1756702517,3040,0.01,0.0,0.0,0.0,0.0,0.0,0.0,0.0,0,0,0
1756702517,3041,0.0,0.0,-0.01,0.0,0.0,0.0,0.0,0.0,0,0,0
1756702517,3042,0.01,0.0,0.0,0.0,0.0,0.0,0.0,0.0,0,0,0
1756702517,3043,0.0,0.0,-0.03,0.0,0.0,0.0,0.0,0.0,0,0,0
1756702517,3044,0.05,0.0,-0.02,0.0,0.0,0.0,0.0,0.0,0,0,0
1756702517,3045,0.17,0.0,0.0,0.0,0.0,0.0,0.0,0.0,0,0,0
1756702517,3046,0.0,0.0,0.0,0.0,0.0,0.0,0.0,0.0,0,0,0
1756702517,3047,-0.07,0.0,0.0,0.0,0.0,0.0,0.0,0.0,0,0,0
1756702517,3048,-0.07,0.0,-0.02,0.0,0.0,0.0,0.0,0.0,0,0,0
1756702517,3049,-0.03,0.0,0.0,0.0,0.0,0.0,0.0,0.0,0,0,0
1756702517,3050,0.0,0.0,-0.1,0.0,0.0,0.0,0.0,0.0,0,0,0
1756702517,3051,0.03,0.0,-0.05,0.0,0.0,0.0,0.0,0.0,0,0,0
1756702517,3052,0.05,0.0,-0.03,0.0,0.0,0.0,0.0,0.0,0,0,0
1756702517,3053,-0.11,0.0,0.0,0.0,0.0,0.0,0.0,0.0,0,0,0
1756702517,3054,0.01,0.0,-0.01,0.0,0.0,0.0,0.0,0.0,0,0,0
1756702517,3055,0.11,0.0,0.01,0.0,0.0,0.0,0.0,0.0,0,0,0
1756702517,3056,0.0,0.0,0.01,0.0,0.0,0.0,0.0,0.0,0,0,0
1756702517,3057,-0.02,0.0,-0.03,0.0,0.0,0.0,0.0,0.0,0,0,0
1756702517,3058,0.05,0.0,0.0,0.0,0.0,0.0,0.0,0.0,0,0,0
1756702517,3059,0.02,0.0,-0.01,0.0,0.0,0.0,0.0,0.0,0,0,0
1756702517,3060,0.03,0.0,0.0,0.0,0.0,0.0,0.0,0.0,0,0,0
1756702517,3061,-0.01,0.0,0.0,0.0,0.0,0.0,0.0,0.0,0,0,0
1756702517,3062,0.0,0.0,0.0,0.0,0.0,0.0,0.0,0.0,0,0,0
1756702517,3063,0.0,0.0,0.0,0.0,0.0,0.0,0.0,0.0,0,0,0
1756702517,3064,0.0,0.0,0.01,0.0,0.0,0.0,0.0,0.0,0,0,0
1756702517,3065,-0.02,0.0,0.0,0.0,0.0,0.0,0.0,0.0,0,0,0
1756702517,3066,0.03,0.0,-0.1,0.0,0.0,0.0,0.0,0.0,0,0,0
1756702517,3067,0.0,0.0,-0.01,0.0,0.0,0.0,0.0,0.0,0,0,0
1756702517,3068,0.01,0.0,-0.01,0.0,0.0,0.0,0.0,0.0,0,0,0
1756702517,3069,0.0,0.0,0.0,0.0,0.0,0.0,0.0,0.0,0,0,0
1756702517,3070,0.05,0.0,-0.03,0.0,0.0,0.0,0.0,0.0,0,0,0
1756702517,3071,-0.02,0.0,0.0,0.0,0.0,0.0,0.0,0.0,0,0,0
1756702517,3072,-0.01,0.0,0.0,0.0,0.0,0.0,0.0,0.0,0,0,0
1756702517,3073,0.0,0.0,0.0,0.0,0.0,0.0,0.0,0.0,0,0,0
1756702517,3074,-0.03,0.0,-0.03,0.0,0.0,0.0,0.0,0.0,0,0,0
1756702517,3075,-0.02,0.0,-0.01,0.0,0.0,0.0,0.0,0.0,0,0,0
1756702517,3076,0.0,0.0,0.0,0.0,0.0,0.0,0.0,0.0,0,0,0
1756702517,3077,-0.01,0.0,0.0,0.0,0.0,0.0,0.0,0.0,0,0,0
1756702517,3078,0.0,0.0,-0.01,0.0,0.0,0.0,0.0,0.0,0,0,0
1756702517,3079,0.0,0.0,0.02,0.0,0.0,0.0,0.0,0.0,0,0,0
1756702517,3080,0.0,0.0,0.0,0.0,0.0,0.0,0.0,0.0,0,0,0
1756702517,3081,0.05,0.0,0.0,0.0,0.0,0.0,0.0,0.0,0,0,0
1756702517,3082,0.02,0.0,0.0,0.0,0.0,0.0,0.0,0.0,0,0,0
1756702517,3083,0.0,0.0,0.0,0.0,0.0,0.0,0.0,0.0,0,0,0
1756702517,3084,0.0,0.0,0.0,0.0,0.0,0.0,0.0,0.0,0,0,0
1756702517,3085,0.01,0.0,0.0,0.0,0.0,0.0,0.0,0.0,0,0,0
1756702517,3086,0.07,0.0,0.0,0.0,0.0,0.0,0.0,0.0,0,0,0
1756702517,3087,0.0,0.0,0.0,0.0,0.0,0.0,0.0,0.0,0,0,0
1756702517,3088,0.01,0.0,-0.03,0.0,0.0,0.0,0.0,0.0,0,0,0
1756702517,3089,0.02,0.0,0.0,0.0,0.0,0.0,0.0,0.0,0,0,0
1756702517,3090,0.0,0.0,0.0,0.0,0.0,0.0,0.0,0.0,0,0,0
1756702517,3091,-0.02,0.0,0.02,0.0,0.0,0.0,0.0,0.0,0,0,0
1756702517,3092,0.0,0.0,-0.01,0.0,0.0,0.0,0.0,0.0,0,0,0
1756702518,3093,0.02,0.0,-0.02,0.0,0.0,0.0,0.0,0.0,0,0,0
1756702518,3094,0.0,0.0,-0.02,0.0,0.0,0.0,0.0,0.0,0,0,0
1756702518,3095,0.0,0.0,-0.02,0.0,0.0,0.0,0.0,0.0,0,0,0
1756702518,3096,0.0,0.0,0.01,0.0,0.0,0.0,0.0,0.0,0,0,0
1756702518,3097,0.0,0.0,0.01,0.0,0.0,0.0,0.0,0.0,0,0,0
1756702518,3098,0.02,0.0,0.0,0.0,0.0,0.0,0.0,0.0,0,0,0
1756702518,3099,0.01,0.0,-0.05,0.0,0.0,0.0,0.0,0.0,0,0,0
1756702518,3100,0.01,0.0,-0.01,0.0,0.0,0.0,0.0,0.0,0,0,0
1756702518,3101,0.0,0.0,-0.01,0.0,0.0,0.0,0.0,0.0,0,0,0
1756702518,3102,-0.01,0.0,0.0,0.0,0.0,0.0,0.0,0.0,0,0,0
1756702518,3103,0.05,0.0,-0.05,0.0,0.0,0.0,0.0,0.0,0,0,0
1756702518,3104,0.01,0.0,0.0,0.0,0.0,0.0,0.0,0.0,0,0,0
1756702518,3105,0.0,0.0,-0.02,0.0,0.0,0.0,0.0,0.0,0,0,0
1756702518,3106,0.0,0.0,-0.02,0.0,0.0,0.0,0.0,0.0,0,0,0
1756702518,3107,0.01,0.0,0.01,0.0,0.0,0.0,0.0,0.0,0,0,0
1756702518,3108,0.0,0.0,0.0,0.0,0.0,0.0,0.0,0.0,0,0,0
1756702518,3109,0.0,0.0,-0.01,0.0,0.0,0.0,0.0,0.0,0,0,0
1756702518,3110,-0.02,0.0,0.01,0.0,0.0,0.0,0.0,0.0,0,0,0
1756702518,3111,0.11,0.0,-0.05,0.0,0.0,0.0,0.0,0.0,0,0,0
1756702518,3112,0.0,0.0,0.01,0.0,0.0,0.0,0.0,0.0,0,0,0
1756702518,3113,0.0,0.0,-0.05,0.0,0.0,0.0,0.0,0.0,0,0,0
1756702518,3114,-0.01,0.0,0.0,0.0,0.0,0.0,0.0,0.0,0,0,0
1756702518,3115,0.0,0.0,0.0,0.0,0.0,0.0,0.0,0.0,0,0,0
1756702518,3116,0.01,0.0,0.0,0.0,0.0,0.0,0.0,0.0,0,0,0
1756702518,3117,0.0,0.0,0.0,0.0,0.0,0.0,0.0,0.0,0,0,0
1756702518,3118,0.0,0.0,-0.01,0.0,0.0,0.0,0.0,0.0,0,0,0
1756702518,3119,0.0,0.0,-0.02,0.0,0.0,0.0,0.0,0.0,0,0,0
1756702518,3120,0.03,0.0,-0.03,0.0,0.0,0.0,0.0,0.0,0,0,0
1756702518,3121,0.07,0.0,-0.01,0.0,0.0,0.0,0.0,0.0,0,0,0
1756702518,3122,0.07,0.0,-0.01,0.0,0.0,0.0,0.0,0.0,0,0,0
1756702518,3123,0.05,0.0,0.01,0.0,0.0,0.0,0.0,0.0,0,0,0
1756702518,3124,0.0,0.0,-0.01,0.0,0.0,0.0,0.0,0.0,0,0,0
1756702518,3125,-0.01,0.0,-0.02,0.0,0.0,0.0,0.0,0.0,0,0,0
1756702518,3126,0.0,0.0,0.0,0.0,0.0,0.0,0.0,0.0,0,0,0
1756702518,3127,0.01,0.0,-0.02,0.0,0.0,0.0,0.0,0.0,0,0,0
1756702518,3128,0.01,0.0,-0.03,0.0,0.0,0.0,0.0,0.0,0,0,0
1756702518,3129,0.03,0.0,-0.01,0.0,0.0,0.0,0.0,0.0,0,0,0
1756702518,3130,0.0,0.0,0.07,0.0,0.0,0.0,0.0,0.0,0,0,0
1756702518,3131,0.03,0.0,-0.02,0.0,0.0,0.0,0.0,0.0,0,0,0
1756702518,3132,0.0,0.0,-0.05,0.0,0.0,0.0,0.0,0.0,0,0,0
1756702518,3133,0.01,0.0,0.0,0.0,0.0,0.0,0.0,0.0,0,0,0
1756702518,3134,0.0,0.0,-0.03,0.0,0.0,0.0,0.0,0.0,0,0,0
1756702518,3135,0.0,0.0,-0.01,0.0,0.0,0.0,0.0,0.0,0,0,0
1756702518,3136,0.0,0.0,-0.07,0.0,0.0,0.0,0.0,0.0,0,0,0
1756702518,3137,0.0,0.0,-0.02,0.0,0.0,0.0,0.0,0.0,0,0,0
1756702518,3138,-0.01,0.0,0.0,0.0,0.0,0.0,0.0,0.0,0,0,0
1756702518,3139,-0.01,0.0,-0.05,0.0,0.0,0.0,0.0,0.0,0,0,0
1756702518,3140,0.0,0.0,-0.02,0.0,0.0,0.0,0.0,0.0,0,0,0
1756702518,3141,0.02,0.0,-0.02,0.0,0.0,0.0,0.0,0.0,0,0,0
1756702518,3142,0.0,0.0,-0.02,0.0,0.0,0.0,0.0,0.0,0,0,0
1756702518,3143,-0.01,0.0,-0.01,0.0,0.0,0.0,0.0,0.0,0,0,0
1756702518,3144,0.07,0.0,-0.03,0.0,0.0,0.0,0.0,0.0,0,0,0
1756702518,3145,0.07,0.0,0.0,0.0,0.0,0.0,0.0,0.0,0,0,0
1756702518,3146,0.0,0.0,0.0,0.0,0.0,0.0,0.0,0.0,0,0,0
1756702518,3147,-0.05,0.0,-0.01,0.0,0.0,0.0,0.0,0.0,0,0,0
1756702518,3148,0.0,0.0,0.0,0.0,0.0,0.0,0.0,0.0,0,0,0
1756702518,3149,0.0,0.0,0.0,0.0,0.0,0.0,0.0,0.0,0,0,0
1756702518,3150,0.0,0.0,0.0,0.0,0.0,0.0,0.0,0.0,0,0,0
1756702518,3151,0.05,0.0,0.0,0.0,0.0,0.0,0.0,0.0,0,0,0
1756702518,3152,0.01,0.0,0.0,0.0,0.0,0.0,0.0,0.0,0,0,0
1756702518,3153,0.01,0.0,-0.02,0.0,0.0,0.0,0.0,0.0,0,0,0
1756702518,3154,0.01,0.0,0.03,0.0,0.0,0.0,0.0,0.0,0,0,0
1756702519,3155,0.0,0.0,-0.01,0.0,0.0,0.0,0.0,0.0,0,0,0
1756702519,3156,0.0,0.0,-0.01,0.0,0.0,0.0,0.0,0.0,0,0,0
1756702519,3157,0.0,0.0,0.0,0.0,0.0,0.0,0.0,0.0,0,0,0
1756702519,3158,0.02,0.0,-0.1,0.0,0.0,0.0,0.0,0.0,0,0,0
1756702519,3159,0.0,0.0,-0.03,0.0,0.0,0.0,0.0,0.0,0,0,0
1756702519,3160,0.01,0.0,0.0,0.0,0.0,0.0,0.0,0.0,0,0,0
1756702519,3161,0.0,0.0,-0.03,0.0,0.0,0.0,0.0,0.0,0,0,0
1756702519,3162,0.0,0.0,0.01,0.0,0.0,0.0,0.0,0.0,0,0,0
1756702519,3163,0.0,0.0,-0.07,0.0,0.0,0.0,0.0,0.0,0,0,0
1756702519,3164,0.05,0.0,0.0,0.0,0.0,0.0,0.0,0.0,0,0,0
1756702519,3165,0.02,0.0,-0.07,0.0,0.0,0.0,0.0,0.0,0,0,0
1756702519,3166,0.0,0.0,-0.02,0.0,0.0,0.0,0.0,0.0,0,0,0
1756702519,3167,0.02,0.0,-0.01,0.0,0.0,0.0,0.0,0.0,0,0,0
1756702519,3168,0.0,0.0,-0.03,0.0,0.0,0.0,0.0,0.0,0,0,0
1756702519,3169,-0.01,0.0,0.05,0.0,0.0,0.0,0.0,0.0,0,0,0
1756702519,3170,-0.07,0.0,-0.03,0.0,0.0,0.0,0.0,0.0,0,0,0
1756702519,3171,0.07,0.0,0.0,0.0,0.0,0.0,0.0,0.0,0,0,0
1756702519,3172,0.0,0.0,-0.01,0.0,0.0,0.0,0.0,0.0,0,0,0
1756702519,3173,0.01,0.0,-0.02,0.0,0.0,0.0,0.0,0.0,0,0,0
1756702519,3174,0.0,0.0,0.0,0.0,0.0,0.0,0.0,0.0,0,0,0
1756702519,3175,0.0,0.0,-0.02,0.0,0.0,0.0,0.0,0.0,0,0,0
1756702519,3176,0.02,0.0,-0.02,0.0,0.0,0.0,0.0,0.0,0,0,0
1756702519,3177,0.0,0.0,0.0,0.0,0.0,0.0,0.0,0.0,0,0,0
1756702519,3178,0.0,0.0,0.0,0.0,0.0,0.0,0.0,0.0,0,0,0
1756702519,3179,0.05,0.0,0.0,0.0,0.0,0.0,0.0,0.0,0,0,0
1756702519,3180,0.05,0.0,-0.01,0.0,0.0,0.0,0.0,0.0,0,0,0
1756702519,3181,0.03,0.0,-0.01,0.0,0.0,0.0,0.0,0.0,0,0,0
1756702519,3182,0.0,0.0,-0.03,0.0,0.0,0.0,0.0,0.0,0,0,0
1756702519,3183,0.0,0.0,0.0,0.0,0.0,0.0,0.0,0.0,0,0,0
1756702519,3184,0.1,0.0,0.0,0.0,0.0,0.0,0.0,0.0,0,0,0
1756702519,3185,0.07,0.0,0.01,0.0,0.0,0.0,0.0,0.0,0,0,0
1756702519,3186,0.03,0.0,0.05,0.0,0.0,0.0,0.0,0.0,0,0,0
1756702519,3187,-0.01,0.0,0.01,0.0,0.0,0.0,0.0,0.0,0,0,0
1756702519,3188,0.0,0.0,0.01,0.0,0.0,0.0,0.0,0.0,0,0,0
1756702519,3189,0.0,0.0,0.01,0.0,0.0,0.0,0.0,0.0,0,0,0
1756702519,3190,0.05,0.0,0.0,0.0,0.0,0.0,0.0,0.0,0,0,0
1756702519,3191,0.0,0.0,0.02,0.0,0.0,0.0,0.0,0.0,0,0,0
1756702519,3192,-0.01,0.0,0.03,0.0,0.0,0.0,0.0,0.0,0,0,0
1756702519,3193,-0.07,0.0,0.0,0.0,0.0,0.0,0.0,0.0,0,0,0
1756702519,3194,-0.01,0.0,0.02,0.0,0.0,0.0,0.0,0.0,0,0,0
1756702519,3195,-0.03,0.0,0.0,0.0,0.0,0.0,0.0,0.0,0,0,0
1756702519,3196,-0.05,0.0,0.0,0.0,0.0,0.0,0.0,0.0,0,0,0
1756702519,3197,-0.05,0.0,0.03,0.0,0.0,0.0,0.0,0.0,0,0,0
1756702519,3198,-0.09,0.0,0.0,0.0,0.0,0.0,0.0,0.0,0,0,0
1756702519,3199,-0.01,0.0,-0.01,0.0,0.0,0.0,0.0,0.0,0,0,0
1756702519,3200,-0.1,0.0,-0.01,0.0,0.0,0.0,0.0,0.0,0,0,0
1756702519,3201,-0.07,0.0,0.05,0.0,0.0,0.0,0.0,0.0,0,0,0
1756702519,3202,-0.03,0.0,0.0,0.0,0.0,0.0,0.0,0.0,0,0,0
1756702519,3203,-0.11,0.0,0.01,0.0,0.0,0.0,0.0,0.0,0,0,0
1756702519,3204,-0.11,0.0,-0.01,0.0,0.0,0.0,0.0,0.0,0,0,0
1756702519,3205,-0.02,0.0,-0.03,0.0,0.0,0.0,0.0,0.0,0,0,0
1756702519,3206,-0.03,0.0,-0.05,0.0,0.0,0.0,0.0,0.0,0,0,0
1756702519,3207,-0.11,0.0,0.0,0.0,0.0,0.0,0.0,0.0,0,0,0
1756702519,3208,-0.1,0.0,0.07,0.0,0.0,0.0,0.0,0.0,0,0,0
1756702519,3209,-0.03,0.0,0.0,0.0,0.0,0.0,0.0,0.0,0,0,0
1756702519,3210,0.0,0.0,0.0,0.0,0.0,0.0,0.0,0.0,0,0,0
1756702519,3211,-0.12,0.0,-0.03,0.0,0.0,0.0,0.0,0.0,0,0,0
1756702519,3212,-0.2,0.0,-0.02,0.0,0.0,0.0,0.0,0.0,0,0,0
1756702519,3213,-0.33,0.0,0.02,0.0,0.0,0.0,0.0,0.0,0,0,0
1756702519,3214,-0.41,0.0,0.0,0.0,0.0,0.0,0.0,0.0,0,0,0
1756702519,3215,-0.43,0.0,-0.03,0.0,0.0,0.0,0.0,0.0,0,0,0
1756702519,3216,-0.46,0.0,-0.03,0.0,0.0,0.0,0.0,0.0,0,0,0
1756702519,3217,-0.5,0.0,-0.05,0.0,0.0,0.0,0.0,0.0,0,0,0
1756702519,3218,-0.52,0.0,-0.02,0.0,0.0,1.84,0.0,0.0,0,0,0
1756702519,3219,-0.51,0.0,-0.07,0.0,0.0,4.78,0.0,0.0,0,0,0
1756702519,3220,-0.47,0.0,0.0,0.0,0.0,6.63,0.0,0.0,0,0,0
1756702519,3221,-0.46,0.0,-0.03,0.0,0.0,7.11,0.0,0.0,0,0,0
1756702519,3222,-0.4,0.0,-0.01,0.0,0.0,5.73,0.0,0.0,0,0,0
1756702519,3223,-0.4,0.0,-0.01,0.0,0.0,2.28,0.0,0.0,0,0,0
1756702519,3224,-0.34,0.0,-0.07,0.0,0.0,0.0,0.0,0.0,0,0,0
1756702519,3225,-0.41,0.0,-0.03,0.0,0.0,0.0,0.0,0.0,0,0,0
1756702519,3226,-0.37,0.0,0.1,0.0,0.0,0.0,0.0,0.0,0,0,0
1756702520,3227,-0.4,0.0,0.0,0.0,0.0,0.0,0.0,0.0,0,0,0
1756702520,3228,-0.41,0.0,0.0,0.0,0.0,0.0,0.0,0.0,0,0,0
1756702520,3229,-0.31,0.0,-0.03,0.0,0.0,0.0,0.0,0.0,0,0,0
1756702520,3230,-0.34,0.0,-0.05,0.0,0.0,0.0,0.0,0.0,0,0,0
1756702520,3231,-0.38,0.0,0.0,0.0,0.0,0.0,0.0,0.0,0,0,0
1756702520,3232,-0.18,0.0,-0.01,0.0,0.0,0.0,0.0,0.0,0,0,0
1756702520,3233,-0.18,0.0,-0.05,0.0,0.0,0.0,0.0,0.0,0,0,0
1756702520,3234,-0.17,0.0,-0.1,0.0,0.0,0.0,0.0,0.0,0,0,0
1756702520,3235,-0.15,0.0,0.05,0.0,0.0,0.0,0.0,0.0,0,0,0
1756702520,3236,0.03,0.0,0.0,0.0,0.0,0.0,0.0,0.0,0,0,0
1756702520,3237,0.18,0.0,-0.02,0.0,0.0,0.0,0.0,0.0,0,0,0
1756702520,3238,0.38,0.0,0.0,0.0,0.0,0.0,0.0,0.0,0,0,0
1756702520,3239,0.44,0.0,-0.02,0.0,0.0,0.0,0.0,0.0,0,0,0
1756702520,3240,0.47,0.0,-0.01,0.0,0.0,0.0,0.0,0.0,0,0,0
1756702520,3241,0.5,0.0,-0.1,0.0,0.0,0.0,0.0,0.0,0,0,0
1756702520,3242,0.58,0.0,-0.02,0.0,0.0,0.0,0.0,0.0,0,0,0
1756702520,3243,0.68,0.0,-0.1,0.0,0.0,0.0,0.0,0.0,0,0,0
1756702520,3244,0.72,0.0,-0.05,0.0,0.0,0.0,0.0,0.0,0,0,0
1756702520,3245,0.8,0.0,-0.01,0.0,0.0,0.0,0.0,0.0,0,0,0
1756702520,3246,0.72,0.0,-0.01,0.0,0.0,0.0,0.0,0.0,0,0,0
1756702520,3247,0.64,0.0,-0.03,0.0,0.0,0.0,0.0,0.0,0,0,0
1756702520,3248,0.66,0.0,-0.01,0.0,0.0,0.0,0.0,0.0,0,0,0
1756702520,3249,0.66,0.0,-0.01,0.0,0.0,0.0,0.0,0.0,0,0,0
1756702520,3250,0.63,0.0,0.05,0.0,0.0,0.0,0.0,0.0,0,0,0
1756702520,3251,0.58,0.0,0.02,0.0,0.0,0.0,0.0,0.0,0,0,0
1756702520,3252,0.56,0.0,0.0,0.0,0.0,0.0,0.0,0.0,0,0,0
1756702520,3253,0.54,0.0,-0.03,0.0,0.0,0.0,0.0,0.0,0,0,0
1756702520,3254,0.5,0.0,0.0,0.0,0.0,0.0,0.0,0.0,0,0,0
1756702520,3255,0.58,0.0,-0.07,0.0,0.0,0.0,0.0,0.0,0,0,0
1756702520,3256,0.47,0.0,-0.03,0.0,0.0,0.0,0.0,0.0,0,0,0
1756702520,3257,0.37,0.0,0.01,0.0,0.0,0.0,0.0,0.0,0,0,0
1756702520,3258,0.43,0.0,0.0,0.0,0.0,0.0,0.0,0.0,0,0,0
1756702520,3259,0.37,0.0,-0.01,0.0,0.0,0.0,0.0,0.0,0,0,0
1756702520,3260,0.17,0.0,-0.01,0.0,0.0,0.0,0.0,0.0,0,0,0
1756702520,3261,0.31,0.0,0.03,0.0,0.0,0.0,0.0,0.0,0,0,0
1756702520,3262,0.23,0.0,0.0,0.0,0.0,0.0,0.0,0.0,0,0,0
1756702520,3263,0.05,0.0,-0.03,0.0,0.0,0.0,0.0,0.0,0,0,0
1756702520,3264,0.1,0.0,-0.05,0.0,0.0,0.0,0.0,0.0,0,0,0
1756702520,3265,-0.05,0.0,-0.03,0.0,0.0,0.0,0.0,0.0,0,0,0
1756702520,3266,-0.15,0.0,-0.05,0.0,0.0,0.0,0.0,0.0,0,0,0
1756702520,3267,-0.15,0.0,0.0,0.0,0.0,0.0,0.0,0.0,0,0,0
1756702520,3268,-0.23,0.0,0.0,0.0,0.0,0.0,0.0,0.0,0,0,0
1756702520,3269,-0.31,0.0,-0.03,0.0,0.0,0.0,0.0,0.0,0,0,0
1756702520,3270,-0.11,0.0,-0.03,0.0,0.0,0.0,0.0,0.0,0,0,0
1756702520,3271,-0.18,0.0,-0.02,0.0,0.0,0.0,0.0,0.0,0,0,0
1756702520,3272,-0.18,0.0,-0.07,0.0,0.0,0.0,0.0,0.0,0,0,0
1756702520,3273,-0.15,0.0,-0.01,0.0,0.0,0.0,0.0,0.0,0,0,0
1756702520,3274,-0.18,0.0,0.0,0.0,0.0,0.0,0.0,0.0,0,0,0
1756702520,3275,-0.15,0.0,0.0,0.0,0.0,0.0,0.0,0.0,0,0,0
1756702520,3276,-0.1,0.0,-0.05,0.0,0.0,0.0,0.0,0.0,0,0,0
1756702520,3277,-0.18,0.0,-0.05,0.0,0.0,0.0,0.0,0.0,0,0,0
1756702520,3278,-0.15,0.0,0.0,0.0,0.0,0.0,0.0,0.0,0,0,0
1756702520,3279,-0.17,0.0,-0.1,0.0,0.0,0.0,0.0,0.0,0,0,0
1756702520,3280,-0.12,0.0,0.0,0.0,0.0,0.0,0.0,0.0,0,0,0
1756702520,3281,-0.15,0.0,-0.02,0.0,0.0,0.0,0.0,0.0,0,0,0
1756702520,3282,-0.02,0.0,0.0,0.0,0.0,0.0,0.0,0.0,0,0,0
1756702520,3283,0.0,0.0,0.0,0.0,0.0,0.0,0.0,0.0,0,0,0
1756702520,3284,0.1,0.0,0.0,0.0,0.0,0.0,0.0,0.0,0,0,0
1756702520,3285,0.07,0.0,-0.01,0.0,0.0,0.0,0.0,0.0,0,0,0
1756702520,3286,0.09,0.0,-0.01,0.0,0.0,0.0,0.0,0.0,0,0,0
1756702520,3287,0.09,0.0,0.0,0.0,0.0,0.0,0.0,0.0,0,0,0
1756702520,3288,0.07,0.0,-0.05,0.0,0.0,0.0,0.0,0.0,0,0,0
1756702520,3289,0.09,0.0,-0.01,0.0,0.0,0.0,0.0,0.0,0,0,0
1756702520,3290,0.09,0.0,0.0,0.0,0.0,0.0,0.0,0.0,0,0,0
1756702521,3291,0.1,0.0,-0.02,0.0,0.0,0.0,0.0,0.0,0,0,0
1756702521,3292,0.14,0.0,-0.07,0.0,0.0,0.0,0.0,0.0,0,0,0
1756702521,3293,0.07,0.0,0.0,0.0,0.0,0.0,0.0,0.0,0,0,0
1756702521,3294,0.07,0.0,0.0,0.0,0.0,0.0,0.0,0.0,0,0,0
1756702521,3295,0.07,0.0,-0.09,0.0,0.0,0.0,0.0,0.0,0,0,0
1756702521,3296,0.07,0.0,0.0,0.0,0.0,0.0,0.0,0.0,0,0,0
1756702521,3297,0.11,0.0,0.0,0.0,0.0,0.0,0.0,0.0,0,0,0
1756702521,3298,0.09,0.0,-0.01,0.0,0.0,0.0,0.0,0.0,0,0,0
1756702521,3299,0.0,0.0,-0.01,0.0,0.0,0.0,0.0,0.0,0,0,0
1756702521,3300,0.01,0.0,0.0,0.0,0.0,0.0,0.0,0.0,0,0,0
1756702521,3301,0.03,0.0,0.0,0.0,0.0,0.0,0.0,0.0,0,0,0
1756702521,3302,0.1,0.0,-0.03,0.0,0.0,0.0,0.0,0.0,0,0,0
1756702521,3303,0.0,0.0,-0.05,0.0,0.0,0.0,0.0,0.0,0,0,0
1756702521,3304,0.1,0.0,0.01,0.0,0.0,0.0,0.0,0.0,0,0,0
1756702521,3305,0.07,0.0,0.0,0.0,0.0,0.0,0.0,0.0,0,0,0
1756702521,3306,0.03,0.0,-0.01,0.0,0.0,0.0,0.0,0.0,0,0,0
1756702521,3307,0.07,0.0,-0.01,0.0,0.0,0.0,0.0,0.0,0,0,0
1756702521,3308,0.1,0.0,0.03,0.0,0.0,0.0,0.0,0.0,0,0,0
1756702521,3309,0.09,0.0,-0.02,0.0,0.0,0.0,0.0,0.0,0,0,0
1756702521,3310,0.09,0.0,-0.02,0.0,0.0,0.0,0.0,0.0,0,0,0
1756702521,3311,0.12,0.0,0.0,0.0,0.0,0.0,0.0,0.0,0,0,0
1756702521,3312,0.0,0.0,0.0,0.0,0.0,0.0,0.0,0.0,0,0,0
1756702521,3313,0.03,0.0,-0.01,0.0,0.0,0.0,0.0,0.0,0,0,0
1756702521,3314,0.07,0.0,0.0,0.0,0.0,0.0,0.0,0.0,0,0,0
1756702521,3315,0.07,0.0,-0.03,0.0,0.0,0.0,0.0,0.0,0,0,0
1756702521,3316,0.03,0.0,-0.01,0.0,0.0,0.0,0.0,0.0,0,0,0
1756702521,3317,0.0,0.0,0.0,0.0,0.0,0.0,0.0,0.0,0,0,0
1756702521,3318,0.07,0.0,0.0,0.0,0.0,0.0,0.0,0.0,0,0,0
1756702521,3319,0.07,0.0,0.0,0.0,0.0,0.0,0.0,0.0,0,0,0
1756702521,3320,0.09,0.0,0.0,0.0,0.0,0.0,0.0,0.0,0,0,0
1756702521,3321,0.07,0.0,0.0,0.0,0.0,0.0,0.0,0.0,0,0,0
1756702521,3322,0.01,0.0,-0.05,0.0,0.0,0.0,0.0,0.0,0,0,0
1756702521,3323,0.02,0.0,0.0,0.0,0.0,0.0,0.0,0.0,0,0,0
1756702521,3324,0.07,0.0,0.02,0.0,0.0,0.0,0.0,0.0,0,0,0
1756702521,3325,0.05,0.0,0.05,0.0,0.0,0.0,0.0,0.0,0,0,0
1756702521,3326,0.0,0.0,-0.05,0.0,0.0,0.0,0.0,0.0,0,0,0
1756702521,3327,0.07,0.0,-0.01,0.0,0.0,0.0,0.0,0.0,0,0,0
1756702521,3328,0.07,0.0,-0.01,0.0,0.0,0.0,0.0,0.0,0,0,0
1756702521,3329,0.07,0.0,-0.07,0.0,0.0,0.0,0.0,0.0,0,0,0
1756702521,3330,0.0,0.0,0.0,0.0,0.0,0.0,0.0,0.0,0,0,0
1756702521,3331,0.0,0.0,-0.01,0.0,0.0,0.0,0.0,0.0,0,0,0
1756702521,3332,0.07,0.0,-0.01,0.0,0.0,0.0,0.0,0.0,0,0,0
1756702521,3333,0.09,0.0,0.05,0.0,0.0,0.0,0.0,0.0,0,0,0
1756702521,3334,0.07,0.0,0.02,0.0,0.0,0.0,0.0,0.0,0,0,0
1756702521,3335,0.11,0.0,0.02,0.0,0.0,0.0,0.0,0.0,0,0,0
1756702521,3336,0.1,0.0,0.02,0.0,0.0,0.0,0.0,0.0,0,0,0
1756702521,3337,0.02,0.0,0.0,0.0,0.0,0.0,0.0,0.0,0,0,0
1756702521,3338,0.1,0.0,0.03,0.0,0.0,0.0,0.0,0.0,0,0,0
1756702521,3339,0.05,0.0,0.0,0.0,0.0,0.0,0.0,0.0,0,0,0
1756702521,3340,0.09,0.0,-0.02,0.0,0.0,0.0,0.0,0.0,0,0,0
1756702521,3341,0.05,0.0,0.05,0.0,0.0,0.0,0.0,0.0,0,0,0
1756702521,3342,0.05,0.0,0.11,0.0,0.0,0.0,0.0,0.0,0,0,0
1756702521,3343,0.1,0.0,0.09,0.0,0.0,0.0,0.0,0.0,0,0,0
1756702521,3344,0.02,0.0,0.02,0.0,0.0,0.0,0.0,0.0,0,0,0
1756702521,3345,0.05,0.0,0.15,0.0,0.0,0.0,0.0,0.0,0,0,0
1756702521,3346,0.05,0.0,0.01,0.0,0.0,0.0,0.0,0.0,0,0,0
1756702521,3347,0.07,0.0,0.14,0.0,0.0,0.0,0.0,0.0,0,0,0
1756702521,3348,0.1,0.0,0.23,0.0,0.0,0.0,0.0,0.0,0,0,0
1756702521,3349,0.03,0.0,0.33,0.0,0.0,0.0,0.0,0.0,0,0,0
1756702521,3350,0.01,0.0,0.46,0.0,0.0,0.0,0.0,0.0,0,0,0
1756702521,3351,0.0,0.0,0.61,0.0,0.0,0.0,0.0,0.0,0,0,0
1756702521,3352,0.01,0.0,0.67,0.0,0.0,0.0,0.0,0.0,0,0,0
1756702522,3353,0.01,0.0,0.73,0.0,0.0,0.0,0.0,0.0,0,0,0
1756702522,3354,0.07,0.0,0.92,0.0,0.0,0.0,0.0,0.0,0,0,0
1756702522,3355,0.02,0.0,0.73,0.0,0.0,0.0,0.0,0.0,0,0,0
1756702522,3356,0.03,0.0,0.52,0.0,0.0,0.0,0.0,0.0,0,0,0
1756702522,3357,0.07,0.0,0.56,0.0,0.0,0.0,0.0,0.0,0,0,0
1756702522,3358,0.05,0.0,0.93,0.0,0.0,0.0,0.0,0.0,0,0,0
1756702522,3359,0.09,0.0,0.51,0.0,0.0,0.0,0.0,0.0,0,0,0
1756702522,3360,0.02,0.0,0.62,0.0,0.0,0.0,0.0,0.0,0,0,0
1756702522,3361,0.0,0.0,1.29,0.0,0.0,0.0,0.0,0.01,0,0,0
1756702522,3362,-0.02,0.0,0.5,0.0,0.0,0.0,0.0,0.0,0,0,0
1756702522,3363,-0.02,0.0,0.41,0.0,0.0,0.0,0.0,0.0,0,0,0
1756702522,3364,0.0,0.0,0.47,0.0,0.0,0.0,0.0,0.0,0,0,0
1756702522,3365,0.0,0.0,0.36,0.0,0.0,0.0,0.0,0.0,0,0,0
1756702522,3366,0.0,0.0,0.2,0.0,0.0,0.0,0.0,0.0,0,0,0
1756702522,3367,0.0,0.0,0.15,0.0,0.0,0.0,0.0,0.0,0,0,0
1756702522,3368,0.02,0.0,0.0,0.0,0.0,0.0,0.0,0.0,0,0,0
1756702522,3369,0.0,0.0,-0.03,0.0,0.0,0.0,0.0,0.0,0,0,0
1756702522,3370,0.11,0.0,0.01,0.0,0.0,0.0,0.0,0.0,0,0,0
1756702522,3371,0.0,0.0,-0.31,0.0,0.0,0.0,0.0,0.0,0,0,0
1756702522,3372,-0.02,0.0,-0.46,0.0,0.0,0.0,0.0,0.0,0,0,0
1756702522,3373,-0.05,0.0,-0.47,0.0,0.0,0.0,0.0,0.0,0,0,0
1756702522,3374,-0.05,0.0,-0.43,0.0,0.0,0.0,0.0,0.0,0,0,0
1756702522,3375,0.01,0.0,-0.43,0.0,0.0,0.0,0.0,0.01,0,0,0
1756702522,3376,0.0,0.0,-0.51,0.0,0.0,0.0,0.0,0.0,0,0,0
1756702522,3377,-0.01,0.0,-0.46,0.0,0.0,0.0,0.0,0.0,0,0,0
1756702522,3378,-0.07,0.0,-0.52,0.0,0.0,0.0,0.0,0.0,0,0,0
1756702522,3379,-0.02,0.0,-0.4,0.0,0.0,0.0,0.0,0.0,0,0,0
1756702522,3380,-0.07,0.0,-0.46,0.0,0.0,0.0,0.0,0.0,0,0,0
1756702522,3381,-0.02,0.0,-0.36,0.0,0.0,0.0,0.0,0.0,0,0,0
1756702522,3382,-0.1,0.0,-0.28,0.0,0.0,0.0,0.0,0.0,0,0,0
1756702522,3383,-0.1,0.0,-0.28,0.0,0.0,0.0,0.0,0.0,0,0,0
1756702522,3384,-0.02,0.0,-0.31,0.0,0.0,0.0,0.0,0.0,0,0,0
1756702522,3385,-0.07,0.0,-0.36,0.0,0.0,0.0,0.0,0.0,0,0,0
1756702522,3386,-0.09,0.0,-0.23,0.0,0.0,0.0,0.0,0.0,0,0,0
1756702522,3387,-0.01,0.0,-0.31,0.0,0.0,0.0,0.0,0.0,0,0,0
1756702522,3388,0.0,0.0,-0.15,0.0,0.0,0.0,0.0,0.0,0,0,0
1756702522,3389,-0.02,0.0,-0.07,0.0,0.0,0.0,0.0,0.0,0,0,0
1756702522,3390,-0.05,0.0,-0.03,0.0,0.0,0.0,0.0,0.0,0,0,0
1756702522,3391,-0.02,0.0,-0.05,0.0,0.0,0.0,0.0,0.0,0,0,0
1756702522,3392,0.0,0.0,-0.05,0.0,0.0,0.0,0.0,0.0,0,0,0
1756702522,3393,0.01,0.0,0.15,0.0,0.0,0.0,0.0,0.0,0,0,0
1756702522,3394,0.01,0.0,0.0,0.0,0.0,0.0,0.0,0.0,0,0,0
1756702522,3395,-0.02,0.0,0.27,0.0,0.0,0.0,0.0,0.0,0,0,0
1756702522,3396,0.0,0.0,0.2,0.0,0.0,0.0,0.0,0.0,0,0,0
1756702522,3397,0.0,0.0,0.28,0.0,0.0,0.0,0.0,0.0,0,0,0
1756702522,3398,-0.01,0.0,0.37,0.0,0.0,0.0,0.0,0.0,0,0,0
1756702522,3399,0.0,0.0,0.43,0.0,0.0,0.0,0.0,0.0,0,0,0
1756702522,3400,0.01,0.0,0.5,0.0,0.0,0.0,0.0,0.0,0,0,0
1756702522,3401,0.0,0.0,0.5,0.0,0.0,0.0,0.0,0.0,0,0,0
1756702522,3402,0.01,0.0,0.55,0.0,0.0,0.0,0.0,0.0,0,0,0
1756702522,3403,-0.05,0.0,0.46,0.0,0.0,0.0,0.0,0.0,0,0,0
1756702522,3404,-0.03,0.0,0.46,0.0,0.0,0.0,0.0,0.0,0,0,0
1756702522,3405,0.0,0.0,0.62,0.0,0.0,0.0,0.0,0.0,0,0,0
1756702522,3406,-0.03,0.0,0.62,0.0,0.0,0.0,0.0,0.0,0,0,0
1756702522,3407,0.0,0.0,0.46,0.0,0.0,0.0,0.0,0.0,0,0,0
1756702522,3408,0.0,0.0,0.5,0.0,0.0,0.0,0.0,0.0,0,0,0
1756702522,3409,0.0,0.0,0.31,0.0,0.0,0.0,0.0,0.0,0,0,0
1756702522,3410,0.0,0.0,0.33,0.0,0.0,0.0,0.0,0.0,0,0,0
1756702522,3411,-0.01,0.0,0.37,0.0,0.0,0.0,0.0,0.0,0,0,0
1756702522,3412,0.0,0.0,0.46,0.0,0.0,0.0,0.0,0.0,0,0,0
1756702522,3413,0.0,0.0,0.18,0.0,0.0,0.0,0.0,0.0,0,0,0
1756702522,3414,0.01,0.0,0.34,0.0,0.0,0.0,0.0,0.0,0,0,0
1756702522,3415,0.0,0.0,-0.11,0.0,0.0,0.0,0.0,0.0,0,0,0
1756702522,3416,0.0,0.0,-0.01,0.0,0.0,0.0,0.0,0.0,0,0,0
1756702522,3417,-0.02,0.0,-0.01,0.0,0.0,0.0,0.0,0.0,0,0,0
1756702522,3418,0.0,0.0,0.23,0.0,0.0,0.0,0.0,0.0,0,0,0
1756702522,3419,0.02,0.0,0.1,0.0,0.0,0.0,0.0,0.0,0,0,0
1756702522,3420,-0.02,0.0,0.01,0.0,0.0,0.0,0.0,0.0,0,0,0
1756702522,3421,0.0,0.0,0.0,0.0,0.0,0.0,0.0,0.0,0,0,0
1756702523,3422,0.0,0.0,-0.07,0.0,0.0,0.0,0.0,0.0,0,0,0
1756702523,3423,0.0,0.0,-0.17,0.0,0.0,0.0,0.0,0.0,0,0,0
1756702523,3424,0.02,0.0,-0.17,0.0,0.0,0.0,0.0,0.0,0,0,0
1756702523,3425,0.0,0.0,-0.25,0.0,0.0,0.0,0.0,0.0,0,0,0
1756702523,3426,-0.03,0.0,-0.25,0.0,0.0,0.0,0.0,0.0,0,0,0
1756702523,3427,0.01,0.0,-0.25,0.0,0.0,0.0,0.0,0.0,0,0,0
1756702523,3428,-0.01,0.0,-0.23,0.0,0.0,0.0,0.0,0.0,0,0,0
1756702523,3429,0.0,0.0,-0.3,0.0,0.0,0.0,0.0,0.0,0,0,0
1756702523,3430,0.0,0.0,-0.28,0.0,0.0,0.0,0.0,0.0,0,0,0
1756702523,3431,0.0,0.0,-0.31,0.0,0.0,0.0,0.0,0.0,0,0,0
1756702523,3432,0.0,0.0,-0.34,0.0,0.0,0.0,0.0,0.0,0,0,0
1756702523,3433,-0.05,0.0,-0.31,0.0,0.0,0.0,0.0,0.0,0,0,0
1756702523,3434,0.0,0.0,-0.3,0.0,0.0,0.0,0.0,0.0,0,0,0
1756702523,3435,-0.02,0.0,-0.34,0.0,0.0,0.0,0.0,0.0,0,0,0
1756702523,3436,0.0,0.0,-0.27,0.0,0.0,0.0,0.0,0.0,0,0,0
1756702523,3437,-0.02,0.0,-0.33,0.0,0.0,0.0,0.0,0.0,0,0,0
1756702523,3438,-0.02,0.0,-0.34,0.0,0.0,0.0,0.0,0.0,0,0,0
1756702523,3439,-0.01,0.0,-0.28,0.0,0.0,0.0,0.0,0.0,0,0,0
1756702523,3440,-0.05,0.0,-0.27,0.0,0.0,0.0,0.0,0.0,0,0,0
1756702523,3441,-0.03,0.0,-0.23,0.0,0.0,0.0,0.0,0.0,0,0,0
1756702523,3442,0.0,0.0,-0.21,0.0,0.0,0.0,0.0,0.0,0,0,0
1756702523,3443,0.0,0.0,-0.17,0.0,0.0,0.0,0.0,0.0,0,0,0
1756702523,3444,-0.03,0.0,-0.12,0.0,0.0,0.0,0.0,0.0,0,0,0
1756702523,3445,-0.01,0.0,-0.1,0.0,0.0,0.0,0.0,0.0,0,0,0
1756702523,3446,0.0,0.0,-0.07,0.0,0.0,0.0,0.0,0.0,0,0,0
1756702523,3447,0.0,0.0,-0.01,0.0,0.0,0.0,0.0,0.0,0,0,0
1756702523,3448,-0.05,0.0,0.03,0.0,0.0,0.0,0.0,0.0,0,0,0
1756702523,3449,0.01,0.0,0.09,0.0,0.0,0.0,0.0,0.0,0,0,0
1756702523,3450,-0.02,0.0,0.14,0.0,0.0,0.0,0.0,0.0,0,0,0
1756702523,3451,-0.05,0.0,0.14,0.0,0.0,0.0,0.0,0.0,0,0,0
1756702523,3452,-0.03,0.0,0.2,0.0,0.0,0.0,0.0,0.0,0,0,0
1756702523,3453,-0.03,0.0,0.18,0.0,0.0,0.0,0.0,0.0,0,0,0
1756702523,3454,0.0,0.0,0.17,0.0,0.0,0.0,0.0,0.0,0,0,0
1756702523,3455,-0.02,0.0,0.12,0.0,0.0,0.0,0.0,0.0,0,0,0
1756702523,3456,0.0,0.0,0.14,0.0,0.0,0.0,0.0,0.0,0,0,0
1756702523,3457,-0.01,0.0,0.07,0.0,0.0,0.0,0.0,0.0,0,0,0
1756702523,3458,0.0,0.0,0.1,0.0,0.0,0.0,0.0,0.0,0,0,0
1756702523,3459,0.0,0.0,0.07,0.0,0.0,0.0,0.0,0.0,0,0,0
1756702523,3460,0.0,0.0,0.05,0.0,0.0,0.0,0.0,0.0,0,0,0
1756702523,3461,0.0,0.0,0.1,0.0,0.0,0.0,0.0,0.0,0,0,0
1756702523,3462,0.02,0.0,0.05,0.0,0.0,0.0,0.0,0.0,0,0,0
1756702523,3463,0.02,0.0,0.0,0.0,0.0,0.0,0.0,0.0,0,0,0
1756702523,3464,-0.03,0.0,0.01,0.0,0.0,0.0,0.0,0.0,0,0,0
1756702523,3465,-0.03,0.0,0.05,0.0,0.0,0.0,0.0,0.0,0,0,0
1756702523,3466,0.0,0.0,0.0,0.0,0.0,0.0,0.0,0.0,0,0,0
1756702523,3467,-0.03,0.0,-0.09,0.0,0.0,0.0,0.0,0.0,0,0,0
1756702523,3468,0.0,0.0,-0.02,0.0,0.0,0.0,0.0,0.0,0,0,0
1756702523,3469,0.01,0.0,-0.01,0.0,0.0,0.0,0.0,0.0,0,0,0
1756702523,3470,0.0,0.0,-0.01,0.0,0.0,0.0,0.0,0.0,0,0,0
1756702523,3471,0.0,0.0,-0.01,0.0,0.0,0.0,0.0,0.0,0,0,0
1756702523,3472,-0.05,0.0,0.07,0.0,0.0,0.0,0.0,0.0,0,0,0
1756702523,3473,0.0,0.0,0.0,0.0,0.0,0.0,0.0,0.0,0,0,0
1756702523,3474,0.0,0.0,0.0,0.0,0.0,0.0,0.0,0.0,0,0,0
1756702523,3475,0.0,0.0,0.0,0.0,0.0,0.0,0.0,0.0,0,0,0
1756702523,3476,0.0,0.0,-0.05,0.0,0.0,0.0,0.0,0.0,0,0,0
1756702523,3477,0.0,0.0,0.0,0.0,0.0,0.0,0.0,0.0,0,0,0
1756702523,3478,-0.05,0.0,-0.05,0.0,0.0,0.0,0.0,0.0,0,0,0
1756702523,3479,-0.05,0.0,-0.07,0.0,0.0,0.0,0.0,0.0,0,0,0
1756702523,3480,0.0,0.0,-0.12,0.0,0.0,0.0,0.0,0.0,0,0,0
1756702523,3481,0.0,0.0,-0.05,0.0,0.0,0.0,0.0,0.0,0,0,0
1756702523,3482,0.0,0.0,0.0,0.0,0.0,0.0,0.0,0.0,0,0,0
1756702523,3483,0.07,0.0,-0.07,0.0,0.0,0.0,0.0,0.0,0,0,0
1756702523,3484,-0.01,0.0,-0.03,0.0,0.0,0.0,0.0,0.0,0,0,0
1756702523,3485,-0.03,0.0,0.0,0.0,0.0,0.0,0.0,0.0,0,0,0
1756702523,3486,0.02,0.0,0.01,0.0,0.0,0.0,0.0,0.0,0,0,0
1756702524,3487,0.0,0.0,-0.05,0.0,0.0,0.0,0.0,0.0,0,0,0
1756702524,3488,-0.01,0.0,-0.05,0.0,0.0,0.0,0.0,0.0,0,0,0
1756702524,3489,-0.01,0.0,0.0,0.0,0.0,0.0,0.0,0.0,0,0,0
1756702524,3490,0.0,0.0,-0.05,0.0,0.0,0.0,0.0,0.0,0,0,0
1756702524,3491,0.0,0.0,-0.1,0.0,0.0,0.0,0.0,0.0,0,0,0
1756702524,3492,0.0,0.0,-0.03,0.0,0.0,0.0,0.0,0.0,0,0,0
1756702524,3493,-0.01,0.0,-0.02,0.0,0.0,0.0,0.0,0.0,0,0,0
1756702524,3494,0.0,0.0,-0.03,0.0,0.0,0.0,0.0,0.0,0,0,0
1756702524,3495,0.0,0.0,-0.05,0.0,0.0,0.0,0.0,0.0,0,0,0
1756702524,3496,0.01,0.0,-0.05,0.0,0.0,0.0,0.0,0.0,0,0,0
1756702524,3497,-0.05,0.0,-0.07,0.0,0.0,0.0,0.0,0.0,0,0,0
1756702524,3498,-0.02,0.0,-0.05,0.0,0.0,0.0,0.0,0.0,0,0,0
1756702524,3499,-0.03,0.0,-0.05,0.0,0.0,0.0,0.0,0.0,0,0,0
1756702524,3500,0.0,0.0,-0.01,0.0,0.0,0.0,0.0,0.0,0,0,0
1756702524,3501,0.02,0.0,-0.05,0.0,0.0,0.0,0.0,0.0,0,0,0
1756702524,3502,0.05,0.0,-0.01,0.0,0.0,0.0,0.0,0.0,0,0,0
1756702524,3503,0.0,0.0,-0.05,0.0,0.0,0.0,0.0,0.0,0,0,0
1756702524,3504,0.02,0.0,0.0,0.0,0.0,0.0,0.0,0.0,0,0,0
1756702524,3505,0.03,0.0,-0.03,0.0,0.0,0.0,0.0,0.0,0,0,0
1756702524,3506,-0.05,0.0,-0.11,0.0,0.0,0.0,0.0,0.0,0,0,0
1756702524,3507,0.02,0.0,-0.01,0.0,0.0,0.0,0.0,0.0,0,0,0
1756702524,3508,0.02,0.0,-0.07,0.0,0.0,0.0,0.0,0.0,0,0,0
1756702524,3509,-0.07,0.0,-0.01,0.0,0.0,0.0,0.0,0.0,0,0,0
1756702524,3510,-0.01,0.0,-0.03,0.0,0.0,0.0,0.0,0.0,0,0,0
1756702524,3511,-0.01,0.0,-0.01,0.0,0.0,0.0,0.0,0.0,0,0,0
1756702524,3512,-0.05,0.0,-0.05,0.0,0.0,0.0,0.0,0.0,0,0,0
1756702524,3513,0.05,0.0,-0.03,0.0,0.0,0.0,0.0,0.0,0,0,0
1756702524,3514,-0.02,0.0,-0.05,0.0,0.0,0.0,0.0,0.0,0,0,0
1756702524,3515,0.0,0.0,-0.07,0.0,0.0,0.0,0.0,0.0,0,0,0
1756702524,3516,0.0,0.0,-0.07,0.0,0.0,0.0,0.0,0.0,0,0,0
1756702524,3517,-0.05,0.0,-0.05,0.0,0.0,0.0,0.0,0.0,0,0,0
1756702524,3518,0.0,0.0,-0.01,0.0,0.0,0.0,0.0,0.0,0,0,0
1756702524,3519,-0.05,0.0,-0.07,0.0,0.0,0.0,0.0,0.0,0,0,0
1756702524,3520,0.03,0.0,-0.07,0.0,0.0,0.0,0.0,0.0,0,0,0
1756702524,3521,-0.07,0.0,-0.02,0.0,0.0,0.0,0.0,0.0,0,0,0
1756702524,3522,-0.02,0.0,-0.05,0.0,0.0,0.0,0.0,0.0,0,0,0
1756702524,3523,0.01,0.0,-0.03,0.0,0.0,0.0,0.0,0.0,0,0,0
1756702524,3524,0.0,0.0,-0.05,0.0,0.0,0.0,0.0,0.0,0,0,0
1756702524,3525,0.0,0.0,-0.05,0.0,0.0,0.0,0.0,0.0,0,0,0
1756702524,3526,0.0,0.0,-0.05,0.0,0.0,0.0,0.0,0.0,0,0,0
1756702524,3527,0.01,0.0,-0.01,0.0,0.0,0.0,0.0,0.0,0,0,0
1756702524,3528,0.0,0.0,-0.03,0.0,0.0,0.0,0.0,0.0,0,0,0
1756702524,3529,0.02,0.0,-0.02,0.0,0.0,0.0,0.0,0.0,0,0,0
1756702524,3530,0.0,0.0,-0.1,0.0,0.0,0.0,0.0,0.0,0,0,0
1756702524,3531,0.0,0.0,-0.09,0.0,0.0,0.0,0.0,0.0,0,0,0
1756702524,3532,0.01,0.0,-0.01,0.0,0.0,0.0,0.0,0.0,0,0,0
1756702524,3533,0.0,0.0,-0.02,0.0,0.0,0.0,0.0,0.0,0,0,0
1756702524,3534,0.0,0.0,-0.02,0.0,0.0,0.0,0.0,0.0,0,0,0
1756702524,3535,-0.03,0.0,0.01,0.0,0.0,0.0,0.0,0.0,0,0,0
1756702524,3536,-0.05,0.0,-0.05,0.0,0.0,0.0,0.0,0.0,0,0,0
1756702524,3537,0.07,0.0,-0.02,0.0,0.0,0.0,0.0,0.0,0,0,0
1756702524,3538,0.01,0.0,0.0,0.0,0.0,0.0,0.0,0.0,0,0,0
1756702524,3539,0.0,0.0,0.0,0.0,0.0,0.0,0.0,0.0,0,0,0
1756702524,3540,0.0,0.0,-0.03,0.0,0.0,0.0,0.0,0.0,0,0,0
1756702524,3541,0.0,0.0,-0.01,0.0,0.0,0.0,0.0,0.0,0,0,0
1756702524,3542,0.0,0.0,0.0,0.0,0.0,0.0,0.0,0.0,0,0,0
1756702524,3543,0.0,0.0,-0.03,0.0,0.0,0.0,0.0,0.0,0,0,0
1756702524,3544,0.0,0.0,-0.07,0.0,0.0,0.0,0.0,0.0,0,0,0
1756702524,3545,0.0,0.0,-0.03,0.0,0.0,0.0,0.0,0.0,0,0,0
1756702524,3546,0.0,0.0,-0.03,0.0,0.0,0.0,0.0,0.0,0,0,0
1756702524,3547,0.01,0.0,-0.05,0.0,0.0,0.0,0.0,0.0,0,0,0
1756702524,3548,-0.01,0.0,-0.02,0.0,0.0,0.0,0.0,0.0,0,0,0
1756702524,3549,-0.02,0.0,-0.09,0.0,0.0,0.0,0.0,0.0,0,0,0
1756702524,3550,0.03,0.0,0.0,0.0,0.0,0.0,0.0,0.0,0,0,0
1756702524,3551,0.0,0.0,-0.1,0.0,0.0,0.0,0.0,0.0,0,0,0
1756702525,3552,0.0,0.0,0.0,0.0,0.0,0.0,0.0,0.0,0,0,0
1756702525,3553,0.0,0.0,-0.05,0.0,0.0,0.0,0.0,0.0,0,0,0
1756702525,3554,0.0,0.0,-0.05,0.0,0.0,0.0,0.0,0.0,0,0,0
1756702525,3555,0.0,0.0,0.0,0.0,0.0,0.0,0.0,0.0,0,0,0
1756702525,3556,0.03,0.0,-0.05,0.0,0.0,0.0,0.0,0.0,0,0,0
1756702525,3557,0.0,0.0,-0.03,0.0,0.0,0.0,0.0,0.0,0,0,0
1756702525,3558,-0.05,0.0,-0.03,0.0,0.0,0.0,0.0,0.0,0,0,0
1756702525,3559,0.01,0.0,0.0,0.0,0.0,0.0,0.0,0.0,0,0,0
1756702525,3560,0.0,0.0,0.0,0.0,0.0,0.0,0.0,0.0,0,0,0
1756702525,3561,0.01,0.0,-0.05,0.0,0.0,0.0,0.0,0.0,0,0,0
1756702525,3562,0.01,0.0,0.0,0.0,0.0,0.0,0.0,0.0,0,0,0
1756702525,3563,0.0,0.0,0.0,0.0,0.0,0.0,0.0,0.0,0,0,0
1756702525,3564,0.0,0.0,-0.03,0.0,0.0,0.0,0.0,0.0,0,0,0
1756702525,3565,-0.05,0.0,-0.02,0.0,0.0,0.0,0.0,0.0,0,0,0
1756702525,3566,0.01,0.0,-0.07,0.0,0.0,0.0,0.0,0.0,0,0,0
1756702525,3567,0.01,0.0,-0.07,0.0,0.0,0.0,0.0,0.0,0,0,0
1756702525,3568,0.0,0.0,-0.05,0.0,0.0,0.0,0.0,0.0,0,0,0
1756702525,3569,0.05,0.0,-0.01,0.0,0.0,0.0,0.0,0.0,0,0,0
1756702525,3570,0.1,0.0,-0.01,0.0,0.0,0.0,0.0,0.0,0,0,0
1756702525,3571,0.0,0.0,0.05,0.0,0.0,0.0,0.0,0.0,0,0,0
1756702525,3572,0.03,0.0,-0.11,0.0,0.0,0.0,0.0,0.0,0,0,0
1756702525,3573,0.02,0.0,-0.01,0.0,0.0,0.0,0.0,0.0,0,0,0
1756702525,3574,0.0,0.0,0.0,0.0,0.0,0.0,0.0,0.0,0,0,0
1756702525,3575,0.0,0.0,-0.02,0.0,0.0,0.0,0.0,0.0,0,0,0
1756702525,3576,0.0,0.0,0.0,0.0,0.0,0.0,0.0,0.0,0,0,0
1756702525,3577,-0.05,0.0,-0.03,0.0,0.0,0.0,0.0,0.0,0,0,0
1756702525,3578,0.0,0.0,-0.03,0.0,0.0,0.0,0.0,0.0,0,0,0
1756702525,3579,-0.05,0.0,-0.07,0.0,0.0,0.0,0.0,0.0,0,0,0
1756702525,3580,-0.01,0.0,0.02,0.0,0.0,0.0,0.0,0.0,0,0,0
1756702525,3581,0.0,0.0,0.0,0.0,0.0,0.0,0.0,0.0,0,0,0
1756702525,3582,0.03,0.0,-0.01,0.0,0.0,0.0,0.0,0.0,0,0,0
1756702525,3583,0.0,0.0,-0.07,0.0,0.0,0.0,0.0,0.0,0,0,0
1756702525,3584,0.0,0.0,0.0,0.0,0.0,0.0,0.0,0.0,0,0,0
1756702525,3585,-0.01,0.0,-0.03,0.0,0.0,0.0,0.0,0.0,0,0,0
1756702525,3586,0.01,0.0,-0.01,0.0,0.0,0.0,0.0,0.0,0,0,0
1756702525,3587,0.02,0.0,-0.03,0.0,0.0,0.0,0.0,0.0,0,0,0
1756702525,3588,0.01,0.0,0.0,0.0,0.0,0.0,0.0,0.0,0,0,0
1756702525,3589,0.01,0.0,-0.02,0.0,0.0,0.0,0.0,0.0,0,0,0
1756702525,3590,0.05,0.0,-0.07,0.0,0.0,0.0,0.0,0.0,0,0,0
1756702525,3591,0.02,0.0,-0.09,0.0,0.0,0.0,0.0,0.0,0,0,0
1756702525,3592,-0.05,0.0,-0.09,0.0,0.0,0.0,0.0,0.0,0,0,0
1756702525,3593,0.0,0.0,0.0,0.0,0.0,0.0,0.0,0.0,0,0,0
1756702525,3594,0.0,0.0,-0.01,0.0,0.0,0.0,0.0,0.0,0,0,0
1756702525,3595,0.02,0.0,-0.02,0.0,0.0,0.0,0.0,0.0,0,0,0
1756702525,3596,0.05,0.0,-0.07,0.0,0.0,0.0,0.0,0.0,0,0,0
1756702525,3597,0.0,0.0,-0.1,0.0,0.0,0.0,0.0,0.0,0,0,0
1756702525,3598,-0.03,0.0,0.02,0.0,0.0,0.0,0.0,0.0,0,0,0
1756702525,3599,0.0,0.0,0.02,0.0,0.0,0.0,0.0,0.0,0,0,0
1756702525,3600,-0.02,0.0,0.0,0.0,0.0,0.0,0.0,0.0,0,0,0
1756702525,3601,0.0,0.0,-0.07,0.0,0.0,0.0,0.0,0.0,0,0,0
1756702525,3602,0.0,0.0,0.0,0.0,0.0,0.0,0.0,0.0,0,0,0
1756702525,3603,0.0,0.0,-0.03,0.0,0.0,0.0,0.0,0.0,0,0,0
1756702525,3604,0.02,0.0,0.0,0.0,0.0,0.0,0.0,0.0,0,0,0
1756702525,3605,0.01,0.0,0.0,0.0,0.0,0.0,0.0,0.0,0,0,0
1756702525,3606,0.0,0.0,0.0,0.0,0.0,0.0,0.0,0.0,0,0,0
1756702525,3607,0.0,0.0,-0.05,0.0,0.0,0.0,0.0,0.0,0,0,0
1756702525,3608,0.0,0.0,-0.01,0.0,0.0,0.0,0.0,0.0,0,0,0
1756702525,3609,0.02,0.0,-0.02,0.0,0.0,0.0,0.0,0.0,0,0,0
1756702525,3610,0.0,0.0,-0.03,0.0,0.0,0.0,0.0,0.0,0,0,0
1756702525,3611,0.01,0.0,0.0,0.0,0.0,0.0,0.0,0.0,0,0,0
1756702525,3612,0.01,0.0,-0.02,0.0,0.0,0.0,0.0,0.0,0,0,0
1756702525,3613,-0.05,0.0,-0.05,0.0,0.0,0.0,0.0,0.0,0,0,0
1756702525,3614,0.05,0.0,-0.1,0.0,0.0,0.0,0.0,0.0,0,0,0
1756702525,3615,0.0,0.0,-0.02,0.0,0.0,0.0,0.0,0.0,0,0,0
1756702525,3616,0.02,0.0,0.0,0.0,0.0,0.0,0.0,0.0,0,0,0
1756702525,3617,-0.01,0.0,-0.01,0.0,0.0,0.0,0.0,0.0,0,0,0
1756702525,3618,-0.01,0.0,-0.01,0.0,0.0,0.0,0.0,0.0,0,0,0
1756702525,3619,0.02,0.0,-0.01,0.0,0.0,0.0,0.0,0.0,0,0,0
1756702525,3620,0.01,0.0,-0.03,0.0,0.0,0.0,0.0,0.0,0,0,0
1756702525,3621,0.0,0.0,-0.03,0.0,0.0,0.0,0.0,0.0,0,0,0
1756702526,3622,0.05,0.0,0.0,0.0,0.0,0.0,0.0,0.0,0,0,0
1756702526,3623,0.03,0.0,0.0,0.0,0.0,0.0,0.0,0.0,0,0,0
1756702526,3624,0.12,0.0,0.1,0.0,0.0,0.0,0.0,0.0,0,0,0
1756702526,3625,0.0,0.0,-0.05,0.0,0.0,0.0,0.0,0.0,0,0,0
1756702526,3626,0.0,0.0,-0.05,0.0,0.0,0.0,0.0,0.0,0,0,0
1756702526,3627,-0.03,0.0,-0.03,0.0,0.0,0.0,0.0,0.0,0,0,0
1756702526,3628,0.0,0.0,-0.1,0.0,0.0,0.0,0.0,0.0,0,0,0
1756702526,3629,0.0,0.0,-0.05,0.0,0.0,0.0,0.0,0.0,0,0,0
1756702526,3630,0.03,0.0,-0.02,0.0,0.0,0.0,0.0,0.0,0,0,0
1756702526,3631,-0.01,0.0,-0.05,0.0,0.0,0.0,0.0,0.0,0,0,0
1756702526,3632,-0.05,0.0,0.0,0.0,0.0,0.0,0.0,0.0,0,0,0
1756702526,3633,0.01,0.0,-0.01,0.0,0.0,0.0,0.0,0.0,0,0,0
1756702526,3634,-0.02,0.0,-0.02,0.0,0.0,0.0,0.0,0.0,0,0,0
1756702526,3635,0.05,0.0,-0.01,0.0,0.0,0.0,0.0,0.0,0,0,0
1756702526,3636,0.0,0.0,-0.02,0.0,0.0,0.0,0.0,0.0,0,0,0
1756702526,3637,0.03,0.0,-0.01,0.0,0.0,0.0,0.0,0.0,0,0,0
1756702526,3638,0.0,0.0,-0.05,0.0,0.0,0.0,0.0,0.0,0,0,0
1756702526,3639,0.0,0.0,-0.11,0.0,0.0,0.0,0.0,0.0,0,0,0
1756702526,3640,0.0,0.0,-0.01,0.0,0.0,0.0,0.0,0.0,0,0,0
1756702526,3641,0.0,0.0,-0.01,0.0,0.0,0.0,0.0,0.0,0,0,0
1756702526,3642,-0.01,0.0,0.03,0.0,0.0,0.0,0.0,0.0,0,0,0
1756702526,3643,0.0,0.0,-0.09,0.0,0.0,0.0,0.0,0.0,0,0,0
1756702526,3644,0.0,0.0,-0.01,0.0,0.0,0.0,0.0,0.0,0,0,0
1756702526,3645,0.0,0.0,0.0,0.0,0.0,0.0,0.0,0.0,0,0,0
1756702526,3646,-0.01,0.0,-0.02,0.0,0.0,0.0,0.0,0.0,0,0,0
1756702526,3647,0.0,0.0,-0.01,0.0,0.0,0.0,0.0,0.0,0,0,0
1756702526,3648,0.05,0.0,-0.03,0.0,0.0,0.0,0.0,0.0,0,0,0
1756702526,3649,0.02,0.0,-0.03,0.0,0.0,0.0,0.0,0.0,0,0,0
1756702526,3650,0.0,0.0,-0.02,0.0,0.0,0.0,0.0,0.0,0,0,0
1756702526,3651,0.02,0.0,0.0,0.0,0.0,0.0,0.0,0.0,0,0,0
1756702526,3652,0.0,0.0,0.0,0.0,0.0,0.0,0.0,0.0,0,0,0
1756702526,3653,-0.05,0.0,-0.14,0.0,0.0,0.0,0.0,0.0,0,0,0
1756702526,3654,0.0,0.0,-0.01,0.0,0.0,0.0,0.0,0.0,0,0,0
1756702526,3655,0.01,0.0,-0.05,0.0,0.0,0.0,0.0,0.0,0,0,0
1756702526,3656,0.0,0.0,0.0,0.0,0.0,0.0,0.0,0.0,0,0,0
1756702526,3657,0.0,0.0,0.0,0.0,0.0,0.0,0.0,0.0,0,0,0
1756702526,3658,0.0,0.0,-0.05,0.0,0.0,0.0,0.0,0.0,0,0,0
1756702526,3659,0.02,0.0,0.07,0.0,0.0,0.0,0.0,0.0,0,0,0
1756702526,3660,0.0,0.0,-0.03,0.0,0.0,0.0,0.0,0.0,0,0,0
1756702526,3661,0.0,0.0,-0.02,0.0,0.0,0.0,0.0,0.0,0,0,0
1756702526,3662,0.0,0.0,-0.02,0.0,0.0,0.0,0.0,0.0,0,0,0
1756702526,3663,0.05,0.0,-0.01,0.0,0.0,0.0,0.0,0.0,0,0,0
1756702526,3664,-0.1,0.0,-0.01,0.0,0.0,0.0,0.0,0.0,0,0,0
1756702526,3665,0.01,0.0,-0.07,0.0,0.0,0.0,0.0,0.0,0,0,0
1756702526,3666,-0.02,0.0,-0.02,0.0,0.0,0.0,0.0,0.0,0,0,0
1756702526,3667,0.0,0.0,-0.07,0.0,0.0,0.0,0.0,0.0,0,0,0
1756702526,3668,0.05,0.0,0.0,0.0,0.0,0.0,0.0,0.0,0,0,0
1756702526,3669,0.0,0.0,-0.03,0.0,0.0,0.0,0.0,0.0,0,0,0
1756702526,3670,0.0,0.0,-0.01,0.0,0.0,0.0,0.0,0.0,0,0,0
1756702526,3671,0.0,0.0,0.0,0.0,0.0,0.0,0.0,0.0,0,0,0
1756702526,3672,-0.05,0.0,0.0,0.0,0.0,0.0,0.0,0.0,0,0,0
1756702526,3673,0.0,0.0,-0.03,0.0,0.0,0.0,0.0,0.0,0,0,0
1756702526,3674,0.03,0.0,-0.07,0.0,0.0,0.0,0.0,0.0,0,0,0
1756702526,3675,0.0,0.0,-0.02,0.0,0.0,0.0,0.0,0.0,0,0,0
1756702526,3676,0.0,0.0,0.0,0.0,0.0,0.0,0.0,0.0,0,0,0
1756702526,3677,-0.01,0.0,-0.05,0.0,0.0,0.0,0.0,0.0,0,0,0
1756702526,3678,0.0,0.0,-0.02,0.0,0.0,0.0,0.0,0.0,0,0,0
1756702526,3679,0.05,0.0,0.0,0.0,0.0,0.0,0.0,0.0,0,0,0
1756702526,3680,0.0,0.0,-0.05,0.0,0.0,0.0,0.0,0.0,0,0,0
1756702526,3681,0.05,0.0,-0.03,0.0,0.0,0.0,0.0,0.0,0,0,0
1756702526,3682,0.15,0.0,-0.05,0.0,0.0,0.0,0.0,0.0,0,0,0
1756702527,3683,0.0,0.0,0.0,0.0,0.0,0.0,0.0,0.0,0,0,0
1756702527,3684,0.0,0.0,-0.1,0.0,0.0,0.0,0.0,0.0,0,0,0
1756702527,3685,0.0,0.0,0.07,0.0,0.0,0.0,0.0,0.0,0,0,0
1756702527,3686,0.0,0.0,-0.05,0.0,0.0,0.0,0.0,0.0,0,0,0
1756702527,3687,-0.01,0.0,-0.05,0.0,0.0,0.0,0.0,0.0,0,0,0
1756702527,3688,0.0,0.0,-0.01,0.0,0.0,0.0,0.0,0.0,0,0,0
1756702527,3689,0.0,0.0,0.03,0.0,0.0,0.0,0.0,0.0,0,0,0
1756702527,3690,-0.1,0.0,0.0,0.0,0.0,0.0,0.0,0.0,0,0,0
1756702527,3691,-0.03,0.0,-0.1,0.0,0.0,0.0,0.0,0.0,0,0,0
1756702527,3692,0.09,0.0,0.0,0.0,0.0,0.0,0.0,0.0,0,0,0
1756702527,3693,0.0,0.0,-0.03,0.0,0.0,0.0,0.0,0.0,0,0,0
1756702527,3694,0.02,0.0,-0.05,0.0,0.0,0.0,0.0,0.0,0,0,0
1756702527,3695,0.0,0.0,-0.01,0.0,0.0,0.0,0.0,0.0,0,0,0
1756702527,3696,0.0,0.0,0.0,0.0,0.0,0.0,0.0,0.0,0,0,0
1756702527,3697,0.01,0.0,0.0,0.0,0.0,0.0,0.0,0.0,0,0,0
1756702527,3698,0.0,0.0,0.0,0.0,0.0,0.0,0.0,0.0,0,0,0
1756702527,3699,0.05,0.0,-0.1,0.0,0.0,0.0,0.0,0.0,0,0,0
1756702527,3700,0.0,0.0,-0.05,0.0,0.0,0.0,0.0,0.0,0,0,0
1756702527,3701,0.05,0.0,0.0,0.0,0.0,0.0,0.0,0.0,0,0,0
1756702527,3702,0.02,0.0,-0.02,0.0,0.0,0.0,0.0,0.0,0,0,0
1756702527,3703,0.05,0.0,-0.1,0.0,0.0,0.0,0.0,0.0,0,0,0
1756702527,3704,-0.05,0.0,0.0,0.0,0.0,0.0,0.0,0.0,0,0,0
1756702527,3705,-0.02,0.0,0.0,0.0,0.0,0.0,0.0,0.0,0,0,0
1756702527,3706,-0.05,0.0,-0.02,0.0,0.0,0.0,0.0,0.0,0,0,0
1756702527,3707,-0.02,0.0,-0.01,0.0,0.0,0.0,0.0,0.0,0,0,0
1756702527,3708,-0.02,0.0,0.0,0.0,0.0,0.0,0.0,0.0,0,0,0
1756702527,3709,0.05,0.0,-0.02,0.0,0.0,0.0,0.0,0.0,0,0,0
1756702527,3710,0.01,0.0,0.0,0.0,0.0,0.0,0.0,0.0,0,0,0
1756702527,3711,0.03,0.0,-0.05,0.0,0.0,0.0,0.0,0.0,0,0,0
1756702527,3712,0.05,0.0,0.0,0.0,0.0,0.0,0.0,0.0,0,0,0
1756702527,3713,0.0,0.0,0.03,0.0,0.0,0.0,0.0,0.0,0,0,0
1756702527,3714,0.0,0.0,0.05,0.0,0.0,0.0,0.0,0.0,0,0,0
1756702527,3715,0.03,0.0,0.03,0.0,0.0,0.0,0.0,0.0,0,0,0
1756702527,3716,-0.01,0.0,-0.01,0.0,0.0,0.0,0.0,0.0,0,0,0
1756702527,3717,0.02,0.0,-0.02,0.0,0.0,0.0,0.0,0.0,0,0,0
1756702527,3718,0.0,0.0,-0.07,0.0,0.0,0.0,0.0,0.0,0,0,0
1756702527,3719,0.02,0.0,0.0,0.0,0.0,0.0,0.0,0.0,0,0,0
1756702527,3720,0.0,0.0,-0.03,0.0,0.0,0.0,0.0,0.0,0,0,0
1756702527,3721,0.01,0.0,-0.02,0.0,0.0,0.0,0.0,0.0,0,0,0
1756702527,3722,0.0,0.0,-0.01,0.0,0.0,0.0,0.0,0.0,0,0,0
1756702527,3723,0.0,0.0,0.0,0.0,0.0,0.0,0.0,0.0,0,0,0
1756702527,3724,-0.07,0.0,-0.07,0.0,0.0,0.0,0.0,0.0,0,0,0
1756702527,3725,0.0,0.0,0.0,0.0,0.0,0.0,0.0,0.0,0,0,0
1756702527,3726,0.0,0.0,-0.01,0.0,0.0,0.0,0.0,0.0,0,0,0
1756702527,3727,0.0,0.0,-0.01,0.0,0.0,0.0,0.0,0.0,0,0,0
1756702527,3728,0.0,0.0,-0.02,0.0,0.0,0.0,0.0,0.0,0,0,0
1756702527,3729,0.01,0.0,-0.05,0.0,0.0,0.0,0.0,0.0,0,0,0
1756702527,3730,0.03,0.0,-0.03,0.0,0.0,0.0,0.0,0.0,0,0,0
1756702527,3731,0.02,0.0,-0.05,0.0,0.0,0.0,0.0,0.0,0,0,0
1756702527,3732,-0.02,0.0,-0.05,0.0,0.0,0.0,0.0,0.0,0,0,0
1756702527,3733,0.03,0.0,-0.05,0.0,0.0,0.0,0.0,0.0,0,0,0
1756702527,3734,0.0,0.0,-0.07,0.0,0.0,0.0,0.0,0.0,0,0,0
1756702527,3735,0.0,0.0,-0.03,0.0,0.0,0.0,0.0,0.0,0,0,0
1756702527,3736,0.0,0.0,0.0,0.0,0.0,0.0,0.0,0.0,0,0,0
1756702527,3737,0.03,0.0,0.0,0.0,0.0,0.0,0.0,0.0,0,0,0
1756702527,3738,0.03,0.0,-0.07,0.0,0.0,0.0,0.0,0.0,0,0,0
1756702527,3739,0.0,0.0,-0.01,0.0,0.0,0.0,0.0,0.0,0,0,0
1756702527,3740,-0.05,0.0,-0.03,0.0,0.0,0.0,0.0,0.0,0,0,0
1756702527,3741,0.0,0.0,-0.02,0.0,0.0,0.0,0.0,0.0,0,0,0
1756702527,3742,-0.05,0.0,-0.09,0.0,0.0,0.0,0.0,0.0,0,0,0
1756702527,3743,0.03,0.0,-0.02,0.0,0.0,0.0,0.0,0.0,0,0,0
1756702527,3744,0.03,0.0,-0.02,0.0,0.0,0.0,0.0,0.0,0,0,0
1756702527,3745,0.0,0.0,-0.02,0.0,0.0,0.0,0.0,0.0,0,0,0
1756702527,3746,0.05,0.0,-0.05,0.0,0.0,0.0,0.0,0.0,0,0,0
1756702527,3747,0.05,0.0,-0.02,0.0,0.0,0.0,0.0,0.0,0,0,0
1756702527,3748,0.05,0.0,-0.01,0.0,0.0,0.0,0.0,0.0,0,0,0
1756702527,3749,0.01,0.0,-0.01,0.0,0.0,0.0,0.0,0.0,0,0,0
1756702527,3750,0.0,0.0,0.01,0.0,0.0,0.0,0.0,0.0,0,0,0
1756702527,3751,0.0,0.0,-0.01,0.0,0.0,0.0,0.0,0.0,0,0,0
1756702527,3752,-0.23,0.0,-0.07,0.0,0.0,0.0,0.0,0.0,0,0,0
1756702527,3753,-0.03,0.0,-0.01,0.0,0.0,0.0,0.0,0.0,0,0,0
1756702528,3754,0.03,0.0,-0.05,0.0,0.0,0.0,0.0,0.0,0,0,0
1756702528,3755,0.0,0.0,-0.05,0.0,0.0,0.0,0.0,0.0,0,0,0
1756702528,3756,0.0,0.0,0.0,0.0,0.0,0.0,0.0,0.0,0,0,0
1756702528,3757,0.0,0.0,-0.02,0.0,0.0,0.0,0.0,0.0,0,0,0
1756702528,3758,0.05,0.0,-0.01,0.0,0.0,0.0,0.0,0.0,0,0,0
1756702528,3759,0.01,0.0,-0.07,0.0,0.0,0.0,0.0,0.0,0,0,0
1756702528,3760,0.07,0.0,0.0,0.0,0.0,0.0,0.0,0.0,0,0,0
1756702528,3761,0.1,0.0,-0.05,0.0,0.0,0.0,0.0,0.0,0,0,0
1756702528,3762,0.0,0.0,-0.02,0.0,0.0,0.0,0.0,0.0,0,0,0
1756702528,3763,0.02,0.0,-0.02,0.0,0.0,0.0,0.0,0.0,0,0,0
1756702528,3764,0.0,0.0,-0.02,0.0,0.0,0.0,0.0,0.0,0,0,0
1756702528,3765,-0.01,0.0,0.0,0.0,0.0,0.0,0.0,0.0,0,0,0
1756702528,3766,0.0,0.0,-0.05,0.0,0.0,0.0,0.0,0.0,0,0,0
1756702528,3767,0.0,0.0,-0.1,0.0,0.0,0.0,0.0,0.0,0,0,0
1756702528,3768,0.02,0.0,-0.02,0.0,0.0,0.0,0.0,0.0,0,0,0
1756702528,3769,-0.07,0.0,-0.05,0.0,0.0,0.0,0.0,0.0,0,0,0
1756702528,3770,0.0,0.0,-0.02,0.0,0.0,0.0,0.0,0.0,0,0,0
1756702528,3771,0.02,0.0,-0.03,0.0,0.0,0.0,0.0,0.0,0,0,0
1756702528,3772,0.0,0.0,-0.05,0.0,0.0,0.0,0.0,0.0,0,0,0
1756702528,3773,0.05,0.0,-0.07,0.0,0.0,0.0,0.0,0.0,0,0,0
1756702528,3774,0.0,0.0,-0.02,0.0,0.0,0.0,0.0,0.0,0,0,0
1756702528,3775,0.0,0.0,-0.05,0.0,0.0,0.0,0.0,0.0,0,0,0
1756702528,3776,0.07,0.0,0.0,0.0,0.0,0.0,0.0,0.0,0,0,0
1756702528,3777,0.0,0.0,0.0,0.0,0.0,0.0,0.0,0.0,0,0,0
1756702528,3778,0.02,0.0,0.0,0.0,0.0,0.0,0.0,0.0,0,0,0
1756702528,3779,-0.03,0.0,0.02,0.0,0.0,0.0,0.0,0.0,0,0,0
1756702528,3780,0.02,0.0,0.0,0.0,0.0,0.0,0.0,0.0,0,0,0
1756702528,3781,0.0,0.0,-0.01,0.0,0.0,0.0,0.0,0.0,0,0,0
1756702528,3782,0.0,0.0,0.0,0.0,0.0,0.0,0.0,0.0,0,0,0
1756702528,3783,0.0,0.0,-0.03,0.0,0.0,0.0,0.0,0.0,0,0,0
1756702528,3784,0.03,0.0,-0.05,0.0,0.0,0.0,0.0,0.0,0,0,0
1756702528,3785,0.01,0.0,-0.02,0.0,0.0,0.0,0.0,0.0,0,0,0
1756702528,3786,0.0,0.0,-0.01,0.0,0.0,0.0,0.0,0.0,0,0,0
1756702528,3787,-0.02,0.0,-0.01,0.0,0.0,0.0,0.0,0.0,0,0,0
1756702528,3788,-0.03,0.0,-0.01,0.0,0.0,0.0,0.0,0.0,0,0,0
1756702528,3789,0.01,0.0,-0.03,0.0,0.0,0.0,0.0,0.0,0,0,0
1756702528,3790,0.0,0.0,-0.03,0.0,0.0,0.0,0.0,0.0,0,0,0
1756702528,3791,-0.01,0.0,-0.01,0.0,0.0,0.0,0.0,0.0,0,0,0
1756702528,3792,0.0,0.0,-0.07,0.0,0.0,0.0,0.0,0.0,0,0,0
1756702528,3793,0.0,0.0,-0.05,0.0,0.0,0.0,0.0,0.0,0,0,0
1756702528,3794,0.02,0.0,-0.05,0.0,0.0,0.0,0.0,0.0,0,0,0
1756702528,3795,0.0,0.0,-0.05,0.0,0.0,0.0,0.0,0.0,0,0,0
1756702528,3796,0.0,0.0,0.0,0.0,0.0,0.0,0.0,0.0,0,0,0
1756702528,3797,0.0,0.0,-0.01,0.0,0.0,0.0,0.0,0.0,0,0,0
1756702528,3798,0.01,0.0,-0.03,0.0,0.0,0.0,0.0,0.0,0,0,0
1756702528,3799,-0.01,0.0,0.0,0.0,0.0,0.0,0.0,0.0,0,0,0
1756702528,3800,-0.1,0.0,-0.01,0.0,0.0,0.0,0.0,0.0,0,0,0
1756702528,3801,-0.02,0.0,-0.01,0.0,0.0,0.0,0.0,0.0,0,0,0
1756702528,3802,0.0,0.0,-0.05,0.0,0.0,0.0,0.0,0.0,0,0,0
1756702528,3803,0.07,0.0,-0.03,0.0,0.0,0.0,0.0,0.0,0,0,0
1756702528,3804,0.0,0.0,-0.03,0.0,0.0,0.0,0.0,0.0,0,0,0
1756702528,3805,0.0,0.0,-0.01,0.0,0.0,0.0,0.0,0.0,0,0,0
1756702528,3806,0.0,0.0,-0.05,0.0,0.0,0.0,0.0,0.0,0,0,0
1756702528,3807,-0.01,0.0,-0.03,0.0,0.0,0.0,0.0,0.0,0,0,0
1756702528,3808,-0.01,0.0,-0.01,0.0,0.0,0.0,0.0,0.0,0,0,0
1756702528,3809,0.0,0.0,-0.01,0.0,0.0,0.0,0.0,0.0,0,0,0
1756702528,3810,0.02,0.0,-0.03,0.0,0.0,0.0,0.0,0.0,0,0,0
1756702528,3811,0.0,0.0,-0.02,0.0,0.0,0.0,0.0,0.0,0,0,0
1756702528,3812,-0.01,0.0,-0.02,0.0,0.0,0.0,0.0,0.0,0,0,0
1756702528,3813,-0.03,0.0,-0.05,0.0,0.0,0.0,0.0,0.0,0,0,0
1756702528,3814,0.0,0.0,0.0,0.0,0.0,0.0,0.0,0.0,0,0,0
1756702528,3815,-0.02,0.0,-0.05,0.0,0.0,0.0,0.0,0.0,0,0,0
1756702528,3816,0.01,0.0,-0.01,0.0,0.0,0.0,0.0,0.0,0,0,0
1756702529,3817,0.02,0.0,0.05,0.0,0.0,0.0,0.0,0.0,0,0,0
1756702529,3818,0.0,0.0,-0.02,0.0,0.0,0.0,0.0,0.0,0,0,0
1756702529,3819,0.03,0.0,-0.03,0.0,0.0,0.0,0.0,0.0,0,0,0
1756702529,3820,0.02,0.0,-0.07,0.0,0.0,0.0,0.0,0.0,0,0,0
1756702529,3821,0.1,0.0,-0.02,0.0,0.0,0.0,0.0,0.0,0,0,0
1756702529,3822,0.0,0.0,0.0,0.0,0.0,0.0,0.0,0.0,0,0,0
1756702529,3823,0.02,0.0,0.0,0.0,0.0,0.0,0.0,0.0,0,0,0
1756702529,3824,-0.01,0.0,-0.02,0.0,0.0,0.0,0.0,0.0,0,0,0
1756702529,3825,-0.03,0.0,-0.01,0.0,0.0,0.0,0.0,0.0,0,0,0
1756702529,3826,0.0,0.0,-0.05,0.0,0.0,0.0,0.0,0.0,0,0,0
1756702529,3827,0.0,0.0,0.0,0.0,0.0,0.0,0.0,0.0,0,0,0
1756702529,3828,0.03,0.0,0.0,0.0,0.0,0.0,0.0,0.0,0,0,0
1756702529,3829,-0.02,0.0,-0.01,0.0,0.0,0.0,0.0,0.0,0,0,0
1756702529,3830,-0.05,0.0,-0.01,0.0,0.0,0.0,0.0,0.0,0,0,0
1756702529,3831,-0.03,0.0,-0.07,0.0,0.0,0.0,0.0,0.0,0,0,0
1756702529,3832,0.02,0.0,-0.01,0.0,0.0,0.0,0.0,0.0,0,0,0
1756702529,3833,-0.02,0.0,-0.01,0.0,0.0,0.0,0.0,0.0,0,0,0
1756702529,3834,0.0,0.0,-0.03,0.0,0.0,0.0,0.0,0.0,0,0,0
1756702529,3835,0.03,0.0,0.0,0.0,0.0,0.0,0.0,0.0,0,0,0
1756702529,3836,-0.01,0.0,-0.07,0.0,0.0,0.0,0.0,0.0,0,0,0
1756702529,3837,0.03,0.0,-0.05,0.0,0.0,0.0,0.0,0.0,0,0,0
1756702529,3838,0.0,0.0,-0.05,0.0,0.0,0.0,0.0,0.0,0,0,0
1756702529,3839,0.0,0.0,-0.01,0.0,0.0,0.0,0.0,0.0,0,0,0
1756702529,3840,-0.01,0.0,0.0,0.0,0.0,0.0,0.0,0.0,0,0,0
1756702529,3841,0.05,0.0,-0.01,0.0,0.0,0.0,0.0,0.0,0,0,0
1756702529,3842,0.0,0.0,-0.05,0.0,0.0,0.0,0.0,0.0,0,0,0
1756702529,3843,0.0,0.0,-0.01,0.0,0.0,0.0,0.0,0.0,0,0,0
1756702529,3844,0.03,0.0,-0.07,0.0,0.0,0.0,0.0,0.0,0,0,0
1756702529,3845,0.0,0.0,-0.09,0.0,0.0,0.0,0.0,0.0,0,0,0
1756702529,3846,0.0,0.0,0.0,0.0,0.0,0.0,0.0,0.0,0,0,0
1756702529,3847,0.03,0.0,0.0,0.0,0.0,0.0,0.0,0.0,0,0,0
1756702529,3848,0.01,0.0,-0.02,0.0,0.0,0.0,0.0,0.0,0,0,0
1756702529,3849,0.01,0.0,-0.05,0.0,0.0,0.0,0.0,0.0,0,0,0
1756702529,3850,-0.01,0.0,-0.15,0.0,0.0,0.0,0.0,0.0,0,0,0
1756702529,3851,0.03,0.0,0.0,0.0,0.0,0.0,0.0,0.0,0,0,0
1756702529,3852,0.0,0.0,0.0,0.0,0.0,0.0,0.0,0.0,0,0,0
1756702529,3853,-0.05,0.0,0.0,0.0,0.0,0.0,0.0,0.0,0,0,0
1756702529,3854,0.01,0.0,0.0,0.0,0.0,0.0,0.0,0.0,0,0,0
1756702529,3855,0.0,0.0,-0.03,0.0,0.0,0.0,0.0,0.0,0,0,0
1756702529,3856,0.03,0.0,-0.02,0.0,0.0,0.0,0.0,0.0,0,0,0
1756702529,3857,0.05,0.0,-0.05,0.0,0.0,0.0,0.0,0.0,0,0,0
1756702529,3858,0.05,0.0,0.0,0.0,0.0,0.0,0.0,0.0,0,0,0
1756702529,3859,0.0,0.0,-0.02,0.0,0.0,0.0,0.0,0.0,0,0,0
1756702529,3860,0.0,0.0,-0.01,0.0,0.0,0.0,0.0,0.0,0,0,0
1756702529,3861,0.07,0.0,0.0,0.0,0.0,0.0,0.0,0.0,0,0,0
1756702529,3862,0.0,0.0,0.02,0.0,0.0,0.0,0.0,0.0,0,0,0
1756702529,3863,0.03,0.0,-0.05,0.0,0.0,0.0,0.0,0.0,0,0,0
1756702529,3864,0.07,0.0,-0.07,0.0,0.0,0.0,0.0,0.0,0,0,0
1756702529,3865,0.0,0.0,0.0,0.0,0.0,0.0,0.0,0.0,0,0,0
1756702529,3866,0.03,0.0,-0.01,0.0,0.0,0.0,0.0,0.0,0,0,0
1756702529,3867,0.01,0.0,-0.01,0.0,0.0,0.0,0.0,0.0,0,0,0
1756702529,3868,0.02,0.0,0.0,0.0,0.0,0.0,0.0,0.0,0,0,0
1756702529,3869,0.0,0.0,-0.01,0.0,0.0,0.0,0.0,0.0,0,0,0
1756702529,3870,0.0,0.0,-0.03,0.0,0.0,0.0,0.0,0.0,0,0,0
1756702529,3871,-0.02,0.0,0.0,0.0,0.0,0.0,0.0,0.0,0,0,0
1756702529,3872,0.0,0.0,0.0,0.0,0.0,0.0,0.0,0.0,0,0,0
1756702529,3873,0.0,0.0,0.0,0.0,0.0,0.0,0.0,0.0,0,0,0
1756702529,3874,-0.01,0.0,0.01,0.0,0.0,0.0,0.0,0.0,0,0,0
1756702529,3875,-0.05,0.0,-0.07,0.0,0.0,0.0,0.0,0.0,0,0,0
1756702529,3876,0.03,0.0,0.0,0.0,0.0,0.0,0.0,0.0,0,0,0
1756702529,3877,0.01,0.0,-0.03,0.0,0.0,0.0,0.0,0.0,0,0,0
1756702529,3878,0.02,0.0,-0.07,0.0,0.0,0.0,0.0,0.0,0,0,0
1756702529,3879,0.0,0.0,0.0,0.0,0.0,0.0,0.0,0.0,0,0,0
1756702529,3880,0.02,0.0,-0.03,0.0,0.0,0.0,0.0,0.0,0,0,0
1756702529,3881,0.0,0.0,-0.01,0.0,0.0,0.0,0.0,0.0,0,0,0
1756702529,3882,0.0,0.0,0.0,0.0,0.0,0.0,0.0,0.0,0,0,0
1756702529,3883,0.0,0.0,-0.02,0.0,0.0,0.0,0.0,0.0,0,0,0
1756702529,3884,0.0,0.0,-0.12,0.0,0.0,0.0,0.0,0.0,0,0,0
1756702530,3885,0.0,0.0,0.0,0.0,0.0,0.0,0.0,0.0,0,0,0
1756702530,3886,0.0,0.0,-0.02,0.0,0.0,0.0,0.0,0.0,0,0,0
1756702530,3887,0.07,0.0,-0.01,0.0,0.0,0.0,0.0,0.0,0,0,0
1756702530,3888,0.0,0.0,0.0,0.0,0.0,0.0,0.0,0.0,0,0,0
1756702530,3889,0.0,0.0,-0.01,0.0,0.0,0.0,0.0,0.0,0,0,0
1756702530,3890,-0.05,0.0,-0.03,0.0,0.0,0.0,0.0,0.0,0,0,0
1756702530,3891,-0.01,0.0,-0.05,0.0,0.0,0.0,0.0,0.0,0,0,0
1756702530,3892,0.0,0.0,-0.02,0.0,0.0,0.0,0.0,0.0,0,0,0
1756702530,3893,0.03,0.0,-0.03,0.0,0.0,0.0,0.0,0.0,0,0,0
1756702530,3894,0.01,0.0,-0.02,0.0,0.0,0.0,0.0,0.0,0,0,0
1756702530,3895,0.02,0.0,-0.05,0.0,0.0,0.0,0.0,0.0,0,0,0
1756702530,3896,0.01,0.0,-0.07,0.0,0.0,0.0,0.0,0.0,0,0,0
1756702530,3897,-0.02,0.0,-0.01,0.0,0.0,0.0,0.0,0.0,0,0,0
1756702530,3898,0.02,0.0,-0.05,0.0,0.0,0.0,0.0,0.0,0,0,0
1756702530,3899,0.03,0.0,-0.05,0.0,0.0,0.0,0.0,0.0,0,0,0
1756702530,3900,0.01,0.0,-0.01,0.0,0.0,0.0,0.0,0.0,0,0,0
1756702530,3901,0.0,0.0,-0.03,0.0,0.0,0.0,0.0,0.0,0,0,0
1756702530,3902,0.03,0.0,-0.02,0.0,0.0,0.0,0.0,0.0,0,0,0
1756702530,3903,0.0,0.0,0.03,0.0,0.0,0.0,0.0,0.0,0,0,0
1756702530,3904,-0.03,0.0,-0.01,0.0,0.0,0.0,0.0,0.0,0,0,0
1756702530,3905,0.0,0.0,0.0,0.0,0.0,0.0,0.0,0.0,0,0,0
1756702530,3906,0.0,0.0,0.0,0.0,0.0,0.0,0.0,0.0,0,0,0
1756702530,3907,0.02,0.0,0.0,0.0,0.0,0.0,0.0,0.0,0,0,0
1756702530,3908,0.01,0.0,-0.01,0.0,0.0,0.0,0.0,0.0,0,0,0
1756702530,3909,0.0,0.0,-0.03,0.0,0.0,0.0,0.0,0.0,0,0,0
1756702530,3910,0.0,0.0,-0.01,0.0,0.0,0.0,0.0,0.0,0,0,0
1756702530,3911,0.02,0.0,-0.03,0.0,0.0,0.0,0.0,0.0,0,0,0
1756702530,3912,0.02,0.0,-0.01,0.0,0.0,0.0,0.0,0.0,0,0,0
1756702530,3913,0.0,0.0,-0.02,0.0,0.0,0.0,0.0,0.0,0,0,0
1756702530,3914,0.02,0.0,-0.02,0.0,0.0,0.0,0.0,0.0,0,0,0
1756702530,3915,-0.05,0.0,-0.01,0.0,0.0,0.0,0.0,0.0,0,0,0
1756702530,3916,-0.02,0.0,-0.02,0.0,0.0,0.0,0.0,0.0,0,0,0
1756702530,3917,0.05,0.0,-0.05,0.0,0.0,0.0,0.0,0.0,0,0,0
1756702530,3918,0.0,0.0,0.0,0.0,0.0,0.0,0.0,0.0,0,0,0
1756702530,3919,0.02,0.0,-0.05,0.0,0.0,0.0,0.0,0.0,0,0,0
1756702530,3920,0.0,0.0,-0.02,0.0,0.0,0.0,0.0,0.0,0,0,0
1756702530,3921,0.01,0.0,0.0,0.0,0.0,0.0,0.0,0.0,0,0,0
1756702530,3922,0.01,0.0,0.0,0.0,0.0,0.0,0.0,0.0,0,0,0
1756702530,3923,0.0,0.0,-0.01,0.0,0.0,0.0,0.0,0.0,0,0,0
1756702530,3924,0.0,0.0,-0.01,0.0,0.0,0.0,0.0,0.0,0,0,0
1756702530,3925,0.01,0.0,0.0,0.0,0.0,0.0,0.0,0.0,0,0,0
1756702530,3926,0.05,0.0,-0.01,0.0,0.0,0.0,0.0,0.0,0,0,0
1756702530,3927,0.0,0.0,0.0,0.0,0.0,0.0,0.0,0.0,0,0,0
1756702530,3928,0.0,0.0,0.0,0.0,0.0,0.0,0.0,0.0,0,0,0
1756702530,3929,0.0,0.0,-0.01,0.0,0.0,0.0,0.0,0.0,0,0,0
1756702530,3930,0.0,0.0,-0.05,0.0,0.0,0.0,0.0,0.0,0,0,0
1756702530,3931,0.01,0.0,-0.03,0.0,0.0,0.0,0.0,0.0,0,0,0
1756702530,3932,0.03,0.0,0.0,0.0,0.0,0.0,0.0,0.0,0,0,0
1756702530,3933,0.05,0.0,-0.05,0.0,0.0,0.0,0.0,0.0,0,0,0
1756702530,3934,0.0,0.0,-0.01,0.0,0.0,0.0,0.0,0.0,0,0,0
1756702530,3935,-0.02,0.0,-0.03,0.0,0.0,0.0,0.0,0.0,0,0,0
1756702530,3936,0.0,0.0,0.05,0.0,0.0,0.0,0.0,0.0,0,0,0
1756702530,3937,0.0,0.0,0.0,0.0,0.0,0.0,0.0,0.0,0,0,0
1756702530,3938,0.0,0.0,-0.03,0.0,0.0,0.0,0.0,0.0,0,0,0
1756702530,3939,0.0,0.0,-0.01,0.0,0.0,0.0,0.0,0.0,0,0,0
1756702530,3940,0.0,0.0,-0.01,0.0,0.0,0.0,0.0,0.0,0,0,0
1756702530,3941,0.0,0.0,0.0,0.0,0.0,0.0,0.0,0.0,0,0,0
1756702530,3942,-0.17,0.0,0.0,0.0,0.0,0.0,0.0,0.0,0,0,0
1756702530,3943,0.05,0.0,-0.03,0.0,0.0,0.0,0.0,0.0,0,0,0
1756702530,3944,0.05,0.0,-0.01,0.0,0.0,0.0,0.0,0.0,0,0,0
1756702530,3945,0.05,0.0,0.0,0.0,0.0,0.0,0.0,0.0,0,0,0
1756702530,3946,0.0,0.0,-0.01,0.0,0.0,0.0,0.0,0.0,0,0,0
1756702530,3947,0.0,0.0,-0.05,0.0,0.0,0.0,0.0,0.0,0,0,0
1756702530,3948,0.0,0.0,-0.03,0.0,0.0,0.0,0.0,0.0,0,0,0
1756702531,3949,0.0,0.0,-0.01,0.0,0.0,0.0,0.0,0.0,0,0,0
1756702531,3950,0.0,0.0,0.0,0.0,0.0,0.0,0.0,0.0,0,0,0
1756702531,3951,0.0,0.0,-0.01,0.0,0.0,0.0,0.0,0.0,0,0,0
1756702531,3952,-0.01,0.0,-0.01,0.0,0.0,0.0,0.0,0.0,0,0,0
1756702531,3953,0.0,0.0,0.0,0.0,0.0,0.0,0.0,0.0,0,0,0
1756702531,3954,0.0,0.0,-0.02,0.0,0.0,0.0,0.0,0.0,0,0,0
1756702531,3955,0.03,0.0,0.02,0.0,0.0,0.0,0.0,0.0,0,0,0
1756702531,3956,0.0,0.0,-0.05,0.0,0.0,0.0,0.0,0.0,0,0,0
1756702531,3957,0.0,0.0,0.0,0.0,0.0,0.0,0.0,0.0,0,0,0
1756702531,3958,0.0,0.0,0.0,0.0,0.0,0.0,0.0,0.0,0,0,0
1756702531,3959,-0.02,0.0,-0.07,0.0,0.0,0.0,0.0,0.0,0,0,0
1756702531,3960,0.0,0.0,-0.11,0.0,0.0,0.0,0.0,0.0,0,0,0
1756702531,3961,0.0,0.0,-0.02,0.0,0.0,0.0,0.0,0.0,0,0,0
1756702531,3962,-0.01,0.0,-0.02,0.0,0.0,0.0,0.0,0.0,0,0,0
1756702531,3963,0.0,0.0,-0.03,0.0,0.0,0.0,0.0,0.0,0,0,0
1756702531,3964,0.0,0.0,0.0,0.0,0.0,0.0,0.0,0.0,0,0,0
1756702531,3965,0.0,0.0,-0.05,0.0,0.0,0.0,0.0,0.0,0,0,0
1756702531,3966,0.0,0.0,0.0,0.0,0.0,0.0,0.0,0.0,0,0,0
1756702531,3967,-0.02,0.0,-0.03,0.0,0.0,0.0,0.0,0.0,0,0,0
1756702531,3968,0.0,0.0,-0.05,0.0,0.0,0.0,0.0,0.0,0,0,0
1756702531,3969,0.0,0.0,-0.07,0.0,0.0,0.0,0.0,0.0,0,0,0
1756702531,3970,0.0,0.0,0.0,0.0,0.0,0.0,0.0,0.0,0,0,0
1756702531,3971,0.0,0.0,-0.07,0.0,0.0,0.0,0.0,0.0,0,0,0
1756702531,3972,-0.03,0.0,-0.02,0.0,0.0,0.0,0.0,0.0,0,0,0
1756702531,3973,0.0,0.0,-0.01,0.0,0.0,0.0,0.0,0.0,0,0,0
1756702531,3974,0.03,0.0,-0.05,0.0,0.0,0.0,0.0,0.0,0,0,0
1756702531,3975,-0.01,0.0,0.0,0.0,0.0,0.0,0.0,0.0,0,0,0
1756702531,3976,0.03,0.0,0.0,0.0,0.0,0.0,0.0,0.0,0,0,0
1756702531,3977,-0.01,0.0,0.0,0.0,0.0,0.0,0.0,0.0,0,0,0
1756702531,3978,0.0,0.0,0.0,0.0,0.0,0.0,0.0,0.0,0,0,0
1756702531,3979,0.05,0.0,0.0,0.0,0.0,0.0,0.0,0.0,0,0,0
1756702531,3980,0.01,0.0,-0.02,0.0,0.0,0.0,0.0,0.0,0,0,0
1756702531,3981,0.0,0.0,-0.01,0.0,0.0,0.0,0.0,0.0,0,0,0
1756702531,3982,0.0,0.0,0.0,0.0,0.0,0.0,0.0,0.0,0,0,0
1756702531,3983,0.0,0.0,-0.09,0.0,0.0,0.0,0.0,0.0,0,0,0
1756702531,3984,0.07,0.0,-0.07,0.0,0.0,0.0,0.0,0.0,0,0,0
1756702531,3985,0.05,0.0,0.02,0.0,0.0,0.0,0.0,0.0,0,0,0
1756702531,3986,0.03,0.0,0.0,0.0,0.0,0.0,0.0,0.0,0,0,0
1756702531,3987,0.03,0.0,-0.01,0.0,0.0,0.0,0.0,0.0,0,0,0
1756702531,3988,-0.03,0.0,-0.01,0.0,0.0,0.0,0.0,0.0,0,0,0
1756702531,3989,0.0,0.0,-0.02,0.0,0.0,0.0,0.0,0.0,0,0,0
1756702531,3990,-0.05,0.0,-0.03,0.0,0.0,0.0,0.0,0.0,0,0,0
1756702531,3991,0.0,0.0,-0.01,0.0,0.0,0.0,0.0,0.0,0,0,0
1756702531,3992,0.0,0.0,-0.07,0.0,0.0,0.0,0.0,0.0,0,0,0
1756702531,3993,0.0,0.0,-0.03,0.0,0.0,0.0,0.0,0.0,0,0,0
1756702531,3994,0.05,0.0,-0.02,0.0,0.0,0.0,0.0,0.0,0,0,0
1756702531,3995,-0.01,0.0,-0.07,0.0,0.0,0.0,0.0,0.0,0,0,0
1756702531,3996,-0.01,0.0,0.05,0.0,0.0,0.0,0.0,0.0,0,0,0
1756702531,3997,-0.07,0.0,0.0,0.0,0.0,0.0,0.0,0.0,0,0,0
1756702531,3998,0.0,0.0,-0.02,0.0,0.0,0.0,0.0,0.0,0,0,0
1756702531,3999,0.01,0.0,-0.01,0.0,0.0,0.0,0.0,0.0,0,0,0
1756702531,4000,0.03,0.0,-0.01,0.0,0.0,0.0,0.0,0.0,0,0,0
1756702531,4001,0.0,0.0,-0.05,0.0,0.0,0.0,0.0,0.0,0,0,0
1756702531,4002,0.07,0.0,-0.05,0.0,0.0,0.0,0.0,0.0,0,0,0
1756702531,4003,0.0,0.0,-0.05,0.0,0.0,0.0,0.0,0.0,0,0,0
1756702531,4004,0.05,0.0,-0.01,0.0,0.0,0.0,0.0,0.0,0,0,0
1756702531,4005,0.01,0.0,-0.02,0.0,0.0,0.0,0.0,0.0,0,0,0
1756702531,4006,0.02,0.0,-0.03,0.0,0.0,0.0,0.0,0.0,0,0,0
1756702531,4007,-0.03,0.0,-0.1,0.0,0.0,0.0,0.0,0.0,0,0,0
1756702531,4008,0.0,0.0,0.0,0.0,0.0,0.0,0.0,0.0,0,0,0
1756702531,4009,0.0,0.0,0.0,0.0,0.0,0.0,0.0,0.0,0,0,0
1756702531,4010,0.0,0.0,0.0,0.0,0.0,0.0,0.0,0.0,0,0,0
1756702531,4011,-0.01,0.0,0.0,0.0,0.0,0.0,0.0,0.0,0,0,0
1756702531,4012,0.0,0.0,-0.01,0.0,0.0,0.0,0.0,0.0,0,0,0
1756702531,4013,0.0,0.0,-0.05,0.0,0.0,0.0,0.0,0.0,0,0,0
1756702532,4014,0.0,0.0,-0.02,0.0,0.0,0.0,0.0,0.0,0,0,0
1756702532,4015,0.0,0.0,-0.01,0.0,0.0,0.0,0.0,0.0,0,0,0
1756702532,4016,0.0,0.0,-0.05,0.0,0.0,0.0,0.0,0.0,0,0,0
1756702532,4017,0.0,0.0,-0.15,0.0,0.0,0.0,0.0,0.0,0,0,0
1756702532,4018,0.1,0.0,-0.02,0.0,0.0,0.0,0.0,0.0,0,0,0
1756702532,4019,0.05,0.0,-0.05,0.0,0.0,0.0,0.0,0.0,0,0,0
1756702532,4020,0.02,0.0,-0.03,0.0,0.0,0.0,0.0,0.0,0,0,0
1756702532,4021,0.01,0.0,0.0,0.0,0.0,0.0,0.0,0.0,0,0,0
1756702532,4022,0.05,0.0,0.02,0.0,0.0,0.0,0.0,0.0,0,0,0
1756702532,4023,-0.02,0.0,-0.03,0.0,0.0,0.0,0.0,0.0,0,0,0
1756702532,4024,-0.02,0.0,0.0,0.0,0.0,0.0,0.0,0.0,0,0,0
1756702532,4025,0.07,0.0,0.0,0.0,0.0,0.0,0.0,0.0,0,0,0
1756702532,4026,-0.03,0.0,-0.02,0.0,0.0,0.0,0.0,0.0,0,0,0
1756702532,4027,0.0,0.0,-0.01,0.0,0.0,0.0,0.0,0.0,0,0,0
1756702532,4028,0.02,0.0,0.0,0.0,0.0,0.0,0.0,0.0,0,0,0
1756702532,4029,-0.01,0.0,-0.05,0.0,0.0,0.0,0.0,0.0,0,0,0
1756702532,4030,0.0,0.0,0.0,0.0,0.0,0.0,0.0,0.0,0,0,0
1756702532,4031,0.01,0.0,-0.03,0.0,0.0,0.0,0.0,0.0,0,0,0
1756702532,4032,0.0,0.0,0.0,0.0,0.0,0.0,0.0,0.0,0,0,0
1756702532,4033,0.0,0.0,-0.02,0.0,0.0,0.0,0.0,0.0,0,0,0
1756702532,4034,0.0,0.0,0.09,0.0,0.0,0.0,0.0,0.0,0,0,0
1756702532,4035,0.01,0.0,-0.05,0.0,0.0,0.0,0.0,0.0,0,0,0
1756702532,4036,0.0,0.0,-0.02,0.0,0.0,0.0,0.0,0.0,0,0,0
1756702532,4037,0.01,0.0,-0.01,0.0,0.0,0.0,0.0,0.0,0,0,0
1756702532,4038,-0.01,0.0,-0.07,0.0,0.0,0.0,0.0,0.0,0,0,0
1756702532,4039,0.03,0.0,-0.02,0.0,0.0,0.0,0.0,0.0,0,0,0
1756702532,4040,0.0,0.0,-0.01,0.0,0.0,0.0,0.0,0.0,0,0,0
1756702532,4041,0.0,0.0,-0.01,0.0,0.0,0.0,0.0,0.0,0,0,0
1756702532,4042,0.0,0.0,-0.02,0.0,0.0,0.0,0.0,0.0,0,0,0
1756702532,4043,0.02,0.0,0.0,0.0,0.0,0.0,0.0,0.0,0,0,0
1756702532,4044,0.0,0.0,-0.01,0.0,0.0,0.0,0.0,0.0,0,0,0
1756702532,4045,0.0,0.0,-0.05,0.0,0.0,0.0,0.0,0.0,0,0,0
1756702532,4046,0.01,0.0,0.0,0.0,0.0,0.0,0.0,0.0,0,0,0
1756702532,4047,0.0,0.0,-0.05,0.0,0.0,0.0,0.0,0.0,0,0,0
1756702532,4048,0.01,0.0,-0.05,0.0,0.0,0.0,0.0,0.0,0,0,0
1756702532,4049,0.0,0.0,-0.05,0.0,0.0,0.0,0.0,0.0,0,0,0
1756702532,4050,-0.02,0.0,-0.09,0.0,0.0,0.0,0.0,0.0,0,0,0
1756702532,4051,0.0,0.0,-0.01,0.0,0.0,0.0,0.0,0.0,0,0,0
1756702532,4052,-0.01,0.0,-0.01,0.0,0.0,0.0,0.0,0.0,0,0,0
1756702532,4053,-0.03,0.0,0.15,0.0,0.0,0.0,0.0,0.0,0,0,0
1756702532,4054,0.02,0.0,-0.09,0.0,0.0,0.0,0.0,0.0,0,0,0
1756702532,4055,0.01,0.0,0.0,0.0,0.0,0.0,0.0,0.0,0,0,0
1756702532,4056,0.0,0.0,-0.05,0.0,0.0,0.0,0.0,0.0,0,0,0
1756702532,4057,0.05,0.0,-0.03,0.0,0.0,0.0,0.0,0.0,0,0,0
1756702532,4058,0.0,0.0,-0.01,0.0,0.0,0.0,0.0,0.0,0,0,0
1756702532,4059,0.02,0.0,0.0,0.0,0.0,0.0,0.0,0.0,0,0,0
1756702532,4060,0.0,0.0,0.0,0.0,0.0,0.0,0.0,0.0,0,0,0
1756702532,4061,0.0,0.0,0.0,0.0,0.0,0.0,0.0,0.0,0,0,0
1756702532,4062,-0.01,0.0,-0.05,0.0,0.0,0.0,0.0,0.0,0,0,0
1756702532,4063,-0.01,0.0,-0.01,0.0,0.0,0.0,0.0,0.0,0,0,0
1756702532,4064,0.05,0.0,-0.01,0.0,0.0,0.0,0.0,0.0,0,0,0
1756702532,4065,-0.05,0.0,-0.03,0.0,0.0,0.0,0.0,0.0,0,0,0
1756702532,4066,0.0,0.0,-0.05,0.0,0.0,0.0,0.0,0.0,0,0,0
1756702532,4067,0.0,0.0,-0.02,0.0,0.0,0.0,0.0,0.0,0,0,0
1756702532,4068,-0.02,0.0,-0.02,0.0,0.0,0.0,0.0,0.0,0,0,0
1756702532,4069,-0.03,0.0,-0.09,0.0,0.0,0.0,0.0,0.0,0,0,0
1756702532,4070,0.0,0.0,-0.01,0.0,0.0,0.0,0.0,0.0,0,0,0
1756702532,4071,0.02,0.0,0.0,0.0,0.0,0.0,0.0,0.0,0,0,0
1756702532,4072,0.0,0.0,0.0,0.0,0.0,0.0,0.0,0.0,0,0,0
1756702532,4073,0.01,0.0,-0.02,0.0,0.0,0.0,0.0,0.0,0,0,0
1756702532,4074,0.0,0.0,0.0,0.0,0.0,0.0,0.0,0.0,0,0,0
1756702532,4075,0.0,0.0,0.0,0.0,0.0,0.0,0.0,0.0,0,0,0
1756702532,4076,0.0,0.0,0.01,0.0,0.0,0.0,0.0,0.0,0,0,0
1756702532,4077,0.0,0.0,0.01,0.0,0.0,0.0,0.0,0.0,0,0,0
1756702532,4078,0.01,0.0,-0.02,0.0,0.0,0.0,0.0,0.0,0,0,0
1756702532,4079,0.0,0.0,0.0,0.0,0.0,0.0,0.0,0.0,0,0,0
1756702532,4080,-0.01,0.0,-0.01,0.0,0.0,0.0,0.0,0.0,0,0,0
1756702533,4081,-0.05,0.0,-0.01,0.0,0.0,0.0,0.0,0.0,0,0,0
1756702533,4082,0.0,0.0,-0.02,0.0,0.0,0.0,0.0,0.0,0,0,0
1756702533,4083,0.05,0.0,0.0,0.0,0.0,0.0,0.0,0.0,0,0,0
1756702533,4084,0.0,0.0,-0.05,0.0,0.0,0.0,0.0,0.0,0,0,0
1756702533,4085,0.0,0.0,0.0,0.0,0.0,0.0,0.0,0.0,0,0,0
1756702533,4086,0.0,0.0,-0.01,0.0,0.0,0.0,0.0,0.0,0,0,0
1756702533,4087,0.03,0.0,-0.1,0.0,0.0,0.0,0.0,0.0,0,0,0
1756702533,4088,0.0,0.0,0.0,0.0,0.0,0.0,0.0,0.0,0,0,0
1756702533,4089,-0.02,0.0,-0.01,0.0,0.0,0.0,0.0,0.0,0,0,0
1756702533,4090,-0.01,0.0,0.0,0.0,0.0,0.0,0.0,0.0,0,0,0
1756702533,4091,0.07,0.0,0.0,0.0,0.0,0.0,0.0,0.0,0,0,0
1756702533,4092,0.0,0.0,0.0,0.0,0.0,0.0,0.0,0.0,0,0,0
1756702533,4093,0.0,0.0,0.0,0.0,0.0,0.0,0.0,0.0,0,0,0
1756702533,4094,0.0,0.0,-0.05,0.0,0.0,0.0,0.0,0.0,0,0,0
1756702533,4095,0.0,0.0,-0.03,0.0,0.0,0.0,0.0,0.0,0,0,0
1756702533,4096,0.0,0.0,-0.02,0.0,0.0,0.0,0.0,0.0,0,0,0
1756702533,4097,0.0,0.0,0.0,0.0,0.0,0.0,0.0,0.0,0,0,0
1756702533,4098,0.0,0.0,0.03,0.0,0.0,0.0,0.0,0.0,0,0,0
1756702533,4099,0.02,0.0,-0.03,0.0,0.0,0.0,0.0,0.0,0,0,0
1756702533,4100,-0.01,0.0,-0.02,0.0,0.0,0.0,0.0,0.0,0,0,0
1756702533,4101,0.0,0.0,-0.01,0.0,0.0,0.0,0.0,0.0,0,0,0
1756702533,4102,0.0,0.0,-0.01,0.0,0.0,0.0,0.0,0.0,0,0,0
1756702533,4103,0.0,0.0,-0.03,0.0,0.0,0.0,0.0,0.0,0,0,0
1756702533,4104,-0.01,0.0,0.0,0.0,0.0,0.0,0.0,0.0,0,0,0
1756702533,4105,-0.03,0.0,0.0,0.0,0.0,0.0,0.0,0.0,0,0,0
1756702533,4106,0.01,0.0,0.0,0.0,0.0,0.0,0.0,0.0,0,0,0
1756702533,4107,0.07,0.0,-0.05,0.0,0.0,0.0,0.0,0.0,0,0,0
1756702533,4108,0.0,0.0,0.0,0.0,0.0,0.0,0.0,0.0,0,0,0
1756702533,4109,0.0,0.0,-0.02,0.0,0.0,0.0,0.0,0.0,0,0,0
1756702533,4110,0.0,0.0,-0.03,0.0,0.0,0.0,0.0,0.0,0,0,0
1756702533,4111,-0.01,0.0,0.0,0.0,0.0,0.0,0.0,0.0,0,0,0
1756702533,4112,0.01,0.0,0.0,0.0,0.0,0.0,0.0,0.0,0,0,0
1756702533,4113,0.01,0.0,-0.01,0.0,0.0,0.0,0.0,0.0,0,0,0
1756702533,4114,0.0,0.0,-0.07,0.0,0.0,0.0,0.0,0.0,0,0,0
1756702533,4115,0.0,0.0,-0.07,0.0,0.0,0.0,0.0,0.0,0,0,0
1756702533,4116,-0.07,0.0,-0.02,0.0,0.0,0.0,0.0,0.0,0,0,0
1756702533,4117,0.0,0.0,-0.02,0.0,0.0,0.0,0.0,0.0,0,0,0
1756702533,4118,0.0,0.0,-0.02,0.0,0.0,0.0,0.0,0.0,0,0,0
1756702533,4119,0.0,0.0,-0.03,0.0,0.0,0.0,0.0,0.0,0,0,0
1756702533,4120,0.0,0.0,-0.02,0.0,0.0,0.0,0.0,0.0,0,0,0
1756702533,4121,-0.01,0.0,0.0,0.0,0.0,0.0,0.0,0.0,0,0,0
1756702533,4122,0.0,0.0,-0.01,0.0,0.0,0.0,0.0,0.0,0,0,0
1756702533,4123,0.0,0.0,-0.02,0.0,0.0,0.0,0.0,0.0,0,0,0
1756702533,4124,0.0,0.0,-0.01,0.0,0.0,0.0,0.0,0.0,0,0,0
1756702533,4125,0.0,0.0,-0.01,0.0,0.0,0.0,0.0,0.0,0,0,0
1756702533,4126,0.02,0.0,-0.01,0.0,0.0,0.0,0.0,0.0,0,0,0
1756702533,4127,0.01,0.0,-0.07,0.0,0.0,0.0,0.0,0.0,0,0,0
1756702533,4128,0.0,0.0,0.0,0.0,0.0,0.0,0.0,0.0,0,0,0
1756702533,4129,0.05,0.0,-0.03,0.0,0.0,0.0,0.0,0.0,0,0,0
1756702533,4130,0.02,0.0,-0.01,0.0,0.0,0.0,0.0,0.0,0,0,0
1756702533,4131,0.05,0.0,0.0,0.0,0.0,0.0,0.0,0.0,0,0,0
1756702533,4132,0.0,0.0,-0.02,0.0,0.0,0.0,0.0,0.0,0,0,0
1756702533,4133,0.0,0.0,0.0,0.0,0.0,0.0,0.0,0.0,0,0,0
1756702533,4134,0.01,0.0,-0.01,0.0,0.0,0.0,0.0,0.0,0,0,0
1756702533,4135,0.0,0.0,-0.02,0.0,0.0,0.0,0.0,0.0,0,0,0
1756702533,4136,0.0,0.0,-0.01,0.0,0.0,0.0,0.0,0.0,0,0,0
1756702533,4137,0.0,0.0,-0.09,0.0,0.0,0.0,0.0,0.0,0,0,0
1756702533,4138,0.0,0.0,0.0,0.0,0.0,0.0,0.0,0.0,0,0,0
1756702533,4139,0.02,0.0,0.0,0.0,0.0,0.0,0.0,0.0,0,0,0
1756702533,4140,-0.07,0.0,-0.01,0.0,0.0,0.0,0.0,0.0,0,0,0
1756702533,4141,0.05,0.0,-0.02,0.0,0.0,0.0,0.0,0.0,0,0,0
1756702533,4142,-0.07,0.0,0.0,0.0,0.0,0.0,0.0,0.0,0,0,0
1756702533,4143,-0.02,0.0,-0.02,0.0,0.0,0.0,0.0,0.0,0,0,0
1756702533,4144,0.01,0.0,-0.01,0.0,0.0,0.0,0.0,0.0,0,0,0
1756702534,4145,0.0,0.0,-0.01,0.0,0.0,0.0,0.0,0.0,0,0,0
1756702534,4146,0.02,0.0,0.0,0.0,0.0,0.0,0.0,0.0,0,0,0
1756702534,4147,0.0,0.0,-0.02,0.0,0.0,0.0,0.0,0.0,0,0,0
1756702534,4148,0.0,0.0,0.0,0.0,0.0,0.0,0.0,0.0,0,0,0
1756702534,4149,-0.02,0.0,-0.03,0.0,0.0,0.0,0.0,0.0,0,0,0
1756702534,4150,0.01,0.0,-0.02,0.0,0.0,0.0,0.0,0.0,0,0,0
1756702534,4151,0.0,0.0,-0.02,0.0,0.0,0.0,0.0,0.0,0,0,0
1756702534,4152,0.0,0.0,0.0,0.0,0.0,0.0,0.0,0.0,0,0,0
1756702534,4153,0.02,0.0,-0.01,0.0,0.0,0.0,0.0,0.0,0,0,0
1756702534,4154,0.0,0.0,-0.02,0.0,0.0,0.0,0.0,0.0,0,0,0
1756702534,4155,0.02,0.0,-0.02,0.0,0.0,0.0,0.0,0.0,0,0,0
1756702534,4156,0.0,0.0,0.0,0.0,0.0,0.0,0.0,0.0,0,0,0
1756702534,4157,0.05,0.0,0.0,0.0,0.0,0.0,0.0,0.0,0,0,0
1756702534,4158,0.0,0.0,-0.07,0.0,0.0,0.0,0.0,0.0,0,0,0
1756702534,4159,0.05,0.0,-0.02,0.0,0.0,0.0,0.0,0.0,0,0,0
1756702534,4160,0.0,0.0,-0.03,0.0,0.0,0.0,0.0,0.0,0,0,0
1756702534,4161,0.0,0.0,0.0,0.0,0.0,0.0,0.0,0.0,0,0,0
1756702534,4162,0.0,0.0,0.01,0.0,0.0,0.0,0.0,0.0,0,0,0
1756702534,4163,0.0,0.0,0.0,0.0,0.0,0.0,0.0,0.0,0,0,0
1756702534,4164,0.07,0.0,-0.05,0.0,0.0,0.0,0.0,0.0,0,0,0
1756702534,4165,0.02,0.0,-0.03,0.0,0.0,0.0,0.0,0.0,0,0,0
1756702534,4166,0.02,0.0,-0.1,0.0,0.0,0.0,0.0,0.0,0,0,0
1756702534,4167,-0.02,0.0,-0.03,0.0,0.0,0.0,0.0,0.0,0,0,0
1756702534,4168,-0.01,0.0,-0.05,0.0,0.0,0.0,0.0,0.0,0,0,0
1756702534,4169,0.03,0.0,-0.01,0.0,0.0,0.0,0.0,0.0,0,0,0
1756702534,4170,0.0,0.0,-0.01,0.0,0.0,0.0,0.0,0.0,0,0,0
1756702534,4171,-0.02,0.0,-0.09,0.0,0.0,0.0,0.0,0.0,0,0,0
1756702534,4172,0.0,0.0,-0.03,0.0,0.0,0.0,0.0,0.0,0,0,0
1756702534,4173,-0.11,0.0,-0.07,0.0,0.0,0.0,0.0,0.0,0,0,0
1756702534,4174,-0.02,0.0,0.0,0.0,0.0,0.0,0.0,0.0,0,0,0
1756702534,4175,0.01,0.0,0.02,0.0,0.0,0.0,0.0,0.0,0,0,0
1756702534,4176,-0.02,0.0,0.05,0.0,0.0,0.0,0.0,0.0,0,0,0
1756702534,4177,0.05,0.0,-0.01,0.0,0.0,0.0,0.0,0.0,0,0,0
1756702534,4178,0.02,0.0,-0.09,0.0,0.0,0.0,0.0,0.0,0,0,0
1756702534,4179,0.0,0.0,-0.02,0.0,0.0,0.0,0.0,0.0,0,0,0
1756702534,4180,0.0,0.0,0.0,0.0,0.0,0.0,0.0,0.0,0,0,0
1756702534,4181,-0.05,0.0,0.0,0.0,0.0,0.0,0.0,0.0,0,0,0
1756702534,4182,0.0,0.0,-0.05,0.0,0.0,0.0,0.0,0.0,0,0,0
1756702534,4183,-0.03,0.0,-0.02,0.0,0.0,0.0,0.0,0.0,0,0,0
1756702534,4184,-0.01,0.0,-0.03,0.0,0.0,0.0,0.0,0.0,0,0,0
1756702534,4185,0.07,0.0,-0.03,0.0,0.0,0.0,0.0,0.0,0,0,0
1756702534,4186,-0.01,0.0,-0.01,0.0,0.0,0.0,0.0,0.0,0,0,0
1756702534,4187,0.05,0.0,-0.01,0.0,0.0,0.0,0.0,0.0,0,0,0
1756702534,4188,0.0,0.0,0.0,0.0,0.0,0.0,0.0,0.0,0,0,0
1756702534,4189,0.03,0.0,-0.02,0.0,0.0,0.0,0.0,0.0,0,0,0
1756702534,4190,0.0,0.0,-0.03,0.0,0.0,0.0,0.0,0.0,0,0,0
1756702534,4191,0.0,0.0,-0.05,0.0,0.0,0.0,0.0,0.0,0,0,0
1756702534,4192,0.02,0.0,-0.03,0.0,0.0,0.0,0.0,0.0,0,0,0
1756702534,4193,0.0,0.0,-0.05,0.0,0.0,0.0,0.0,0.0,0,0,0
1756702534,4194,0.03,0.0,0.0,0.0,0.0,0.0,0.0,0.0,0,0,0
1756702534,4195,0.05,0.0,-0.05,0.0,0.0,0.0,0.0,0.0,0,0,0
1756702534,4196,0.0,0.0,-0.02,0.0,0.0,0.0,0.0,0.0,0,0,0
1756702534,4197,0.0,0.0,-0.02,0.0,0.0,0.0,0.0,0.0,0,0,0
1756702534,4198,-0.03,0.0,0.0,0.0,0.0,0.0,0.0,0.0,0,0,0
1756702534,4199,0.0,0.0,-0.03,0.0,0.0,0.0,0.0,0.0,0,0,0
1756702534,4200,0.0,0.0,-0.05,0.0,0.0,0.0,0.0,0.0,0,0,0
1756702534,4201,0.05,0.0,-0.01,0.0,0.0,0.0,0.0,0.0,0,0,0
1756702534,4202,0.05,0.0,0.0,0.0,0.0,0.0,0.0,0.0,0,0,0
1756702534,4203,-0.03,0.0,0.0,0.0,0.0,0.0,0.0,0.0,0,0,0
1756702534,4204,-0.01,0.0,-0.01,0.0,0.0,0.0,0.0,0.0,0,0,0
1756702534,4205,0.0,0.0,-0.03,0.0,0.0,0.0,0.0,0.0,0,0,0
1756702534,4206,0.03,0.0,-0.01,0.0,0.0,0.0,0.0,0.0,0,0,0
1756702534,4207,-0.02,0.0,-0.02,0.0,0.0,0.0,0.0,0.0,0,0,0
1756702534,4208,0.0,0.0,-0.01,0.0,0.0,0.0,0.0,0.0,0,0,0
1756702534,4209,0.0,0.0,0.0,0.0,0.0,0.0,0.0,0.0,0,0,0
1756702534,4210,0.0,0.0,-0.03,0.0,0.0,0.0,0.0,0.0,0,0,0
1756702535,4211,0.03,0.0,-0.02,0.0,0.0,0.0,0.0,0.0,0,0,0
1756702535,4212,0.07,0.0,0.0,0.0,0.0,0.0,0.0,0.0,0,0,0
1756702535,4213,0.01,0.0,0.0,0.0,0.0,0.0,0.0,0.0,0,0,0
1756702535,4214,-0.03,0.0,-0.05,0.0,0.0,0.0,0.0,0.0,0,0,0
1756702535,4215,0.0,0.0,-0.05,0.0,0.0,0.0,0.0,0.0,0,0,0
1756702535,4216,-0.02,0.0,-0.02,0.0,0.0,0.0,0.0,0.0,0,0,0
1756702535,4217,0.0,0.0,-0.05,0.0,0.0,0.0,0.0,0.0,0,0,0
1756702535,4218,0.0,0.0,-0.01,0.0,0.0,0.0,0.0,0.0,0,0,0
1756702535,4219,0.0,0.0,-0.03,0.0,0.0,0.0,0.0,0.0,0,0,0
1756702535,4220,-0.01,0.0,-0.1,0.0,0.0,0.0,0.0,0.0,0,0,0
1756702535,4221,0.01,0.0,-0.07,0.0,0.0,0.0,0.0,0.0,0,0,0
1756702535,4222,0.0,0.0,0.0,0.0,0.0,0.0,0.0,0.0,0,0,0
1756702535,4223,0.03,0.0,-0.01,0.0,0.0,0.0,0.0,0.0,0,0,0
1756702535,4224,-0.03,0.0,0.0,0.0,0.0,0.0,0.0,0.0,0,0,0
1756702535,4225,0.02,0.0,0.0,0.0,0.0,0.0,0.0,0.0,0,0,0
1756702535,4226,0.0,0.0,-0.03,0.0,0.0,0.0,0.0,0.0,0,0,0
1756702535,4227,0.0,0.0,-0.01,0.0,0.0,0.0,0.0,0.0,0,0,0
1756702535,4228,-0.01,0.0,-0.07,0.0,0.0,0.0,0.0,0.0,0,0,0
1756702535,4229,0.0,0.0,-0.01,0.0,0.0,0.0,0.0,0.0,0,0,0
1756702535,4230,0.03,0.0,-0.02,0.0,0.0,0.0,0.0,0.0,0,0,0
1756702535,4231,0.07,0.0,0.0,0.0,0.0,0.0,0.0,0.0,0,0,0
1756702535,4232,-0.01,0.0,-0.05,0.0,0.0,0.0,0.0,0.0,0,0,0
1756702535,4233,0.0,0.0,-0.07,0.0,0.0,0.0,0.0,0.0,0,0,0
1756702535,4234,0.05,0.0,-0.02,0.0,0.0,0.0,0.0,0.0,0,0,0
1756702535,4235,-0.01,0.0,0.0,0.0,0.0,0.0,0.0,0.0,0,0,0
1756702535,4236,-0.02,0.0,-0.05,0.0,0.0,0.0,0.0,0.0,0,0,0
1756702535,4237,-0.02,0.0,0.0,0.0,0.0,0.0,0.0,0.0,0,0,0
1756702535,4238,0.03,0.0,-0.02,0.0,0.0,0.0,0.0,0.0,0,0,0
1756702535,4239,0.01,0.0,-0.01,0.0,0.0,0.0,0.0,0.0,0,0,0
1756702535,4240,0.0,0.0,0.0,0.0,0.0,0.0,0.0,0.0,0,0,0
1756702535,4241,-0.01,0.0,-0.02,0.0,0.0,0.0,0.0,0.0,0,0,0
1756702535,4242,-0.03,0.0,-0.02,0.0,0.0,0.0,0.0,0.0,0,0,0
1756702535,4243,0.0,0.0,-0.11,0.0,0.0,0.0,0.0,0.0,0,0,0
1756702535,4244,-0.05,0.0,0.0,0.0,0.0,0.0,0.0,0.0,0,0,0
1756702535,4245,0.02,0.0,-0.1,0.0,0.0,0.0,0.0,0.0,0,0,0
1756702535,4246,0.02,0.0,-0.01,0.0,0.0,0.0,0.0,0.0,0,0,0
1756702535,4247,0.02,0.0,-0.02,0.0,0.0,0.0,0.0,0.0,0,0,0
1756702535,4248,0.01,0.0,-0.02,0.0,0.0,0.0,0.0,0.0,0,0,0
1756702535,4249,0.0,0.0,-0.01,0.0,0.0,0.0,0.0,0.0,0,0,0
1756702535,4250,0.02,0.0,-0.01,0.0,0.0,0.0,0.0,0.0,0,0,0
1756702535,4251,0.0,0.0,-0.01,0.0,0.0,0.0,0.0,0.0,0,0,0
1756702535,4252,-0.03,0.0,0.0,0.0,0.0,0.0,0.0,0.0,0,0,0
1756702535,4253,-0.02,0.0,-0.05,0.0,0.0,0.0,0.0,0.0,0,0,0
1756702535,4254,0.0,0.0,-0.01,0.0,0.0,0.0,0.0,0.0,0,0,0
1756702535,4255,-0.03,0.0,0.0,0.0,0.0,0.0,0.0,0.0,0,0,0
1756702535,4256,0.0,0.0,0.03,0.0,0.0,0.0,0.0,0.0,0,0,0
1756702535,4257,0.01,0.0,-0.02,0.0,0.0,0.0,0.0,0.0,0,0,0
1756702535,4258,0.0,0.0,-0.02,0.0,0.0,0.0,0.0,0.0,0,0,0
1756702535,4259,0.0,0.0,-0.02,0.0,0.0,0.0,0.0,0.0,0,0,0
1756702535,4260,0.01,0.0,0.0,0.0,0.0,0.0,0.0,0.0,0,0,0
1756702535,4261,-0.09,0.0,-0.1,0.0,0.0,0.0,0.0,0.0,0,0,0
1756702535,4262,-0.01,0.0,-0.05,0.0,0.0,0.0,0.0,0.0,0,0,0
1756702535,4263,0.03,0.0,-0.05,0.0,0.0,0.0,0.0,0.0,0,0,0
1756702535,4264,0.0,0.0,-0.05,0.0,0.0,0.0,0.0,0.0,0,0,0
1756702535,4265,0.0,0.0,0.0,0.0,0.0,0.0,0.0,0.0,0,0,0
1756702535,4266,0.0,0.0,0.0,0.0,0.0,0.0,0.0,0.0,0,0,0
1756702535,4267,0.0,0.0,0.0,0.0,0.0,0.0,0.0,0.0,0,0,0
1756702535,4268,0.0,0.0,-0.03,0.0,0.0,0.0,0.0,0.0,0,0,0
1756702535,4269,-0.01,0.0,0.0,0.0,0.0,0.0,0.0,0.0,0,0,0
1756702535,4270,0.0,0.0,0.0,0.0,0.0,0.0,0.0,0.0,0,0,0
1756702535,4271,-0.03,0.0,-0.03,0.0,0.0,0.0,0.0,0.0,0,0,0
1756702535,4272,0.0,0.0,0.0,0.0,0.0,0.0,0.0,0.0,0,0,0
1756702535,4273,0.07,0.0,0.0,0.0,0.0,0.0,0.0,0.0,0,0,0
1756702535,4274,0.05,0.0,-0.01,0.0,0.0,0.0,0.0,0.0,0,0,0
1756702535,4275,0.0,0.0,-0.01,0.0,0.0,0.0,0.0,0.0,0,0,0
1756702535,4276,0.0,0.0,-0.03,0.0,0.0,0.0,0.0,0.0,0,0,0
1756702535,4277,0.02,0.0,0.0,0.0,0.0,0.0,0.0,0.0,0,0,0
1756702535,4278,0.0,0.0,-0.03,0.0,0.0,0.0,0.0,0.0,0,0,0
1756702536,4279,-0.05,0.0,-0.01,0.0,0.0,0.0,0.0,0.0,0,0,0
1756702536,4280,0.0,0.0,-0.05,0.0,0.0,0.0,0.0,0.0,0,0,0
1756702536,4281,0.01,0.0,0.02,0.0,0.0,0.0,0.0,0.0,0,0,0
1756702536,4282,-0.03,0.0,0.0,0.0,0.0,0.0,0.0,0.0,0,0,0
1756702536,4283,0.12,0.0,-0.07,0.0,0.0,0.0,0.0,0.0,0,0,0
1756702536,4284,0.03,0.0,0.0,0.0,0.0,0.0,0.0,0.0,0,0,0
1756702536,4285,0.03,0.0,-0.03,0.0,0.0,0.0,0.0,0.0,0,0,0
1756702536,4286,0.0,0.0,-0.05,0.0,0.0,0.0,0.0,0.0,0,0,0
1756702536,4287,-0.02,0.0,0.01,0.0,0.0,0.0,0.0,0.0,0,0,0
1756702536,4288,-0.01,0.0,0.05,0.0,0.0,0.0,0.0,0.0,0,0,0
1756702536,4289,0.0,0.0,0.01,0.0,0.0,0.0,0.0,0.0,0,0,0
1756702536,4290,-0.01,0.0,-0.07,0.0,0.0,0.0,0.0,0.0,0,0,0
1756702536,4291,0.0,0.0,-0.03,0.0,0.0,0.0,0.0,0.0,0,0,0
1756702536,4292,-0.02,0.0,-0.02,0.0,0.0,0.0,0.0,0.0,0,0,0
1756702536,4293,-0.07,0.0,-0.05,0.0,0.0,0.0,0.0,0.0,0,0,0
1756702536,4294,0.01,0.0,0.0,0.0,0.0,0.0,0.0,0.0,0,0,0
1756702536,4295,-0.01,0.0,-0.03,0.0,0.0,0.0,0.0,0.0,0,0,0
1756702536,4296,0.02,0.0,-0.1,0.0,0.0,0.0,0.0,0.0,0,0,0
1756702536,4297,0.0,0.0,-0.03,0.0,0.0,0.0,0.0,0.0,0,0,0
1756702536,4298,0.01,0.0,-0.05,0.0,0.0,0.0,0.0,0.0,0,0,0
1756702536,4299,0.01,0.0,0.0,0.0,0.0,0.0,0.0,0.0,0,0,0
1756702536,4300,0.0,0.0,0.0,0.0,0.0,0.0,0.0,0.0,0,0,0
1756702536,4301,0.0,0.0,-0.05,0.0,0.0,0.0,0.0,0.0,0,0,0
1756702536,4302,0.09,0.0,-0.07,0.0,0.0,0.0,0.0,0.0,0,0,0
1756702536,4303,0.0,0.0,-0.05,0.0,0.0,0.0,0.0,0.0,0,0,0
1756702536,4304,-0.01,0.0,0.0,0.0,0.0,0.0,0.0,0.0,0,0,0
1756702536,4305,0.01,0.0,-0.01,0.0,0.0,0.0,0.0,0.0,0,0,0
1756702536,4306,-0.01,0.0,-0.01,0.0,0.0,0.0,0.0,0.0,0,0,0
1756702536,4307,0.0,0.0,-0.01,0.0,0.0,0.0,0.0,0.0,0,0,0
1756702536,4308,0.0,0.0,0.0,0.0,0.0,0.0,0.0,0.0,0,0,0
1756702536,4309,0.0,0.0,0.0,0.0,0.0,0.0,0.0,0.0,0,0,0
1756702536,4310,0.01,0.0,0.0,0.0,0.0,0.0,0.0,0.0,0,0,0
1756702536,4311,0.0,0.0,-0.02,0.0,0.0,0.0,0.0,0.0,0,0,0
1756702536,4312,0.0,0.0,0.0,0.0,0.0,0.0,0.0,0.0,0,0,0
1756702536,4313,0.0,0.0,-0.05,0.0,0.0,0.0,0.0,0.0,0,0,0
1756702536,4314,0.0,0.0,-0.03,0.0,0.0,0.0,0.0,0.0,0,0,0
1756702536,4315,0.07,0.0,-0.01,0.0,0.0,0.0,0.0,0.0,0,0,0
1756702536,4316,0.0,0.0,-0.01,0.0,0.0,0.0,0.0,0.0,0,0,0
1756702536,4317,0.0,0.0,-0.03,0.0,0.0,0.0,0.0,0.0,0,0,0
1756702536,4318,0.01,0.0,-0.03,0.0,0.0,0.0,0.0,0.0,0,0,0
1756702536,4319,0.0,0.0,-0.01,0.0,0.0,0.0,0.0,0.0,0,0,0
1756702536,4320,0.0,0.0,-0.01,0.0,0.0,0.0,0.0,0.0,0,0,0
1756702536,4321,0.02,0.0,-0.01,0.0,0.0,0.0,0.0,0.0,0,0,0
1756702536,4322,0.0,0.0,0.0,0.0,0.0,0.0,0.0,0.0,0,0,0
1756702536,4323,-0.02,0.0,-0.01,0.0,0.0,0.0,0.0,0.0,0,0,0
1756702536,4324,0.0,0.0,-0.01,0.0,0.0,0.0,0.0,0.0,0,0,0
1756702536,4325,0.0,0.0,0.0,0.0,0.0,0.0,0.0,0.0,0,0,0
1756702536,4326,0.01,0.0,0.01,0.0,0.0,0.0,0.0,0.0,0,0,0
1756702536,4327,0.03,0.0,0.0,0.0,0.0,0.0,0.0,0.0,0,0,0
1756702536,4328,-0.01,0.0,-0.03,0.0,0.0,0.0,0.0,0.0,0,0,0
1756702536,4329,-0.05,0.0,-0.03,0.0,0.0,0.0,0.0,0.0,0,0,0
1756702536,4330,0.01,0.0,-0.02,0.0,0.0,0.0,0.0,0.0,0,0,0
1756702536,4331,0.01,0.0,-0.01,0.0,0.0,0.0,0.0,0.0,0,0,0
1756702536,4332,-0.01,0.0,-0.05,0.0,0.0,0.0,0.0,0.0,0,0,0
1756702536,4333,-0.02,0.0,-0.03,0.0,0.0,0.0,0.0,0.0,0,0,0
1756702536,4334,0.03,0.0,-0.05,0.0,0.0,0.0,0.0,0.0,0,0,0
1756702536,4335,0.0,0.0,-0.01,0.0,0.0,0.0,0.0,0.0,0,0,0
1756702536,4336,-0.05,0.0,-0.01,0.0,0.0,0.0,0.0,0.0,0,0,0
1756702536,4337,0.0,0.0,-0.05,0.0,0.0,0.0,0.0,0.0,0,0,0
1756702536,4338,0.07,0.0,-0.02,0.0,0.0,0.0,0.0,0.0,0,0,0
1756702536,4339,0.03,0.0,-0.05,0.0,0.0,0.0,0.0,0.0,0,0,0
1756702536,4340,0.07,0.0,-0.03,0.0,0.0,0.0,0.0,0.0,0,0,0
1756702536,4341,0.05,0.0,-0.09,0.0,0.0,0.0,0.0,0.0,0,0,0
1756702536,4342,0.0,0.0,-0.01,0.0,0.0,0.0,0.0,0.0,0,0,0
1756702536,4343,0.07,0.0,-0.05,0.0,0.0,0.0,0.0,0.0,0,0,0
1756702537,4344,-0.07,0.0,0.0,0.0,0.0,0.0,0.0,0.0,0,0,0
1756702537,4345,-0.02,0.0,-0.01,0.0,0.0,0.0,0.0,0.0,0,0,0
1756702537,4346,0.0,0.0,0.0,0.0,0.0,0.0,0.0,0.0,0,0,0
1756702537,4347,-0.02,0.0,-0.02,0.0,0.0,0.0,0.0,0.0,0,0,0
1756702537,4348,0.0,0.0,-0.05,0.0,0.0,0.0,0.0,0.0,0,0,0
1756702537,4349,0.0,0.0,-0.05,0.0,0.0,0.0,0.0,0.0,0,0,0
1756702537,4350,0.03,0.0,-0.01,0.0,0.0,0.0,0.0,0.0,0,0,0
1756702537,4351,0.0,0.0,0.0,0.0,0.0,0.0,0.0,0.0,0,0,0
1756702537,4352,0.0,0.0,-0.03,0.0,0.0,0.0,0.0,0.0,0,0,0
1756702537,4353,0.02,0.0,0.0,0.0,0.0,0.0,0.0,0.0,0,0,0
1756702537,4354,0.03,0.0,-0.01,0.0,0.0,0.0,0.0,0.0,0,0,0
1756702537,4355,0.03,0.0,-0.07,0.0,0.0,0.0,0.0,0.0,0,0,0
1756702537,4356,0.01,0.0,-0.03,0.0,0.0,0.0,0.0,0.0,0,0,0
1756702537,4357,0.0,0.0,0.05,0.0,0.0,0.0,0.0,0.0,0,0,0
1756702537,4358,0.0,0.0,-0.02,0.0,0.0,0.0,0.0,0.0,0,0,0
1756702537,4359,0.0,0.0,0.0,0.0,0.0,0.0,0.0,0.0,0,0,0
1756702537,4360,0.0,0.0,-0.01,0.0,0.0,0.0,0.0,0.0,0,0,0
1756702537,4361,0.0,0.0,-0.01,0.0,0.0,0.0,0.0,0.0,0,0,0
1756702537,4362,0.0,0.0,0.0,0.0,0.0,0.0,0.0,0.0,0,0,0
1756702537,4363,0.0,0.0,-0.03,0.0,0.0,0.0,0.0,0.0,0,0,0
1756702537,4364,0.02,0.0,-0.05,0.0,0.0,0.0,0.0,0.0,0,0,0
1756702537,4365,-0.07,0.0,-0.01,0.0,0.0,0.0,0.0,0.0,0,0,0
1756702537,4366,-0.03,0.0,0.0,0.0,0.0,0.0,0.0,0.0,0,0,0
1756702537,4367,0.01,0.0,-0.05,0.0,0.0,0.0,0.0,0.0,0,0,0
1756702537,4368,-0.02,0.0,-0.1,0.0,0.0,0.0,0.0,0.0,0,0,0
1756702537,4369,0.01,0.0,-0.12,0.0,0.0,0.0,0.0,0.0,0,0,0
1756702537,4370,0.0,0.0,-0.01,0.0,0.0,0.0,0.0,0.0,0,0,0
1756702537,4371,0.0,0.0,0.0,0.0,0.0,0.0,0.0,0.0,0,0,0
1756702537,4372,-0.01,0.0,0.0,0.0,0.0,0.0,0.0,0.0,0,0,0
1756702537,4373,0.03,0.0,-0.05,0.0,0.0,0.0,0.0,0.0,0,0,0
1756702537,4374,0.01,0.0,0.0,0.0,0.0,0.0,0.0,0.0,0,0,0
1756702537,4375,0.0,0.0,0.0,0.0,0.0,0.0,0.0,0.0,0,0,0
1756702537,4376,-0.01,0.0,0.0,0.0,0.0,0.0,0.0,0.0,0,0,0
1756702537,4377,-0.01,0.0,-0.02,0.0,0.0,0.0,0.0,0.0,0,0,0
1756702537,4378,0.03,0.0,0.0,0.0,0.0,0.0,0.0,0.0,0,0,0
1756702537,4379,0.02,0.0,-0.02,0.0,0.0,0.0,0.0,0.0,0,0,0
1756702537,4380,0.09,0.0,-0.01,0.0,0.0,0.0,0.0,0.0,0,0,0
1756702537,4381,-0.01,0.0,0.0,0.0,0.0,0.0,0.0,0.0,0,0,0
1756702537,4382,0.0,0.0,0.0,0.0,0.0,0.0,0.0,0.0,0,0,0
1756702537,4383,0.0,0.0,0.0,0.0,0.0,0.0,0.0,0.0,0,0,0
1756702537,4384,0.01,0.0,-0.03,0.0,0.0,0.0,0.0,0.0,0,0,0
1756702537,4385,0.03,0.0,-0.01,0.0,0.0,0.0,0.0,0.0,0,0,0
1756702537,4386,0.01,0.0,0.0,0.0,0.0,0.0,0.0,0.0,0,0,0
1756702537,4387,0.0,0.0,0.0,0.0,0.0,0.0,0.0,0.0,0,0,0
1756702537,4388,0.0,0.0,0.0,0.0,0.0,0.0,0.0,0.0,0,0,0
1756702537,4389,0.01,0.0,-0.02,0.0,0.0,0.0,0.0,0.0,0,0,0
1756702537,4390,0.0,0.0,-0.02,0.0,0.0,0.0,0.0,0.0,0,0,0
1756702537,4391,0.01,0.0,-0.05,0.0,0.0,0.0,0.0,0.0,0,0,0
1756702537,4392,0.02,0.0,-0.05,0.0,0.0,0.0,0.0,0.0,0,0,0
1756702537,4393,0.01,0.0,-0.02,0.0,0.0,0.0,0.0,0.0,0,0,0
1756702537,4394,0.0,0.0,-0.02,0.0,0.0,0.0,0.0,0.0,0,0,0
1756702537,4395,0.0,0.0,0.0,0.0,0.0,0.0,0.0,0.0,0,0,0
1756702537,4396,-0.1,0.0,0.01,0.0,0.0,0.0,0.0,0.0,0,0,0
1756702537,4397,-0.02,0.0,-0.02,0.0,0.0,0.0,0.0,0.0,0,0,0
1756702537,4398,0.09,0.0,-0.01,0.0,0.0,0.0,0.0,0.0,0,0,0
1756702537,4399,0.0,0.0,-0.01,0.0,0.0,0.0,0.0,0.0,0,0,0
1756702537,4400,0.02,0.0,-0.02,0.0,0.0,0.0,0.0,0.0,0,0,0
1756702537,4401,0.0,0.0,-0.01,0.0,0.0,0.0,0.0,0.0,0,0,0
1756702537,4402,0.01,0.0,0.01,0.0,0.0,0.0,0.0,0.0,0,0,0
1756702537,4403,-0.07,0.0,-0.05,0.0,0.0,0.0,0.0,0.0,0,0,0
1756702537,4404,0.01,0.0,0.0,0.0,0.0,0.0,0.0,0.0,0,0,0
1756702537,4405,0.0,0.0,0.0,0.0,0.0,0.0,0.0,0.0,0,0,0
1756702537,4406,0.0,0.0,0.0,0.0,0.0,0.0,0.0,0.0,0,0,0
1756702537,4407,0.01,0.0,-0.03,0.0,0.0,0.0,0.0,0.0,0,0,0
1756702537,4408,0.05,0.0,-0.03,0.0,0.0,0.0,0.0,0.0,0,0,0
1756702537,4409,0.01,0.0,-0.02,0.0,0.0,0.0,0.0,0.0,0,0,0
1756702537,4410,0.0,0.0,0.0,0.0,0.0,0.0,0.0,0.0,0,0,0
1756702538,4411,0.03,0.0,-0.05,0.0,0.0,0.0,0.0,0.0,0,0,0
1756702538,4412,-0.02,0.0,-0.01,0.0,0.0,0.0,0.0,0.0,0,0,0
1756702538,4413,0.02,0.0,-0.02,0.0,0.0,0.0,0.0,0.0,0,0,0
1756702538,4414,-0.02,0.0,-0.03,0.0,0.0,0.0,0.0,0.0,0,0,0
1756702538,4415,0.0,0.0,0.0,0.0,0.0,0.0,0.0,0.0,0,0,0
1756702538,4416,0.0,0.0,-0.07,0.0,0.0,0.0,0.0,0.0,0,0,0
1756702538,4417,0.05,0.0,-0.05,0.0,0.0,0.0,0.0,0.0,0,0,0
1756702538,4418,0.03,0.0,-0.1,0.0,0.0,0.0,0.0,0.0,0,0,0
1756702538,4419,0.0,0.0,-0.01,0.0,0.0,0.0,0.0,0.0,0,0,0
1756702538,4420,0.03,0.0,0.05,0.0,0.0,0.0,0.0,0.0,0,0,0
1756702538,4421,0.05,0.0,-0.07,0.0,0.0,0.0,0.0,0.0,0,0,0
1756702538,4422,-0.07,0.0,-0.01,0.0,0.0,0.0,0.0,0.0,0,0,0
1756702538,4423,0.01,0.0,0.0,0.0,0.0,0.0,0.0,0.0,0,0,0
1756702538,4424,0.01,0.0,-0.03,0.0,0.0,0.0,0.0,0.0,0,0,0
1756702538,4425,0.01,0.0,-0.02,0.0,0.0,0.0,0.0,0.0,0,0,0
1756702538,4426,0.02,0.0,-0.01,0.0,0.0,0.0,0.0,0.0,0,0,0
1756702538,4427,0.02,0.0,-0.01,0.0,0.0,0.0,0.0,0.0,0,0,0
1756702538,4428,0.0,0.0,0.02,0.0,0.0,0.0,0.0,0.0,0,0,0
1756702538,4429,-0.03,0.0,-0.1,0.0,0.0,0.0,0.0,0.0,0,0,0
1756702538,4430,0.01,0.0,-0.01,0.0,0.0,0.0,0.0,0.0,0,0,0
1756702538,4431,0.03,0.0,-0.01,0.0,0.0,0.0,0.0,0.0,0,0,0
1756702538,4432,0.05,0.0,-0.05,0.0,0.0,0.0,0.0,0.0,0,0,0
1756702538,4433,0.01,0.0,0.0,0.0,0.0,0.0,0.0,0.0,0,0,0
1756702538,4434,0.01,0.0,-0.03,0.0,0.0,0.0,0.0,0.0,0,0,0
1756702538,4435,0.03,0.0,-0.05,0.0,0.0,0.0,0.0,0.0,0,0,0
1756702538,4436,0.03,0.0,-0.03,0.0,0.0,0.0,0.0,0.0,0,0,0
1756702538,4437,0.0,0.0,-0.05,0.0,0.0,0.0,0.0,0.0,0,0,0
1756702538,4438,0.0,0.0,0.0,0.0,0.0,0.0,0.0,0.0,0,0,0
1756702538,4439,0.0,0.0,-0.01,0.0,0.0,0.0,0.0,0.0,0,0,0
1756702538,4440,0.03,0.0,-0.05,0.0,0.0,0.0,0.0,0.0,0,0,0
1756702538,4441,-0.03,0.0,-0.03,0.0,0.0,0.0,0.0,0.0,0,0,0
1756702538,4442,0.03,0.0,0.0,0.0,0.0,0.0,0.0,0.0,0,0,0
1756702538,4443,0.11,0.0,-0.01,0.0,0.0,0.0,0.0,0.0,0,0,0
1756702538,4444,0.0,0.0,0.01,0.0,0.0,0.0,0.0,0.0,0,0,0
1756702538,4445,0.0,0.0,-0.01,0.0,0.0,0.0,0.0,0.0,0,0,0
1756702538,4446,0.0,0.0,-0.07,0.0,0.0,0.0,0.0,0.0,0,0,0
1756702538,4447,0.0,0.0,-0.01,0.0,0.0,0.0,0.0,0.0,0,0,0
1756702538,4448,-0.01,0.0,-0.01,0.0,0.0,0.0,0.0,0.0,0,0,0
1756702538,4449,-0.09,0.0,0.0,0.0,0.0,0.0,0.0,0.0,0,0,0
1756702538,4450,0.0,0.0,-0.03,0.0,0.0,0.0,0.0,0.0,0,0,0
1756702538,4451,0.0,0.0,0.0,0.0,0.0,0.0,0.0,0.0,0,0,0
1756702538,4452,0.01,0.0,-0.02,0.0,0.0,0.0,0.0,0.0,0,0,0
1756702538,4453,0.0,0.0,0.0,0.0,0.0,0.0,0.0,0.0,0,0,0
1756702538,4454,0.0,0.0,0.0,0.0,0.0,0.0,0.0,0.0,0,0,0
1756702538,4455,0.03,0.0,-0.01,0.0,0.0,0.0,0.0,0.0,0,0,0
1756702538,4456,0.0,0.0,0.05,0.0,0.0,0.0,0.0,0.0,0,0,0
1756702538,4457,-0.01,0.0,-0.05,0.0,0.0,0.0,0.0,0.0,0,0,0
1756702538,4458,-0.05,0.0,-0.02,0.0,0.0,0.0,0.0,0.0,0,0,0
1756702538,4459,-0.03,0.0,-0.01,0.0,0.0,0.0,0.0,0.0,0,0,0
1756702538,4460,-0.03,0.0,-0.05,0.0,0.0,0.0,0.0,0.0,0,0,0
1756702538,4461,0.0,0.0,0.0,0.0,0.0,0.0,0.0,0.0,0,0,0
1756702538,4462,0.05,0.0,-0.09,0.0,0.0,0.0,0.0,0.0,0,0,0
1756702538,4463,0.07,0.0,-0.05,0.0,0.0,0.0,0.0,0.0,0,0,0
1756702538,4464,0.0,0.0,0.0,0.0,0.0,0.0,0.0,0.0,0,0,0
1756702538,4465,0.03,0.0,0.0,0.0,0.0,0.0,0.0,0.0,0,0,0
1756702538,4466,0.0,0.0,-0.01,0.0,0.0,0.0,0.0,0.0,0,0,0
1756702538,4467,0.02,0.0,-0.02,0.0,0.0,0.0,0.0,0.0,0,0,0
1756702538,4468,-0.03,0.0,-0.01,0.0,0.0,0.0,0.0,0.0,0,0,0
1756702538,4469,0.07,0.0,0.0,0.0,0.0,0.0,0.0,0.0,0,0,0
1756702538,4470,-0.02,0.0,0.0,0.0,0.0,0.0,0.0,0.0,0,0,0
1756702538,4471,-0.07,0.0,-0.03,0.0,0.0,0.0,0.0,0.0,0,0,0
1756702538,4472,0.05,0.0,-0.05,0.0,0.0,0.0,0.0,0.0,0,0,0
1756702538,4473,0.0,0.0,0.0,0.0,0.0,0.0,0.0,0.0,0,0,0
1756702538,4474,0.0,0.0,-0.01,0.0,0.0,0.0,0.0,0.0,0,0,0
1756702539,4475,0.0,0.0,-0.05,0.0,0.0,0.0,0.0,0.0,0,0,0
1756702539,4476,0.01,0.0,0.0,0.0,0.0,0.0,0.0,0.0,0,0,0
1756702539,4477,0.0,0.0,0.0,0.0,0.0,0.0,0.0,0.0,0,0,0
1756702539,4478,0.0,0.0,-0.01,0.0,0.0,0.0,0.0,0.0,0,0,0
1756702539,4479,-0.12,0.0,-0.01,0.0,0.0,0.0,0.0,0.0,0,0,0
1756702539,4480,-0.09,0.0,0.0,0.0,0.0,0.0,0.0,0.0,0,0,0
1756702539,4481,0.0,0.0,-0.03,0.0,0.0,0.0,0.0,0.0,0,0,0
1756702539,4482,0.05,0.0,0.01,0.0,0.0,0.0,0.0,0.0,0,0,0
1756702539,4483,0.0,0.0,0.0,0.0,0.0,0.0,0.0,0.0,0,0,0
1756702539,4484,0.18,0.0,-0.05,0.0,0.0,0.0,0.0,0.0,0,0,0
1756702539,4485,0.05,0.0,-0.05,0.0,0.0,0.0,0.0,0.0,0,0,0
1756702539,4486,-0.01,0.0,-0.01,0.0,0.0,0.0,0.0,0.0,0,0,0
1756702539,4487,-0.02,0.0,0.0,0.0,0.0,0.0,0.0,0.0,0,0,0
1756702539,4488,-0.01,0.0,0.0,0.0,0.0,0.0,0.0,0.0,0,0,0
1756702539,4489,-0.07,0.0,-0.01,0.0,0.0,0.0,0.0,0.0,0,0,0
1756702539,4490,0.0,0.0,0.0,0.0,0.0,0.0,0.0,0.0,0,0,0
1756702539,4491,0.01,0.0,-0.03,0.0,0.0,0.0,0.0,0.0,0,0,0
1756702539,4492,0.05,0.0,-0.03,0.0,0.0,0.0,0.0,0.0,0,0,0
1756702539,4493,-0.03,0.0,0.0,0.0,0.0,0.0,0.0,0.0,0,0,0
1756702539,4494,0.0,0.0,-0.09,0.0,0.0,0.0,0.0,0.0,0,0,0
1756702539,4495,-0.03,0.0,0.0,0.0,0.0,0.0,0.0,0.0,0,0,0
1756702539,4496,0.0,0.0,0.0,0.0,0.0,0.0,0.0,0.0,0,0,0
1756702539,4497,0.0,0.0,0.0,0.0,0.0,0.0,0.0,0.0,0,0,0
1756702539,4498,0.0,0.0,-0.03,0.0,0.0,0.0,0.0,0.0,0,0,0
1756702539,4499,-0.01,0.0,-0.1,0.0,0.0,0.0,0.0,0.0,0,0,0
1756702539,4500,0.0,0.0,0.0,0.0,0.0,0.0,0.0,0.0,0,0,0
1756702539,4501,0.0,0.0,-0.03,0.0,0.0,0.0,0.0,0.0,0,0,0
1756702539,4502,0.0,0.0,-0.05,0.0,0.0,0.0,0.0,0.0,0,0,0
1756702539,4503,-0.05,0.0,0.0,0.0,0.0,0.0,0.0,0.0,0,0,0
1756702539,4504,-0.01,0.0,0.07,0.0,0.0,0.0,0.0,0.0,0,0,0
1756702539,4505,0.03,0.0,-0.02,0.0,0.0,0.0,0.0,0.0,0,0,0
1756702539,4506,-0.01,0.0,0.0,0.0,0.0,0.0,0.0,0.0,0,0,0
1756702539,4507,-0.02,0.0,0.0,0.0,0.0,0.0,0.0,0.0,0,0,0
1756702539,4508,0.0,0.0,-0.1,0.0,0.0,0.0,0.0,0.0,0,0,0
1756702539,4509,0.03,0.0,-0.02,0.0,0.0,0.0,0.0,0.0,0,0,0
1756702539,4510,0.0,0.0,-0.07,0.0,0.0,0.0,0.0,0.0,0,0,0
1756702539,4511,0.01,0.0,-0.03,0.0,0.0,0.0,0.0,0.0,0,0,0
1756702539,4512,0.01,0.0,0.0,0.0,0.0,0.0,0.0,0.0,0,0,0
1756702539,4513,0.0,0.0,-0.01,0.0,0.0,0.0,0.0,0.0,0,0,0
1756702539,4514,-0.07,0.0,-0.07,0.0,0.0,0.0,0.0,0.0,0,0,0
1756702539,4515,0.0,0.0,0.0,0.0,0.0,0.0,0.0,0.0,0,0,0
1756702539,4516,0.01,0.0,-0.01,0.0,0.0,0.0,0.0,0.0,0,0,0
1756702539,4517,0.05,0.0,-0.02,0.0,0.0,0.0,0.0,0.0,0,0,0
1756702539,4518,0.1,0.0,-0.07,0.0,0.0,0.0,0.0,0.0,0,0,0
1756702539,4519,0.0,0.0,-0.03,0.0,0.0,0.0,0.0,0.0,0,0,0
1756702539,4520,0.01,0.0,-0.01,0.0,0.0,0.0,0.0,0.0,0,0,0
1756702539,4521,0.0,0.0,-0.03,0.0,0.0,0.0,0.0,0.0,0,0,0
1756702539,4522,-0.01,0.0,-0.02,0.0,0.0,0.0,0.0,0.0,0,0,0
1756702539,4523,0.0,0.0,0.0,0.0,0.0,0.0,0.0,0.0,0,0,0
1756702539,4524,-0.05,0.0,0.0,0.0,0.0,0.0,0.0,0.0,0,0,0
1756702539,4525,0.0,0.0,-0.02,0.0,0.0,0.0,0.0,0.0,0,0,0
1756702539,4526,0.0,0.0,0.0,0.0,0.0,0.0,0.0,0.0,0,0,0
1756702539,4527,0.0,0.0,-0.01,0.0,0.0,0.0,0.0,0.0,0,0,0
1756702539,4528,0.0,0.0,-0.05,0.0,0.0,0.0,0.0,0.0,0,0,0
1756702539,4529,0.0,0.0,0.0,0.0,0.0,0.0,0.0,0.0,0,0,0
1756702539,4530,-0.01,0.0,0.0,0.0,0.0,0.0,0.0,0.0,0,0,0
1756702539,4531,-0.02,0.0,-0.05,0.0,0.0,0.0,0.0,0.0,0,0,0
1756702539,4532,0.0,0.0,-0.05,0.0,0.0,0.0,0.0,0.0,0,0,0
1756702539,4533,0.01,0.0,-0.01,0.0,0.0,0.0,0.0,0.0,0,0,0
1756702539,4534,0.0,0.0,0.07,0.0,0.0,0.0,0.0,0.0,0,0,0
1756702539,4535,0.01,0.0,0.0,0.0,0.0,0.0,0.0,0.0,0,0,0
1756702539,4536,0.0,0.0,-0.01,0.0,0.0,0.0,0.0,0.0,0,0,0
1756702539,4537,0.11,0.0,-0.02,0.0,0.0,0.0,0.0,0.0,0,0,0
1756702539,4538,0.0,0.0,0.0,0.0,0.0,0.0,0.0,0.0,0,0,0
1756702539,4539,0.0,0.0,0.0,0.0,0.0,0.0,0.0,0.0,0,0,0
1756702539,4540,0.0,0.0,0.0,0.0,0.0,0.0,0.0,0.0,0,0,0
1756702540,4541,0.0,0.0,0.0,0.0,0.0,0.0,0.0,0.0,0,0,0
1756702540,4542,0.05,0.0,0.0,0.0,0.0,0.0,0.0,0.0,0,0,0
1756702540,4543,-0.01,0.0,0.0,0.0,0.0,0.0,0.0,0.0,0,0,0
1756702540,4544,0.0,0.0,-0.07,0.0,0.0,0.0,0.0,0.0,0,0,0
1756702540,4545,-0.03,0.0,-0.01,0.0,0.0,0.0,0.0,0.0,0,0,0
1756702540,4546,0.0,0.0,-0.1,0.0,0.0,0.0,0.0,0.0,0,0,0
1756702540,4547,0.02,0.0,-0.03,0.0,0.0,0.0,0.0,0.0,0,0,0
1756702540,4548,-0.03,0.0,0.01,0.0,0.0,0.0,0.0,0.0,0,0,0
1756702540,4549,0.03,0.0,0.01,0.0,0.0,0.0,0.0,0.0,0,0,0
1756702540,4550,-0.01,0.0,-0.01,0.0,0.0,0.0,0.0,0.0,0,0,0
1756702540,4551,0.0,0.0,-0.11,0.0,0.0,0.0,0.0,0.0,0,0,0
1756702540,4552,0.0,0.0,-0.01,0.0,0.0,0.0,0.0,0.0,0,0,0
1756702540,4553,0.02,0.0,-0.01,0.0,0.0,0.0,0.0,0.0,0,0,0
1756702540,4554,0.0,0.0,-0.03,0.0,0.0,0.0,0.0,0.0,0,0,0
1756702540,4555,0.07,0.0,0.0,0.0,0.0,0.0,0.0,0.0,0,0,0
1756702540,4556,-0.03,0.0,-0.01,0.0,0.0,0.0,0.0,0.0,0,0,0
1756702540,4557,-0.09,0.0,0.0,0.0,0.0,0.0,0.0,0.0,0,0,0
1756702540,4558,0.01,0.0,-0.02,0.0,0.0,0.0,0.0,0.0,0,0,0
1756702540,4559,0.01,0.0,0.0,0.0,0.0,0.0,0.0,0.0,0,0,0
1756702540,4560,0.0,0.0,-0.02,0.0,0.0,0.0,0.0,0.0,0,0,0
1756702540,4561,-0.02,0.0,-0.05,0.0,0.0,0.0,0.0,0.0,0,0,0
1756702540,4562,0.01,0.0,0.0,0.0,0.0,0.0,0.0,0.0,0,0,0
1756702540,4563,0.0,0.0,0.0,0.0,0.0,0.0,0.0,0.0,0,0,0
1756702540,4564,-0.03,0.0,0.05,0.0,0.0,0.0,0.0,0.0,0,0,0
1756702540,4565,0.01,0.0,0.0,0.0,0.0,0.0,0.0,0.0,0,0,0
1756702540,4566,0.0,0.0,0.0,0.0,0.0,0.0,0.0,0.0,0,0,0
1756702540,4567,0.0,0.0,0.0,0.0,0.0,0.0,0.0,0.0,0,0,0
1756702540,4568,-0.03,0.0,0.01,0.0,0.0,0.0,0.0,0.0,0,0,0
1756702540,4569,0.0,0.0,0.0,0.0,0.0,0.0,0.0,0.0,0,0,0
1756702540,4570,-0.05,0.0,-0.01,0.0,0.0,0.0,0.0,0.0,0,0,0
1756702540,4571,-0.01,0.0,-0.01,0.0,0.0,0.0,0.0,0.0,0,0,0
1756702540,4572,0.01,0.0,-0.01,0.0,0.0,0.0,0.0,0.0,0,0,0
1756702540,4573,-0.05,0.0,0.01,0.0,0.0,0.0,0.0,0.0,0,0,0
1756702540,4574,0.0,0.0,-0.01,0.0,0.0,0.0,0.0,0.0,0,0,0
1756702540,4575,0.02,0.0,-0.05,0.0,0.0,0.0,0.0,0.0,0,0,0
1756702540,4576,0.17,0.0,-0.1,0.0,0.0,0.0,0.0,0.0,0,0,0
1756702540,4577,0.01,0.0,-0.05,0.0,0.0,0.0,0.0,0.0,0,0,0
1756702540,4578,-0.02,0.0,-0.05,0.0,0.0,0.0,0.0,0.0,0,0,0
1756702540,4579,0.0,0.0,-0.05,0.0,0.0,0.0,0.0,0.0,0,0,0
1756702540,4580,-0.05,0.0,-0.07,0.0,0.0,0.0,0.0,0.0,0,0,0
1756702540,4581,-0.02,0.0,-0.01,0.0,0.0,0.0,0.0,0.0,0,0,0
1756702540,4582,0.0,0.0,0.05,0.0,0.0,0.0,0.0,0.0,0,0,0
1756702540,4583,-0.1,0.0,0.03,0.0,0.0,0.0,0.0,0.0,0,0,0
1756702540,4584,-0.05,0.0,0.0,0.0,0.0,0.0,0.0,0.0,0,0,0
1756702540,4585,0.05,0.0,0.0,0.0,0.0,0.0,0.0,0.0,0,0,0
1756702540,4586,0.07,0.0,0.0,0.0,0.0,0.0,0.0,0.0,0,0,0
1756702540,4587,0.03,0.0,-0.09,0.0,0.0,0.0,0.0,0.0,0,0,0
1756702540,4588,0.0,0.0,-0.07,0.0,0.0,0.0,0.0,0.0,0,0,0
1756702540,4589,0.07,0.0,0.0,0.0,0.0,0.0,0.0,0.0,0,0,0
1756702540,4590,0.02,0.0,-0.05,0.0,0.0,0.0,0.0,0.0,0,0,0
1756702540,4591,0.05,0.0,-0.07,0.0,0.0,0.0,0.0,0.0,0,0,0
1756702540,4592,0.01,0.0,0.0,0.0,0.0,0.0,0.0,0.0,0,0,0
1756702540,4593,0.0,0.0,-0.02,0.0,0.0,0.0,0.0,0.0,0,0,0
1756702540,4594,0.02,0.0,0.0,0.0,0.0,0.0,0.0,0.0,0,0,0
1756702540,4595,0.0,0.0,0.0,0.0,0.0,0.0,0.0,0.0,0,0,0
1756702540,4596,0.0,0.0,-0.01,0.0,0.0,0.0,0.0,0.0,0,0,0
1756702540,4597,0.0,0.0,-0.01,0.0,0.0,0.0,0.0,0.0,0,0,0
1756702540,4598,-0.03,0.0,0.0,0.0,0.0,0.0,0.0,0.0,0,0,0
1756702540,4599,-0.05,0.0,0.0,0.0,0.0,0.0,0.0,0.0,0,0,0
1756702540,4600,0.03,0.0,0.0,0.0,0.0,0.0,0.0,0.0,0,0,0
1756702540,4601,0.03,0.0,0.0,0.0,0.0,0.0,0.0,0.0,0,0,0
1756702540,4602,0.0,0.0,0.0,0.0,0.0,0.0,0.0,0.0,0,0,0
1756702540,4603,0.0,0.0,-0.01,0.0,0.0,0.0,0.0,0.0,0,0,0
1756702540,4604,0.03,0.0,-0.1,0.0,0.0,0.0,0.0,0.0,0,0,0
1756702540,4605,0.01,0.0,0.0,0.0,0.0,0.0,0.0,0.0,0,0,0
1756702540,4606,0.0,0.0,0.0,0.0,0.0,0.0,0.0,0.0,0,0,0
1756702541,4607,-0.01,0.0,-0.02,0.0,0.0,0.0,0.0,0.0,0,0,0
1756702541,4608,0.0,0.0,-0.1,0.0,0.0,0.0,0.0,0.0,0,0,0
1756702541,4609,0.0,0.0,0.0,0.0,0.0,0.0,0.0,0.0,0,0,0
1756702541,4610,0.02,0.0,-0.02,0.0,0.0,0.0,0.0,0.0,0,0,0
1756702541,4611,0.0,0.0,0.0,0.0,0.0,0.0,0.0,0.0,0,0,0
1756702541,4612,0.02,0.0,-0.01,0.0,0.0,0.0,0.0,0.0,0,0,0
1756702541,4613,-0.03,0.0,0.0,0.0,0.0,0.0,0.0,0.0,0,0,0
1756702541,4614,0.01,0.0,-0.05,0.0,0.0,0.0,0.0,0.0,0,0,0
1756702541,4615,0.01,0.0,-0.01,0.0,0.0,0.0,0.0,0.0,0,0,0
1756702541,4616,-0.02,0.0,0.0,0.0,0.0,0.0,0.0,0.0,0,0,0
1756702541,4617,-0.01,0.0,-0.03,0.0,0.0,0.0,0.0,0.0,0,0,0
1756702541,4618,-0.02,0.0,-0.02,0.0,0.0,0.0,0.0,0.0,0,0,0
1756702541,4619,0.0,0.0,-0.02,0.0,0.0,0.0,0.0,0.0,0,0,0
1756702541,4620,0.03,0.0,0.0,0.0,0.0,0.0,0.0,0.0,0,0,0
1756702541,4621,0.0,0.0,-0.01,0.0,0.0,0.0,0.0,0.0,0,0,0
1756702541,4622,0.07,0.0,-0.01,0.0,0.0,0.0,0.0,0.0,0,0,0
1756702541,4623,0.09,0.0,-0.03,0.0,0.0,0.0,0.0,0.0,0,0,0
1756702541,4624,-0.02,0.0,-0.02,0.0,0.0,0.0,0.0,0.0,0,0,0
1756702541,4625,0.0,0.0,-0.05,0.0,0.0,0.0,0.0,0.0,0,0,0
1756702541,4626,0.0,0.0,0.0,0.0,0.0,0.0,0.0,0.0,0,0,0
1756702541,4627,0.0,0.0,0.0,0.0,0.0,0.0,0.0,0.0,0,0,0
1756702541,4628,-0.02,0.0,0.0,0.0,0.0,0.0,0.0,0.0,0,0,0
1756702541,4629,0.02,0.0,0.01,0.0,0.0,0.0,0.0,0.0,0,0,0
1756702541,4630,-0.03,0.0,0.0,0.0,0.0,0.0,0.0,0.0,0,0,0
1756702541,4631,0.0,0.0,-0.02,0.0,0.0,0.0,0.0,0.0,0,0,0
1756702541,4632,0.0,0.0,-0.09,0.0,0.0,0.0,0.0,0.0,0,0,0
1756702541,4633,0.0,0.0,0.01,0.0,0.0,0.0,0.0,0.0,0,0,0
1756702541,4634,-0.03,0.0,-0.05,0.0,0.0,0.0,0.0,0.0,0,0,0
1756702541,4635,0.01,0.0,-0.01,0.0,0.0,0.0,0.0,0.0,0,0,0
1756702541,4636,-0.01,0.0,-0.01,0.0,0.0,0.0,0.0,0.0,0,0,0
1756702541,4637,0.0,0.0,-0.01,0.0,0.0,0.0,0.0,0.0,0,0,0
1756702541,4638,0.0,0.0,-0.01,0.0,0.0,0.0,0.0,0.0,0,0,0
1756702541,4639,0.05,0.0,0.0,0.0,0.0,0.0,0.0,0.0,0,0,0
1756702541,4640,0.0,0.0,-0.01,0.0,0.0,0.0,0.0,0.0,0,0,0
1756702541,4641,0.0,0.0,0.0,0.0,0.0,0.0,0.0,0.0,0,0,0
1756702541,4642,-0.02,0.0,-0.05,0.0,0.0,0.0,0.0,0.0,0,0,0
1756702541,4643,0.0,0.0,0.0,0.0,0.0,0.0,0.0,0.0,0,0,0
1756702541,4644,0.01,0.0,-0.03,0.0,0.0,0.0,0.0,0.0,0,0,0
1756702541,4645,0.0,0.0,0.0,0.0,0.0,0.0,0.0,0.0,0,0,0
1756702541,4646,-0.02,0.0,0.0,0.0,0.0,0.0,0.0,0.0,0,0,0
1756702541,4647,0.01,0.0,-0.03,0.0,0.0,0.0,0.0,0.0,0,0,0
1756702541,4648,0.02,0.0,-0.01,0.0,0.0,0.0,0.0,0.0,0,0,0
1756702541,4649,0.0,0.0,0.01,0.0,0.0,0.0,0.0,0.0,0,0,0
1756702541,4650,0.0,0.0,0.0,0.0,0.0,0.0,0.0,0.0,0,0,0
1756702541,4651,0.0,0.0,-0.01,0.0,0.0,0.0,0.0,0.0,0,0,0
1756702541,4652,0.03,0.0,-0.07,0.0,0.0,0.0,0.0,0.0,0,0,0
1756702541,4653,0.0,0.0,-0.02,0.0,0.0,0.0,0.0,0.0,0,0,0
1756702541,4654,0.03,0.0,0.0,0.0,0.0,0.0,0.0,0.0,0,0,0
1756702541,4655,0.0,0.0,-0.1,0.0,0.0,0.0,0.0,0.0,0,0,0
1756702541,4656,0.0,0.0,0.0,0.0,0.0,0.0,0.0,0.0,0,0,0
1756702541,4657,-0.03,0.0,0.0,0.0,0.0,0.0,0.0,0.0,0,0,0
1756702541,4658,0.02,0.0,-0.05,0.0,0.0,0.0,0.0,0.0,0,0,0
1756702541,4659,0.02,0.0,0.0,0.0,0.0,0.0,0.0,0.0,0,0,0
1756702541,4660,0.0,0.0,-0.05,0.0,0.0,0.0,0.0,0.0,0,0,0
1756702541,4661,-0.01,0.0,0.0,0.0,0.0,0.0,0.0,0.0,0,0,0
1756702541,4662,-0.05,0.0,-0.01,0.0,0.0,0.0,0.0,0.0,0,0,0
1756702541,4663,0.01,0.0,0.0,0.0,0.0,0.0,0.0,0.0,0,0,0
1756702541,4664,0.01,0.0,-0.11,0.0,0.0,0.0,0.0,0.0,0,0,0
1756702541,4665,0.03,0.0,-0.09,0.0,0.0,0.0,0.0,0.0,0,0,0
1756702541,4666,0.01,0.0,0.0,0.0,0.0,0.0,0.0,0.0,0,0,0
1756702541,4667,0.02,0.0,-0.02,0.0,0.0,0.0,0.0,0.0,0,0,0
1756702541,4668,0.0,0.0,-0.01,0.0,0.0,0.0,0.0,0.0,0,0,0
1756702541,4669,-0.01,0.0,-0.07,0.0,0.0,0.0,0.0,0.0,0,0,0
1756702541,4670,-0.01,0.0,-0.03,0.0,0.0,0.0,0.0,0.0,0,0,0
1756702542,4671,0.05,0.0,0.0,0.0,0.0,0.0,0.0,0.0,0,0,0
1756702542,4672,0.0,0.0,0.0,0.0,0.0,0.0,0.0,0.0,0,0,0
1756702542,4673,0.01,0.0,-0.07,0.0,0.0,0.0,0.0,0.0,0,0,0
1756702542,4674,0.02,0.0,-0.01,0.0,0.0,0.0,0.0,0.0,0,0,0
1756702542,4675,0.0,0.0,0.0,0.0,0.0,0.0,0.0,0.0,0,0,0
1756702542,4676,0.01,0.0,-0.05,0.0,0.0,0.0,0.0,0.0,0,0,0
1756702542,4677,0.01,0.0,0.03,0.0,0.0,0.0,0.0,0.0,0,0,0
1756702542,4678,0.0,0.0,-0.02,0.0,0.0,0.0,0.0,0.0,0,0,0
1756702542,4679,0.0,0.0,-0.01,0.0,0.0,0.0,0.0,0.0,0,0,0
1756702542,4680,0.0,0.0,0.0,0.0,0.0,0.0,0.0,0.0,0,0,0
1756702542,4681,-0.01,0.0,0.0,0.0,0.0,0.0,0.0,0.0,0,0,0
1756702542,4682,0.0,0.0,0.0,0.0,0.0,0.0,0.0,0.0,0,0,0
1756702542,4683,0.0,0.0,-0.03,0.0,0.0,0.0,0.0,0.0,0,0,0
1756702542,4684,0.0,0.0,0.0,0.0,0.0,0.0,0.0,0.0,0,0,0
1756702542,4685,0.0,0.0,-0.05,0.0,0.0,0.0,0.0,0.0,0,0,0
1756702542,4686,0.05,0.0,0.0,0.0,0.0,0.0,0.0,0.0,0,0,0
1756702542,4687,0.0,0.0,-0.01,0.0,0.0,0.0,0.0,0.0,0,0,0
1756702542,4688,0.1,0.0,-0.02,0.0,0.0,0.0,0.0,0.0,0,0,0
1756702542,4689,0.0,0.0,0.0,0.0,0.0,0.0,0.0,0.0,0,0,0
1756702542,4690,-0.02,0.0,0.0,0.0,0.0,0.0,0.0,0.0,0,0,0
1756702542,4691,-0.02,0.0,-0.03,0.0,0.0,0.0,0.0,0.0,0,0,0
1756702542,4692,0.02,0.0,-0.02,0.0,0.0,0.0,0.0,0.0,0,0,0
1756702542,4693,0.01,0.0,0.0,0.0,0.0,0.0,0.0,0.0,0,0,0
1756702542,4694,0.0,0.0,-0.01,0.0,0.0,0.0,0.0,0.0,0,0,0
1756702542,4695,0.0,0.0,0.0,0.0,0.0,0.0,0.0,0.0,0,0,0
1756702542,4696,0.03,0.0,0.0,0.0,0.0,0.0,0.0,0.0,0,0,0
1756702542,4697,0.0,0.0,-0.02,0.0,0.0,0.0,0.0,0.0,0,0,0
1756702542,4698,0.0,0.0,0.0,0.0,0.0,0.0,0.0,0.0,0,0,0
1756702542,4699,0.0,0.0,-0.05,0.0,0.0,0.0,0.0,0.0,0,0,0
1756702542,4700,0.0,0.0,-0.01,0.0,0.0,0.0,0.0,0.0,0,0,0
1756702542,4701,0.02,0.0,-0.01,0.0,0.0,0.0,0.0,0.0,0,0,0
1756702542,4702,0.07,0.0,-0.05,0.0,0.0,0.0,0.0,0.0,0,0,0
1756702542,4703,0.0,0.0,-0.07,0.0,0.0,0.0,0.0,0.0,0,0,0
1756702542,4704,0.0,0.0,-0.02,0.0,0.0,0.0,0.0,0.0,0,0,0
1756702542,4705,0.0,0.0,-0.01,0.0,0.0,0.0,0.0,0.0,0,0,0
1756702542,4706,0.0,0.0,-0.01,0.0,0.0,0.0,0.0,0.0,0,0,0
1756702542,4707,0.0,0.0,-0.01,0.0,0.0,0.0,0.0,0.0,0,0,0
1756702542,4708,0.02,0.0,-0.02,0.0,0.0,0.0,0.0,0.0,0,0,0
1756702542,4709,0.0,0.0,-0.01,0.0,0.0,0.0,0.0,0.0,0,0,0
1756702542,4710,-0.01,0.0,-0.02,0.0,0.0,0.0,0.0,0.0,0,0,0
1756702542,4711,0.01,0.0,0.0,0.0,0.0,0.0,0.0,0.0,0,0,0
1756702542,4712,0.01,0.0,-0.05,0.0,0.0,0.0,0.0,0.0,0,0,0
1756702542,4713,0.02,0.0,-0.02,0.0,0.0,0.0,0.0,0.0,0,0,0
1756702542,4714,0.0,0.0,-0.03,0.0,0.0,0.0,0.0,0.0,0,0,0
1756702542,4715,0.0,0.0,-0.01,0.0,0.0,0.0,0.0,0.0,0,0,0
1756702542,4716,0.0,0.0,-0.02,0.0,0.0,0.0,0.0,0.0,0,0,0
1756702542,4717,0.0,0.0,0.0,0.0,0.0,0.0,0.0,0.0,0,0,0
1756702542,4718,0.0,0.0,-0.02,0.0,0.0,0.0,0.0,0.0,0,0,0
1756702542,4719,0.0,0.0,-0.01,0.0,0.0,0.0,0.0,0.0,0,0,0
1756702542,4720,0.01,0.0,0.0,0.0,0.0,0.0,0.0,0.0,0,0,0
1756702542,4721,0.01,0.0,-0.02,0.0,0.0,0.0,0.0,0.0,0,0,0
1756702542,4722,-0.02,0.0,0.0,0.0,0.0,0.0,0.0,0.0,0,0,0
1756702542,4723,0.05,0.0,-0.03,0.0,0.0,0.0,0.0,0.0,0,0,0
1756702542,4724,0.0,0.0,0.0,0.0,0.0,0.0,0.0,0.0,0,0,0
1756702542,4725,0.0,0.0,-0.01,0.0,0.0,0.0,0.0,0.0,0,0,0
1756702542,4726,0.0,0.0,0.0,0.0,0.0,0.0,0.0,0.0,0,0,0
1756702542,4727,0.05,0.0,0.0,0.0,0.0,0.0,0.0,0.0,0,0,0
1756702542,4728,0.0,0.0,-0.01,0.0,0.0,0.0,0.0,0.0,0,0,0
1756702542,4729,0.0,0.0,-0.02,0.0,0.0,0.0,0.0,0.0,0,0,0
1756702542,4730,-0.01,0.0,0.0,0.0,0.0,0.0,0.0,0.0,0,0,0
1756702542,4731,-0.02,0.0,-0.05,0.0,0.0,0.0,0.0,0.0,0,0,0
1756702542,4732,0.0,0.0,0.0,0.0,0.0,0.0,0.0,0.0,0,0,0
1756702542,4733,0.0,0.0,-0.02,0.0,0.0,0.0,0.0,0.0,0,0,0
1756702542,4734,0.0,0.0,0.0,0.0,0.0,0.0,0.0,0.0,0,0,0
1756702542,4735,0.0,0.0,0.0,0.0,0.0,0.0,0.0,0.0,0,0,0
1756702542,4736,0.0,0.0,-0.01,0.0,0.0,0.0,0.0,0.0,0,0,0
1756702542,4737,-0.01,0.0,-0.02,0.0,0.0,0.0,0.0,0.0,0,0,0
1756702542,4738,0.05,0.0,0.02,0.0,0.0,0.0,0.0,0.0,0,0,0
1756702542,4739,0.0,0.0,-0.09,0.0,0.0,0.0,0.0,0.0,0,0,0
1756702543,4740,0.0,0.0,0.0,0.0,0.0,0.0,0.0,0.0,0,0,0
1756702543,4741,0.05,0.0,0.0,0.0,0.0,0.0,0.0,0.0,0,0,0
1756702543,4742,-0.05,0.0,0.0,0.0,0.0,0.0,0.0,0.0,0,0,0
1756702543,4743,0.07,0.0,-0.05,0.0,0.0,0.0,0.0,0.0,0,0,0
1756702543,4744,0.03,0.0,0.0,0.0,0.0,0.0,0.0,0.0,0,0,0
1756702543,4745,-0.03,0.0,0.0,0.0,0.0,0.0,0.0,0.0,0,0,0
1756702543,4746,-0.05,0.0,0.0,0.0,0.0,0.0,0.0,0.0,0,0,0
1756702543,4747,0.05,0.0,0.0,0.0,0.0,0.0,0.0,0.0,0,0,0
1756702543,4748,0.05,0.0,0.0,0.0,0.0,0.0,0.0,0.0,0,0,0
1756702543,4749,0.02,0.0,0.0,0.0,0.0,0.0,0.0,0.0,0,0,0
1756702543,4750,-0.01,0.0,0.0,0.0,0.0,0.0,0.0,0.0,0,0,0
1756702543,4751,0.01,0.0,0.0,0.0,0.0,0.0,0.0,0.0,0,0,0
1756702543,4752,-0.02,0.0,0.0,0.0,0.0,0.0,0.0,0.0,0,0,0
1756702543,4753,-0.01,0.0,0.09,0.0,0.0,0.0,0.0,0.0,0,0,0
1756702543,4754,0.0,0.0,-0.02,0.0,0.0,0.0,0.0,0.0,0,0,0
1756702543,4755,0.01,0.0,-0.02,0.0,0.0,0.0,0.0,0.0,0,0,0
1756702543,4756,0.0,0.0,0.0,0.0,0.0,0.0,0.0,0.0,0,0,0
1756702543,4757,0.0,0.0,-0.07,0.0,0.0,0.0,0.0,0.0,0,0,0
1756702543,4758,0.0,0.0,-0.03,0.0,0.0,0.0,0.0,0.0,0,0,0
1756702543,4759,0.03,0.0,-0.02,0.0,0.0,0.0,0.0,0.0,0,0,0
1756702543,4760,0.05,0.0,0.0,0.0,0.0,0.0,0.0,0.0,0,0,0
1756702543,4761,0.0,0.0,0.0,0.0,0.0,0.0,0.0,0.0,0,0,0
1756702543,4762,0.03,0.0,0.0,0.0,0.0,0.0,0.0,0.0,0,0,0
1756702543,4763,0.01,0.0,0.0,0.0,0.0,0.0,0.0,0.0,0,0,0
1756702543,4764,-0.07,0.0,0.0,0.0,0.0,0.0,0.0,0.0,0,0,0
1756702543,4765,-0.02,0.0,-0.02,0.0,0.0,0.0,0.0,0.0,0,0,0
1756702543,4766,0.01,0.0,-0.05,0.0,0.0,0.0,0.0,0.0,0,0,0
1756702543,4767,0.02,0.0,0.0,0.0,0.0,0.0,0.0,0.0,0,0,0
1756702543,4768,0.0,0.0,0.0,0.0,0.0,0.0,0.0,0.0,0,0,0
1756702543,4769,0.0,0.0,-0.07,0.0,0.0,0.0,0.0,0.0,0,0,0
1756702543,4770,0.05,0.0,0.0,0.0,0.0,0.0,0.0,0.0,0,0,0
1756702543,4771,-0.07,0.0,0.0,0.0,0.0,0.0,0.0,0.0,0,0,0
1756702543,4772,-0.02,0.0,0.0,0.0,0.0,0.0,0.0,0.0,0,0,0
1756702543,4773,0.03,0.0,0.0,0.0,0.0,0.0,0.0,0.0,0,0,0
1756702543,4774,0.05,0.0,0.0,0.0,0.0,0.0,0.0,0.0,0,0,0
1756702543,4775,0.02,0.0,-0.02,0.0,0.0,0.0,0.0,0.0,0,0,0
1756702543,4776,0.02,0.0,-0.05,0.0,0.0,0.0,0.0,0.0,0,0,0
1756702543,4777,0.0,0.0,-0.01,0.0,0.0,0.0,0.0,0.0,0,0,0
1756702543,4778,0.0,0.0,-0.05,0.0,0.0,0.0,0.0,0.0,0,0,0
1756702543,4779,-0.07,0.0,0.0,0.0,0.0,0.0,0.0,0.0,0,0,0
1756702543,4780,0.0,0.0,-0.01,0.0,0.0,0.0,0.0,0.0,0,0,0
1756702543,4781,0.0,0.0,-0.01,0.0,0.0,0.0,0.0,0.0,0,0,0
1756702543,4782,0.0,0.0,0.0,0.0,0.0,0.0,0.0,0.0,0,0,0
1756702543,4783,0.02,0.0,-0.02,0.0,0.0,0.0,0.0,0.0,0,0,0
1756702543,4784,0.0,0.0,-0.02,0.0,0.0,0.0,0.0,0.0,0,0,0
1756702543,4785,0.02,0.0,-0.05,0.0,0.0,0.0,0.0,0.0,0,0,0
1756702543,4786,0.02,0.0,-0.02,0.0,0.0,0.0,0.0,0.0,0,0,0
1756702543,4787,0.01,0.0,0.0,0.0,0.0,0.0,0.0,0.0,0,0,0
1756702543,4788,0.0,0.0,-0.02,0.0,0.0,0.0,0.0,0.0,0,0,0
1756702543,4789,-0.01,0.0,0.0,0.0,0.0,0.0,0.0,0.0,0,0,0
1756702543,4790,0.01,0.0,0.0,0.0,0.0,0.0,0.0,0.0,0,0,0
1756702543,4791,0.0,0.0,-0.01,0.0,0.0,0.0,0.0,0.0,0,0,0
1756702543,4792,0.02,0.0,0.0,0.0,0.0,0.0,0.0,0.0,0,0,0
1756702543,4793,-0.01,0.0,-0.01,0.0,0.0,0.0,0.0,0.0,0,0,0
1756702543,4794,-0.01,0.0,-0.03,0.0,0.0,0.0,0.0,0.0,0,0,0
1756702543,4795,-0.03,0.0,0.0,0.0,0.0,0.0,0.0,0.0,0,0,0
1756702543,4796,0.0,0.0,-0.02,0.0,0.0,0.0,0.0,0.0,0,0,0
1756702543,4797,0.0,0.0,0.0,0.0,0.0,0.0,0.0,0.0,0,0,0
1756702543,4798,0.02,0.0,-0.01,0.0,0.0,0.0,0.0,0.0,0,0,0
1756702543,4799,0.0,0.0,-0.09,0.0,0.0,0.0,0.0,0.0,0,0,0
1756702543,4800,0.0,0.0,-0.03,0.0,0.0,0.0,0.0,0.0,0,0,0
1756702543,4801,0.0,0.0,0.0,0.0,0.0,0.0,0.0,0.0,0,0,0
1756702543,4802,0.02,0.0,0.0,0.0,0.0,0.0,0.0,0.0,0,0,0
1756702543,4803,0.0,0.0,-0.01,0.0,0.0,0.0,0.0,0.0,0,0,0
1756702543,4804,0.0,0.0,0.0,0.0,0.0,0.0,0.0,0.0,0,0,0
1756702543,4805,0.03,0.0,-0.01,0.0,0.0,0.0,0.0,0.0,0,0,0
1756702543,4806,0.0,0.0,-0.01,0.0,0.0,0.0,0.0,0.0,0,0,0
1756702544,4807,0.0,0.0,-0.05,0.0,0.0,0.0,0.0,0.0,0,0,0
1756702544,4808,0.01,0.0,-0.01,0.0,0.0,0.0,0.0,0.0,0,0,0
1756702544,4809,0.0,0.0,0.0,0.0,0.0,0.0,0.0,0.0,0,0,0
1756702544,4810,0.0,0.0,-0.01,0.0,0.0,0.0,0.0,0.0,0,0,0
1756702544,4811,0.0,0.0,-0.02,0.0,0.0,0.0,0.0,0.0,0,0,0
1756702544,4812,-0.02,0.0,0.0,0.0,0.0,0.0,0.0,0.0,0,0,0
1756702544,4813,0.0,0.0,0.0,0.0,0.0,0.0,0.0,0.0,0,0,0
1756702544,4814,0.03,0.0,-0.02,0.0,0.0,0.0,0.0,0.0,0,0,0
1756702544,4815,0.0,0.0,-0.05,0.0,0.0,0.0,0.0,0.0,0,0,0
1756702544,4816,0.02,0.0,0.0,0.0,0.0,0.0,0.0,0.0,0,0,0
1756702544,4817,0.02,0.0,0.0,0.0,0.0,0.0,0.0,0.0,0,0,0
1756702544,4818,0.0,0.0,-0.1,0.0,0.0,0.0,0.0,0.0,0,0,0
1756702544,4819,0.0,0.0,-0.01,0.0,0.0,0.0,0.0,0.0,0,0,0
1756702544,4820,0.0,0.0,0.02,0.0,0.0,0.0,0.0,0.0,0,0,0
1756702544,4821,0.0,0.0,0.0,0.0,0.0,0.0,0.0,0.0,0,0,0
1756702544,4822,0.01,0.0,-0.03,0.0,0.0,0.0,0.0,0.0,0,0,0
1756702544,4823,0.01,0.0,0.0,0.0,0.0,0.0,0.0,0.0,0,0,0
1756702544,4824,0.02,0.0,-0.05,0.0,0.0,0.0,0.0,0.0,0,0,0
1756702544,4825,0.02,0.0,0.0,0.0,0.0,0.0,0.0,0.0,0,0,0
1756702544,4826,0.01,0.0,-0.01,0.0,0.0,0.0,0.0,0.0,0,0,0
1756702544,4827,0.01,0.0,-0.02,0.0,0.0,0.0,0.0,0.0,0,0,0
1756702544,4828,0.0,0.0,0.0,0.0,0.0,0.0,0.0,0.0,0,0,0
1756702544,4829,0.01,0.0,-0.02,0.0,0.0,0.0,0.0,0.0,0,0,0
1756702544,4830,0.01,0.0,-0.05,0.0,0.0,0.0,0.0,0.0,0,0,0
1756702544,4831,0.0,0.0,0.0,0.0,0.0,0.0,0.0,0.0,0,0,0
1756702544,4832,0.0,0.0,0.0,0.0,0.0,0.0,0.0,0.0,0,0,0
1756702544,4833,0.02,0.0,-0.03,0.0,0.0,0.0,0.0,0.0,0,0,0
1756702544,4834,-0.03,0.0,-0.03,0.0,0.0,0.0,0.0,0.0,0,0,0
1756702544,4835,0.05,0.0,-0.01,0.0,0.0,0.0,0.0,0.0,0,0,0
1756702544,4836,0.07,0.0,0.0,0.0,0.0,0.0,0.0,0.0,0,0,0
1756702544,4837,0.0,0.0,-0.01,0.0,0.0,0.0,0.0,0.0,0,0,0
1756702544,4838,0.0,0.0,0.0,0.0,0.0,0.0,0.0,0.0,0,0,0
1756702544,4839,0.0,0.0,0.0,0.0,0.0,0.0,0.0,0.0,0,0,0
1756702544,4840,0.05,0.0,-0.01,0.0,0.0,0.0,0.0,0.0,0,0,0
1756702544,4841,0.0,0.0,-0.07,0.0,0.0,0.0,0.0,0.0,0,0,0
1756702544,4842,-0.01,0.0,-0.01,0.0,0.0,0.0,0.0,0.0,0,0,0
1756702544,4843,0.0,0.0,-0.02,0.0,0.0,0.0,0.0,0.0,0,0,0
1756702544,4844,0.01,0.0,0.02,0.0,0.0,0.0,0.0,0.0,0,0,0
1756702544,4845,-0.03,0.0,0.0,0.0,0.0,0.0,0.0,0.0,0,0,0
1756702544,4846,0.0,0.0,-0.05,0.0,0.0,0.0,0.0,0.0,0,0,0
1756702544,4847,0.07,0.0,0.0,0.0,0.0,0.0,0.0,0.0,0,0,0
1756702544,4848,0.03,0.0,-0.05,0.0,0.0,0.0,0.0,0.0,0,0,0
1756702544,4849,-0.03,0.0,-0.02,0.0,0.0,0.0,0.0,0.0,0,0,0
1756702544,4850,0.05,0.0,-0.02,0.0,0.0,0.0,0.0,0.0,0,0,0
1756702544,4851,0.0,0.0,0.0,0.0,0.0,0.0,0.0,0.0,0,0,0
1756702544,4852,-0.07,0.0,-0.02,0.0,0.0,0.0,0.0,0.0,0,0,0
1756702544,4853,0.01,0.0,-0.03,0.0,0.0,0.0,0.0,0.0,0,0,0
1756702544,4854,-0.01,0.0,0.0,0.0,0.0,0.0,0.0,0.0,0,0,0
1756702544,4855,0.02,0.0,0.0,0.0,0.0,0.0,0.0,0.0,0,0,0
1756702544,4856,0.01,0.0,-0.03,0.0,0.0,0.0,0.0,0.0,0,0,0
1756702544,4857,-0.07,0.0,-0.05,0.0,0.0,0.0,0.0,0.0,0,0,0
1756702544,4858,-0.02,0.0,-0.09,0.0,0.0,0.0,0.0,0.0,0,0,0
1756702544,4859,0.0,0.0,-0.02,0.0,0.0,0.0,0.0,0.0,0,0,0
1756702544,4860,0.01,0.0,0.0,0.0,0.0,0.0,0.0,0.0,0,0,0
1756702544,4861,0.0,0.0,0.0,0.0,0.0,0.0,0.0,0.0,0,0,0
1756702544,4862,0.1,0.0,0.0,0.0,0.0,0.0,0.0,0.0,0,0,0
1756702544,4863,0.0,0.0,-0.02,0.0,0.0,0.0,0.0,0.0,0,0,0
1756702544,4864,0.03,0.0,-0.05,0.0,0.0,0.0,0.0,0.0,0,0,0
1756702544,4865,-0.02,0.0,-0.2,0.0,0.0,0.0,0.0,0.0,0,0,0
1756702544,4866,0.01,0.0,-0.03,0.0,0.0,0.0,0.0,0.0,0,0,0
1756702544,4867,0.02,0.0,0.0,0.0,0.0,0.0,0.0,0.0,0,0,0
1756702544,4868,0.01,0.0,-0.02,0.0,0.0,0.0,0.0,0.0,0,0,0
1756702545,4869,0.0,0.0,0.0,0.0,0.0,0.0,0.0,0.0,0,0,0
1756702545,4870,0.0,0.0,-0.01,0.0,0.0,0.0,0.0,0.0,0,0,0
1756702545,4871,0.01,0.0,0.0,0.0,0.0,0.0,0.0,0.0,0,0,0
1756702545,4872,0.01,0.0,-0.01,0.0,0.0,0.0,0.0,0.0,0,0,0
1756702545,4873,0.0,0.0,-0.02,0.0,0.0,0.0,0.0,0.0,0,0,0
1756702545,4874,-0.01,0.0,0.0,0.0,0.0,0.0,0.0,0.0,0,0,0
1756702545,4875,-0.01,0.0,-0.01,0.0,0.0,0.0,0.0,0.0,0,0,0
1756702545,4876,-0.01,0.0,0.0,0.0,0.0,0.0,0.0,0.0,0,0,0
1756702545,4877,-0.07,0.0,-0.05,0.0,0.0,0.0,0.0,0.0,0,0,0
1756702545,4878,0.0,0.0,-0.01,0.0,0.0,0.0,0.0,0.0,0,0,0
1756702545,4879,0.0,0.0,0.0,0.0,0.0,0.0,0.0,0.0,0,0,0
1756702545,4880,0.0,0.0,0.02,0.0,0.0,0.0,0.0,0.0,0,0,0
1756702545,4881,0.0,0.0,0.0,0.0,0.0,0.0,0.0,0.0,0,0,0
1756702545,4882,0.05,0.0,0.0,0.0,0.0,0.0,0.0,0.0,0,0,0
1756702545,4883,0.01,0.0,0.0,0.0,0.0,0.0,0.0,0.0,0,0,0
1756702545,4884,0.0,0.0,0.0,0.0,0.0,0.0,0.0,0.0,0,0,0
1756702545,4885,0.03,0.0,0.0,0.0,0.0,0.0,0.0,0.0,0,0,0
1756702545,4886,0.0,0.0,0.02,0.0,0.0,0.0,0.0,0.0,0,0,0
1756702545,4887,0.0,0.0,0.0,0.0,0.0,0.0,0.0,0.0,0,0,0
1756702545,4888,0.01,0.0,-0.05,0.0,0.0,0.0,0.0,0.0,0,0,0
1756702545,4889,-0.01,0.0,-0.05,0.0,0.0,0.0,0.0,0.0,0,0,0
1756702545,4890,-0.02,0.0,-0.14,0.0,0.0,0.0,0.0,0.0,0,0,0
1756702545,4891,0.0,0.0,0.0,0.0,0.0,0.0,0.0,0.0,0,0,0
1756702545,4892,0.0,0.0,0.0,0.0,0.0,0.0,0.0,0.0,0,0,0
1756702545,4893,0.0,0.0,0.03,0.0,0.0,0.0,0.0,0.0,0,0,0
1756702545,4894,0.0,0.0,0.0,0.0,0.0,0.0,0.0,0.0,0,0,0
1756702545,4895,0.0,0.0,-0.02,0.0,0.0,0.0,0.0,0.0,0,0,0
1756702545,4896,0.0,0.0,0.0,0.0,0.0,0.0,0.0,0.0,0,0,0
1756702545,4897,0.01,0.0,0.01,0.0,0.0,0.0,0.0,0.0,0,0,0
1756702545,4898,0.0,0.0,0.0,0.0,0.0,0.0,0.0,0.0,0,0,0
1756702545,4899,0.0,0.0,-0.03,0.0,0.0,0.0,0.0,0.0,0,0,0
1756702545,4900,-0.01,0.0,-0.01,0.0,0.0,0.0,0.0,0.0,0,0,0
1756702545,4901,0.0,0.0,-0.01,0.0,0.0,0.0,0.0,0.0,0,0,0
1756702545,4902,0.0,0.0,-0.01,0.0,0.0,0.0,0.0,0.0,0,0,0
1756702545,4903,0.0,0.0,-0.02,0.0,0.0,0.0,0.0,0.0,0,0,0
1756702545,4904,0.01,0.0,0.0,0.0,0.0,0.0,0.0,0.0,0,0,0
1756702545,4905,0.02,0.0,0.0,0.0,0.0,0.0,0.0,0.0,0,0,0
1756702545,4906,0.0,0.0,0.0,0.0,0.0,0.0,0.0,0.0,0,0,0
1756702545,4907,0.0,0.0,0.0,0.0,0.0,0.0,0.0,0.0,0,0,0
1756702545,4908,0.0,0.0,0.0,0.0,0.0,0.0,0.0,0.0,0,0,0
1756702545,4909,0.0,0.0,-0.01,0.0,0.0,0.0,0.0,0.0,0,0,0
1756702545,4910,0.0,0.0,-0.02,0.0,0.0,0.0,0.0,0.0,0,0,0
1756702545,4911,0.0,0.0,0.0,0.0,0.0,0.0,0.0,0.0,0,0,0
1756702545,4912,0.0,0.0,0.01,0.0,0.0,0.0,0.0,0.0,0,0,0
1756702545,4913,0.0,0.0,0.0,0.0,0.0,0.0,0.0,0.0,0,0,0
1756702545,4914,0.0,0.0,-0.05,0.0,0.0,0.0,0.0,0.0,0,0,0
1756702545,4915,0.01,0.0,0.0,0.0,0.0,0.0,0.0,0.0,0,0,0
1756702545,4916,0.0,0.0,-0.01,0.0,0.0,0.0,0.0,0.0,0,0,0
1756702545,4917,0.0,0.0,-0.03,0.0,0.0,0.0,0.0,0.0,0,0,0
1756702545,4918,-0.05,0.0,0.0,0.0,0.0,0.0,0.0,0.0,0,0,0
1756702545,4919,0.0,0.0,-0.02,0.0,0.0,0.0,0.0,0.0,0,0,0
1756702545,4920,0.0,0.0,-0.03,0.0,0.0,0.0,0.0,0.0,0,0,0
1756702545,4921,0.0,0.0,-0.01,0.0,0.0,0.0,0.0,0.0,0,0,0
1756702545,4922,0.0,0.0,0.0,0.0,0.0,0.0,0.0,0.0,0,0,0
1756702545,4923,0.0,0.0,0.0,0.0,0.0,0.0,0.0,0.0,0,0,0
1756702545,4924,0.07,0.0,-0.05,0.0,0.0,0.0,0.0,0.0,0,0,0
1756702545,4925,0.0,0.0,0.0,0.0,0.0,0.0,0.0,0.0,0,0,0
1756702545,4926,0.0,0.0,0.0,0.0,0.0,0.0,0.0,0.0,0,0,0
1756702545,4927,0.0,0.0,0.0,0.0,0.0,0.0,0.0,0.0,0,0,0
1756702545,4928,0.0,0.0,-0.02,0.0,0.0,0.0,0.0,0.0,0,0,0
1756702545,4929,-0.03,0.0,0.05,0.0,0.0,0.0,0.0,0.0,0,0,0
1756702545,4930,0.0,0.0,0.0,0.0,0.0,0.0,0.0,0.0,0,0,0
1756702545,4931,0.01,0.0,-0.07,0.0,0.0,0.0,0.0,0.0,0,0,0
1756702545,4932,0.01,0.0,-0.03,0.0,0.0,0.0,0.0,0.0,0,0,0
1756702545,4933,0.01,0.0,0.0,0.0,0.0,0.0,0.0,0.0,0,0,0
1756702545,4934,-0.02,0.0,-0.01,0.0,0.0,0.0,0.0,0.0,0,0,0
1756702545,4935,-0.01,0.0,0.03,0.0,0.0,0.0,0.0,0.0,0,0,0
1756702545,4936,0.0,0.0,0.0,0.0,0.0,0.0,0.0,0.0,0,0,0
1756702545,4937,0.0,0.0,0.0,0.0,0.0,0.0,0.0,0.0,0,0,0
1756702546,4938,-0.01,0.0,-0.01,0.0,0.0,0.0,0.0,0.0,0,0,0
1756702546,4939,0.0,0.0,-0.01,0.0,0.0,0.0,0.0,0.0,0,0,0
1756702546,4940,0.0,0.0,0.0,0.0,0.0,0.0,0.0,0.0,0,0,0
1756702546,4941,0.0,0.0,-0.01,0.0,0.0,0.0,0.0,0.0,0,0,0
1756702546,4942,-0.02,0.0,-0.05,0.0,0.0,0.0,0.0,0.0,0,0,0
1756702546,4943,0.0,0.0,0.0,0.0,0.0,0.0,0.0,0.0,0,0,0
1756702546,4944,-0.01,0.0,-0.01,0.0,0.0,0.0,0.0,0.0,0,0,0
1756702546,4945,-0.03,0.0,0.02,0.0,0.0,0.0,0.0,0.0,0,0,0
1756702546,4946,-0.01,0.0,-0.01,0.0,0.0,0.0,0.0,0.0,0,0,0
1756702546,4947,0.0,0.0,-0.05,0.0,0.0,0.0,0.0,0.0,0,0,0
1756702546,4948,0.0,0.0,0.0,0.0,0.0,0.0,0.0,0.0,0,0,0
1756702546,4949,0.0,0.0,-0.01,0.0,0.0,0.0,0.0,0.0,0,0,0
1756702546,4950,0.05,0.0,-0.05,0.0,0.0,0.0,0.0,0.0,0,0,0
1756702546,4951,0.0,0.0,-0.01,0.0,0.0,0.0,0.0,0.0,0,0,0
1756702546,4952,-0.01,0.0,-0.03,0.0,0.0,0.0,0.0,0.0,0,0,0
1756702546,4953,0.0,0.0,0.02,0.0,0.0,0.0,0.0,0.0,0,0,0
1756702546,4954,0.0,0.0,0.05,0.0,0.0,0.0,0.0,0.0,0,0,0
1756702546,4955,0.15,0.0,-0.02,0.0,0.0,0.0,0.0,0.0,0,0,0
1756702546,4956,0.0,0.0,-0.05,0.0,0.0,0.0,0.0,0.0,0,0,0
1756702546,4957,0.03,0.0,-0.01,0.0,0.0,0.0,0.0,0.0,0,0,0
1756702546,4958,-0.03,0.0,-0.02,0.0,0.0,0.0,0.0,0.0,0,0,0
1756702546,4959,0.0,0.0,0.0,0.0,0.0,0.0,0.0,0.0,0,0,0
1756702546,4960,-0.03,0.0,0.0,0.0,0.0,0.0,0.0,0.0,0,0,0
1756702546,4961,0.18,0.0,0.0,0.0,0.0,0.0,0.0,0.0,0,0,0
1756702546,4962,0.02,0.0,-0.05,0.0,0.0,0.0,0.0,0.0,0,0,0
1756702546,4963,-0.05,0.0,-0.09,0.0,0.0,0.0,0.0,0.0,0,0,0
1756702546,4964,0.0,0.0,0.0,0.0,0.0,0.0,0.0,0.0,0,0,0
1756702546,4965,0.0,0.0,0.0,0.0,0.0,0.0,0.0,0.0,0,0,0
1756702546,4966,-0.02,0.0,-0.07,0.0,0.0,0.0,0.0,0.0,0,0,0
1756702546,4967,-0.11,0.0,0.0,0.0,0.0,0.0,0.0,0.0,0,0,0
1756702546,4968,-0.01,0.0,0.0,0.0,0.0,0.0,0.0,0.0,0,0,0
1756702546,4969,0.05,0.0,-0.01,0.0,0.0,0.0,0.0,0.0,0,0,0
1756702546,4970,0.1,0.0,-0.01,0.0,0.0,0.0,0.0,0.0,0,0,0
1756702546,4971,-0.07,0.0,-0.05,0.0,0.0,0.0,0.0,0.0,0,0,0
1756702546,4972,0.0,0.0,0.0,0.0,0.0,0.0,0.0,0.0,0,0,0
1756702546,4973,0.0,0.0,0.0,0.0,0.0,0.0,0.0,0.0,0,0,0
1756702546,4974,0.0,0.0,0.0,0.0,0.0,0.0,0.0,0.0,0,0,0
1756702546,4975,0.01,0.0,-0.01,0.0,0.0,0.0,0.0,0.0,0,0,0
1756702546,4976,0.03,0.0,-0.05,0.0,0.0,0.0,0.0,0.0,0,0,0
1756702546,4977,0.07,0.0,-0.07,0.0,0.0,0.0,0.0,0.0,0,0,0
1756702546,4978,-0.02,0.0,0.0,0.0,0.0,0.0,0.0,0.0,0,0,0
1756702546,4979,0.02,0.0,-0.05,0.0,0.0,0.0,0.0,0.0,0,0,0
1756702546,4980,0.0,0.0,-0.01,0.0,0.0,0.0,0.0,0.0,0,0,0
1756702546,4981,0.02,0.0,-0.05,0.0,0.0,0.0,0.0,0.0,0,0,0
1756702546,4982,0.0,0.0,0.0,0.0,0.0,0.0,0.0,0.0,0,0,0
1756702546,4983,-0.02,0.0,0.0,0.0,0.0,0.0,0.0,0.0,0,0,0
1756702546,4984,0.1,0.0,0.0,0.0,0.0,0.0,0.0,0.0,0,0,0
1756702546,4985,-0.01,0.0,-0.05,0.0,0.0,0.0,0.0,0.0,0,0,0
1756702546,4986,0.07,0.0,0.0,0.0,0.0,0.0,0.0,0.0,0,0,0
1756702546,4987,0.03,0.0,-0.03,0.0,0.0,0.0,0.0,0.0,0,0,0
1756702546,4988,0.0,0.0,0.0,0.0,0.0,0.0,0.0,0.0,0,0,0
1756702546,4989,-0.02,0.0,-0.03,0.0,0.0,0.0,0.0,0.0,0,0,0
1756702546,4990,0.0,0.0,-0.01,0.0,0.0,0.0,0.0,0.0,0,0,0
1756702546,4991,0.0,0.0,0.0,0.0,0.0,0.0,0.0,0.0,0,0,0
1756702546,4992,0.0,0.0,-0.07,0.0,0.0,0.0,0.0,0.0,0,0,0
1756702546,4993,-0.02,0.0,0.0,0.0,0.0,0.0,0.0,0.0,0,0,0
1756702546,4994,0.0,0.0,-0.03,0.0,0.0,0.0,0.0,0.0,0,0,0
1756702546,4995,0.03,0.0,0.0,0.0,0.0,0.0,0.0,0.0,0,0,0
1756702546,4996,-0.05,0.0,-0.01,0.0,0.0,0.0,0.0,0.0,0,0,0
1756702546,4997,0.0,0.0,-0.02,0.0,0.0,0.0,0.0,0.0,0,0,0
1756702546,4998,0.01,0.0,0.0,0.0,0.0,0.0,0.0,0.0,0,0,0
1756702546,4999,-0.01,0.0,-0.01,0.0,0.0,0.0,0.0,0.0,0,0,0
1756702546,5000,-0.01,0.0,-0.07,0.0,0.0,0.0,0.0,0.0,0,0,0
1756702546,5001,0.01,0.0,-0.03,0.0,0.0,0.0,0.0,0.0,0,0,0
1756702546,5002,0.0,0.0,-0.01,0.0,0.0,0.0,0.0,0.0,0,0,0
1756702546,5003,0.0,0.0,0.0,0.0,0.0,0.0,0.0,0.0,0,0,0
1756702546,5004,0.0,0.0,-0.07,0.0,0.0,0.0,0.0,0.0,0,0,0
1756702547,5005,0.0,0.0,-0.03,0.0,0.0,0.0,0.0,0.0,0,0,0
1756702547,5006,0.0,0.0,0.03,0.0,0.0,0.0,0.0,0.0,0,0,0
1756702547,5007,0.0,0.0,0.0,0.0,0.0,0.0,0.0,0.0,0,0,0
1756702547,5008,0.0,0.0,-0.02,0.0,0.0,0.0,0.0,0.0,0,0,0
1756702547,5009,0.0,0.0,-0.01,0.0,0.0,0.0,0.0,0.0,0,0,0
1756702547,5010,0.03,0.0,0.0,0.0,0.0,0.0,0.0,0.0,0,0,0
1756702547,5011,0.0,0.0,-0.02,0.0,0.0,0.0,0.0,0.0,0,0,0
1756702547,5012,0.03,0.0,-0.01,0.0,0.0,0.0,0.0,0.0,0,0,0
1756702547,5013,0.0,0.0,-0.05,0.0,0.0,0.0,0.0,0.0,0,0,0
1756702547,5014,0.01,0.0,-0.03,0.0,0.0,0.0,0.0,0.0,0,0,0
1756702547,5015,0.0,0.0,-0.01,0.0,0.0,0.0,0.0,0.0,0,0,0
1756702547,5016,-0.01,0.0,-0.02,0.0,0.0,0.0,0.0,0.0,0,0,0
1756702547,5017,0.02,0.0,0.0,0.0,0.0,0.0,0.0,0.0,0,0,0
1756702547,5018,0.0,0.0,0.02,0.0,0.0,0.0,0.0,0.0,0,0,0
1756702547,5019,0.0,0.0,-0.01,0.0,0.0,0.0,0.0,0.0,0,0,0
1756702547,5020,0.0,0.0,-0.01,0.0,0.0,0.0,0.0,0.0,0,0,0
1756702547,5021,0.0,0.0,-0.01,0.0,0.0,0.0,0.0,0.0,0,0,0
1756702547,5022,0.0,0.0,-0.01,0.0,0.0,0.0,0.0,0.0,0,0,0
1756702547,5023,0.05,0.0,-0.02,0.0,0.0,0.0,0.0,0.0,0,0,0
1756702547,5024,0.0,0.0,-0.01,0.0,0.0,0.0,0.0,0.0,0,0,0
1756702547,5025,0.0,0.0,0.0,0.0,0.0,0.0,0.0,0.0,0,0,0
1756702547,5026,0.0,0.0,-0.01,0.0,0.0,0.0,0.0,0.0,0,0,0
1756702547,5027,0.03,0.0,-0.05,0.0,0.0,0.0,0.0,0.0,0,0,0
1756702547,5028,0.05,0.0,-0.02,0.0,0.0,0.0,0.0,0.0,0,0,0
1756702547,5029,0.01,0.0,-0.05,0.0,0.0,0.0,0.0,0.0,0,0,0
1756702547,5030,-0.02,0.0,0.05,0.0,0.0,0.0,0.0,0.0,0,0,0
1756702547,5031,0.0,0.0,0.0,0.0,0.0,0.0,0.0,0.0,0,0,0
1756702547,5032,0.07,0.0,-0.02,0.0,0.0,0.0,0.0,0.0,0,0,0
1756702547,5033,0.0,0.0,-0.05,0.0,0.0,0.0,0.0,0.0,0,0,0
1756702547,5034,0.0,0.0,-0.05,0.0,0.0,0.0,0.0,0.0,0,0,0
1756702547,5035,0.01,0.0,0.0,0.0,0.0,0.0,0.0,0.0,0,0,0
1756702547,5036,0.0,0.0,-0.05,0.0,0.0,0.0,0.0,0.0,0,0,0
1756702547,5037,0.0,0.0,-0.01,0.0,0.0,0.0,0.0,0.0,0,0,0
1756702547,5038,0.0,0.0,0.0,0.0,0.0,0.0,0.0,0.0,0,0,0
1756702547,5039,0.07,0.0,0.0,0.0,0.0,0.0,0.0,0.0,0,0,0
1756702547,5040,0.0,0.0,0.0,0.0,0.0,0.0,0.0,0.0,0,0,0
1756702547,5041,-0.03,0.0,0.0,0.0,0.0,0.0,0.0,0.0,0,0,0
1756702547,5042,0.0,0.0,-0.03,0.0,0.0,0.0,0.0,0.0,0,0,0
1756702547,5043,0.03,0.0,-0.01,0.0,0.0,0.0,0.0,0.0,0,0,0
1756702547,5044,0.0,0.0,0.0,0.0,0.0,0.0,0.0,0.0,0,0,0
1756702547,5045,0.0,0.0,-0.05,0.0,0.0,0.0,0.0,0.0,0,0,0
1756702547,5046,0.0,0.0,-0.02,0.0,0.0,0.0,0.0,0.0,0,0,0
1756702547,5047,0.0,0.0,-0.01,0.0,0.0,0.0,0.0,0.0,0,0,0
1756702547,5048,0.0,0.0,-0.05,0.0,0.0,0.0,0.0,0.0,0,0,0
1756702547,5049,-0.01,0.0,-0.01,0.0,0.0,0.0,0.0,0.0,0,0,0
1756702547,5050,-0.07,0.0,-0.05,0.0,0.0,0.0,0.0,0.0,0,0,0
1756702547,5051,0.01,0.0,0.0,0.0,0.0,0.0,0.0,0.0,0,0,0
1756702547,5052,-0.01,0.0,-0.05,0.0,0.0,0.0,0.0,0.0,0,0,0
1756702547,5053,0.01,0.0,0.0,0.0,0.0,0.0,0.0,0.0,0,0,0
1756702547,5054,-0.03,0.0,0.01,0.0,0.0,0.0,0.0,0.0,0,0,0
1756702547,5055,0.0,0.0,-0.01,0.0,0.0,0.0,0.0,0.0,0,0,0
1756702547,5056,0.0,0.0,0.0,0.0,0.0,0.0,0.0,0.0,0,0,0
1756702547,5057,0.03,0.0,0.0,0.0,0.0,0.0,0.0,0.0,0,0,0
1756702547,5058,-0.05,0.0,0.0,0.0,0.0,0.0,0.0,0.0,0,0,0
1756702547,5059,0.0,0.0,0.0,0.0,0.0,0.0,0.0,0.0,0,0,0
1756702547,5060,0.01,0.0,0.0,0.0,0.0,0.0,0.0,0.0,0,0,0
1756702547,5061,0.0,0.0,-0.02,0.0,0.0,0.0,0.0,0.0,0,0,0
1756702547,5062,0.0,0.0,-0.01,0.0,0.0,0.0,0.0,0.0,0,0,0
1756702547,5063,0.0,0.0,0.0,0.0,0.0,0.0,0.0,0.0,0,0,0
1756702547,5064,-0.07,0.0,0.01,0.0,0.0,0.0,0.0,0.0,0,0,0
1756702547,5065,0.0,0.0,-0.07,0.0,0.0,0.0,0.0,0.0,0,0,0
1756702547,5066,-0.03,0.0,-0.03,0.0,0.0,0.0,0.0,0.0,0,0,0
1756702547,5067,0.01,0.0,0.0,0.0,0.0,0.0,0.0,0.0,0,0,0
1756702547,5068,0.0,0.0,0.0,0.0,0.0,0.0,0.0,0.0,0,0,0
1756702547,5069,0.05,0.0,0.0,0.0,0.0,0.0,0.0,0.0,0,0,0
1756702547,5070,0.0,0.0,-0.01,0.0,0.0,0.0,0.0,0.0,0,0,0
1756702548,5071,0.0,0.0,-0.07,0.0,0.0,0.0,0.0,0.0,0,0,0
1756702548,5072,0.02,0.0,-0.05,0.0,0.0,0.0,0.0,0.0,0,0,0
1756702548,5073,0.05,0.0,-0.01,0.0,0.0,0.0,0.0,0.0,0,0,0
1756702548,5074,0.0,0.0,-0.01,0.0,0.0,0.0,0.0,0.0,0,0,0
1756702548,5075,0.0,0.0,-0.09,0.0,0.0,0.0,0.0,0.0,0,0,0
1756702548,5076,-0.02,0.0,-0.01,0.0,0.0,0.0,0.0,0.0,0,0,0
1756702548,5077,0.01,0.0,0.03,0.0,0.0,0.0,0.0,0.0,0,0,0
1756702548,5078,0.0,0.0,-0.01,0.0,0.0,0.0,0.0,0.0,0,0,0
1756702548,5079,-0.01,0.0,0.0,0.0,0.0,0.0,0.0,0.0,0,0,0
1756702548,5080,0.11,0.0,-0.05,0.0,0.0,0.0,0.0,0.0,0,0,0
1756702548,5081,0.0,0.0,0.02,0.0,0.0,0.0,0.0,0.0,0,0,0
1756702548,5082,-0.02,0.0,-0.01,0.0,0.0,0.0,0.0,0.0,0,0,0
1756702548,5083,0.0,0.0,-0.01,0.0,0.0,0.0,0.0,0.0,0,0,0
1756702548,5084,0.03,0.0,0.03,0.0,0.0,0.0,0.0,0.0,0,0,0
1756702548,5085,0.0,0.0,-0.02,0.0,0.0,0.0,0.0,0.0,0,0,0
1756702548,5086,0.0,0.0,-0.03,0.0,0.0,0.0,0.0,0.0,0,0,0
1756702548,5087,0.01,0.0,0.0,0.0,0.0,0.0,0.0,0.0,0,0,0
1756702548,5088,0.0,0.0,-0.02,0.0,0.0,0.0,0.0,0.0,0,0,0
1756702548,5089,0.03,0.0,-0.03,0.0,0.0,0.0,0.0,0.0,0,0,0
1756702548,5090,-0.01,0.0,-0.05,0.0,0.0,0.0,0.0,0.0,0,0,0
1756702548,5091,0.01,0.0,-0.01,0.0,0.0,0.0,0.0,0.0,0,0,0
1756702548,5092,0.0,0.0,0.0,0.0,0.0,0.0,0.0,0.0,0,0,0
1756702548,5093,0.0,0.0,-0.01,0.0,0.0,0.0,0.0,0.0,0,0,0
1756702548,5094,0.0,0.0,-0.01,0.0,0.0,0.0,0.0,0.0,0,0,0
1756702548,5095,0.0,0.0,0.0,0.0,0.0,0.0,0.0,0.0,0,0,0
1756702548,5096,0.01,0.0,-0.01,0.0,0.0,0.0,0.0,0.0,0,0,0
1756702548,5097,0.0,0.0,-0.03,0.0,0.0,0.0,0.0,0.0,0,0,0
1756702548,5098,-0.01,0.0,-0.01,0.0,0.0,0.0,0.0,0.0,0,0,0
1756702548,5099,0.03,0.0,-0.03,0.0,0.0,0.0,0.0,0.0,0,0,0
1756702548,5100,0.03,0.0,-0.01,0.0,0.0,0.0,0.0,0.0,0,0,0
1756702548,5101,0.07,0.0,-0.05,0.0,0.0,0.0,0.0,0.0,0,0,0
1756702548,5102,-0.07,0.0,-0.01,0.0,0.0,0.0,0.0,0.0,0,0,0
1756702548,5103,0.0,0.0,-0.03,0.0,0.0,0.0,0.0,0.0,0,0,0
1756702548,5104,0.0,0.0,0.0,0.0,0.0,0.0,0.0,0.0,0,0,0
1756702548,5105,0.0,0.0,-0.01,0.0,0.0,0.0,0.0,0.0,0,0,0
1756702548,5106,-0.07,0.0,0.0,0.0,0.0,0.0,0.0,0.0,0,0,0
1756702548,5107,0.02,0.0,0.0,0.0,0.0,0.0,0.0,0.0,0,0,0
1756702548,5108,0.0,0.0,0.0,0.0,0.0,0.0,0.0,0.0,0,0,0
1756702548,5109,-0.02,0.0,0.0,0.0,0.0,0.0,0.0,0.0,0,0,0
1756702548,5110,0.0,0.0,-0.01,0.0,0.0,0.0,0.0,0.0,0,0,0
1756702548,5111,0.0,0.0,0.0,0.0,0.0,0.0,0.0,0.0,0,0,0
1756702548,5112,0.0,0.0,-0.01,0.0,0.0,0.0,0.0,0.0,0,0,0
1756702548,5113,0.0,0.0,-0.05,0.0,0.0,0.0,0.0,0.0,0,0,0
1756702548,5114,0.0,0.0,-0.02,0.0,0.0,0.0,0.0,0.0,0,0,0
1756702548,5115,0.0,0.0,-0.05,0.0,0.0,0.0,0.0,0.0,0,0,0
1756702548,5116,0.0,0.0,-0.01,0.0,0.0,0.0,0.0,0.0,0,0,0
1756702548,5117,0.03,0.0,-0.02,0.0,0.0,0.0,0.0,0.0,0,0,0
1756702548,5118,-0.05,0.0,0.0,0.0,0.0,0.0,0.0,0.0,0,0,0
1756702548,5119,0.01,0.0,-0.07,0.0,0.0,0.0,0.0,0.0,0,0,0
1756702548,5120,0.07,0.0,-0.07,0.0,0.0,0.0,0.0,0.0,0,0,0
1756702548,5121,0.0,0.0,-0.01,0.0,0.0,0.0,0.0,0.0,0,0,0
1756702548,5122,0.0,0.0,0.0,0.0,0.0,0.0,0.0,0.0,0,0,0
1756702548,5123,0.03,0.0,-0.02,0.0,0.0,0.0,0.0,0.0,0,0,0
1756702548,5124,0.01,0.0,-0.02,0.0,0.0,0.0,0.0,0.0,0,0,0
1756702548,5125,0.01,0.0,-0.05,0.0,0.0,0.0,0.0,0.0,0,0,0
1756702548,5126,-0.02,0.0,0.0,0.0,0.0,0.0,0.0,0.0,0,0,0
1756702548,5127,0.0,0.0,-0.02,0.0,0.0,0.0,0.0,0.0,0,0,0
1756702548,5128,0.0,0.0,-0.07,0.0,0.0,0.0,0.0,0.0,0,0,0
1756702548,5129,0.0,0.0,0.0,0.0,0.0,0.0,0.0,0.0,0,0,0
1756702548,5130,0.0,0.0,-0.02,0.0,0.0,0.0,0.0,0.0,0,0,0
1756702548,5131,0.0,0.0,0.0,0.0,0.0,0.0,0.0,0.0,0,0,0
1756702548,5132,0.0,0.0,0.0,0.0,0.0,0.0,0.0,0.0,0,0,0
1756702548,5133,0.0,0.0,0.0,0.0,0.0,0.0,0.0,0.0,0,0,0
1756702548,5134,0.0,0.0,-0.02,0.0,0.0,0.0,0.0,0.0,0,0,0
1756702549,5135,0.0,0.0,0.0,0.0,0.0,0.0,0.0,0.0,0,0,0
1756702549,5136,0.01,0.0,-0.02,0.0,0.0,0.0,0.0,0.0,0,0,0
1756702549,5137,0.0,0.0,-0.01,0.0,0.0,0.0,0.0,0.0,0,0,0
1756702549,5138,-0.02,0.0,0.0,0.0,0.0,0.0,0.0,0.0,0,0,0
1756702549,5139,-0.02,0.0,0.0,0.0,0.0,0.0,0.0,0.0,0,0,0
1756702549,5140,-0.01,0.0,0.0,0.0,0.0,0.0,0.0,0.0,0,0,0
1756702549,5141,0.0,0.0,-0.03,0.0,0.0,0.0,0.0,0.0,0,0,0
1756702549,5142,-0.03,0.0,-0.03,0.0,0.0,0.0,0.0,0.0,0,0,0
1756702549,5143,-0.03,0.0,0.0,0.0,0.0,0.0,0.0,0.0,0,0,0
1756702549,5144,0.0,0.0,-0.01,0.0,0.0,0.0,0.0,0.0,0,0,0
1756702549,5145,-0.05,0.0,0.01,0.0,0.0,0.0,0.0,0.0,0,0,0
1756702549,5146,0.0,0.0,0.0,0.0,0.0,0.0,0.0,0.0,0,0,0
1756702549,5147,-0.05,0.0,0.0,0.0,0.0,0.0,0.0,0.0,0,0,0
1756702549,5148,0.01,0.0,0.0,0.0,0.0,0.0,0.0,0.0,0,0,0
1756702549,5149,0.0,0.0,-0.01,0.0,0.0,0.0,0.0,0.0,0,0,0
1756702549,5150,0.01,0.0,-0.05,0.0,0.0,0.0,0.0,0.0,0,0,0
1756702549,5151,0.0,0.0,0.0,0.0,0.0,0.0,0.0,0.0,0,0,0
1756702549,5152,0.01,0.0,-0.02,0.0,0.0,0.0,0.0,0.0,0,0,0
1756702549,5153,0.02,0.0,0.0,0.0,0.0,0.0,0.0,0.0,0,0,0
1756702549,5154,-0.02,0.0,0.0,0.0,0.0,0.0,0.0,0.0,0,0,0
1756702549,5155,0.0,0.0,0.0,0.0,0.0,0.0,0.0,0.0,0,0,0
1756702549,5156,0.01,0.0,0.0,0.0,0.0,0.0,0.0,0.0,0,0,0
1756702549,5157,0.0,0.0,-0.05,0.0,0.0,0.0,0.0,0.0,0,0,0
1756702549,5158,0.0,0.0,-0.02,0.0,0.0,0.0,0.0,0.0,0,0,0
1756702549,5159,0.0,0.0,-0.01,0.0,0.0,0.0,0.0,0.0,0,0,0
1756702549,5160,0.0,0.0,-0.02,0.0,0.0,0.0,0.0,0.0,0,0,0
1756702549,5161,0.03,0.0,-0.02,0.0,0.0,0.0,0.0,0.0,0,0,0
1756702549,5162,0.0,0.0,-0.02,0.0,0.0,0.0,0.0,0.0,0,0,0
1756702549,5163,0.0,0.0,-0.01,0.0,0.0,0.0,0.0,0.0,0,0,0
1756702549,5164,0.01,0.0,-0.05,0.0,0.0,0.0,0.0,0.0,0,0,0
1756702549,5165,-0.02,0.0,-0.05,0.0,0.0,0.0,0.0,0.0,0,0,0
1756702549,5166,0.01,0.0,-0.05,0.0,0.0,0.0,0.0,0.0,0,0,0
1756702549,5167,0.02,0.0,-0.01,0.0,0.0,0.0,0.0,0.0,0,0,0
1756702549,5168,0.02,0.0,-0.01,0.0,0.0,0.0,0.0,0.0,0,0,0
1756702549,5169,0.0,0.0,0.0,0.0,0.0,0.0,0.0,0.0,0,0,0
1756702549,5170,0.02,0.0,-0.05,0.0,0.0,0.0,0.0,0.0,0,0,0
1756702549,5171,0.0,0.0,-0.01,0.0,0.0,0.0,0.0,0.0,0,0,0
1756702549,5172,0.0,0.0,-0.03,0.0,0.0,0.0,0.0,0.0,0,0,0
1756702549,5173,0.0,0.0,0.0,0.0,0.0,0.0,0.0,0.0,0,0,0
1756702549,5174,0.07,0.0,0.0,0.0,0.0,0.0,0.0,0.0,0,0,0
1756702549,5175,0.01,0.0,-0.01,0.0,0.0,0.0,0.0,0.0,0,0,0
1756702549,5176,0.01,0.0,0.0,0.0,0.0,0.0,0.0,0.0,0,0,0
1756702549,5177,0.09,0.0,-0.02,0.0,0.0,0.0,0.0,0.0,0,0,0
1756702549,5178,-0.03,0.0,-0.01,0.0,0.0,0.0,0.0,0.0,0,0,0
1756702549,5179,0.03,0.0,-0.03,0.0,0.0,0.0,0.0,0.0,0,0,0
1756702549,5180,0.0,0.0,-0.07,0.0,0.0,0.0,0.0,0.0,0,0,0
1756702549,5181,0.0,0.0,-0.01,0.0,0.0,0.0,0.0,0.0,0,0,0
1756702549,5182,0.0,0.0,-0.01,0.0,0.0,0.0,0.0,0.0,0,0,0
1756702549,5183,0.01,0.0,0.0,0.0,0.0,0.0,0.0,0.0,0,0,0
1756702549,5184,0.0,0.0,-0.01,0.0,0.0,0.0,0.0,0.0,0,0,0
1756702549,5185,-0.01,0.0,0.0,0.0,0.0,0.0,0.0,0.0,0,0,0
1756702549,5186,0.0,0.0,-0.01,0.0,0.0,0.0,0.0,0.0,0,0,0
1756702549,5187,0.03,0.0,0.0,0.0,0.0,0.0,0.0,0.0,0,0,0
1756702549,5188,-0.05,0.0,0.0,0.0,0.0,0.0,0.0,0.0,0,0,0
1756702549,5189,0.02,0.0,0.0,0.0,0.0,0.0,0.0,0.0,0,0,0
1756702549,5190,0.0,0.0,-0.01,0.0,0.0,0.0,0.0,0.0,0,0,0
1756702549,5191,-0.02,0.0,-0.01,0.0,0.0,0.0,0.0,0.0,0,0,0
1756702549,5192,0.0,0.0,0.0,0.0,0.0,0.0,0.0,0.0,0,0,0
1756702549,5193,0.0,0.0,0.0,0.0,0.0,0.0,0.0,0.0,0,0,0
1756702549,5194,0.0,0.0,0.0,0.0,0.0,0.0,0.0,0.0,0,0,0
1756702549,5195,0.0,0.0,-0.02,0.0,0.0,0.0,0.0,0.0,0,0,0
1756702549,5196,-0.07,0.0,-0.01,0.0,0.0,0.0,0.0,0.0,0,0,0
1756702549,5197,0.0,0.0,0.0,0.0,0.0,0.0,0.0,0.0,0,0,0
1756702549,5198,0.0,0.0,0.01,0.0,0.0,0.0,0.0,0.0,0,0,0
1756702549,5199,0.01,0.0,-0.02,0.0,0.0,0.0,0.0,0.0,0,0,0
1756702549,5200,-0.01,0.0,-0.1,0.0,0.0,0.0,0.0,0.0,0,0,0
1756702549,5201,0.05,0.0,-0.01,0.0,0.0,0.0,0.0,0.0,0,0,0
1756702549,5202,0.09,0.0,-0.05,0.0,0.0,0.0,0.0,0.0,0,0,0
1756702550,5203,0.0,0.0,0.03,0.0,0.0,0.0,0.0,0.0,0,0,0
1756702550,5204,0.01,0.0,0.0,0.0,0.0,0.0,0.0,0.0,0,0,0
1756702550,5205,0.07,0.0,0.0,0.0,0.0,0.0,0.0,0.0,0,0,0
1756702550,5206,-0.03,0.0,-0.05,0.0,0.0,0.0,0.0,0.0,0,0,0
1756702550,5207,-0.01,0.0,-0.05,0.0,0.0,0.0,0.0,0.0,0,0,0
1756702550,5208,0.02,0.0,-0.05,0.0,0.0,0.0,0.0,0.0,0,0,0
1756702550,5209,-0.12,0.0,0.0,0.0,0.0,0.0,0.0,0.0,0,0,0
1756702550,5210,0.0,0.0,0.0,0.0,0.0,0.0,0.0,0.0,0,0,0
1756702550,5211,0.03,0.0,0.0,0.0,0.0,0.0,0.0,0.0,0,0,0
1756702550,5212,0.0,0.0,-0.03,0.0,0.0,0.0,0.0,0.0,0,0,0
1756702550,5213,0.0,0.0,-0.03,0.0,0.0,0.0,0.0,0.0,0,0,0
1756702550,5214,0.0,0.0,-0.02,0.0,0.0,0.0,0.0,0.0,0,0,0
1756702550,5215,0.01,0.0,-0.01,0.0,0.0,0.0,0.0,0.0,0,0,0
1756702550,5216,0.05,0.0,0.0,0.0,0.0,0.0,0.0,0.0,0,0,0
1756702550,5217,0.07,0.0,0.0,0.0,0.0,0.0,0.0,0.0,0,0,0
1756702550,5218,0.02,0.0,-0.05,0.0,0.0,0.0,0.0,0.0,0,0,0
1756702550,5219,0.0,0.0,-0.02,0.0,0.0,0.0,0.0,0.0,0,0,0
1756702550,5220,0.02,0.0,-0.01,0.0,0.0,0.0,0.0,0.0,0,0,0
1756702550,5221,-0.03,0.0,0.0,0.0,0.0,0.0,0.0,0.0,0,0,0
1756702550,5222,0.0,0.0,-0.03,0.0,0.0,0.0,0.0,0.0,0,0,0
1756702550,5223,-0.03,0.0,0.0,0.0,0.0,0.0,0.0,0.0,0,0,0
1756702550,5224,0.0,0.0,-0.05,0.0,0.0,0.0,0.0,0.0,0,0,0
1756702550,5225,0.02,0.0,-0.01,0.0,0.0,0.0,0.0,0.0,0,0,0
1756702550,5226,0.01,0.0,-0.05,0.0,0.0,0.0,0.0,0.0,0,0,0
1756702550,5227,0.02,0.0,-0.05,0.0,0.0,0.0,0.0,0.0,0,0,0
1756702550,5228,0.0,0.0,-0.05,0.0,0.0,0.0,0.0,0.0,0,0,0
1756702550,5229,0.0,0.0,-0.01,0.0,0.0,0.0,0.0,0.0,0,0,0
1756702550,5230,0.01,0.0,-0.07,0.0,0.0,0.0,0.0,0.0,0,0,0
1756702550,5231,0.03,0.0,0.0,0.0,0.0,0.0,0.0,0.0,0,0,0
1756702550,5232,0.02,0.0,-0.05,0.0,0.0,0.0,0.0,0.0,0,0,0
1756702550,5233,0.0,0.0,-0.02,0.0,0.0,0.0,0.0,0.0,0,0,0
1756702550,5234,0.05,0.0,0.0,0.0,0.0,0.0,0.0,0.0,0,0,0
1756702550,5235,0.0,0.0,0.0,0.0,0.0,0.0,0.0,0.0,0,0,0
1756702550,5236,-0.05,0.0,-0.01,0.0,0.0,0.0,0.0,0.0,0,0,0
1756702550,5237,0.0,0.0,-0.01,0.0,0.0,0.0,0.0,0.0,0,0,0
1756702550,5238,0.01,0.0,-0.03,0.0,0.0,0.0,0.0,0.0,0,0,0
1756702550,5239,0.0,0.0,-0.01,0.0,0.0,0.0,0.0,0.0,0,0,0
1756702550,5240,0.0,0.0,0.0,0.0,0.0,0.0,0.0,0.0,0,0,0
1756702550,5241,0.0,0.0,-0.01,0.0,0.0,0.0,0.0,0.0,0,0,0
1756702550,5242,0.0,0.0,-0.02,0.0,0.0,0.0,0.0,0.0,0,0,0
1756702550,5243,0.03,0.0,-0.02,0.0,0.0,0.0,0.0,0.0,0,0,0
1756702550,5244,0.02,0.0,-0.05,0.0,0.0,0.0,0.0,0.0,0,0,0
1756702550,5245,-0.05,0.0,-0.03,0.0,0.0,0.0,0.0,0.0,0,0,0
1756702550,5246,0.0,0.0,-0.1,0.0,0.0,0.0,0.0,0.0,0,0,0
1756702550,5247,0.03,0.0,-0.01,0.0,0.0,0.0,0.0,0.0,0,0,0
1756702550,5248,0.0,0.0,0.0,0.0,0.0,0.0,0.0,0.0,0,0,0
1756702550,5249,0.03,0.0,-0.02,0.0,0.0,0.0,0.0,0.0,0,0,0
1756702550,5250,0.0,0.0,0.0,0.0,0.0,0.0,0.0,0.0,0,0,0
1756702550,5251,0.0,0.0,0.0,0.0,0.0,0.0,0.0,0.0,0,0,0
1756702550,5252,0.05,0.0,0.05,0.0,0.0,0.0,0.0,0.0,0,0,0
1756702550,5253,0.0,0.0,-0.02,0.0,0.0,0.0,0.0,0.0,0,0,0
1756702550,5254,0.0,0.0,-0.09,0.0,0.0,0.0,0.0,0.0,0,0,0
1756702550,5255,0.0,0.0,0.0,0.0,0.0,0.0,0.0,0.0,0,0,0
1756702550,5256,0.0,0.0,-0.01,0.0,0.0,0.0,0.0,0.0,0,0,0
1756702550,5257,0.01,0.0,-0.07,0.0,0.0,0.0,0.0,0.0,0,0,0
1756702550,5258,0.0,0.0,-0.02,0.0,0.0,0.0,0.0,0.0,0,0,0
1756702550,5259,0.05,0.0,-0.02,0.0,0.0,0.0,0.0,0.0,0,0,0
1756702550,5260,0.0,0.0,-0.09,0.0,0.0,0.0,0.0,0.0,0,0,0
1756702550,5261,0.0,0.0,0.0,0.0,0.0,0.0,0.0,0.0,0,0,0
1756702550,5262,0.0,0.0,0.0,0.0,0.0,0.0,0.0,0.0,0,0,0
1756702550,5263,0.0,0.0,-0.02,0.0,0.0,0.0,0.0,0.0,0,0,0
1756702550,5264,0.05,0.0,-0.02,0.0,0.0,0.0,0.0,0.0,0,0,0
1756702550,5265,-0.03,0.0,-0.01,0.0,0.0,0.0,0.0,0.0,0,0,0
1756702550,5266,0.03,0.0,-0.02,0.0,0.0,0.0,0.0,0.0,0,0,0
1756702550,5267,-0.01,0.0,0.0,0.0,0.0,0.0,0.0,0.0,0,0,0
1756702550,5268,0.01,0.0,-0.07,0.0,0.0,0.0,0.0,0.0,0,0,0
1756702550,5269,0.01,0.0,0.0,0.0,0.0,0.0,0.0,0.0,0,0,0
1756702551,5270,0.02,0.0,0.01,0.0,0.0,0.0,0.0,0.0,0,0,0
1756702551,5271,0.0,0.0,-0.01,0.0,0.0,0.0,0.0,0.0,0,0,0
1756702551,5272,0.0,0.0,-0.01,0.0,0.0,0.0,0.0,0.0,0,0,0
1756702551,5273,0.0,0.0,0.0,0.0,0.0,0.0,0.0,0.0,0,0,0
1756702551,5274,-0.07,0.0,-0.05,0.0,0.0,0.0,0.0,0.0,0,0,0
1756702551,5275,0.0,0.0,-0.02,0.0,0.0,0.0,0.0,0.0,0,0,0
1756702551,5276,0.0,0.0,-0.05,0.0,0.0,0.0,0.0,0.0,0,0,0
1756702551,5277,0.01,0.0,-0.01,0.0,0.0,0.0,0.0,0.0,0,0,0
1756702551,5278,0.0,0.0,-0.01,0.0,0.0,0.0,0.0,0.0,0,0,0
1756702551,5279,0.0,0.0,0.0,0.0,0.0,0.0,0.0,0.0,0,0,0
1756702551,5280,0.05,0.0,0.0,0.0,0.0,0.0,0.0,0.0,0,0,0
1756702551,5281,0.05,0.0,-0.05,0.0,0.0,0.0,0.0,0.0,0,0,0
1756702551,5282,0.01,0.0,-0.01,0.0,0.0,0.0,0.0,0.0,0,0,0
1756702551,5283,0.0,0.0,-0.01,0.0,0.0,0.0,0.0,0.0,0,0,0
1756702551,5284,-0.01,0.0,0.0,0.0,0.0,0.0,0.0,0.0,0,0,0
1756702551,5285,-0.02,0.0,-0.02,0.0,0.0,0.0,0.0,0.0,0,0,0
1756702551,5286,0.0,0.0,0.0,0.0,0.0,0.0,0.0,0.0,0,0,0
1756702551,5287,0.0,0.0,-0.03,0.0,0.0,0.0,0.0,0.0,0,0,0
1756702551,5288,0.07,0.0,0.03,0.0,0.0,0.0,0.0,0.0,0,0,0
1756702551,5289,-0.02,0.0,0.0,0.0,0.0,0.0,0.0,0.0,0,0,0
1756702551,5290,0.03,0.0,0.0,0.0,0.0,0.0,0.0,0.0,0,0,0
1756702551,5291,-0.05,0.0,-0.01,0.0,0.0,0.0,0.0,0.0,0,0,0
1756702551,5292,0.0,0.0,0.0,0.0,0.0,0.0,0.0,0.0,0,0,0
1756702551,5293,0.0,0.0,-0.01,0.0,0.0,0.0,0.0,0.0,0,0,0
1756702551,5294,-0.05,0.0,0.0,0.0,0.0,0.0,0.0,0.0,0,0,0
1756702551,5295,0.02,0.0,-0.02,0.0,0.0,0.0,0.0,0.0,0,0,0
1756702551,5296,0.0,0.0,-0.09,0.0,0.0,0.0,0.0,0.0,0,0,0
1756702551,5297,0.02,0.0,0.0,0.0,0.0,0.0,0.0,0.0,0,0,0
1756702551,5298,-0.01,0.0,-0.01,0.0,0.0,0.0,0.0,0.0,0,0,0
1756702551,5299,0.05,0.0,-0.01,0.0,0.0,0.0,0.0,0.0,0,0,0
1756702551,5300,0.1,0.0,-0.03,0.0,0.0,0.0,0.0,0.0,0,0,0
1756702551,5301,-0.05,0.0,-0.02,0.0,0.0,0.0,0.0,0.0,0,0,0
1756702551,5302,0.0,0.0,-0.03,0.0,0.0,0.0,0.0,0.0,0,0,0
1756702551,5303,-0.01,0.0,0.0,0.0,0.0,0.0,0.0,0.0,0,0,0
1756702551,5304,0.07,0.0,-0.05,0.0,0.0,0.0,0.0,0.0,0,0,0
1756702551,5305,-0.02,0.0,0.0,0.0,0.0,0.0,0.0,0.0,0,0,0
1756702551,5306,0.01,0.0,0.0,0.0,0.0,0.0,0.0,0.0,0,0,0
1756702551,5307,0.02,0.0,-0.03,0.0,0.0,0.0,0.0,0.0,0,0,0
1756702551,5308,0.03,0.0,-0.05,0.0,0.0,0.0,0.0,0.0,0,0,0
1756702551,5309,0.0,0.0,0.0,0.0,0.0,0.0,0.0,0.0,0,0,0
1756702551,5310,0.0,0.0,0.0,0.0,0.0,0.0,0.0,0.0,0,0,0
1756702551,5311,0.02,0.0,-0.05,0.0,0.0,0.0,0.0,0.0,0,0,0
1756702551,5312,0.0,0.0,-0.09,0.0,0.0,0.0,0.0,0.0,0,0,0
1756702551,5313,0.1,0.0,0.0,0.0,0.0,0.0,0.0,0.0,0,0,0
1756702551,5314,-0.07,0.0,-0.05,0.0,0.0,0.0,0.0,0.0,0,0,0
1756702551,5315,-0.03,0.0,-0.02,0.0,0.0,0.0,0.0,0.0,0,0,0
1756702551,5316,0.0,0.0,-0.02,0.0,0.0,0.0,0.0,0.0,0,0,0
1756702551,5317,0.01,0.0,0.0,0.0,0.0,0.0,0.0,0.0,0,0,0
1756702551,5318,0.0,0.0,0.07,0.0,0.0,0.0,0.0,0.0,0,0,0
1756702551,5319,-0.01,0.0,-0.05,0.0,0.0,0.0,0.0,0.0,0,0,0
1756702551,5320,-0.02,0.0,-0.05,0.0,0.0,0.0,0.0,0.0,0,0,0
1756702551,5321,0.0,0.0,-0.05,0.0,0.0,0.0,0.0,0.0,0,0,0
1756702551,5322,0.0,0.0,0.0,0.0,0.0,0.0,0.0,0.0,0,0,0
1756702551,5323,0.03,0.0,-0.03,0.0,0.0,0.0,0.0,0.0,0,0,0
1756702551,5324,0.0,0.0,-0.02,0.0,0.0,0.0,0.0,0.0,0,0,0
1756702551,5325,-0.03,0.0,-0.01,0.0,0.0,0.0,0.0,0.0,0,0,0
1756702551,5326,0.0,0.0,-0.01,0.0,0.0,0.0,0.0,0.0,0,0,0
1756702551,5327,0.03,0.0,-0.01,0.0,0.0,0.0,0.0,0.0,0,0,0
1756702551,5328,-0.05,0.0,0.0,0.0,0.0,0.0,0.0,0.0,0,0,0
1756702551,5329,0.0,0.0,0.0,0.0,0.0,0.0,0.0,0.0,0,0,0
1756702551,5330,0.0,0.0,-0.05,0.0,0.0,0.0,0.0,0.0,0,0,0
1756702551,5331,0.0,0.0,-0.12,0.0,0.0,0.0,0.0,0.0,0,0,0
1756702551,5332,-0.01,0.0,-0.05,0.0,0.0,0.0,0.0,0.0,0,0,0
1756702551,5333,0.01,0.0,-0.02,0.0,0.0,0.0,0.0,0.0,0,0,0
1756702552,5334,0.0,0.0,-0.05,0.0,0.0,0.0,0.0,0.0,0,0,0
1756702552,5335,0.0,0.0,-0.07,0.0,0.0,0.0,0.0,0.0,0,0,0
1756702552,5336,0.05,0.0,0.0,0.0,0.0,0.0,0.0,0.0,0,0,0
1756702552,5337,-0.02,0.0,0.01,0.0,0.0,0.0,0.0,0.0,0,0,0
1756702552,5338,0.0,0.0,-0.07,0.0,0.0,0.0,0.0,0.0,0,0,0
1756702552,5339,0.01,0.0,-0.02,0.0,0.0,0.0,0.0,0.0,0,0,0
1756702552,5340,-0.01,0.0,-0.02,0.0,0.0,0.0,0.0,0.0,0,0,0
1756702552,5341,-0.01,0.0,-0.03,0.0,0.0,0.0,0.0,0.0,0,0,0
1756702552,5342,0.0,0.0,-0.01,0.0,0.0,0.0,0.0,0.0,0,0,0
1756702552,5343,0.0,0.0,-0.05,0.0,0.0,0.0,0.0,0.0,0,0,0
1756702552,5344,0.02,0.0,-0.05,0.0,0.0,0.0,0.0,0.0,0,0,0
1756702552,5345,0.0,0.0,0.0,0.0,0.0,0.0,0.0,0.0,0,0,0
1756702552,5346,0.0,0.0,-0.01,0.0,0.0,0.0,0.0,0.0,0,0,0
1756702552,5347,-0.01,0.0,-0.01,0.0,0.0,0.0,0.0,0.0,0,0,0
1756702552,5348,0.0,0.0,-0.01,0.0,0.0,0.0,0.0,0.0,0,0,0
1756702552,5349,0.0,0.0,-0.02,0.0,0.0,0.0,0.0,0.0,0,0,0
1756702552,5350,0.01,0.0,-0.02,0.0,0.0,0.0,0.0,0.0,0,0,0
1756702552,5351,0.0,0.0,-0.03,0.0,0.0,0.0,0.0,0.0,0,0,0
1756702552,5352,-0.01,0.0,-0.07,0.0,0.0,0.0,0.0,0.0,0,0,0
1756702552,5353,-0.05,0.0,-0.05,0.0,0.0,0.0,0.0,0.0,0,0,0
1756702552,5354,0.0,0.0,-0.11,0.0,0.0,0.0,0.0,0.0,0,0,0
1756702552,5355,0.02,0.0,0.0,0.0,0.0,0.0,0.0,0.0,0,0,0
1756702552,5356,0.0,0.0,-0.02,0.0,0.0,0.0,0.0,0.0,0,0,0
1756702552,5357,0.0,0.0,0.0,0.0,0.0,0.0,0.0,0.0,0,0,0
1756702552,5358,-0.05,0.0,0.01,0.0,0.0,0.0,0.0,0.0,0,0,0
1756702552,5359,0.0,0.0,0.0,0.0,0.0,0.0,0.0,0.0,0,0,0
1756702552,5360,0.0,0.0,-0.01,0.0,0.0,0.0,0.0,0.0,0,0,0
1756702552,5361,0.01,0.0,-0.1,0.0,0.0,0.0,0.0,0.0,0,0,0
1756702552,5362,0.0,0.0,-0.05,0.0,0.0,0.0,0.0,0.0,0,0,0
1756702552,5363,0.0,0.0,0.01,0.0,0.0,0.0,0.0,0.0,0,0,0
1756702552,5364,0.0,0.0,0.0,0.0,0.0,0.0,0.0,0.0,0,0,0
1756702552,5365,-0.01,0.0,-0.03,0.0,0.0,0.0,0.0,0.0,0,0,0
1756702552,5366,-0.01,0.0,0.0,0.0,0.0,0.0,0.0,0.0,0,0,0
1756702552,5367,-0.02,0.0,-0.05,0.0,0.0,0.0,0.0,0.0,0,0,0
1756702552,5368,0.0,0.0,-0.01,0.0,0.0,0.0,0.0,0.0,0,0,0
1756702552,5369,0.02,0.0,0.0,0.0,0.0,0.0,0.0,0.0,0,0,0
1756702552,5370,0.01,0.0,-0.02,0.0,0.0,0.0,0.0,0.0,0,0,0
1756702552,5371,-0.05,0.0,0.0,0.0,0.0,0.0,0.0,0.0,0,0,0
1756702552,5372,0.0,0.0,0.0,0.0,0.0,0.0,0.0,0.0,0,0,0
1756702552,5373,0.0,0.0,-0.05,0.0,0.0,0.0,0.0,0.0,0,0,0
1756702552,5374,-0.02,0.0,-0.01,0.0,0.0,0.0,0.0,0.0,0,0,0
1756702552,5375,0.0,0.0,-0.03,0.0,0.0,0.0,0.0,0.0,0,0,0
1756702552,5376,0.02,0.0,-0.02,0.0,0.0,0.0,0.0,0.0,0,0,0
1756702552,5377,0.0,0.0,-0.05,0.0,0.0,0.0,0.0,0.0,0,0,0
1756702552,5378,0.0,0.0,0.0,0.0,0.0,0.0,0.0,0.0,0,0,0
1756702552,5379,0.0,0.0,0.0,0.0,0.0,0.0,0.0,0.0,0,0,0
1756702552,5380,-0.05,0.0,0.0,0.0,0.0,0.0,0.0,0.0,0,0,0
1756702552,5381,0.07,0.0,-0.02,0.0,0.0,0.0,0.0,0.0,0,0,0
1756702552,5382,0.01,0.0,-0.02,0.0,0.0,0.0,0.0,0.0,0,0,0
1756702552,5383,-0.01,0.0,-0.05,0.0,0.0,0.0,0.0,0.0,0,0,0
1756702552,5384,0.07,0.0,0.0,0.0,0.0,0.0,0.0,0.0,0,0,0
1756702552,5385,0.05,0.0,-0.01,0.0,0.0,0.0,0.0,0.0,0,0,0
1756702552,5386,0.0,0.0,0.0,0.0,0.0,0.0,0.0,0.0,0,0,0
1756702552,5387,0.0,0.0,-0.05,0.0,0.0,0.0,0.0,0.0,0,0,0
1756702552,5388,-0.01,0.0,0.0,0.0,0.0,0.0,0.0,0.0,0,0,0
1756702552,5389,-0.01,0.0,-0.01,0.0,0.0,0.0,0.0,0.0,0,0,0
1756702552,5390,0.02,0.0,0.0,0.0,0.0,0.0,0.0,0.0,0,0,0
1756702552,5391,-0.01,0.0,-0.05,0.0,0.0,0.0,0.0,0.0,0,0,0
1756702552,5392,0.0,0.0,-0.01,0.0,0.0,0.0,0.0,0.0,0,0,0
1756702552,5393,-0.02,0.0,-0.05,0.0,0.0,0.0,0.0,0.0,0,0,0
1756702552,5394,0.03,0.0,-0.03,0.0,0.0,0.0,0.0,0.0,0,0,0
1756702552,5395,-0.03,0.0,0.0,0.0,0.0,0.0,0.0,0.0,0,0,0
1756702552,5396,-0.01,0.0,-0.07,0.0,0.0,0.0,0.0,0.0,0,0,0
1756702553,5397,0.02,0.0,0.0,0.0,0.0,0.0,0.0,0.0,0,0,0
1756702553,5398,0.0,0.0,0.0,0.0,0.0,0.0,0.0,0.0,0,0,0
1756702553,5399,0.0,0.0,-0.01,0.0,0.0,0.0,0.0,0.0,0,0,0
1756702553,5400,0.01,0.0,-0.02,0.0,0.0,0.0,0.0,0.0,0,0,0
1756702553,5401,0.0,0.0,0.0,0.0,0.0,0.0,0.0,0.0,0,0,0
1756702553,5402,0.0,0.0,0.0,0.0,0.0,0.0,0.0,0.0,0,0,0
1756702553,5403,0.0,0.0,0.0,0.0,0.0,0.0,0.0,0.0,0,0,0
1756702553,5404,0.0,0.0,-0.03,0.0,0.0,0.0,0.0,0.0,0,0,0
1756702553,5405,0.0,0.0,-0.01,0.0,0.0,0.0,0.0,0.0,0,0,0
1756702553,5406,-0.02,0.0,-0.01,0.0,0.0,0.0,0.0,0.0,0,0,0
1756702553,5407,0.0,0.0,-0.01,0.0,0.0,0.0,0.0,0.0,0,0,0
1756702553,5408,0.0,0.0,-0.02,0.0,0.0,0.0,0.0,0.0,0,0,0
1756702553,5409,0.0,0.0,-0.02,0.0,0.0,0.0,0.0,0.0,0,0,0
1756702553,5410,0.0,0.0,-0.03,0.0,0.0,0.0,0.0,0.0,0,0,0
1756702553,5411,0.01,0.0,-0.05,0.0,0.0,0.0,0.0,0.0,0,0,0
1756702553,5412,0.0,0.0,0.0,0.0,0.0,0.0,0.0,0.0,0,0,0
1756702553,5413,0.01,0.0,-0.03,0.0,0.0,0.0,0.0,0.0,0,0,0
1756702553,5414,0.0,0.0,-0.01,0.0,0.0,0.0,0.0,0.0,0,0,0
1756702553,5415,0.01,0.0,-0.07,0.0,0.0,0.0,0.0,0.0,0,0,0
1756702553,5416,-0.01,0.0,-0.1,0.0,0.0,0.0,0.0,0.0,0,0,0
1756702553,5417,0.0,0.0,-0.05,0.0,0.0,0.0,0.0,0.0,0,0,0
1756702553,5418,-0.02,0.0,-0.01,0.0,0.0,0.0,0.0,0.0,0,0,0
1756702553,5419,-0.05,0.0,-0.05,0.0,0.0,0.0,0.0,0.0,0,0,0
1756702553,5420,0.02,0.0,-0.02,0.0,0.0,0.0,0.0,0.0,0,0,0
1756702553,5421,0.02,0.0,-0.03,0.0,0.0,0.0,0.0,0.0,0,0,0
1756702553,5422,0.0,0.0,0.0,0.0,0.0,0.0,0.0,0.0,0,0,0
1756702553,5423,0.0,0.0,0.01,0.0,0.0,0.0,0.0,0.0,0,0,0
1756702553,5424,-0.03,0.0,-0.05,0.0,0.0,0.0,0.0,0.0,0,0,0
1756702553,5425,0.01,0.0,-0.01,0.0,0.0,0.0,0.0,0.0,0,0,0
1756702553,5426,0.02,0.0,-0.03,0.0,0.0,0.0,0.0,0.0,0,0,0
1756702553,5427,0.01,0.0,-0.01,0.0,0.0,0.0,0.0,0.0,0,0,0
1756702553,5428,0.0,0.0,0.0,0.0,0.0,0.0,0.0,0.0,0,0,0
1756702553,5429,0.0,0.0,-0.05,0.0,0.0,0.0,0.0,0.0,0,0,0
1756702553,5430,-0.02,0.0,0.0,0.0,0.0,0.0,0.0,0.0,0,0,0
1756702553,5431,0.0,0.0,-0.01,0.0,0.0,0.0,0.0,0.0,0,0,0
1756702553,5432,0.0,0.0,0.0,0.0,0.0,0.0,0.0,0.0,0,0,0
1756702553,5433,0.0,0.0,-0.03,0.0,0.0,0.0,0.0,0.0,0,0,0
1756702553,5434,0.05,0.0,0.0,0.0,0.0,0.0,0.0,0.0,0,0,0
1756702553,5435,-0.05,0.0,-0.02,0.0,0.0,0.0,0.0,0.0,0,0,0
1756702553,5436,-0.01,0.0,-0.03,0.0,0.0,0.0,0.0,0.0,0,0,0
1756702553,5437,0.0,0.0,-0.07,0.0,0.0,0.0,0.0,0.0,0,0,0
1756702553,5438,-0.03,0.0,0.0,0.0,0.0,0.0,0.0,0.0,0,0,0
1756702553,5439,0.01,0.0,0.0,0.0,0.0,0.0,0.0,0.0,0,0,0
1756702553,5440,0.0,0.0,0.01,0.0,0.0,0.0,0.0,0.0,0,0,0
1756702553,5441,0.0,0.0,0.0,0.0,0.0,0.0,0.0,0.0,0,0,0
1756702553,5442,-0.03,0.0,0.0,0.0,0.0,0.0,0.0,0.0,0,0,0
1756702553,5443,-0.05,0.0,-0.01,0.0,0.0,0.0,0.0,0.0,0,0,0
1756702553,5444,-0.01,0.0,-0.09,0.0,0.0,0.0,0.0,0.0,0,0,0
1756702553,5445,0.03,0.0,-0.01,0.0,0.0,0.0,0.0,0.0,0,0,0
1756702553,5446,0.01,0.0,0.0,0.0,0.0,0.0,0.0,0.0,0,0,0
1756702553,5447,0.01,0.0,-0.03,0.0,0.0,0.0,0.0,0.0,0,0,0
1756702553,5448,0.0,0.0,-0.02,0.0,0.0,0.0,0.0,0.0,0,0,0
1756702553,5449,-0.02,0.0,-0.05,0.0,0.0,0.0,0.0,0.0,0,0,0
1756702553,5450,0.0,0.0,0.0,0.0,0.0,0.0,0.0,0.0,0,0,0
1756702553,5451,0.0,0.0,-0.01,0.0,0.0,0.0,0.0,0.0,0,0,0
1756702553,5452,0.0,0.0,-0.01,0.0,0.0,0.0,0.0,0.0,0,0,0
1756702553,5453,0.02,0.0,-0.05,0.0,0.0,0.0,0.0,0.0,0,0,0
1756702553,5454,0.0,0.0,-0.01,0.0,0.0,0.0,0.0,0.0,0,0,0
1756702553,5455,0.0,0.0,0.0,0.0,0.0,0.0,0.0,0.0,0,0,0
1756702553,5456,0.05,0.0,0.0,0.0,0.0,0.0,0.0,0.0,0,0,0
1756702553,5457,-0.01,0.0,-0.02,0.0,0.0,0.0,0.0,0.0,0,0,0
1756702553,5458,0.03,0.0,-0.09,0.0,0.0,0.0,0.0,0.0,0,0,0
1756702553,5459,0.02,0.0,-0.02,0.0,0.0,0.0,0.0,0.0,0,0,0
1756702553,5460,0.01,0.0,-0.02,0.0,0.0,0.0,0.0,0.0,0,0,0
1756702553,5461,0.0,0.0,0.0,0.0,0.0,0.0,0.0,0.0,0,0,0
1756702553,5462,-0.02,0.0,-0.05,0.0,0.0,0.0,0.0,0.0,0,0,0
1756702553,5463,-0.01,0.0,-0.01,0.0,0.0,0.0,0.0,0.0,0,0,0
1756702553,5464,0.0,0.0,0.0,0.0,0.0,0.0,0.0,0.0,0,0,0
1756702553,5465,0.01,0.0,-0.01,0.0,0.0,0.0,0.0,0.0,0,0,0
1756702554,5466,0.0,0.0,-0.03,0.0,0.0,0.0,0.0,0.0,0,0,0
1756702554,5467,0.02,0.0,-0.03,0.0,0.0,0.0,0.0,0.0,0,0,0
1756702554,5468,0.07,0.0,0.0,0.0,0.0,0.0,0.0,0.0,0,0,0
1756702554,5469,0.0,0.0,-0.01,0.0,0.0,0.0,0.0,0.0,0,0,0
1756702554,5470,0.0,0.0,-0.09,0.0,0.0,0.0,0.0,0.0,0,0,0
1756702554,5471,-0.05,0.0,0.0,0.0,0.0,0.0,0.0,0.0,0,0,0
1756702554,5472,0.0,0.0,0.0,0.0,0.0,0.0,0.0,0.0,0,0,0
1756702554,5473,0.02,0.0,-0.05,0.0,0.0,0.0,0.0,0.0,0,0,0
1756702554,5474,0.0,0.0,0.01,0.0,0.0,0.0,0.0,0.0,0,0,0
1756702554,5475,0.01,0.0,-0.01,0.0,0.0,0.0,0.0,0.0,0,0,0
1756702554,5476,0.05,0.0,-0.03,0.0,0.0,0.0,0.0,0.0,0,0,0
1756702554,5477,0.0,0.0,0.0,0.0,0.0,0.0,0.0,0.0,0,0,0
1756702554,5478,-0.01,0.0,0.03,0.0,0.0,0.0,0.0,0.0,0,0,0
1756702554,5479,0.0,0.0,-0.01,0.0,0.0,0.0,0.0,0.0,0,0,0
1756702554,5480,0.02,0.0,-0.03,0.0,0.0,0.0,0.0,0.0,0,0,0
1756702554,5481,0.03,0.0,-0.07,0.0,0.0,0.0,0.0,0.0,0,0,0
1756702554,5482,0.0,0.0,0.0,0.0,0.0,0.0,0.0,0.0,0,0,0
1756702554,5483,0.0,0.0,-0.02,0.0,0.0,0.0,0.0,0.0,0,0,0
1756702554,5484,-0.05,0.0,-0.01,0.0,0.0,0.0,0.0,0.0,0,0,0
1756702554,5485,0.0,0.0,0.0,0.0,0.0,0.0,0.0,0.0,0,0,0
1756702554,5486,0.0,0.0,-0.07,0.0,0.0,0.0,0.0,0.0,0,0,0
1756702554,5487,0.0,0.0,0.0,0.0,0.0,0.0,0.0,0.0,0,0,0
1756702554,5488,0.0,0.0,-0.05,0.0,0.0,0.0,0.0,0.0,0,0,0
1756702554,5489,0.02,0.0,-0.01,0.0,0.0,0.0,0.0,0.0,0,0,0
1756702554,5490,0.0,0.0,-0.07,0.0,0.0,0.0,0.0,0.0,0,0,0
1756702554,5491,0.01,0.0,-0.01,0.0,0.0,0.0,0.0,0.0,0,0,0
1756702554,5492,0.0,0.0,-0.01,0.0,0.0,0.0,0.0,0.0,0,0,0
1756702554,5493,0.0,0.0,-0.05,0.0,0.0,0.0,0.0,0.0,0,0,0
1756702554,5494,0.0,0.0,0.0,0.0,0.0,0.0,0.0,0.0,0,0,0
1756702554,5495,0.0,0.0,-0.1,0.0,0.0,0.0,0.0,0.0,0,0,0
1756702554,5496,-0.02,0.0,-0.01,0.0,0.0,0.0,0.0,0.0,0,0,0
1756702554,5497,0.0,0.0,0.0,0.0,0.0,0.0,0.0,0.0,0,0,0
1756702554,5498,-0.01,0.0,0.0,0.0,0.0,0.0,0.0,0.0,0,0,0
1756702554,5499,0.0,0.0,-0.02,0.0,0.0,0.0,0.0,0.0,0,0,0
1756702554,5500,0.0,0.0,-0.05,0.0,0.0,0.0,0.0,0.0,0,0,0
1756702554,5501,0.01,0.0,-0.09,0.0,0.0,0.0,0.0,0.0,0,0,0
1756702554,5502,0.01,0.0,-0.02,0.0,0.0,0.0,0.0,0.0,0,0,0
1756702554,5503,0.01,0.0,-0.1,0.0,0.0,0.0,0.0,0.0,0,0,0
1756702554,5504,0.0,0.0,-0.01,0.0,0.0,0.0,0.0,0.0,0,0,0
1756702554,5505,0.07,0.0,0.0,0.0,0.0,0.0,0.0,0.0,0,0,0
1756702554,5506,0.0,0.0,-0.05,0.0,0.0,0.0,0.0,0.0,0,0,0
1756702554,5507,0.0,0.0,0.0,0.0,0.0,0.0,0.0,0.0,0,0,0
1756702554,5508,0.0,0.0,0.0,0.0,0.0,0.0,0.0,0.0,0,0,0
1756702554,5509,0.01,0.0,-0.02,0.0,0.0,0.0,0.0,0.0,0,0,0
1756702554,5510,0.0,0.0,-0.02,0.0,0.0,0.0,0.0,0.0,0,0,0
1756702554,5511,0.02,0.0,0.0,0.0,0.0,0.0,0.0,0.0,0,0,0
1756702554,5512,0.0,0.0,-0.05,0.0,0.0,0.0,0.0,0.0,0,0,0
1756702554,5513,0.0,0.0,0.0,0.0,0.0,0.0,0.0,0.0,0,0,0
1756702554,5514,0.0,0.0,-0.03,0.0,0.0,0.0,0.0,0.0,0,0,0
1756702554,5515,0.0,0.0,-0.02,0.0,0.0,0.0,0.0,0.0,0,0,0
1756702554,5516,0.0,0.0,-0.01,0.0,0.0,0.0,0.0,0.0,0,0,0
1756702554,5517,-0.03,0.0,-0.05,0.0,0.0,0.0,0.0,0.0,0,0,0
1756702554,5518,0.0,0.0,-0.05,0.0,0.0,0.0,0.0,0.0,0,0,0
1756702554,5519,0.1,0.0,-0.05,0.0,0.0,0.0,0.0,0.0,0,0,0
1756702554,5520,0.0,0.0,-0.03,0.0,0.0,0.0,0.0,0.0,0,0,0
1756702554,5521,0.01,0.0,-0.02,0.0,0.0,0.0,0.0,0.0,0,0,0
1756702554,5522,0.05,0.0,-0.05,0.0,0.0,0.0,0.0,0.0,0,0,0
1756702554,5523,0.0,0.0,0.0,0.0,0.0,0.0,0.0,0.0,0,0,0
1756702554,5524,0.02,0.0,-0.01,0.0,0.0,0.0,0.0,0.0,0,0,0
1756702554,5525,-0.02,0.0,0.0,0.0,0.0,0.0,0.0,0.0,0,0,0
1756702554,5526,-0.05,0.0,-0.05,0.0,0.0,0.0,0.0,0.0,0,0,0
1756702554,5527,-0.02,0.0,0.0,0.0,0.0,0.0,0.0,0.0,0,0,0
1756702554,5528,0.03,0.0,-0.05,0.0,0.0,0.0,0.0,0.0,0,0,0
1756702554,5529,0.0,0.0,-0.03,0.0,0.0,0.0,0.0,0.0,0,0,0
1756702554,5530,-0.01,0.0,0.0,0.0,0.0,0.0,0.0,0.0,0,0,0
1756702555,5531,-0.01,0.0,0.0,0.0,0.0,0.0,0.0,0.0,0,0,0
1756702555,5532,0.0,0.0,-0.02,0.0,0.0,0.0,0.0,0.0,0,0,0
1756702555,5533,0.0,0.0,0.0,0.0,0.0,0.0,0.0,0.0,0,0,0
1756702555,5534,0.02,0.0,0.0,0.0,0.0,0.0,0.0,0.0,0,0,0
1756702555,5535,-0.01,0.0,-0.01,0.0,0.0,0.0,0.0,0.0,0,0,0
1756702555,5536,0.05,0.0,0.0,0.0,0.0,0.0,0.0,0.0,0,0,0
1756702555,5537,-0.01,0.0,-0.01,0.0,0.0,0.0,0.0,0.0,0,0,0
1756702555,5538,0.01,0.0,-0.02,0.0,0.0,0.0,0.0,0.0,0,0,0
1756702555,5539,0.01,0.0,0.0,0.0,0.0,0.0,0.0,0.0,0,0,0
1756702555,5540,-0.03,0.0,-0.01,0.0,0.0,0.0,0.0,0.0,0,0,0
1756702555,5541,0.0,0.0,-0.01,0.0,0.0,0.0,0.0,0.0,0,0,0
1756702555,5542,-0.05,0.0,0.01,0.0,0.0,0.0,0.0,0.0,0,0,0
1756702555,5543,0.03,0.0,-0.01,0.0,0.0,0.0,0.0,0.0,0,0,0
1756702555,5544,-0.01,0.0,0.05,0.0,0.0,0.0,0.0,0.0,0,0,0
1756702555,5545,0.1,0.0,-0.03,0.0,0.0,0.0,0.0,0.0,0,0,0
1756702555,5546,0.0,0.0,-0.05,0.0,0.0,0.0,0.0,0.0,0,0,0
1756702555,5547,0.0,0.0,-0.03,0.0,0.0,0.0,0.0,0.0,0,0,0
1756702555,5548,0.0,0.0,0.0,0.0,0.0,0.0,0.0,0.0,0,0,0
1756702555,5549,0.0,0.0,0.0,0.0,0.0,0.0,0.0,0.0,0,0,0
1756702555,5550,0.02,0.0,0.0,0.0,0.0,0.0,0.0,0.0,0,0,0
1756702555,5551,0.0,0.0,0.0,0.0,0.0,0.0,0.0,0.0,0,0,0
1756702555,5552,0.02,0.0,-0.01,0.0,0.0,0.0,0.0,0.0,0,0,0
1756702555,5553,0.07,0.0,0.02,0.0,0.0,0.0,0.0,0.0,0,0,0
1756702555,5554,0.0,0.0,0.0,0.0,0.0,0.0,0.0,0.0,0,0,0
1756702555,5555,0.02,0.0,-0.05,0.0,0.0,0.0,0.0,0.0,0,0,0
1756702555,5556,0.0,0.0,-0.03,0.0,0.0,0.0,0.0,0.0,0,0,0
1756702555,5557,0.01,0.0,0.0,0.0,0.0,0.0,0.0,0.0,0,0,0
1756702555,5558,-0.01,0.0,-0.01,0.0,0.0,0.0,0.0,0.0,0,0,0
1756702555,5559,0.09,0.0,0.0,0.0,0.0,0.0,0.0,0.0,0,0,0
1756702555,5560,0.01,0.0,0.0,0.0,0.0,0.0,0.0,0.0,0,0,0
1756702555,5561,-0.01,0.0,-0.03,0.0,0.0,0.0,0.0,0.0,0,0,0
1756702555,5562,0.0,0.0,-0.01,0.0,0.0,0.0,0.0,0.0,0,0,0
1756702555,5563,-0.01,0.0,0.0,0.0,0.0,0.0,0.0,0.0,0,0,0
1756702555,5564,0.0,0.0,-0.02,0.0,0.0,0.0,0.0,0.0,0,0,0
1756702555,5565,0.0,0.0,0.02,0.0,0.0,0.0,0.0,0.0,0,0,0
1756702555,5566,0.07,0.0,-0.02,0.0,0.0,0.0,0.0,0.0,0,0,0
1756702555,5567,0.0,0.0,-0.02,0.0,0.0,0.0,0.0,0.0,0,0,0
1756702555,5568,-0.05,0.0,-0.01,0.0,0.0,0.0,0.0,0.0,0,0,0
1756702555,5569,0.0,0.0,-0.01,0.0,0.0,0.0,0.0,0.0,0,0,0
1756702555,5570,0.0,0.0,0.0,0.0,0.0,0.0,0.0,0.0,0,0,0
1756702555,5571,0.02,0.0,-0.02,0.0,0.0,0.0,0.0,0.0,0,0,0
1756702555,5572,0.0,0.0,-0.01,0.0,0.0,0.0,0.0,0.0,0,0,0
1756702555,5573,0.0,0.0,0.0,0.0,0.0,0.0,0.0,0.0,0,0,0
1756702555,5574,0.0,0.0,-0.05,0.0,0.0,0.0,0.0,0.0,0,0,0
1756702555,5575,-0.01,0.0,-0.05,0.0,0.0,0.0,0.0,0.0,0,0,0
1756702555,5576,0.0,0.0,-0.03,0.0,0.0,0.0,0.0,0.0,0,0,0
1756702555,5577,0.0,0.0,0.0,0.0,0.0,0.0,0.0,0.0,0,0,0
1756702555,5578,-0.05,0.0,-0.03,0.0,0.0,0.0,0.0,0.0,0,0,0
1756702555,5579,0.0,0.0,-0.05,0.0,0.0,0.0,0.0,0.0,0,0,0
1756702555,5580,-0.03,0.0,-0.1,0.0,0.0,0.0,0.0,0.0,0,0,0
1756702555,5581,0.0,0.0,-0.05,0.0,0.0,0.0,0.0,0.0,0,0,0
1756702555,5582,0.0,0.0,-0.05,0.0,0.0,0.0,0.0,0.0,0,0,0
1756702555,5583,0.01,0.0,-0.03,0.0,0.0,0.0,0.0,0.0,0,0,0
1756702555,5584,0.03,0.0,-0.02,0.0,0.0,0.0,0.0,0.0,0,0,0
1756702555,5585,-0.02,0.0,0.0,0.0,0.0,0.0,0.0,0.0,0,0,0
1756702555,5586,-0.1,0.0,-0.02,0.0,0.0,0.0,0.0,0.0,0,0,0
1756702555,5587,0.0,0.0,0.0,0.0,0.0,0.0,0.0,0.0,0,0,0
1756702555,5588,0.0,0.0,0.0,0.0,0.0,0.0,0.0,0.0,0,0,0
1756702555,5589,-0.02,0.0,-0.07,0.0,0.0,0.0,0.0,0.0,0,0,0
1756702555,5590,-0.01,0.0,-0.01,0.0,0.0,0.0,0.0,0.0,0,0,0
1756702555,5591,0.0,0.0,-0.07,0.0,0.0,0.0,0.0,0.0,0,0,0
1756702555,5592,0.02,0.0,0.01,0.0,0.0,0.0,0.0,0.0,0,0,0
1756702555,5593,0.0,0.0,-0.03,0.0,0.0,0.0,0.0,0.0,0,0,0
1756702556,5594,0.03,0.0,-0.05,0.0,0.0,0.0,0.0,0.0,0,0,0
1756702556,5595,0.01,0.0,-0.07,0.0,0.0,0.0,0.0,0.0,0,0,0
1756702556,5596,-0.02,0.0,-0.01,0.0,0.0,0.0,0.0,0.0,0,0,0
1756702556,5597,0.0,0.0,-0.01,0.0,0.0,0.0,0.0,0.0,0,0,0
1756702556,5598,0.0,0.0,-0.03,0.0,0.0,0.0,0.0,0.0,0,0,0
1756702556,5599,0.0,0.0,0.0,0.0,0.0,0.0,0.0,0.0,0,0,0
1756702556,5600,0.05,0.0,0.0,0.0,0.0,0.0,0.0,0.0,0,0,0
1756702556,5601,0.0,0.0,0.0,0.0,0.0,0.0,0.0,0.0,0,0,0
1756702556,5602,-0.05,0.0,0.0,0.0,0.0,0.0,0.0,0.0,0,0,0
1756702556,5603,0.0,0.0,0.0,0.0,0.0,0.0,0.0,0.0,0,0,0
1756702556,5604,0.05,0.0,-0.02,0.0,0.0,0.0,0.0,0.0,0,0,0
1756702556,5605,-0.02,0.0,0.0,0.0,0.0,0.0,0.0,0.0,0,0,0
1756702556,5606,-0.02,0.0,0.0,0.0,0.0,0.0,0.0,0.0,0,0,0
1756702556,5607,0.05,0.0,-0.05,0.0,0.0,0.0,0.0,0.0,0,0,0
1756702556,5608,-0.05,0.0,-0.02,0.0,0.0,0.0,0.0,0.0,0,0,0
1756702556,5609,0.0,0.0,-0.05,0.0,0.0,0.0,0.0,0.0,0,0,0
1756702556,5610,0.0,0.0,0.0,0.0,0.0,0.0,0.0,0.0,0,0,0
1756702556,5611,0.03,0.0,-0.1,0.0,0.0,0.0,0.0,0.0,0,0,0
1756702556,5612,0.0,0.0,0.0,0.0,0.0,0.0,0.0,0.0,0,0,0
1756702556,5613,-0.02,0.0,-0.03,0.0,0.0,0.0,0.0,0.0,0,0,0
1756702556,5614,0.0,0.0,-0.01,0.0,0.0,0.0,0.0,0.0,0,0,0
1756702556,5615,-0.09,0.0,-0.02,0.0,0.0,0.0,0.0,0.0,0,0,0
1756702556,5616,0.02,0.0,-0.05,0.0,0.0,0.0,0.0,0.0,0,0,0
1756702556,5617,0.01,0.0,0.0,0.0,0.0,0.0,0.0,0.0,0,0,0
1756702556,5618,-0.02,0.0,-0.02,0.0,0.0,0.0,0.0,0.0,0,0,0
1756702556,5619,0.01,0.0,0.0,0.0,0.0,0.0,0.0,0.0,0,0,0
1756702556,5620,-0.02,0.0,-0.01,0.0,0.0,0.0,0.0,0.0,0,0,0
1756702556,5621,0.01,0.0,-0.05,0.0,0.0,0.0,0.0,0.0,0,0,0
1756702556,5622,0.0,0.0,-0.01,0.0,0.0,0.0,0.0,0.0,0,0,0
1756702556,5623,0.02,0.0,0.0,0.0,0.0,0.0,0.0,0.0,0,0,0
1756702556,5624,-0.01,0.0,-0.01,0.0,0.0,0.0,0.0,0.0,0,0,0
1756702556,5625,0.07,0.0,-0.05,0.0,0.0,0.0,0.0,0.0,0,0,0
1756702556,5626,0.02,0.0,-0.01,0.0,0.0,0.0,0.0,0.0,0,0,0
1756702556,5627,0.0,0.0,0.0,0.0,0.0,0.0,0.0,0.0,0,0,0
1756702556,5628,0.0,0.0,0.02,0.0,0.0,0.0,0.0,0.0,0,0,0
1756702556,5629,0.0,0.0,-0.01,0.0,0.0,0.0,0.0,0.0,0,0,0
1756702556,5630,0.0,0.0,-0.01,0.0,0.0,0.0,0.0,0.0,0,0,0
1756702556,5631,0.03,0.0,-0.07,0.0,0.0,0.0,0.0,0.0,0,0,0
1756702556,5632,0.0,0.0,-0.01,0.0,0.0,0.0,0.0,0.0,0,0,0
1756702556,5633,0.0,0.0,0.0,0.0,0.0,0.0,0.0,0.0,0,0,0
1756702556,5634,0.05,0.0,-0.01,0.0,0.0,0.0,0.0,0.0,0,0,0
1756702556,5635,-0.01,0.0,0.0,0.0,0.0,0.0,0.0,0.0,0,0,0
1756702556,5636,0.0,0.0,-0.02,0.0,0.0,0.0,0.0,0.0,0,0,0
1756702556,5637,0.0,0.0,-0.02,0.0,0.0,0.0,0.0,0.0,0,0,0
1756702556,5638,0.0,0.0,-0.05,0.0,0.0,0.0,0.0,0.0,0,0,0
1756702556,5639,-0.01,0.0,0.0,0.0,0.0,0.0,0.0,0.0,0,0,0
1756702556,5640,0.0,0.0,-0.01,0.0,0.0,0.0,0.0,0.0,0,0,0
1756702556,5641,0.02,0.0,-0.07,0.0,0.0,0.0,0.0,0.0,0,0,0
1756702556,5642,0.07,0.0,0.0,0.0,0.0,0.0,0.0,0.0,0,0,0
1756702556,5643,-0.01,0.0,0.0,0.0,0.0,0.0,0.0,0.0,0,0,0
1756702556,5644,0.03,0.0,-0.01,0.0,0.0,0.0,0.0,0.0,0,0,0
1756702556,5645,0.0,0.0,-0.02,0.0,0.0,0.0,0.0,0.0,0,0,0
1756702556,5646,0.0,0.0,0.0,0.0,0.0,0.0,0.0,0.0,0,0,0
1756702556,5647,0.01,0.0,-0.02,0.0,0.0,0.0,0.0,0.0,0,0,0
1756702556,5648,0.03,0.0,-0.03,0.0,0.0,0.0,0.0,0.0,0,0,0
1756702556,5649,-0.03,0.0,0.0,0.0,0.0,0.0,0.0,0.0,0,0,0
1756702556,5650,-0.05,0.0,-0.03,0.0,0.0,0.0,0.0,0.0,0,0,0
1756702556,5651,0.0,0.0,-0.01,0.0,0.0,0.0,0.0,0.0,0,0,0
1756702556,5652,0.01,0.0,-0.02,0.0,0.0,0.0,0.0,0.0,0,0,0
1756702556,5653,0.0,0.0,-0.03,0.0,0.0,0.0,0.0,0.0,0,0,0
1756702556,5654,0.0,0.0,-0.01,0.0,0.0,0.0,0.0,0.0,0,0,0
1756702556,5655,0.0,0.0,-0.05,0.0,0.0,0.0,0.0,0.0,0,0,0
1756702556,5656,0.0,0.0,0.0,0.0,0.0,0.0,0.0,0.0,0,0,0
1756702556,5657,0.0,0.0,0.0,0.0,0.0,0.0,0.0,0.0,0,0,0
1756702556,5658,0.03,0.0,-0.01,0.0,0.0,0.0,0.0,0.0,0,0,0
1756702556,5659,0.05,0.0,-0.03,0.0,0.0,0.0,0.0,0.0,0,0,0
1756702556,5660,0.01,0.0,-0.02,0.0,0.0,0.0,0.0,0.0,0,0,0
1756702556,5661,0.07,0.0,-0.01,0.0,0.0,0.0,0.0,0.0,0,0,0
1756702556,5662,0.0,0.0,-0.05,0.0,0.0,0.0,0.0,0.0,0,0,0
1756702557,5663,-0.03,0.0,0.01,0.0,0.0,0.0,0.0,0.0,0,0,0
1756702557,5664,-0.07,0.0,0.0,0.0,0.0,0.0,0.0,0.0,0,0,0
1756702557,5665,0.01,0.0,0.02,0.0,0.0,0.0,0.0,0.0,0,0,0
1756702557,5666,0.0,0.0,0.0,0.0,0.0,0.0,0.0,0.0,0,0,0
1756702557,5667,0.0,0.0,-0.05,0.0,0.0,0.0,0.0,0.0,0,0,0
1756702557,5668,0.0,0.0,-0.01,0.0,0.0,0.0,0.0,0.0,0,0,0
1756702557,5669,0.0,0.0,-0.01,0.0,0.0,0.0,0.0,0.0,0,0,0
1756702557,5670,0.01,0.0,-0.02,0.0,0.0,0.0,0.0,0.0,0,0,0
1756702557,5671,0.0,0.0,-0.05,0.0,0.0,0.0,0.0,0.0,0,0,0
1756702557,5672,0.01,0.0,-0.01,0.0,0.0,0.0,0.0,0.0,0,0,0
1756702557,5673,-0.01,0.0,-0.01,0.0,0.0,0.0,0.0,0.0,0,0,0
1756702557,5674,0.0,0.0,-0.05,0.0,0.0,0.0,0.0,0.0,0,0,0
1756702557,5675,-0.03,0.0,0.02,0.0,0.0,0.0,0.0,0.0,0,0,0
1756702557,5676,-0.01,0.0,0.0,0.0,0.0,0.0,0.0,0.0,0,0,0
1756702557,5677,0.01,0.0,0.05,0.0,0.0,0.0,0.0,0.0,0,0,0
1756702557,5678,0.03,0.0,0.0,0.0,0.0,0.0,0.0,0.0,0,0,0
1756702557,5679,0.01,0.0,-0.01,0.0,0.0,0.0,0.0,0.0,0,0,0
1756702557,5680,0.0,0.0,-0.03,0.0,0.0,0.0,0.0,0.0,0,0,0
1756702557,5681,-0.03,0.0,-0.01,0.0,0.0,0.0,0.0,0.0,0,0,0
1756702557,5682,0.0,0.0,-0.01,0.0,0.0,0.0,0.0,0.0,0,0,0
1756702557,5683,-0.02,0.0,-0.07,0.0,0.0,0.0,0.0,0.0,0,0,0
1756702557,5684,-0.02,0.0,-0.05,0.0,0.0,0.0,0.0,0.0,0,0,0
1756702557,5685,0.05,0.0,-0.01,0.0,0.0,0.0,0.0,0.0,0,0,0
1756702557,5686,0.02,0.0,-0.05,0.0,0.0,0.0,0.0,0.0,0,0,0
1756702557,5687,0.01,0.0,0.0,0.0,0.0,0.0,0.0,0.0,0,0,0
1756702557,5688,-0.01,0.0,-0.02,0.0,0.0,0.0,0.0,0.0,0,0,0
1756702557,5689,0.0,0.0,-0.03,0.0,0.0,0.0,0.0,0.0,0,0,0
1756702557,5690,0.0,0.0,-0.02,0.0,0.0,0.0,0.0,0.0,0,0,0
1756702557,5691,-0.03,0.0,0.0,0.0,0.0,0.0,0.0,0.0,0,0,0
1756702557,5692,0.02,0.0,-0.05,0.0,0.0,0.0,0.0,0.0,0,0,0
1756702557,5693,0.01,0.0,-0.03,0.0,0.0,0.0,0.0,0.0,0,0,0
1756702557,5694,0.0,0.0,0.0,0.0,0.0,0.0,0.0,0.0,0,0,0
1756702557,5695,0.01,0.0,-0.01,0.0,0.0,0.0,0.0,0.0,0,0,0
1756702557,5696,-0.01,0.0,0.0,0.0,0.0,0.0,0.0,0.0,0,0,0
1756702557,5697,0.0,0.0,-0.05,0.0,0.0,0.0,0.0,0.0,0,0,0
1756702557,5698,0.0,0.0,-0.07,0.0,0.0,0.0,0.0,0.0,0,0,0
1756702557,5699,0.0,0.0,0.0,0.0,0.0,0.0,0.0,0.0,0,0,0
1756702557,5700,0.0,0.0,0.0,0.0,0.0,0.0,0.0,0.0,0,0,0
1756702557,5701,0.05,0.0,-0.05,0.0,0.0,0.0,0.0,0.0,0,0,0
1756702557,5702,-0.02,0.0,-0.09,0.0,0.0,0.0,0.0,0.0,0,0,0
1756702557,5703,0.01,0.0,-0.05,0.0,0.0,0.0,0.0,0.0,0,0,0
1756702557,5704,0.01,0.0,0.0,0.0,0.0,0.0,0.0,0.0,0,0,0
1756702557,5705,0.01,0.0,-0.02,0.0,0.0,0.0,0.0,0.0,0,0,0
1756702557,5706,-0.05,0.0,-0.01,0.0,0.0,0.0,0.0,0.0,0,0,0
1756702557,5707,-0.02,0.0,-0.02,0.0,0.0,0.0,0.0,0.0,0,0,0
1756702557,5708,0.01,0.0,0.0,0.0,0.0,0.0,0.0,0.0,0,0,0
1756702557,5709,0.0,0.0,-0.02,0.0,0.0,0.0,0.0,0.0,0,0,0
1756702557,5710,0.0,0.0,-0.01,0.0,0.0,0.0,0.0,0.0,0,0,0
1756702557,5711,0.05,0.0,-0.01,0.0,0.0,0.0,0.0,0.0,0,0,0
1756702557,5712,0.03,0.0,-0.05,0.0,0.0,0.0,0.0,0.0,0,0,0
1756702557,5713,0.03,0.0,0.0,0.0,0.0,0.0,0.0,0.0,0,0,0
1756702557,5714,0.0,0.0,-0.03,0.0,0.0,0.0,0.0,0.0,0,0,0
1756702557,5715,-0.01,0.0,-0.03,0.0,0.0,0.0,0.0,0.0,0,0,0
1756702557,5716,0.0,0.0,0.0,0.0,0.0,0.0,0.0,0.0,0,0,0
1756702557,5717,-0.02,0.0,-0.01,0.0,0.0,0.0,0.0,0.0,0,0,0
1756702557,5718,-0.07,0.0,0.01,0.0,0.0,0.0,0.0,0.0,0,0,0
1756702557,5719,0.0,0.0,-0.03,0.0,0.0,0.0,0.0,0.0,0,0,0
1756702557,5720,-0.01,0.0,-0.01,0.0,0.0,0.0,0.0,0.0,0,0,0
1756702557,5721,0.02,0.0,0.0,0.0,0.0,0.0,0.0,0.0,0,0,0
1756702557,5722,0.02,0.0,-0.01,0.0,0.0,0.0,0.0,0.0,0,0,0
1756702557,5723,0.03,0.0,-0.02,0.0,0.0,0.0,0.0,0.0,0,0,0
1756702557,5724,0.02,0.0,-0.01,0.0,0.0,0.0,0.0,0.0,0,0,0
1756702557,5725,0.02,0.0,-0.03,0.0,0.0,0.0,0.0,0.0,0,0,0
1756702557,5726,0.05,0.0,0.0,0.0,0.0,0.0,0.0,0.0,0,0,0
1756702557,5727,0.01,0.0,0.0,0.0,0.0,0.0,0.0,0.0,0,0,0
1756702558,5728,0.03,0.0,-0.02,0.0,0.0,0.0,0.0,0.0,0,0,0
1756702558,5729,-0.02,0.0,-0.05,0.0,0.0,0.0,0.0,0.0,0,0,0
1756702558,5730,0.0,0.0,0.0,0.0,0.0,0.0,0.0,0.0,0,0,0
1756702558,5731,-0.05,0.0,0.0,0.0,0.0,0.0,0.0,0.0,0,0,0
1756702558,5732,-0.02,0.0,0.01,0.0,0.0,0.0,0.0,0.0,0,0,0
1756702558,5733,0.0,0.0,-0.05,0.0,0.0,0.0,0.0,0.0,0,0,0
1756702558,5734,0.05,0.0,-0.09,0.0,0.0,0.0,0.0,0.0,0,0,0
1756702558,5735,0.03,0.0,0.0,0.0,0.0,0.0,0.0,0.0,0,0,0
1756702558,5736,0.0,0.0,-0.02,0.0,0.0,0.0,0.0,0.0,0,0,0
1756702558,5737,0.0,0.0,-0.02,0.0,0.0,0.0,0.0,0.0,0,0,0
1756702558,5738,0.0,0.0,-0.01,0.0,0.0,0.0,0.0,0.0,0,0,0
1756702558,5739,0.0,0.0,-0.01,0.0,0.0,0.0,0.0,0.0,0,0,0
1756702558,5740,0.03,0.0,-0.07,0.0,0.0,0.0,0.0,0.0,0,0,0
1756702558,5741,0.0,0.0,-0.01,0.0,0.0,0.0,0.0,0.0,0,0,0
1756702558,5742,0.0,0.0,-0.05,0.0,0.0,0.0,0.0,0.0,0,0,0
1756702558,5743,0.0,0.0,-0.01,0.0,0.0,0.0,0.0,0.0,0,0,0
1756702558,5744,0.0,0.0,0.0,0.0,0.0,0.0,0.0,0.0,0,0,0
1756702558,5745,0.0,0.0,0.01,0.0,0.0,0.0,0.0,0.0,0,0,0
1756702558,5746,0.0,0.0,0.0,0.0,0.0,0.0,0.0,0.0,0,0,0
1756702558,5747,0.0,0.0,-0.05,0.0,0.0,0.0,0.0,0.0,0,0,0
1756702558,5748,0.03,0.0,-0.15,0.0,0.0,0.0,0.0,0.0,0,0,0
1756702558,5749,-0.03,0.0,0.0,0.0,0.0,0.0,0.0,0.0,0,0,0
1756702558,5750,0.0,0.0,-0.01,0.0,0.0,0.0,0.0,0.0,0,0,0
1756702558,5751,0.05,0.0,0.0,0.0,0.0,0.0,0.0,0.0,0,0,0
1756702558,5752,0.0,0.0,-0.01,0.0,0.0,0.0,0.0,0.0,0,0,0
1756702558,5753,0.01,0.0,-0.01,0.0,0.0,0.0,0.0,0.0,0,0,0
1756702558,5754,0.0,0.0,0.0,0.0,0.0,0.0,0.0,0.0,0,0,0
1756702558,5755,0.0,0.0,-0.03,0.0,0.0,0.0,0.0,0.0,0,0,0
1756702558,5756,-0.01,0.0,0.0,0.0,0.0,0.0,0.0,0.0,0,0,0
1756702558,5757,0.0,0.0,-0.03,0.0,0.0,0.0,0.0,0.0,0,0,0
1756702558,5758,0.0,0.0,-0.02,0.0,0.0,0.0,0.0,0.0,0,0,0
1756702558,5759,-0.01,0.0,-0.01,0.0,0.0,0.0,0.0,0.0,0,0,0
1756702558,5760,-0.01,0.0,-0.05,0.0,0.0,0.0,0.0,0.0,0,0,0
1756702558,5761,-0.01,0.0,-0.03,0.0,0.0,0.0,0.0,0.0,0,0,0
1756702558,5762,0.07,0.0,-0.05,0.0,0.0,0.0,0.0,0.0,0,0,0
1756702558,5763,0.02,0.0,-0.02,0.0,0.0,0.0,0.0,0.0,0,0,0
1756702558,5764,0.0,0.0,0.0,0.0,0.0,0.0,0.0,0.0,0,0,0
1756702558,5765,0.0,0.0,-0.05,0.0,0.0,0.0,0.0,0.0,0,0,0
1756702558,5766,0.0,0.0,0.0,0.0,0.0,0.0,0.0,0.0,0,0,0
1756702558,5767,0.0,0.0,-0.02,0.0,0.0,0.0,0.0,0.0,0,0,0
1756702558,5768,0.0,0.0,0.0,0.0,0.0,0.0,0.0,0.0,0,0,0
1756702558,5769,0.01,0.0,-0.01,0.0,0.0,0.0,0.0,0.0,0,0,0
1756702558,5770,0.0,0.0,0.0,0.0,0.0,0.0,0.0,0.0,0,0,0
1756702558,5771,0.02,0.0,-0.02,0.0,0.0,0.0,0.0,0.0,0,0,0
1756702558,5772,0.02,0.0,-0.05,0.0,0.0,0.0,0.0,0.0,0,0,0
1756702558,5773,0.01,0.0,0.0,0.0,0.0,0.0,0.0,0.0,0,0,0
1756702558,5774,0.0,0.0,-0.03,0.0,0.0,0.0,0.0,0.0,0,0,0
1756702558,5775,0.02,0.0,0.0,0.0,0.0,0.0,0.0,0.0,0,0,0
1756702558,5776,0.0,0.0,-0.02,0.0,0.0,0.0,0.0,0.0,0,0,0
1756702558,5777,0.0,0.0,-0.05,0.0,0.0,0.0,0.0,0.0,0,0,0
1756702558,5778,-0.03,0.0,-0.01,0.0,0.0,0.0,0.0,0.0,0,0,0
1756702558,5779,0.0,0.0,-0.03,0.0,0.0,0.0,0.0,0.0,0,0,0
1756702558,5780,0.05,0.0,-0.01,0.0,0.0,0.0,0.0,0.0,0,0,0
1756702558,5781,-0.01,0.0,-0.01,0.0,0.0,0.0,0.0,0.0,0,0,0
1756702558,5782,0.02,0.0,0.0,0.0,0.0,0.0,0.0,0.0,0,0,0
1756702558,5783,0.01,0.0,0.0,0.0,0.0,0.0,0.0,0.0,0,0,0
1756702558,5784,0.0,0.0,-0.02,0.0,0.0,0.0,0.0,0.0,0,0,0
1756702558,5785,0.01,0.0,0.0,0.0,0.0,0.0,0.0,0.0,0,0,0
1756702558,5786,0.02,0.0,-0.01,0.0,0.0,0.0,0.0,0.0,0,0,0
1756702558,5787,-0.17,0.0,-0.01,0.0,0.0,0.0,0.0,0.0,0,0,0
1756702558,5788,0.05,0.0,-0.03,0.0,0.0,0.0,0.0,0.0,0,0,0
1756702558,5789,0.0,0.0,-0.02,0.0,0.0,0.0,0.0,0.0,0,0,0
1756702558,5790,0.0,0.0,0.0,0.0,0.0,0.0,0.0,0.0,0,0,0
1756702558,5791,0.01,0.0,-0.02,0.0,0.0,0.0,0.0,0.0,0,0,0
1756702558,5792,0.01,0.0,-0.05,0.0,0.0,0.0,0.0,0.0,0,0,0
1756702558,5793,0.01,0.0,0.02,0.0,0.0,0.0,0.0,0.0,0,0,0
1756702558,5794,-0.02,0.0,-0.02,0.0,0.0,0.0,0.0,0.0,0,0,0
1756702558,5795,-0.03,0.0,-0.02,0.0,0.0,0.0,0.0,0.0,0,0,0
1756702559,5796,0.09,0.0,-0.05,0.0,0.0,0.0,0.0,0.0,0,0,0
1756702559,5797,0.0,0.0,-0.02,0.0,0.0,0.0,0.0,0.0,0,0,0
1756702559,5798,0.03,0.0,0.01,0.0,0.0,0.0,0.0,0.0,0,0,0
1756702559,5799,-0.03,0.0,-0.03,0.0,0.0,0.0,0.0,0.0,0,0,0
1756702559,5800,0.0,0.0,-0.01,0.0,0.0,0.0,0.0,0.0,0,0,0
1756702559,5801,0.1,0.0,-0.05,0.0,0.0,0.0,0.0,0.0,0,0,0
1756702559,5802,0.01,0.0,-0.01,0.0,0.0,0.0,0.0,0.0,0,0,0
1756702559,5803,0.0,0.0,-0.01,0.0,0.0,0.0,0.0,0.0,0,0,0
1756702559,5804,0.0,0.0,0.0,0.0,0.0,0.0,0.0,0.0,0,0,0
1756702559,5805,0.0,0.0,-0.01,0.0,0.0,0.0,0.0,0.0,0,0,0
1756702559,5806,0.0,0.0,-0.03,0.0,0.0,0.0,0.0,0.0,0,0,0
1756702559,5807,0.0,0.0,0.0,0.0,0.0,0.0,0.0,0.0,0,0,0
1756702559,5808,0.0,0.0,-0.02,0.0,0.0,0.0,0.0,0.0,0,0,0
1756702559,5809,-0.01,0.0,-0.03,0.0,0.0,0.0,0.0,0.0,0,0,0
1756702559,5810,0.05,0.0,0.0,0.0,0.0,0.0,0.0,0.0,0,0,0
1756702559,5811,0.11,0.0,0.0,0.0,0.0,0.0,0.0,0.0,0,0,0
1756702559,5812,0.0,0.0,0.0,0.0,0.0,0.0,0.0,0.0,0,0,0
1756702559,5813,0.0,0.0,-0.02,0.0,0.0,0.0,0.0,0.0,0,0,0
1756702559,5814,-0.05,0.0,0.0,0.0,0.0,0.0,0.0,0.0,0,0,0
1756702559,5815,-0.01,0.0,0.0,0.0,0.0,0.0,0.0,0.0,0,0,0
1756702559,5816,0.0,0.0,-0.01,0.0,0.0,0.0,0.0,0.0,0,0,0
1756702559,5817,0.0,0.0,0.0,0.0,0.0,0.0,0.0,0.0,0,0,0
1756702559,5818,0.01,0.0,-0.01,0.0,0.0,0.0,0.0,0.0,0,0,0
1756702559,5819,0.0,0.0,-0.02,0.0,0.0,0.0,0.0,0.0,0,0,0
1756702559,5820,0.01,0.0,0.0,0.0,0.0,0.0,0.0,0.0,0,0,0
1756702559,5821,0.0,0.0,0.0,0.0,0.0,0.0,0.0,0.0,0,0,0
1756702559,5822,-0.01,0.0,-0.01,0.0,0.0,0.0,0.0,0.0,0,0,0
1756702559,5823,-0.05,0.0,0.0,0.0,0.0,0.0,0.0,0.0,0,0,0
1756702559,5824,0.02,0.0,-0.05,0.0,0.0,0.0,0.0,0.0,0,0,0
1756702559,5825,0.0,0.0,-0.01,0.0,0.0,0.0,0.0,0.0,0,0,0
1756702559,5826,0.0,0.0,-0.07,0.0,0.0,0.0,0.0,0.0,0,0,0
1756702559,5827,0.11,0.0,-0.12,0.0,0.0,0.0,0.0,0.0,0,0,0
1756702559,5828,0.05,0.0,-0.02,0.0,0.0,0.0,0.0,0.0,0,0,0
1756702559,5829,0.0,0.0,-0.05,0.0,0.0,0.0,0.0,0.0,0,0,0
1756702559,5830,-0.01,0.0,0.0,0.0,0.0,0.0,0.0,0.0,0,0,0
1756702559,5831,0.0,0.0,0.0,0.0,0.0,0.0,0.0,0.0,0,0,0
1756702559,5832,0.0,0.0,0.0,0.0,0.0,0.0,0.0,0.0,0,0,0
1756702559,5833,0.0,0.0,-0.01,0.0,0.0,0.0,0.0,0.0,0,0,0
1756702559,5834,0.03,0.0,0.0,0.0,0.0,0.0,0.0,0.0,0,0,0
1756702559,5835,-0.03,0.0,-0.01,0.0,0.0,0.0,0.0,0.0,0,0,0
1756702559,5836,-0.02,0.0,-0.01,0.0,0.0,0.0,0.0,0.0,0,0,0
1756702559,5837,-0.02,0.0,-0.01,0.0,0.0,0.0,0.0,0.0,0,0,0
1756702559,5838,0.0,0.0,0.0,0.0,0.0,0.0,0.0,0.0,0,0,0
1756702559,5839,0.0,0.0,0.0,0.0,0.0,0.0,0.0,0.0,0,0,0
1756702559,5840,0.0,0.0,0.02,0.0,0.0,0.0,0.0,0.0,0,0,0
1756702559,5841,0.0,0.0,-0.01,0.0,0.0,0.0,0.0,0.0,0,0,0
1756702559,5842,0.03,0.0,-0.01,0.0,0.0,0.0,0.0,0.0,0,0,0
1756702559,5843,0.0,0.0,-0.01,0.0,0.0,0.0,0.0,0.0,0,0,0
1756702559,5844,0.01,0.0,-0.02,0.0,0.0,0.0,0.0,0.0,0,0,0
1756702559,5845,0.01,0.0,0.0,0.0,0.0,0.0,0.0,0.0,0,0,0
1756702559,5846,0.01,0.0,0.0,0.0,0.0,0.0,0.0,0.0,0,0,0
1756702559,5847,0.02,0.0,0.0,0.0,0.0,0.0,0.0,0.0,0,0,0
1756702559,5848,0.0,0.0,0.0,0.0,0.0,0.0,0.0,0.0,0,0,0
1756702559,5849,0.0,0.0,-0.01,0.0,0.0,0.0,0.0,0.0,0,0,0
1756702559,5850,0.0,0.0,-0.01,0.0,0.0,0.0,0.0,0.0,0,0,0
1756702559,5851,0.0,0.0,-0.03,0.0,0.0,0.0,0.0,0.0,0,0,0
1756702559,5852,0.0,0.0,-0.01,0.0,0.0,0.0,0.0,0.0,0,0,0
1756702559,5853,0.0,0.0,0.0,0.0,0.0,0.0,0.0,0.0,0,0,0
1756702559,5854,-0.03,0.0,-0.03,0.0,0.0,0.0,0.0,0.0,0,0,0
1756702559,5855,-0.01,0.0,0.0,0.0,0.0,0.0,0.0,0.0,0,0,0
1756702559,5856,0.0,0.0,0.0,0.0,0.0,0.0,0.0,0.0,0,0,0
1756702559,5857,0.0,0.0,-0.05,0.0,0.0,0.0,0.0,0.0,0,0,0
1756702559,5858,0.0,0.0,-0.09,0.0,0.0,0.0,0.0,0.0,0,0,0
1756702559,5859,-0.07,0.0,-0.01,0.0,0.0,0.0,0.0,0.0,0,0,0
1756702559,5860,-0.01,0.0,-0.02,0.0,0.0,0.0,0.0,0.0,0,0,0
1756702559,5861,0.0,0.0,0.0,0.0,0.0,0.0,0.0,0.0,0,0,0
1756702560,5862,0.0,0.0,0.05,0.0,0.0,0.0,0.0,0.0,0,0,0
1756702560,5863,0.02,0.0,-0.03,0.0,0.0,0.0,0.0,0.0,0,0,0
1756702560,5864,0.0,0.0,-0.09,0.0,0.0,0.0,0.0,0.0,0,0,0
1756702560,5865,-0.05,0.0,-0.02,0.0,0.0,0.0,0.0,0.0,0,0,0
1756702560,5866,0.0,0.0,0.0,0.0,0.0,0.0,0.0,0.0,0,0,0
1756702560,5867,-0.01,0.0,-0.02,0.0,0.0,0.0,0.0,0.0,0,0,0
1756702560,5868,-0.02,0.0,-0.07,0.0,0.0,0.0,0.0,0.0,0,0,0
1756702560,5869,0.0,0.0,0.0,0.0,0.0,0.0,0.0,0.0,0,0,0
1756702560,5870,0.0,0.0,0.02,0.0,0.0,0.0,0.0,0.0,0,0,0
1756702560,5871,-0.02,0.0,0.01,0.0,0.0,0.0,0.0,0.0,0,0,0
1756702560,5872,0.05,0.0,0.01,0.0,0.0,0.0,0.0,0.0,0,0,0
1756702560,5873,0.0,0.0,-0.1,0.0,0.0,0.0,0.0,0.0,0,0,0
1756702560,5874,0.03,0.0,-0.02,0.0,0.0,0.0,0.0,0.0,0,0,0
1756702560,5875,0.01,0.0,-0.02,0.0,0.0,0.0,0.0,0.0,0,0,0
1756702560,5876,0.02,0.0,-0.03,0.0,0.0,0.0,0.0,0.0,0,0,0
1756702560,5877,-0.11,0.0,-0.05,0.0,0.0,0.0,0.0,0.0,0,0,0
1756702560,5878,0.0,0.0,-0.02,0.0,0.0,0.0,0.0,0.0,0,0,0
1756702560,5879,0.0,0.0,-0.03,0.0,0.0,0.0,0.0,0.0,0,0,0
1756702560,5880,0.0,0.0,0.0,0.0,0.0,0.0,0.0,0.0,0,0,0
1756702560,5881,0.0,0.0,-0.02,0.0,0.0,0.0,0.0,0.0,0,0,0
1756702560,5882,0.0,0.0,-0.02,0.0,0.0,0.0,0.0,0.0,0,0,0
1756702560,5883,0.0,0.0,0.0,0.0,0.0,0.0,0.0,0.0,0,0,0
1756702560,5884,0.0,0.0,-0.05,0.0,0.0,0.0,0.0,0.0,0,0,0
1756702560,5885,0.01,0.0,-0.02,0.0,0.0,0.0,0.0,0.0,0,0,0
1756702560,5886,0.0,0.0,-0.03,0.0,0.0,0.0,0.0,0.0,0,0,0
1756702560,5887,0.02,0.0,-0.01,0.0,0.0,0.0,0.0,0.0,0,0,0
1756702560,5888,0.02,0.0,0.0,0.0,0.0,0.0,0.0,0.0,0,0,0
1756702560,5889,0.0,0.0,-0.01,0.0,0.0,0.0,0.0,0.0,0,0,0
1756702560,5890,0.0,0.0,0.01,0.0,0.0,0.0,0.0,0.0,0,0,0
1756702560,5891,0.0,0.0,0.0,0.0,0.0,0.0,0.0,0.0,0,0,0
1756702560,5892,0.0,0.0,-0.02,0.0,0.0,0.0,0.0,0.0,0,0,0
1756702560,5893,0.0,0.0,-0.03,0.0,0.0,0.0,0.0,0.0,0,0,0
1756702560,5894,0.01,0.0,0.0,0.0,0.0,0.0,0.0,0.0,0,0,0
1756702560,5895,0.0,0.0,0.0,0.0,0.0,0.0,0.0,0.0,0,0,0
1756702560,5896,0.01,0.0,0.0,0.0,0.0,0.0,0.0,0.0,0,0,0
1756702560,5897,0.0,0.0,-0.03,0.0,0.0,0.0,0.0,0.0,0,0,0
1756702560,5898,0.0,0.0,0.02,0.0,0.0,0.0,0.0,0.0,0,0,0
1756702560,5899,0.0,0.0,0.0,0.0,0.0,0.0,0.0,0.0,0,0,0
1756702560,5900,0.0,0.0,0.0,0.0,0.0,0.0,0.0,0.0,0,0,0
1756702560,5901,-0.01,0.0,0.0,0.0,0.0,0.0,0.0,0.0,0,0,0
1756702560,5902,0.03,0.0,-0.03,0.0,0.0,0.0,0.0,0.0,0,0,0
1756702560,5903,0.02,0.0,-0.07,0.0,0.0,0.0,0.0,0.0,0,0,0
1756702560,5904,0.0,0.0,0.0,0.0,0.0,0.0,0.0,0.0,0,0,0
1756702560,5905,0.0,0.0,-0.03,0.0,0.0,0.0,0.0,0.0,0,0,0
1756702560,5906,0.0,0.0,0.0,0.0,0.0,0.0,0.0,0.0,0,0,0
1756702560,5907,-0.01,0.0,-0.01,0.0,0.0,0.0,0.0,0.0,0,0,0
1756702560,5908,-0.01,0.0,-0.01,0.0,0.0,0.0,0.0,0.0,0,0,0
1756702560,5909,0.03,0.0,0.0,0.0,0.0,0.0,0.0,0.0,0,0,0
1756702560,5910,0.0,0.0,-0.02,0.0,0.0,0.0,0.0,0.0,0,0,0
1756702560,5911,0.0,0.0,-0.05,0.0,0.0,0.0,0.0,0.0,0,0,0
1756702560,5912,0.02,0.0,-0.01,0.0,0.0,0.0,0.0,0.0,0,0,0
1756702560,5913,0.0,0.0,-0.01,0.0,0.0,0.0,0.0,0.0,0,0,0
1756702560,5914,0.03,0.0,-0.05,0.0,0.0,0.0,0.0,0.0,0,0,0
1756702560,5915,0.0,0.0,0.0,0.0,0.0,0.0,0.0,0.0,0,0,0
1756702560,5916,0.0,0.0,-0.02,0.0,0.0,0.0,0.0,0.0,0,0,0
1756702560,5917,0.0,0.0,-0.03,0.0,0.0,0.0,0.0,0.0,0,0,0
1756702560,5918,-0.02,0.0,-0.01,0.0,0.0,0.0,0.0,0.0,0,0,0
1756702560,5919,0.03,0.0,-0.01,0.0,0.0,0.0,0.0,0.0,0,0,0
1756702560,5920,-0.07,0.0,0.0,0.0,0.0,0.0,0.0,0.0,0,0,0
1756702560,5921,0.0,0.0,-0.03,0.0,0.0,0.0,0.0,0.0,0,0,0
1756702560,5922,0.0,0.0,0.02,0.0,0.0,0.0,0.0,0.0,0,0,0
1756702560,5923,0.01,0.0,-0.03,0.0,0.0,0.0,0.0,0.0,0,0,0
1756702560,5924,0.0,0.0,0.0,0.0,0.0,0.0,0.0,0.0,0,0,0
1756702560,5925,0.0,0.0,-0.02,0.0,0.0,0.0,0.0,0.0,0,0,0
1756702560,5926,-0.01,0.0,0.0,0.0,0.0,0.0,0.0,0.0,0,0,0
1756702560,5927,0.02,0.0,-0.03,0.0,0.0,0.0,0.0,0.0,0,0,0
1756702561,5928,0.01,0.0,-0.02,0.0,0.0,0.0,0.0,0.0,0,0,0
1756702561,5929,0.02,0.0,0.05,0.0,0.0,0.0,0.0,0.0,0,0,0
1756702561,5930,0.01,0.0,0.0,0.0,0.0,0.0,0.0,0.0,0,0,0
1756702561,5931,0.05,0.0,-0.05,0.0,0.0,0.0,0.0,0.0,0,0,0
1756702561,5932,0.0,0.0,0.0,0.0,0.0,0.0,0.0,0.0,0,0,0
1756702561,5933,0.01,0.0,0.0,0.0,0.0,0.0,0.0,0.0,0,0,0
1756702561,5934,0.05,0.0,-0.03,0.0,0.0,0.0,0.0,0.0,0,0,0
1756702561,5935,0.0,0.0,-0.1,0.0,0.0,0.0,0.0,0.0,0,0,0
1756702561,5936,0.05,0.0,-0.02,0.0,0.0,0.0,0.0,0.0,0,0,0
1756702561,5937,-0.07,0.0,-0.03,0.0,0.0,0.0,0.0,0.0,0,0,0
1756702561,5938,-0.03,0.0,-0.02,0.0,0.0,0.0,0.0,0.0,0,0,0
1756702561,5939,0.0,0.0,-0.05,0.0,0.0,0.0,0.0,0.0,0,0,0
1756702561,5940,0.0,0.0,-0.03,0.0,0.0,0.0,0.0,0.0,0,0,0
1756702561,5941,-0.12,0.0,-0.01,0.0,0.0,0.0,0.0,0.0,0,0,0
1756702561,5942,0.03,0.0,-0.05,0.0,0.0,0.0,0.0,0.0,0,0,0
1756702561,5943,0.03,0.0,-0.01,0.0,0.0,0.0,0.0,0.0,0,0,0
1756702561,5944,0.05,0.0,-0.02,0.0,0.0,0.0,0.0,0.0,0,0,0
1756702561,5945,-0.02,0.0,-0.07,0.0,0.0,0.0,0.0,0.0,0,0,0
1756702561,5946,0.05,0.0,-0.01,0.0,0.0,0.0,0.0,0.0,0,0,0
1756702561,5947,-0.01,0.0,-0.03,0.0,0.0,0.0,0.0,0.0,0,0,0
1756702561,5948,0.0,0.0,-0.02,0.0,0.0,0.0,0.0,0.0,0,0,0
1756702561,5949,0.01,0.0,0.03,0.0,0.0,0.0,0.0,0.0,0,0,0
1756702561,5950,0.01,0.0,-0.05,0.0,0.0,0.0,0.0,0.0,0,0,0
1756702561,5951,0.02,0.0,-0.05,0.0,0.0,0.0,0.0,0.0,0,0,0
1756702561,5952,0.0,0.0,-0.01,0.0,0.0,0.0,0.0,0.0,0,0,0
1756702561,5953,0.0,0.0,-0.01,0.0,0.0,0.0,0.0,0.0,0,0,0
1756702561,5954,0.12,0.0,0.0,0.0,0.0,0.0,0.0,0.0,0,0,0
1756702561,5955,0.0,0.0,-0.01,0.0,0.0,0.0,0.0,0.0,0,0,0
1756702561,5956,0.0,0.0,0.07,0.0,0.0,0.0,0.0,0.0,0,0,0
1756702561,5957,0.0,0.0,-0.07,0.0,0.0,0.0,0.0,0.0,0,0,0
1756702561,5958,0.0,0.0,0.0,0.0,0.0,0.0,0.0,0.0,0,0,0
1756702561,5959,0.0,0.0,-0.02,0.0,0.0,0.0,0.0,0.0,0,0,0
1756702561,5960,0.02,0.0,0.0,0.0,0.0,0.0,0.0,0.0,0,0,0
1756702561,5961,0.03,0.0,-0.01,0.0,0.0,0.0,0.0,0.0,0,0,0
1756702561,5962,-0.01,0.0,-0.05,0.0,0.0,0.0,0.0,0.0,0,0,0
1756702561,5963,0.02,0.0,-0.02,0.0,0.0,0.0,0.0,0.0,0,0,0
1756702561,5964,0.03,0.0,-0.05,0.0,0.0,0.0,0.0,0.0,0,0,0
1756702561,5965,0.03,0.0,-0.01,0.0,0.0,0.0,0.0,0.0,0,0,0
1756702561,5966,0.0,0.0,-0.01,0.0,0.0,0.0,0.0,0.0,0,0,0
1756702561,5967,0.0,0.0,-0.03,0.0,0.0,0.0,0.0,0.0,0,0,0
1756702561,5968,0.02,0.0,-0.01,0.0,0.0,0.0,0.0,0.0,0,0,0
1756702561,5969,0.0,0.0,0.0,0.0,0.0,0.0,0.0,0.0,0,0,0
1756702561,5970,0.0,0.0,-0.05,0.0,0.0,0.0,0.0,0.0,0,0,0
1756702561,5971,0.02,0.0,0.0,0.0,0.0,0.0,0.0,0.0,0,0,0
1756702561,5972,0.0,0.0,-0.05,0.0,0.0,0.0,0.0,0.0,0,0,0
1756702561,5973,0.0,0.0,-0.02,0.0,0.0,0.0,0.0,0.0,0,0,0
1756702561,5974,-0.02,0.0,-0.03,0.0,0.0,0.0,0.0,0.0,0,0,0
1756702561,5975,-0.02,0.0,-0.01,0.0,0.0,0.0,0.0,0.0,0,0,0
1756702561,5976,0.0,0.0,0.03,0.0,0.0,0.0,0.0,0.0,0,0,0
1756702561,5977,-0.01,0.0,-0.03,0.0,0.0,0.0,0.0,0.0,0,0,0
1756702561,5978,0.0,0.0,-0.01,0.0,0.0,0.0,0.0,0.0,0,0,0
1756702561,5979,0.0,0.0,-0.07,0.0,0.0,0.0,0.0,0.0,0,0,0
1756702561,5980,0.0,0.0,0.0,0.0,0.0,0.0,0.0,0.0,0,0,0
1756702561,5981,0.0,0.0,0.0,0.0,0.0,0.0,0.0,0.0,0,0,0
1756702561,5982,-0.03,0.0,-0.03,0.0,0.0,0.0,0.0,0.0,0,0,0
1756702561,5983,0.0,0.0,-0.05,0.0,0.0,0.0,0.0,0.0,0,0,0
1756702561,5984,0.0,0.0,-0.01,0.0,0.0,0.0,0.0,0.0,0,0,0
1756702561,5985,0.0,0.0,0.0,0.0,0.0,0.0,0.0,0.0,0,0,0
1756702561,5986,0.0,0.0,0.0,0.0,0.0,0.0,0.0,0.0,0,0,0
1756702561,5987,0.0,0.0,-0.01,0.0,0.0,0.0,0.0,0.0,0,0,0
1756702561,5988,0.02,0.0,-0.05,0.0,0.0,0.0,0.0,0.0,0,0,0
1756702561,5989,0.0,0.0,-0.05,0.0,0.0,0.0,0.0,0.0,0,0,0
1756702561,5990,0.07,0.0,-0.03,0.0,0.0,0.0,0.0,0.0,0,0,0
1756702561,5991,0.0,0.0,0.0,0.0,0.0,0.0,0.0,0.0,0,0,0
1756702561,5992,-0.09,0.0,0.0,0.0,0.0,0.0,0.0,0.0,0,0,0
1756702562,5993,0.0,0.0,-0.03,0.0,0.0,0.0,0.0,0.0,0,0,0
1756702562,5994,0.01,0.0,-0.02,0.0,0.0,0.0,0.0,0.0,0,0,0
1756702562,5995,0.0,0.0,0.0,0.0,0.0,0.0,0.0,0.0,0,0,0
1756702562,5996,0.0,0.0,0.0,0.0,0.0,0.0,0.0,0.0,0,0,0
1756702562,5997,0.0,0.0,-0.01,0.0,0.0,0.0,0.0,0.0,0,0,0
1756702562,5998,0.0,0.0,0.0,0.0,0.0,0.0,0.0,0.0,0,0,0
1756702562,5999,0.0,0.0,-0.02,0.0,0.0,0.0,0.0,0.0,0,0,0
1756702562,6000,0.0,0.0,-0.05,0.0,0.0,0.0,0.0,0.0,0,0,0
1756702562,6001,0.07,0.0,0.0,0.0,0.0,0.0,0.0,0.0,0,0,0
1756702562,6002,0.0,0.0,-0.03,0.0,0.0,0.0,0.0,0.0,0,0,0
1756702562,6003,-0.01,0.0,-0.02,0.0,0.0,0.0,0.0,0.0,0,0,0
1756702562,6004,0.0,0.0,-0.05,0.0,0.0,0.0,0.0,0.0,0,0,0
1756702562,6005,0.02,0.0,0.0,0.0,0.0,0.0,0.0,0.0,0,0,0
1756702562,6006,-0.01,0.0,0.02,0.0,0.0,0.0,0.0,0.0,0,0,0
1756702562,6007,-0.02,0.0,0.0,0.0,0.0,0.0,0.0,0.0,0,0,0
1756702562,6008,0.0,0.0,0.01,0.0,0.0,0.0,0.0,0.0,0,0,0
1756702562,6009,0.0,0.0,-0.02,0.0,0.0,0.0,0.0,0.0,0,0,0
1756702562,6010,0.0,0.0,0.0,0.0,0.0,0.0,0.0,0.0,0,0,0
1756702562,6011,0.02,0.0,-0.02,0.0,0.0,0.0,0.0,0.0,0,0,0
1756702562,6012,-0.02,0.0,-0.03,0.0,0.0,0.0,0.0,0.0,0,0,0
1756702562,6013,0.0,0.0,-0.07,0.0,0.0,0.0,0.0,0.0,0,0,0
1756702562,6014,0.02,0.0,-0.03,0.0,0.0,0.0,0.0,0.0,0,0,0
1756702562,6015,0.0,0.0,0.07,0.0,0.0,0.0,0.0,0.0,0,0,0
1756702562,6016,0.01,0.0,0.05,0.0,0.0,0.0,0.0,0.0,0,0,0
1756702562,6017,0.0,0.0,-0.02,0.0,0.0,0.0,0.0,0.0,0,0,0
1756702562,6018,0.02,0.0,-0.02,0.0,0.0,0.0,0.0,0.0,0,0,0
1756702562,6019,0.0,0.0,-0.03,0.0,0.0,0.0,0.0,0.0,0,0,0
1756702562,6020,0.02,0.0,-0.05,0.0,0.0,0.0,0.0,0.0,0,0,0
1756702562,6021,-0.01,0.0,-0.01,0.0,0.0,0.0,0.0,0.0,0,0,0
1756702562,6022,-0.01,0.0,-0.01,0.0,0.0,0.0,0.0,0.0,0,0,0
1756702562,6023,0.0,0.0,-0.05,0.0,0.0,0.0,0.0,0.0,0,0,0
1756702562,6024,0.0,0.0,-0.05,0.0,0.0,0.0,0.0,0.0,0,0,0
1756702562,6025,-0.02,0.0,0.0,0.0,0.0,0.0,0.0,0.0,0,0,0
1756702562,6026,0.0,0.0,0.0,0.0,0.0,0.0,0.0,0.0,0,0,0
1756702562,6027,0.0,0.0,0.0,0.0,0.0,0.0,0.0,0.0,0,0,0
1756702562,6028,0.0,0.0,0.02,0.0,0.0,0.0,0.0,0.0,0,0,0
1756702562,6029,0.0,0.0,-0.01,0.0,0.0,0.0,0.0,0.0,0,0,0
1756702562,6030,0.05,0.0,-0.05,0.0,0.0,0.0,0.0,0.0,0,0,0
1756702562,6031,0.02,0.0,0.0,0.0,0.0,0.0,0.0,0.0,0,0,0
1756702562,6032,0.0,0.0,-0.01,0.0,0.0,0.0,0.0,0.0,0,0,0
1756702562,6033,0.0,0.0,-0.03,0.0,0.0,0.0,0.0,0.0,0,0,0
1756702562,6034,0.0,0.0,-0.03,0.0,0.0,0.0,0.0,0.0,0,0,0
1756702562,6035,0.02,0.0,-0.01,0.0,0.0,0.0,0.0,0.0,0,0,0
1756702562,6036,0.01,0.0,-0.02,0.0,0.0,0.0,0.0,0.0,0,0,0
1756702562,6037,-0.05,0.0,-0.05,0.0,0.0,0.0,0.0,0.0,0,0,0
1756702562,6038,-0.07,0.0,-0.15,0.0,0.0,0.0,0.0,0.0,0,0,0
1756702562,6039,-0.02,0.0,0.0,0.0,0.0,0.0,0.0,0.0,0,0,0
1756702562,6040,0.07,0.0,0.0,0.0,0.0,0.0,0.0,0.0,0,0,0
1756702562,6041,0.0,0.0,-0.03,0.0,0.0,0.0,0.0,0.0,0,0,0
1756702562,6042,0.05,0.0,-0.05,0.0,0.0,0.0,0.0,0.0,0,0,0
1756702562,6043,0.05,0.0,-0.07,0.0,0.0,0.0,0.0,0.0,0,0,0
1756702562,6044,0.0,0.0,0.0,0.0,0.0,0.0,0.0,0.0,0,0,0
1756702562,6045,0.0,0.0,0.0,0.0,0.0,0.0,0.0,0.0,0,0,0
1756702562,6046,-0.01,0.0,-0.12,0.0,0.0,0.0,0.0,0.0,0,0,0
1756702562,6047,-0.01,0.0,-0.09,0.0,0.0,0.0,0.0,0.0,0,0,0
1756702562,6048,0.05,0.0,-0.02,0.0,0.0,0.0,0.0,0.0,0,0,0
1756702562,6049,0.0,0.0,-0.02,0.0,0.0,0.0,0.0,0.0,0,0,0
1756702562,6050,0.0,0.0,-0.05,0.0,0.0,0.0,0.0,0.0,0,0,0
1756702562,6051,0.01,0.0,0.0,0.0,0.0,0.0,0.0,0.0,0,0,0
1756702562,6052,-0.02,0.0,0.0,0.0,0.0,0.0,0.0,0.0,0,0,0
1756702562,6053,0.0,0.0,-0.03,0.0,0.0,0.0,0.0,0.0,0,0,0
1756702562,6054,0.0,0.0,0.0,0.0,0.0,0.0,0.0,0.0,0,0,0
1756702562,6055,0.07,0.0,-0.02,0.0,0.0,0.0,0.0,0.0,0,0,0
1756702562,6056,0.03,0.0,0.0,0.0,0.0,0.0,0.0,0.0,0,0,0
1756702562,6057,0.05,0.0,0.0,0.0,0.0,0.0,0.0,0.0,0,0,0
1756702562,6058,0.0,0.0,0.0,0.0,0.0,0.0,0.0,0.0,0,0,0
1756702563,6059,-0.01,0.0,-0.01,0.0,0.0,0.0,0.0,0.0,0,0,0
1756702563,6060,0.0,0.0,0.0,0.0,0.0,0.0,0.0,0.0,0,0,0
1756702563,6061,0.0,0.0,-0.02,0.0,0.0,0.0,0.0,0.0,0,0,0
1756702563,6062,0.02,0.0,-0.02,0.0,0.0,0.0,0.0,0.0,0,0,0
1756702563,6063,-0.03,0.0,-0.02,0.0,0.0,0.0,0.0,0.0,0,0,0
1756702563,6064,0.01,0.0,-0.01,0.0,0.0,0.0,0.0,0.0,0,0,0
1756702563,6065,0.0,0.0,-0.02,0.0,0.0,0.0,0.0,0.0,0,0,0
1756702563,6066,0.03,0.0,-0.05,0.0,0.0,0.0,0.0,0.0,0,0,0
1756702563,6067,0.02,0.0,-0.03,0.0,0.0,0.0,0.0,0.0,0,0,0
1756702563,6068,0.0,0.0,-0.01,0.0,0.0,0.0,0.0,0.0,0,0,0
1756702563,6069,-0.03,0.0,-0.01,0.0,0.0,0.0,0.0,0.0,0,0,0
1756702563,6070,0.01,0.0,-0.03,0.0,0.0,0.0,0.0,0.0,0,0,0
1756702563,6071,-0.03,0.0,0.0,0.0,0.0,0.0,0.0,0.0,0,0,0
1756702563,6072,-0.02,0.0,-0.01,0.0,0.0,0.0,0.0,0.0,0,0,0
1756702563,6073,0.05,0.0,-0.01,0.0,0.0,0.0,0.0,0.0,0,0,0
1756702563,6074,0.02,0.0,0.0,0.0,0.0,0.0,0.0,0.0,0,0,0
1756702563,6075,-0.02,0.0,-0.02,0.0,0.0,0.0,0.0,0.0,0,0,0
1756702563,6076,-0.02,0.0,-0.03,0.0,0.0,0.0,0.0,0.0,0,0,0
1756702563,6077,0.0,0.0,-0.01,0.0,0.0,0.0,0.0,0.0,0,0,0
1756702563,6078,0.0,0.0,0.0,0.0,0.0,0.0,0.0,0.0,0,0,0
1756702563,6079,0.0,0.0,0.0,0.0,0.0,0.0,0.0,0.0,0,0,0
1756702563,6080,0.0,0.0,0.0,0.0,0.0,0.0,0.0,0.0,0,0,0
1756702563,6081,0.09,0.0,-0.01,0.0,0.0,0.0,0.0,0.0,0,0,0
1756702563,6082,0.07,0.0,0.0,0.0,0.0,0.0,0.0,0.0,0,0,0
1756702563,6083,0.03,0.0,-0.03,0.0,0.0,0.0,0.0,0.0,0,0,0
1756702563,6084,-0.05,0.0,-0.05,0.0,0.0,0.0,0.0,0.0,0,0,0
1756702563,6085,0.01,0.0,-0.05,0.0,0.0,0.0,0.0,0.0,0,0,0
1756702563,6086,0.0,0.0,-0.01,0.0,0.0,0.0,0.0,0.0,0,0,0
1756702563,6087,0.0,0.0,0.0,0.0,0.0,0.0,0.0,0.0,0,0,0
1756702563,6088,0.0,0.0,0.0,0.0,0.0,0.0,0.0,0.0,0,0,0
1756702563,6089,0.0,0.0,-0.02,0.0,0.0,0.0,0.0,0.0,0,0,0
1756702563,6090,0.0,0.0,-0.01,0.0,0.0,0.0,0.0,0.0,0,0,0
1756702563,6091,0.07,0.0,0.0,0.0,0.0,0.0,0.0,0.0,0,0,0
1756702563,6092,-0.07,0.0,0.0,0.0,0.0,0.0,0.0,0.0,0,0,0
1756702563,6093,-0.11,0.0,0.0,0.0,0.0,0.0,0.0,0.0,0,0,0
1756702563,6094,0.0,0.0,-0.01,0.0,0.0,0.0,0.0,0.0,0,0,0
1756702563,6095,0.0,0.0,-0.03,0.0,0.0,0.0,0.0,0.0,0,0,0
1756702563,6096,0.0,0.0,0.0,0.0,0.0,0.0,0.0,0.0,0,0,0
1756702563,6097,0.0,0.0,-0.01,0.0,0.0,0.0,0.0,0.0,0,0,0
1756702563,6098,0.02,0.0,-0.02,0.0,0.0,0.0,0.0,0.0,0,0,0
1756702563,6099,0.03,0.0,0.0,0.0,0.0,0.0,0.0,0.0,0,0,0
1756702563,6100,0.01,0.0,-0.01,0.0,0.0,0.0,0.0,0.0,0,0,0
1756702563,6101,0.05,0.0,-0.05,0.0,0.0,0.0,0.0,0.0,0,0,0
1756702563,6102,0.03,0.0,-0.02,0.0,0.0,0.0,0.0,0.0,0,0,0
1756702563,6103,0.01,0.0,0.0,0.0,0.0,0.0,0.0,0.0,0,0,0
1756702563,6104,0.0,0.0,-0.03,0.0,0.0,0.0,0.0,0.0,0,0,0
1756702563,6105,0.0,0.0,-0.05,0.0,0.0,0.0,0.0,0.0,0,0,0
1756702563,6106,0.0,0.0,-0.01,0.0,0.0,0.0,0.0,0.0,0,0,0
1756702563,6107,0.0,0.0,-0.01,0.0,0.0,0.0,0.0,0.0,0,0,0
1756702563,6108,0.0,0.0,0.05,0.0,0.0,0.0,0.0,0.0,0,0,0
1756702563,6109,0.01,0.0,-0.01,0.0,0.0,0.0,0.0,0.0,0,0,0
1756702563,6110,0.0,0.0,-0.01,0.0,0.0,0.0,0.0,0.0,0,0,0
1756702563,6111,0.0,0.0,-0.02,0.0,0.0,0.0,0.0,0.0,0,0,0
1756702563,6112,0.02,0.0,-0.03,0.0,0.0,0.0,0.0,0.0,0,0,0
1756702563,6113,0.05,0.0,-0.05,0.0,0.0,0.0,0.0,0.0,0,0,0
1756702563,6114,0.0,0.0,-0.02,0.0,0.0,0.0,0.0,0.0,0,0,0
1756702563,6115,-0.02,0.0,-0.01,0.0,0.0,0.0,0.0,0.0,0,0,0
1756702563,6116,0.12,0.0,-0.02,0.0,0.0,0.0,0.0,0.0,0,0,0
1756702563,6117,0.0,0.0,-0.03,0.0,0.0,0.0,0.0,0.0,0,0,0
1756702563,6118,-0.07,0.0,-0.03,0.0,0.0,0.0,0.0,0.0,0,0,0
1756702563,6119,-0.02,0.0,-0.02,0.0,0.0,0.0,0.0,0.0,0,0,0
1756702563,6120,0.0,0.0,0.0,0.0,0.0,0.0,0.0,0.0,0,0,0
1756702563,6121,0.0,0.0,-0.01,0.0,0.0,0.0,0.0,0.0,0,0,0
1756702564,6122,0.02,0.0,-0.01,0.0,0.0,0.0,0.0,0.0,0,0,0
1756702564,6123,0.0,0.0,-0.02,0.0,0.0,0.0,0.0,0.0,0,0,0
1756702564,6124,0.0,0.0,0.0,0.0,0.0,0.0,0.0,0.0,0,0,0
1756702564,6125,-0.01,0.0,-0.05,0.0,0.0,0.0,0.0,0.0,0,0,0
1756702564,6126,0.0,0.0,-0.02,0.0,0.0,0.0,0.0,0.0,0,0,0
1756702564,6127,0.0,0.0,0.0,0.0,0.0,0.0,0.0,0.0,0,0,0
1756702564,6128,0.01,0.0,0.0,0.0,0.0,0.0,0.0,0.0,0,0,0
1756702564,6129,0.0,0.0,0.0,0.0,0.0,0.0,0.0,0.0,0,0,0
1756702564,6130,0.0,0.0,0.0,0.0,0.0,0.0,0.0,0.0,0,0,0
1756702564,6131,-0.01,0.0,-0.01,0.0,0.0,0.0,0.0,0.0,0,0,0
1756702564,6132,-0.03,0.0,0.0,0.0,0.0,0.0,0.0,0.0,0,0,0
1756702564,6133,0.0,0.0,0.0,0.0,0.0,0.0,0.0,0.0,0,0,0
1756702564,6134,-0.01,0.0,-0.03,0.0,0.0,0.0,0.0,0.0,0,0,0
1756702564,6135,0.0,0.0,0.0,0.0,0.0,0.0,0.0,0.0,0,0,0
1756702564,6136,-0.01,0.0,-0.01,0.0,0.0,0.0,0.0,0.0,0,0,0
1756702564,6137,0.01,0.0,0.0,0.0,0.0,0.0,0.0,0.0,0,0,0
1756702564,6138,0.0,0.0,-0.07,0.0,0.0,0.0,0.0,0.0,0,0,0
1756702564,6139,0.0,0.0,-0.01,0.0,0.0,0.0,0.0,0.0,0,0,0
1756702564,6140,0.0,0.0,0.0,0.0,0.0,0.0,0.0,0.0,0,0,0
1756702564,6141,0.0,0.0,-0.01,0.0,0.0,0.0,0.0,0.0,0,0,0
1756702564,6142,0.0,0.0,0.0,0.0,0.0,0.0,0.0,0.0,0,0,0
1756702564,6143,-0.03,0.0,-0.01,0.0,0.0,0.0,0.0,0.0,0,0,0
1756702564,6144,0.02,0.0,-0.05,0.0,0.0,0.0,0.0,0.0,0,0,0
1756702564,6145,-0.03,0.0,-0.07,0.0,0.0,0.0,0.0,0.0,0,0,0
1756702564,6146,0.03,0.0,-0.02,0.0,0.0,0.0,0.0,0.0,0,0,0
1756702564,6147,0.0,0.0,-0.03,0.0,0.0,0.0,0.0,0.0,0,0,0
1756702564,6148,0.09,0.0,-0.01,0.0,0.0,0.0,0.0,0.0,0,0,0
1756702564,6149,0.0,0.0,-0.07,0.0,0.0,0.0,0.0,0.0,0,0,0
1756702564,6150,0.0,0.0,0.0,0.0,0.0,0.0,0.0,0.0,0,0,0
1756702564,6151,0.0,0.0,-0.03,0.0,0.0,0.0,0.0,0.0,0,0,0
1756702564,6152,-0.02,0.0,0.0,0.0,0.0,0.0,0.0,0.0,0,0,0
1756702564,6153,0.0,0.0,0.0,0.0,0.0,0.0,0.0,0.0,0,0,0
1756702564,6154,0.0,0.0,0.0,0.0,0.0,0.0,0.0,0.0,0,0,0
1756702564,6155,0.0,0.0,0.0,0.0,0.0,0.0,0.0,0.0,0,0,0
1756702564,6156,-0.03,0.0,-0.01,0.0,0.0,0.0,0.0,0.0,0,0,0
1756702564,6157,0.0,0.0,0.0,0.0,0.0,0.0,0.0,0.0,0,0,0
1756702564,6158,0.0,0.0,0.0,0.0,0.0,0.0,0.0,0.0,0,0,0
1756702564,6159,0.01,0.0,0.0,0.0,0.0,0.0,0.0,0.0,0,0,0
1756702564,6160,0.0,0.0,-0.01,0.0,0.0,0.0,0.0,0.0,0,0,0
1756702564,6161,0.0,0.0,-0.01,0.0,0.0,0.0,0.0,0.0,0,0,0
1756702564,6162,0.0,0.0,-0.01,0.0,0.0,0.0,0.0,0.0,0,0,0
1756702564,6163,0.02,0.0,-0.02,0.0,0.0,0.0,0.0,0.0,0,0,0
1756702564,6164,0.0,0.0,-0.05,0.0,0.0,0.0,0.0,0.0,0,0,0
1756702564,6165,-0.07,0.0,0.0,0.0,0.0,0.0,0.0,0.0,0,0,0
1756702564,6166,0.0,0.0,-0.01,0.0,0.0,0.0,0.0,0.0,0,0,0
1756702564,6167,0.0,0.0,-0.01,0.0,0.0,0.0,0.0,0.0,0,0,0
1756702564,6168,-0.05,0.0,-0.07,0.0,0.0,0.0,0.0,0.0,0,0,0
1756702564,6169,0.0,0.0,0.0,0.0,0.0,0.0,0.0,0.0,0,0,0
1756702564,6170,0.0,0.0,0.0,0.0,0.0,0.0,0.0,0.0,0,0,0
1756702564,6171,0.0,0.0,-0.05,0.0,0.0,0.0,0.0,0.0,0,0,0
1756702564,6172,0.0,0.0,0.0,0.0,0.0,0.0,0.0,0.0,0,0,0
1756702564,6173,0.03,0.0,-0.02,0.0,0.0,0.0,0.0,0.0,0,0,0
1756702564,6174,0.03,0.0,-0.01,0.0,0.0,0.0,0.0,0.0,0,0,0
1756702564,6175,0.0,0.0,-0.05,0.0,0.0,0.0,0.0,0.0,0,0,0
1756702564,6176,0.0,0.0,-0.02,0.0,0.0,0.0,0.0,0.0,0,0,0
1756702564,6177,-0.05,0.0,-0.05,0.0,0.0,0.0,0.0,0.0,0,0,0
1756702564,6178,0.0,0.0,0.0,0.0,0.0,0.0,0.0,0.0,0,0,0
1756702564,6179,0.03,0.0,0.0,0.0,0.0,0.0,0.0,0.0,0,0,0
1756702564,6180,0.01,0.0,0.0,0.0,0.0,0.0,0.0,0.0,0,0,0
1756702564,6181,-0.02,0.0,0.0,0.0,0.0,0.0,0.0,0.0,0,0,0
1756702564,6182,-0.02,0.0,-0.03,0.0,0.0,0.0,0.0,0.0,0,0,0
1756702564,6183,-0.07,0.0,-0.09,0.0,0.0,0.0,0.0,0.0,0,0,0
1756702564,6184,0.02,0.0,-0.07,0.0,0.0,0.0,0.0,0.0,0,0,0
1756702564,6185,0.07,0.0,-0.03,0.0,0.0,0.0,0.0,0.0,0,0,0
1756702564,6186,-0.02,0.0,0.0,0.0,0.0,0.0,0.0,0.0,0,0,0
1756702564,6187,-0.02,0.0,-0.02,0.0,0.0,0.0,0.0,0.0,0,0,0
1756702564,6188,-0.11,0.0,-0.02,0.0,0.0,0.0,0.0,0.0,0,0,0
1756702564,6189,0.01,0.0,-0.01,0.0,0.0,0.0,0.0,0.0,0,0,0
1756702565,6190,-0.05,0.0,0.0,0.0,0.0,0.0,0.0,0.0,0,0,0
1756702565,6191,0.0,0.0,-0.03,0.0,0.0,0.0,0.0,0.0,0,0,0
1756702565,6192,0.05,0.0,0.0,0.0,0.0,0.0,0.0,0.0,0,0,0
1756702565,6193,0.05,0.0,-0.05,0.0,0.0,0.0,0.0,0.0,0,0,0
1756702565,6194,0.01,0.0,0.0,0.0,0.0,0.0,0.0,0.0,0,0,0
1756702565,6195,0.0,0.0,-0.03,0.0,0.0,0.0,0.0,0.0,0,0,0
1756702565,6196,-0.01,0.0,-0.03,0.0,0.0,0.0,0.0,0.0,0,0,0
1756702565,6197,0.0,0.0,0.0,0.0,0.0,0.0,0.0,0.0,0,0,0
1756702565,6198,0.0,0.0,-0.01,0.0,0.0,0.0,0.0,0.0,0,0,0
1756702565,6199,0.05,0.0,-0.02,0.0,0.0,0.0,0.0,0.0,0,0,0
1756702565,6200,-0.03,0.0,-0.03,0.0,0.0,0.0,0.0,0.0,0,0,0
1756702565,6201,-0.05,0.0,-0.01,0.0,0.0,0.0,0.0,0.0,0,0,0
1756702565,6202,0.03,0.0,0.02,0.0,0.0,0.0,0.0,0.0,0,0,0
1756702565,6203,0.0,0.0,-0.01,0.0,0.0,0.0,0.0,0.0,0,0,0
1756702565,6204,0.01,0.0,0.0,0.0,0.0,0.0,0.0,0.0,0,0,0
1756702565,6205,0.03,0.0,-0.01,0.0,0.0,0.0,0.0,0.0,0,0,0
1756702565,6206,0.11,0.0,-0.09,0.0,0.0,0.0,0.0,0.0,0,0,0
1756702565,6207,0.07,0.0,0.0,0.0,0.0,0.0,0.0,0.0,0,0,0
1756702565,6208,0.0,0.0,-0.03,0.0,0.0,0.0,0.0,0.0,0,0,0
1756702565,6209,0.02,0.0,-0.05,0.0,0.0,0.0,0.0,0.0,0,0,0
1756702565,6210,-0.01,0.0,0.0,0.0,0.0,0.0,0.0,0.0,0,0,0
1756702565,6211,0.0,0.0,0.0,0.0,0.0,0.0,0.0,0.0,0,0,0
1756702565,6212,0.05,0.0,0.01,0.0,0.0,0.0,0.0,0.0,0,0,0
1756702565,6213,0.0,0.0,-0.01,0.0,0.0,0.0,0.0,0.0,0,0,0
1756702565,6214,0.0,0.0,-0.01,0.0,0.0,0.0,0.0,0.0,0,0,0
1756702565,6215,0.01,0.0,0.0,0.0,0.0,0.0,0.0,0.0,0,0,0
1756702565,6216,0.0,0.0,-0.03,0.0,0.0,0.0,0.0,0.0,0,0,0
1756702565,6217,0.0,0.0,0.0,0.0,0.0,0.0,0.0,0.0,0,0,0
1756702565,6218,0.0,0.0,0.0,0.0,0.0,0.0,0.0,0.0,0,0,0
1756702565,6219,0.0,0.0,-0.02,0.0,0.0,0.0,0.0,0.0,0,0,0
1756702565,6220,0.0,0.0,-0.02,0.0,0.0,0.0,0.0,0.0,0,0,0
1756702565,6221,0.0,0.0,-0.01,0.0,0.0,0.0,0.0,0.0,0,0,0
1756702565,6222,0.0,0.0,-0.03,0.0,0.0,0.0,0.0,0.0,0,0,0
1756702565,6223,0.0,0.0,0.0,0.0,0.0,0.0,0.0,0.0,0,0,0
1756702565,6224,0.03,0.0,-0.01,0.0,0.0,0.0,0.0,0.0,0,0,0
1756702565,6225,-0.02,0.0,0.05,0.0,0.0,0.0,0.0,0.0,0,0,0
1756702565,6226,0.0,0.0,-0.02,0.0,0.0,0.0,0.0,0.0,0,0,0
1756702565,6227,-0.02,0.0,-0.05,0.0,0.0,0.0,0.0,0.0,0,0,0
1756702565,6228,0.03,0.0,-0.01,0.0,0.0,0.0,0.0,0.0,0,0,0
1756702565,6229,0.0,0.0,0.0,0.0,0.0,0.0,0.0,0.0,0,0,0
1756702565,6230,-0.01,0.0,-0.05,0.0,0.0,0.0,0.0,0.0,0,0,0
1756702565,6231,0.03,0.0,0.0,0.0,0.0,0.0,0.0,0.0,0,0,0
1756702565,6232,0.0,0.0,-0.02,0.0,0.0,0.0,0.0,0.0,0,0,0
1756702565,6233,0.0,0.0,-0.02,0.0,0.0,0.0,0.0,0.0,0,0,0
1756702565,6234,0.03,0.0,-0.05,0.0,0.0,0.0,0.0,0.0,0,0,0
1756702565,6235,0.0,0.0,-0.07,0.0,0.0,0.0,0.0,0.0,0,0,0
1756702565,6236,0.02,0.0,-0.03,0.0,0.0,0.0,0.0,0.0,0,0,0
1756702565,6237,0.01,0.0,-0.01,0.0,0.0,0.0,0.0,0.0,0,0,0
1756702565,6238,-0.05,0.0,-0.07,0.0,0.0,0.0,0.0,0.0,0,0,0
1756702565,6239,-0.01,0.0,0.0,0.0,0.0,0.0,0.0,0.0,0,0,0
1756702565,6240,-0.02,0.0,-0.05,0.0,0.0,0.0,0.0,0.0,0,0,0
1756702565,6241,0.0,0.0,0.0,0.0,0.0,0.0,0.0,0.0,0,0,0
1756702565,6242,0.02,0.0,0.01,0.0,0.0,0.0,0.0,0.0,0,0,0
1756702565,6243,0.0,0.0,-0.02,0.0,0.0,0.0,0.0,0.0,0,0,0
1756702565,6244,0.02,0.0,-0.03,0.0,0.0,0.0,0.0,0.0,0,0,0
1756702565,6245,0.0,0.0,0.0,0.0,0.0,0.0,0.0,0.0,0,0,0
1756702565,6246,-0.02,0.0,-0.03,0.0,0.0,0.0,0.0,0.0,0,0,0
1756702565,6247,0.0,0.0,-0.05,0.0,0.0,0.0,0.0,0.0,0,0,0
1756702565,6248,0.03,0.0,-0.01,0.0,0.0,0.0,0.0,0.0,0,0,0
1756702565,6249,0.0,0.0,-0.05,0.0,0.0,0.0,0.0,0.0,0,0,0
1756702565,6250,-0.01,0.0,-0.05,0.0,0.0,0.0,0.0,0.0,0,0,0
1756702565,6251,0.01,0.0,-0.11,0.0,0.0,0.0,0.0,0.0,0,0,0
1756702565,6252,0.03,0.0,-0.05,0.0,0.0,0.0,0.0,0.0,0,0,0
1756702565,6253,0.11,0.0,-0.01,0.0,0.0,0.0,0.0,0.0,0,0,0
1756702565,6254,0.05,0.0,-0.02,0.0,0.0,0.0,0.0,0.0,0,0,0
1756702565,6255,-0.03,0.0,-0.05,0.0,0.0,0.0,0.0,0.0,0,0,0
1756702565,6256,0.0,0.0,-0.07,0.0,0.0,0.0,0.0,0.0,0,0,0
1756702566,6257,0.0,0.0,0.0,0.0,0.0,0.0,0.0,0.0,0,0,0
1756702566,6258,-0.02,0.0,-0.03,0.0,0.0,0.0,0.0,0.0,0,0,0
1756702566,6259,-0.02,0.0,-0.03,0.0,0.0,0.0,0.0,0.0,0,0,0
1756702566,6260,0.0,0.0,-0.02,0.0,0.0,0.0,0.0,0.0,0,0,0
1756702566,6261,0.0,0.0,0.05,0.0,0.0,0.0,0.0,0.0,0,0,0
1756702566,6262,-0.02,0.0,-0.02,0.0,0.0,0.0,0.0,0.0,0,0,0
1756702566,6263,0.0,0.0,-0.01,0.0,0.0,0.0,0.0,0.0,0,0,0
1756702566,6264,0.03,0.0,0.0,0.0,0.0,0.0,0.0,0.0,0,0,0
1756702566,6265,-0.03,0.0,-0.03,0.0,0.0,0.0,0.0,0.0,0,0,0
1756702566,6266,0.0,0.0,-0.01,0.0,0.0,0.0,0.0,0.0,0,0,0
1756702566,6267,0.02,0.0,-0.02,0.0,0.0,0.0,0.0,0.0,0,0,0
1756702566,6268,0.0,0.0,-0.07,0.0,0.0,0.0,0.0,0.0,0,0,0
1756702566,6269,0.02,0.0,-0.03,0.0,0.0,0.0,0.0,0.0,0,0,0
1756702566,6270,0.0,0.0,-0.01,0.0,0.0,0.0,0.0,0.0,0,0,0
1756702566,6271,0.0,0.0,-0.05,0.0,0.0,0.0,0.0,0.0,0,0,0
1756702566,6272,0.0,0.0,-0.03,0.0,0.0,0.0,0.0,0.0,0,0,0
1756702566,6273,-0.03,0.0,-0.03,0.0,0.0,0.0,0.0,0.0,0,0,0
1756702566,6274,-0.05,0.0,0.0,0.0,0.0,0.0,0.0,0.0,0,0,0
1756702566,6275,0.0,0.0,-0.09,0.0,0.0,0.0,0.0,0.0,0,0,0
1756702566,6276,0.01,0.0,-0.05,0.0,0.0,0.0,0.0,0.0,0,0,0
1756702566,6277,0.01,0.0,-0.02,0.0,0.0,0.0,0.0,0.0,0,0,0
1756702566,6278,0.01,0.0,-0.03,0.0,0.0,0.0,0.0,0.0,0,0,0
1756702566,6279,0.05,0.0,-0.03,0.0,0.0,0.0,0.0,0.0,0,0,0
1756702566,6280,0.0,0.0,-0.01,0.0,0.0,0.0,0.0,0.0,0,0,0
1756702566,6281,0.05,0.0,-0.05,0.0,0.0,0.0,0.0,0.0,0,0,0
1756702566,6282,0.01,0.0,-0.01,0.0,0.0,0.0,0.0,0.0,0,0,0
1756702566,6283,-0.05,0.0,-0.07,0.0,0.0,0.0,0.0,0.0,0,0,0
1756702566,6284,0.0,0.0,0.0,0.0,0.0,0.0,0.0,0.0,0,0,0
1756702566,6285,0.01,0.0,0.0,0.0,0.0,0.0,0.0,0.0,0,0,0
1756702566,6286,0.01,0.0,-0.01,0.0,0.0,0.0,0.0,0.0,0,0,0
1756702566,6287,0.0,0.0,-0.05,0.0,0.0,0.0,0.0,0.0,0,0,0
1756702566,6288,0.0,0.0,0.0,0.0,0.0,0.0,0.0,0.0,0,0,0
1756702566,6289,0.05,0.0,-0.01,0.0,0.0,0.0,0.0,0.0,0,0,0
1756702566,6290,0.02,0.0,-0.02,0.0,0.0,0.0,0.0,0.0,0,0,0
1756702566,6291,-0.01,0.0,0.0,0.0,0.0,0.0,0.0,0.0,0,0,0
1756702566,6292,0.0,0.0,-0.02,0.0,0.0,0.0,0.0,0.0,0,0,0
1756702566,6293,0.0,0.0,-0.02,0.0,0.0,0.0,0.0,0.0,0,0,0
1756702566,6294,-0.05,0.0,0.0,0.0,0.0,0.0,0.0,0.0,0,0,0
1756702566,6295,0.0,0.0,-0.07,0.0,0.0,0.0,0.0,0.0,0,0,0
1756702566,6296,0.05,0.0,0.0,0.0,0.0,0.0,0.0,0.0,0,0,0
1756702566,6297,0.01,0.0,-0.03,0.0,0.0,0.0,0.0,0.0,0,0,0
1756702566,6298,0.05,0.0,-0.03,0.0,0.0,0.0,0.0,0.0,0,0,0
1756702566,6299,0.0,0.0,-0.02,0.0,0.0,0.0,0.0,0.0,0,0,0
1756702566,6300,0.01,0.0,-0.01,0.0,0.0,0.0,0.0,0.0,0,0,0
1756702566,6301,0.05,0.0,-0.09,0.0,0.0,0.0,0.0,0.0,0,0,0
1756702566,6302,0.0,0.0,-0.02,0.0,0.0,0.0,0.0,0.0,0,0,0
1756702566,6303,-0.05,0.0,0.05,0.0,0.0,0.0,0.0,0.0,0,0,0
1756702566,6304,-0.02,0.0,-0.02,0.0,0.0,0.0,0.0,0.0,0,0,0
1756702566,6305,-0.02,0.0,-0.05,0.0,0.0,0.0,0.0,0.0,0,0,0
1756702566,6306,0.0,0.0,-0.15,0.0,0.0,0.0,0.0,0.0,0,0,0
1756702566,6307,-0.05,0.0,-0.02,0.0,0.0,0.0,0.0,0.0,0,0,0
1756702566,6308,0.03,0.0,-0.02,0.0,0.0,0.0,0.0,0.0,0,0,0
1756702566,6309,0.03,0.0,0.0,0.0,0.0,0.0,0.0,0.0,0,0,0
1756702566,6310,0.0,0.0,-0.03,0.0,0.0,0.0,0.0,0.0,0,0,0
1756702566,6311,0.01,0.0,-0.01,0.0,0.0,0.0,0.0,0.0,0,0,0
1756702566,6312,0.0,0.0,-0.01,0.0,0.0,0.0,0.0,0.0,0,0,0
1756702566,6313,0.02,0.0,-0.01,0.0,0.0,0.0,0.0,0.0,0,0,0
1756702566,6314,0.0,0.0,-0.01,0.0,0.0,0.0,0.0,0.0,0,0,0
1756702566,6315,0.0,0.0,-0.07,0.0,0.0,0.0,0.0,0.0,0,0,0
1756702566,6316,0.02,0.0,-0.05,0.0,0.0,0.0,0.0,0.0,0,0,0
1756702566,6317,0.02,0.0,0.0,0.0,0.0,0.0,0.0,0.0,0,0,0
1756702566,6318,0.0,0.0,0.0,0.0,0.0,0.0,0.0,0.0,0,0,0
1756702566,6319,0.02,0.0,0.0,0.0,0.0,0.0,0.0,0.0,0,0,0
1756702567,6320,-0.01,0.0,0.0,0.0,0.0,0.0,0.0,0.0,0,0,0
1756702567,6321,-0.03,0.0,-0.01,0.0,0.0,0.0,0.0,0.0,0,0,0
1756702567,6322,0.0,0.0,-0.05,0.0,0.0,0.0,0.0,0.0,0,0,0
1756702567,6323,0.01,0.0,0.0,0.0,0.0,0.0,0.0,0.0,0,0,0
1756702567,6324,0.02,0.0,0.0,0.0,0.0,0.0,0.0,0.0,0,0,0
1756702567,6325,-0.02,0.0,-0.01,0.0,0.0,0.0,0.0,0.0,0,0,0
1756702567,6326,-0.02,0.0,-0.02,0.0,0.0,0.0,0.0,0.0,0,0,0
1756702567,6327,0.0,0.0,0.0,0.0,0.0,0.0,0.0,0.0,0,0,0
1756702567,6328,0.05,0.0,-0.02,0.0,0.0,0.0,0.0,0.0,0,0,0
1756702567,6329,0.01,0.0,-0.01,0.0,0.0,0.0,0.0,0.0,0,0,0
1756702567,6330,0.05,0.0,0.07,0.0,0.0,0.0,0.0,0.0,0,0,0
1756702567,6331,-0.01,0.0,0.0,0.0,0.0,0.0,0.0,0.0,0,0,0
1756702567,6332,0.01,0.0,-0.09,0.0,0.0,0.0,0.0,0.0,0,0,0
1756702567,6333,0.05,0.0,-0.07,0.0,0.0,0.0,0.0,0.0,0,0,0
1756702567,6334,-0.03,0.0,-0.01,0.0,0.0,0.0,0.0,0.0,0,0,0
1756702567,6335,-0.03,0.0,0.0,0.0,0.0,0.0,0.0,0.0,0,0,0
1756702567,6336,0.0,0.0,-0.03,0.0,0.0,0.0,0.0,0.0,0,0,0
1756702567,6337,0.05,0.0,0.0,0.0,0.0,0.0,0.0,0.0,0,0,0
1756702567,6338,-0.01,0.0,0.1,0.0,0.0,0.0,0.0,0.0,0,0,0
1756702567,6339,0.01,0.0,-0.03,0.0,0.0,0.0,0.0,0.0,0,0,0
1756702567,6340,0.0,0.0,-0.05,0.0,0.0,0.0,0.0,0.0,0,0,0
1756702567,6341,-0.03,0.0,-0.03,0.0,0.0,0.0,0.0,0.0,0,0,0
1756702567,6342,0.0,0.0,-0.02,0.0,0.0,0.0,0.0,0.0,0,0,0
1756702567,6343,0.0,0.0,0.03,0.0,0.0,0.0,0.0,0.0,0,0,0
1756702567,6344,0.0,0.0,0.0,0.0,0.0,0.0,0.0,0.0,0,0,0
1756702567,6345,0.03,0.0,-0.03,0.0,0.0,0.0,0.0,0.0,0,0,0
1756702567,6346,0.02,0.0,0.0,0.0,0.0,0.0,0.0,0.0,0,0,0
1756702567,6347,0.0,0.0,-0.05,0.0,0.0,0.0,0.0,0.0,0,0,0
1756702567,6348,-0.05,0.0,-0.05,0.0,0.0,0.0,0.0,0.0,0,0,0
1756702567,6349,-0.01,0.0,-0.03,0.0,0.0,0.0,0.0,0.0,0,0,0
1756702567,6350,0.0,0.0,0.0,0.0,0.0,0.0,0.0,0.0,0,0,0
1756702567,6351,-0.05,0.0,-0.02,0.0,0.0,0.0,0.0,0.0,0,0,0
1756702567,6352,0.0,0.0,-0.02,0.0,0.0,0.0,0.0,0.0,0,0,0
1756702567,6353,0.0,0.0,0.0,0.0,0.0,0.0,0.0,0.0,0,0,0
1756702567,6354,-0.02,0.0,-0.07,0.0,0.0,0.0,0.0,0.0,0,0,0
1756702567,6355,0.0,0.0,-0.05,0.0,0.0,0.0,0.0,0.0,0,0,0
1756702567,6356,0.0,0.0,0.0,0.0,0.0,0.0,0.0,0.0,0,0,0
1756702567,6357,-0.03,0.0,-0.07,0.0,0.0,0.0,0.0,0.0,0,0,0
1756702567,6358,0.03,0.0,-0.03,0.0,0.0,0.0,0.0,0.0,0,0,0
1756702567,6359,0.05,0.0,0.0,0.0,0.0,0.0,0.0,0.0,0,0,0
1756702567,6360,0.0,0.0,-0.05,0.0,0.0,0.0,0.0,0.0,0,0,0
1756702567,6361,0.0,0.0,-0.05,0.0,0.0,0.0,0.0,0.0,0,0,0
1756702567,6362,0.0,0.0,-0.03,0.0,0.0,0.0,0.0,0.0,0,0,0
1756702567,6363,0.01,0.0,-0.05,0.0,0.0,0.0,0.0,0.0,0,0,0
1756702567,6364,0.05,0.0,-0.05,0.0,0.0,0.0,0.0,0.0,0,0,0
1756702567,6365,0.07,0.0,0.0,0.0,0.0,0.0,0.0,0.0,0,0,0
1756702567,6366,0.0,0.0,-0.05,0.0,0.0,0.0,0.0,0.0,0,0,0
1756702567,6367,0.0,0.0,-0.02,0.0,0.0,0.0,0.0,0.0,0,0,0
1756702567,6368,0.0,0.0,-0.02,0.0,0.0,0.0,0.0,0.0,0,0,0
1756702567,6369,0.0,0.0,-0.03,0.0,0.0,0.0,0.0,0.0,0,0,0
1756702567,6370,-0.03,0.0,0.0,0.0,0.0,0.0,0.0,0.0,0,0,0
1756702567,6371,0.0,0.0,-0.05,0.0,0.0,0.0,0.0,0.0,0,0,0
1756702567,6372,0.0,0.0,-0.01,0.0,0.0,0.0,0.0,0.0,0,0,0
1756702567,6373,0.0,0.0,-0.02,0.0,0.0,0.0,0.0,0.0,0,0,0
1756702567,6374,0.0,0.0,0.05,0.0,0.0,0.0,0.0,0.0,0,0,0
1756702567,6375,0.02,0.0,-0.01,0.0,0.0,0.0,0.0,0.0,0,0,0
1756702567,6376,0.0,0.0,0.0,0.0,0.0,0.0,0.0,0.0,0,0,0
1756702567,6377,0.05,0.0,-0.03,0.0,0.0,0.0,0.0,0.0,0,0,0
1756702567,6378,-0.07,0.0,0.05,0.0,0.0,0.0,0.0,0.0,0,0,0
1756702567,6379,0.01,0.0,-0.01,0.0,0.0,0.0,0.0,0.0,0,0,0
1756702567,6380,0.05,0.0,0.0,0.0,0.0,0.0,0.0,0.0,0,0,0
1756702567,6381,0.0,0.0,-0.03,0.0,0.0,0.0,0.0,0.0,0,0,0
1756702567,6382,0.01,0.0,-0.01,0.0,0.0,0.0,0.0,0.0,0,0,0
1756702567,6383,0.0,0.0,0.01,0.0,0.0,0.0,0.0,0.0,0,0,0
1756702567,6384,0.0,0.0,0.02,0.0,0.0,0.0,0.0,0.0,0,0,0
1756702567,6385,0.01,0.0,-0.03,0.0,0.0,0.0,0.0,0.0,0,0,0
1756702567,6386,0.07,0.0,0.0,0.0,0.0,0.0,0.0,0.0,0,0,0
1756702567,6387,-0.15,0.0,-0.01,0.0,0.0,0.0,0.0,0.0,0,0,0
1756702567,6388,0.0,0.0,-0.05,0.0,0.0,0.0,0.0,0.0,0,0,0
1756702568,6389,0.02,0.0,-0.02,0.0,0.0,0.0,0.0,0.0,0,0,0
1756702568,6390,0.0,0.0,-0.03,0.0,0.0,0.0,0.0,0.0,0,0,0
1756702568,6391,0.01,0.0,-0.07,0.0,0.0,0.0,0.0,0.0,0,0,0
1756702568,6392,0.03,0.0,-0.02,0.0,0.0,0.0,0.0,0.0,0,0,0
1756702568,6393,0.0,0.0,-0.03,0.0,0.0,0.0,0.0,0.0,0,0,0
1756702568,6394,0.0,0.0,0.0,0.0,0.0,0.0,0.0,0.0,0,0,0
1756702568,6395,0.0,0.0,0.0,0.0,0.0,0.0,0.0,0.0,0,0,0
1756702568,6396,0.05,0.0,0.0,0.0,0.0,0.0,0.0,0.0,0,0,0
1756702568,6397,-0.01,0.0,-0.01,0.0,0.0,0.0,0.0,0.0,0,0,0
1756702568,6398,0.0,0.0,-0.01,0.0,0.0,0.0,0.0,0.0,0,0,0
1756702568,6399,-0.07,0.0,0.0,0.0,0.0,0.0,0.0,0.0,0,0,0
1756702568,6400,0.07,0.0,-0.1,0.0,0.0,0.0,0.0,0.0,0,0,0
1756702568,6401,0.0,0.0,-0.01,0.0,0.0,0.0,0.0,0.0,0,0,0
1756702568,6402,0.0,0.0,-0.02,0.0,0.0,0.0,0.0,0.0,0,0,0
1756702568,6403,0.0,0.0,-0.02,0.0,0.0,0.0,0.0,0.0,0,0,0
1756702568,6404,0.0,0.0,0.0,0.0,0.0,0.0,0.0,0.0,0,0,0
1756702568,6405,0.0,0.0,-0.05,0.0,0.0,0.0,0.0,0.0,0,0,0
1756702568,6406,0.0,0.0,0.0,0.0,0.0,0.0,0.0,0.0,0,0,0
1756702568,6407,0.02,0.0,0.05,0.0,0.0,0.0,0.0,0.0,0,0,0
1756702568,6408,0.0,0.0,-0.03,0.0,0.0,0.0,0.0,0.0,0,0,0
1756702568,6409,0.01,0.0,-0.03,0.0,0.0,0.0,0.0,0.0,0,0,0
1756702568,6410,-0.02,0.0,-0.01,0.0,0.0,0.0,0.0,0.0,0,0,0
1756702568,6411,0.0,0.0,-0.02,0.0,0.0,0.0,0.0,0.0,0,0,0
1756702568,6412,0.01,0.0,-0.02,0.0,0.0,0.0,0.0,0.0,0,0,0
1756702568,6413,0.0,0.0,-0.05,0.0,0.0,0.0,0.0,0.0,0,0,0
1756702568,6414,0.0,0.0,0.0,0.0,0.0,0.0,0.0,0.0,0,0,0
1756702568,6415,0.0,0.0,-0.07,0.0,0.0,0.0,0.0,0.0,0,0,0
1756702568,6416,0.0,0.0,0.0,0.0,0.0,0.0,0.0,0.0,0,0,0
1756702568,6417,-0.01,0.0,0.0,0.0,0.0,0.0,0.0,0.0,0,0,0
