EpochTimestamp,TStep,Data 0,Data 1,Data 2,Data 3,Data 4,Data 5,Data 6,Data 7,Data 8,Data 9,Mark
1756097566,1,0.0,0.0,0.0,0.0,0.0,0.0,0.0,0.0,0,0,0
1756097566,2,0.02,0.0,-0.02,0.0,0.0,0.0,0.0,0.0,0,0,0
1756097566,3,-0.02,0.0,0.0,0.0,0.0,0.0,0.0,0.0,0,0,0
1756097566,4,0.02,0.0,-0.01,0.0,0.0,0.0,0.0,0.0,0,0,0
1756097566,5,0.0,0.0,-0.03,0.0,0.0,0.0,0.0,0.0,0,0,0
1756097566,6,0.0,0.0,0.0,0.0,0.0,0.0,0.0,0.0,0,0,0
1756097566,7,0.0,0.0,0.0,0.0,0.0,0.0,0.0,0.0,0,0,0
1756097566,8,0.0,0.0,0.01,0.0,0.0,0.0,0.0,0.0,0,0,0
1756097566,9,-0.05,0.0,-0.01,0.0,0.0,0.0,0.0,0.0,0,0,0
1756097566,10,0.0,0.0,0.0,0.0,0.0,0.0,0.0,0.0,0,0,0
1756097566,11,0.07,0.0,0.0,0.0,0.0,0.0,0.0,0.0,0,0,0
1756097566,12,0.0,0.0,0.0,0.0,0.0,0.0,0.0,0.0,0,0,0
1756097566,13,-0.07,0.0,-0.05,0.0,0.0,0.0,0.0,0.0,0,0,0
1756097566,14,0.01,0.0,0.0,0.0,0.0,0.0,0.0,0.0,0,0,0
1756097566,15,0.0,0.0,0.0,0.0,0.0,0.0,0.0,0.0,0,0,0
1756097566,16,0.03,0.0,-0.01,0.0,0.0,0.0,0.0,0.0,0,0,0
1756097566,17,-0.05,0.0,0.0,0.0,0.0,0.0,0.0,0.0,0,0,0
1756097566,18,0.0,0.0,0.0,0.0,0.0,0.0,0.0,0.0,0,0,0
1756097566,19,0.0,0.0,0.0,0.0,0.0,0.0,0.0,0.0,0,0,0
1756097566,20,-0.02,0.0,0.0,0.0,0.0,0.0,0.0,0.0,0,0,0
1756097566,21,0.0,0.0,0.01,0.0,0.0,0.0,0.0,0.0,0,0,0
1756097566,22,-0.02,0.0,0.0,0.0,0.0,0.0,0.0,0.0,0,0,0
1756097566,23,0.0,0.0,-0.02,0.0,0.0,0.0,0.0,0.0,0,0,0
1756097566,24,-0.02,0.0,-0.09,0.0,0.0,0.0,0.0,0.0,0,0,0
1756097566,25,0.02,0.0,0.01,0.0,0.0,0.0,0.0,0.0,0,0,0
1756097567,26,0.02,0.0,-0.01,0.0,0.0,0.0,0.0,0.0,0,0,0
1756097567,27,0.0,0.0,0.02,0.0,0.0,0.0,0.0,0.0,0,0,0
1756097567,28,0.05,0.0,0.1,0.0,0.0,0.0,0.0,0.0,0,0,0
1756097567,29,0.0,0.0,0.0,0.0,0.0,0.0,0.0,0.0,0,0,0
1756097567,30,0.02,0.0,0.0,0.0,0.0,0.0,0.0,0.0,0,0,0
1756097567,31,0.01,0.0,-0.03,0.0,0.0,0.0,0.0,0.0,0,0,0
1756097567,32,-0.01,0.0,0.01,0.0,0.0,0.0,0.0,0.0,0,0,0
1756097567,33,0.01,0.0,-0.01,0.0,0.0,0.0,0.0,0.0,0,0,0
1756097567,34,0.05,0.0,-0.02,0.0,0.0,0.0,0.0,0.0,0,0,0
1756097567,35,-0.02,0.0,-0.09,0.0,0.0,0.0,0.0,0.0,0,0,0
1756097567,36,0.05,0.0,0.02,0.0,0.0,0.0,0.0,0.0,0,0,0
1756097567,37,-0.02,0.0,0.0,0.0,0.0,0.0,0.0,0.0,0,0,0
1756097567,38,-0.01,0.0,0.0,0.0,0.0,0.0,0.0,0.0,0,0,0
1756097567,39,0.0,0.0,0.0,0.0,0.0,0.0,0.0,0.0,0,0,0
1756097567,40,-0.01,0.0,0.0,0.0,0.0,0.0,0.0,0.0,0,0,0
1756097567,41,-0.02,0.0,0.02,0.0,0.0,0.0,0.0,0.0,0,0,0
1756097567,42,-0.01,0.0,0.0,0.0,0.0,0.0,0.0,0.0,0,0,0
1756097567,43,-0.01,0.0,-0.1,0.0,0.0,0.0,0.0,0.0,0,0,0
1756097567,44,-0.01,0.0,-0.01,0.0,0.0,0.0,0.0,0.0,0,0,0
1756097567,45,0.05,0.0,0.03,0.0,0.0,0.0,0.0,0.0,0,0,0
1756097567,46,0.02,0.0,0.0,0.0,0.0,0.0,0.0,0.0,0,0,0
1756097567,47,0.01,0.0,0.0,0.0,0.0,0.0,0.0,0.0,0,0,0
1756097567,48,0.0,0.0,0.0,0.0,0.0,0.0,0.0,0.0,0,0,0
1756097567,49,-0.03,0.0,-0.02,0.0,0.0,0.0,0.0,0.0,0,0,0
1756097567,50,0.03,0.0,0.07,0.0,0.0,0.0,0.0,0.0,0,0,0
1756097567,51,-0.05,0.0,0.0,0.0,0.0,0.0,0.0,0.0,0,0,0
1756097567,52,-0.11,0.0,-0.01,0.0,0.0,0.0,0.0,0.0,0,0,0
1756097567,53,0.0,0.0,0.0,0.0,0.0,0.0,0.0,0.0,0,0,0
1756097567,54,0.01,0.0,0.02,0.0,0.0,0.0,0.0,0.0,0,0,0
1756097567,55,0.05,0.0,0.0,0.0,0.0,0.0,0.0,0.0,0,0,0
1756097567,56,0.0,0.0,0.0,0.0,0.0,0.0,0.0,0.0,0,0,0
1756097567,57,0.0,0.0,-0.02,0.0,0.0,0.0,0.0,0.0,0,0,0
1756097567,58,0.0,0.0,0.0,0.0,0.0,0.0,0.0,0.0,0,0,0
1756097567,59,0.03,0.0,0.0,0.0,0.0,0.0,0.0,0.0,0,0,0
1756097567,60,0.02,0.0,-0.05,0.0,0.0,0.0,0.0,0.0,0,0,0
1756097567,61,0.09,0.0,0.0,0.0,0.0,0.0,0.0,0.0,0,0,0
1756097567,62,0.01,0.0,0.01,0.0,0.0,0.0,0.0,0.0,0,0,0
1756097567,63,-0.09,0.0,0.0,0.0,0.0,0.0,0.0,0.0,0,0,0
1756097567,64,-0.03,0.0,0.05,0.0,0.0,0.0,0.0,0.0,0,0,0
1756097567,65,0.0,0.0,0.0,0.0,0.0,0.0,0.0,0.0,0,0,0
1756097567,66,0.0,0.0,0.01,0.0,0.0,0.0,0.0,0.0,0,0,0
1756097567,67,-0.05,0.0,0.0,0.0,0.0,0.0,0.0,0.0,0,0,0
1756097567,68,-0.02,0.0,0.05,0.0,0.0,0.0,0.0,0.0,0,0,0
1756097567,69,0.0,0.0,-0.01,0.0,0.0,0.0,0.0,0.0,0,0,0
1756097567,70,0.02,0.0,0.0,0.0,0.0,0.0,0.0,0.0,0,0,0
1756097567,71,0.01,0.0,0.0,0.0,0.0,0.0,0.0,0.0,0,0,0
1756097567,72,-0.01,0.0,0.0,0.0,0.0,0.0,0.0,0.0,0,0,0
1756097567,73,0.0,0.0,0.0,0.0,0.0,0.0,0.0,0.0,0,0,0
1756097567,74,0.02,0.0,0.0,0.0,0.0,0.0,0.0,0.0,0,0,0
1756097567,75,0.0,0.0,-0.1,0.0,0.0,0.0,0.0,0.0,0,0,0
1756097567,76,0.0,0.0,0.0,0.0,0.0,0.0,0.0,0.0,0,0,0
1756097567,77,0.0,0.0,0.01,0.0,0.0,0.0,0.0,0.0,0,0,0
1756097567,78,0.0,0.0,0.0,0.0,0.0,0.0,0.0,0.0,0,0,0
1756097567,79,0.02,0.0,-0.03,0.0,0.0,0.0,0.0,0.0,0,0,0
1756097567,80,-0.05,0.0,0.0,0.0,0.0,0.0,0.0,0.0,0,0,0
1756097567,81,0.02,0.0,0.02,0.0,0.0,0.0,0.0,0.0,0,0,0
1756097567,82,0.0,0.0,0.01,0.0,0.0,0.0,0.0,0.0,0,0,0
1756097567,83,-0.07,0.0,0.0,0.0,0.0,0.0,0.0,0.0,0,0,0
1756097567,84,0.1,0.0,0.0,0.0,0.0,0.0,0.0,0.0,0,0,0
1756097567,85,0.03,0.0,0.0,0.0,0.0,0.0,0.0,0.0,0,0,0
1756097567,86,0.03,0.0,0.01,0.0,0.0,0.0,0.0,0.0,0,0,0
1756097567,87,0.0,0.0,0.0,0.0,0.0,0.0,0.0,0.0,0,0,0
1756097567,88,0.0,0.0,0.02,0.0,0.0,0.0,0.0,0.0,0,0,0
1756097567,89,0.0,0.0,0.0,0.0,0.0,0.0,0.0,0.0,0,0,0
1756097567,90,0.02,0.0,0.0,0.0,0.0,0.0,0.0,0.0,0,0,0
1756097567,91,-0.02,0.0,0.07,0.0,0.0,0.0,0.0,0.0,0,0,0
1756097567,92,-0.03,0.0,-0.05,0.0,0.0,0.0,0.0,0.0,0,0,0
1756097567,93,1.23,0.0,0.07,0.0,0.0,0.0,0.0,0.0,0,0,0
1756097568,94,1.26,0.0,0.0,0.0,0.0,0.0,0.0,0.0,0,0,0
1756097568,95,0.23,0.0,0.0,0.0,0.0,0.0,0.0,0.0,0,0,0
1756097568,96,-0.23,0.0,0.0,0.0,0.0,0.0,0.0,0.0,0,0,0
1756097568,97,-0.05,0.0,0.0,0.0,0.0,0.0,0.0,0.0,0,0,0
1756097568,98,0.07,0.0,0.0,0.0,0.0,0.0,0.0,0.0,0,0,0
1756097568,99,-0.09,0.0,-0.09,0.0,0.0,0.0,0.0,0.0,0,0,0
1756097568,100,-0.09,0.0,0.0,0.0,0.0,0.0,0.0,0.0,0,0,0
1756097568,101,-0.09,0.0,0.0,0.0,0.0,0.0,0.0,0.0,0,0,0
1756097568,102,-0.02,0.0,-0.05,0.0,0.0,0.0,0.0,0.0,0,0,0
1756097568,103,-0.12,0.0,0.0,0.0,0.0,0.0,0.0,0.0,0,0,0
1756097568,104,-0.14,0.0,0.0,0.0,0.0,0.0,0.0,0.0,0,0,0
1756097568,105,0.01,0.0,0.05,0.0,0.0,0.0,0.0,0.0,0,0,0
1756097568,106,-0.01,0.0,0.0,0.0,0.0,0.0,0.0,0.0,0,0,0
1756097568,107,-0.01,0.0,0.0,0.0,0.0,0.0,0.0,0.0,0,0,0
1756097568,108,0.01,0.0,0.05,0.0,0.0,0.0,0.0,0.0,0,0,0
1756097568,109,0.0,0.0,0.0,0.0,0.0,0.0,0.0,0.0,0,0,0
1756097568,110,-0.01,0.0,0.05,0.0,0.0,0.0,0.0,0.0,0,0,0
1756097568,111,-0.01,0.0,0.02,0.0,0.0,0.0,0.0,0.0,0,0,0
1756097568,112,-0.03,0.0,0.01,0.0,0.0,0.0,0.0,0.0,0,0,0
1756097568,113,0.02,0.0,0.03,0.0,0.0,0.0,0.0,0.0,0,0,0
1756097568,114,0.0,0.0,0.12,0.0,0.0,0.0,0.0,0.0,0,0,0
1756097568,115,-0.05,0.0,0.0,0.0,0.0,0.0,0.0,0.0,0,0,0
1756097568,116,-0.02,0.0,-0.01,0.0,0.0,0.0,0.0,0.0,0,0,0
1756097568,117,0.0,0.0,-0.02,0.0,0.0,0.0,0.0,0.0,0,0,0
1756097568,118,0.03,0.0,0.02,0.0,0.0,0.0,0.0,0.0,0,0,0
1756097568,119,0.0,0.0,0.0,0.0,0.0,0.0,0.0,0.0,0,0,0
1756097568,120,0.0,0.0,0.01,0.0,0.0,0.0,0.0,0.0,0,0,0
1756097568,121,-0.07,0.0,0.0,0.0,0.0,0.0,0.0,0.0,0,0,0
1756097568,122,-0.02,0.0,0.0,0.0,0.0,0.0,0.0,0.0,0,0,0
1756097568,123,-0.03,0.0,0.0,0.0,0.0,0.0,0.0,0.0,0,0,0
1756097568,124,0.0,0.0,0.0,0.0,0.0,0.0,0.0,0.0,0,0,0
1756097568,125,-0.07,0.0,-0.02,0.0,0.0,0.0,0.0,0.0,0,0,0
1756097568,126,0.0,0.0,0.0,0.0,0.0,0.0,0.0,0.0,0,0,0
1756097568,127,-0.07,0.0,0.0,0.0,0.0,0.0,0.0,0.0,0,0,0
1756097568,128,-0.09,0.0,0.0,0.0,0.0,0.0,0.0,0.0,0,0,0
1756097568,129,-0.02,0.0,0.0,0.0,0.0,0.0,0.0,0.0,0,0,0
1756097568,130,0.09,0.0,-0.02,0.0,0.0,0.0,0.0,0.0,0,0,0
1756097568,131,-0.03,0.0,0.0,0.0,0.0,0.0,0.0,0.0,0,0,0
1756097568,132,0.0,0.0,-0.01,0.0,0.0,0.0,0.0,0.0,0,0,0
1756097568,133,0.02,0.0,-0.01,0.0,0.0,0.0,0.0,0.0,0,0,0
1756097568,134,0.02,0.0,-0.07,0.0,0.0,0.0,0.0,0.0,0,0,0
1756097568,135,0.0,0.0,0.0,0.0,0.0,0.0,0.0,0.0,0,0,0
1756097568,136,0.05,0.0,0.0,0.0,0.0,0.0,0.0,0.0,0,0,0
1756097568,137,0.0,0.0,-0.01,0.0,0.0,0.0,0.0,0.0,0,0,0
1756097568,138,0.07,0.0,-0.15,0.0,0.0,0.0,0.0,0.0,0,0,0
1756097568,139,-0.05,0.0,0.0,0.0,0.0,0.0,0.0,0.0,0,0,0
1756097568,140,-0.05,0.0,0.0,0.0,0.0,0.0,0.0,0.0,0,0,0
1756097568,141,0.0,0.0,-0.02,0.0,0.0,0.0,0.0,0.0,0,0,0
1756097568,142,0.0,0.0,-0.02,0.0,0.0,0.0,0.0,0.0,0,0,0
1756097568,143,-0.05,0.0,-0.01,0.0,0.0,0.0,0.0,0.0,0,0,0
1756097568,144,0.1,0.0,-0.01,0.0,0.0,0.0,0.0,0.0,0,0,0
1756097568,145,0.0,0.0,-0.05,0.0,0.0,0.0,0.0,0.0,0,0,0
1756097568,146,0.0,0.0,-0.18,0.0,0.0,0.0,0.0,0.0,0,0,0
1756097568,147,0.0,0.0,-0.21,0.0,0.0,0.0,0.0,0.0,0,0,0
1756097568,148,0.0,0.0,-0.2,0.0,0.0,0.0,0.0,0.0,0,0,0
1756097568,149,0.0,0.0,-0.15,0.0,0.0,0.0,0.0,0.0,0,0,0
1756097568,150,0.0,0.0,-0.17,0.0,0.0,0.0,0.0,0.0,0,0,0
1756097568,151,-0.02,0.0,-0.21,0.0,0.0,0.0,0.0,0.0,0,0,0
1756097568,152,0.0,0.0,-0.11,0.0,0.0,0.0,0.0,0.0,0,0,0
1756097568,153,0.0,0.0,-0.2,0.0,0.0,0.0,0.0,0.0,0,0,0
1756097568,154,-0.02,0.0,-0.25,0.0,0.0,0.0,0.0,0.0,0,0,0
1756097568,155,-0.09,0.0,-0.18,0.0,0.0,0.0,0.0,0.0,0,0,0
1756097568,156,0.05,0.0,-0.18,0.0,0.0,0.0,0.0,0.0,0,0,0
1756097568,157,0.0,0.0,-0.2,0.0,0.0,0.0,0.0,0.0,0,0,0
1756097568,158,0.03,0.0,-0.18,0.0,0.0,0.0,0.0,0.0,0,0,0
1756097568,159,0.05,0.0,-0.27,0.0,0.0,0.0,0.0,0.0,0,0,0
1756097569,160,0.02,0.0,-0.18,0.0,0.0,0.0,0.0,0.0,0,0,0
1756097569,161,-0.02,0.0,-0.12,0.0,0.0,0.0,0.0,0.0,0,0,0
1756097569,162,0.0,0.0,-0.18,0.0,0.0,0.0,0.0,0.0,0,0,0
1756097569,163,0.02,0.0,-0.17,0.0,0.0,0.0,0.0,0.0,0,0,0
1756097569,164,0.0,0.0,-0.23,0.0,0.0,0.0,0.0,0.0,0,0,0
1756097569,165,0.0,0.0,-0.2,0.0,0.0,0.0,0.0,0.0,0,0,0
1756097569,166,0.1,0.0,-0.2,0.0,0.0,0.0,0.0,0.0,0,0,0
1756097569,167,0.0,0.0,-0.17,0.0,0.0,0.0,0.0,0.0,0,0,0
1756097569,168,0.05,0.0,-0.15,0.0,0.0,0.0,0.0,0.0,0,0,0
1756097569,169,0.01,0.0,-0.25,0.0,0.0,0.0,0.0,0.0,0,0,0
1756097569,170,0.07,0.0,-0.2,0.0,0.0,0.0,0.0,0.0,0,0,0
1756097569,171,-0.02,0.0,-0.1,0.0,0.0,0.0,0.0,0.0,0,0,0
1756097569,172,0.0,0.0,-0.15,0.0,0.0,0.0,0.0,0.0,0,0,0
1756097569,173,-0.02,0.0,-0.23,0.0,0.0,0.0,0.0,0.0,0,0,0
1756097569,174,0.0,0.0,-0.1,0.0,0.0,0.0,0.0,0.0,0,0,0
1756097569,175,0.02,0.0,-0.01,0.0,0.0,0.0,0.0,0.0,0,0,0
1756097569,176,0.02,0.0,0.0,0.0,0.0,0.0,0.0,0.0,0,0,0
1756097569,177,0.0,0.0,-0.01,0.0,0.0,0.0,0.0,0.0,0,0,0
1756097569,178,0.0,0.0,0.03,0.0,0.0,0.0,0.0,0.0,0,0,0
1756097569,179,0.01,0.0,-0.01,0.0,0.0,0.0,0.0,0.0,0,0,0
1756097569,180,-0.02,0.0,0.0,0.0,0.0,0.0,0.0,0.0,0,0,0
1756097569,181,0.01,0.0,0.0,0.0,0.0,0.0,0.0,0.0,0,0,0
1756097569,182,0.01,0.0,-0.07,0.0,0.0,0.0,0.0,0.0,0,0,0
1756097569,183,0.0,0.0,-0.01,0.0,0.0,0.0,0.0,0.0,0,0,0
1756097569,184,0.03,0.0,-0.09,0.0,0.0,0.0,0.0,0.0,0,0,0
1756097569,185,0.0,0.0,-0.09,0.0,0.0,0.0,0.0,0.0,0,0,0
1756097569,186,0.03,0.0,0.0,0.0,0.0,0.0,0.0,0.0,0,0,0
1756097569,187,0.05,0.0,-0.03,0.0,0.0,0.0,0.0,0.0,0,0,0
1756097569,188,0.0,0.0,-0.01,0.0,0.0,0.0,0.0,0.0,0,0,0
1756097569,189,0.0,0.0,0.02,0.0,0.0,0.0,0.0,0.0,0,0,0
1756097569,190,0.0,0.0,0.02,0.0,0.0,0.0,0.0,0.0,0,0,0
1756097569,191,0.0,0.0,0.07,0.0,0.0,0.0,0.0,0.0,0,0,0
1756097569,192,0.0,0.0,0.11,0.0,0.0,0.0,0.0,0.0,0,0,0
1756097569,193,0.05,0.0,0.09,0.0,0.0,0.0,0.0,0.0,0,0,0
1756097569,194,0.03,0.0,0.14,0.0,0.0,0.0,0.0,0.0,0,0,0
1756097569,195,-0.07,0.0,0.1,0.0,0.0,0.0,0.0,0.0,0,0,0
1756097569,196,-0.01,0.0,0.23,0.0,0.0,0.0,0.0,0.0,0,0,0
1756097569,197,-0.03,0.0,0.2,0.0,0.0,0.0,0.0,0.0,0,0,0
1756097569,198,0.02,0.0,0.23,0.0,0.0,0.0,0.0,0.0,0,0,0
1756097569,199,0.02,0.0,0.28,0.0,0.0,0.0,0.0,0.0,0,0,0
1756097569,200,0.0,0.0,0.25,0.0,0.0,0.0,0.0,0.0,0,0,0
1756097569,201,0.01,0.0,0.28,0.0,0.0,0.0,0.0,0.0,0,0,0
1756097569,202,-0.05,0.0,0.33,0.0,0.0,0.0,0.0,0.0,0,0,0
1756097569,203,0.02,0.0,0.18,0.0,0.0,0.0,0.0,0.0,0,0,0
1756097569,204,0.05,0.0,0.3,0.0,0.0,0.0,0.0,0.0,0,0,0
1756097569,205,0.05,0.0,0.27,0.0,0.0,0.0,0.0,0.0,0,0,0
1756097569,206,0.09,0.0,0.2,0.0,0.0,0.0,0.0,0.0,0,0,0
1756097569,207,0.0,0.0,0.2,0.0,0.0,0.0,0.0,0.0,0,0,0
1756097569,208,-0.03,0.0,0.07,0.0,0.0,0.0,0.0,0.0,0,0,0
1756097569,209,-0.07,0.0,0.2,0.0,0.0,0.0,0.0,0.0,0,0,0
1756097569,210,0.0,0.0,0.2,0.0,0.0,0.0,0.0,0.0,0,0,0
1756097569,211,-0.03,0.0,0.18,0.0,0.0,0.0,0.0,0.0,0,0,0
1756097569,212,-0.01,0.0,0.2,0.0,0.0,0.0,0.0,0.0,0,0,0
1756097569,213,0.05,0.0,0.31,0.0,0.0,0.0,0.0,0.0,0,0,0
1756097569,214,0.0,0.0,0.21,0.0,0.0,0.0,0.0,0.0,0,0,0
1756097569,215,0.03,0.0,0.23,0.0,0.0,0.0,0.0,0.0,0,0,0
1756097569,216,0.01,0.0,0.1,0.0,0.0,0.0,0.0,0.0,0,0,0
1756097569,217,0.0,0.0,0.17,0.0,0.0,0.0,0.0,0.0,0,0,0
1756097569,218,0.0,0.0,0.15,0.0,0.0,0.0,0.0,0.0,0,0,0
1756097569,219,0.02,0.0,0.17,0.0,0.0,0.0,0.0,0.0,0,0,0
1756097569,220,0.0,0.0,0.03,0.0,0.0,0.0,0.0,0.0,0,0,0
1756097569,221,0.05,0.0,0.02,0.0,0.0,0.0,0.0,0.0,0,0,0
1756097569,222,0.05,0.0,0.1,0.0,0.0,0.0,0.0,0.0,0,0,0
1756097569,223,-0.02,0.0,0.2,0.0,0.0,0.0,0.0,0.0,0,0,0
1756097570,224,0.0,0.0,0.1,0.0,0.0,0.0,0.0,0.0,0,0,0
1756097570,225,0.0,0.0,0.12,0.0,0.0,0.0,0.0,0.0,0,0,0
1756097570,226,0.0,0.0,0.03,0.0,0.0,0.0,0.0,0.0,0,0,0
1756097570,227,0.03,0.0,0.07,0.0,0.0,0.0,0.0,0.0,0,0,0
1756097570,228,0.0,0.0,0.12,0.0,0.0,0.0,0.0,0.0,0,0,0
1756097570,229,0.07,0.0,0.07,0.0,0.0,0.0,0.0,0.0,0,0,0
1756097570,230,0.0,0.0,0.12,0.0,0.0,0.0,0.0,0.0,0,0,0
1756097570,231,0.01,0.0,0.1,0.0,0.0,0.0,0.0,0.0,0,0,0
1756097570,232,0.0,0.0,0.05,0.0,0.0,0.0,0.0,0.0,0,0,0
1756097570,233,0.02,0.0,0.07,0.0,0.0,0.0,0.0,0.0,0,0,0
1756097570,234,-0.02,0.0,0.09,0.0,0.0,0.0,0.0,0.0,0,0,0
1756097570,235,0.03,0.0,0.12,0.0,0.0,0.0,0.0,0.0,0,0,0
1756097570,236,0.0,0.0,0.14,0.0,0.0,0.0,0.0,0.0,0,0,0
1756097570,237,-0.01,0.0,0.15,0.0,0.0,0.0,0.0,0.0,0,0,0
1756097570,238,0.01,0.0,0.17,0.0,0.0,0.0,0.0,0.0,0,0,0
1756097570,239,0.0,0.0,0.17,0.0,0.0,0.0,0.0,0.0,0,0,0
1756097570,240,0.0,0.0,0.14,0.0,0.0,0.0,0.0,0.0,0,0,0
1756097570,241,-0.02,0.0,0.17,0.0,0.0,0.0,0.0,0.0,0,0,0
1756097570,242,0.0,0.0,0.09,0.0,0.0,0.0,0.0,0.0,0,0,0
1756097570,243,0.0,0.0,0.05,0.0,0.0,0.0,0.0,0.0,0,0,0
1756097570,244,0.0,0.0,0.05,0.0,0.0,0.0,0.0,0.0,0,0,0
1756097570,245,0.02,0.0,-0.05,0.0,0.0,0.0,0.0,0.0,0,0,0
1756097570,246,-0.01,0.0,-0.07,0.0,0.0,0.0,0.0,0.0,0,0,0
1756097570,247,-0.05,0.0,-0.05,0.0,0.0,0.0,0.0,0.0,0,0,0
1756097570,248,0.01,0.0,-0.12,0.0,0.0,0.0,0.0,0.0,0,0,0
1756097570,249,0.0,0.0,-0.15,0.0,0.0,0.0,0.0,0.0,0,0,0
1756097570,250,0.01,0.0,-0.15,0.0,0.0,0.0,0.0,0.0,0,0,0
1756097570,251,0.05,0.0,-0.18,0.0,0.0,0.0,0.0,0.0,0,0,0
1756097570,252,0.0,0.0,-0.17,0.0,0.0,0.0,0.0,0.0,0,0,0
1756097570,253,0.05,0.0,-0.21,0.0,0.0,0.0,0.0,0.0,0,0,0
1756097570,254,-0.03,0.0,-0.2,0.0,0.0,0.0,0.0,0.0,0,0,0
1756097570,255,0.0,0.0,-0.25,0.0,0.0,0.0,0.0,0.0,0,0,0
1756097570,256,-0.05,0.0,-0.21,0.0,0.0,0.0,0.0,0.0,0,0,0
1756097570,257,0.0,0.0,-0.28,0.0,0.0,0.0,0.0,0.0,0,0,0
1756097570,258,0.0,0.0,-0.25,0.0,0.0,0.0,0.0,0.0,0,0,0
1756097570,259,0.05,0.0,-0.23,0.0,0.0,0.0,0.0,0.0,0,0,0
1756097570,260,0.0,0.0,-0.21,0.0,0.0,0.0,0.0,0.0,0,0,0
1756097570,261,0.07,0.0,-0.1,0.0,0.0,0.0,0.0,0.0,0,0,0
1756097570,262,0.0,0.0,-0.12,0.0,0.0,0.0,0.0,0.0,0,0,0
1756097570,263,0.0,0.0,-0.09,0.0,0.0,0.0,0.0,0.0,0,0,0
1756097570,264,0.01,0.0,-0.1,0.0,0.0,0.0,0.0,0.0,0,0,0
1756097570,265,0.01,0.0,-0.07,0.0,0.0,0.0,0.0,0.0,0,0,0
1756097570,266,0.0,0.0,-0.1,0.0,0.0,0.0,0.0,0.0,0,0,0
1756097570,267,0.01,0.0,-0.09,0.0,0.0,0.0,0.0,0.0,0,0,0
1756097570,268,0.0,0.0,-0.1,0.0,0.0,0.0,0.0,0.0,0,0,0
1756097570,269,0.07,0.0,-0.2,0.0,0.0,0.0,0.0,0.0,0,0,0
1756097570,270,0.0,0.0,-0.15,0.0,0.0,0.0,0.0,0.0,0,0,0
1756097570,271,-0.01,0.0,-0.12,0.0,0.0,0.0,0.0,0.0,0,0,0
1756097570,272,0.0,0.0,-0.18,0.0,0.0,0.0,0.0,0.0,0,0,0
1756097570,273,0.02,0.0,-0.23,0.0,0.0,0.0,0.0,0.0,0,0,0
1756097570,274,0.01,0.0,-0.18,0.0,0.0,0.0,0.0,0.0,0,0,0
1756097570,275,0.02,0.0,-0.18,0.0,0.0,0.0,0.0,0.0,0,0,0
1756097570,276,0.0,0.0,-0.25,0.0,0.0,0.0,0.0,0.0,0,0,0
1756097570,277,0.01,0.0,-0.17,0.0,0.0,0.0,0.0,0.0,0,0,0
1756097570,278,0.01,0.0,-0.12,0.0,0.0,0.0,0.0,0.0,0,0,0
1756097570,279,0.0,0.0,-0.2,0.0,0.0,0.0,0.0,0.0,0,0,0
1756097570,280,0.0,0.0,-0.2,0.0,0.0,0.0,0.0,0.0,0,0,0
1756097570,281,0.0,0.0,-0.2,0.0,0.0,0.0,0.0,0.0,0,0,0
1756097570,282,0.03,0.0,-0.2,0.0,0.0,0.0,0.0,0.0,0,0,0
1756097570,283,0.05,0.0,-0.2,0.0,0.0,0.0,0.0,0.0,0,0,0
1756097570,284,0.01,0.0,-0.17,0.0,0.0,0.0,0.0,0.0,0,0,0
1756097570,285,0.05,0.0,-0.09,0.0,0.0,0.0,0.0,0.0,0,0,0
1756097570,286,0.02,0.0,-0.17,0.0,0.0,0.0,0.0,0.0,0,0,0
1756097570,287,-0.05,0.0,-0.12,0.0,0.0,0.0,0.0,0.0,0,0,0
1756097570,288,0.0,0.0,-0.11,0.0,0.0,0.0,0.0,0.0,0,0,0
1756097570,289,0.03,0.0,-0.14,0.0,0.0,0.0,0.0,0.0,0,0,0
1756097571,290,0.0,0.0,-0.15,0.0,0.0,0.0,0.0,0.0,0,0,0
1756097571,291,-0.01,0.0,-0.2,0.0,0.0,0.0,0.0,0.0,0,0,0
1756097571,292,0.0,0.0,-0.2,0.0,0.0,0.0,0.0,0.0,0,0,0
1756097571,293,0.0,0.0,-0.15,0.0,0.0,0.0,0.0,0.0,0,0,0
1756097571,294,0.01,0.0,-0.15,0.0,0.0,0.0,0.0,0.0,0,0,0
1756097571,295,0.0,0.0,-0.09,0.0,0.0,0.0,0.0,0.0,0,0,0
1756097571,296,-0.01,0.0,-0.11,0.0,0.0,0.0,0.0,0.0,0,0,0
1756097571,297,0.03,0.0,-0.09,0.0,0.0,0.0,0.0,0.0,0,0,0
1756097571,298,0.0,0.0,-0.05,0.0,0.0,0.0,0.0,0.0,0,0,0
1756097571,299,-0.03,0.0,-0.07,0.0,0.0,0.0,0.0,0.0,0,0,0
1756097571,300,0.01,0.0,-0.1,0.0,0.0,0.0,0.0,0.0,0,0,0
1756097571,301,-0.01,0.0,-0.05,0.0,0.0,0.0,0.0,0.0,0,0,0
1756097571,302,-0.02,0.0,-0.07,0.0,0.0,0.0,0.0,0.0,0,0,0
1756097571,303,0.05,0.0,-0.07,0.0,0.0,0.0,0.0,0.0,0,0,0
1756097571,304,0.0,0.0,-0.1,0.0,0.0,0.0,0.0,0.0,0,0,0
1756097571,305,0.0,0.0,-0.07,0.0,0.0,0.0,0.0,0.0,0,0,0
1756097571,306,0.02,0.0,-0.15,0.0,0.0,0.0,0.0,0.0,0,0,0
1756097571,307,0.05,0.0,-0.05,0.0,0.0,0.0,0.0,0.0,0,0,0
1756097571,308,-0.01,0.0,-0.05,0.0,0.0,0.0,0.0,0.0,0,0,0
1756097571,309,0.0,0.0,-0.05,0.0,0.0,0.0,0.0,0.0,0,0,0
1756097571,310,0.0,0.0,0.0,0.0,0.0,0.0,0.0,0.0,0,0,0
1756097571,311,0.07,0.0,0.0,0.0,0.0,0.0,0.0,0.0,0,0,0
1756097571,312,0.0,0.0,0.0,0.0,0.0,0.0,0.0,0.0,0,0,0
1756097571,313,0.0,0.0,0.0,0.0,0.0,0.0,0.0,0.0,0,0,0
1756097571,314,0.0,0.0,0.0,0.0,0.0,0.0,0.0,0.0,0,0,0
1756097571,315,0.0,0.0,0.0,0.0,0.0,0.0,0.0,0.0,0,0,0
1756097571,316,0.03,0.0,0.0,0.0,0.0,0.0,0.0,0.0,0,0,0
1756097571,317,0.0,0.0,0.0,0.0,0.0,0.0,0.0,0.0,0,0,0
1756097571,318,-0.02,0.0,0.03,0.0,0.0,0.0,0.0,0.0,0,0,0
1756097571,319,0.0,0.0,0.07,0.0,0.0,0.0,0.0,0.0,0,0,0
1756097571,320,0.0,0.0,0.0,0.0,0.0,0.0,0.0,0.0,0,0,0
1756097571,321,0.0,0.0,0.1,0.0,0.0,0.0,0.0,0.0,0,0,0
1756097571,322,0.0,0.0,0.17,0.0,0.0,0.0,0.0,0.0,0,0,0
1756097571,323,0.01,0.0,0.1,0.0,0.0,0.0,0.0,0.0,0,0,0
1756097571,324,0.03,0.0,0.11,0.0,0.0,0.0,0.0,0.0,0,0,0
1756097571,325,0.05,0.0,0.15,0.0,0.0,0.0,0.0,0.0,0,0,0
1756097571,326,0.07,0.0,0.11,0.0,0.0,0.0,0.0,0.0,0,0,0
1756097571,327,0.01,0.0,0.12,0.0,0.0,0.0,0.0,0.0,0,0,0
1756097571,328,-0.09,0.0,0.12,0.0,0.0,0.0,0.0,0.0,0,0,0
1756097571,329,0.0,0.0,0.12,0.0,0.0,0.0,0.0,0.0,0,0,0
1756097571,330,-0.05,0.0,0.14,0.0,0.0,0.0,0.0,0.0,0,0,0
1756097571,331,0.07,0.0,0.23,0.0,0.0,0.0,0.0,0.0,0,0,0
1756097571,332,0.0,0.0,0.18,0.0,0.0,0.0,0.0,0.0,0,0,0
1756097571,333,0.0,0.0,0.11,0.0,0.0,0.0,0.0,0.0,0,0,0
1756097571,334,0.0,0.0,0.1,0.0,0.0,0.0,0.0,0.0,0,0,0
1756097571,335,0.0,0.0,0.1,0.0,0.0,0.0,0.0,0.0,0,0,0
1756097571,336,0.0,0.0,0.09,0.0,0.0,0.0,0.0,0.0,0,0,0
1756097571,337,0.0,0.0,0.1,0.0,0.0,0.0,0.0,0.0,0,0,0
1756097571,338,0.02,0.0,0.11,0.0,0.0,0.0,0.0,0.0,0,0,0
1756097571,339,0.0,0.0,0.09,0.0,0.0,0.0,0.0,0.0,0,0,0
1756097571,340,0.0,0.0,0.15,0.0,0.0,0.0,0.0,0.0,0,0,0
1756097571,341,0.1,0.0,0.1,0.0,0.0,0.0,0.0,0.0,0,0,0
1756097571,342,-0.05,0.0,0.12,0.0,0.0,0.0,0.0,0.0,0,0,0
1756097571,343,0.0,0.0,0.1,0.0,0.0,0.0,0.0,0.0,0,0,0
1756097571,344,-0.05,0.0,0.1,0.0,0.0,0.0,0.0,0.0,0,0,0
1756097571,345,0.03,0.0,0.1,0.0,0.0,0.0,0.0,0.0,0,0,0
1756097571,346,0.0,0.0,0.11,0.0,0.0,0.0,0.0,0.0,0,0,0
1756097571,347,0.07,0.0,0.11,0.0,0.0,0.0,0.0,0.0,0,0,0
1756097571,348,-0.02,0.0,0.11,0.0,0.0,0.0,0.0,0.0,0,0,0
1756097571,349,0.0,0.0,0.1,0.0,0.0,0.0,0.0,0.0,0,0,0
1756097571,350,-0.01,0.0,0.09,0.0,0.0,0.0,0.0,0.0,0,0,0
1756097571,351,0.01,0.0,0.1,0.0,0.0,0.0,0.0,0.0,0,0,0
1756097571,352,0.0,0.0,0.1,0.0,0.0,0.0,0.0,0.0,0,0,0
1756097571,353,0.0,0.0,0.1,0.0,0.0,0.0,0.0,0.0,0,0,0
1756097571,354,-0.05,0.0,0.15,0.0,0.0,0.0,0.0,0.0,0,0,0
1756097571,355,-0.01,0.0,0.15,0.0,0.0,0.0,0.0,0.0,0,0,0
1756097572,356,0.01,0.0,0.12,0.0,0.0,0.0,0.0,0.0,0,0,0
1756097572,357,0.0,0.0,0.21,0.0,0.0,0.0,0.0,0.0,0,0,0
1756097572,358,0.0,0.0,0.11,0.0,0.0,0.0,0.0,0.0,0,0,0
1756097572,359,0.0,0.0,0.15,0.0,0.0,0.0,0.0,0.0,0,0,0
1756097572,360,0.0,0.0,0.1,0.0,0.0,0.0,0.0,0.0,0,0,0
1756097572,361,0.02,0.0,0.1,0.0,0.0,0.0,0.0,0.0,0,0,0
1756097572,362,0.07,0.0,0.1,0.0,0.0,0.0,0.0,0.0,0,0,0
1756097572,363,0.03,0.0,0.07,0.0,0.0,0.0,0.0,0.0,0,0,0
1756097572,364,0.0,0.0,0.15,0.0,0.0,0.0,0.0,0.0,0,0,0
1756097572,365,0.0,0.0,0.0,0.0,0.0,0.0,0.0,0.0,0,0,0
1756097572,366,-0.07,0.0,0.2,0.0,0.0,0.0,0.0,0.0,0,0,0
1756097572,367,-0.03,0.0,0.15,0.0,0.0,0.0,0.0,0.0,0,0,0
1756097572,368,0.0,0.0,0.1,0.0,0.0,0.0,0.0,0.0,0,0,0
1756097572,369,0.0,0.0,0.12,0.0,0.0,0.0,0.0,0.0,0,0,0
1756097572,370,0.0,0.0,0.12,0.0,0.0,0.0,0.0,0.0,0,0,0
1756097572,371,0.02,0.0,0.18,0.0,0.0,0.0,0.0,0.0,0,0,0
1756097572,372,-0.05,0.0,0.15,0.0,0.0,0.0,0.0,0.0,0,0,0
1756097572,373,0.0,0.0,0.12,0.0,0.0,0.0,0.0,0.0,0,0,0
1756097572,374,0.05,0.0,0.07,0.0,0.0,0.0,0.0,0.0,0,0,0
1756097572,375,0.03,0.0,0.07,0.0,0.0,0.0,0.0,0.0,0,0,0
1756097572,376,0.0,0.0,0.01,0.0,0.0,0.0,0.0,0.0,0,0,0
1756097572,377,0.02,0.0,0.07,0.0,0.0,0.0,0.0,0.0,0,0,0
1756097572,378,0.0,0.0,0.01,0.0,0.0,0.0,0.0,0.0,0,0,0
1756097572,379,-0.02,0.0,0.02,0.0,0.0,0.0,0.0,0.0,0,0,0
1756097572,380,0.01,0.0,0.01,0.0,0.0,0.0,0.0,0.0,0,0,0
1756097572,381,0.05,0.0,0.0,0.0,0.0,0.0,0.0,0.0,0,0,0
1756097572,382,0.07,0.0,0.0,0.0,0.0,0.0,0.0,0.0,0,0,0
1756097572,383,0.0,0.0,0.05,0.0,0.0,0.0,0.0,0.0,0,0,0
1756097572,384,0.02,0.0,0.03,0.0,0.0,0.0,0.0,0.0,0,0,0
1756097572,385,0.0,0.0,0.0,0.0,0.0,0.0,0.0,0.0,0,0,0
1756097572,386,-0.05,0.0,0.09,0.0,0.0,0.0,0.0,0.0,0,0,0
1756097572,387,0.0,0.0,0.01,0.0,0.0,0.0,0.0,0.0,0,0,0
1756097572,388,-0.01,0.0,-0.03,0.0,0.0,0.0,0.0,0.0,0,0,0
1756097572,389,0.0,0.0,0.03,0.0,0.0,0.0,0.0,0.0,0,0,0
1756097572,390,0.03,0.0,0.0,0.0,0.0,0.0,0.0,0.0,0,0,0
1756097572,391,-0.01,0.0,0.15,0.0,0.0,0.0,0.0,0.0,0,0,0
1756097572,392,0.0,0.0,-0.03,0.0,0.0,0.0,0.0,0.0,0,0,0
1756097572,393,0.01,0.0,0.0,0.0,0.0,0.0,0.0,0.0,0,0,0
1756097572,394,0.0,0.0,0.05,0.0,0.0,0.0,0.0,0.0,0,0,0
1756097572,395,0.0,0.0,-0.02,0.0,0.0,0.0,0.0,0.0,0,0,0
1756097572,396,-0.01,0.0,0.0,0.0,0.0,0.0,0.0,0.0,0,0,0
1756097572,397,0.0,0.0,0.0,0.0,0.0,0.0,0.0,0.0,0,0,0
1756097572,398,0.0,0.0,0.0,0.0,0.0,0.0,0.0,0.0,0,0,0
1756097572,399,0.02,0.0,0.0,0.0,0.0,0.0,0.0,0.0,0,0,0
1756097572,400,-0.05,0.0,0.0,0.0,0.0,0.0,0.0,0.0,0,0,0
1756097572,401,0.01,0.0,0.0,0.0,0.0,0.0,0.0,0.0,0,0,0
1756097572,402,0.02,0.0,-0.02,0.0,0.0,0.0,0.0,0.0,0,0,0
1756097572,403,0.01,0.0,0.0,0.0,0.0,0.0,0.0,0.0,0,0,0
1756097572,404,0.05,0.0,0.02,0.0,0.0,0.0,0.0,0.0,0,0,0
1756097572,405,-0.11,0.0,0.0,0.0,0.0,0.0,0.0,0.0,0,0,0
1756097572,406,0.0,0.0,0.0,0.0,0.0,0.0,0.0,0.0,0,0,0
1756097572,407,0.03,0.0,-0.1,0.0,0.0,0.0,0.0,0.0,0,0,0
1756097572,408,0.01,0.0,0.02,0.0,0.0,0.0,0.0,0.0,0,0,0
1756097572,409,-0.05,0.0,0.0,0.0,0.0,0.0,0.0,0.0,0,0,0
1756097572,410,0.0,0.0,0.0,0.0,0.0,0.0,0.0,0.0,0,0,0
1756097572,411,0.07,0.0,0.01,0.0,0.0,0.0,0.0,0.0,0,0,0
1756097572,412,0.01,0.0,0.0,0.0,0.0,0.0,0.0,0.0,0,0,0
1756097572,413,0.05,0.0,0.0,0.0,0.0,0.0,0.0,0.0,0,0,0
1756097572,414,0.05,0.0,-0.03,0.0,0.0,0.0,0.0,0.0,0,0,0
1756097572,415,-0.03,0.0,0.0,0.0,0.0,0.0,0.0,0.0,0,0,0
1756097572,416,0.05,0.0,0.0,0.0,0.0,0.0,0.0,0.0,0,0,0
1756097572,417,0.0,0.0,-0.01,0.0,0.0,0.0,0.0,0.0,0,0,0
1756097572,418,0.0,0.0,0.0,0.0,0.0,0.0,0.0,0.0,0,0,0
1756097572,419,-0.01,0.0,0.0,0.0,0.0,0.0,0.0,0.0,0,0,0
1756097572,420,-0.07,0.0,0.0,0.0,0.0,0.0,0.0,0.0,0,0,0
1756097572,421,0.02,0.0,-0.02,0.0,0.0,0.0,0.0,0.0,0,0,0
1756097572,422,0.0,0.0,0.0,0.0,0.0,0.0,0.0,0.0,0,0,0
1756097573,423,0.05,0.0,-0.05,0.0,0.0,0.0,0.0,0.0,0,0,0
1756097573,424,0.09,0.0,0.03,0.0,0.0,0.0,0.0,0.0,0,0,0
1756097573,425,0.0,0.0,0.05,0.0,0.0,0.0,0.0,0.0,0,0,0
1756097573,426,0.01,0.0,0.0,0.0,0.0,0.0,0.0,0.0,0,0,0
1756097573,427,-0.02,0.0,-0.02,0.0,0.0,0.0,0.0,0.0,0,0,0
1756097573,428,0.0,0.0,0.0,0.0,0.0,0.0,0.0,0.0,0,0,0
1756097573,429,0.01,0.0,0.03,0.0,0.0,0.0,0.0,0.0,0,0,0
1756097573,430,0.0,0.0,-0.05,0.0,0.0,0.0,0.0,0.0,0,0,0
1756097573,431,0.0,0.0,0.0,0.0,0.0,0.0,0.0,0.0,0,0,0
1756097573,432,0.07,0.0,0.0,0.0,0.0,0.0,0.0,0.0,0,0,0
1756097573,433,0.05,0.0,0.0,0.0,0.0,0.0,0.0,0.0,0,0,0
1756097573,434,0.0,0.0,0.0,0.0,0.0,0.0,0.0,0.0,0,0,0
1756097573,435,0.12,0.0,0.0,0.0,0.0,0.0,0.0,0.0,0,0,0
1756097573,436,0.03,0.0,-0.05,0.0,0.0,0.0,0.0,0.0,0,0,0
1756097573,437,-0.03,0.0,-0.05,0.0,0.0,0.0,0.0,0.0,0,0,0
1756097573,438,-0.07,0.0,0.0,0.0,0.0,0.0,0.0,0.0,0,0,0
1756097573,439,-0.01,0.0,0.03,0.0,0.0,0.0,0.0,0.0,0,0,0
1756097573,440,0.02,0.0,0.02,0.0,0.0,0.0,0.0,0.0,0,0,0
1756097573,441,0.07,0.0,0.02,0.0,0.0,0.0,0.0,0.0,0,0,0
1756097573,442,0.0,0.0,-0.02,0.0,0.0,0.0,0.0,0.0,0,0,0
1756097573,443,0.01,0.0,0.0,0.0,0.0,0.0,0.0,0.0,0,0,0
1756097573,444,0.0,0.0,0.0,0.0,0.0,0.0,0.0,0.0,0,0,0
1756097573,445,0.01,0.0,0.0,0.0,0.0,0.0,0.0,0.0,0,0,0
1756097573,446,0.0,0.0,0.12,0.0,0.0,0.0,0.0,0.0,0,0,0
1756097573,447,0.0,0.0,0.0,0.0,0.0,0.0,0.0,0.0,0,0,0
1756097573,448,-0.02,0.0,-0.15,0.0,0.0,0.0,0.0,0.0,0,0,0
1756097573,449,0.01,0.0,0.0,0.0,0.0,0.0,0.0,0.0,0,0,0
1756097573,450,0.03,0.0,0.0,0.0,0.0,0.0,0.0,0.0,0,0,0
1756097573,451,0.02,0.0,0.05,0.0,0.0,0.0,0.0,0.0,0,0,0
1756097573,452,0.0,0.0,-0.01,0.0,0.0,0.0,0.0,0.0,0,0,0
1756097573,453,0.0,0.0,0.0,0.0,0.0,0.0,0.0,0.0,0,0,0
1756097573,454,0.0,0.0,0.0,0.0,0.0,0.0,0.0,0.0,0,0,0
1756097573,455,0.01,0.0,0.0,0.0,0.0,0.0,0.0,0.0,0,0,0
1756097573,456,0.0,0.0,-0.02,0.0,0.0,0.0,0.0,0.0,0,0,0
1756097573,457,0.0,0.0,-0.02,0.0,0.0,0.0,0.0,0.0,0,0,0
1756097573,458,0.0,0.0,-0.07,0.0,0.0,0.0,0.0,0.0,0,0,0
1756097573,459,0.0,0.0,-0.02,0.0,0.0,0.0,0.0,0.0,0,0,0
1756097573,460,0.02,0.0,0.0,0.0,0.0,0.0,0.0,0.0,0,0,0
1756097573,461,0.0,0.0,0.0,0.0,0.0,0.0,0.0,0.0,0,0,0
1756097573,462,-0.09,0.0,0.01,0.0,0.0,0.0,0.0,0.0,0,0,0
1756097573,463,0.05,0.0,0.0,0.0,0.0,0.0,0.0,0.0,0,0,0
1756097573,464,0.02,0.0,0.0,0.0,0.0,0.0,0.0,0.0,0,0,0
1756097573,465,0.0,0.0,0.0,0.0,0.0,0.0,0.0,0.0,0,0,0
1756097573,466,0.02,0.0,-0.03,0.0,0.0,0.0,0.0,0.0,0,0,0
1756097573,467,0.07,0.0,0.0,0.0,0.0,0.0,0.0,0.0,0,0,0
1756097573,468,0.0,0.0,0.07,0.0,0.0,0.0,0.0,0.0,0,0,0
1756097573,469,0.05,0.0,-0.01,0.0,0.0,0.0,0.0,0.0,0,0,0
1756097573,470,0.05,0.0,-0.05,0.0,0.0,0.0,0.0,0.0,0,0,0
1756097573,471,0.0,0.0,-0.02,0.0,0.0,0.0,0.0,0.0,0,0,0
1756097573,472,0.07,0.0,0.0,0.0,0.0,0.0,0.0,0.0,0,0,0
1756097573,473,-0.02,0.0,0.0,0.0,0.0,0.0,0.0,0.0,0,0,0
1756097573,474,0.03,0.0,-0.01,0.0,0.0,0.0,0.0,0.0,0,0,0
1756097573,475,-0.07,0.0,-0.01,0.0,0.0,0.0,0.0,0.0,0,0,0
1756097573,476,0.07,0.0,0.0,0.0,0.0,0.0,0.0,0.0,0,0,0
1756097573,477,0.0,0.0,0.0,0.0,0.0,0.0,0.0,0.0,0,0,0
1756097573,478,0.0,0.0,0.02,0.0,0.0,0.0,0.0,0.0,0,0,0
1756097573,479,0.07,0.0,-0.01,0.0,0.0,0.0,0.0,0.0,0,0,0
1756097573,480,0.05,0.0,-0.03,0.0,0.0,0.0,0.0,0.0,0,0,0
1756097573,481,0.0,0.0,0.0,0.0,0.0,0.0,0.0,0.0,0,0,0
1756097573,482,0.0,0.0,0.0,0.0,0.0,0.0,0.0,0.0,0,0,0
1756097573,483,0.01,0.0,-0.01,0.0,0.0,0.0,0.0,0.0,0,0,0
1756097573,484,0.03,0.0,0.0,0.0,0.0,0.0,0.0,0.0,0,0,0
1756097573,485,0.01,0.0,0.0,0.0,0.0,0.0,0.0,0.0,0,0,0
1756097574,486,-0.11,0.0,-0.02,0.0,0.0,0.0,0.0,0.0,0,0,0
1756097574,487,0.0,0.0,-0.03,0.0,0.0,0.0,0.0,0.0,0,0,0
1756097574,488,-0.01,0.0,0.0,0.0,0.0,0.0,0.0,0.0,0,0,0
1756097574,489,0.05,0.0,-0.02,0.0,0.0,0.0,0.0,0.0,0,0,0
1756097574,490,0.07,0.0,0.0,0.0,0.0,0.0,0.0,0.0,0,0,0
1756097574,491,0.02,0.0,0.0,0.0,0.0,0.0,0.0,0.0,0,0,0
1756097574,492,-0.05,0.0,0.05,0.0,0.0,0.0,0.0,0.0,0,0,0
1756097574,493,0.01,0.0,-0.05,0.0,0.0,0.0,0.0,0.0,0,0,0
1756097574,494,0.0,0.0,-0.05,0.0,0.0,0.0,0.0,0.0,0,0,0
1756097574,495,0.05,0.0,0.09,0.0,0.0,0.0,0.0,0.0,0,0,0
1756097574,496,0.1,0.0,0.01,0.0,0.0,0.0,0.0,0.0,0,0,0
1756097574,497,0.05,0.0,0.0,0.0,0.0,0.0,0.0,0.0,0,0,0
1756097574,498,0.02,0.0,-0.03,0.0,0.0,0.0,0.0,0.0,0,0,0
1756097574,499,0.03,0.0,0.0,0.0,0.0,0.0,0.0,0.0,0,0,0
1756097574,500,0.05,0.0,0.0,0.0,0.0,0.0,0.0,0.0,0,0,0
1756097574,501,0.05,0.0,0.0,0.0,0.0,0.0,0.0,0.0,0,0,0
1756097574,502,0.0,0.0,0.0,0.0,0.0,0.0,0.0,0.0,0,0,0
1756097574,503,0.02,0.0,-0.01,0.0,0.0,0.0,0.0,0.0,0,0,0
1756097574,504,-0.01,0.0,0.0,0.0,0.0,0.0,0.0,0.0,0,0,0
1756097574,505,0.03,0.0,0.0,0.0,0.0,0.0,0.0,0.0,0,0,0
1756097574,506,0.02,0.0,0.01,0.0,0.0,0.0,0.0,0.0,0,0,0
1756097574,507,0.0,0.0,-0.01,0.0,0.0,0.0,0.0,0.0,0,0,0
1756097574,508,-0.02,0.0,0.05,0.0,0.0,0.0,0.0,0.0,0,0,0
1756097574,509,-0.02,0.0,-0.01,0.0,0.0,0.0,0.0,0.0,0,0,0
1756097574,510,0.01,0.0,0.0,0.0,0.0,0.0,0.0,0.0,0,0,0
1756097574,511,0.03,0.0,-0.02,0.0,0.0,0.0,0.0,0.0,0,0,0
1756097574,512,0.01,0.0,0.0,0.0,0.0,0.0,0.0,0.0,0,0,0
1756097574,513,-0.01,0.0,-0.01,0.0,0.0,0.0,0.0,0.0,0,0,0
1756097574,514,0.02,0.0,0.0,0.0,0.0,0.0,0.0,0.0,0,0,0
1756097574,515,0.01,0.0,0.0,0.0,0.0,0.0,0.0,0.0,0,0,0
1756097574,516,0.05,0.0,0.02,0.0,0.0,0.0,0.0,0.0,0,0,0
1756097574,517,0.0,0.0,0.0,0.0,0.0,0.0,0.0,0.0,0,0,0
1756097574,518,0.02,0.0,0.03,0.0,0.0,0.0,0.0,0.0,0,0,0
1756097574,519,-0.01,0.0,0.0,0.0,0.0,0.0,0.0,0.0,0,0,0
1756097574,520,0.0,0.0,0.0,0.0,0.0,0.0,0.0,0.0,0,0,0
1756097574,521,0.0,0.0,0.0,0.0,0.0,0.0,0.0,0.0,0,0,0
1756097574,522,0.0,0.0,0.0,0.0,0.0,0.0,0.0,0.0,0,0,0
1756097574,523,0.0,0.0,-0.05,0.0,0.0,0.0,0.0,0.0,0,0,0
1756097574,524,0.05,0.0,-0.01,0.0,0.0,0.0,0.0,0.0,0,0,0
1756097574,525,0.03,0.0,-0.01,0.0,0.0,0.0,0.0,0.0,0,0,0
1756097574,526,0.0,0.0,0.0,0.0,0.0,0.0,0.0,0.0,0,0,0
1756097574,527,0.0,0.0,0.0,0.0,0.0,0.0,0.0,0.0,0,0,0
1756097574,528,0.0,0.0,0.0,0.0,0.0,0.0,0.0,0.0,0,0,0
1756097574,529,0.07,0.0,0.01,0.0,0.0,0.0,0.0,0.0,0,0,0
1756097574,530,-0.02,0.0,0.0,0.0,0.0,0.0,0.0,0.0,0,0,0
1756097574,531,0.07,0.0,-0.02,0.0,0.0,0.0,0.0,0.0,0,0,0
1756097574,532,0.0,0.0,0.0,0.0,0.0,0.0,0.0,0.0,0,0,0
1756097574,533,0.09,0.0,0.01,0.0,0.0,0.0,0.0,0.0,0,0,0
1756097574,534,0.02,0.0,0.0,0.0,0.0,0.0,0.0,0.0,0,0,0
1756097574,535,-0.05,0.0,0.01,0.0,0.0,0.0,0.0,0.0,0,0,0
1756097574,536,-0.05,0.0,0.0,0.0,0.0,0.0,0.0,0.0,0,0,0
1756097574,537,-0.01,0.0,0.0,0.0,0.0,0.0,0.0,0.0,0,0,0
1756097574,538,0.0,0.0,-0.01,0.0,0.0,0.0,0.0,0.0,0,0,0
1756097574,539,0.03,0.0,-0.07,0.0,0.0,0.0,0.0,0.0,0,0,0
1756097574,540,0.0,0.0,-0.03,0.0,0.0,0.0,0.0,0.0,0,0,0
1756097574,541,0.0,0.0,0.02,0.0,0.0,0.0,0.0,0.0,0,0,0
1756097574,542,0.01,0.0,0.02,0.0,0.0,0.0,0.0,0.0,0,0,0
1756097574,543,0.05,0.0,0.02,0.0,0.0,0.0,0.0,0.0,0,0,0
1756097574,544,0.0,0.0,-0.07,0.0,0.0,0.0,0.0,0.0,0,0,0
1756097574,545,0.0,0.0,0.0,0.0,0.0,0.0,0.0,0.0,0,0,0
1756097574,546,-0.02,0.0,0.0,0.0,0.0,0.0,0.0,0.0,0,0,0
1756097574,547,0.0,0.0,0.0,0.0,0.0,0.0,0.0,0.0,0,0,0
1756097574,548,0.0,0.0,0.01,0.0,0.0,0.0,0.0,0.0,0,0,0
1756097574,549,0.0,0.0,-0.05,0.0,0.0,0.0,0.0,0.0,0,0,0
1756097574,550,0.05,0.0,-0.01,0.0,0.0,0.0,0.0,0.0,0,0,0
1756097574,551,0.0,0.0,-0.05,0.0,0.0,0.0,0.0,0.0,0,0,0
1756097574,552,0.05,0.0,0.0,0.0,0.0,0.0,0.0,0.0,0,0,0
1756097574,553,0.15,0.0,0.1,0.0,0.0,0.0,0.0,0.0,0,0,0
1756097574,554,0.07,0.0,0.02,0.0,0.0,0.0,0.0,0.0,0,0,0
1756097575,555,0.0,0.0,0.0,0.0,0.0,0.0,0.0,0.0,0,0,0
1756097575,556,0.0,0.0,0.15,0.0,0.0,0.0,0.0,0.0,0,0,0
1756097575,557,-0.05,0.0,-0.03,0.0,0.0,0.0,0.0,0.0,0,0,0
1756097575,558,0.0,0.0,0.0,0.0,0.0,0.0,0.0,0.0,0,0,0
1756097575,559,0.05,0.0,0.07,0.0,0.0,0.0,0.0,0.0,0,0,0
1756097575,560,-0.05,0.0,0.0,0.0,0.0,0.0,0.0,0.0,0,0,0
1756097575,561,0.01,0.0,0.0,0.0,0.0,0.0,0.0,0.0,0,0,0
1756097575,562,0.03,0.0,0.02,0.0,0.0,0.0,0.0,0.0,0,0,0
1756097575,563,0.07,0.0,0.0,0.0,0.0,0.0,0.0,0.0,0,0,0
1756097575,564,0.0,0.0,-0.01,0.0,0.0,0.0,0.0,0.0,0,0,0
1756097575,565,-0.01,0.0,0.07,0.0,0.0,0.0,0.0,0.0,0,0,0
1756097575,566,-0.05,0.0,0.0,0.0,0.0,0.0,0.0,0.0,0,0,0
1756097575,567,0.0,0.0,-0.01,0.0,0.0,0.0,0.0,0.0,0,0,0
1756097575,568,0.0,0.0,-0.11,0.0,0.0,0.0,0.0,0.0,0,0,0
1756097575,569,0.01,0.0,0.0,0.0,0.0,0.0,0.0,0.0,0,0,0
1756097575,570,-0.05,0.0,0.0,0.0,0.0,0.0,0.0,0.0,0,0,0
1756097575,571,0.01,0.0,0.0,0.0,0.0,0.0,0.0,0.0,0,0,0
1756097575,572,0.11,0.0,0.0,0.0,0.0,0.0,0.0,0.0,0,0,0
1756097575,573,0.11,0.0,0.0,0.0,0.0,0.0,0.0,0.0,0,0,0
1756097575,574,0.03,0.0,-0.02,0.0,0.0,0.0,0.0,0.0,0,0,0
1756097575,575,0.01,0.0,-0.02,0.0,0.0,0.0,0.0,0.0,0,0,0
1756097575,576,-0.07,0.0,0.02,0.0,0.0,0.0,0.0,0.0,0,0,0
1756097575,577,-0.09,0.0,0.0,0.0,0.0,0.0,0.0,0.0,0,0,0
1756097575,578,0.0,0.0,0.0,0.0,0.0,0.0,0.0,0.0,0,0,0
1756097575,579,-0.02,0.0,0.03,0.0,0.0,0.0,0.0,0.0,0,0,0
1756097575,580,-0.01,0.0,0.01,0.0,0.0,0.0,0.0,0.0,0,0,0
1756097575,581,0.11,0.0,-0.05,0.0,0.0,0.0,0.0,0.0,0,0,0
1756097575,582,0.01,0.0,0.0,0.0,0.0,0.0,0.0,0.0,0,0,0
1756097575,583,0.09,0.0,0.0,0.0,0.0,0.0,0.0,0.0,0,0,0
1756097575,584,0.05,0.0,0.0,0.0,0.0,0.0,0.0,0.0,0,0,0
1756097575,585,0.0,0.0,-0.05,0.0,0.0,0.0,0.0,0.0,0,0,0
1756097575,586,0.0,0.0,0.0,0.0,0.0,0.0,0.0,0.0,0,0,0
1756097575,587,0.0,0.0,0.0,0.0,0.0,0.0,0.0,0.0,0,0,0
1756097575,588,0.0,0.0,0.0,0.0,0.0,0.0,0.0,0.0,0,0,0
1756097575,589,-0.02,0.0,0.0,0.0,0.0,0.0,0.0,0.0,0,0,0
1756097575,590,0.05,0.0,-0.03,0.0,0.0,0.0,0.0,0.0,0,0,0
1756097575,591,0.0,0.0,0.0,0.0,0.0,0.0,0.0,0.0,0,0,0
1756097575,592,0.0,0.0,-0.05,0.0,0.0,0.0,0.0,0.0,0,0,0
1756097575,593,0.0,0.0,0.0,0.0,0.0,0.0,0.0,0.0,0,0,0
1756097575,594,0.0,0.0,0.0,0.0,0.0,0.0,0.0,0.0,0,0,0
1756097575,595,0.03,0.0,0.0,0.0,0.0,0.0,0.0,0.0,0,0,0
1756097575,596,0.0,0.0,0.0,0.0,0.0,0.0,0.0,0.0,0,0,0
1756097575,597,0.03,0.0,0.0,0.0,0.0,0.0,0.0,0.0,0,0,0
1756097575,598,0.03,0.0,0.0,0.0,0.0,0.0,0.0,0.0,0,0,0
1756097575,599,0.03,0.0,0.0,0.0,0.0,0.0,0.0,0.0,0,0,0
1756097575,600,0.0,0.0,0.0,0.0,0.0,0.0,0.0,0.0,0,0,0
1756097575,601,0.0,0.0,0.03,0.0,0.0,0.0,0.0,0.0,0,0,0
1756097575,602,0.03,0.0,0.01,0.0,0.0,0.0,0.0,0.0,0,0,0
1756097575,603,0.0,0.0,0.0,0.0,0.0,0.0,0.0,0.0,0,0,0
1756097575,604,0.0,0.0,-0.02,0.0,0.0,0.0,0.0,0.0,0,0,0
1756097575,605,0.01,0.0,0.0,0.0,0.0,0.0,0.0,0.0,0,0,0
1756097575,606,-0.02,0.0,-0.01,0.0,0.0,0.0,0.0,0.0,0,0,0
1756097575,607,0.0,0.0,-0.01,0.0,0.0,0.0,0.0,0.0,0,0,0
1756097575,608,0.03,0.0,-0.01,0.0,0.0,0.0,0.0,0.0,0,0,0
1756097575,609,0.01,0.0,0.0,0.0,0.0,0.0,0.0,0.0,0,0,0
1756097575,610,0.0,0.0,0.0,0.0,0.0,0.0,0.0,0.0,0,0,0
1756097575,611,-0.03,0.0,0.0,0.0,0.0,0.0,0.0,0.0,0,0,0
1756097575,612,0.01,0.0,-0.07,0.0,0.0,0.0,0.0,0.0,0,0,0
1756097575,613,0.0,0.0,0.0,0.0,0.0,0.0,0.0,0.0,0,0,0
1756097575,614,-0.01,0.0,0.0,0.0,0.0,0.0,0.0,0.0,0,0,0
1756097575,615,0.01,0.0,0.01,0.0,0.0,0.0,0.0,0.0,0,0,0
1756097575,616,0.02,0.0,0.0,0.0,0.0,0.0,0.0,0.0,0,0,0
1756097575,617,0.0,0.0,-0.03,0.0,0.0,0.0,0.0,0.0,0,0,0
1756097575,618,-0.07,0.0,-0.02,0.0,0.0,0.0,0.0,0.0,0,0,0
1756097575,619,0.0,0.0,0.0,0.0,0.0,0.0,0.0,0.0,0,0,0
1756097575,620,0.03,0.0,0.09,0.0,0.0,0.0,0.0,0.0,0,0,0
1756097575,621,0.05,0.0,0.0,0.0,0.0,0.0,0.0,0.0,0,0,0
1756097575,622,0.03,0.0,-0.07,0.0,0.0,0.0,0.0,0.0,0,0,0
1756097576,623,0.05,0.0,0.0,0.0,0.0,0.0,0.0,0.0,0,0,0
1756097576,624,0.03,0.0,-0.05,0.0,0.0,0.0,0.0,0.0,0,0,0
1756097576,625,0.01,0.0,0.0,0.0,0.0,0.0,0.0,0.0,0,0,0
1756097576,626,0.05,0.0,0.0,0.0,0.0,0.0,0.0,0.0,0,0,0
1756097576,627,0.0,0.0,0.01,0.0,0.0,0.0,0.0,0.0,0,0,0
1756097576,628,0.05,0.0,0.0,0.0,0.0,0.0,0.0,0.0,0,0,0
1756097576,629,0.05,0.0,0.0,0.0,0.0,0.0,0.0,0.0,0,0,0
1756097576,630,-0.03,0.0,0.0,0.0,0.0,0.0,0.0,0.0,0,0,0
1756097576,631,0.0,0.0,0.0,0.0,0.0,0.0,0.0,0.0,0,0,0
1756097576,632,-0.01,0.0,0.0,0.0,0.0,0.0,0.0,0.0,0,0,0
1756097576,633,0.0,0.0,-0.02,0.0,0.0,0.0,0.0,0.0,0,0,0
1756097576,634,0.01,0.0,0.02,0.0,0.0,0.0,0.0,0.0,0,0,0
1756097576,635,0.05,0.0,0.0,0.0,0.0,0.0,0.0,0.0,0,0,0
1756097576,636,-0.03,0.0,0.0,0.0,0.0,0.0,0.0,0.0,0,0,0
1756097576,637,0.02,0.0,-0.01,0.0,0.0,0.0,0.0,0.0,0,0,0
1756097576,638,0.0,0.0,0.0,0.0,0.0,0.0,0.0,0.0,0,0,0
1756097576,639,0.02,0.0,0.01,0.0,0.0,0.0,0.0,0.0,0,0,0
1756097576,640,0.0,0.0,-0.01,0.0,0.0,0.0,0.0,0.0,0,0,0
1756097576,641,-0.07,0.0,0.01,0.0,0.0,0.0,0.0,0.0,0,0,0
1756097576,642,0.0,0.0,0.0,0.0,0.0,0.0,0.0,0.0,0,0,0
1756097576,643,0.07,0.0,-0.02,0.0,0.0,0.0,0.0,0.0,0,0,0
1756097576,644,0.05,0.0,-0.02,0.0,0.0,0.0,0.0,0.0,0,0,0
1756097576,645,-0.01,0.0,0.01,0.0,0.0,0.0,0.0,0.0,0,0,0
1756097576,646,0.0,0.0,0.0,0.0,0.0,0.0,0.0,0.0,0,0,0
1756097576,647,0.03,0.0,-0.05,0.0,0.0,0.0,0.0,0.0,0,0,0
1756097576,648,0.07,0.0,-0.02,0.0,0.0,0.0,0.0,0.0,0,0,0
1756097576,649,0.01,0.0,-0.03,0.0,0.0,0.0,0.0,0.0,0,0,0
1756097576,650,-0.01,0.0,-0.03,0.0,0.0,0.0,0.0,0.0,0,0,0
1756097576,651,0.02,0.0,-0.03,0.0,0.0,0.0,0.0,0.0,0,0,0
1756097576,652,0.02,0.0,-0.07,0.0,0.0,0.0,0.0,0.0,0,0,0
1756097576,653,0.01,0.0,0.03,0.0,0.0,0.0,0.0,0.0,0,0,0
1756097576,654,0.0,0.0,0.0,0.0,0.0,0.0,0.0,0.0,0,0,0
1756097576,655,0.03,0.0,-0.01,0.0,0.0,0.0,0.0,0.0,0,0,0
1756097576,656,-0.03,0.0,0.0,0.0,0.0,0.0,0.0,0.0,0,0,0
1756097576,657,0.0,0.0,0.0,0.0,0.0,0.0,0.0,0.0,0,0,0
1756097576,658,0.0,0.0,-0.05,0.0,0.0,0.0,0.0,0.0,0,0,0
1756097576,659,0.0,0.0,0.0,0.0,0.0,0.0,0.0,0.0,0,0,0
1756097576,660,0.0,0.0,-0.01,0.0,0.0,0.0,0.0,0.0,0,0,0
1756097576,661,0.0,0.0,-0.02,0.0,0.0,0.0,0.0,0.0,0,0,0
1756097576,662,0.01,0.0,-0.01,0.0,0.0,0.0,0.0,0.0,0,0,0
1756097576,663,0.0,0.0,-0.03,0.0,0.0,0.0,0.0,0.0,0,0,0
1756097576,664,0.0,0.0,0.0,0.0,0.0,0.0,0.0,0.0,0,0,0
1756097576,665,0.01,0.0,0.0,0.0,0.0,0.0,0.0,0.0,0,0,0
1756097576,666,-0.03,0.0,0.0,0.0,0.0,0.0,0.0,0.0,0,0,0
1756097576,667,0.01,0.0,-0.07,0.0,0.0,0.0,0.0,0.0,0,0,0
1756097576,668,0.01,0.0,0.01,0.0,0.0,0.0,0.0,0.0,0,0,0
1756097576,669,0.02,0.0,-0.02,0.0,0.0,0.0,0.0,0.0,0,0,0
1756097576,670,0.0,0.0,0.0,0.0,0.0,0.0,0.0,0.0,0,0,0
1756097576,671,-0.09,0.0,0.0,0.0,0.0,0.0,0.0,0.0,0,0,0
1756097576,672,0.03,0.0,0.0,0.0,0.0,0.0,0.0,0.0,0,0,0
1756097576,673,0.0,0.0,0.0,0.0,0.0,0.0,0.0,0.0,0,0,0
1756097576,674,0.0,0.0,0.03,0.0,0.0,0.0,0.0,0.0,0,0,0
1756097576,675,0.01,0.0,0.0,0.0,0.0,0.0,0.0,0.0,0,0,0
1756097576,676,0.01,0.0,0.0,0.0,0.0,0.0,0.0,0.0,0,0,0
1756097576,677,0.03,0.0,-0.01,0.0,0.0,0.0,0.0,0.0,0,0,0
1756097576,678,0.03,0.0,0.0,0.0,0.0,0.0,0.0,0.0,0,0,0
1756097576,679,0.01,0.0,-0.01,0.0,0.0,0.0,0.0,0.0,0,0,0
1756097576,680,0.0,0.0,0.0,0.0,0.0,0.0,0.0,0.0,0,0,0
1756097576,681,0.0,0.0,-0.02,0.0,0.0,0.0,0.0,0.0,0,0,0
1756097576,682,0.01,0.0,-0.02,0.0,0.0,0.0,0.0,0.0,0,0,0
1756097576,683,0.07,0.0,-0.03,0.0,0.0,0.0,0.0,0.0,0,0,0
1756097576,684,0.0,0.0,0.0,0.0,0.0,0.0,0.0,0.0,0,0,0
1756097576,685,-0.02,0.0,0.0,0.0,0.0,0.0,0.0,0.0,0,0,0
1756097576,686,0.05,0.0,0.03,0.0,0.0,0.0,0.0,0.0,0,0,0
1756097576,687,-0.01,0.0,-0.03,0.0,0.0,0.0,0.0,0.0,0,0,0
1756097576,688,-0.01,0.0,-0.05,0.0,0.0,0.0,0.0,0.0,0,0,0
1756097577,689,0.0,0.0,0.0,0.0,0.0,0.0,0.0,0.0,0,0,0
1756097577,690,0.05,0.0,-0.05,0.0,0.0,0.0,0.0,0.0,0,0,0
1756097577,691,0.05,0.0,-0.01,0.0,0.0,0.0,0.0,0.0,0,0,0
1756097577,692,0.01,0.0,-0.03,0.0,0.0,0.0,0.0,0.0,0,0,0
1756097577,693,0.0,0.0,0.02,0.0,0.0,0.0,0.0,0.0,0,0,0
1756097577,694,-0.02,0.0,0.0,0.0,0.0,0.0,0.0,0.0,0,0,0
1756097577,695,0.0,0.0,-0.05,0.0,0.0,0.0,0.0,0.0,0,0,0
1756097577,696,0.0,0.0,0.0,0.0,0.0,0.0,0.0,0.0,0,0,0
1756097577,697,-0.02,0.0,0.05,0.0,0.0,0.0,0.0,0.0,0,0,0
1756097577,698,0.05,0.0,0.0,0.0,0.0,0.0,0.0,0.0,0,0,0
1756097577,699,-0.09,0.0,0.0,0.0,0.0,0.0,0.0,0.0,0,0,0
1756097577,700,-0.05,0.0,-0.05,0.0,0.0,0.0,0.0,0.0,0,0,0
1756097577,701,0.0,0.0,0.0,0.0,0.0,0.0,0.0,0.0,0,0,0
1756097577,702,0.05,0.0,0.0,0.0,0.0,0.0,0.0,0.0,0,0,0
1756097577,703,0.11,0.0,-0.01,0.0,0.0,0.0,0.0,0.0,0,0,0
1756097577,704,0.03,0.0,-0.05,0.0,0.0,0.0,0.0,0.0,0,0,0
1756097577,705,0.0,0.0,0.0,0.0,0.0,0.0,0.0,0.0,0,0,0
1756097577,706,0.05,0.0,-0.01,0.0,0.0,0.0,0.0,0.0,0,0,0
1756097577,707,0.03,0.0,0.0,0.0,0.0,0.0,0.0,0.0,0,0,0
1756097577,708,0.0,0.0,-0.03,0.0,0.0,0.0,0.0,0.0,0,0,0
1756097577,709,-0.1,0.0,0.0,0.0,0.0,0.0,0.0,0.0,0,0,0
1756097577,710,0.0,0.0,0.0,0.0,0.0,0.0,0.0,0.0,0,0,0
1756097577,711,-0.05,0.0,-0.01,0.0,0.0,0.0,0.0,0.0,0,0,0
1756097577,712,0.05,0.0,-0.07,0.0,0.0,0.0,0.0,0.0,0,0,0
1756097577,713,0.01,0.0,0.0,0.0,0.0,0.0,0.0,0.0,0,0,0
1756097577,714,0.0,0.0,0.0,0.0,0.0,0.0,0.0,0.0,0,0,0
1756097577,715,0.0,0.0,0.0,0.0,0.0,0.0,0.0,0.0,0,0,0
1756097577,716,0.0,0.0,0.0,0.0,0.0,0.0,0.0,0.0,0,0,0
1756097577,717,0.02,0.0,0.0,0.0,0.0,0.0,0.0,0.0,0,0,0
1756097577,718,0.02,0.0,0.0,0.0,0.0,0.0,0.0,0.0,0,0,0
1756097577,719,0.0,0.0,0.0,0.0,0.0,0.0,0.0,0.0,0,0,0
1756097577,720,0.01,0.0,0.01,0.0,0.0,0.0,0.0,0.0,0,0,0
1756097577,721,0.0,0.0,-0.05,0.0,0.0,0.0,0.0,0.0,0,0,0
1756097577,722,-0.01,0.0,0.0,0.0,0.0,0.0,0.0,0.0,0,0,0
1756097577,723,-0.05,0.0,0.0,0.0,0.0,0.0,0.0,0.0,0,0,0
1756097577,724,-0.01,0.0,-0.01,0.0,0.0,0.0,0.0,0.0,0,0,0
1756097577,725,0.0,0.0,-0.07,0.0,0.0,0.0,0.0,0.0,0,0,0
1756097577,726,0.02,0.0,-0.01,0.0,0.0,0.0,0.0,0.0,0,0,0
1756097577,727,0.1,0.0,0.0,0.0,0.0,0.0,0.0,0.0,0,0,0
1756097577,728,0.03,0.0,0.0,0.0,0.0,0.0,0.0,0.0,0,0,0
1756097577,729,0.07,0.0,-0.01,0.0,0.0,0.0,0.0,0.0,0,0,0
1756097577,730,-0.02,0.0,0.0,0.0,0.0,0.0,0.0,0.0,0,0,0
1756097577,731,0.07,0.0,0.0,0.0,0.0,0.0,0.0,0.0,0,0,0
1756097577,732,0.0,0.0,-0.07,0.0,0.0,0.0,0.0,0.0,0,0,0
1756097577,733,-0.1,0.0,-0.02,0.0,0.0,0.0,0.0,0.0,0,0,0
1756097577,734,-0.07,0.0,-0.03,0.0,0.0,0.0,0.0,0.0,0,0,0
1756097577,735,0.01,0.0,0.0,0.0,0.0,0.0,0.0,0.0,0,0,0
1756097577,736,0.0,0.0,-0.07,0.0,0.0,0.0,0.0,0.0,0,0,0
1756097577,737,0.05,0.0,0.07,0.0,0.0,0.0,0.0,0.0,0,0,0
1756097577,738,-0.2,0.0,0.07,0.0,0.0,0.0,0.0,0.0,0,0,0
1756097577,739,0.0,0.0,0.0,0.0,0.0,0.0,0.0,0.0,0,0,0
1756097577,740,0.07,0.0,0.05,0.0,0.0,0.0,0.0,0.0,0,0,0
1756097577,741,0.1,0.0,-0.05,0.0,0.0,0.0,0.0,0.0,0,0,0
1756097577,742,0.0,0.0,0.0,0.0,0.0,0.0,0.0,0.0,0,0,0
1756097577,743,0.07,0.0,-0.03,0.0,0.0,0.0,0.0,0.0,0,0,0
1756097577,744,0.03,0.0,-0.02,0.0,0.0,0.0,0.0,0.0,0,0,0
1756097577,745,0.0,0.0,0.0,0.0,0.0,0.0,0.0,0.0,0,0,0
1756097577,746,0.01,0.0,0.0,0.0,0.0,0.0,0.0,0.0,0,0,0
1756097577,747,-0.02,0.0,0.07,0.0,0.0,0.0,0.0,0.94,0,0,0
1756097577,748,0.02,0.0,0.0,0.0,0.0,0.0,0.0,2.63,0,0,0
1756097577,749,0.02,0.0,0.0,0.0,0.0,0.0,0.0,4.67,0,0,0
1756097577,750,0.01,0.0,0.0,0.0,0.0,0.0,0.0,7.19,0,0,0
1756097577,751,0.01,0.0,0.05,0.0,0.0,0.0,0.0,9.77,0,0,0
1756097577,752,0.02,0.0,0.0,0.0,0.0,0.0,0.0,12.1,0,0,0
1756097577,753,0.05,0.0,-0.03,0.0,0.0,0.0,0.0,14.02,0,0,0
1756097577,754,0.0,0.0,0.0,0.0,0.0,0.0,0.0,15.63,0,0,0
1756097578,755,0.0,0.0,0.0,0.0,0.0,0.0,0.0,17.12,0,0,0
1756097578,756,0.0,0.0,0.0,0.0,0.0,0.0,0.0,18.5,0,0,0
1756097578,757,0.0,0.0,0.0,0.0,0.0,0.0,0.0,20.13,0,0,0
1756097578,758,0.02,0.0,-0.05,0.0,0.0,0.0,0.0,21.42,0,0,0
1756097578,759,0.0,0.0,-0.05,0.0,0.0,0.0,0.0,23.43,0,0,0
1756097578,760,0.01,0.0,0.02,0.0,0.0,0.0,0.0,24.67,0,0,0
1756097578,761,0.0,0.0,-0.05,0.0,0.0,0.0,0.0,26.0,0,0,0
1756097578,762,0.03,0.0,-0.01,0.0,0.0,0.0,0.0,26.72,0,0,0
1756097578,763,0.01,0.0,-0.09,0.0,0.0,0.0,0.0,27.47,0,0,0
1756097578,764,0.0,0.0,-0.05,0.0,0.0,0.0,0.0,28.17,0,0,0
1756097578,765,0.0,0.0,-0.01,0.0,0.0,0.0,0.0,28.68,0,0,0
1756097578,766,0.02,0.0,-0.05,0.0,0.0,0.0,0.0,29.7,0,0,0
1756097578,767,0.0,0.0,-0.02,0.0,0.0,0.0,0.0,29.63,0,0,0
1756097578,768,0.0,0.0,-0.11,0.0,0.0,0.0,0.0,28.17,0,0,0
1756097578,769,0.03,0.0,-0.05,0.0,0.0,0.0,0.0,25.09,0,0,0
1756097578,770,-0.03,0.0,-0.1,0.0,0.0,0.0,0.0,19.42,0,0,0
1756097578,771,-0.07,0.0,-0.07,0.0,0.0,0.0,0.0,10.18,0,0,0
1756097578,772,0.07,0.0,-0.03,0.0,0.0,0.0,0.0,1.1,0,0,0
1756097578,773,0.03,0.0,-0.03,0.0,0.0,0.0,0.0,0.0,0,0,0
1756097578,774,0.01,0.0,0.0,0.0,0.0,0.0,0.0,0.0,0,0,0
1756097578,775,0.0,0.0,-0.02,0.0,0.0,0.0,0.0,0.0,0,0,0
1756097578,776,0.01,0.0,0.0,0.0,0.0,0.0,0.0,0.0,0,0,0
1756097578,777,0.05,0.0,-0.07,0.0,0.0,0.0,0.0,0.0,0,0,0
1756097578,778,0.05,0.0,0.05,0.0,0.0,0.0,0.0,0.0,0,0,0
1756097578,779,0.07,0.0,-0.03,0.0,0.0,0.0,0.0,0.0,0,0,0
1756097578,780,0.01,0.0,-0.02,0.0,0.0,0.0,0.0,0.0,0,0,0
1756097578,781,0.02,0.0,0.0,0.0,0.0,0.0,0.0,0.0,0,0,0
1756097578,782,0.02,0.0,-0.07,0.0,0.0,0.0,0.0,0.0,0,0,0
1756097578,783,0.0,0.0,-0.02,0.0,0.0,0.0,0.0,0.0,0,0,0
1756097578,784,0.03,0.0,0.0,0.0,0.0,0.0,0.0,0.0,0,0,0
1756097578,785,0.01,0.0,0.07,0.0,0.0,0.0,0.0,0.0,0,0,0
1756097578,786,0.0,0.0,0.0,0.0,0.0,0.0,0.0,0.0,0,0,0
1756097578,787,0.02,0.0,-0.03,0.0,0.0,0.0,0.0,0.0,0,0,0
1756097578,788,0.0,0.0,0.0,0.0,0.0,0.0,0.0,0.0,0,0,0
1756097578,789,0.0,0.0,-0.01,0.0,0.0,0.0,0.0,0.0,0,0,0
1756097578,790,0.07,0.0,0.0,0.0,0.0,0.0,0.0,0.0,0,0,0
1756097578,791,0.03,0.0,0.0,0.0,0.0,0.0,0.0,0.0,0,0,0
1756097578,792,0.02,0.0,-0.01,0.0,0.0,0.0,0.0,0.0,0,0,0
1756097578,793,0.0,0.0,-0.01,0.0,0.0,0.0,0.0,0.0,0,0,0
1756097578,794,0.0,0.0,0.0,0.0,0.0,0.0,0.0,0.0,0,0,0
1756097578,795,0.0,0.0,-0.01,0.0,0.0,0.0,0.0,0.0,0,0,0
1756097578,796,0.0,0.0,-0.01,0.0,0.0,0.0,0.0,0.0,0,0,0
1756097578,797,-0.01,0.0,-0.05,0.0,0.0,0.0,0.0,0.0,0,0,0
1756097578,798,0.05,0.0,0.0,0.0,0.0,0.0,0.0,0.0,0,0,0
1756097578,799,0.0,0.0,-0.01,0.0,0.0,0.0,0.0,0.0,0,0,0
1756097578,800,-0.05,0.0,-0.01,0.0,0.0,0.0,0.0,0.0,0,0,0
1756097578,801,0.0,0.0,0.0,0.0,0.0,0.0,0.0,0.0,0,0,0
1756097578,802,0.07,0.0,-0.03,0.0,0.0,0.0,0.0,0.0,0,0,0
1756097578,803,0.0,0.0,0.0,0.0,0.0,0.0,0.0,0.0,0,0,0
1756097578,804,0.0,0.0,-0.05,0.0,0.0,0.0,0.0,0.0,0,0,0
1756097578,805,0.05,0.0,0.0,0.0,0.0,0.0,0.0,0.0,0,0,0
1756097578,806,0.03,0.0,-0.02,0.0,0.0,0.0,0.0,0.0,0,0,0
1756097578,807,0.05,0.0,-0.05,0.0,0.0,0.0,0.0,0.0,0,0,0
1756097578,808,0.05,0.0,0.0,0.0,0.0,0.0,0.0,0.0,0,0,0
1756097578,809,-0.05,0.0,0.03,0.0,0.0,0.0,0.0,0.0,0,0,0
1756097578,810,-0.09,0.0,-0.05,0.0,0.0,0.0,0.0,0.0,0,0,0
1756097578,811,0.0,0.0,-0.05,0.0,0.0,0.0,0.0,0.0,0,0,0
1756097578,812,-0.1,0.0,0.0,0.0,0.0,0.0,0.0,0.0,0,0,0
1756097578,813,0.03,0.0,-0.01,0.0,0.0,0.0,0.0,0.0,0,0,0
1756097578,814,0.05,0.0,-0.02,0.0,0.0,0.0,0.0,0.0,0,0,0
1756097578,815,0.0,0.0,-0.02,0.0,0.0,0.0,0.0,0.0,0,0,0
1756097579,816,0.05,0.0,0.0,0.0,0.0,0.0,0.0,0.0,0,0,0
1756097579,817,0.0,0.0,-0.01,0.0,0.0,0.0,0.0,0.0,0,0,0
1756097579,818,0.05,0.0,-0.05,0.0,0.0,0.0,0.0,0.0,0,0,0
1756097579,819,0.01,0.0,-0.02,0.0,0.0,0.0,0.0,0.0,0,0,0
1756097579,820,0.05,0.0,-0.07,0.0,0.0,0.0,0.0,0.0,0,0,0
1756097579,821,0.07,0.0,-0.05,0.0,0.0,0.0,0.0,0.0,0,0,0
1756097579,822,0.1,0.0,-0.01,0.0,0.0,0.0,0.0,0.0,0,0,0
1756097579,823,-0.02,0.0,0.02,0.0,0.0,0.0,0.0,0.0,0,0,0
1756097579,824,0.0,0.0,-0.01,0.0,0.0,0.0,0.0,0.0,0,0,0
1756097579,825,-0.03,0.0,-0.05,0.0,0.0,0.0,0.0,0.0,0,0,0
1756097579,826,0.05,0.0,-0.05,0.0,0.0,0.0,0.0,0.0,0,0,0
1756097579,827,0.0,0.0,0.0,0.0,0.0,0.0,0.0,0.0,0,0,0
1756097579,828,0.07,0.0,-0.03,0.0,0.0,0.0,0.0,0.25,0,0,0
1756097579,829,0.0,0.0,-0.05,0.0,0.0,0.0,0.0,2.32,0,0,0
1756097579,830,0.01,0.0,-0.02,0.0,0.0,0.0,0.0,4.3,0,0,0
1756097579,831,0.01,0.0,-0.01,0.0,0.0,0.0,0.0,6.26,0,0,0
1756097579,832,0.01,0.0,-0.03,0.0,0.0,0.0,0.0,7.75,0,0,0
1756097579,833,-0.02,0.0,0.0,0.0,0.0,0.0,0.0,8.71,0,0,0
1756097579,834,-0.01,0.0,-0.03,0.0,0.0,0.0,0.0,9.51,0,0,0
1756097579,835,-0.05,0.0,0.0,0.0,0.0,0.0,0.0,10.51,0,0,0
1756097579,836,0.01,0.0,0.0,0.0,0.0,0.0,0.0,11.21,0,0,0
1756097579,837,0.0,0.0,0.0,0.0,0.0,0.0,0.0,12.14,0,0,0
1756097579,838,0.0,0.0,-0.01,0.0,0.0,0.0,0.0,12.56,0,0,0
1756097579,839,0.02,0.0,-0.05,0.0,0.0,0.0,0.0,12.77,0,0,0
1756097579,840,-0.01,0.0,-0.01,0.0,0.0,0.0,0.0,12.52,0,0,0
1756097579,841,0.01,0.0,-0.05,0.0,0.0,0.0,0.0,12.34,0,0,0
1756097579,842,0.01,0.0,-0.07,0.0,0.0,0.0,0.0,12.23,0,0,0
1756097579,843,-0.02,0.0,0.05,0.0,0.0,0.0,0.0,11.77,0,0,0
1756097579,844,0.05,0.0,0.01,0.0,0.0,0.0,0.0,11.3,0,0,0
1756097579,845,0.0,0.0,0.1,0.0,0.0,0.0,0.0,10.6,0,0,0
1756097579,846,0.01,0.0,0.01,0.0,0.0,0.0,0.0,9.56,0,0,0
1756097579,847,0.0,0.0,0.0,0.0,0.0,0.0,0.0,8.8,0,0,0
1756097579,848,0.01,0.0,0.03,0.0,0.0,0.0,0.0,7.96,0,0,0
1756097579,849,-0.01,0.0,-0.05,0.0,0.0,0.0,0.0,7.15,0,0,0
1756097579,850,0.05,0.0,-0.02,0.0,0.0,0.0,0.0,6.01,0,0,0
1756097579,851,0.01,0.0,-0.01,0.0,0.0,0.0,0.0,4.59,0,0,0
1756097579,852,0.03,0.0,-0.09,0.0,0.0,0.0,0.0,2.58,0,0,0
1756097579,853,-0.01,0.0,-0.07,0.0,0.0,0.0,0.0,0.0,0,0,0
1756097579,854,0.0,0.0,-0.01,0.0,0.0,0.0,0.0,0.0,0,0,0
1756097579,855,0.05,0.0,0.0,0.0,0.0,0.0,0.0,0.0,0,0,0
1756097579,856,0.0,0.0,0.0,0.0,0.0,0.0,0.0,0.0,0,0,0
1756097579,857,0.05,0.0,0.05,0.0,0.0,0.0,0.0,0.0,0,0,0
1756097579,858,-0.03,0.0,0.02,0.0,0.0,0.0,0.0,0.0,0,0,0
1756097579,859,0.03,0.0,0.0,0.0,0.0,0.0,0.0,0.0,0,0,0
1756097579,860,-0.02,0.0,0.0,0.0,0.0,0.0,0.0,0.0,0,0,0
1756097579,861,0.0,0.0,0.0,0.0,0.0,0.0,0.0,0.0,0,0,0
1756097579,862,-0.05,0.0,0.02,0.0,0.0,0.0,0.0,0.0,0,0,0
1756097579,863,0.0,0.0,0.0,0.0,0.0,0.0,0.0,0.0,0,0,0
1756097579,864,0.0,0.0,0.0,0.0,0.0,0.0,0.0,0.0,0,0,0
1756097579,865,0.0,0.0,0.0,0.0,0.0,0.0,0.0,0.0,0,0,0
1756097579,866,-0.03,0.0,-0.05,0.0,0.0,0.0,0.0,0.0,0,0,0
1756097579,867,0.0,0.0,-0.05,0.0,0.0,0.0,0.0,0.0,0,0,0
1756097579,868,0.0,0.0,-0.1,0.0,0.0,0.0,0.0,0.0,0,0,0
1756097579,869,0.05,0.0,-0.07,0.0,0.0,0.0,0.0,0.0,0,0,0
1756097579,870,0.0,0.0,-0.03,0.0,0.0,0.0,0.0,0.0,0,0,0
1756097579,871,0.0,0.0,0.0,0.0,0.0,0.0,0.0,0.0,0,0,0
1756097579,872,0.02,0.0,0.0,0.0,0.0,0.0,0.0,0.0,0,0,0
1756097579,873,0.0,0.0,-0.05,0.0,0.0,0.0,0.0,0.0,0,0,0
1756097579,874,0.01,0.0,-0.09,0.0,0.0,0.0,0.0,0.0,0,0,0
1756097579,875,0.0,0.0,-0.03,0.0,0.0,0.0,0.0,0.0,0,0,0
1756097579,876,0.0,0.0,0.09,0.0,0.0,0.0,0.0,0.0,0,0,0
1756097579,877,0.01,0.0,-0.07,0.0,0.0,0.0,0.0,0.0,0,0,0
1756097579,878,0.02,0.0,-0.07,0.0,0.0,0.0,0.0,0.0,0,0,0
1756097579,879,-0.02,0.0,-0.02,0.0,0.0,0.0,0.0,0.0,0,0,0
1756097579,880,0.03,0.0,0.03,0.0,0.0,0.0,0.0,0.0,0,0,0
1756097579,881,0.0,0.0,0.0,0.0,0.0,0.0,0.0,0.0,0,0,0
1756097579,882,0.0,0.0,0.0,0.0,0.0,0.0,0.0,0.0,0,0,0
1756097579,883,0.01,0.0,0.0,0.0,0.0,0.0,0.0,0.0,0,0,0
1756097580,884,0.03,0.0,-0.01,0.0,0.0,0.0,0.0,0.0,0,0,0
1756097580,885,-0.01,0.0,0.0,0.0,0.0,0.0,0.0,0.0,0,0,0
1756097580,886,-0.02,0.0,-0.07,0.0,0.0,0.0,0.0,0.0,0,0,0
1756097580,887,0.0,0.0,-0.05,0.0,0.0,0.0,0.0,0.0,0,0,0
1756097580,888,0.0,0.0,-0.05,0.0,0.0,0.0,0.0,0.0,0,0,0
1756097580,889,0.0,0.0,-0.05,0.0,0.0,0.0,0.0,0.0,0,0,0
1756097580,890,0.0,0.0,-0.07,0.0,0.0,0.0,0.0,0.0,0,0,0
1756097580,891,0.0,0.0,-0.07,0.0,0.0,0.0,0.0,0.0,0,0,0
1756097580,892,0.0,0.0,-0.02,0.0,0.0,0.0,0.0,0.0,0,0,0
1756097580,893,0.0,0.0,-0.11,0.0,0.0,0.0,0.0,0.0,0,0,0
1756097580,894,0.0,0.0,-0.07,0.0,0.0,0.0,0.0,0.0,0,0,0
1756097580,895,0.0,0.0,-0.01,0.0,0.0,0.0,0.0,0.0,0,0,0
1756097580,896,0.02,0.0,-0.07,0.0,0.0,0.0,0.0,0.0,0,0,0
1756097580,897,0.01,0.0,-0.02,0.0,0.0,0.0,0.0,0.0,0,0,0
1756097580,898,-0.03,0.0,-0.05,0.0,0.0,0.0,0.0,0.0,0,0,0
1756097580,899,0.0,0.0,-0.05,0.0,0.0,0.0,0.0,0.0,0,0,0
1756097580,900,-0.01,0.0,0.0,0.0,0.0,0.0,0.0,0.0,0,0,0
1756097580,901,0.0,0.0,-0.05,0.0,0.0,0.0,0.0,0.0,0,0,0
1756097580,902,0.0,0.0,0.01,0.0,0.0,0.0,0.0,0.0,0,0,0
1756097580,903,0.02,0.0,-0.05,0.0,0.0,0.0,0.0,0.0,0,0,0
1756097580,904,0.0,0.0,0.0,0.0,0.0,0.0,0.0,0.0,0,0,0
1756097580,905,0.02,0.0,0.0,0.0,0.0,0.0,0.0,0.0,0,0,0
1756097580,906,0.07,0.0,0.0,0.0,0.0,0.0,0.0,0.0,0,0,0
1756097580,907,0.0,0.0,-0.03,0.0,0.0,0.0,0.0,0.0,0,0,0
1756097580,908,-0.1,0.0,-0.01,0.0,0.0,0.0,0.0,0.0,0,0,0
1756097580,909,0.0,0.0,0.0,0.0,0.0,0.0,0.0,0.0,0,0,0
1756097580,910,0.05,0.0,0.01,0.0,0.0,0.0,0.0,0.0,0,0,0
1756097580,911,0.0,0.0,0.0,0.0,0.0,0.0,0.0,0.0,0,0,0
1756097580,912,0.03,0.0,0.0,0.0,0.0,0.0,0.0,0.0,0,0,0
1756097580,913,0.05,0.0,-0.01,0.0,0.0,0.0,0.0,0.0,0,0,0
1756097580,914,0.07,0.0,-0.03,0.0,0.0,0.0,0.0,0.0,0,0,0
1756097580,915,0.02,0.0,0.0,0.0,0.0,0.0,0.0,0.0,0,0,0
1756097580,916,0.0,0.0,0.0,0.0,0.0,0.0,0.0,0.0,0,0,0
1756097580,917,0.0,0.0,-0.01,0.0,0.0,0.0,0.0,0.0,0,0,0
1756097580,918,0.0,0.0,-0.09,0.0,0.0,0.0,0.0,0.0,0,0,0
1756097580,919,0.07,0.0,0.05,0.0,0.0,0.0,0.0,0.0,0,0,0
1756097580,920,-0.05,0.0,0.0,0.0,0.0,0.0,0.0,0.0,0,0,0
1756097580,921,0.03,0.0,-0.02,0.0,0.0,0.0,0.0,0.0,0,0,0
1756097580,922,-0.02,0.0,-0.01,0.0,0.0,0.0,0.0,0.0,0,0,0
1756097580,923,0.0,0.0,-0.02,0.0,0.0,0.0,0.0,0.0,0,0,0
1756097580,924,0.01,0.0,0.0,0.0,0.0,0.0,0.0,0.0,0,0,0
1756097580,925,0.05,0.0,-0.02,0.0,0.0,0.0,0.0,0.0,0,0,0
1756097580,926,0.03,0.0,0.0,0.0,0.0,0.0,0.0,0.0,0,0,0
1756097580,927,-0.02,0.0,0.0,0.0,0.0,0.0,0.0,0.0,0,0,0
1756097580,928,-0.01,0.0,0.0,0.0,0.0,0.0,0.0,0.0,0,0,0
1756097580,929,0.0,0.0,-0.11,0.0,0.0,0.0,0.0,0.0,0,0,0
1756097580,930,-0.01,0.0,0.0,0.0,0.0,0.0,0.0,0.0,0,0,0
1756097580,931,-0.07,0.0,-0.01,0.0,0.0,0.0,0.0,0.0,0,0,0
1756097580,932,-0.02,0.0,-0.01,0.0,0.0,0.0,0.0,0.0,0,0,0
1756097580,933,0.0,0.0,0.0,0.0,0.0,0.0,0.0,0.0,0,0,0
1756097580,934,0.05,0.0,0.0,0.0,0.0,0.0,0.0,0.0,0,0,0
1756097580,935,0.01,0.0,-0.01,0.0,0.0,0.0,0.0,0.0,0,0,0
1756097580,936,0.05,0.0,0.03,0.0,0.0,0.0,0.0,0.0,0,0,0
1756097580,937,0.07,0.0,0.02,0.0,0.0,0.0,0.0,0.0,0,0,0
1756097580,938,0.18,0.0,0.0,0.0,0.0,0.0,0.0,0.0,0,0,0
1756097580,939,0.07,0.0,0.0,0.0,0.0,0.0,0.0,0.0,0,0,0
1756097580,940,0.0,0.0,-0.01,0.0,0.0,0.0,0.0,0.0,0,0,0
1756097580,941,-0.05,0.0,0.0,0.0,0.0,0.0,0.0,0.0,0,0,0
1756097580,942,-0.07,0.0,0.01,0.0,0.0,0.0,0.0,0.0,0,0,0
1756097580,943,-0.03,0.0,-0.02,0.0,0.0,0.0,0.0,0.0,0,0,0
1756097580,944,0.02,0.0,0.0,0.0,0.0,0.0,0.0,0.0,0,0,0
1756097580,945,0.0,0.0,0.0,0.0,0.0,0.0,0.0,0.0,0,0,0
1756097580,946,0.0,0.0,0.0,0.0,0.0,0.0,0.0,0.0,0,0,0
1756097580,947,0.0,0.0,0.0,0.0,0.0,0.0,0.0,0.0,0,0,0
1756097580,948,0.0,0.0,0.0,0.0,0.0,0.0,0.0,0.0,0,0,0
1756097580,949,0.0,0.0,0.0,0.0,0.0,0.0,0.0,0.0,0,0,0
1756097580,950,0.0,0.0,0.0,0.0,0.0,0.0,0.0,0.0,0,0,0
1756097580,951,0.0,0.0,0.0,0.0,0.0,0.0,0.0,0.0,0,0,0
1756097581,952,0.02,0.0,0.0,0.0,0.0,0.0,0.0,0.0,0,0,0
1756097581,953,0.03,0.0,0.0,0.0,0.0,0.0,0.0,0.0,0,0,0
1756097581,954,0.0,0.0,0.0,0.0,0.0,0.0,0.0,0.0,0,0,0
1756097581,955,0.03,0.0,-0.01,0.0,0.0,0.0,0.0,0.0,0,0,0
1756097581,956,0.01,0.0,0.0,0.0,0.0,0.0,0.0,0.0,0,0,0
1756097581,957,0.05,0.0,0.0,0.0,0.0,0.0,0.0,0.0,0,0,0
1756097581,958,-0.07,0.0,0.0,0.0,0.0,0.0,0.0,0.0,0,0,0
1756097581,959,0.0,0.0,0.0,0.0,0.0,0.0,0.0,0.0,0,0,0
1756097581,960,0.0,0.0,-0.01,0.0,0.0,0.0,0.0,0.0,0,0,0
1756097581,961,0.01,0.0,-0.02,0.0,0.0,0.0,0.0,0.0,0,0,0
1756097581,962,0.0,0.0,0.0,0.0,0.0,0.0,0.0,0.0,0,0,0
1756097581,963,-0.02,0.0,0.0,0.0,0.0,0.0,0.0,0.0,0,0,0
1756097581,964,0.0,0.0,-0.03,0.0,0.0,0.0,0.0,0.0,0,0,0
1756097581,965,-0.01,0.0,0.01,0.0,0.0,0.0,0.0,0.0,0,0,0
1756097581,966,-0.02,0.0,-0.01,0.0,0.0,0.0,0.0,0.0,0,0,0
1756097581,967,0.0,0.0,0.0,0.0,0.0,0.0,0.0,0.0,0,0,0
1756097581,968,0.02,0.0,0.0,0.0,0.0,0.0,0.0,0.0,0,0,0
1756097581,969,0.0,0.0,0.0,0.0,0.0,0.0,0.0,0.0,0,0,0
1756097581,970,0.0,0.0,0.0,0.0,0.0,0.0,0.0,0.0,0,0,0
1756097581,971,-0.05,0.0,-0.02,0.0,0.0,0.0,0.0,0.0,0,0,0
1756097581,972,-0.02,0.0,-0.02,0.0,0.0,0.0,0.0,0.0,0,0,0
1756097581,973,-0.03,0.0,0.0,0.0,0.0,0.0,0.0,0.0,0,0,0
1756097581,974,-0.01,0.0,0.0,0.0,0.0,0.0,0.0,0.0,0,0,0
1756097581,975,0.01,0.0,0.0,0.0,0.0,0.0,0.0,0.0,0,0,0
1756097581,976,0.05,0.0,0.01,0.0,0.0,0.0,0.0,0.0,0,0,0
1756097581,977,0.05,0.0,0.03,0.0,0.0,0.0,0.0,0.0,0,0,0
1756097581,978,0.0,0.0,0.0,0.0,0.0,0.0,0.0,0.0,0,0,0
1756097581,979,0.02,0.0,0.0,0.0,0.0,0.0,0.0,0.0,0,0,0
1756097581,980,0.03,0.0,0.07,0.0,0.0,0.0,0.0,0.0,0,0,0
1756097581,981,0.05,0.0,0.0,0.0,0.0,0.0,0.0,0.0,0,0,0
1756097581,982,0.05,0.0,0.05,0.0,0.0,0.0,0.0,0.0,0,0,0
1756097581,983,0.03,0.0,-0.03,0.0,0.0,0.0,0.0,0.0,0,0,0
1756097581,984,0.05,0.0,-0.01,0.0,0.0,0.0,0.0,0.0,0,0,0
1756097581,985,0.0,0.0,-0.02,0.0,0.0,0.0,0.0,0.0,0,0,0
1756097581,986,0.0,0.0,-0.01,0.0,0.0,0.0,0.0,0.0,0,0,0
1756097581,987,-0.03,0.0,0.03,0.0,0.0,0.0,0.0,0.0,0,0,0
1756097581,988,0.03,0.0,0.0,0.0,0.0,0.0,0.0,0.0,0,0,0
1756097581,989,0.0,0.0,0.0,0.0,0.0,0.0,0.0,0.0,0,0,0
1756097581,990,0.0,0.0,0.0,0.0,0.0,0.0,0.0,0.0,0,0,0
1756097581,991,0.01,0.0,-0.02,0.0,0.0,0.0,0.0,0.0,0,0,0
1756097581,992,0.02,0.0,0.0,0.0,0.0,0.0,0.0,0.0,0,0,0
1756097581,993,0.0,0.0,0.0,0.0,0.0,0.0,0.0,0.0,0,0,0
1756097581,994,-0.05,0.0,0.0,0.0,0.0,0.0,0.0,0.0,0,0,0
1756097581,995,-0.01,0.0,0.0,0.0,0.0,0.0,0.0,0.0,0,0,0
1756097581,996,0.0,0.0,0.0,0.0,0.0,0.0,0.0,0.0,0,0,0
1756097581,997,0.01,0.0,0.0,0.0,0.0,0.0,0.0,0.0,0,0,0
1756097581,998,0.01,0.0,-0.02,0.0,0.0,0.0,0.0,0.0,0,0,0
1756097581,999,0.02,0.0,-0.03,0.0,0.0,0.0,0.0,0.0,0,0,0
1756097581,1000,0.05,0.0,0.02,0.0,0.0,0.0,0.0,0.0,0,0,0
1756097581,1001,0.0,0.0,0.0,0.0,0.0,0.0,0.0,0.0,0,0,0
1756097581,1002,0.07,0.0,0.0,0.0,0.0,0.0,0.0,0.0,0,0,0
1756097581,1003,0.0,0.0,0.0,0.0,0.0,0.0,0.0,0.0,0,0,0
1756097581,1004,0.0,0.0,0.0,0.0,0.0,0.0,0.0,0.0,0,0,0
1756097581,1005,0.05,0.0,-0.01,0.0,0.0,0.0,0.0,0.0,0,0,0
1756097581,1006,-0.05,0.0,0.02,0.0,0.0,0.0,0.0,0.0,0,0,0
1756097581,1007,0.0,0.0,0.0,0.0,0.0,0.0,0.0,0.0,0,0,0
1756097581,1008,0.0,0.0,0.0,0.0,0.0,0.0,0.0,0.0,0,0,0
1756097581,1009,0.0,0.0,0.0,0.0,0.0,0.0,0.0,0.0,0,0,0
1756097581,1010,0.0,0.0,0.0,0.0,0.0,0.0,0.0,0.0,0,0,0
1756097581,1011,0.0,0.0,0.02,0.0,0.0,0.0,0.0,0.0,0,0,0
1756097581,1012,0.05,0.0,-0.03,0.0,0.0,0.0,0.0,0.0,0,0,0
1756097581,1013,0.02,0.0,0.0,0.0,0.0,0.0,0.0,0.0,0,0,0
1756097581,1014,0.0,0.0,0.0,0.0,0.0,0.0,0.0,0.0,0,0,0
1756097581,1015,-0.02,0.0,0.0,0.0,0.0,0.0,0.0,0.0,0,0,0
1756097581,1016,-0.02,0.0,0.01,0.0,0.0,0.0,0.0,0.0,0,0,0
1756097582,1017,0.0,0.0,0.0,0.0,0.0,0.0,0.0,0.0,0,0,0
1756097582,1018,0.0,0.0,-0.01,0.0,0.0,0.0,0.0,0.0,0,0,0
1756097582,1019,0.0,0.0,-0.05,0.0,0.0,0.0,0.0,0.0,0,0,0
1756097582,1020,-0.01,0.0,0.0,0.0,0.0,0.0,0.0,0.0,0,0,0
1756097582,1021,0.0,0.0,0.05,0.0,0.0,0.0,0.0,0.0,0,0,0
1756097582,1022,0.0,0.0,0.01,0.0,0.0,0.0,0.0,0.0,0,0,0
1756097582,1023,0.0,0.0,0.0,0.0,0.0,0.0,0.0,0.0,0,0,0
1756097582,1024,0.03,0.0,-0.1,0.0,0.0,0.0,0.0,0.0,0,0,0
1756097582,1025,0.02,0.0,0.0,0.0,0.0,0.0,0.0,0.0,0,0,0
1756097582,1026,-0.01,0.0,0.0,0.0,0.0,0.0,0.0,0.0,0,0,0
1756097582,1027,0.0,0.0,0.07,0.0,0.0,0.0,0.0,0.0,0,0,0
1756097582,1028,0.03,0.0,0.0,0.0,0.0,0.0,0.0,0.0,0,0,0
1756097582,1029,0.05,0.0,-0.03,0.0,0.0,0.0,0.0,0.0,0,0,0
1756097582,1030,-0.07,0.0,-0.05,0.0,0.0,0.0,0.0,0.0,0,0,0
1756097582,1031,-0.01,0.0,0.0,0.0,0.0,0.0,0.0,0.0,0,0,0
1756097582,1032,0.07,0.0,-0.02,0.0,0.0,0.0,0.0,0.0,0,0,0
1756097582,1033,0.05,0.0,0.0,0.0,0.0,0.0,0.0,0.0,0,0,0
1756097582,1034,0.0,0.0,-0.01,0.0,0.0,0.0,0.0,0.0,0,0,0
1756097582,1035,0.0,0.0,0.0,0.0,0.0,0.0,0.0,0.0,0,0,0
1756097582,1036,0.0,0.0,0.0,0.0,0.0,0.0,0.0,0.0,0,0,0
1756097582,1037,0.0,0.0,-0.07,0.0,0.0,0.0,0.0,0.0,0,0,0
1756097582,1038,0.0,0.0,0.03,0.0,0.0,0.0,0.0,0.0,0,0,0
1756097582,1039,-0.01,0.0,0.0,0.0,0.0,0.0,0.0,0.0,0,0,0
1756097582,1040,0.0,0.0,0.0,0.0,0.0,0.0,0.0,0.0,0,0,0
1756097582,1041,0.01,0.0,-0.1,0.0,0.0,0.0,0.0,0.0,0,0,0
1756097582,1042,-0.01,0.0,-0.05,0.0,0.0,0.0,0.0,0.0,0,0,0
1756097582,1043,-0.02,0.0,0.02,0.0,0.0,0.0,0.0,0.0,0,0,0
1756097582,1044,0.05,0.0,0.0,0.0,0.0,0.0,0.0,0.0,0,0,0
1756097582,1045,0.01,0.0,0.0,0.0,0.0,0.0,0.0,0.0,0,0,0
1756097582,1046,-0.05,0.0,-0.02,0.0,0.0,0.0,0.0,0.0,0,0,0
1756097582,1047,0.01,0.0,0.01,0.0,0.0,0.0,0.0,0.0,0,0,0
1756097582,1048,0.02,0.0,-0.01,0.0,0.0,0.0,0.0,0.0,0,0,0
1756097582,1049,0.0,0.0,0.0,0.0,0.0,0.0,0.0,0.0,0,0,0
1756097582,1050,-0.01,0.0,0.0,0.0,0.0,0.0,0.0,0.0,0,0,0
1756097582,1051,0.0,0.0,-0.01,0.0,0.0,0.0,0.0,0.0,0,0,0
1756097582,1052,0.0,0.0,-0.02,0.0,0.0,0.0,0.0,0.0,0,0,0
1756097582,1053,-0.02,0.0,-0.01,0.0,0.0,0.0,0.0,0.0,0,0,0
1756097582,1054,0.0,0.0,0.0,0.0,0.0,0.0,0.0,0.0,0,0,0
1756097582,1055,0.0,0.0,0.0,0.0,0.0,0.0,0.0,0.0,0,0,0
1756097582,1056,0.0,0.0,0.0,0.0,0.0,0.0,0.0,0.0,0,0,0
1756097582,1057,0.0,0.0,-0.03,0.0,0.0,0.0,0.0,0.0,0,0,0
1756097582,1058,0.0,0.0,0.0,0.0,0.0,0.0,0.0,0.0,0,0,0
1756097582,1059,0.0,0.0,0.05,0.0,0.0,0.0,0.0,0.0,0,0,0
1756097582,1060,0.05,0.0,0.05,0.0,0.0,0.0,0.0,0.0,0,0,0
1756097582,1061,0.02,0.0,0.0,0.0,0.0,0.0,0.0,0.0,0,0,0
1756097582,1062,0.0,0.0,0.0,0.0,0.0,0.0,0.0,0.0,0,0,0
1756097582,1063,0.09,0.0,-0.01,0.0,0.0,0.0,0.0,0.0,0,0,0
1756097582,1064,0.01,0.0,0.0,0.0,0.0,0.0,0.0,0.0,0,0,0
1756097582,1065,0.02,0.0,0.0,0.0,0.0,0.0,0.0,0.0,0,0,0
1756097582,1066,0.0,0.0,0.0,0.0,0.0,0.0,0.0,0.0,0,0,0
1756097582,1067,0.0,0.0,0.0,0.0,0.0,0.0,0.0,0.0,0,0,0
1756097582,1068,-0.05,0.0,0.0,0.0,0.0,0.0,0.0,0.0,0,0,0
1756097582,1069,0.0,0.0,-0.03,0.0,0.0,0.0,0.0,0.0,0,0,0
1756097582,1070,0.0,0.0,0.0,0.0,0.0,0.0,0.0,0.0,0,0,0
1756097582,1071,0.03,0.0,-0.03,0.0,0.0,0.0,0.0,0.0,0,0,0
1756097582,1072,0.03,0.0,-0.05,0.0,0.0,0.0,0.0,0.0,0,0,0
1756097582,1073,0.03,0.0,0.0,0.0,0.0,0.0,0.0,0.0,0,0,0
1756097582,1074,0.0,0.0,0.0,0.0,0.0,0.0,0.0,0.0,0,0,0
1756097582,1075,0.0,0.0,0.0,0.0,0.0,0.0,0.0,0.0,0,0,0
1756097582,1076,-0.03,0.0,0.0,0.0,0.0,0.0,0.0,0.0,0,0,0
1756097582,1077,-0.01,0.0,-0.01,0.0,0.0,0.0,0.0,0.0,0,0,0
1756097582,1078,-0.02,0.0,0.05,0.0,0.0,0.0,0.0,0.0,0,0,0
1756097582,1079,0.0,0.0,-0.05,0.0,0.0,0.0,0.0,0.0,0,0,0
1756097582,1080,-0.01,0.0,0.0,0.0,0.0,0.0,0.0,0.0,0,0,0
1756097582,1081,0.01,0.0,0.0,0.0,0.0,0.0,0.0,0.0,0,0,0
1756097583,1082,0.0,0.0,0.0,0.0,0.0,0.0,0.0,0.0,0,0,0
1756097583,1083,0.0,0.0,-0.03,0.0,0.0,0.0,0.0,0.0,0,0,0
1756097583,1084,0.0,0.0,0.0,0.0,0.0,0.0,0.0,0.0,0,0,0
1756097583,1085,-0.02,0.0,0.0,0.0,0.0,0.0,0.0,0.0,0,0,0
1756097583,1086,-0.09,0.0,0.0,0.0,0.0,0.0,0.0,0.0,0,0,0
1756097583,1087,0.03,0.0,0.0,0.0,0.0,0.0,0.0,0.0,0,0,0
1756097583,1088,0.0,0.0,0.0,0.0,0.0,0.0,0.0,0.0,0,0,0
1756097583,1089,0.01,0.0,0.05,0.0,0.0,0.0,0.0,0.0,0,0,0
1756097583,1090,0.05,0.0,-0.01,0.0,0.0,0.0,0.0,0.0,0,0,0
1756097583,1091,0.03,0.0,-0.01,0.0,0.0,0.0,0.0,0.0,0,0,0
1756097583,1092,0.05,0.0,0.0,0.0,0.0,0.0,0.0,0.0,0,0,0
1756097583,1093,0.1,0.0,0.02,0.0,0.0,0.0,0.0,0.0,0,0,0
1756097583,1094,0.03,0.0,0.01,0.0,0.0,0.0,0.0,0.0,0,0,0
1756097583,1095,0.0,0.0,0.02,0.0,0.0,0.0,0.0,0.0,0,0,0
1756097583,1096,-0.03,0.0,0.0,0.0,0.0,0.0,0.0,0.0,0,0,0
1756097583,1097,0.0,0.0,-0.01,0.0,0.0,0.0,0.0,0.0,0,0,0
1756097583,1098,0.0,0.0,0.0,0.0,0.0,0.0,0.0,0.0,0,0,0
1756097583,1099,0.0,0.0,0.0,0.0,0.0,0.0,0.0,0.0,0,0,0
1756097583,1100,0.03,0.0,0.0,0.0,0.0,0.0,0.0,0.0,0,0,0
1756097583,1101,0.0,0.0,-0.02,0.0,0.0,0.0,0.0,0.0,0,0,0
1756097583,1102,-0.03,0.0,0.0,0.0,0.0,0.0,0.0,0.0,0,0,0
1756097583,1103,0.0,0.0,-0.01,0.0,0.0,0.0,0.0,0.0,0,0,0
1756097583,1104,0.0,0.0,0.03,0.0,0.0,0.0,0.0,0.0,0,0,0
1756097583,1105,0.0,0.0,-0.01,0.0,0.0,0.0,0.0,0.0,0,0,0
1756097583,1106,-0.07,0.0,0.0,0.0,0.0,0.0,0.0,0.0,0,0,0
1756097583,1107,0.02,0.0,-0.02,0.0,0.0,0.0,0.0,0.0,0,0,0
1756097583,1108,0.01,0.0,0.0,0.0,0.0,0.0,0.0,0.0,0,0,0
1756097583,1109,-0.02,0.0,-0.01,0.0,0.0,0.0,0.0,0.0,0,0,0
1756097583,1110,0.0,0.0,0.01,0.0,0.0,0.0,0.0,0.0,0,0,0
1756097583,1111,0.0,0.0,0.01,0.0,0.0,0.0,0.0,0.0,0,0,0
1756097583,1112,0.0,0.0,0.0,0.0,0.0,0.0,0.0,0.0,0,0,0
1756097583,1113,0.0,0.0,-0.01,0.0,0.0,0.0,0.0,0.0,0,0,0
1756097583,1114,0.0,0.0,0.01,0.0,0.0,0.0,0.0,0.0,0,0,0
1756097583,1115,0.01,0.0,0.01,0.0,0.0,0.0,0.0,0.0,0,0,0
1756097583,1116,-0.01,0.0,0.0,0.0,0.0,0.0,0.0,0.0,0,0,0
1756097583,1117,0.05,0.0,0.0,0.0,0.0,0.0,0.0,0.0,0,0,0
1756097583,1118,0.0,0.0,-0.09,0.0,0.0,0.0,0.0,0.0,0,0,0
1756097583,1119,0.0,0.0,-0.02,0.0,0.0,0.0,0.0,0.0,0,0,0
1756097583,1120,-0.01,0.0,-0.02,0.0,0.0,0.0,0.0,0.0,0,0,0
1756097583,1121,0.0,0.0,0.0,0.0,0.0,0.0,0.0,0.0,0,0,0
1756097583,1122,-0.07,0.0,-0.03,0.0,0.0,0.0,0.0,0.0,0,0,0
1756097583,1123,0.07,0.0,0.0,0.0,0.0,0.0,0.0,0.0,0,0,0
1756097583,1124,0.01,0.0,0.0,0.0,0.0,0.0,0.0,0.0,0,0,0
1756097583,1125,-0.07,0.0,0.0,0.0,0.0,0.0,0.0,0.0,0,0,0
1756097583,1126,-0.01,0.0,-0.07,0.0,0.0,0.0,0.0,0.0,0,0,0
1756097583,1127,0.09,0.0,-0.05,0.0,0.0,0.0,0.0,0.0,0,0,0
1756097583,1128,0.0,0.0,-0.01,0.0,0.0,0.0,0.0,0.0,0,0,0
1756097583,1129,-0.05,0.0,-0.07,0.0,0.0,0.0,0.0,0.0,0,0,0
1756097583,1130,0.0,0.0,0.0,0.0,0.0,0.0,0.0,0.0,0,0,0
1756097583,1131,0.0,0.0,-0.05,0.0,0.0,0.0,0.0,0.0,0,0,0
1756097583,1132,0.0,0.0,-0.01,0.0,0.0,0.0,0.0,0.0,0,0,0
1756097583,1133,0.01,0.0,0.0,0.0,0.0,0.0,0.0,0.0,0,0,0
1756097583,1134,-0.05,0.0,0.0,0.0,0.0,0.0,0.0,0.0,0,0,0
1756097583,1135,0.0,0.0,-0.07,0.0,0.0,0.0,0.0,0.0,0,0,0
1756097583,1136,0.0,0.0,-0.02,0.0,0.0,0.0,0.0,0.0,0,0,0
1756097583,1137,0.0,0.0,0.0,0.0,0.0,0.0,0.0,0.0,0,0,0
1756097583,1138,0.0,0.0,-0.01,0.0,0.0,0.0,0.0,0.0,0,0,0
1756097583,1139,-0.01,0.0,0.0,0.0,0.0,0.0,0.0,0.0,0,0,0
1756097583,1140,0.0,0.0,0.0,0.0,0.0,0.0,0.0,0.0,0,0,0
1756097583,1141,0.01,0.0,0.0,0.0,0.0,0.0,0.0,0.0,0,0,0
1756097583,1142,0.01,0.0,-0.02,0.0,0.0,0.0,0.0,0.0,0,0,0
1756097583,1143,-0.07,0.0,-0.02,0.0,0.0,0.0,0.0,0.0,0,0,0
1756097583,1144,0.02,0.0,0.0,0.0,0.0,0.0,0.0,0.0,0,0,0
1756097583,1145,0.0,0.0,0.0,0.0,0.0,0.0,0.0,0.0,0,0,0
1756097583,1146,0.0,0.0,-0.03,0.0,0.0,0.0,0.0,0.0,0,0,0
1756097583,1147,0.0,0.0,-0.1,0.0,0.0,0.0,0.0,0.0,0,0,0
1756097583,1148,0.0,0.0,-0.01,0.0,0.0,0.0,0.0,0.0,0,0,0
1756097584,1149,0.03,0.0,0.0,0.0,0.0,0.0,0.0,0.0,0,0,0
1756097584,1150,0.0,0.0,0.0,0.0,0.0,0.0,0.0,0.0,0,0,0
1756097584,1151,0.0,0.0,0.0,0.0,0.0,0.0,0.0,0.0,0,0,0
1756097584,1152,0.01,0.0,0.0,0.0,0.0,0.0,0.0,0.0,0,0,0
1756097584,1153,-0.07,0.0,0.0,0.0,0.0,0.0,0.0,0.0,0,0,0
1756097584,1154,0.07,0.0,0.0,0.0,0.0,0.0,0.0,0.0,0,0,0
1756097584,1155,0.02,0.0,0.0,0.0,0.0,0.0,0.0,0.0,0,0,0
1756097584,1156,-0.02,0.0,0.05,0.0,0.0,0.0,0.0,0.0,0,0,0
1756097584,1157,0.0,0.0,0.0,0.0,0.0,0.0,0.0,0.0,0,0,0
1756097584,1158,0.0,0.0,0.0,0.0,0.0,0.0,0.0,0.0,0,0,0
1756097584,1159,0.0,0.0,0.0,0.0,0.0,0.0,0.0,0.0,0,0,0
1756097584,1160,0.03,0.0,-0.02,0.0,0.0,0.0,0.0,0.0,0,0,0
1756097584,1161,0.0,0.0,-0.01,0.0,0.0,0.0,0.0,0.0,0,0,0
1756097584,1162,0.05,0.0,0.0,0.0,0.0,0.0,0.0,0.0,0,0,0
1756097584,1163,0.0,0.0,-0.02,0.0,0.0,0.0,0.0,0.0,0,0,0
1756097584,1164,0.05,0.0,0.01,0.0,0.0,0.0,0.0,0.0,0,0,0
1756097584,1165,-0.01,0.0,-0.02,0.0,0.0,0.0,0.0,0.0,0,0,0
1756097584,1166,0.07,0.0,0.0,0.0,0.0,0.0,0.0,0.0,0,0,0
1756097584,1167,0.02,0.0,0.0,0.0,0.0,0.0,0.0,0.0,0,0,0
1756097584,1168,0.02,0.0,0.0,0.0,0.0,0.0,0.0,0.0,0,0,0
1756097584,1169,0.02,0.0,0.0,0.0,0.0,0.0,0.0,0.0,0,0,0
1756097584,1170,0.0,0.0,0.01,0.0,0.0,0.0,0.0,0.0,0,0,0
1756097584,1171,0.0,0.0,-0.02,0.0,0.0,0.0,0.0,0.0,0,0,0
1756097584,1172,0.02,0.0,-0.03,0.0,0.0,0.0,0.0,0.0,0,0,0
1756097584,1173,0.01,0.0,-0.09,0.0,0.0,0.0,0.0,0.0,0,0,0
1756097584,1174,0.0,0.0,0.02,0.0,0.0,0.0,0.0,0.0,0,0,0
1756097584,1175,0.0,0.0,0.0,0.0,0.0,0.0,0.0,0.0,0,0,0
1756097584,1176,0.01,0.0,0.0,0.0,0.0,0.0,0.0,0.0,0,0,0
1756097584,1177,0.0,0.0,0.0,0.0,0.0,0.0,0.0,0.0,0,0,0
1756097584,1178,0.0,0.0,0.0,0.0,0.0,0.0,0.0,0.0,0,0,0
1756097584,1179,0.0,0.0,-0.01,0.0,0.0,0.0,0.0,0.0,0,0,0
1756097584,1180,0.01,0.0,-0.02,0.0,0.0,0.0,0.0,0.0,0,0,0
1756097584,1181,-0.01,0.0,-0.02,0.0,0.0,0.0,0.0,0.0,0,0,0
1756097584,1182,0.01,0.0,-0.07,0.0,0.0,0.0,0.0,0.0,0,0,0
1756097584,1183,0.05,0.0,0.0,0.0,0.0,0.0,0.0,0.0,0,0,0
1756097584,1184,-0.01,0.0,-0.02,0.0,0.0,0.0,0.0,0.0,0,0,0
1756097584,1185,-0.01,0.0,-0.01,0.0,0.0,0.0,0.0,0.0,0,0,0
1756097584,1186,-0.02,0.0,-0.05,0.0,0.0,0.0,0.0,0.0,0,0,0
1756097584,1187,0.01,0.0,0.0,0.0,0.0,0.0,0.0,0.0,0,0,0
1756097584,1188,0.07,0.0,0.0,0.0,0.0,0.0,0.0,0.0,0,0,0
1756097584,1189,0.0,0.0,0.07,0.0,0.0,0.0,0.0,0.0,0,0,0
1756097584,1190,0.0,0.0,0.0,0.0,0.0,0.0,0.0,0.0,0,0,0
1756097584,1191,0.0,0.0,-0.01,0.0,0.0,0.0,0.0,0.0,0,0,0
1756097584,1192,0.01,0.0,-0.01,0.0,0.0,0.0,0.0,0.0,0,0,0
1756097584,1193,0.0,0.0,0.01,0.0,0.0,0.0,0.0,0.0,0,0,0
1756097584,1194,0.0,0.0,0.0,0.0,0.0,0.0,0.0,0.0,0,0,0
1756097584,1195,0.0,0.0,-0.02,0.0,0.0,0.0,0.0,0.0,0,0,0
1756097584,1196,0.0,0.0,0.0,0.0,0.0,0.0,0.0,0.0,0,0,0
1756097584,1197,0.02,0.0,0.01,0.0,0.0,0.0,0.0,0.0,0,0,0
1756097584,1198,0.03,0.0,0.01,0.0,0.0,0.0,0.0,0.0,0,0,0
1756097584,1199,0.0,0.0,0.0,0.0,0.0,0.0,0.0,0.0,0,0,0
1756097584,1200,0.0,0.0,-0.02,0.0,0.0,0.0,0.0,0.0,0,0,0
1756097584,1201,0.0,0.0,0.0,0.0,0.0,0.0,0.0,0.0,0,0,0
1756097584,1202,0.0,0.0,0.0,0.0,0.0,0.0,0.0,0.0,0,0,0
1756097584,1203,0.0,0.0,0.0,0.0,0.0,0.0,0.0,0.0,0,0,0
1756097584,1204,0.01,0.0,0.0,0.0,0.0,0.0,0.0,0.0,0,0,0
1756097584,1205,0.03,0.0,0.0,0.0,0.0,0.0,0.0,0.0,0,0,0
1756097584,1206,0.1,0.0,0.1,0.0,0.0,0.0,0.0,0.0,0,0,0
1756097584,1207,-0.01,0.0,-0.02,0.0,0.0,0.0,0.0,0.0,0,0,0
1756097584,1208,-0.02,0.0,0.05,0.0,0.0,0.0,0.0,0.0,0,0,0
1756097584,1209,0.0,0.0,-0.05,0.0,0.0,0.0,0.0,0.0,0,0,0
1756097584,1210,-0.01,0.0,0.0,0.0,0.0,0.0,0.0,0.0,0,0,0
1756097584,1211,0.03,0.0,-0.03,0.0,0.0,0.0,0.0,0.0,0,0,0
1756097584,1212,0.0,0.0,0.0,0.0,0.0,0.0,0.0,0.0,0,0,0
1756097584,1213,0.0,0.0,0.0,0.0,0.0,0.0,0.0,0.0,0,0,0
1756097584,1214,0.0,0.0,-0.01,0.0,0.0,0.0,0.0,0.0,0,0,0
1756097584,1215,0.01,0.0,0.02,0.0,0.0,0.0,0.0,0.0,0,0,0
1756097585,1216,0.05,0.0,-0.02,0.0,0.0,0.0,0.0,0.0,0,0,0
1756097585,1217,0.03,0.0,-0.02,0.0,0.0,0.0,0.0,0.0,0,0,0
1756097585,1218,0.0,0.0,0.0,0.0,0.0,0.0,0.0,0.0,0,0,0
1756097585,1219,0.0,0.0,0.02,0.0,0.0,0.0,0.0,0.0,0,0,0
1756097585,1220,0.0,0.0,-0.01,0.0,0.0,0.0,0.0,0.0,0,0,0
1756097585,1221,0.0,0.0,0.01,0.0,0.0,0.0,0.0,0.0,0,0,0
1756097585,1222,0.0,0.0,0.0,0.0,0.0,0.0,0.0,0.0,0,0,0
1756097585,1223,0.0,0.0,0.0,0.0,0.0,0.0,0.0,0.0,0,0,0
1756097585,1224,0.05,0.0,-0.01,0.0,0.0,0.0,0.0,0.0,0,0,0
1756097585,1225,0.0,0.0,0.0,0.0,0.0,0.0,0.0,0.0,0,0,0
1756097585,1226,0.0,0.0,0.0,0.0,0.0,0.0,0.0,0.0,0,0,0
1756097585,1227,0.03,0.0,0.0,0.0,0.0,0.0,0.0,0.0,0,0,0
1756097585,1228,0.0,0.0,-0.02,0.0,0.0,0.0,0.0,0.0,0,0,0
1756097585,1229,0.03,0.0,-0.05,0.0,0.0,0.0,0.0,0.0,0,0,0
1756097585,1230,0.0,0.0,0.02,0.0,0.0,0.0,0.0,0.0,0,0,0
1756097585,1231,0.0,0.0,0.0,0.0,0.0,0.0,0.0,0.0,0,0,0
1756097585,1232,0.01,0.0,-0.02,0.0,0.0,0.0,0.0,0.0,0,0,0
1756097585,1233,0.01,0.0,0.0,0.0,0.0,0.0,0.0,0.0,0,0,0
1756097585,1234,0.03,0.0,-0.02,0.0,0.0,0.0,0.0,0.0,0,0,0
1756097585,1235,0.05,0.0,0.0,0.0,0.0,0.0,0.0,0.0,0,0,0
1756097585,1236,0.02,0.0,0.0,0.0,0.0,0.0,0.0,0.0,0,0,0
1756097585,1237,0.0,0.0,0.0,0.0,0.0,0.0,0.0,0.0,0,0,0
1756097585,1238,0.02,0.0,0.0,0.0,0.0,0.0,0.0,0.0,0,0,0
1756097585,1239,0.0,0.0,-0.07,0.0,0.0,0.0,0.0,0.0,0,0,0
1756097585,1240,-0.05,0.0,0.0,0.0,0.0,0.0,0.0,0.0,0,0,0
1756097585,1241,0.0,0.0,0.0,0.0,0.0,0.0,0.0,0.0,0,0,0
1756097585,1242,0.0,0.0,0.0,0.0,0.0,0.0,0.0,0.0,0,0,0
1756097585,1243,-0.02,0.0,0.05,0.0,0.0,0.0,0.0,0.0,0,0,0
1756097585,1244,-0.02,0.0,-0.01,0.0,0.0,0.0,0.0,0.0,0,0,0
1756097585,1245,-0.05,0.0,0.1,0.0,0.0,0.0,0.0,0.0,0,0,0
1756097585,1246,0.01,0.0,-0.02,0.0,0.0,0.0,0.0,0.0,0,0,0
1756097585,1247,0.01,0.0,-0.03,0.0,0.0,0.0,0.0,0.0,0,0,0
1756097585,1248,0.09,0.0,0.0,0.0,0.0,0.0,0.0,0.0,0,0,0
1756097585,1249,0.09,0.0,-0.05,0.0,0.0,0.0,0.0,0.0,0,0,0
1756097585,1250,0.03,0.0,0.0,0.0,0.0,0.0,0.0,0.0,0,0,0
1756097585,1251,0.02,0.0,-0.02,0.0,0.0,0.0,0.0,0.0,0,0,0
1756097585,1252,0.0,0.0,0.0,0.0,0.0,0.0,0.0,0.0,0,0,0
1756097585,1253,0.07,0.0,0.0,0.0,0.0,0.0,0.0,0.0,0,0,0
1756097585,1254,0.07,0.0,0.0,0.0,0.0,0.0,0.0,0.0,0,0,0
1756097585,1255,-0.01,0.0,0.0,0.0,0.0,0.0,0.0,0.0,0,0,0
1756097585,1256,-0.03,0.0,-0.05,0.0,0.0,0.0,0.0,0.0,0,0,0
1756097585,1257,0.0,0.0,0.0,0.0,0.0,0.0,0.0,0.0,0,0,0
1756097585,1258,0.01,0.0,-0.02,0.0,0.0,0.0,0.0,0.0,0,0,0
1756097585,1259,-0.02,0.0,0.05,0.0,0.0,0.0,0.0,0.0,0,0,0
1756097585,1260,0.0,0.0,0.05,0.0,0.0,0.0,0.0,0.0,0,0,0
1756097585,1261,0.0,0.0,-0.01,0.0,0.0,0.0,0.0,0.0,0,0,0
1756097585,1262,0.02,0.0,0.0,0.0,0.0,0.0,0.0,0.0,0,0,0
1756097585,1263,0.0,0.0,0.02,0.0,0.0,0.0,0.0,0.0,0,0,0
1756097585,1264,0.01,0.0,-0.01,0.0,0.0,0.0,0.0,0.0,0,0,0
1756097585,1265,0.01,0.0,-0.05,0.0,0.0,0.0,0.0,0.0,0,0,0
1756097585,1266,0.0,0.0,-0.01,0.0,0.0,0.0,0.0,0.0,0,0,0
1756097585,1267,-0.02,0.0,0.0,0.0,0.0,0.0,0.0,0.0,0,0,0
1756097585,1268,0.01,0.0,0.0,0.0,0.0,0.0,0.0,0.0,0,0,0
1756097585,1269,-0.01,0.0,0.0,0.0,0.0,0.0,0.0,0.0,0,0,0
1756097585,1270,0.0,0.0,0.0,0.0,0.0,0.0,0.0,0.0,0,0,0
1756097585,1271,0.0,0.0,-0.02,0.0,0.0,0.0,0.0,0.0,0,0,0
1756097585,1272,0.0,0.0,-0.01,0.0,0.0,0.0,0.0,0.0,0,0,0
1756097585,1273,0.05,0.0,0.0,0.0,0.0,0.0,0.0,0.0,0,0,0
1756097585,1274,0.03,0.0,0.0,0.0,0.0,0.0,0.0,0.0,0,0,0
1756097585,1275,0.0,0.0,0.0,0.0,0.0,0.0,0.0,0.0,0,0,0
1756097585,1276,0.05,0.0,0.0,0.0,0.0,0.0,0.0,0.0,0,0,0
1756097585,1277,0.02,0.0,-0.01,0.0,0.0,0.0,0.0,0.0,0,0,0
1756097585,1278,0.02,0.0,-0.01,0.0,0.0,0.0,0.0,0.0,0,0,0
1756097585,1279,0.01,0.0,-0.01,0.0,0.0,0.0,0.0,0.0,0,0,0
1756097585,1280,-0.01,0.0,0.0,0.0,0.0,0.0,0.0,0.0,0,0,0
1756097586,1281,0.02,0.0,-0.02,0.0,0.0,0.0,0.0,0.0,0,0,0
1756097586,1282,0.03,0.0,0.0,0.0,0.0,0.0,0.0,0.0,0,0,0
1756097586,1283,0.07,0.0,-0.03,0.0,0.0,0.0,0.0,0.0,0,0,0
1756097586,1284,-0.01,0.0,0.0,0.0,0.0,0.0,0.0,0.0,0,0,0
1756097586,1285,0.03,0.0,-0.01,0.0,0.0,0.0,0.0,0.0,0,0,0
1756097586,1286,0.02,0.0,-0.03,0.0,0.0,0.0,0.0,0.0,0,0,0
1756097586,1287,0.0,0.0,-0.02,0.0,0.0,0.0,0.0,0.0,0,0,0
1756097586,1288,0.0,0.0,-0.01,0.0,0.0,0.0,0.0,0.0,0,0,0
1756097586,1289,-0.02,0.0,0.01,0.0,0.0,0.0,0.0,0.0,0,0,0
1756097586,1290,-0.01,0.0,-0.02,0.0,0.0,0.0,0.0,0.0,0,0,0
1756097586,1291,-0.02,0.0,0.02,0.0,0.0,0.0,0.0,0.0,0,0,0
1756097586,1292,0.0,0.0,0.01,0.0,0.0,0.0,0.0,0.0,0,0,0
1756097586,1293,0.0,0.0,0.0,0.0,0.0,0.0,0.0,0.0,0,0,0
1756097586,1294,-0.1,0.0,-0.03,0.0,0.0,0.0,0.0,0.0,0,0,0
1756097586,1295,0.07,0.0,0.02,0.0,0.0,0.0,0.0,0.0,0,0,0
1756097586,1296,-0.02,0.0,-0.02,0.0,0.0,0.0,0.0,0.0,0,0,0
1756097586,1297,0.02,0.0,0.0,0.0,0.0,0.0,0.0,0.0,0,0,0
1756097586,1298,0.05,0.0,0.0,0.0,0.0,0.0,0.0,0.0,0,0,0
1756097586,1299,0.01,0.0,-0.02,0.0,0.0,0.0,0.0,0.0,0,0,0
1756097586,1300,0.01,0.0,0.0,0.0,0.0,0.0,0.0,0.0,0,0,0
1756097586,1301,0.07,0.0,0.0,0.0,0.0,0.0,0.0,0.0,0,0,0
1756097586,1302,0.0,0.0,0.05,0.0,0.0,0.0,0.0,0.0,0,0,0
1756097586,1303,0.01,0.0,0.0,0.0,0.0,0.0,0.0,0.0,0,0,0
1756097586,1304,0.0,0.0,-0.01,0.0,0.0,0.0,0.0,0.0,0,0,0
1756097586,1305,0.03,0.0,0.0,0.0,0.0,0.0,0.0,0.0,0,0,0
1756097586,1306,0.01,0.0,0.0,0.0,0.0,0.0,0.0,0.0,0,0,0
1756097586,1307,-0.03,0.0,0.01,0.0,0.0,0.0,0.0,0.0,0,0,0
1756097586,1308,0.07,0.0,0.0,0.0,0.0,0.0,0.0,0.0,0,0,0
1756097586,1309,0.01,0.0,0.0,0.0,0.0,0.0,0.0,0.0,0,0,0
1756097586,1310,0.05,0.0,0.0,0.0,0.0,0.0,0.0,0.0,0,0,0
1756097586,1311,0.0,0.0,-0.01,0.0,0.0,0.0,0.0,0.0,0,0,0
1756097586,1312,0.05,0.0,-0.03,0.0,0.0,0.0,0.0,0.0,0,0,0
1756097586,1313,0.0,0.0,0.01,0.0,0.0,0.0,0.0,0.0,0,0,0
1756097586,1314,0.0,0.0,0.0,0.0,0.0,0.0,0.0,0.0,0,0,0
1756097586,1315,0.0,0.0,-0.05,0.0,0.0,0.0,0.0,0.0,0,0,0
1756097586,1316,0.02,0.0,0.0,0.0,0.0,0.0,0.0,0.0,0,0,0
1756097586,1317,0.0,0.0,0.0,0.0,0.0,0.0,0.0,0.0,0,0,0
1756097586,1318,0.0,0.0,-0.02,0.0,0.0,0.0,0.0,0.0,0,0,0
1756097586,1319,0.01,0.0,-0.02,0.0,0.0,0.0,0.0,0.0,0,0,0
1756097586,1320,0.0,0.0,0.0,0.0,0.0,0.0,0.0,0.0,0,0,0
1756097586,1321,0.05,0.0,0.0,0.0,0.0,0.0,0.0,0.0,0,0,0
1756097586,1322,0.05,0.0,-0.03,0.0,0.0,0.0,0.0,0.0,0,0,0
1756097586,1323,-0.01,0.0,0.0,0.0,0.0,0.0,0.0,0.0,0,0,0
1756097586,1324,0.0,0.0,0.0,0.0,0.0,0.0,0.0,0.0,0,0,0
1756097586,1325,0.02,0.0,-0.01,0.0,0.0,0.0,0.0,0.0,0,0,0
1756097586,1326,-0.05,0.0,0.0,0.0,0.0,0.0,0.0,0.0,0,0,0
1756097586,1327,0.0,0.0,-0.03,0.0,0.0,0.0,0.0,0.0,0,0,0
1756097586,1328,-0.01,0.0,0.0,0.0,0.0,0.0,0.0,0.0,0,0,0
1756097586,1329,0.03,0.0,-0.02,0.0,0.0,0.0,0.0,0.0,0,0,0
1756097586,1330,0.03,0.0,-0.02,0.0,0.0,0.0,0.0,0.0,0,0,0
1756097586,1331,0.01,0.0,0.0,0.0,0.0,0.0,0.0,0.0,0,0,0
1756097586,1332,0.0,0.0,0.0,0.0,0.0,0.0,0.0,0.0,0,0,0
1756097586,1333,0.02,0.0,0.0,0.0,0.0,0.0,0.0,0.0,0,0,0
1756097586,1334,0.0,0.0,0.0,0.0,0.0,0.0,0.0,0.0,0,0,0
1756097586,1335,0.05,0.0,0.0,0.0,0.0,0.0,0.0,0.0,0,0,0
1756097586,1336,-0.01,0.0,-0.03,0.0,0.0,0.0,0.0,0.0,0,0,0
1756097586,1337,0.0,0.0,0.0,0.0,0.0,0.0,0.0,0.0,0,0,0
1756097586,1338,0.0,0.0,0.0,0.0,0.0,0.0,0.0,0.0,0,0,0
1756097586,1339,0.07,0.0,0.0,0.0,0.0,0.0,0.0,0.0,0,0,0
1756097586,1340,-0.03,0.0,0.0,0.0,0.0,0.0,0.0,0.0,0,0,0
1756097586,1341,-0.01,0.0,0.0,0.0,0.0,0.0,0.0,0.0,0,0,0
1756097586,1342,-0.05,0.0,0.0,0.0,0.0,0.0,0.0,0.0,0,0,0
1756097586,1343,0.03,0.0,0.0,0.0,0.0,0.0,0.0,0.0,0,0,0
1756097587,1344,0.0,0.0,0.0,0.0,0.0,0.0,0.0,0.0,0,0,0
1756097587,1345,0.0,0.0,0.0,0.0,0.0,0.0,0.0,0.0,0,0,0
1756097587,1346,0.0,0.0,0.0,0.0,0.0,0.0,0.0,0.0,0,0,0
1756097587,1347,0.0,0.0,0.0,0.0,0.0,0.0,0.0,0.0,0,0,0
1756097587,1348,0.03,0.0,0.0,0.0,0.0,0.0,0.0,0.0,0,0,0
1756097587,1349,0.05,0.0,0.0,0.0,0.0,0.0,0.0,0.0,0,0,0
1756097587,1350,0.03,0.0,0.0,0.0,0.0,0.0,0.0,0.0,0,0,0
1756097587,1351,0.07,0.0,-0.03,0.0,0.0,0.0,0.0,0.0,0,0,0
1756097587,1352,0.01,0.0,0.0,0.0,0.0,0.0,0.0,0.0,0,0,0
1756097587,1353,0.02,0.0,0.07,0.0,0.0,0.0,0.0,0.0,0,0,0
1756097587,1354,0.0,0.0,0.1,0.0,0.0,0.0,0.0,0.0,0,0,0
1756097587,1355,-0.02,0.0,0.0,0.0,0.0,0.0,0.0,0.0,0,0,0
1756097587,1356,-0.05,0.0,-0.02,0.0,0.0,0.0,0.0,0.0,0,0,0
1756097587,1357,0.0,0.0,0.0,0.0,0.0,0.0,0.0,0.0,0,0,0
1756097587,1358,-0.02,0.0,0.0,0.0,0.0,0.0,0.0,0.0,0,0,0
1756097587,1359,0.05,0.0,-0.01,0.0,0.0,0.0,0.0,0.0,0,0,0
1756097587,1360,0.05,0.0,0.0,0.0,0.0,0.0,0.0,0.0,0,0,0
1756097587,1361,0.03,0.0,0.0,0.0,0.0,0.0,0.0,0.0,0,0,0
1756097587,1362,0.09,0.0,-0.03,0.0,0.0,0.0,0.0,0.0,0,0,0
1756097587,1363,0.05,0.0,0.07,0.0,0.0,0.0,0.0,0.0,0,0,0
1756097587,1364,0.1,0.0,0.0,0.0,0.0,0.0,0.0,0.0,0,0,0
1756097587,1365,0.0,0.0,0.0,0.0,0.0,0.0,0.0,0.0,0,0,0
1756097587,1366,-0.07,0.0,-0.1,0.0,0.0,0.0,0.0,0.0,0,0,0
1756097587,1367,0.0,0.0,0.0,0.0,0.0,0.0,0.0,0.0,0,0,0
1756097587,1368,-0.07,0.0,-0.05,0.0,0.0,0.0,0.0,0.0,0,0,0
1756097587,1369,-0.01,0.0,0.0,0.0,0.0,0.0,0.0,0.0,0,0,0
1756097587,1370,-0.18,0.0,0.01,0.0,0.0,0.0,0.0,0.0,0,0,0
1756097587,1371,0.05,0.0,0.05,0.0,0.0,0.0,0.0,0.0,0,0,0
1756097587,1372,0.1,0.0,0.02,0.0,0.0,0.0,0.0,0.0,0,0,0
1756097587,1373,0.02,0.0,0.0,0.0,0.0,0.0,0.0,0.0,0,0,0
1756097587,1374,0.02,0.0,0.0,0.0,0.0,0.0,0.0,0.0,0,0,0
1756097587,1375,0.02,0.0,0.0,0.0,0.0,0.0,0.0,0.0,0,0,0
1756097587,1376,0.0,0.0,0.0,0.0,0.0,0.0,0.0,0.0,0,0,0
1756097587,1377,0.03,0.0,0.0,0.0,0.0,0.0,0.0,0.0,0,0,0
1756097587,1378,0.0,0.0,0.0,0.0,0.0,0.0,0.0,0.0,0,0,0
1756097587,1379,0.03,0.0,0.0,0.0,0.0,0.0,0.0,0.0,0,0,0
1756097587,1380,0.03,0.0,0.0,0.0,0.0,0.0,0.0,0.0,0,0,0
1756097587,1381,0.01,0.0,0.0,0.0,0.0,0.0,0.0,0.0,0,0,0
1756097587,1382,0.02,0.0,0.0,0.0,0.0,0.0,0.0,0.0,0,0,0
1756097587,1383,0.07,0.0,0.0,0.0,0.0,0.0,0.0,0.0,0,0,0
1756097587,1384,0.02,0.0,0.0,0.0,0.0,0.0,0.0,0.0,0,0,0
1756097587,1385,0.02,0.0,0.05,0.0,0.0,0.0,0.0,0.0,0,0,0
1756097587,1386,0.0,0.0,0.0,0.0,0.0,0.0,0.0,0.0,0,0,0
1756097587,1387,-0.01,0.0,0.02,0.0,0.0,0.0,0.0,0.0,0,0,0
1756097587,1388,-0.03,0.0,0.0,0.0,0.0,0.0,0.0,0.0,0,0,0
1756097587,1389,0.0,0.0,0.09,0.0,0.0,0.0,0.0,0.0,0,0,0
1756097587,1390,0.05,0.0,-0.03,0.0,0.0,0.0,0.0,0.0,0,0,0
1756097587,1391,0.0,0.0,-0.03,0.0,0.0,0.0,0.0,0.0,0,0,0
1756097587,1392,-0.01,0.0,-0.09,0.0,0.0,0.0,0.0,0.0,0,0,0
1756097587,1393,0.0,0.0,-0.02,0.0,0.0,0.0,0.0,0.0,0,0,0
1756097587,1394,-0.01,0.0,0.02,0.0,0.0,0.0,0.0,0.0,0,0,0
1756097587,1395,0.02,0.0,0.0,0.0,0.0,0.0,0.0,0.0,0,0,0
1756097587,1396,0.0,0.0,0.0,0.0,0.0,0.0,0.0,0.0,0,0,0
1756097587,1397,0.0,0.0,0.0,0.0,0.0,0.0,0.0,0.0,0,0,0
1756097587,1398,0.0,0.0,0.0,0.0,0.0,0.0,0.0,0.0,0,0,0
1756097587,1399,0.0,0.0,0.0,0.0,0.0,0.0,0.0,0.0,0,0,0
1756097587,1400,0.0,0.0,0.0,0.0,0.0,0.0,0.0,0.0,0,0,0
1756097587,1401,0.0,0.0,0.0,0.0,0.0,0.0,0.0,0.0,0,0,0
1756097587,1402,0.05,0.0,0.0,0.0,0.0,0.0,0.0,0.0,0,0,0
1756097587,1403,0.1,0.0,-0.05,0.0,0.0,0.0,0.0,0.0,0,0,0
1756097587,1404,0.0,0.0,0.01,0.0,0.0,0.0,0.0,0.0,0,0,0
1756097587,1405,0.0,0.0,-0.07,0.0,0.0,0.0,0.0,0.0,0,0,0
1756097587,1406,-0.03,0.0,0.0,0.0,0.0,0.0,0.0,0.0,0,0,0
1756097587,1407,-0.09,0.0,-0.07,0.0,0.0,0.0,0.0,0.0,0,0,0
1756097587,1408,0.0,0.0,-0.02,0.0,0.0,0.0,0.0,0.0,0,0,0
1756097587,1409,0.0,0.0,-0.07,0.0,0.0,0.0,0.0,0.0,0,0,0
1756097587,1410,0.01,0.0,-0.02,0.0,0.0,0.0,0.0,0.0,0,0,0
1756097587,1411,0.0,0.0,0.0,0.0,0.0,0.0,0.0,0.0,0,0,0
1756097587,1412,0.0,0.0,0.0,0.0,0.0,0.0,0.0,0.0,0,0,0
1756097588,1413,0.05,0.0,0.0,0.0,0.0,0.0,0.0,0.0,0,0,0
1756097588,1414,0.0,0.0,-0.02,0.0,0.0,0.0,0.0,0.0,0,0,0
1756097588,1415,0.0,0.0,-0.12,0.0,0.0,0.0,0.0,0.0,0,0,0
1756097588,1416,-0.02,0.0,0.03,0.0,0.0,0.0,0.0,0.0,0,0,0
1756097588,1417,0.01,0.0,-0.03,0.0,0.0,0.0,0.0,0.0,0,0,0
1756097588,1418,0.0,0.0,0.0,0.0,0.0,0.0,0.0,0.0,0,0,0
1756097588,1419,0.05,0.0,-0.05,0.0,0.0,0.0,0.0,0.0,0,0,0
1756097588,1420,0.05,0.0,0.0,0.0,0.0,0.0,0.0,0.0,0,0,0
1756097588,1421,0.0,0.0,0.0,0.0,0.0,0.0,0.0,0.0,0,0,0
1756097588,1422,-0.02,0.0,0.02,0.0,0.0,0.0,0.0,0.0,0,0,0
1756097588,1423,0.01,0.0,-0.07,0.0,0.0,0.0,0.0,0.0,0,0,0
1756097588,1424,0.05,0.0,0.0,0.0,0.0,0.0,0.0,0.0,0,0,0
1756097588,1425,0.05,0.0,0.0,0.0,0.0,0.0,0.0,0.0,0,0,0
1756097588,1426,0.0,0.0,0.01,0.0,0.0,0.0,0.0,0.0,0,0,0
1756097588,1427,0.0,0.0,0.01,0.0,0.0,0.0,0.0,0.0,0,0,0
1756097588,1428,0.05,0.0,0.0,0.0,0.0,0.0,0.0,0.0,0,0,0
1756097588,1429,-0.03,0.0,0.0,0.0,0.0,0.0,0.0,0.0,0,0,0
1756097588,1430,-0.01,0.0,-0.01,0.0,0.0,0.0,0.0,0.0,0,0,0
1756097588,1431,0.0,0.0,0.01,0.0,0.0,0.0,0.0,0.0,0,0,0
1756097588,1432,0.0,0.0,0.0,0.0,0.0,0.0,0.0,0.0,0,0,0
1756097588,1433,0.05,0.0,-0.02,0.0,0.0,0.0,0.0,0.0,0,0,0
1756097588,1434,0.05,0.0,-0.01,0.0,0.0,0.0,0.0,0.0,0,0,0
1756097588,1435,0.05,0.0,-0.01,0.0,0.0,0.0,0.0,0.0,0,0,0
1756097588,1436,-0.11,0.0,0.0,0.0,0.0,0.0,0.0,0.0,0,0,0
1756097588,1437,0.0,0.0,0.0,0.0,0.0,0.0,0.0,0.0,0,0,0
1756097588,1438,-0.01,0.0,-0.01,0.0,0.0,0.0,0.0,0.0,0,0,0
1756097588,1439,0.01,0.0,-0.01,0.0,0.0,0.0,0.0,0.0,0,0,0
1756097588,1440,0.0,0.0,0.0,0.0,0.0,0.0,0.0,0.0,0,0,0
1756097588,1441,0.07,0.0,0.07,0.0,0.0,0.0,0.0,0.0,0,0,0
1756097588,1442,-0.1,0.0,0.0,0.0,0.0,0.0,0.0,0.0,0,0,0
1756097588,1443,0.05,0.0,0.0,0.0,0.0,0.0,0.0,0.0,0,0,0
1756097588,1444,0.0,0.0,-0.02,0.0,0.0,0.0,0.0,0.0,0,0,0
1756097588,1445,0.05,0.0,0.0,0.0,0.0,0.0,0.0,0.0,0,0,0
1756097588,1446,0.02,0.0,-0.01,0.0,0.0,0.0,0.0,0.0,0,0,0
1756097588,1447,0.0,0.0,-0.03,0.0,0.0,0.0,0.0,0.0,0,0,0
1756097588,1448,0.0,0.0,0.0,0.0,0.0,0.0,0.0,0.0,0,0,0
1756097588,1449,-0.02,0.0,0.0,0.0,0.0,0.0,0.0,0.0,0,0,0
1756097588,1450,-0.01,0.0,-0.02,0.0,0.0,0.0,0.0,0.0,0,0,0
1756097588,1451,0.0,0.0,-0.01,0.0,0.0,0.0,0.0,0.0,0,0,0
1756097588,1452,0.0,0.0,0.01,0.0,0.0,0.0,0.0,0.0,0,0,0
1756097588,1453,-0.01,0.0,0.0,0.0,0.0,0.0,0.0,0.0,0,0,0
1756097588,1454,0.01,0.0,-0.03,0.0,0.0,0.0,0.0,0.0,0,0,0
1756097588,1455,0.0,0.0,0.02,0.0,0.0,0.0,0.0,0.0,0,0,0
1756097588,1456,0.02,0.0,-0.03,0.0,0.0,0.0,0.0,0.0,0,0,0
1756097588,1457,0.05,0.0,0.01,0.0,0.0,0.0,0.0,0.0,0,0,0
1756097588,1458,0.0,0.0,0.0,0.0,0.0,0.0,0.0,0.0,0,0,0
1756097588,1459,0.0,0.0,0.07,0.0,0.0,0.0,0.0,0.0,0,0,0
1756097588,1460,0.07,0.0,0.0,0.0,0.0,0.0,0.0,0.0,0,0,0
1756097588,1461,0.0,0.0,0.0,0.0,0.0,0.0,0.0,0.0,0,0,0
1756097588,1462,0.05,0.0,0.0,0.0,0.0,0.0,0.0,0.0,0,0,0
1756097588,1463,0.17,0.0,0.02,0.0,0.0,0.0,0.0,0.0,0,0,0
1756097588,1464,0.0,0.0,0.0,0.0,0.0,0.0,0.0,0.0,0,0,0
1756097588,1465,-0.07,0.0,0.0,0.0,0.0,0.0,0.0,0.0,0,0,0
1756097588,1466,-0.03,0.0,-0.03,0.0,0.0,0.0,0.0,0.0,0,0,0
1756097588,1467,0.0,0.0,0.0,0.0,0.0,0.0,0.0,0.0,0,0,0
1756097588,1468,0.0,0.0,-0.03,0.0,0.0,0.0,0.0,0.0,0,0,0
1756097588,1469,0.01,0.0,-0.01,0.0,0.0,0.0,0.0,0.0,0,0,0
1756097588,1470,0.01,0.0,-0.01,0.0,0.0,0.0,0.0,0.0,0,0,0
1756097588,1471,0.03,0.0,-0.01,0.0,0.0,0.0,0.0,0.0,0,0,0
1756097588,1472,0.03,0.0,-0.05,0.0,0.0,0.0,0.0,0.0,0,0,0
1756097588,1473,0.03,0.0,-0.02,0.0,0.0,0.0,0.0,0.0,0,0,0
1756097588,1474,0.09,0.0,-0.05,0.0,0.0,0.0,0.0,0.0,0,0,0
1756097588,1475,-0.07,0.0,0.0,0.0,0.0,0.0,0.0,0.0,0,0,0
1756097588,1476,-0.05,0.0,-0.02,0.0,0.0,0.0,0.0,0.0,0,0,0
1756097588,1477,-0.01,0.0,0.01,0.0,0.0,0.0,0.0,0.0,0,0,0
1756097588,1478,-0.05,0.0,0.0,0.0,0.0,0.0,0.0,0.0,0,0,0
1756097588,1479,0.0,0.0,0.0,0.0,0.0,0.0,0.0,0.0,0,0,0
1756097589,1480,0.0,0.0,0.0,0.0,0.0,0.0,0.0,0.0,0,0,0
1756097589,1481,0.03,0.0,0.0,0.0,0.0,0.0,0.0,0.0,0,0,0
1756097589,1482,0.03,0.0,-0.02,0.0,0.0,0.0,0.0,0.0,0,0,0
1756097589,1483,-0.05,0.0,0.0,0.0,0.0,0.0,0.0,0.0,0,0,0
1756097589,1484,0.09,0.0,-0.1,0.0,0.0,0.0,0.0,0.0,0,0,0
1756097589,1485,0.0,0.0,0.0,0.0,0.0,0.0,0.0,0.0,0,0,0
1756097589,1486,0.0,0.0,0.0,0.0,0.0,0.0,0.0,0.0,0,0,0
1756097589,1487,0.05,0.0,0.0,0.0,0.0,0.0,0.0,0.0,0,0,0
1756097589,1488,0.0,0.0,0.01,0.0,0.0,0.0,0.0,0.0,0,0,0
1756097589,1489,-0.05,0.0,0.05,0.0,0.0,0.0,0.0,0.0,0,0,0
1756097589,1490,0.01,0.0,0.0,0.0,0.0,0.0,0.0,0.0,0,0,0
1756097589,1491,0.02,0.0,0.0,0.0,0.0,0.0,0.0,0.0,0,0,0
1756097589,1492,0.05,0.0,0.0,0.0,0.0,0.0,0.0,0.0,0,0,0
1756097589,1493,0.05,0.0,-0.03,0.0,0.0,0.0,0.0,0.0,0,0,0
1756097589,1494,0.03,0.0,0.02,0.0,0.0,0.0,0.0,0.0,0,0,0
1756097589,1495,0.03,0.0,0.0,0.0,0.0,0.0,0.0,0.0,0,0,0
1756097589,1496,0.0,0.0,0.0,0.0,0.0,0.0,0.0,0.0,0,0,0
1756097589,1497,-0.05,0.0,0.0,0.0,0.0,0.0,0.0,0.0,0,0,0
1756097589,1498,0.0,0.0,0.0,0.0,0.0,0.0,0.0,0.0,0,0,0
1756097589,1499,0.02,0.0,-0.05,0.0,0.0,0.0,0.0,0.0,0,0,0
1756097589,1500,0.0,0.0,0.03,0.0,0.0,0.0,0.0,0.0,0,0,0
1756097589,1501,-0.01,0.0,0.01,0.0,0.0,0.0,0.0,0.0,0,0,0
1756097589,1502,0.0,0.0,0.0,0.0,0.0,0.0,0.0,0.0,0,0,0
1756097589,1503,0.0,0.0,0.0,0.0,0.0,0.0,0.0,0.0,0,0,0
1756097589,1504,0.0,0.0,0.0,0.0,0.0,0.0,0.0,0.0,0,0,0
1756097589,1505,0.0,0.0,-0.01,0.0,0.0,0.0,0.0,0.0,0,0,0
1756097589,1506,0.01,0.0,0.0,0.0,0.0,0.0,0.0,0.0,0,0,0
1756097589,1507,0.01,0.0,-0.02,0.0,0.0,0.0,0.0,0.0,0,0,0
1756097589,1508,0.0,0.0,-0.01,0.0,0.0,0.0,0.0,0.0,0,0,0
1756097589,1509,0.0,0.0,0.0,0.0,0.0,0.0,0.0,0.0,0,0,0
1756097589,1510,0.01,0.0,0.0,0.0,0.0,0.0,0.0,0.0,0,0,0
1756097589,1511,-0.01,0.0,-0.02,0.0,0.0,0.0,0.0,0.0,0,0,0
1756097589,1512,0.0,0.0,0.0,0.0,0.0,0.0,0.0,0.0,0,0,0
1756097589,1513,0.0,0.0,0.0,0.0,0.0,0.0,0.0,0.0,0,0,0
1756097589,1514,0.05,0.0,0.0,0.0,0.0,0.0,0.0,0.0,0,0,0
1756097589,1515,0.02,0.0,-0.01,0.0,0.0,0.0,0.0,0.0,0,0,0
1756097589,1516,0.0,0.0,-0.05,0.0,0.0,0.0,0.0,0.0,0,0,0
1756097589,1517,0.05,0.0,-0.03,0.0,0.0,0.0,0.0,0.0,0,0,0
1756097589,1518,0.0,0.0,0.01,0.0,0.0,0.0,0.0,0.0,0,0,0
1756097589,1519,0.02,0.0,0.0,0.0,0.0,0.0,0.0,0.0,0,0,0
1756097589,1520,-0.02,0.0,0.0,0.0,0.0,0.0,0.0,0.0,0,0,0
1756097589,1521,0.05,0.0,0.0,0.0,0.0,0.0,0.0,0.0,0,0,0
1756097589,1522,0.05,0.0,0.07,0.0,0.0,0.0,0.0,0.0,0,0,0
1756097589,1523,-0.01,0.0,0.0,0.0,0.0,0.0,0.0,0.0,0,0,0
1756097589,1524,0.03,0.0,0.0,0.0,0.0,0.0,0.0,0.0,0,0,0
1756097589,1525,-0.05,0.0,-0.05,0.0,0.0,0.0,0.0,0.0,0,0,0
1756097589,1526,0.02,0.0,0.01,0.0,0.0,0.0,0.0,0.0,0,0,0
1756097589,1527,-0.05,0.0,-0.02,0.0,0.0,0.0,0.0,0.0,0,0,0
1756097589,1528,0.0,0.0,-0.07,0.0,0.0,0.0,0.0,0.0,0,0,0
1756097589,1529,0.0,0.0,-0.05,0.0,0.0,0.0,0.0,0.0,0,0,0
1756097589,1530,0.0,0.0,0.02,0.0,0.0,0.0,0.0,0.0,0,0,0
1756097589,1531,0.02,0.0,0.0,0.0,0.0,0.0,0.0,0.0,0,0,0
1756097589,1532,0.0,0.0,0.01,0.0,0.0,0.0,0.0,0.0,0,0,0
1756097589,1533,-0.01,0.0,0.0,0.0,0.0,0.0,0.0,0.0,0,0,0
1756097589,1534,0.0,0.0,-0.01,0.0,0.0,0.0,0.0,0.0,0,0,0
1756097589,1535,0.0,0.0,0.0,0.0,0.0,0.0,0.0,0.0,0,0,0
1756097589,1536,0.0,0.0,0.0,0.0,0.0,0.0,0.0,0.0,0,0,0
1756097589,1537,0.0,0.0,0.0,0.0,0.0,0.0,0.0,0.0,0,0,0
1756097589,1538,0.05,0.0,0.0,0.0,0.0,0.0,0.0,0.0,0,0,0
1756097589,1539,0.01,0.0,0.05,0.0,0.0,0.0,0.0,0.0,0,0,0
1756097589,1540,0.02,0.0,-0.07,0.0,0.0,0.0,0.0,0.0,0,0,0
1756097589,1541,-0.02,0.0,0.0,0.0,0.0,0.0,0.0,0.0,0,0,0
1756097589,1542,0.05,0.0,-0.05,0.0,0.0,0.0,0.0,0.0,0,0,0
1756097589,1543,0.05,0.0,0.0,0.0,0.0,0.0,0.0,0.0,0,0,0
1756097589,1544,0.01,0.0,0.0,0.0,0.0,0.0,0.0,0.0,0,0,0
1756097589,1545,0.05,0.0,0.0,0.0,0.0,0.0,0.0,0.0,0,0,0
1756097590,1546,0.05,0.0,0.0,0.0,0.0,0.0,0.0,0.0,0,0,0
1756097590,1547,0.02,0.0,-0.05,0.0,0.0,0.0,0.0,0.0,0,0,0
1756097590,1548,-0.1,0.0,0.02,0.0,0.0,0.0,0.0,0.0,0,0,0
1756097590,1549,-0.05,0.0,-0.1,0.0,0.0,0.0,0.0,0.0,0,0,0
1756097590,1550,0.0,0.0,0.0,0.0,0.0,0.0,0.0,0.0,0,0,0
1756097590,1551,0.02,0.0,0.0,0.0,0.0,0.0,0.0,0.0,0,0,0
1756097590,1552,0.02,0.0,-0.03,0.0,0.0,0.0,0.0,0.0,0,0,0
1756097590,1553,0.0,0.0,-0.09,0.0,0.0,0.0,0.0,0.0,0,0,0
1756097590,1554,0.0,0.0,0.01,0.0,0.0,0.0,0.0,0.0,0,0,0
1756097590,1555,0.07,0.0,0.0,0.0,0.0,0.0,0.0,0.0,0,0,0
1756097590,1556,0.05,0.0,0.0,0.0,0.0,0.0,0.0,0.0,0,0,0
1756097590,1557,0.01,0.0,0.0,0.0,0.0,0.0,0.0,0.0,0,0,0
1756097590,1558,0.02,0.0,0.0,0.0,0.0,0.0,0.0,0.0,0,0,0
1756097590,1559,0.02,0.0,-0.01,0.0,0.0,0.0,0.0,0.0,0,0,0
1756097590,1560,0.0,0.0,0.0,0.0,0.0,0.0,0.0,0.0,0,0,0
1756097590,1561,0.0,0.0,0.0,0.0,0.0,0.0,0.0,0.0,0,0,0
1756097590,1562,0.02,0.0,0.0,0.0,0.0,0.0,0.0,0.0,0,0,0
1756097590,1563,0.09,0.0,0.0,0.0,0.0,0.0,0.0,0.0,0,0,0
1756097590,1564,-0.03,0.0,-0.01,0.0,0.0,0.0,0.0,0.0,0,0,0
1756097590,1565,0.0,0.0,0.0,0.0,0.0,0.0,0.0,0.0,0,0,0
1756097590,1566,0.0,0.0,-0.01,0.0,0.0,0.0,0.0,0.0,0,0,0
1756097590,1567,0.0,0.0,0.0,0.0,0.0,0.0,0.0,0.0,0,0,0
1756097590,1568,0.0,0.0,0.01,0.0,0.0,0.0,0.0,0.0,0,0,0
1756097590,1569,0.02,0.0,-0.03,0.0,0.0,0.0,0.0,0.0,0,0,0
1756097590,1570,0.02,0.0,0.0,0.0,0.0,0.0,0.0,0.0,0,0,0
1756097590,1571,0.02,0.0,0.0,0.0,0.0,0.0,0.0,0.0,0,0,0
1756097590,1572,-0.03,0.0,-0.02,0.0,0.0,0.0,0.0,0.0,0,0,0
1756097590,1573,0.0,0.0,0.0,0.0,0.0,0.0,0.0,0.0,0,0,0
1756097590,1574,0.0,0.0,0.0,0.0,0.0,0.0,0.0,0.0,0,0,0
1756097590,1575,0.0,0.0,0.0,0.0,0.0,0.0,0.0,0.0,0,0,0
1756097590,1576,0.03,0.0,-0.03,0.0,0.0,0.0,0.0,0.0,0,0,0
1756097590,1577,-0.1,0.0,-0.03,0.0,0.0,0.0,0.0,0.0,0,0,0
1756097590,1578,0.0,0.0,0.0,0.0,0.0,0.0,0.0,0.0,0,0,0
1756097590,1579,0.09,0.0,0.0,0.0,0.0,0.0,0.0,0.0,0,0,0
1756097590,1580,0.01,0.0,-0.03,0.0,0.0,0.0,0.0,0.0,0,0,0
1756097590,1581,-0.03,0.0,0.0,0.0,0.0,0.0,0.0,0.0,0,0,0
1756097590,1582,0.05,0.0,-0.07,0.0,0.0,0.0,0.0,0.0,0,0,0
1756097590,1583,0.0,0.0,0.0,0.0,0.0,0.0,0.0,0.0,0,0,0
1756097590,1584,0.0,0.0,0.0,0.0,0.0,0.0,0.0,0.0,0,0,0
1756097590,1585,0.02,0.0,0.0,0.0,0.0,0.0,0.0,0.0,0,0,0
1756097590,1586,0.01,0.0,-0.01,0.0,0.0,0.0,0.0,0.0,0,0,0
1756097590,1587,0.0,0.0,0.0,0.0,0.0,0.0,0.0,0.0,0,0,0
1756097590,1588,0.0,0.0,0.03,0.0,0.0,0.0,0.0,0.0,0,0,0
1756097590,1589,0.0,0.0,-0.01,0.0,0.0,0.0,0.0,0.0,0,0,0
1756097590,1590,0.0,0.0,0.0,0.0,0.0,0.0,0.0,0.0,0,0,0
1756097590,1591,-0.02,0.0,0.0,0.0,0.0,0.0,0.0,0.0,0,0,0
1756097590,1592,0.0,0.0,0.0,0.0,0.0,0.0,0.0,0.0,0,0,0
1756097590,1593,0.0,0.0,0.0,0.0,0.0,0.0,0.0,0.0,0,0,0
1756097590,1594,0.01,0.0,-0.02,0.0,0.0,0.0,0.0,0.0,0,0,0
1756097590,1595,0.01,0.0,-0.01,0.0,0.0,0.0,0.0,0.0,0,0,0
1756097590,1596,0.01,0.0,0.0,0.0,0.0,0.0,0.0,0.0,0,0,0
1756097590,1597,0.02,0.0,0.0,0.0,0.0,0.0,0.0,0.0,0,0,0
1756097590,1598,0.0,0.0,0.07,0.0,0.0,0.0,0.0,0.0,0,0,0
1756097590,1599,0.0,0.0,-0.01,0.0,0.0,0.0,0.0,0.0,0,0,0
1756097590,1600,0.02,0.0,0.0,0.0,0.0,0.0,0.0,0.0,0,0,0
1756097590,1601,0.05,0.0,0.01,0.0,0.0,0.0,0.0,0.0,0,0,0
1756097590,1602,0.01,0.0,0.0,0.0,0.0,0.0,0.0,0.0,0,0,0
1756097590,1603,0.0,0.0,0.0,0.0,0.0,0.0,0.0,0.0,0,0,0
1756097590,1604,0.0,0.0,0.0,0.0,0.0,0.0,0.0,0.0,0,0,0
1756097590,1605,0.0,0.0,-0.02,0.0,0.0,0.0,0.0,0.0,0,0,0
1756097590,1606,0.0,0.0,-0.01,0.0,0.0,0.0,0.0,0.0,0,0,0
1756097590,1607,0.02,0.0,-0.09,0.0,0.0,0.0,0.0,0.0,0,0,0
1756097590,1608,-0.05,0.0,0.0,0.0,0.0,0.0,0.0,0.0,0,0,0
1756097590,1609,0.1,0.0,-0.01,0.0,0.0,0.0,0.0,0.0,0,0,0
1756097590,1610,0.0,0.0,-0.01,0.0,0.0,0.0,0.0,0.0,0,0,0
1756097590,1611,0.0,0.0,0.0,0.0,0.0,0.0,0.0,0.0,0,0,0
1756097591,1612,0.01,0.0,0.0,0.0,0.0,0.0,0.0,0.0,0,0,0
1756097591,1613,-0.09,0.0,-0.01,0.0,0.0,0.0,0.0,0.0,0,0,0
1756097591,1614,0.05,0.0,-0.05,0.0,0.0,0.0,0.0,0.0,0,0,0
1756097591,1615,0.02,0.0,0.0,0.0,0.0,0.0,0.0,0.0,0,0,0
1756097591,1616,0.02,0.0,-0.02,0.0,0.0,0.0,0.0,0.0,0,0,0
1756097591,1617,0.01,0.0,-0.02,0.0,0.0,0.0,0.0,0.0,0,0,0
1756097591,1618,0.0,0.0,0.0,0.0,0.0,0.0,0.0,0.0,0,0,0
1756097591,1619,0.02,0.0,0.0,0.0,0.0,0.0,0.0,0.0,0,0,0
1756097591,1620,-0.01,0.0,0.0,0.0,0.0,0.0,0.0,0.0,0,0,0
1756097591,1621,0.0,0.0,-0.01,0.0,0.0,0.0,0.0,0.0,0,0,0
1756097591,1622,-0.01,0.0,0.0,0.0,0.0,0.0,0.0,0.0,0,0,0
1756097591,1623,0.0,0.0,0.01,0.0,0.0,0.0,0.0,0.0,0,0,0
1756097591,1624,0.0,0.0,0.0,0.0,0.0,0.0,0.0,0.0,0,0,0
1756097591,1625,0.0,0.0,-0.03,0.0,0.0,0.0,0.0,0.0,0,0,0
1756097591,1626,-0.03,0.0,-0.01,0.0,0.0,0.0,0.0,0.0,0,0,0
1756097591,1627,0.0,0.0,-0.03,0.0,0.0,0.0,0.0,0.0,0,0,0
1756097591,1628,0.0,0.0,0.0,0.0,0.0,0.0,0.0,0.0,0,0,0
1756097591,1629,0.12,0.0,0.0,0.0,0.0,0.0,0.0,0.0,0,0,0
1756097591,1630,0.0,0.0,0.0,0.0,0.0,0.0,0.0,0.0,0,0,0
1756097591,1631,0.0,0.0,0.0,0.0,0.0,0.0,0.0,0.0,0,0,0
1756097591,1632,0.07,0.0,0.0,0.0,0.0,0.0,0.0,0.0,0,0,0
1756097591,1633,0.01,0.0,-0.01,0.0,0.0,0.0,0.0,0.0,0,0,0
1756097591,1634,0.0,0.0,-0.01,0.0,0.0,0.0,0.0,0.0,0,0,0
1756097591,1635,0.0,0.0,0.0,0.0,0.0,0.0,0.0,0.0,0,0,0
1756097591,1636,0.07,0.0,0.0,0.0,0.0,0.0,0.0,0.0,0,0,0
1756097591,1637,0.01,0.0,0.0,0.0,0.0,0.0,0.0,0.0,0,0,0
1756097591,1638,-0.05,0.0,-0.07,0.0,0.0,0.0,0.0,0.0,0,0,0
1756097591,1639,0.0,0.0,0.0,0.0,0.0,0.0,0.0,0.0,0,0,0
1756097591,1640,0.0,0.0,0.12,0.0,0.0,0.0,0.0,0.0,0,0,0
1756097591,1641,0.0,0.0,-0.05,0.0,0.0,0.0,0.0,0.0,0,0,0
1756097591,1642,-0.01,0.0,0.0,0.0,0.0,0.0,0.0,0.0,0,0,0
1756097591,1643,0.0,0.0,0.0,0.0,0.0,0.0,0.0,0.0,0,0,0
1756097591,1644,0.0,0.0,0.0,0.0,0.0,0.0,0.0,0.0,0,0,0
1756097591,1645,0.0,0.0,-0.02,0.0,0.0,0.0,0.0,0.0,0,0,0
1756097591,1646,-0.01,0.0,-0.02,0.0,0.0,0.0,0.0,0.0,0,0,0
1756097591,1647,0.0,0.0,0.0,0.0,0.0,0.0,0.0,0.0,0,0,0
1756097591,1648,-0.02,0.0,-0.01,0.0,0.0,0.0,0.0,0.0,0,0,0
1756097591,1649,0.09,0.0,-0.05,0.0,0.0,0.0,0.0,0.0,0,0,0
1756097591,1650,-0.1,0.0,-0.02,0.0,0.0,0.0,0.0,0.0,0,0,0
1756097591,1651,0.02,0.0,0.0,0.0,0.0,0.0,0.0,0.0,0,0,0
1756097591,1652,0.0,0.0,0.0,0.0,0.0,0.0,0.0,0.0,0,0,0
1756097591,1653,-0.01,0.0,0.0,0.0,0.0,0.0,0.0,0.0,0,0,0
1756097591,1654,0.02,0.0,0.0,0.0,0.0,0.0,0.0,0.0,0,0,0
1756097591,1655,0.05,0.0,0.03,0.0,0.0,0.0,0.0,0.0,0,0,0
1756097591,1656,0.07,0.0,-0.11,0.0,0.0,0.0,0.0,0.0,0,0,0
1756097591,1657,0.1,0.0,0.02,0.0,0.0,0.0,0.0,0.0,0,0,0
1756097591,1658,0.0,0.0,0.0,0.0,0.0,0.0,0.0,0.0,0,0,0
1756097591,1659,0.0,0.0,0.0,0.0,0.0,0.0,0.0,0.0,0,0,0
1756097591,1660,0.03,0.0,-0.01,0.0,0.0,0.0,0.0,0.0,0,0,0
1756097591,1661,0.0,0.0,0.0,0.0,0.0,0.0,0.0,0.0,0,0,0
1756097591,1662,0.0,0.0,-0.01,0.0,0.0,0.0,0.0,0.0,0,0,0
1756097591,1663,-0.02,0.0,-0.01,0.0,0.0,0.0,0.0,0.0,0,0,0
1756097591,1664,0.0,0.0,-0.05,0.0,0.0,0.0,0.0,0.0,0,0,0
1756097591,1665,0.0,0.0,0.0,0.0,0.0,0.0,0.0,0.0,0,0,0
1756097591,1666,0.0,0.0,0.0,0.0,0.0,0.0,0.0,0.0,0,0,0
1756097591,1667,0.0,0.0,0.0,0.0,0.0,0.0,0.0,0.0,0,0,0
1756097591,1668,0.0,0.0,0.0,0.0,0.0,0.0,0.0,0.0,0,0,0
1756097591,1669,0.0,0.0,0.0,0.0,0.0,0.0,0.0,0.0,0,0,0
1756097591,1670,0.01,0.0,0.0,0.0,0.0,0.0,0.0,0.0,0,0,0
1756097591,1671,0.0,0.0,0.0,0.0,0.0,0.0,0.0,0.0,0,0,0
1756097591,1672,-0.05,0.0,-0.01,0.0,0.0,0.0,0.0,0.0,0,0,0
1756097591,1673,0.02,0.0,-0.03,0.0,0.0,0.0,0.0,0.0,0,0,0
1756097591,1674,-0.02,0.0,-0.01,0.0,0.0,0.0,0.0,0.0,0,0,0
1756097591,1675,0.0,0.0,0.0,0.0,0.0,0.0,0.0,0.0,0,0,0
1756097591,1676,0.0,0.0,0.0,0.0,0.0,0.0,0.0,0.0,0,0,0
1756097592,1677,0.07,0.0,0.0,0.0,0.0,0.0,0.0,0.0,0,0,0
1756097592,1678,0.0,0.0,0.0,0.0,0.0,0.0,0.0,0.0,0,0,0
1756097592,1679,0.03,0.0,-0.03,0.0,0.0,0.0,0.0,0.0,0,0,0
1756097592,1680,0.0,0.0,-0.03,0.0,0.0,0.0,0.0,0.0,0,0,0
1756097592,1681,0.02,0.0,0.0,0.0,0.0,0.0,0.0,0.0,0,0,0
1756097592,1682,0.05,0.0,0.0,0.0,0.0,0.0,0.0,0.0,0,0,0
1756097592,1683,0.0,0.0,0.0,0.0,0.0,0.0,0.0,0.0,0,0,0
1756097592,1684,-0.05,0.0,0.05,0.0,0.0,0.0,0.0,0.0,0,0,0
1756097592,1685,-0.09,0.0,0.0,0.0,0.0,0.0,0.0,0.0,0,0,0
1756097592,1686,0.02,0.0,0.0,0.0,0.0,0.0,0.0,0.0,0,0,0
1756097592,1687,0.07,0.0,0.0,0.0,0.0,0.0,0.0,0.0,0,0,0
1756097592,1688,0.0,0.0,0.0,0.0,0.0,0.0,0.0,0.0,0,0,0
1756097592,1689,0.05,0.0,0.0,0.0,0.0,0.0,0.0,0.0,0,0,0
1756097592,1690,0.03,0.0,0.0,0.0,0.0,0.0,0.0,0.0,0,0,0
1756097592,1691,-0.05,0.0,-0.07,0.0,0.0,0.0,0.0,0.0,0,0,0
1756097592,1692,0.07,0.0,-0.01,0.0,0.0,0.0,0.0,0.0,0,0,0
1756097592,1693,0.0,0.0,0.01,0.0,0.0,0.0,0.0,0.0,0,0,0
1756097592,1694,0.05,0.0,-0.05,0.0,0.0,0.0,0.0,0.0,0,0,0
1756097592,1695,0.03,0.0,-0.02,0.0,0.0,0.0,0.0,0.0,0,0,0
1756097592,1696,0.0,0.0,0.05,0.0,0.0,0.0,0.0,0.0,0,0,0
1756097592,1697,0.02,0.0,0.0,0.0,0.0,0.0,0.0,0.0,0,0,0
1756097592,1698,0.14,0.0,0.0,0.0,0.0,0.0,0.0,0.0,0,0,0
1756097592,1699,0.03,0.0,0.02,0.0,0.0,0.0,0.0,0.0,0,0,0
1756097592,1700,0.07,0.0,0.05,0.0,0.0,0.0,0.0,0.0,0,0,0
1756097592,1701,-0.01,0.0,-0.02,0.0,0.0,0.0,0.0,0.0,0,0,0
1756097592,1702,-0.07,0.0,-0.01,0.0,0.0,0.0,0.0,0.0,0,0,0
1756097592,1703,-0.02,0.0,-0.07,0.0,0.0,0.0,0.0,0.0,0,0,0
1756097592,1704,0.0,0.0,-0.01,0.0,0.0,0.0,0.0,0.0,0,0,0
1756097592,1705,0.0,0.0,0.0,0.0,0.0,0.0,0.0,0.0,0,0,0
1756097592,1706,0.0,0.0,0.1,0.0,0.0,0.0,0.0,0.0,0,0,0
1756097592,1707,0.0,0.0,0.0,0.0,0.0,0.0,0.0,0.0,0,0,0
1756097592,1708,0.0,0.0,0.0,0.0,0.0,0.0,0.0,0.0,0,0,0
1756097592,1709,0.0,0.0,0.0,0.0,0.0,0.0,0.0,0.0,0,0,0
1756097592,1710,0.0,0.0,0.0,0.0,0.0,0.0,0.0,0.0,0,0,0
1756097592,1711,0.0,0.0,-0.02,0.0,0.0,0.0,0.0,0.0,0,0,0
1756097592,1712,0.0,0.0,0.0,0.0,0.0,0.0,0.0,0.0,0,0,0
1756097592,1713,0.0,0.0,0.0,0.0,0.0,0.0,0.0,0.0,0,0,0
1756097592,1714,-0.02,0.0,-0.05,0.0,0.0,0.0,0.0,0.0,0,0,0
1756097592,1715,0.0,0.0,0.0,0.0,0.0,0.0,0.0,0.0,0,0,0
1756097592,1716,0.05,0.0,0.0,0.0,0.0,0.0,0.0,0.0,0,0,0
1756097592,1717,0.0,0.0,0.0,0.0,0.0,0.0,0.0,0.0,0,0,0
1756097592,1718,0.0,0.0,0.0,0.0,0.0,0.0,0.0,0.0,0,0,0
1756097592,1719,0.01,0.0,-0.01,0.0,0.0,0.0,0.0,0.0,0,0,0
1756097592,1720,0.0,0.0,-0.09,0.0,0.0,0.0,0.0,0.0,0,0,0
1756097592,1721,0.03,0.0,0.0,0.0,0.0,0.0,0.0,0.0,0,0,0
1756097592,1722,0.0,0.0,-0.02,0.0,0.0,0.0,0.0,0.0,0,0,0
1756097592,1723,0.07,0.0,0.0,0.0,0.0,0.0,0.0,0.0,0,0,0
1756097592,1724,0.0,0.0,0.01,0.0,0.0,0.0,0.0,0.0,0,0,0
1756097592,1725,0.0,0.0,0.0,0.0,0.0,0.0,0.0,0.0,0,0,0
1756097592,1726,0.0,0.0,-0.05,0.0,0.0,0.0,0.0,0.0,0,0,0
1756097592,1727,0.0,0.0,0.0,0.0,0.0,0.0,0.0,0.0,0,0,0
1756097592,1728,0.01,0.0,0.02,0.0,0.0,0.0,0.0,0.0,0,0,0
1756097592,1729,0.0,0.0,0.0,0.0,0.0,0.0,0.0,0.0,0,0,0
1756097592,1730,0.01,0.0,0.0,0.0,0.0,0.0,0.0,0.0,0,0,0
1756097592,1731,0.0,0.0,0.0,0.0,0.0,0.0,0.0,0.0,0,0,0
1756097592,1732,0.01,0.0,-0.03,0.0,0.0,0.0,0.0,0.0,0,0,0
1756097592,1733,0.02,0.0,0.0,0.0,0.0,0.0,0.0,0.0,0,0,0
1756097592,1734,0.0,0.0,0.0,0.0,0.0,0.0,0.0,0.0,0,0,0
1756097592,1735,0.0,0.0,-0.01,0.0,0.0,0.0,0.0,0.0,0,0,0
1756097592,1736,-0.05,0.0,-0.02,0.0,0.0,0.0,0.0,0.0,0,0,0
1756097592,1737,-0.11,0.0,-0.02,0.0,0.0,0.0,0.0,0.0,0,0,0
1756097592,1738,0.0,0.0,0.0,0.0,0.0,0.0,0.0,0.0,0,0,0
1756097592,1739,0.02,0.0,-0.01,0.0,0.0,0.0,0.0,0.0,0,0,0
1756097592,1740,0.05,0.0,0.0,0.0,0.0,0.0,0.0,0.0,0,0,0
1756097592,1741,0.02,0.0,-0.01,0.0,0.0,0.0,0.0,0.0,0,0,0
1756097592,1742,0.02,0.0,0.0,0.0,0.0,0.0,0.0,0.0,0,0,0
1756097593,1743,0.03,0.0,-0.02,0.0,0.0,0.0,0.0,0.0,0,0,0
1756097593,1744,0.02,0.0,0.0,0.0,0.0,0.0,0.0,0.0,0,0,0
1756097593,1745,0.0,0.0,-0.07,0.0,0.0,0.0,0.0,0.0,0,0,0
1756097593,1746,0.01,0.0,-0.1,0.0,0.0,0.0,0.0,0.0,0,0,0
1756097593,1747,0.0,0.0,0.0,0.0,0.0,0.0,0.0,0.0,0,0,0
1756097593,1748,0.0,0.0,0.0,0.0,0.0,0.0,0.0,0.0,0,0,0
1756097593,1749,0.0,0.0,-0.03,0.0,0.0,0.0,0.0,0.0,0,0,0
1756097593,1750,0.01,0.0,0.0,0.0,0.0,0.0,0.0,0.0,0,0,0
1756097593,1751,0.0,0.0,-0.03,0.0,0.0,0.0,0.0,0.0,0,0,0
1756097593,1752,0.01,0.0,0.0,0.0,0.0,0.0,0.0,0.0,0,0,0
1756097593,1753,0.03,0.0,0.02,0.0,0.0,0.0,0.0,0.0,0,0,0
1756097593,1754,0.01,0.0,0.0,0.0,0.0,0.0,0.0,0.0,0,0,0
1756097593,1755,0.14,0.0,0.0,0.0,0.0,0.0,0.0,0.0,0,0,0
1756097593,1756,0.0,0.0,0.0,0.0,0.0,0.0,0.0,0.0,0,0,0
1756097593,1757,0.05,0.0,-0.02,0.0,0.0,0.0,0.0,0.0,0,0,0
1756097593,1758,0.0,0.0,-0.05,0.0,0.0,0.0,0.0,0.0,0,0,0
1756097593,1759,0.02,0.0,0.0,0.0,0.0,0.0,0.0,0.0,0,0,0
1756097593,1760,0.0,0.0,0.0,0.0,0.0,0.0,0.0,0.0,0,0,0
1756097593,1761,0.0,0.0,0.0,0.0,0.0,0.0,0.0,0.0,0,0,0
1756097593,1762,0.05,0.0,0.0,0.0,0.0,0.0,0.0,0.0,0,0,0
1756097593,1763,-0.1,0.0,0.02,0.0,0.0,0.0,0.0,0.0,0,0,0
1756097593,1764,0.0,0.0,-0.07,0.0,0.0,0.0,0.0,0.0,0,0,0
1756097593,1765,0.05,0.0,-0.01,0.0,0.0,0.0,0.0,0.0,0,0,0
1756097593,1766,-0.05,0.0,0.0,0.0,0.0,0.0,0.0,0.0,0,0,0
1756097593,1767,0.01,0.0,0.0,0.0,0.0,0.0,0.0,0.0,0,0,0
1756097593,1768,0.0,0.0,0.0,0.0,0.0,0.0,0.0,0.0,0,0,0
1756097593,1769,0.0,0.0,0.0,0.0,0.0,0.0,0.0,0.0,0,0,0
1756097593,1770,-0.03,0.0,-0.07,0.0,0.0,0.0,0.0,0.0,0,0,0
1756097593,1771,0.05,0.0,0.0,0.0,0.0,0.0,0.0,0.0,0,0,0
1756097593,1772,0.0,0.0,0.0,0.0,0.0,0.0,0.0,0.0,0,0,0
1756097593,1773,0.0,0.0,0.01,0.0,0.0,0.0,0.0,0.0,0,0,0
1756097593,1774,0.0,0.0,0.0,0.0,0.0,0.0,0.0,0.0,0,0,0
1756097593,1775,0.0,0.0,0.07,0.0,0.0,0.0,0.0,0.0,0,0,0
1756097593,1776,0.03,0.0,-0.03,0.0,0.0,0.0,0.0,0.0,0,0,0
1756097593,1777,-0.02,0.0,0.0,0.0,0.0,0.0,0.0,0.0,0,0,0
1756097593,1778,0.01,0.0,-0.03,0.0,0.0,0.0,0.0,0.0,0,0,0
1756097593,1779,0.0,0.0,-0.01,0.0,0.0,0.0,0.0,0.0,0,0,0
1756097593,1780,0.0,0.0,0.0,0.0,0.0,0.0,0.0,0.0,0,0,0
1756097593,1781,0.07,0.0,0.0,0.0,0.0,0.0,0.0,0.0,0,0,0
1756097593,1782,0.07,0.0,0.0,0.0,0.0,0.0,0.0,0.0,0,0,0
1756097593,1783,0.0,0.0,-0.03,0.0,0.0,0.0,0.0,0.0,0,0,0
1756097593,1784,-0.1,0.0,0.0,0.0,0.0,0.0,0.0,0.0,0,0,0
1756097593,1785,0.0,0.0,-0.02,0.0,0.0,0.0,0.0,0.0,0,0,0
1756097593,1786,-0.01,0.0,0.0,0.0,0.0,0.0,0.0,0.0,0,0,0
1756097593,1787,0.03,0.0,-0.02,0.0,0.0,0.0,0.0,0.0,0,0,0
1756097593,1788,-0.05,0.0,-0.01,0.0,0.0,0.0,0.0,0.0,0,0,0
1756097593,1789,0.05,0.0,-0.01,0.0,0.0,0.0,0.0,0.0,0,0,0
1756097593,1790,0.0,0.0,0.03,0.0,0.0,0.0,0.0,0.0,0,0,0
1756097593,1791,0.03,0.0,0.0,0.0,0.0,0.0,0.0,0.0,0,0,0
1756097593,1792,-0.05,0.0,0.03,0.0,0.0,0.0,0.0,0.0,0,0,0
1756097593,1793,0.0,0.0,0.01,0.0,0.0,0.0,0.0,0.0,0,0,0
1756097593,1794,0.0,0.0,0.01,0.0,0.0,0.0,0.0,0.0,0,0,0
1756097593,1795,0.05,0.0,0.02,0.0,0.0,0.0,0.0,0.0,0,0,0
1756097593,1796,0.01,0.0,-0.05,0.0,0.0,0.0,0.0,0.0,0,0,0
1756097593,1797,0.0,0.0,0.0,0.0,0.0,0.0,0.0,0.0,0,0,0
1756097593,1798,0.0,0.0,0.0,0.0,0.0,0.0,0.0,0.0,0,0,0
1756097593,1799,-0.01,0.0,-0.03,0.0,0.0,0.0,0.0,0.0,0,0,0
1756097593,1800,0.01,0.0,-0.01,0.0,0.0,0.0,0.0,0.0,0,0,0
1756097593,1801,0.01,0.0,0.0,0.0,0.0,0.0,0.0,0.0,0,0,0
1756097593,1802,0.01,0.0,-0.02,0.0,0.0,0.0,0.0,0.0,0,0,0
1756097593,1803,-0.01,0.0,-0.01,0.0,0.0,0.0,0.0,0.0,0,0,0
1756097593,1804,0.1,0.0,-0.01,0.0,0.0,0.0,0.0,0.0,0,0,0
1756097593,1805,0.0,0.0,0.0,0.0,0.0,0.0,0.0,0.0,0,0,0
1756097593,1806,0.01,0.0,0.0,0.0,0.0,0.0,0.0,0.0,0,0,0
1756097593,1807,0.0,0.0,0.0,0.0,0.0,0.0,0.0,0.0,0,0,0
1756097594,1808,-0.05,0.0,0.0,0.0,0.0,0.0,0.0,0.0,0,0,0
1756097594,1809,0.05,0.0,-0.02,0.0,0.0,0.0,0.0,0.0,0,0,0
1756097594,1810,0.07,0.0,0.0,0.0,0.0,0.0,0.0,0.0,0,0,0
1756097594,1811,0.01,0.0,0.0,0.0,0.0,0.0,0.0,0.0,0,0,0
1756097594,1812,0.0,0.0,0.0,0.0,0.0,0.0,0.0,0.0,0,0,0
1756097594,1813,0.05,0.0,-0.01,0.0,0.0,0.0,0.0,0.0,0,0,0
1756097594,1814,-0.02,0.0,0.0,0.0,0.0,0.0,0.0,0.0,0,0,0
1756097594,1815,0.02,0.0,0.0,0.0,0.0,0.0,0.0,0.0,0,0,0
1756097594,1816,0.0,0.0,-0.01,0.0,0.0,0.0,0.0,0.0,0,0,0
1756097594,1817,-0.03,0.0,0.0,0.0,0.0,0.0,0.0,0.0,0,0,0
1756097594,1818,-0.01,0.0,0.1,0.0,0.0,0.0,0.0,0.0,0,0,0
1756097594,1819,0.0,0.0,0.0,0.0,0.0,0.0,0.0,0.0,0,0,0
1756097594,1820,0.0,0.0,0.0,0.0,0.0,0.0,0.0,0.0,0,0,0
1756097594,1821,-0.05,0.0,-0.05,0.0,0.0,0.0,0.0,0.0,0,0,0
1756097594,1822,0.0,0.0,-0.01,0.0,0.0,0.0,0.0,0.0,0,0,0
1756097594,1823,0.03,0.0,0.0,0.0,0.0,0.0,0.0,0.0,0,0,0
1756097594,1824,0.03,0.0,-0.02,0.0,0.0,0.0,0.0,0.0,0,0,0
1756097594,1825,0.05,0.0,-0.03,0.0,0.0,0.0,0.0,0.0,0,0,0
1756097594,1826,0.05,0.0,0.0,0.0,0.0,0.0,0.0,0.0,0,0,0
1756097594,1827,0.0,0.0,0.0,0.0,0.0,0.0,0.0,0.0,0,0,0
1756097594,1828,0.05,0.0,0.0,0.0,0.0,0.0,0.0,0.0,0,0,0
1756097594,1829,0.03,0.0,0.0,0.0,0.0,0.0,0.0,0.0,0,0,0
1756097594,1830,0.02,0.0,0.0,0.0,0.0,0.0,0.0,0.0,0,0,0
1756097594,1831,-0.01,0.0,0.0,0.0,0.0,0.0,0.0,0.0,0,0,0
1756097594,1832,0.0,0.0,-0.03,0.0,0.0,0.0,0.0,0.0,0,0,0
1756097594,1833,0.0,0.0,-0.03,0.0,0.0,0.0,0.0,0.0,0,0,0
1756097594,1834,0.0,0.0,-0.01,0.0,0.0,0.0,0.0,0.0,0,0,0
1756097594,1835,-0.03,0.0,0.0,0.0,0.0,0.0,0.0,0.0,0,0,0
1756097594,1836,0.0,0.0,0.0,0.0,0.0,0.0,0.0,0.0,0,0,0
1756097594,1837,0.0,0.0,0.0,0.0,0.0,0.0,0.0,0.0,0,0,0
1756097594,1838,0.01,0.0,0.02,0.0,0.0,0.0,0.0,0.0,0,0,0
1756097594,1839,0.0,0.0,-0.03,0.0,0.0,0.0,0.0,0.0,0,0,0
1756097594,1840,0.02,0.0,0.0,0.0,0.0,0.0,0.0,0.0,0,0,0
1756097594,1841,0.03,0.0,0.0,0.0,0.0,0.0,0.0,0.0,0,0,0
1756097594,1842,-0.05,0.0,0.0,0.0,0.0,0.0,0.0,0.0,0,0,0
1756097594,1843,0.03,0.0,-0.01,0.0,0.0,0.0,0.0,0.0,0,0,0
1756097594,1844,0.0,0.0,0.0,0.0,0.0,0.0,0.0,0.0,0,0,0
1756097594,1845,0.03,0.0,0.0,0.0,0.0,0.0,0.0,0.0,0,0,0
1756097594,1846,0.0,0.0,0.0,0.0,0.0,0.0,0.0,0.0,0,0,0
1756097594,1847,-0.01,0.0,-0.01,0.0,0.0,0.0,0.0,0.0,0,0,0
1756097594,1848,-0.05,0.0,0.0,0.0,0.0,0.0,0.0,0.0,0,0,0
1756097594,1849,-0.05,0.0,0.0,0.0,0.0,0.0,0.0,0.0,0,0,0
1756097594,1850,-0.03,0.0,0.0,0.0,0.0,0.0,0.0,0.0,0,0,0
1756097594,1851,0.03,0.0,-0.01,0.0,0.0,0.0,0.0,0.0,0,0,0
1756097594,1852,-0.01,0.0,-0.03,0.0,0.0,0.0,0.0,0.0,0,0,0
1756097594,1853,0.03,0.0,-0.02,0.0,0.0,0.0,0.0,0.0,0,0,0
1756097594,1854,-0.03,0.0,0.02,0.0,0.0,0.0,0.0,0.0,0,0,0
1756097594,1855,-0.05,0.0,0.0,0.0,0.0,0.0,0.0,0.0,0,0,0
1756097594,1856,0.07,0.0,0.01,0.0,0.0,0.0,0.0,0.0,0,0,0
1756097594,1857,0.01,0.0,0.02,0.0,0.0,0.0,0.0,0.0,0,0,0
1756097594,1858,0.02,0.0,0.0,0.0,0.0,0.0,0.0,0.0,0,0,0
1756097594,1859,0.03,0.0,-0.05,0.0,0.0,0.0,0.0,0.0,0,0,0
1756097594,1860,-0.01,0.0,0.0,0.0,0.0,0.0,0.0,0.0,0,0,0
1756097594,1861,0.0,0.0,0.1,0.0,0.0,0.0,0.0,0.0,0,0,0
1756097594,1862,0.03,0.0,0.0,0.0,0.0,0.0,0.0,0.0,0,0,0
1756097594,1863,0.1,0.0,-0.05,0.0,0.0,0.0,0.0,0.0,0,0,0
1756097594,1864,0.03,0.0,-0.02,0.0,0.0,0.0,0.0,0.0,0,0,0
1756097594,1865,0.0,0.0,0.0,0.0,0.0,0.0,0.0,0.0,0,0,0
1756097594,1866,0.0,0.0,0.0,0.0,0.0,0.0,0.0,0.0,0,0,0
1756097594,1867,0.0,0.0,0.0,0.0,0.0,0.0,0.0,0.0,0,0,0
1756097594,1868,0.03,0.0,-0.09,0.0,0.0,0.0,0.0,0.0,0,0,0
1756097594,1869,0.05,0.0,0.0,0.0,0.0,0.0,0.0,0.0,0,0,0
1756097594,1870,0.0,0.0,0.0,0.0,0.0,0.0,0.0,0.0,0,0,0
1756097594,1871,0.0,0.0,0.0,0.0,0.0,0.0,0.0,0.0,0,0,0
1756097595,1872,0.0,0.0,0.0,0.0,0.0,0.0,0.0,0.0,0,0,0
1756097595,1873,-0.01,0.0,0.0,0.0,0.0,0.0,0.0,0.0,0,0,0
1756097595,1874,-0.01,0.0,-0.03,0.0,0.0,0.0,0.0,0.0,0,0,0
1756097595,1875,0.01,0.0,-0.03,0.0,0.0,0.0,0.0,0.0,0,0,0
1756097595,1876,-0.02,0.0,0.0,0.0,0.0,0.0,0.0,0.0,0,0,0
1756097595,1877,-0.03,0.0,0.0,0.0,0.0,0.0,0.0,0.0,0,0,0
1756097595,1878,-0.03,0.0,-0.01,0.0,0.0,0.0,0.0,0.0,0,0,0
1756097595,1879,0.01,0.0,0.01,0.0,0.0,0.0,0.0,0.0,0,0,0
1756097595,1880,-0.01,0.0,0.0,0.0,0.0,0.0,0.0,0.0,0,0,0
1756097595,1881,0.05,0.0,0.0,0.0,0.0,0.0,0.0,0.0,0,0,0
1756097595,1882,0.01,0.0,0.0,0.0,0.0,0.0,0.0,0.0,0,0,0
1756097595,1883,0.09,0.0,0.0,0.0,0.0,0.0,0.0,0.0,0,0,0
1756097595,1884,0.05,0.0,0.03,0.0,0.0,0.0,0.0,0.0,0,0,0
1756097595,1885,0.0,0.0,0.05,0.0,0.0,0.0,0.0,0.0,0,0,0
1756097595,1886,-0.02,0.0,0.0,0.0,0.0,0.0,0.0,0.0,0,0,0
1756097595,1887,0.0,0.0,-0.07,0.0,0.0,0.0,0.0,0.0,0,0,0
1756097595,1888,0.0,0.0,0.0,0.0,0.0,0.0,0.0,0.0,0,0,0
1756097595,1889,-0.02,0.0,-0.07,0.0,0.0,0.0,0.0,0.0,0,0,0
1756097595,1890,0.0,0.0,-0.02,0.0,0.0,0.0,0.0,0.0,0,0,0
1756097595,1891,0.01,0.0,0.0,0.0,0.0,0.0,0.0,0.0,0,0,0
1756097595,1892,0.0,0.0,0.0,0.0,0.0,0.0,0.0,0.0,0,0,0
1756097595,1893,0.01,0.0,0.0,0.0,0.0,0.0,0.0,0.0,0,0,0
1756097595,1894,0.05,0.0,-0.01,0.0,0.0,0.0,0.0,0.0,0,0,0
1756097595,1895,0.03,0.0,-0.02,0.0,0.0,0.0,0.0,0.0,0,0,0
1756097595,1896,0.02,0.0,0.01,0.0,0.0,0.0,0.0,0.0,0,0,0
1756097595,1897,-0.07,0.0,0.0,0.0,0.0,0.0,0.0,0.0,0,0,0
1756097595,1898,0.0,0.0,-0.01,0.0,0.0,0.0,0.0,0.0,0,0,0
1756097595,1899,0.09,0.0,0.0,0.0,0.0,0.0,0.0,0.0,0,0,0
1756097595,1900,0.03,0.0,-0.01,0.0,0.0,0.0,0.0,0.0,0,0,0
1756097595,1901,0.0,0.0,-0.03,0.0,0.0,0.0,0.0,0.0,0,0,0
1756097595,1902,0.01,0.0,-0.02,0.0,0.0,0.0,0.0,0.0,0,0,0
1756097595,1903,0.0,0.0,-0.02,0.0,0.0,0.0,0.0,0.0,0,0,0
1756097595,1904,0.05,0.0,0.0,0.0,0.0,0.0,0.0,0.0,0,0,0
1756097595,1905,0.0,0.0,-0.01,0.0,0.0,0.0,0.0,0.0,0,0,0
1756097595,1906,0.0,0.0,0.0,0.0,0.0,0.0,0.0,0.0,0,0,0
1756097595,1907,-0.02,0.0,-0.02,0.0,0.0,0.0,0.0,0.0,0,0,0
1756097595,1908,0.02,0.0,0.05,0.0,0.0,0.0,0.0,0.0,0,0,0
1756097595,1909,0.03,0.0,0.0,0.0,0.0,0.0,0.0,0.0,0,0,0
1756097595,1910,0.0,0.0,-0.02,0.0,0.0,0.0,0.0,0.0,0,0,0
1756097595,1911,0.0,0.0,-0.03,0.0,0.0,0.0,0.0,0.0,0,0,0
1756097595,1912,0.03,0.0,0.0,0.0,0.0,0.0,0.0,0.0,0,0,0
1756097595,1913,0.05,0.0,0.0,0.0,0.0,0.0,0.0,0.0,0,0,0
1756097595,1914,0.02,0.0,-0.05,0.0,0.0,0.0,0.0,0.0,0,0,0
1756097595,1915,0.01,0.0,-0.01,0.0,0.0,0.0,0.0,0.0,0,0,0
1756097595,1916,-0.01,0.0,-0.01,0.0,0.0,0.0,0.0,0.0,0,0,0
1756097595,1917,0.07,0.0,0.0,0.0,0.0,0.0,0.0,0.0,0,0,0
1756097595,1918,0.0,0.0,0.0,0.0,0.0,0.0,0.0,0.0,0,0,0
1756097595,1919,0.0,0.0,0.0,0.0,0.0,0.0,0.0,0.0,0,0,0
1756097595,1920,0.01,0.0,0.0,0.0,0.0,0.0,0.0,0.0,0,0,0
1756097595,1921,0.01,0.0,0.0,0.0,0.0,0.0,0.0,0.0,0,0,0
1756097595,1922,0.05,0.0,0.0,0.0,0.0,0.0,0.0,0.0,0,0,0
1756097595,1923,0.0,0.0,-0.05,0.0,0.0,0.0,0.0,0.0,0,0,0
1756097595,1924,0.05,0.0,0.0,0.0,0.0,0.0,0.0,0.0,0,0,0
1756097595,1925,0.0,0.0,0.01,0.0,0.0,0.0,0.0,0.0,0,0,0
1756097595,1926,0.03,0.0,0.0,0.0,0.0,0.0,0.0,0.0,0,0,0
1756097595,1927,0.0,0.0,-0.02,0.0,0.0,0.0,0.0,0.0,0,0,0
1756097595,1928,0.05,0.0,-0.02,0.0,0.0,0.0,0.0,0.0,0,0,0
1756097595,1929,0.07,0.0,0.0,0.0,0.0,0.0,0.0,0.0,0,0,0
1756097595,1930,0.0,0.0,0.0,0.0,0.0,0.0,0.0,0.0,0,0,0
1756097595,1931,0.0,0.0,-0.03,0.0,0.0,0.0,0.0,0.0,0,0,0
1756097595,1932,-0.05,0.0,0.01,0.0,0.0,0.0,0.0,0.0,0,0,0
1756097595,1933,0.0,0.0,0.0,0.0,0.0,0.0,0.0,0.0,0,0,0
1756097595,1934,0.0,0.0,0.02,0.0,0.0,0.0,0.0,0.0,0,0,0
1756097595,1935,-0.05,0.0,0.0,0.0,0.0,0.0,0.0,0.0,0,0,0
1756097595,1936,0.02,0.0,0.01,0.0,0.0,0.0,0.0,0.0,0,0,0
1756097595,1937,0.07,0.0,0.0,0.0,0.0,0.0,0.0,0.0,0,0,0
1756097595,1938,0.03,0.0,0.0,0.0,0.0,0.0,0.0,0.0,0,0,0
1756097595,1939,0.01,0.0,0.0,0.0,0.0,0.0,0.0,0.0,0,0,0
1756097596,1940,0.03,0.0,0.0,0.0,0.0,0.0,0.0,0.0,0,0,0
1756097596,1941,0.0,0.0,-0.01,0.0,0.0,0.0,0.0,0.0,0,0,0
1756097596,1942,-0.03,0.0,0.0,0.0,0.0,0.0,0.0,0.0,0,0,0
1756097596,1943,-0.05,0.0,0.0,0.0,0.0,0.0,0.0,0.0,0,0,0
1756097596,1944,0.0,0.0,0.0,0.0,0.0,0.0,0.0,0.0,0,0,0
1756097596,1945,-0.02,0.0,0.0,0.0,0.0,0.0,0.0,0.0,0,0,0
1756097596,1946,0.05,0.0,0.0,0.0,0.0,0.0,0.0,0.0,0,0,0
1756097596,1947,0.07,0.0,-0.02,0.0,0.0,0.0,0.0,0.0,0,0,0
1756097596,1948,0.02,0.0,0.0,0.0,0.0,0.0,0.0,0.0,0,0,0
1756097596,1949,0.07,0.0,-0.01,0.0,0.0,0.0,0.0,0.0,0,0,0
1756097596,1950,0.05,0.0,-0.03,0.0,0.0,0.0,0.0,0.0,0,0,0
1756097596,1951,0.0,0.0,0.0,0.0,0.0,0.0,0.0,0.0,0,0,0
1756097596,1952,0.0,0.0,-0.02,0.0,0.0,0.0,0.0,0.0,0,0,0
1756097596,1953,0.0,0.0,0.0,0.0,0.0,0.0,0.0,0.0,0,0,0
1756097596,1954,-0.01,0.0,-0.03,0.0,0.0,0.0,0.0,0.0,0,0,0
1756097596,1955,0.0,0.0,0.0,0.0,0.0,0.0,0.0,0.0,0,0,0
1756097596,1956,0.0,0.0,-0.02,0.0,0.0,0.0,0.0,0.0,0,0,0
1756097596,1957,0.0,0.0,-0.01,0.0,0.0,0.0,0.0,0.0,0,0,0
1756097596,1958,0.0,0.0,-0.02,0.0,0.0,0.0,0.0,0.0,0,0,0
1756097596,1959,0.0,0.0,0.01,0.0,0.0,0.0,0.0,0.0,0,0,0
1756097596,1960,0.0,0.0,0.0,0.0,0.0,0.0,0.0,0.0,0,0,0
1756097596,1961,0.0,0.0,-0.03,0.0,0.0,0.0,0.0,0.0,0,0,0
1756097596,1962,-0.03,0.0,-0.01,0.0,0.0,0.0,0.0,0.0,0,0,0
1756097596,1963,-0.05,0.0,0.0,0.0,0.0,0.0,0.0,0.0,0,0,0
1756097596,1964,0.0,0.0,-0.02,0.0,0.0,0.0,0.0,0.0,0,0,0
1756097596,1965,0.0,0.0,-0.02,0.0,0.0,0.0,0.0,0.0,0,0,0
1756097596,1966,0.02,0.0,-0.01,0.0,0.0,0.0,0.0,0.0,0,0,0
1756097596,1967,0.05,0.0,0.0,0.0,0.0,0.0,0.0,0.0,0,0,0
1756097596,1968,0.03,0.0,-0.05,0.0,0.0,0.0,0.0,0.0,0,0,0
1756097596,1969,0.0,0.0,-0.01,0.0,0.0,0.0,0.0,0.0,0,0,0
1756097596,1970,0.0,0.0,0.0,0.0,0.0,0.0,0.0,0.0,0,0,0
1756097596,1971,0.03,0.0,-0.01,0.0,0.0,0.0,0.0,0.0,0,0,0
1756097596,1972,0.01,0.0,0.0,0.0,0.0,0.0,0.0,0.0,0,0,0
1756097596,1973,0.02,0.0,0.0,0.0,0.0,0.0,0.0,0.0,0,0,0
1756097596,1974,0.01,0.0,-0.01,0.0,0.0,0.0,0.0,0.0,0,0,0
1756097596,1975,0.05,0.0,0.0,0.0,0.0,0.0,0.0,0.0,0,0,0
1756097596,1976,0.0,0.0,-0.01,0.0,0.0,0.0,0.0,0.0,0,0,0
1756097596,1977,0.05,0.0,0.0,0.0,0.0,0.0,0.0,0.0,0,0,0
1756097596,1978,0.01,0.0,-0.01,0.0,0.0,0.0,0.0,0.0,0,0,0
1756097596,1979,0.07,0.0,0.0,0.0,0.0,0.0,0.0,0.0,0,0,0
1756097596,1980,0.0,0.0,-0.05,0.0,0.0,0.0,0.0,0.0,0,0,0
1756097596,1981,0.0,0.0,-0.02,0.0,0.0,0.0,0.0,0.0,0,0,0
1756097596,1982,0.0,0.0,0.0,0.0,0.0,0.0,0.0,0.0,0,0,0
1756097596,1983,0.0,0.0,0.0,0.0,0.0,0.0,0.0,0.0,0,0,0
1756097596,1984,0.0,0.0,0.0,0.0,0.0,0.0,0.0,0.0,0,0,0
1756097596,1985,0.0,0.0,-0.07,0.0,0.0,0.0,0.0,0.0,0,0,0
1756097596,1986,-0.12,0.0,-0.17,0.0,0.0,0.0,0.0,0.0,0,0,0
1756097596,1987,0.02,0.0,0.0,0.0,0.0,0.0,0.0,0.0,0,0,0
1756097596,1988,0.07,0.0,0.0,0.0,0.0,0.0,0.0,0.0,0,0,0
1756097596,1989,0.07,0.0,0.0,0.0,0.0,0.0,0.0,0.0,0,0,0
1756097596,1990,0.03,0.0,0.0,0.0,0.0,0.0,0.0,0.0,0,0,0
1756097596,1991,0.07,0.0,0.0,0.0,0.0,0.0,0.0,0.0,0,0,0
1756097596,1992,0.05,0.0,-0.05,0.0,0.0,0.0,0.0,0.0,0,0,0
1756097596,1993,0.0,0.0,-0.09,0.0,0.0,0.0,0.0,0.0,0,0,0
1756097596,1994,0.03,0.0,-0.01,0.0,0.0,0.0,0.0,0.0,0,0,0
1756097596,1995,0.02,0.0,-0.02,0.0,0.0,0.0,0.0,0.0,0,0,0
1756097596,1996,0.0,0.0,0.0,0.0,0.0,0.0,0.0,0.0,0,0,0
1756097596,1997,-0.03,0.0,-0.02,0.0,0.0,0.0,0.0,0.0,0,0,0
1756097596,1998,-0.03,0.0,0.0,0.0,0.0,0.0,0.0,0.0,0,0,0
1756097596,1999,-0.03,0.0,-0.01,0.0,0.0,0.0,0.0,0.0,0,0,0
1756097596,2000,-0.03,0.0,0.0,0.0,0.0,0.0,0.0,0.0,0,0,0
1756097596,2001,0.05,0.0,0.0,0.0,0.0,0.0,0.0,0.0,0,0,0
1756097596,2002,0.03,0.0,0.0,0.0,0.0,0.0,0.0,0.0,0,0,0
1756097596,2003,0.01,0.0,0.0,0.0,0.0,0.0,0.0,0.0,0,0,0
1756097596,2004,0.05,0.0,0.0,0.0,0.0,0.0,0.0,0.0,0,0,0
1756097596,2005,0.1,0.0,-0.05,0.0,0.0,0.0,0.0,0.0,0,0,0
1756097596,2006,0.05,0.0,-0.03,0.0,0.0,0.0,0.0,0.0,0,0,0
1756097597,2007,0.05,0.0,0.0,0.0,0.0,0.0,0.0,0.0,0,0,0
1756097597,2008,-0.01,0.0,0.01,0.0,0.0,0.0,0.0,0.0,0,0,0
1756097597,2009,0.0,0.0,0.05,0.0,0.0,0.0,0.0,0.0,0,0,0
1756097597,2010,-0.05,0.0,0.03,0.0,0.0,0.0,0.0,0.0,0,0,0
1756097597,2011,-0.05,0.0,0.0,0.0,0.0,0.0,0.0,0.0,0,0,0
1756097597,2012,0.0,0.0,-0.05,0.0,0.0,0.0,0.0,0.0,0,0,0
1756097597,2013,0.0,0.0,-0.05,0.0,0.0,0.0,0.0,0.0,0,0,0
1756097597,2014,0.02,0.0,0.0,0.0,0.0,0.0,0.0,0.0,0,0,0
1756097597,2015,0.03,0.0,-0.05,0.0,0.0,0.0,0.0,0.0,0,0,0
1756097597,2016,0.0,0.0,-0.01,0.0,0.0,0.0,0.0,0.0,0,0,0
1756097597,2017,0.0,0.0,0.0,0.0,0.0,0.0,0.0,0.0,0,0,0
1756097597,2018,0.0,0.0,-0.02,0.0,0.0,0.0,0.0,0.0,0,0,0
1756097597,2019,0.05,0.0,-0.02,0.0,0.0,0.0,0.0,0.0,0,0,0
1756097597,2020,0.0,0.0,0.0,0.0,0.0,0.0,0.0,0.0,0,0,0
1756097597,2021,0.0,0.0,0.0,0.0,0.0,0.0,0.0,0.0,0,0,0
1756097597,2022,0.02,0.0,0.01,0.0,0.0,0.0,0.0,0.0,0,0,0
1756097597,2023,0.0,0.0,0.0,0.0,0.0,0.0,0.0,0.0,0,0,0
1756097597,2024,0.05,0.0,0.0,0.0,0.0,0.0,0.0,0.0,0,0,0
1756097597,2025,0.02,0.0,0.0,0.0,0.0,0.0,0.0,0.0,0,0,0
1756097597,2026,0.0,0.0,0.02,0.0,0.0,0.0,0.0,0.0,0,0,0
1756097597,2027,0.0,0.0,-0.07,0.0,0.0,0.0,0.0,0.0,0,0,0
1756097597,2028,0.07,0.0,0.0,0.0,0.0,0.0,0.0,0.0,0,0,0
1756097597,2029,0.01,0.0,0.0,0.0,0.0,0.0,0.0,0.0,0,0,0
1756097597,2030,0.05,0.0,-0.01,0.0,0.0,0.0,0.0,0.0,0,0,0
1756097597,2031,0.0,0.0,0.02,0.0,0.0,0.0,0.0,0.0,0,0,0
1756097597,2032,0.01,0.0,0.0,0.0,0.0,0.0,0.0,0.0,0,0,0
1756097597,2033,0.0,0.0,0.0,0.0,0.0,0.0,0.0,0.0,0,0,0
1756097597,2034,0.07,0.0,-0.01,0.0,0.0,0.0,0.0,0.0,0,0,0
1756097597,2035,0.0,0.0,-0.07,0.0,0.0,0.0,0.0,0.0,0,0,0
1756097597,2036,0.0,0.0,-0.05,0.0,0.0,0.0,0.0,0.0,0,0,0
1756097597,2037,0.02,0.0,0.0,0.0,0.0,0.0,0.0,0.0,0,0,0
1756097597,2038,-0.02,0.0,0.0,0.0,0.0,0.0,0.0,0.0,0,0,0
1756097597,2039,-0.02,0.0,0.0,0.0,0.0,0.0,0.0,0.0,0,0,0
1756097597,2040,0.0,0.0,0.0,0.0,0.0,0.0,0.0,0.0,0,0,0
1756097597,2041,0.0,0.0,0.0,0.0,0.0,0.0,0.0,0.0,0,0,0
1756097597,2042,0.05,0.0,0.0,0.0,0.0,0.0,0.0,0.0,0,0,0
1756097597,2043,0.09,0.0,-0.02,0.0,0.0,0.0,0.0,0.0,0,0,0
1756097597,2044,-0.03,0.0,0.0,0.0,0.0,0.0,0.0,0.0,0,0,0
1756097597,2045,-0.03,0.0,-0.01,0.0,0.0,0.0,0.0,0.0,0,0,0
1756097597,2046,-0.01,0.0,-0.01,0.0,0.0,0.0,0.0,0.0,0,0,0
1756097597,2047,0.01,0.0,-0.01,0.0,0.0,0.0,0.0,0.0,0,0,0
1756097597,2048,-0.03,0.0,-0.01,0.0,0.0,0.0,0.0,0.0,0,0,0
1756097597,2049,0.01,0.0,0.0,0.0,0.0,0.0,0.0,0.0,0,0,0
1756097597,2050,0.0,0.0,0.0,0.0,0.0,0.0,0.0,0.0,0,0,0
1756097597,2051,0.05,0.0,0.0,0.0,0.0,0.0,0.0,0.0,0,0,0
1756097597,2052,0.02,0.0,0.0,0.0,0.0,0.0,0.0,0.0,0,0,0
1756097597,2053,0.03,0.0,-0.1,0.0,0.0,0.0,0.0,0.0,0,0,0
1756097597,2054,-0.01,0.0,-0.05,0.0,0.0,0.0,0.0,0.0,0,0,0
1756097597,2055,0.0,0.0,0.0,0.0,0.0,0.0,0.0,0.0,0,0,0
1756097597,2056,-0.01,0.0,-0.01,0.0,0.0,0.0,0.0,0.0,0,0,0
1756097597,2057,0.0,0.0,0.0,0.0,0.0,0.0,0.0,0.0,0,0,0
1756097597,2058,0.0,0.0,-0.01,0.0,0.0,0.0,0.0,0.0,0,0,0
1756097597,2059,0.0,0.0,0.0,0.0,0.0,0.0,0.0,0.0,0,0,0
1756097597,2060,-0.1,0.0,0.0,0.0,0.0,0.0,0.0,0.0,0,0,0
1756097597,2061,0.01,0.0,0.0,0.0,0.0,0.0,0.0,0.0,0,0,0
1756097597,2062,-0.01,0.0,0.01,0.0,0.0,0.0,0.0,0.0,0,0,0
1756097597,2063,0.0,0.0,0.0,0.0,0.0,0.0,0.0,0.0,0,0,0
1756097597,2064,0.01,0.0,0.0,0.0,0.0,0.0,0.0,0.0,0,0,0
1756097597,2065,0.03,0.0,0.0,0.0,0.0,0.0,0.0,0.0,0,0,0
1756097597,2066,0.0,0.0,0.0,0.0,0.0,0.0,0.0,0.0,0,0,0
1756097597,2067,0.03,0.0,0.03,0.0,0.0,0.0,0.0,0.0,0,0,0
1756097597,2068,0.01,0.0,0.0,0.0,0.0,0.0,0.0,0.0,0,0,0
1756097597,2069,0.03,0.0,0.0,0.0,0.0,0.0,0.0,0.0,0,0,0
1756097598,2070,0.0,0.0,-0.03,0.0,0.0,0.0,0.0,0.0,0,0,0
1756097598,2071,0.03,0.0,0.0,0.0,0.0,0.0,0.0,0.0,0,0,0
1756097598,2072,0.02,0.0,-0.01,0.0,0.0,0.0,0.0,0.0,0,0,0
1756097598,2073,0.02,0.0,0.0,0.0,0.0,0.0,0.0,0.0,0,0,0
1756097598,2074,0.0,0.0,0.0,0.0,0.0,0.0,0.0,0.0,0,0,0
1756097598,2075,0.0,0.0,0.0,0.0,0.0,0.0,0.0,0.0,0,0,0
1756097598,2076,0.05,0.0,-0.01,0.0,0.0,0.0,0.0,0.0,0,0,0
1756097598,2077,0.1,0.0,0.0,0.0,0.0,0.0,0.0,0.0,0,0,0
1756097598,2078,0.0,0.0,0.02,0.0,0.0,0.0,0.0,0.0,0,0,0
1756097598,2079,0.0,0.0,0.0,0.0,0.0,0.0,0.0,0.0,0,0,0
1756097598,2080,0.07,0.0,0.0,0.0,0.0,0.0,0.0,0.0,0,0,0
1756097598,2081,-0.02,0.0,-0.02,0.0,0.0,0.0,0.0,0.0,0,0,0
1756097598,2082,0.0,0.0,0.0,0.0,0.0,0.0,0.0,0.0,0,0,0
1756097598,2083,0.0,0.0,-0.05,0.0,0.0,0.0,0.0,0.0,0,0,0
1756097598,2084,0.0,0.0,0.0,0.0,0.0,0.0,0.0,0.0,0,0,0
1756097598,2085,-0.02,0.0,0.0,0.0,0.0,0.0,0.0,0.0,0,0,0
1756097598,2086,0.1,0.0,0.01,0.0,0.0,0.0,0.0,0.0,0,0,0
1756097598,2087,-0.01,0.0,0.0,0.0,0.0,0.0,0.0,0.0,0,0,0
1756097598,2088,0.0,0.0,-0.09,0.0,0.0,0.0,0.0,0.0,0,0,0
1756097598,2089,0.03,0.0,0.0,0.0,0.0,0.0,0.0,0.0,0,0,0
1756097598,2090,0.03,0.0,-0.02,0.0,0.0,0.0,0.0,0.0,0,0,0
1756097598,2091,0.0,0.0,0.0,0.0,0.0,0.0,0.0,0.0,0,0,0
1756097598,2092,-0.05,0.0,0.05,0.0,0.0,0.0,0.0,0.0,0,0,0
1756097598,2093,-0.03,0.0,0.0,0.0,0.0,0.0,0.0,0.0,0,0,0
1756097598,2094,0.05,0.0,-0.02,0.0,0.0,0.0,0.0,0.0,0,0,0
1756097598,2095,0.0,0.0,0.0,0.0,0.0,0.0,0.0,0.0,0,0,0
1756097598,2096,0.02,0.0,0.0,0.0,0.0,0.0,0.0,0.0,0,0,0
1756097598,2097,0.0,0.0,0.0,0.0,0.0,0.0,0.0,0.0,0,0,0
1756097598,2098,0.01,0.0,0.0,0.0,0.0,0.0,0.0,0.0,0,0,0
1756097598,2099,-0.05,0.0,0.0,0.0,0.0,0.0,0.0,0.0,0,0,0
1756097598,2100,0.0,0.0,0.0,0.0,0.0,0.0,0.0,0.0,0,0,0
1756097598,2101,0.0,0.0,0.0,0.0,0.0,0.0,0.0,0.0,0,0,0
1756097598,2102,-0.05,0.0,0.01,0.0,0.0,0.0,0.0,0.0,0,0,0
1756097598,2103,-0.03,0.0,0.0,0.0,0.0,0.0,0.0,0.0,0,0,0
1756097598,2104,0.01,0.0,0.05,0.0,0.0,0.0,0.0,0.0,0,0,0
1756097598,2105,0.0,0.0,-0.07,0.0,0.0,0.0,0.0,0.0,0,0,0
1756097598,2106,0.01,0.0,0.03,0.0,0.0,0.0,0.0,0.0,0,0,0
1756097598,2107,0.05,0.0,0.0,0.0,0.0,0.0,0.0,0.0,0,0,0
1756097598,2108,0.03,0.0,0.0,0.0,0.0,0.0,0.0,0.0,0,0,0
1756097598,2109,0.01,0.0,-0.03,0.0,0.0,0.0,0.0,0.0,0,0,0
1756097598,2110,0.0,0.0,0.0,0.0,0.0,0.0,0.0,0.0,0,0,0
1756097598,2111,0.0,0.0,0.0,0.0,0.0,0.0,0.0,0.0,0,0,0
1756097598,2112,-0.02,0.0,-0.03,0.0,0.0,0.0,0.0,0.0,0,0,0
1756097598,2113,-0.02,0.0,-0.03,0.0,0.0,0.0,0.0,0.0,0,0,0
1756097598,2114,0.0,0.0,-0.01,0.0,0.0,0.0,0.0,0.0,0,0,0
1756097598,2115,0.02,0.0,-0.01,0.0,0.0,0.0,0.0,0.0,0,0,0
1756097598,2116,-0.01,0.0,0.0,0.0,0.0,0.0,0.0,0.0,0,0,0
1756097598,2117,0.0,0.0,-0.01,0.0,0.0,0.0,0.0,0.0,0,0,0
1756097598,2118,0.0,0.0,-0.01,0.0,0.0,0.0,0.0,0.0,0,0,0
1756097598,2119,0.05,0.0,-0.01,0.0,0.0,0.0,0.0,0.0,0,0,0
1756097598,2120,0.1,0.0,0.0,0.0,0.0,0.0,0.0,0.0,0,0,0
1756097598,2121,0.07,0.0,0.07,0.0,0.0,0.0,0.0,0.0,0,0,0
1756097598,2122,0.07,0.0,0.0,0.0,0.0,0.0,0.0,0.0,0,0,0
1756097598,2123,0.07,0.0,0.03,0.0,0.0,0.0,0.0,0.0,0,0,0
1756097598,2124,0.15,0.0,0.0,0.0,0.0,0.0,0.0,0.0,0,0,0
1756097598,2125,0.14,0.0,0.0,0.0,0.0,0.0,0.0,0.0,0,0,0
1756097598,2126,0.2,0.0,0.0,0.0,0.0,0.0,0.0,0.0,0,0,0
1756097598,2127,0.18,0.0,-0.01,0.0,0.0,0.0,0.0,0.0,0,0,0
1756097598,2128,0.15,0.0,-0.01,0.0,0.0,0.0,0.0,0.0,0,0,0
1756097598,2129,0.18,0.0,-0.02,0.0,0.0,0.0,0.0,0.0,0,0,0
1756097598,2130,0.18,0.0,0.0,0.0,0.0,0.0,0.0,0.0,0,0,0
1756097598,2131,0.17,0.0,-0.07,0.0,0.0,0.0,0.0,0.0,0,0,0
1756097598,2132,0.15,0.0,0.0,0.0,0.0,0.0,0.0,0.0,0,0,0
1756097598,2133,0.2,0.0,0.0,0.0,0.0,0.0,0.0,0.0,0,0,0
1756097598,2134,0.18,0.0,-0.01,0.0,0.0,0.0,0.0,0.0,0,0,0
1756097598,2135,0.21,0.0,0.0,0.0,0.0,0.0,0.0,0.0,0,0,0
1756097598,2136,0.2,0.0,-0.01,0.0,0.0,0.0,0.0,0.0,0,0,0
1756097598,2137,0.18,0.0,-0.01,0.0,0.0,0.0,0.0,0.0,0,0,0
1756097599,2138,0.18,0.0,0.0,0.0,0.0,0.0,0.0,0.0,0,0,0
1756097599,2139,0.18,0.0,-0.03,0.0,0.0,0.0,0.0,0.0,0,0,0
1756097599,2140,0.17,0.0,0.0,0.0,0.0,0.0,0.0,0.0,0,0,0
1756097599,2141,0.11,0.0,-0.03,0.0,0.0,0.0,0.0,0.0,0,0,0
1756097599,2142,0.1,0.0,0.0,0.0,0.0,0.0,0.0,0.0,0,0,0
1756097599,2143,0.18,0.0,0.0,0.0,0.0,0.0,0.0,0.0,0,0,0
1756097599,2144,0.15,0.0,0.01,0.0,0.0,0.0,0.0,0.0,0,0,0
1756097599,2145,0.23,0.0,0.0,0.0,0.0,0.0,0.0,0.0,0,0,0
1756097599,2146,0.18,0.0,0.0,0.0,0.0,0.0,0.0,0.0,0,0,0
1756097599,2147,0.2,0.0,0.0,0.0,0.0,0.0,0.0,0.0,0,0,0
1756097599,2148,0.1,0.0,-0.01,0.0,0.0,0.0,0.0,0.0,0,0,0
1756097599,2149,0.17,0.0,0.01,0.0,0.0,0.0,0.0,0.0,0,0,0
1756097599,2150,0.2,0.0,0.0,0.0,0.0,0.0,0.0,0.0,0,0,0
1756097599,2151,0.23,0.0,0.0,0.0,0.0,0.0,0.0,0.0,0,0,0
1756097599,2152,0.21,0.0,-0.09,0.0,0.0,0.0,0.0,0.0,0,0,0
1756097599,2153,0.14,0.0,0.03,0.0,0.0,0.0,0.0,0.0,0,0,0
1756097599,2154,0.11,0.0,0.0,0.0,0.0,0.0,0.0,0.0,0,0,0
1756097599,2155,0.1,0.0,0.0,0.0,0.0,0.0,0.0,0.0,0,0,0
1756097599,2156,0.03,0.0,0.0,0.0,0.0,0.0,0.0,0.0,0,0,0
1756097599,2157,0.1,0.0,0.0,0.0,0.0,0.0,0.0,0.0,0,0,0
1756097599,2158,0.15,0.0,0.0,0.0,0.0,0.0,0.0,0.0,0,0,0
1756097599,2159,0.11,0.0,-0.03,0.0,0.0,0.0,0.0,0.0,0,0,0
1756097599,2160,0.21,0.0,0.0,0.0,0.0,0.0,0.0,0.0,0,0,0
1756097599,2161,0.18,0.0,0.0,0.0,0.0,0.0,0.0,0.0,0,0,0
1756097599,2162,0.1,0.0,0.0,0.0,0.0,0.0,0.0,0.0,0,0,0
1756097599,2163,0.11,0.0,0.0,0.0,0.0,0.0,0.0,0.0,0,0,0
1756097599,2164,0.12,0.0,0.0,0.0,0.0,0.0,0.0,0.0,0,0,0
1756097599,2165,0.11,0.0,0.0,0.0,0.0,0.0,0.0,0.0,0,0,0
1756097599,2166,0.1,0.0,0.0,0.0,0.0,0.0,0.0,0.0,0,0,0
1756097599,2167,0.14,0.0,-0.01,0.0,0.0,0.0,0.0,0.0,0,0,0
1756097599,2168,0.11,0.0,0.0,0.0,0.0,0.0,0.0,0.0,0,0,0
1756097599,2169,0.15,0.0,0.05,0.0,0.0,0.0,0.0,0.0,0,0,0
1756097599,2170,0.11,0.0,-0.01,0.0,0.0,0.0,0.0,0.0,0,0,0
1756097599,2171,0.1,0.0,-0.05,0.0,0.0,0.0,0.0,0.0,0,0,0
1756097599,2172,0.1,0.0,-0.02,0.0,0.0,0.0,0.0,0.0,0,0,0
1756097599,2173,0.14,0.0,0.0,0.0,0.0,0.0,0.0,0.0,0,0,0
1756097599,2174,0.1,0.0,0.0,0.0,0.0,0.0,0.0,0.0,0,0,0
1756097599,2175,0.07,0.0,0.0,0.0,0.0,0.0,0.0,0.0,0,0,0
1756097599,2176,0.09,0.0,0.0,0.0,0.0,0.0,0.0,0.0,0,0,0
1756097599,2177,0.11,0.0,-0.02,0.0,0.0,0.0,0.0,0.0,0,0,0
1756097599,2178,0.17,0.0,-0.02,0.0,0.0,0.0,0.0,0.0,0,0,0
1756097599,2179,0.15,0.0,-0.01,0.0,0.0,0.0,0.0,0.0,0,0,0
1756097599,2180,0.15,0.0,0.0,0.0,0.0,0.0,0.0,0.0,0,0,0
1756097599,2181,0.14,0.0,0.0,0.0,0.0,0.0,0.0,0.0,0,0,0
1756097599,2182,0.11,0.0,0.0,0.0,0.0,0.0,0.0,0.0,0,0,0
1756097599,2183,0.1,0.0,-0.02,0.0,0.0,0.0,0.0,0.0,0,0,0
1756097599,2184,0.11,0.0,0.0,0.0,0.0,0.0,0.0,0.0,0,0,0
1756097599,2185,0.15,0.0,-0.05,0.0,0.0,0.0,0.0,0.0,0,0,0
1756097599,2186,0.15,0.0,0.0,0.0,0.0,0.0,0.0,0.0,0,0,0
1756097599,2187,0.15,0.0,0.0,0.0,0.0,0.0,0.0,0.0,0,0,0
1756097599,2188,0.27,0.0,0.0,0.0,0.0,0.0,0.0,0.0,0,0,0
1756097599,2189,0.15,0.0,-0.01,0.0,0.0,0.0,0.0,0.0,0,0,0
1756097599,2190,0.18,0.0,-0.07,0.0,0.0,0.0,0.0,0.0,0,0,0
1756097599,2191,0.2,0.0,-0.03,0.0,0.0,0.0,0.0,0.0,0,0,0
1756097599,2192,0.15,0.0,0.03,0.0,0.0,0.0,0.0,0.0,0,0,0
1756097599,2193,0.18,0.0,0.0,0.0,0.0,0.0,0.0,0.0,0,0,0
1756097599,2194,0.18,0.0,0.0,0.0,0.0,0.0,0.0,0.0,0,0,0
1756097599,2195,0.18,0.0,0.0,0.0,0.0,0.0,0.0,0.0,0,0,0
1756097599,2196,0.2,0.0,-0.01,0.0,0.0,0.0,0.0,0.0,0,0,0
1756097599,2197,0.15,0.0,0.0,0.0,0.0,0.0,0.0,0.0,0,0,0
1756097599,2198,0.15,0.0,0.0,0.0,0.0,0.0,0.0,0.0,0,0,0
1756097599,2199,0.17,0.0,0.0,0.0,0.0,0.0,0.0,0.0,0,0,0
1756097600,2200,0.2,0.0,0.0,0.0,0.0,0.0,0.0,0.0,0,0,0
1756097600,2201,0.2,0.0,0.0,0.0,0.0,0.0,0.0,0.0,0,0,0
1756097600,2202,0.27,0.0,0.0,0.0,0.0,0.0,0.0,0.0,0,0,0
1756097600,2203,0.25,0.0,0.0,0.0,0.0,0.0,0.0,0.0,0,0,0
1756097600,2204,0.18,0.0,0.0,0.0,0.0,0.0,0.0,0.0,0,0,0
1756097600,2205,0.2,0.0,-0.05,0.0,0.0,0.0,0.0,0.0,0,0,0
1756097600,2206,0.2,0.0,0.0,0.0,0.0,0.0,0.0,0.0,0,0,0
1756097600,2207,0.2,0.0,0.0,0.0,0.0,0.0,0.0,0.0,0,0,0
1756097600,2208,0.2,0.0,0.0,0.0,0.0,0.0,0.0,0.0,0,0,0
1756097600,2209,0.18,0.0,0.0,0.0,0.0,0.0,0.0,0.0,0,0,0
1756097600,2210,0.18,0.0,0.0,0.0,0.0,0.0,0.0,0.0,0,0,0
1756097600,2211,0.25,0.0,0.0,0.0,0.0,0.0,0.0,0.0,0,0,0
1756097600,2212,0.17,0.0,0.01,0.0,0.0,0.0,0.0,0.0,0,0,0
1756097600,2213,0.14,0.0,0.0,0.0,0.0,0.0,0.0,0.0,0,0,0
1756097600,2214,0.2,0.0,0.0,0.0,0.0,0.0,0.0,0.0,0,0,0
1756097600,2215,0.2,0.0,-0.05,0.0,0.0,0.0,0.0,0.0,0,0,0
1756097600,2216,0.21,0.0,0.0,0.0,0.0,0.0,0.0,0.0,0,0,0
1756097600,2217,0.2,0.0,0.0,0.0,0.0,0.0,0.0,0.0,0,0,0
1756097600,2218,0.12,0.0,0.0,0.0,0.0,0.0,0.0,0.0,0,0,0
1756097600,2219,0.2,0.0,0.0,0.0,0.0,0.0,0.0,0.0,0,0,0
1756097600,2220,0.18,0.0,0.0,0.0,0.0,0.0,0.0,0.0,0,0,0
1756097600,2221,0.17,0.0,0.0,0.0,0.0,0.0,0.0,0.0,0,0,0
1756097600,2222,0.18,0.0,-0.02,0.0,0.0,0.0,0.0,0.0,0,0,0
1756097600,2223,0.09,0.0,0.0,0.0,0.0,0.0,0.0,0.0,0,0,0
1756097600,2224,0.1,0.0,0.0,0.0,0.0,0.0,0.0,0.0,0,0,0
1756097600,2225,0.15,0.0,0.0,0.0,0.0,0.0,0.0,0.0,0,0,0
1756097600,2226,0.12,0.0,0.0,0.0,0.0,0.0,0.0,0.0,0,0,0
1756097600,2227,0.12,0.0,0.01,0.0,0.0,0.0,0.0,0.0,0,0,0
1756097600,2228,0.15,0.0,0.0,0.0,0.0,0.0,0.0,0.0,0,0,0
1756097600,2229,0.15,0.0,-0.01,0.0,0.0,0.0,0.0,0.0,0,0,0
1756097600,2230,0.15,0.0,0.0,0.0,0.0,0.0,0.0,0.0,0,0,0
1756097600,2231,0.15,0.0,0.0,0.0,0.0,0.0,0.0,0.0,0,0,0
1756097600,2232,0.07,0.0,0.0,0.0,0.0,0.0,0.0,0.0,0,0,0
1756097600,2233,0.1,0.0,0.0,0.0,0.0,0.0,0.0,0.0,0,0,0
1756097600,2234,0.05,0.0,0.0,0.0,0.0,0.0,0.0,0.0,0,0,0
1756097600,2235,0.07,0.0,0.0,0.0,0.0,0.0,0.0,0.0,0,0,0
1756097600,2236,0.03,0.0,0.0,0.0,0.0,0.0,0.0,0.0,0,0,0
1756097600,2237,0.0,0.0,-0.02,0.0,0.0,0.0,0.0,0.0,0,0,0
1756097600,2238,0.02,0.0,-0.01,0.0,0.0,0.0,0.0,0.0,0,0,0
1756097600,2239,0.09,0.0,-0.02,0.0,0.0,0.0,0.0,0.0,0,0,0
1756097600,2240,0.12,0.0,0.0,0.0,0.0,0.0,0.0,0.0,0,0,0
1756097600,2241,0.09,0.0,0.0,0.0,0.0,0.0,0.0,0.0,0,0,0
1756097600,2242,0.0,0.0,0.0,0.0,0.0,0.0,0.0,0.0,0,0,0
1756097600,2243,0.0,0.0,0.05,0.0,0.0,0.0,0.0,0.0,0,0,0
1756097600,2244,-0.09,0.0,0.0,0.0,0.0,0.0,0.0,0.0,0,0,0
1756097600,2245,-0.27,0.0,0.0,0.0,0.0,0.0,0.0,0.0,0,0,0
1756097600,2246,-0.34,0.0,-0.01,0.0,0.0,0.0,0.0,0.0,0,0,0
1756097600,2247,-0.31,0.0,-0.05,0.0,0.0,0.0,0.0,0.0,0,0,0
1756097600,2248,-0.31,0.0,0.0,0.0,0.0,0.0,0.0,0.0,0,0,0
1756097600,2249,-0.33,0.0,0.0,0.0,0.0,0.0,0.0,0.0,0,0,0
1756097600,2250,-0.37,0.0,0.0,0.0,0.0,0.0,0.0,0.0,0,0,0
1756097600,2251,-0.46,0.0,-0.02,0.0,0.0,0.0,0.0,0.0,0,0,0
1756097600,2252,-0.57,0.0,0.01,0.0,0.0,0.0,0.0,0.0,0,0,0
1756097600,2253,-0.5,0.0,-0.03,0.0,0.0,0.0,0.0,0.0,0,0,0
1756097600,2254,-0.56,0.0,-0.02,0.0,0.0,0.0,0.0,0.0,0,0,0
1756097600,2255,-0.43,0.0,-0.02,0.0,0.0,0.0,0.0,0.0,0,0,0
1756097600,2256,-0.37,0.0,0.0,0.0,0.0,0.0,0.0,0.0,0,0,0
1756097600,2257,-0.47,0.0,0.0,0.0,0.0,0.0,0.0,0.0,0,0,0
1756097600,2258,-0.58,0.0,0.09,0.0,0.0,0.0,0.0,0.0,0,0,0
1756097600,2259,-0.64,0.0,-0.07,0.0,0.0,0.0,0.0,0.0,0,0,0
1756097600,2260,-0.68,0.0,0.0,0.0,0.0,0.0,0.0,0.0,0,0,0
1756097600,2261,-0.61,0.0,0.03,0.0,0.0,0.0,0.0,0.0,0,0,0
1756097600,2262,-0.57,0.0,0.0,0.0,0.0,0.0,0.0,0.0,0,0,0
1756097600,2263,-0.54,0.0,-0.02,0.0,0.0,0.0,0.0,0.0,0,0,0
1756097600,2264,-0.64,0.0,-0.07,0.0,0.0,0.0,0.0,0.0,0,0,0
1756097600,2265,-0.58,0.0,0.01,0.0,0.0,0.0,0.0,0.0,0,0,0
1756097600,2266,-0.55,0.0,0.0,0.0,0.0,0.0,0.0,0.0,0,0,0
1756097600,2267,-0.57,0.0,-0.01,0.0,0.0,0.0,0.0,0.0,0,0,0
1756097600,2268,-0.43,0.0,0.0,0.0,0.0,0.0,0.0,0.0,0,0,0
1756097600,2269,-0.4,0.0,0.0,0.0,0.0,0.0,0.0,0.0,0,0,0
1756097601,2270,-0.47,0.0,0.0,0.0,0.0,0.0,0.0,0.0,0,0,0
1756097601,2271,-0.41,0.0,0.0,0.0,0.0,0.0,0.0,0.0,0,0,0
1756097601,2272,-0.54,0.0,0.0,0.0,0.0,0.0,0.0,0.0,0,0,0
1756097601,2273,-0.46,0.0,-0.01,0.0,0.0,0.0,0.0,0.0,0,0,0
1756097601,2274,-0.44,0.0,0.01,0.0,0.0,0.0,0.0,0.0,0,0,0
1756097601,2275,-0.27,0.0,0.0,0.0,0.0,0.0,0.0,0.0,0,0,0
1756097601,2276,-0.33,0.0,0.0,0.0,0.0,0.0,0.0,0.0,0,0,0
1756097601,2277,-0.18,0.0,0.0,0.0,0.0,0.0,0.0,0.0,0,0,0
1756097601,2278,-0.02,0.0,0.0,0.0,0.0,0.0,0.0,0.0,0,0,0
1756097601,2279,-0.1,0.0,-0.03,0.0,0.0,0.0,0.0,0.0,0,0,0
1756097601,2280,-0.1,0.0,0.0,0.0,0.0,0.0,0.0,0.0,0,0,0
1756097601,2281,0.07,0.0,0.0,0.0,0.0,0.0,0.0,0.0,0,0,0
1756097601,2282,0.1,0.0,0.0,0.0,0.0,0.0,0.0,0.0,0,0,0
1756097601,2283,0.3,0.0,0.0,0.0,0.0,0.0,0.0,0.0,0,0,0
1756097601,2284,0.37,0.0,0.0,0.0,0.0,0.0,0.0,0.0,0,0,0
1756097601,2285,0.64,0.0,0.0,0.0,0.0,0.0,0.0,0.0,0,0,0
1756097601,2286,0.81,0.0,-0.05,0.0,0.0,0.0,0.0,0.0,0,0,0
1756097601,2287,0.83,0.0,0.0,0.0,0.0,0.0,0.0,0.0,0,0,0
1756097601,2288,0.79,0.0,0.02,0.0,0.0,0.0,0.0,0.0,0,0,0
1756097601,2289,0.72,0.0,-0.03,0.0,0.0,0.0,0.0,0.0,0,0,0
1756097601,2290,0.73,0.0,-0.01,0.0,0.0,0.0,0.0,0.0,0,0,0
1756097601,2291,0.75,0.0,0.0,0.0,0.0,0.0,0.0,0.0,0,0,0
1756097601,2292,0.72,0.0,0.02,0.0,0.0,0.0,0.0,0.0,0,0,0
1756097601,2293,0.68,0.0,-0.01,0.0,0.0,0.0,0.0,0.0,0,0,0
1756097601,2294,0.66,0.0,-0.01,0.0,0.0,0.0,0.0,0.0,0,0,0
1756097601,2295,0.58,0.0,0.0,0.0,0.0,0.0,0.0,0.0,0,0,0
1756097601,2296,0.76,0.0,0.0,0.0,0.0,0.0,0.0,0.0,0,0,0
1756097601,2297,0.73,0.0,-0.05,0.0,0.0,0.0,0.0,0.0,0,0,0
1756097601,2298,0.62,0.0,0.03,0.0,0.0,0.0,0.0,0.0,0,0,0
1756097601,2299,0.57,0.0,-0.01,0.0,0.0,0.0,0.0,0.0,0,0,0
1756097601,2300,0.34,0.0,0.0,0.0,0.0,0.0,0.0,0.0,0,0,0
1756097601,2301,0.36,0.0,0.0,0.0,0.0,0.0,0.0,0.0,0,0,0
1756097601,2302,0.52,0.0,0.0,0.0,0.0,0.0,0.0,0.0,0,0,0
1756097601,2303,0.07,0.0,-0.02,0.0,0.0,0.0,0.0,0.0,0,0,0
1756097601,2304,0.14,0.0,0.0,0.0,0.0,0.0,0.0,0.0,0,0,0
1756097601,2305,0.18,0.0,0.0,0.0,0.0,0.0,0.0,0.0,0,0,0
1756097601,2306,0.12,0.0,0.0,0.0,0.0,0.0,0.0,0.0,0,0,0
1756097601,2307,0.18,0.0,0.0,0.0,0.0,0.0,0.0,0.0,0,0,0
1756097601,2308,0.14,0.0,0.0,0.0,0.0,0.0,0.0,0.0,0,0,0
1756097601,2309,0.1,0.0,-0.03,0.0,0.0,0.0,0.0,0.0,0,0,0
1756097601,2310,0.0,0.0,0.0,0.0,0.0,0.0,0.0,0.0,0,0,0
1756097601,2311,-0.01,0.0,-0.01,0.0,0.0,0.0,0.0,0.0,0,0,0
1756097601,2312,-0.17,0.0,0.0,0.0,0.0,0.0,0.0,0.0,0,0,0
1756097601,2313,-0.41,0.0,-0.02,0.0,0.0,0.0,0.0,0.0,0,0,0
1756097601,2314,-0.38,0.0,0.02,0.0,0.0,0.0,0.0,0.0,0,0,0
1756097601,2315,-0.3,0.0,0.0,0.0,0.0,0.0,0.0,0.0,0,0,0
1756097601,2316,-0.28,0.0,0.0,0.0,0.0,0.0,0.0,0.0,0,0,0
1756097601,2317,-0.37,0.0,-0.05,0.0,0.0,0.0,0.0,0.0,0,0,0
1756097601,2318,-0.33,0.0,-0.02,0.0,0.0,0.0,0.0,0.0,0,0,0
1756097601,2319,-0.25,0.0,0.0,0.0,0.0,0.0,0.0,0.0,0,0,0
1756097601,2320,-0.2,0.0,0.0,0.0,0.0,0.0,0.0,0.0,0,0,0
1756097601,2321,-0.12,0.0,0.0,0.0,0.0,0.0,0.0,0.0,0,0,0
1756097601,2322,-0.18,0.0,0.0,0.0,0.0,0.0,0.0,0.0,0,0,0
1756097601,2323,-0.17,0.0,0.0,0.0,0.0,0.0,0.0,0.0,0,0,0
1756097601,2324,-0.14,0.0,-0.05,0.0,0.0,0.0,0.0,0.0,0,0,0
1756097601,2325,-0.17,0.0,0.02,0.0,0.0,0.0,0.0,0.0,0,0,0
1756097601,2326,-0.15,0.0,0.0,0.0,0.0,0.0,0.0,0.0,0,0,0
1756097601,2327,-0.12,0.0,0.0,0.0,0.0,0.0,0.0,0.0,0,0,0
1756097601,2328,-0.09,0.0,0.0,0.0,0.0,0.0,0.0,0.0,0,0,0
1756097601,2329,-0.11,0.0,-0.02,0.0,0.0,0.0,0.0,0.0,0,0,0
1756097601,2330,-0.12,0.0,0.0,0.0,0.0,0.0,0.0,0.0,0,0,0
1756097601,2331,-0.11,0.0,0.0,0.0,0.0,0.0,0.0,0.0,0,0,0
1756097601,2332,-0.05,0.0,-0.03,0.0,0.0,0.0,0.0,0.0,0,0,0
1756097602,2333,0.1,0.0,0.01,0.0,0.0,0.0,0.0,0.0,0,0,0
1756097602,2334,0.05,0.0,0.0,0.0,0.0,0.0,0.0,0.0,0,0,0
1756097602,2335,0.1,0.0,0.0,0.0,0.0,0.0,0.0,0.0,0,0,0
1756097602,2336,0.09,0.0,0.0,0.0,0.0,0.0,0.0,0.0,0,0,0
1756097602,2337,0.09,0.0,0.0,0.0,0.0,0.0,0.0,0.0,0,0,0
1756097602,2338,0.18,0.0,0.0,0.0,0.0,0.0,0.0,0.0,0,0,0
1756097602,2339,0.2,0.0,0.0,0.0,0.0,0.0,0.0,0.0,0,0,0
1756097602,2340,0.2,0.0,-0.07,0.0,0.0,0.0,0.0,0.0,0,0,0
1756097602,2341,0.09,0.0,0.1,0.0,0.0,0.0,0.0,0.0,0,0,0
1756097602,2342,0.18,0.0,0.0,0.0,0.0,0.0,0.0,0.0,0,0,0
1756097602,2343,0.15,0.0,0.01,0.0,0.0,0.0,0.0,0.0,0,0,0
1756097602,2344,0.15,0.0,0.0,0.0,0.0,0.0,0.0,0.0,0,0,0
1756097602,2345,0.14,0.0,0.0,0.0,0.0,0.0,0.0,0.0,0,0,0
1756097602,2346,0.1,0.0,0.0,0.0,0.0,0.0,0.0,0.0,0,0,0
1756097602,2347,0.11,0.0,-0.02,0.0,0.0,0.0,0.0,0.0,0,0,0
1756097602,2348,0.14,0.0,0.0,0.0,0.0,0.0,0.0,0.0,0,0,0
1756097602,2349,0.15,0.0,-0.03,0.0,0.0,0.0,0.0,0.0,0,0,0
1756097602,2350,0.15,0.0,0.0,0.0,0.0,0.0,0.0,0.0,0,0,0
1756097602,2351,0.09,0.0,0.0,0.0,0.0,0.0,0.0,0.0,0,0,0
1756097602,2352,0.15,0.0,-0.05,0.0,0.0,0.0,0.0,0.0,0,0,0
1756097602,2353,0.2,0.0,-0.01,0.0,0.0,0.0,0.0,0.0,0,0,0
1756097602,2354,0.15,0.0,-0.03,0.0,0.0,0.0,0.0,0.0,0,0,0
1756097602,2355,0.11,0.0,0.0,0.0,0.0,0.0,0.0,0.0,0,0,0
1756097602,2356,0.14,0.0,0.0,0.0,0.0,0.0,0.0,0.0,0,0,0
1756097602,2357,0.15,0.0,0.0,0.0,0.0,0.0,0.0,0.0,0,0,0
1756097602,2358,0.15,0.0,0.0,0.0,0.0,0.0,0.0,0.0,0,0,0
1756097602,2359,0.17,0.0,0.0,0.0,0.0,0.0,0.0,0.0,0,0,0
1756097602,2360,0.1,0.0,-0.01,0.0,0.0,0.0,0.0,0.0,0,0,0
1756097602,2361,0.15,0.0,0.0,0.0,0.0,0.0,0.0,0.0,0,0,0
1756097602,2362,0.07,0.0,0.0,0.0,0.0,0.0,0.0,0.0,0,0,0
1756097602,2363,0.17,0.0,0.0,0.0,0.0,0.0,0.0,0.0,0,0,0
1756097602,2364,0.18,0.0,-0.02,0.0,0.0,0.0,0.0,0.0,0,0,0
1756097602,2365,0.23,0.0,0.0,0.0,0.0,0.0,0.0,0.0,0,0,0
1756097602,2366,0.07,0.0,0.01,0.0,0.0,0.0,0.0,0.0,0,0,0
1756097602,2367,0.1,0.0,0.0,0.0,0.0,0.0,0.0,0.0,0,0,0
1756097602,2368,0.18,0.0,0.0,0.0,0.0,0.0,0.0,0.0,0,0,0
1756097602,2369,0.18,0.0,-0.02,0.0,0.0,0.0,0.0,0.0,0,0,0
1756097602,2370,0.17,0.0,0.05,0.0,0.0,0.0,0.0,0.0,0,0,0
1756097602,2371,0.14,0.0,0.0,0.0,0.0,0.0,0.0,0.0,0,0,0
1756097602,2372,0.18,0.0,-0.01,0.0,0.0,0.0,0.0,0.0,0,0,0
1756097602,2373,0.25,0.0,0.0,0.0,0.0,0.0,0.0,0.0,0,0,0
1756097602,2374,0.2,0.0,-0.03,0.0,0.0,0.0,0.0,0.0,0,0,0
1756097602,2375,0.23,0.0,-0.02,0.0,0.0,0.0,0.0,0.0,0,0,0
1756097602,2376,0.23,0.0,0.0,0.0,0.0,0.0,0.0,0.0,0,0,0
1756097602,2377,0.3,0.0,0.0,0.0,0.0,0.0,0.0,0.0,0,0,0
1756097602,2378,0.15,0.0,-0.01,0.0,0.0,0.0,0.0,0.0,0,0,0
1756097602,2379,0.17,0.0,0.0,0.0,0.0,0.0,0.0,0.0,0,0,0
1756097602,2380,0.17,0.0,0.0,0.0,0.0,0.0,0.0,0.0,0,0,0
1756097602,2381,0.23,0.0,0.0,0.0,0.0,0.0,0.0,0.0,0,0,0
1756097602,2382,0.2,0.0,0.0,0.0,0.0,0.0,0.0,0.0,0,0,0
1756097602,2383,0.23,0.0,-0.01,0.0,0.0,0.0,0.0,0.0,0,0,0
1756097602,2384,0.18,0.0,-0.05,0.0,0.0,0.0,0.0,0.0,0,0,0
1756097602,2385,0.2,0.0,0.09,0.0,0.0,0.0,0.0,0.0,0,0,0
1756097602,2386,0.28,0.0,-0.02,0.0,0.0,0.0,0.0,0.0,0,0,0
1756097602,2387,0.23,0.0,0.0,0.0,0.0,0.0,0.0,0.0,0,0,0
1756097602,2388,0.2,0.0,0.0,0.0,0.0,0.0,0.0,0.0,0,0,0
1756097602,2389,0.23,0.0,0.02,0.0,0.0,0.0,0.0,0.0,0,0,0
1756097602,2390,0.21,0.0,0.01,0.0,0.0,0.0,0.0,0.0,0,0,0
1756097602,2391,0.15,0.0,0.0,0.0,0.0,0.0,0.0,0.0,0,0,0
1756097602,2392,0.1,0.0,0.0,0.0,0.0,0.0,0.0,0.0,0,0,0
1756097602,2393,0.21,0.0,0.0,0.0,0.0,0.0,0.0,0.0,0,0,0
1756097602,2394,0.1,0.0,0.0,0.0,0.0,0.0,0.0,0.0,0,0,0
1756097602,2395,0.25,0.0,0.0,0.0,0.0,0.0,0.0,0.0,0,0,0
1756097602,2396,0.18,0.0,-0.03,0.0,0.0,0.0,0.0,0.0,0,0,0
1756097602,2397,0.2,0.0,-0.09,0.0,0.0,0.0,0.0,0.0,0,0,0
1756097602,2398,0.21,0.0,0.0,0.0,0.0,0.0,0.0,0.0,0,0,0
1756097602,2399,0.18,0.0,-0.01,0.0,0.0,0.0,0.0,0.0,0,0,0
1756097602,2400,0.12,0.0,-0.07,0.0,0.0,0.0,0.0,0.0,0,0,0
1756097603,2401,0.14,0.0,0.0,0.0,0.0,0.0,0.0,0.0,0,0,0
1756097603,2402,0.12,0.0,0.03,0.0,0.0,0.0,0.0,0.0,0,0,0
1756097603,2403,0.14,0.0,0.0,0.0,0.0,0.0,0.0,0.0,0,0,0
1756097603,2404,0.11,0.0,-0.01,0.0,0.0,0.0,0.0,0.0,0,0,0
1756097603,2405,0.12,0.0,0.0,0.0,0.0,0.0,0.0,0.0,0,0,0
1756097603,2406,0.14,0.0,-0.01,0.0,0.0,0.0,0.0,0.0,0,0,0
1756097603,2407,0.1,0.0,0.0,0.0,0.0,0.0,0.0,0.0,0,0,0
1756097603,2408,0.18,0.0,0.0,0.0,0.0,0.0,0.0,0.0,0,0,0
1756097603,2409,0.15,0.0,0.0,0.0,0.0,0.0,0.0,0.0,0,0,0
1756097603,2410,0.15,0.0,0.0,0.0,0.0,0.0,0.0,0.0,0,0,0
1756097603,2411,0.21,0.0,0.03,0.0,0.0,0.0,0.0,0.0,0,0,0
1756097603,2412,0.18,0.0,0.0,0.0,0.0,0.0,0.0,0.0,0,0,0
1756097603,2413,0.18,0.0,0.0,0.0,0.0,0.0,0.0,0.0,0,0,0
1756097603,2414,0.14,0.0,-0.03,0.0,0.0,0.0,0.0,0.0,0,0,0
1756097603,2415,0.18,0.0,0.0,0.0,0.0,0.0,0.0,0.0,0,0,0
1756097603,2416,0.15,0.0,0.0,0.0,0.0,0.0,0.0,0.0,0,0,0
1756097603,2417,0.14,0.0,-0.05,0.0,0.0,0.0,0.0,0.0,0,0,0
1756097603,2418,0.15,0.0,-0.02,0.0,0.0,0.0,0.0,0.0,0,0,0
1756097603,2419,0.14,0.0,0.01,0.0,0.0,0.0,0.0,0.0,0,0,0
1756097603,2420,0.15,0.0,0.0,0.0,0.0,0.0,0.0,0.0,0,0,0
1756097603,2421,0.15,0.0,0.07,0.0,0.0,0.0,0.0,0.0,0,0,0
1756097603,2422,0.15,0.0,0.03,0.0,0.0,0.0,0.0,0.0,0,0,0
1756097603,2423,0.21,0.0,-0.02,0.0,0.0,0.0,0.0,0.0,0,0,0
1756097603,2424,0.11,0.0,-0.01,0.0,0.0,0.0,0.0,0.0,0,0,0
1756097603,2425,0.18,0.0,-0.01,0.0,0.0,0.0,0.0,0.0,0,0,0
1756097603,2426,0.14,0.0,0.0,0.0,0.0,0.0,0.0,0.0,0,0,0
1756097603,2427,0.18,0.0,0.0,0.0,0.0,0.0,0.0,0.0,0,0,0
1756097603,2428,0.12,0.0,0.0,0.0,0.0,0.0,0.0,0.0,0,0,0
1756097603,2429,0.25,0.0,-0.05,0.0,0.0,0.0,0.0,0.0,0,0,0
1756097603,2430,0.14,0.0,0.0,0.0,0.0,0.0,0.0,0.0,0,0,0
1756097603,2431,0.18,0.0,-0.03,0.0,0.0,0.0,0.0,0.0,0,0,0
1756097603,2432,0.18,0.0,0.0,0.0,0.0,0.0,0.0,0.0,0,0,0
1756097603,2433,0.14,0.0,0.0,0.0,0.0,0.0,0.0,0.0,0,0,0
1756097603,2434,0.18,0.0,0.0,0.0,0.0,0.0,0.0,0.0,0,0,0
1756097603,2435,0.2,0.0,0.0,0.0,0.0,0.0,0.0,0.0,0,0,0
1756097603,2436,0.21,0.0,0.0,0.0,0.0,0.0,0.0,0.0,0,0,0
1756097603,2437,0.18,0.0,0.0,0.0,0.0,0.0,0.0,0.0,0,0,0
1756097603,2438,0.18,0.0,0.0,0.0,0.0,0.0,0.0,0.0,0,0,0
1756097603,2439,0.2,0.0,-0.03,0.0,0.0,0.0,0.0,0.0,0,0,0
1756097603,2440,0.17,0.0,0.0,0.0,0.0,0.0,0.0,0.0,0,0,0
1756097603,2441,0.18,0.0,0.0,0.0,0.0,0.0,0.0,0.0,0,0,0
1756097603,2442,0.2,0.0,0.0,0.0,0.0,0.0,0.0,0.0,0,0,0
1756097603,2443,0.1,0.0,-0.01,0.0,0.0,0.0,0.0,0.0,0,0,0
1756097603,2444,0.12,0.0,0.0,0.0,0.0,0.0,0.0,0.0,0,0,0
1756097603,2445,0.14,0.0,-0.03,0.0,0.0,0.0,0.0,0.0,0,0,0
1756097603,2446,0.15,0.0,0.01,0.0,0.0,0.0,0.0,0.0,0,0,0
1756097603,2447,0.21,0.0,-0.01,0.0,0.0,0.0,0.0,0.0,0,0,0
1756097603,2448,0.21,0.0,-0.03,0.0,0.0,0.0,0.0,0.0,0,0,0
1756097603,2449,0.07,0.0,-0.07,0.0,0.0,0.0,0.0,0.0,0,0,0
1756097603,2450,0.1,0.0,-0.01,0.0,0.0,0.0,0.0,0.0,0,0,0
1756097603,2451,0.1,0.0,0.0,0.0,0.0,0.0,0.0,0.0,0,0,0
1756097603,2452,0.09,0.0,0.0,0.0,0.0,0.0,0.0,0.0,0,0,0
1756097603,2453,0.12,0.0,0.0,0.0,0.0,0.0,0.0,0.0,0,0,0
1756097603,2454,0.09,0.0,0.0,0.0,0.0,0.0,0.0,0.0,0,0,0
1756097603,2455,0.17,0.0,0.0,0.0,0.0,0.0,0.0,0.0,0,0,0
1756097603,2456,0.15,0.0,-0.01,0.0,0.0,0.0,0.0,0.0,0,0,0
1756097603,2457,0.1,0.0,0.0,0.0,0.0,0.0,0.0,0.0,0,0,0
1756097603,2458,0.21,0.0,0.0,0.0,0.0,0.0,0.0,0.0,0,0,0
1756097603,2459,0.1,0.0,-0.02,0.0,0.0,0.0,0.0,0.0,0,0,0
1756097603,2460,0.15,0.0,0.0,0.0,0.0,0.0,0.0,0.0,0,0,0
1756097603,2461,0.2,0.0,-0.02,0.0,0.0,0.0,0.0,0.0,0,0,0
1756097603,2462,0.2,0.0,0.0,0.0,0.0,0.0,0.0,0.0,0,0,0
1756097603,2463,0.23,0.0,-0.01,0.0,0.0,0.0,0.0,0.0,0,0,0
1756097604,2464,0.15,0.0,0.0,0.0,0.0,0.0,0.0,0.0,0,0,0
1756097604,2465,0.2,0.0,0.01,0.0,0.0,0.0,0.0,0.0,0,0,0
1756097604,2466,0.14,0.0,0.0,0.0,0.0,0.0,0.0,0.0,0,0,0
1756097604,2467,0.2,0.0,0.0,0.0,0.0,0.0,0.0,0.0,0,0,0
1756097604,2468,0.18,0.0,-0.03,0.0,0.0,0.0,0.0,0.0,0,0,0
1756097604,2469,0.17,0.0,0.02,0.0,0.0,0.0,0.0,0.0,0,0,0
1756097604,2470,0.14,0.0,0.0,0.0,0.0,0.0,0.0,0.0,0,0,0
1756097604,2471,0.2,0.0,-0.01,0.0,0.0,0.0,0.0,0.0,0,0,0
1756097604,2472,0.23,0.0,0.0,0.0,0.0,0.0,0.0,0.0,0,0,0
1756097604,2473,0.18,0.0,-0.1,0.0,0.0,0.0,0.0,0.0,0,0,0
1756097604,2474,0.15,0.0,0.0,0.0,0.0,0.0,0.0,0.0,0,0,0
1756097604,2475,0.07,0.0,0.0,0.0,0.0,0.0,0.0,0.0,0,0,0
1756097604,2476,0.1,0.0,-0.02,0.0,0.0,0.0,0.0,0.0,0,0,0
1756097604,2477,0.14,0.0,0.0,0.0,0.0,0.0,0.0,0.0,0,0,0
1756097604,2478,0.07,0.0,0.0,0.0,0.0,0.0,0.0,0.0,0,0,0
1756097604,2479,0.1,0.0,0.0,0.0,0.0,0.0,0.0,0.0,0,0,0
1756097604,2480,0.12,0.0,0.0,0.0,0.0,0.0,0.0,0.0,0,0,0
1756097604,2481,0.01,0.0,0.0,0.0,0.0,0.0,0.0,0.0,0,0,0
1756097604,2482,0.12,0.0,0.0,0.0,0.0,0.0,0.0,0.0,0,0,0
1756097604,2483,0.27,0.0,0.0,0.0,0.0,0.0,0.0,0.0,0,0,0
1756097604,2484,0.2,0.0,0.0,0.0,0.0,0.0,0.0,0.0,0,0,0
1756097604,2485,0.07,0.0,0.0,0.0,0.0,0.0,0.0,0.0,0,0,0
1756097604,2486,0.07,0.0,-0.01,0.0,0.0,0.0,0.0,0.0,0,0,0
1756097604,2487,0.07,0.0,0.0,0.0,0.0,0.0,0.0,0.0,0,0,0
1756097604,2488,0.15,0.0,0.0,0.0,0.0,0.0,0.0,0.0,0,0,0
1756097604,2489,0.1,0.0,0.0,0.0,0.0,0.0,0.0,0.0,0,0,0
1756097604,2490,0.07,0.0,0.0,0.0,0.0,0.0,0.0,0.0,0,0,0
1756097604,2491,0.1,0.0,0.0,0.0,0.0,0.0,0.0,0.0,0,0,0
1756097604,2492,0.09,0.0,0.01,0.0,0.0,0.0,0.0,0.0,0,0,0
1756097604,2493,0.11,0.0,0.0,0.0,0.0,0.0,0.0,0.0,0,0,0
1756097604,2494,0.17,0.0,0.0,0.0,0.0,0.0,0.0,0.0,0,0,0
1756097604,2495,0.15,0.0,-0.05,0.0,0.0,0.0,0.0,0.0,0,0,0
1756097604,2496,0.14,0.0,0.0,0.0,0.0,0.0,0.0,0.0,0,0,0
1756097604,2497,0.2,0.0,-0.07,0.0,0.0,0.0,0.0,0.0,0,0,0
1756097604,2498,0.12,0.0,0.01,0.0,0.0,0.0,0.0,0.0,0,0,0
1756097604,2499,0.12,0.0,-0.07,0.0,0.0,0.0,0.0,0.0,0,0,0
1756097604,2500,0.15,0.0,-0.1,0.0,0.0,0.0,0.0,0.0,0,0,0
1756097604,2501,0.14,0.0,0.0,0.0,0.0,0.0,0.0,0.0,0,0,0
1756097604,2502,0.1,0.0,0.0,0.0,0.0,0.0,0.0,0.0,0,0,0
1756097604,2503,0.1,0.0,0.01,0.0,0.0,0.0,0.0,0.0,0,0,0
1756097604,2504,0.1,0.0,0.0,0.0,0.0,0.0,0.0,0.0,0,0,0
1756097604,2505,0.11,0.0,-0.02,0.0,0.0,0.0,0.0,0.0,0,0,0
1756097604,2506,0.11,0.0,0.01,0.0,0.0,0.0,0.0,0.0,0,0,0
1756097604,2507,0.1,0.0,-0.01,0.0,0.0,0.0,0.0,0.0,0,0,0
1756097604,2508,0.05,0.0,-0.07,0.0,0.0,0.0,0.0,0.0,0,0,0
1756097604,2509,0.1,0.0,-0.01,0.0,0.0,0.0,0.0,0.0,0,0,0
1756097604,2510,0.1,0.0,-0.01,0.0,0.0,0.0,0.0,0.0,0,0,0
1756097604,2511,0.14,0.0,0.0,0.0,0.0,0.0,0.0,0.0,0,0,0
1756097604,2512,0.2,0.0,-0.01,0.0,0.0,0.0,0.0,0.0,0,0,0
1756097604,2513,0.12,0.0,0.0,0.0,0.0,0.0,0.0,0.0,0,0,0
1756097604,2514,0.15,0.0,-0.01,0.0,0.0,0.0,0.0,0.0,0,0,0
1756097604,2515,0.14,0.0,0.0,0.0,0.0,0.0,0.0,0.0,0,0,0
1756097604,2516,0.1,0.0,0.0,0.0,0.0,0.0,0.0,0.0,0,0,0
1756097604,2517,0.11,0.0,-0.05,0.0,0.0,0.0,0.0,0.0,0,0,0
1756097604,2518,0.15,0.0,0.0,0.0,0.0,0.0,0.0,0.0,0,0,0
1756097604,2519,0.09,0.0,-0.09,0.0,0.0,0.0,0.0,0.0,0,0,0
1756097604,2520,0.09,0.0,0.0,0.0,0.0,0.0,0.0,0.0,0,0,0
1756097604,2521,0.15,0.0,0.0,0.0,0.0,0.0,0.0,0.0,0,0,0
1756097604,2522,0.15,0.0,0.03,0.0,0.0,0.0,0.0,0.0,0,0,0
1756097604,2523,0.17,0.0,0.03,0.0,0.0,0.0,0.0,0.0,0,0,0
1756097604,2524,0.14,0.0,0.0,0.0,0.0,0.0,0.0,0.0,0,0,0
1756097604,2525,0.15,0.0,-0.07,0.0,0.0,0.0,0.0,0.0,0,0,0
1756097604,2526,0.15,0.0,0.0,0.0,0.0,0.0,0.0,0.0,0,0,0
1756097604,2527,0.12,0.0,0.0,0.0,0.0,0.0,0.0,0.0,0,0,0
1756097604,2528,0.12,0.0,-0.01,0.0,0.0,0.0,0.0,0.0,0,0,0
1756097604,2529,0.07,0.0,0.0,0.0,0.0,0.0,0.0,0.0,0,0,0
1756097604,2530,0.05,0.0,0.0,0.0,0.0,0.0,0.0,0.0,0,0,0
1756097604,2531,0.12,0.0,0.0,0.0,0.0,0.0,0.0,0.0,0,0,0
1756097604,2532,0.12,0.0,-0.1,0.0,0.0,0.0,0.0,0.0,0,0,0
1756097605,2533,0.14,0.0,-0.01,0.0,0.0,0.0,0.0,0.0,0,0,0
1756097605,2534,0.1,0.0,0.0,0.0,0.0,0.0,0.0,0.0,0,0,0
1756097605,2535,0.1,0.0,0.0,0.0,0.0,0.0,0.0,0.0,0,0,0
1756097605,2536,0.18,0.0,0.0,0.0,0.0,0.0,0.0,0.0,0,0,0
1756097605,2537,0.11,0.0,-0.02,0.0,0.0,0.0,0.0,0.0,0,0,0
1756097605,2538,0.1,0.0,0.01,0.0,0.0,0.0,0.0,0.0,0,0,0
1756097605,2539,0.1,0.0,-0.12,0.0,0.0,0.0,0.0,0.0,0,0,0
1756097605,2540,0.14,0.0,-0.01,0.0,0.0,0.0,0.0,0.0,0,0,0
1756097605,2541,0.17,0.0,-0.01,0.0,0.0,0.0,0.0,0.0,0,0,0
1756097605,2542,0.15,0.0,0.02,0.0,0.0,0.0,0.0,0.0,0,0,0
1756097605,2543,0.11,0.0,0.0,0.0,0.0,0.0,0.0,0.0,0,0,0
1756097605,2544,0.01,0.0,0.01,0.0,0.0,0.0,0.0,0.0,0,0,0
1756097605,2545,0.18,0.0,-0.05,0.0,0.0,0.0,0.0,0.0,0,0,0
1756097605,2546,0.15,0.0,0.0,0.0,0.0,0.0,0.0,0.0,0,0,0
1756097605,2547,0.1,0.0,0.0,0.0,0.0,0.0,0.0,0.0,0,0,0
1756097605,2548,0.17,0.0,0.0,0.0,0.0,0.0,0.0,0.0,0,0,0
1756097605,2549,0.15,0.0,0.0,0.0,0.0,0.0,0.0,0.0,0,0,0
1756097605,2550,0.11,0.0,-0.02,0.0,0.0,0.0,0.0,0.0,0,0,0
1756097605,2551,0.14,0.0,-0.02,0.0,0.0,0.0,0.0,0.0,0,0,0
1756097605,2552,0.09,0.0,0.0,0.0,0.0,0.0,0.0,0.0,0,0,0
1756097605,2553,0.15,0.0,0.0,0.0,0.0,0.0,0.0,0.0,0,0,0
1756097605,2554,0.12,0.0,-0.11,0.0,0.0,0.0,0.0,0.0,0,0,0
1756097605,2555,0.14,0.0,0.01,0.0,0.0,0.0,0.0,0.0,0,0,0
1756097605,2556,0.12,0.0,0.0,0.0,0.0,0.0,0.0,0.0,0,0,0
1756097605,2557,0.11,0.0,0.02,0.0,0.0,0.0,0.0,0.0,0,0,0
1756097605,2558,0.15,0.0,0.0,0.0,0.0,0.0,0.0,0.0,0,0,0
1756097605,2559,0.15,0.0,0.0,0.0,0.0,0.0,0.0,0.0,0,0,0
1756097605,2560,0.0,0.0,-0.01,0.0,0.0,0.0,0.0,0.0,0,0,0
1756097605,2561,0.11,0.0,0.0,0.0,0.0,0.0,0.0,0.0,0,0,0
1756097605,2562,0.11,0.0,0.0,0.0,0.0,0.0,0.0,0.0,0,0,0
1756097605,2563,0.15,0.0,0.0,0.0,0.0,0.0,0.0,0.0,0,0,0
1756097605,2564,0.14,0.0,0.0,0.0,0.0,0.0,0.0,0.0,0,0,0
1756097605,2565,0.17,0.0,0.0,0.0,0.0,0.0,0.0,0.0,0,0,0
1756097605,2566,0.18,0.0,0.0,0.0,0.0,0.0,0.0,0.0,0,0,0
1756097605,2567,0.11,0.0,0.01,0.0,0.0,0.0,0.0,0.0,0,0,0
1756097605,2568,0.11,0.0,-0.07,0.0,0.0,0.0,0.0,0.0,0,0,0
1756097605,2569,0.09,0.0,-0.09,0.0,0.0,0.0,0.0,0.0,0,0,0
1756097605,2570,0.17,0.0,-0.03,0.0,0.0,0.0,0.0,0.0,0,0,0
1756097605,2571,0.07,0.0,-0.05,0.0,0.0,0.0,0.0,0.0,0,0,0
1756097605,2572,0.05,0.0,-0.03,0.0,0.0,0.0,0.0,0.0,0,0,0
1756097605,2573,0.14,0.0,0.01,0.0,0.0,0.0,0.0,0.0,0,0,0
1756097605,2574,0.11,0.0,0.01,0.0,0.0,0.0,0.0,0.0,0,0,0
1756097605,2575,0.1,0.0,0.02,0.0,0.0,0.0,0.0,0.0,0,0,0
1756097605,2576,0.15,0.0,-0.1,0.0,0.0,0.0,0.0,0.0,0,0,0
1756097605,2577,0.15,0.0,-0.07,0.0,0.0,0.0,0.0,0.0,0,0,0
1756097605,2578,0.14,0.0,-0.03,0.0,0.0,0.0,0.0,0.0,0,0,0
1756097605,2579,0.05,0.0,-0.02,0.0,0.0,0.0,0.0,0.0,0,0,0
1756097605,2580,0.11,0.0,0.0,0.0,0.0,0.0,0.0,0.0,0,0,0
1756097605,2581,0.14,0.0,0.05,0.0,0.0,0.0,0.0,0.0,0,0,0
1756097605,2582,0.09,0.0,0.01,0.0,0.0,0.0,0.0,0.0,0,0,0
1756097605,2583,0.07,0.0,0.0,0.0,0.0,0.0,0.0,0.0,0,0,0
1756097605,2584,0.14,0.0,0.0,0.0,0.0,0.0,0.0,0.0,0,0,0
1756097605,2585,0.14,0.0,-0.05,0.0,0.0,0.0,0.0,0.0,0,0,0
1756097605,2586,0.11,0.0,0.0,0.0,0.0,0.0,0.0,0.0,0,0,0
1756097605,2587,0.12,0.0,0.0,0.0,0.0,0.0,0.0,0.0,0,0,0
1756097605,2588,0.11,0.0,-0.01,0.0,0.0,0.0,0.0,0.0,0,0,0
1756097605,2589,0.1,0.0,-0.03,0.0,0.0,0.0,0.0,0.0,0,0,0
1756097605,2590,0.12,0.0,0.0,0.0,0.0,0.0,0.0,0.0,0,0,0
1756097605,2591,0.11,0.0,-0.03,0.0,0.0,0.0,0.0,0.0,0,0,0
1756097605,2592,0.11,0.0,0.0,0.0,0.0,0.0,0.0,0.0,0,0,0
1756097605,2593,0.14,0.0,0.0,0.0,0.0,0.0,0.0,0.0,0,0,0
1756097605,2594,0.1,0.0,-0.03,0.0,0.0,0.0,0.0,0.0,0,0,0
1756097605,2595,0.11,0.0,-0.01,0.0,0.0,0.0,0.0,0.0,0,0,0
1756097605,2596,0.15,0.0,-0.02,0.0,0.0,0.0,0.0,0.0,0,0,0
1756097605,2597,0.1,0.0,0.01,0.0,0.0,0.0,0.0,0.0,0,0,0
1756097606,2598,0.15,0.0,0.0,0.0,0.0,0.0,0.0,0.0,0,0,0
1756097606,2599,0.15,0.0,0.0,0.0,0.0,0.0,0.0,0.0,0,0,0
1756097606,2600,0.14,0.0,-0.03,0.0,0.0,0.0,0.0,0.0,0,0,0
1756097606,2601,0.14,0.0,0.0,0.0,0.0,0.0,0.0,0.0,0,0,0
1756097606,2602,0.03,0.0,0.0,0.0,0.0,0.0,0.0,0.0,0,0,0
1756097606,2603,0.12,0.0,0.0,0.0,0.0,0.0,0.0,0.0,0,0,0
1756097606,2604,0.18,0.0,0.0,0.0,0.0,0.0,0.0,0.0,0,0,0
1756097606,2605,0.15,0.0,0.01,0.0,0.0,0.0,0.0,0.0,0,0,0
1756097606,2606,0.1,0.0,0.0,0.0,0.0,0.0,0.0,0.0,0,0,0
1756097606,2607,0.17,0.0,-0.03,0.0,0.0,0.0,0.0,0.0,0,0,0
1756097606,2608,0.18,0.0,0.0,0.0,0.0,0.0,0.0,0.0,0,0,0
1756097606,2609,0.12,0.0,0.0,0.0,0.0,0.0,0.0,0.0,0,0,0
1756097606,2610,0.18,0.0,0.01,0.0,0.0,0.0,0.0,0.0,0,0,0
1756097606,2611,0.1,0.0,0.0,0.0,0.0,0.0,0.0,0.0,0,0,0
1756097606,2612,0.07,0.0,0.0,0.0,0.0,0.0,0.0,0.0,0,0,0
1756097606,2613,0.07,0.0,0.0,0.0,0.0,0.0,0.0,0.0,0,0,0
1756097606,2614,0.11,0.0,0.0,0.0,0.0,0.0,0.0,0.0,0,0,0
1756097606,2615,0.1,0.0,0.0,0.0,0.0,0.0,0.0,0.0,0,0,0
1756097606,2616,0.09,0.0,-0.02,0.0,0.0,0.0,0.0,0.0,0,0,0
1756097606,2617,0.18,0.0,0.0,0.0,0.0,0.0,0.0,0.0,0,0,0
1756097606,2618,0.12,0.0,0.0,0.0,0.0,0.0,0.0,0.0,0,0,0
1756097606,2619,0.1,0.0,-0.02,0.0,0.0,0.0,0.0,0.0,0,0,0
1756097606,2620,0.1,0.0,0.0,0.0,0.0,0.0,0.0,0.0,0,0,0
1756097606,2621,0.12,0.0,-0.07,0.0,0.0,0.0,0.0,0.0,0,0,0
1756097606,2622,0.11,0.0,0.0,0.0,0.0,0.0,0.0,0.0,0,0,0
1756097606,2623,0.15,0.0,-0.09,0.0,0.0,0.0,0.0,0.0,0,0,0
1756097606,2624,0.11,0.0,0.0,0.0,0.0,0.0,0.0,0.0,0,0,0
1756097606,2625,0.15,0.0,-0.07,0.0,0.0,0.0,0.0,0.0,0,0,0
1756097606,2626,0.1,0.0,0.0,0.0,0.0,0.0,0.0,0.0,0,0,0
1756097606,2627,0.1,0.0,0.03,0.0,0.0,0.0,0.0,0.0,0,0,0
1756097606,2628,0.09,0.0,0.02,0.0,0.0,0.0,0.0,0.0,0,0,0
1756097606,2629,0.07,0.0,0.0,0.0,0.0,0.0,0.0,0.0,0,0,0
1756097606,2630,0.11,0.0,0.0,0.0,0.0,0.0,0.0,0.0,0,0,0
1756097606,2631,0.11,0.0,-0.02,0.0,0.0,0.0,0.0,0.0,0,0,0
1756097606,2632,0.11,0.0,-0.01,0.0,0.0,0.0,0.0,0.0,0,0,0
1756097606,2633,0.15,0.0,0.0,0.0,0.0,0.0,0.0,0.0,0,0,0
1756097606,2634,0.12,0.0,0.0,0.0,0.0,0.0,0.0,0.0,0,0,0
1756097606,2635,0.11,0.0,0.0,0.0,0.0,0.0,0.0,0.0,0,0,0
1756097606,2636,0.14,0.0,-0.03,0.0,0.0,0.0,0.0,0.0,0,0,0
1756097606,2637,0.11,0.0,0.0,0.0,0.0,0.0,0.0,0.0,0,0,0
1756097606,2638,0.2,0.0,0.0,0.0,0.0,0.0,0.0,0.0,0,0,0
1756097606,2639,0.07,0.0,0.0,0.0,0.0,0.0,0.0,0.0,0,0,0
1756097606,2640,0.09,0.0,0.01,0.0,0.0,0.0,0.0,0.0,0,0,0
1756097606,2641,0.14,0.0,-0.05,0.0,0.0,0.0,0.0,0.0,0,0,0
1756097606,2642,0.09,0.0,-0.02,0.0,0.0,0.0,0.0,0.0,0,0,0
1756097606,2643,0.11,0.0,0.09,0.0,0.0,0.0,0.0,0.0,0,0,0
1756097606,2644,0.1,0.0,0.0,0.0,0.0,0.0,0.0,0.0,0,0,0
1756097606,2645,0.1,0.0,-0.05,0.0,0.0,0.0,0.0,0.0,0,0,0
1756097606,2646,0.09,0.0,-0.02,0.0,0.0,0.0,0.0,0.0,0,0,0
1756097606,2647,0.07,0.0,0.0,0.0,0.0,0.0,0.0,0.0,0,0,0
1756097606,2648,0.1,0.0,-0.01,0.0,0.0,0.0,0.0,0.0,0,0,0
1756097606,2649,0.14,0.0,-0.01,0.0,0.0,0.0,0.0,0.0,0,0,0
1756097606,2650,0.1,0.0,0.0,0.0,0.0,0.0,0.0,0.0,0,0,0
1756097606,2651,0.11,0.0,0.0,0.0,0.0,0.0,0.0,0.0,0,0,0
1756097606,2652,0.1,0.0,0.0,0.0,0.0,0.0,0.0,0.0,0,0,0
1756097606,2653,0.17,0.0,0.0,0.0,0.0,0.0,0.0,0.0,0,0,0
1756097606,2654,0.09,0.0,-0.01,0.0,0.0,0.0,0.0,0.0,0,0,0
1756097606,2655,0.1,0.0,-0.02,0.0,0.0,0.0,0.0,0.0,0,0,0
1756097606,2656,0.1,0.0,-0.02,0.0,0.0,0.0,0.0,0.0,0,0,0
1756097606,2657,0.1,0.0,0.0,0.0,0.0,0.0,0.0,0.0,0,0,0
1756097606,2658,0.1,0.0,0.0,0.0,0.0,0.0,0.0,0.0,0,0,0
1756097606,2659,0.1,0.0,0.0,0.0,0.0,0.0,0.0,0.0,0,0,0
1756097606,2660,0.15,0.0,-0.03,0.0,0.0,0.0,0.0,0.0,0,0,0
1756097606,2661,0.14,0.0,0.01,0.0,0.0,0.0,0.0,0.0,0,0,0
1756097606,2662,0.1,0.0,-0.03,0.0,0.0,0.0,0.0,0.0,0,0,0
1756097606,2663,0.12,0.0,0.0,0.0,0.0,0.0,0.0,0.0,0,0,0
1756097607,2664,0.12,0.0,-0.01,0.0,0.0,0.0,0.0,0.0,0,0,0
1756097607,2665,0.09,0.0,-0.01,0.0,0.0,0.0,0.0,0.0,0,0,0
1756097607,2666,0.09,0.0,0.0,0.0,0.0,0.0,0.0,0.0,0,0,0
1756097607,2667,0.09,0.0,0.02,0.0,0.0,0.0,0.0,0.0,0,0,0
1756097607,2668,0.07,0.0,0.0,0.0,0.0,0.0,0.0,0.0,0,0,0
1756097607,2669,0.07,0.0,-0.1,0.0,0.0,0.0,0.0,0.0,0,0,0
1756097607,2670,0.09,0.0,0.0,0.0,0.0,0.0,0.0,0.0,0,0,0
1756097607,2671,0.07,0.0,0.0,0.0,0.0,0.0,0.0,0.0,0,0,0
1756097607,2672,0.15,0.0,0.01,0.0,0.0,0.0,0.0,0.0,0,0,0
1756097607,2673,0.07,0.0,-0.02,0.0,0.0,0.0,0.0,0.0,0,0,0
1756097607,2674,0.01,0.0,0.01,0.0,0.0,0.0,0.0,0.0,0,0,0
1756097607,2675,0.14,0.0,0.0,0.0,0.0,0.0,0.0,0.0,0,0,0
1756097607,2676,0.11,0.0,0.0,0.0,0.0,0.0,0.0,0.0,0,0,0
1756097607,2677,0.14,0.0,0.02,0.0,0.0,0.0,0.0,0.0,0,0,0
1756097607,2678,0.07,0.0,-0.07,0.0,0.0,0.0,0.0,0.0,0,0,0
1756097607,2679,0.1,0.0,0.0,0.0,0.0,0.0,0.0,0.0,0,0,0
1756097607,2680,0.17,0.0,-0.01,0.0,0.0,0.0,0.0,0.0,0,0,0
1756097607,2681,0.1,0.0,0.0,0.0,0.0,0.0,0.0,0.0,0,0,0
1756097607,2682,0.14,0.0,0.0,0.0,0.0,0.0,0.0,0.0,0,0,0
1756097607,2683,0.14,0.0,0.0,0.0,0.0,0.0,0.0,0.0,0,0,0
1756097607,2684,0.1,0.0,-0.03,0.0,0.0,0.0,0.0,0.0,0,0,0
1756097607,2685,0.15,0.0,0.0,0.0,0.0,0.0,0.0,0.0,0,0,0
1756097607,2686,0.1,0.0,0.03,0.0,0.0,0.0,0.0,0.0,0,0,0
1756097607,2687,0.11,0.0,-0.02,0.0,0.0,0.0,0.0,0.0,0,0,0
1756097607,2688,0.1,0.0,-0.05,0.0,0.0,0.0,0.0,0.0,0,0,0
1756097607,2689,0.12,0.0,0.0,0.0,0.0,0.0,0.0,0.0,0,0,0
1756097607,2690,0.1,0.0,0.0,0.0,0.0,0.0,0.0,0.0,0,0,0
1756097607,2691,0.02,0.0,-0.02,0.0,0.0,0.0,0.0,0.0,0,0,0
1756097607,2692,0.18,0.0,-0.1,0.0,0.0,0.0,0.0,0.0,0,0,0
1756097607,2693,0.2,0.0,-0.02,0.0,0.0,0.0,0.0,0.0,0,0,0
1756097607,2694,0.12,0.0,0.0,0.0,0.0,0.0,0.0,0.0,0,0,0
1756097607,2695,0.12,0.0,0.0,0.0,0.0,0.0,0.0,0.0,0,0,0
1756097607,2696,0.1,0.0,-0.05,0.0,0.0,0.0,0.0,0.0,0,0,0
1756097607,2697,0.07,0.0,0.0,0.0,0.0,0.0,0.0,0.0,0,0,0
1756097607,2698,0.18,0.0,0.0,0.0,0.0,0.0,0.0,0.0,0,0,0
1756097607,2699,0.1,0.0,0.0,0.0,0.0,0.0,0.0,0.0,0,0,0
1756097607,2700,0.18,0.0,-0.09,0.0,0.0,0.0,0.0,0.0,0,0,0
1756097607,2701,0.17,0.0,0.0,0.0,0.0,0.0,0.0,0.0,0,0,0
1756097607,2702,0.12,0.0,-0.01,0.0,0.0,0.0,0.0,0.0,0,0,0
1756097607,2703,0.12,0.0,-0.03,0.0,0.0,0.0,0.0,0.0,0,0,0
1756097607,2704,0.1,0.0,-0.01,0.0,0.0,0.0,0.0,0.0,0,0,0
1756097607,2705,0.18,0.0,0.0,0.0,0.0,0.0,0.0,0.0,0,0,0
1756097607,2706,0.05,0.0,-0.01,0.0,0.0,0.0,0.0,0.0,0,0,0
1756097607,2707,0.1,0.0,0.01,0.0,0.0,0.0,0.0,0.0,0,0,0
1756097607,2708,0.21,0.0,0.0,0.0,0.0,0.0,0.0,0.0,0,0,0
1756097607,2709,0.17,0.0,0.01,0.0,0.0,0.0,0.0,0.0,0,0,0
1756097607,2710,0.12,0.0,-0.05,0.0,0.0,0.0,0.0,0.0,0,0,0
1756097607,2711,0.15,0.0,0.0,0.0,0.0,0.0,0.0,0.0,0,0,0
1756097607,2712,0.07,0.0,0.0,0.0,0.0,0.0,0.0,0.0,0,0,0
1756097607,2713,0.14,0.0,0.02,0.0,0.0,0.0,0.0,0.0,0,0,0
1756097607,2714,0.11,0.0,0.0,0.0,0.0,0.0,0.0,0.0,0,0,0
1756097607,2715,0.1,0.0,-0.01,0.0,0.0,0.0,0.0,0.0,0,0,0
1756097607,2716,0.1,0.0,0.0,0.0,0.0,0.0,0.0,0.0,0,0,0
1756097607,2717,0.07,0.0,0.02,0.0,0.0,0.0,0.0,0.0,0,0,0
1756097607,2718,0.12,0.0,0.0,0.0,0.0,0.0,0.0,0.0,0,0,0
1756097607,2719,0.11,0.0,-0.03,0.0,0.0,0.0,0.0,0.0,0,0,0
1756097607,2720,0.12,0.0,0.0,0.0,0.0,0.0,0.0,0.0,0,0,0
1756097607,2721,0.1,0.0,-0.03,0.0,0.0,0.0,0.0,0.0,0,0,0
1756097607,2722,0.15,0.0,-0.03,0.0,0.0,0.0,0.0,0.0,0,0,0
1756097607,2723,0.07,0.0,0.0,0.0,0.0,0.0,0.0,0.0,0,0,0
1756097607,2724,0.1,0.0,0.0,0.0,0.0,0.0,0.0,0.0,0,0,0
1756097607,2725,0.1,0.0,0.01,0.0,0.0,0.0,0.0,0.0,0,0,0
1756097607,2726,0.1,0.0,-0.09,0.0,0.0,0.0,0.0,0.0,0,0,0
1756097607,2727,0.11,0.0,-0.05,0.0,0.0,0.0,0.0,0.0,0,0,0
1756097607,2728,0.11,0.0,0.0,0.0,0.0,0.0,0.0,0.0,0,0,0
1756097608,2729,0.18,0.0,-0.03,0.0,0.0,0.0,0.0,0.0,0,0,0
1756097608,2730,0.0,0.0,-0.07,0.0,0.0,0.0,0.0,0.0,0,0,0
1756097608,2731,0.05,0.0,0.03,0.0,0.0,0.0,0.0,0.0,0,0,0
1756097608,2732,0.07,0.0,0.0,0.0,0.0,0.0,0.0,0.0,0,0,0
1756097608,2733,0.1,0.0,0.0,0.0,0.0,0.0,0.0,0.0,0,0,0
1756097608,2734,0.11,0.0,0.0,0.0,0.0,0.0,0.0,0.0,0,0,0
1756097608,2735,0.1,0.0,0.0,0.0,0.0,0.0,0.0,0.0,0,0,0
1756097608,2736,0.15,0.0,0.0,0.0,0.0,0.0,0.0,0.0,0,0,0
1756097608,2737,0.11,0.0,-0.01,0.0,0.0,0.0,0.0,0.0,0,0,0
1756097608,2738,0.07,0.0,-0.02,0.0,0.0,0.0,0.0,0.0,0,0,0
1756097608,2739,0.09,0.0,0.0,0.0,0.0,0.0,0.0,0.0,0,0,0
1756097608,2740,0.1,0.0,0.0,0.0,0.0,0.0,0.0,0.0,0,0,0
1756097608,2741,0.11,0.0,0.0,0.0,0.0,0.0,0.0,0.0,0,0,0
1756097608,2742,0.12,0.0,-0.02,0.0,0.0,0.0,0.0,0.0,0,0,0
1756097608,2743,0.17,0.0,-0.07,0.0,0.0,0.0,0.0,0.0,0,0,0
1756097608,2744,0.1,0.0,-0.02,0.0,0.0,0.0,0.0,0.0,0,0,0
1756097608,2745,-0.02,0.0,0.0,0.0,0.0,0.0,0.0,0.0,0,0,0
1756097608,2746,0.11,0.0,-0.01,0.0,0.0,0.0,0.0,0.0,0,0,0
1756097608,2747,0.21,0.0,0.0,0.0,0.0,0.0,0.0,0.0,0,0,0
1756097608,2748,0.15,0.0,0.0,0.0,0.0,0.0,0.0,0.0,0,0,0
1756097608,2749,0.05,0.0,0.0,0.0,0.0,0.0,0.0,0.0,0,0,0
1756097608,2750,0.05,0.0,0.0,0.0,0.0,0.0,0.0,0.0,0,0,0
1756097608,2751,0.15,0.0,0.0,0.0,0.0,0.0,0.0,0.0,0,0,0
1756097608,2752,0.07,0.0,0.0,0.0,0.0,0.0,0.0,0.0,0,0,0
1756097608,2753,0.15,0.0,-0.02,0.0,0.0,0.0,0.0,0.0,0,0,0
1756097608,2754,0.09,0.0,-0.02,0.0,0.0,0.0,0.0,0.0,0,0,0
1756097608,2755,0.15,0.0,0.0,0.0,0.0,0.0,0.0,0.0,0,0,0
1756097608,2756,0.1,0.0,0.0,0.0,0.0,0.0,0.0,0.0,0,0,0
1756097608,2757,0.11,0.0,0.0,0.0,0.0,0.0,0.0,0.0,0,0,0
1756097608,2758,0.1,0.0,0.0,0.0,0.0,0.0,0.0,0.0,0,0,0
1756097608,2759,0.11,0.0,-0.02,0.0,0.0,0.0,0.0,0.0,0,0,0
1756097608,2760,0.1,0.0,0.0,0.0,0.0,0.0,0.0,0.0,0,0,0
1756097608,2761,0.14,0.0,-0.01,0.0,0.0,0.0,0.0,0.0,0,0,0
1756097608,2762,0.03,0.0,-0.01,0.0,0.0,0.0,0.0,0.0,0,0,0
1756097608,2763,0.07,0.0,-0.05,0.0,0.0,0.0,0.0,0.0,0,0,0
1756097608,2764,0.14,0.0,-0.05,0.0,0.0,0.0,0.0,0.0,0,0,0
1756097608,2765,0.07,0.0,-0.01,0.0,0.0,0.0,0.0,0.0,0,0,0
1756097608,2766,0.12,0.0,-0.05,0.0,0.0,0.0,0.0,0.0,0,0,0
1756097608,2767,0.1,0.0,0.0,0.0,0.0,0.0,0.0,0.0,0,0,0
1756097608,2768,0.14,0.0,-0.03,0.0,0.0,0.0,0.0,0.0,0,0,0
1756097608,2769,0.14,0.0,0.0,0.0,0.0,0.0,0.0,0.0,0,0,0
1756097608,2770,0.15,0.0,0.0,0.0,0.0,0.0,0.0,0.0,0,0,0
1756097608,2771,0.15,0.0,0.02,0.0,0.0,0.0,0.0,0.0,0,0,0
1756097608,2772,0.07,0.0,-0.01,0.0,0.0,0.0,0.0,0.0,0,0,0
1756097608,2773,0.14,0.0,-0.01,0.0,0.0,0.0,0.0,0.0,0,0,0
1756097608,2774,0.14,0.0,0.0,0.0,0.0,0.0,0.0,0.0,0,0,0
1756097608,2775,0.11,0.0,0.0,0.0,0.0,0.0,0.0,0.0,0,0,0
1756097608,2776,0.1,0.0,0.0,0.0,0.0,0.0,0.0,0.0,0,0,0
1756097608,2777,0.14,0.0,-0.05,0.0,0.0,0.0,0.0,0.0,0,0,0
1756097608,2778,0.11,0.0,-0.05,0.0,0.0,0.0,0.0,0.0,0,0,0
1756097608,2779,0.14,0.0,0.02,0.0,0.0,0.0,0.0,0.0,0,0,0
1756097608,2780,0.05,0.0,0.0,0.0,0.0,0.0,0.0,0.0,0,0,0
1756097608,2781,0.17,0.0,0.0,0.0,0.0,0.0,0.0,0.0,0,0,0
1756097608,2782,0.12,0.0,-0.02,0.0,0.0,0.0,0.0,0.0,0,0,0
1756097608,2783,0.15,0.0,-0.01,0.0,0.0,0.0,0.0,0.0,0,0,0
1756097608,2784,0.14,0.0,-0.02,0.0,0.0,0.0,0.0,0.0,0,0,0
1756097608,2785,0.14,0.0,-0.01,0.0,0.0,0.0,0.0,0.0,0,0,0
1756097608,2786,0.09,0.0,0.0,0.0,0.0,0.0,0.0,0.0,0,0,0
1756097608,2787,0.14,0.0,-0.09,0.0,0.0,0.0,0.0,0.0,0,0,0
1756097608,2788,0.17,0.0,0.0,0.0,0.0,0.0,0.0,0.0,0,0,0
1756097608,2789,0.1,0.0,0.0,0.0,0.0,0.0,0.0,0.0,0,0,0
1756097608,2790,0.12,0.0,0.0,0.0,0.0,0.0,0.0,0.0,0,0,0
1756097608,2791,0.1,0.0,0.0,0.0,0.0,0.0,0.0,0.0,0,0,0
1756097608,2792,0.1,0.0,-0.01,0.0,0.0,0.0,0.0,0.0,0,0,0
1756097608,2793,0.11,0.0,-0.11,0.0,0.0,0.0,0.0,0.0,0,0,0
1756097608,2794,0.12,0.0,-0.01,0.0,0.0,0.0,0.0,0.0,0,0,0
1756097609,2795,0.09,0.0,-0.02,0.0,0.0,0.0,0.0,0.0,0,0,0
1756097609,2796,0.02,0.0,0.0,0.0,0.0,0.0,0.0,0.0,0,0,0
1756097609,2797,0.11,0.0,0.0,0.0,0.0,0.0,0.0,0.0,0,0,0
1756097609,2798,0.18,0.0,-0.05,0.0,0.0,0.0,0.0,0.0,0,0,0
1756097609,2799,0.11,0.0,0.0,0.0,0.0,0.0,0.0,0.0,0,0,0
1756097609,2800,0.1,0.0,0.0,0.0,0.0,0.0,0.0,0.0,0,0,0
1756097609,2801,0.17,0.0,-0.05,0.0,0.0,0.0,0.0,0.0,0,0,0
1756097609,2802,0.15,0.0,0.0,0.0,0.0,0.0,0.0,0.0,0,0,0
1756097609,2803,0.12,0.0,-0.03,0.0,0.0,0.0,0.0,0.0,0,0,0
1756097609,2804,0.17,0.0,0.0,0.0,0.0,0.0,0.0,0.0,0,0,0
1756097609,2805,0.12,0.0,0.0,0.0,0.0,0.0,0.0,0.0,0,0,0
1756097609,2806,0.12,0.0,0.0,0.0,0.0,0.0,0.0,0.0,0,0,0
1756097609,2807,0.15,0.0,-0.01,0.0,0.0,0.0,0.0,0.0,0,0,0
1756097609,2808,0.12,0.0,-0.03,0.0,0.0,0.0,0.0,0.0,0,0,0
1756097609,2809,0.1,0.0,0.0,0.0,0.0,0.0,0.0,0.0,0,0,0
1756097609,2810,0.1,0.0,0.0,0.0,0.0,0.0,0.0,0.0,0,0,0
1756097609,2811,0.15,0.0,-0.01,0.0,0.0,0.0,0.0,0.0,0,0,0
1756097609,2812,0.14,0.0,0.0,0.0,0.0,0.0,0.0,0.0,0,0,0
1756097609,2813,0.1,0.0,0.05,0.0,0.0,0.0,0.0,0.0,0,0,0
1756097609,2814,0.1,0.0,-0.01,0.0,0.0,0.0,0.0,0.0,0,0,0
1756097609,2815,0.14,0.0,-0.03,0.0,0.0,0.0,0.0,0.0,0,0,0
1756097609,2816,0.09,0.0,0.0,0.0,0.0,0.0,0.0,0.0,0,0,0
1756097609,2817,0.15,0.0,0.0,0.0,0.0,0.0,0.0,0.0,0,0,0
1756097609,2818,0.18,0.0,0.0,0.0,0.0,0.0,0.0,0.0,0,0,0
1756097609,2819,0.1,0.0,0.0,0.0,0.0,0.0,0.0,0.0,0,0,0
1756097609,2820,0.12,0.0,-0.01,0.0,0.0,0.0,0.0,0.0,0,0,0
1756097609,2821,0.1,0.0,0.0,0.0,0.0,0.0,0.0,0.0,0,0,0
1756097609,2822,0.09,0.0,-0.01,0.0,0.0,0.0,0.0,0.0,0,0,0
1756097609,2823,0.1,0.0,0.0,0.0,0.0,0.0,0.0,0.0,0,0,0
1756097609,2824,0.15,0.0,0.0,0.0,0.0,0.0,0.0,0.0,0,0,0
1756097609,2825,0.14,0.0,-0.09,0.0,0.0,0.0,0.0,0.0,0,0,0
1756097609,2826,0.09,0.0,0.0,0.0,0.0,0.0,0.0,0.0,0,0,0
1756097609,2827,0.12,0.0,0.02,0.0,0.0,0.0,0.0,0.0,0,0,0
1756097609,2828,0.11,0.0,0.0,0.0,0.0,0.0,0.0,0.0,0,0,0
1756097609,2829,0.1,0.0,-0.01,0.0,0.0,0.0,0.0,0.0,0,0,0
1756097609,2830,0.11,0.0,0.0,0.0,0.0,0.0,0.0,0.0,0,0,0
1756097609,2831,0.07,0.0,-0.05,0.0,0.0,0.0,0.0,0.0,0,0,0
1756097609,2832,0.15,0.0,0.0,0.0,0.0,0.0,0.0,0.0,0,0,0
1756097609,2833,0.12,0.0,0.03,0.0,0.0,0.0,0.0,0.0,0,0,0
1756097609,2834,0.15,0.0,-0.07,0.0,0.0,0.0,0.0,0.0,0,0,0
1756097609,2835,0.14,0.0,0.0,0.0,0.0,0.0,0.0,0.0,0,0,0
1756097609,2836,0.09,0.0,0.0,0.0,0.0,0.0,0.0,0.0,0,0,0
1756097609,2837,0.11,0.0,-0.07,0.0,0.0,0.0,0.0,0.0,0,0,0
1756097609,2838,0.1,0.0,0.0,0.0,0.0,0.0,0.0,0.0,0,0,0
1756097609,2839,0.07,0.0,-0.03,0.0,0.0,0.0,0.0,0.0,0,0,0
1756097609,2840,0.07,0.0,-0.07,0.0,0.0,0.0,0.0,0.0,0,0,0
1756097609,2841,0.1,0.0,0.07,0.0,0.0,0.0,0.0,0.0,0,0,0
1756097609,2842,0.07,0.0,0.0,0.0,0.0,0.0,0.0,0.0,0,0,0
1756097609,2843,0.23,0.0,0.0,0.0,0.0,0.0,0.0,0.0,0,0,0
1756097609,2844,0.03,0.0,0.0,0.0,0.0,0.0,0.0,0.0,0,0,0
1756097609,2845,0.02,0.0,0.0,0.0,0.0,0.0,0.0,0.0,0,0,0
1756097609,2846,0.11,0.0,-0.03,0.0,0.0,0.0,0.0,0.0,0,0,0
1756097609,2847,0.2,0.0,0.0,0.0,0.0,0.0,0.0,0.0,0,0,0
1756097609,2848,0.03,0.0,-0.02,0.0,0.0,0.0,0.0,0.0,0,0,0
1756097609,2849,0.12,0.0,0.0,0.0,0.0,0.0,0.0,0.0,0,0,0
1756097609,2850,0.14,0.0,-0.01,0.0,0.0,0.0,0.0,0.0,0,0,0
1756097609,2851,0.15,0.0,-0.07,0.0,0.0,0.0,0.0,0.0,0,0,0
1756097609,2852,0.1,0.0,-0.02,0.0,0.0,0.0,0.0,0.0,0,0,0
1756097609,2853,0.09,0.0,-0.01,0.0,0.0,0.0,0.0,0.0,0,0,0
1756097609,2854,0.18,0.0,0.0,0.0,0.0,0.0,0.0,0.0,0,0,0
1756097610,2855,0.14,0.0,0.0,0.0,0.0,0.0,0.0,0.0,0,0,0
1756097610,2856,0.1,0.0,-0.05,0.0,0.0,0.0,0.0,0.0,0,0,0
1756097610,2857,0.11,0.0,0.0,0.0,0.0,0.0,0.0,0.0,0,0,0
1756097610,2858,0.1,0.0,0.0,0.0,0.0,0.0,0.0,0.0,0,0,0
1756097610,2859,0.1,0.0,0.0,0.0,0.0,0.0,0.0,0.0,0,0,0
1756097610,2860,0.09,0.0,-0.01,0.0,0.0,0.0,0.0,0.0,0,0,0
1756097610,2861,0.14,0.0,-0.02,0.0,0.0,0.0,0.0,0.0,0,0,0
1756097610,2862,0.1,0.0,-0.02,0.0,0.0,0.0,0.0,0.0,0,0,0
1756097610,2863,0.14,0.0,-0.01,0.0,0.0,0.0,0.0,0.0,0,0,0
1756097610,2864,0.03,0.0,0.07,0.0,0.0,0.0,0.0,0.0,0,0,0
1756097610,2865,0.1,0.0,-0.03,0.0,0.0,0.0,0.0,0.0,0,0,0
1756097610,2866,0.11,0.0,-0.05,0.0,0.0,0.0,0.0,0.0,0,0,0
1756097610,2867,0.15,0.0,0.0,0.0,0.0,0.0,0.0,0.0,0,0,0
1756097610,2868,0.11,0.0,0.0,0.0,0.0,0.0,0.0,0.0,0,0,0
1756097610,2869,0.2,0.0,0.0,0.0,0.0,0.0,0.0,0.0,0,0,0
1756097610,2870,0.07,0.0,0.1,0.0,0.0,0.0,0.0,0.0,0,0,0
1756097610,2871,0.14,0.0,0.01,0.0,0.0,0.0,0.0,0.0,0,0,0
1756097610,2872,0.02,0.0,-0.01,0.0,0.0,0.0,0.0,0.0,0,0,0
1756097610,2873,0.12,0.0,-0.07,0.0,0.0,0.0,0.0,0.0,0,0,0
1756097610,2874,0.1,0.0,-0.05,0.0,0.0,0.0,0.0,0.0,0,0,0
1756097610,2875,0.14,0.0,0.0,0.0,0.0,0.0,0.0,0.0,0,0,0
1756097610,2876,0.07,0.0,0.0,0.0,0.0,0.0,0.0,0.0,0,0,0
1756097610,2877,0.1,0.0,-0.02,0.0,0.0,0.0,0.0,0.0,0,0,0
1756097610,2878,0.1,0.0,-0.01,0.0,0.0,0.0,0.0,0.0,0,0,0
1756097610,2879,0.07,0.0,0.0,0.0,0.0,0.0,0.0,0.0,0,0,0
1756097610,2880,0.09,0.0,0.0,0.0,0.0,0.0,0.0,0.0,0,0,0
1756097610,2881,0.14,0.0,0.0,0.0,0.0,0.0,0.0,0.0,0,0,0
1756097610,2882,0.12,0.0,0.0,0.0,0.0,0.0,0.0,0.0,0,0,0
1756097610,2883,0.09,0.0,0.0,0.0,0.0,0.0,0.0,0.0,0,0,0
1756097610,2884,0.09,0.0,-0.01,0.0,0.0,0.0,0.0,0.0,0,0,0
1756097610,2885,0.11,0.0,0.0,0.0,0.0,0.0,0.0,0.0,0,0,0
1756097610,2886,0.12,0.0,0.0,0.0,0.0,0.0,0.0,0.0,0,0,0
1756097610,2887,0.11,0.0,0.05,0.0,0.0,0.0,0.0,0.0,0,0,0
1756097610,2888,0.12,0.0,-0.01,0.0,0.0,0.0,0.0,0.0,0,0,0
1756097610,2889,0.15,0.0,0.0,0.0,0.0,0.0,0.0,0.0,0,0,0
1756097610,2890,0.09,0.0,0.0,0.0,0.0,0.0,0.0,0.0,0,0,0
1756097610,2891,0.12,0.0,-0.05,0.0,0.0,0.0,0.0,0.0,0,0,0
1756097610,2892,0.1,0.0,-0.01,0.0,0.0,0.0,0.0,0.0,0,0,0
1756097610,2893,0.11,0.0,-0.05,0.0,0.0,0.0,0.0,0.0,0,0,0
1756097610,2894,0.07,0.0,0.02,0.0,0.0,0.0,0.0,0.0,0,0,0
1756097610,2895,0.11,0.0,0.0,0.0,0.0,0.0,0.0,0.0,0,0,0
1756097610,2896,0.12,0.0,-0.05,0.0,0.0,0.0,0.0,0.0,0,0,0
1756097610,2897,0.1,0.0,0.0,0.0,0.0,0.0,0.0,0.0,0,0,0
1756097610,2898,0.12,0.0,-0.01,0.0,0.0,0.0,0.0,0.0,0,0,0
1756097610,2899,0.11,0.0,0.0,0.0,0.0,0.0,0.0,0.0,0,0,0
1756097610,2900,0.1,0.0,0.0,0.0,0.0,0.0,0.0,0.0,0,0,0
1756097610,2901,0.1,0.0,0.0,0.0,0.0,0.0,0.0,0.0,0,0,0
1756097610,2902,0.07,0.0,0.0,0.0,0.0,0.0,0.0,0.0,0,0,0
1756097610,2903,0.03,0.0,-0.01,0.0,0.0,0.0,0.0,0.0,0,0,0
1756097610,2904,0.17,0.0,0.01,0.0,0.0,0.0,0.0,0.0,0,0,0
1756097610,2905,0.17,0.0,-0.07,0.0,0.0,0.0,0.0,0.0,0,0,0
1756097610,2906,0.15,0.0,0.0,0.0,0.0,0.0,0.0,0.0,0,0,0
1756097610,2907,0.18,0.0,0.02,0.0,0.0,0.0,0.0,0.0,0,0,0
1756097610,2908,0.1,0.0,0.01,0.0,0.0,0.0,0.0,0.0,0,0,0
1756097610,2909,0.1,0.0,0.0,0.0,0.0,0.0,0.0,0.0,0,0,0
1756097610,2910,0.12,0.0,0.0,0.0,0.0,0.0,0.0,0.0,0,0,0
1756097610,2911,0.1,0.0,0.0,0.0,0.0,0.0,0.0,0.0,0,0,0
1756097610,2912,0.07,0.0,-0.05,0.0,0.0,0.0,0.0,0.0,0,0,0
1756097610,2913,0.1,0.0,0.0,0.0,0.0,0.0,0.0,0.0,0,0,0
1756097610,2914,0.14,0.0,-0.01,0.0,0.0,0.0,0.0,0.0,0,0,0
1756097610,2915,0.14,0.0,0.0,0.0,0.0,0.0,0.0,0.0,0,0,0
1756097610,2916,0.12,0.0,0.0,0.0,0.0,0.0,0.0,0.0,0,0,0
1756097610,2917,0.15,0.0,-0.02,0.0,0.0,0.0,0.0,0.0,0,0,0
1756097610,2918,0.12,0.0,-0.02,0.0,0.0,0.0,0.0,0.0,0,0,0
1756097610,2919,0.11,0.0,0.0,0.0,0.0,0.0,0.0,0.0,0,0,0
1756097610,2920,0.15,0.0,0.0,0.0,0.0,0.0,0.0,0.0,0,0,0
1756097610,2921,0.1,0.0,0.0,0.0,0.0,0.0,0.0,0.0,0,0,0
1756097610,2922,0.1,0.0,0.0,0.0,0.0,0.0,0.0,0.0,0,0,0
1756097610,2923,0.15,0.0,-0.01,0.0,0.0,0.0,0.0,0.0,0,0,0
1756097610,2924,0.1,0.0,-0.01,0.0,0.0,0.0,0.0,0.0,0,0,0
1756097610,2925,0.1,0.0,0.0,0.0,0.0,0.0,0.0,0.0,0,0,0
1756097610,2926,0.1,0.0,0.0,0.0,0.0,0.0,0.0,0.0,0,0,0
1756097611,2927,0.07,0.0,-0.03,0.0,0.0,0.0,0.0,0.0,0,0,0
1756097611,2928,0.15,0.0,0.01,0.0,0.0,0.0,0.0,0.0,0,0,0
1756097611,2929,0.11,0.0,-0.01,0.0,0.0,0.0,0.0,0.0,0,0,0
1756097611,2930,0.1,0.0,0.0,0.0,0.0,0.0,0.0,0.0,0,0,0
1756097611,2931,0.12,0.0,0.0,0.0,0.0,0.0,0.0,0.0,0,0,0
1756097611,2932,0.07,0.0,0.0,0.0,0.0,0.0,0.0,0.0,0,0,0
1756097611,2933,0.15,0.0,0.01,0.0,0.0,0.0,0.0,0.0,0,0,0
1756097611,2934,0.17,0.0,-0.02,0.0,0.0,0.0,0.0,0.0,0,0,0
1756097611,2935,0.12,0.0,0.0,0.0,0.0,0.0,0.0,0.0,0,0,0
1756097611,2936,0.1,0.0,0.0,0.0,0.0,0.0,0.0,0.0,0,0,0
1756097611,2937,0.09,0.0,0.0,0.0,0.0,0.0,0.0,0.0,0,0,0
1756097611,2938,0.12,0.0,0.0,0.0,0.0,0.0,0.0,0.0,0,0,0
1756097611,2939,0.11,0.0,0.0,0.0,0.0,0.0,0.0,0.0,0,0,0
1756097611,2940,0.14,0.0,0.0,0.0,0.0,0.0,0.0,0.0,0,0,0
1756097611,2941,0.09,0.0,0.0,0.0,0.0,0.0,0.0,0.0,0,0,0
1756097611,2942,0.09,0.0,-0.03,0.0,0.0,0.0,0.0,0.0,0,0,0
1756097611,2943,0.1,0.0,0.0,0.0,0.0,0.0,0.0,0.0,0,0,0
1756097611,2944,0.07,0.0,-0.01,0.0,0.0,0.0,0.0,0.0,0,0,0
1756097611,2945,0.14,0.0,0.0,0.0,0.0,0.0,0.0,0.0,0,0,0
1756097611,2946,0.12,0.0,-0.02,0.0,0.0,0.0,0.0,0.0,0,0,0
1756097611,2947,0.11,0.0,-0.05,0.0,0.0,0.0,0.0,0.0,0,0,0
1756097611,2948,0.07,0.0,0.0,0.0,0.0,0.0,0.0,0.0,0,0,0
1756097611,2949,0.14,0.0,0.01,0.0,0.0,0.0,0.0,0.0,0,0,0
1756097611,2950,0.15,0.0,-0.05,0.0,0.0,0.0,0.0,0.0,0,0,0
1756097611,2951,0.02,0.0,0.0,0.0,0.0,0.0,0.0,0.0,0,0,0
1756097611,2952,0.15,0.0,-0.05,0.0,0.0,0.0,0.0,0.0,0,0,0
1756097611,2953,0.18,0.0,-0.05,0.0,0.0,0.0,0.0,0.0,0,0,0
1756097611,2954,0.18,0.0,0.01,0.0,0.0,0.0,0.0,0.0,0,0,0
1756097611,2955,0.14,0.0,-0.07,0.0,0.0,0.0,0.0,0.0,0,0,0
1756097611,2956,0.1,0.0,0.0,0.0,0.0,0.0,0.0,0.0,0,0,0
1756097611,2957,0.07,0.0,0.0,0.0,0.0,0.0,0.0,0.0,0,0,0
1756097611,2958,0.07,0.0,-0.01,0.0,0.0,0.0,0.0,0.0,0,0,0
1756097611,2959,0.17,0.0,-0.03,0.0,0.0,0.0,0.0,0.0,0,0,0
1756097611,2960,0.15,0.0,0.0,0.0,0.0,0.0,0.0,0.0,0,0,0
1756097611,2961,0.12,0.0,0.0,0.0,0.0,0.0,0.0,0.0,0,0,0
1756097611,2962,0.1,0.0,-0.03,0.0,0.0,0.0,0.0,0.0,0,0,0
1756097611,2963,0.15,0.0,-0.09,0.0,0.0,0.0,0.0,0.0,0,0,0
1756097611,2964,0.15,0.0,0.0,0.0,0.0,0.0,0.0,0.0,0,0,0
1756097611,2965,0.07,0.0,0.0,0.0,0.0,0.0,0.0,0.0,0,0,0
1756097611,2966,0.11,0.0,0.0,0.0,0.0,0.0,0.0,0.0,0,0,0
1756097611,2967,0.12,0.0,0.0,0.0,0.0,0.0,0.0,0.0,0,0,0
1756097611,2968,0.11,0.0,0.01,0.0,0.0,0.0,0.0,0.0,0,0,0
1756097611,2969,0.1,0.0,-0.05,0.0,0.0,0.0,0.0,0.0,0,0,0
1756097611,2970,0.07,0.0,0.0,0.0,0.0,0.0,0.0,0.0,0,0,0
1756097611,2971,0.1,0.0,-0.01,0.0,0.0,0.0,0.0,0.0,0,0,0
1756097611,2972,0.07,0.0,-0.01,0.0,0.0,0.0,0.0,0.0,0,0,0
1756097611,2973,0.2,0.0,-0.02,0.0,0.0,0.0,0.0,0.0,0,0,0
1756097611,2974,0.14,0.0,0.0,0.0,0.0,0.0,0.0,0.0,0,0,0
1756097611,2975,0.2,0.0,-0.07,0.0,0.0,0.0,0.0,0.0,0,0,0
1756097611,2976,0.07,0.0,0.0,0.0,0.0,0.0,0.0,0.0,0,0,0
1756097611,2977,0.09,0.0,-0.05,0.0,0.0,0.0,0.0,0.0,0,0,0
1756097611,2978,0.11,0.0,0.0,0.0,0.0,0.0,0.0,0.0,0,0,0
1756097611,2979,0.15,0.0,0.01,0.0,0.0,0.0,0.0,0.0,0,0,0
1756097611,2980,0.15,0.0,0.0,0.0,0.0,0.0,0.0,0.0,0,0,0
1756097611,2981,0.15,0.0,0.03,0.0,0.0,0.0,0.0,0.0,0,0,0
1756097611,2982,0.15,0.0,0.01,0.0,0.0,0.0,0.0,0.0,0,0,0
1756097611,2983,0.1,0.0,-0.05,0.0,0.0,0.0,0.0,0.0,0,0,0
1756097611,2984,0.17,0.0,-0.01,0.0,0.0,0.0,0.0,0.0,0,0,0
1756097611,2985,0.07,0.0,-0.05,0.0,0.0,0.0,0.0,0.0,0,0,0
1756097611,2986,0.11,0.0,-0.02,0.0,0.0,0.0,0.0,0.0,0,0,0
1756097611,2987,0.09,0.0,0.0,0.0,0.0,0.0,0.0,0.0,0,0,0
1756097611,2988,0.11,0.0,0.0,0.0,0.0,0.0,0.0,0.0,0,0,0
1756097611,2989,0.1,0.0,-0.05,0.0,0.0,0.0,0.0,0.0,0,0,0
1756097611,2990,0.15,0.0,-0.01,0.0,0.0,0.0,0.0,0.0,0,0,0
1756097611,2991,0.1,0.0,0.0,0.0,0.0,0.0,0.0,0.0,0,0,0
1756097611,2992,0.11,0.0,0.0,0.0,0.0,0.0,0.0,0.0,0,0,0
1756097611,2993,0.1,0.0,0.0,0.0,0.0,0.0,0.0,0.0,0,0,0
1756097611,2994,0.09,0.0,0.0,0.0,0.0,0.0,0.0,0.0,0,0,0
1756097612,2995,0.14,0.0,0.0,0.0,0.0,0.0,0.0,0.0,0,0,0
1756097612,2996,0.1,0.0,0.03,0.0,0.0,0.0,0.0,0.0,0,0,0
1756097612,2997,0.18,0.0,-0.14,0.0,0.0,0.0,0.0,0.0,0,0,0
1756097612,2998,0.12,0.0,0.0,0.0,0.0,0.0,0.0,0.0,0,0,0
1756097612,2999,0.14,0.0,-0.01,0.0,0.0,0.0,0.0,0.0,0,0,0
1756097612,3000,0.11,0.0,0.0,0.0,0.0,0.0,0.0,0.0,0,0,0
1756097612,3001,0.17,0.0,0.0,0.0,0.0,0.0,0.0,0.0,0,0,0
1756097612,3002,0.1,0.0,0.0,0.0,0.0,0.0,0.0,0.0,0,0,0
1756097612,3003,0.12,0.0,0.0,0.0,0.0,0.0,0.0,0.0,0,0,0
1756097612,3004,0.15,0.0,-0.07,0.0,0.0,0.0,0.0,0.0,0,0,0
1756097612,3005,0.11,0.0,0.0,0.0,0.0,0.0,0.0,0.0,0,0,0
1756097612,3006,0.1,0.0,0.0,0.0,0.0,0.0,0.0,0.0,0,0,0
1756097612,3007,0.0,0.0,0.02,0.0,0.0,0.0,0.0,0.0,0,0,0
1756097612,3008,0.15,0.0,0.0,0.0,0.0,0.0,0.0,0.0,0,0,0
1756097612,3009,0.2,0.0,0.0,0.0,0.0,0.0,0.0,0.0,0,0,0
1756097612,3010,0.15,0.0,0.0,0.0,0.0,0.0,0.0,0.0,0,0,0
1756097612,3011,0.11,0.0,0.0,0.0,0.0,0.0,0.0,0.0,0,0,0
1756097612,3012,0.14,0.0,0.0,0.0,0.0,0.0,0.0,0.0,0,0,0
1756097612,3013,0.15,0.0,0.0,0.0,0.0,0.0,0.0,0.0,0,0,0
1756097612,3014,0.1,0.0,0.0,0.0,0.0,0.0,0.0,0.0,0,0,0
1756097612,3015,0.17,0.0,0.0,0.0,0.0,0.0,0.0,0.0,0,0,0
1756097612,3016,0.12,0.0,0.0,0.0,0.0,0.0,0.0,0.0,0,0,0
1756097612,3017,0.11,0.0,-0.01,0.0,0.0,0.0,0.0,0.0,0,0,0
1756097612,3018,0.07,0.0,-0.01,0.0,0.0,0.0,0.0,0.0,0,0,0
1756097612,3019,0.05,0.0,-0.01,0.0,0.0,0.0,0.0,0.0,0,0,0
1756097612,3020,0.12,0.0,-0.01,0.0,0.0,0.0,0.0,0.0,0,0,0
1756097612,3021,0.18,0.0,0.01,0.0,0.0,0.0,0.0,0.0,0,0,0
1756097612,3022,0.15,0.0,-0.01,0.0,0.0,0.0,0.0,0.0,0,0,0
1756097612,3023,0.12,0.0,0.01,0.0,0.0,0.0,0.0,0.0,0,0,0
1756097612,3024,0.15,0.0,0.05,0.0,0.0,0.0,0.0,0.0,0,0,0
1756097612,3025,0.05,0.0,0.0,0.0,0.0,0.0,0.0,0.0,0,0,0
1756097612,3026,0.15,0.0,-0.1,0.0,0.0,0.0,0.0,0.0,0,0,0
1756097612,3027,0.09,0.0,-0.05,0.0,0.0,0.0,0.0,0.0,0,0,0
1756097612,3028,0.21,0.0,-0.03,0.0,0.0,0.0,0.0,0.0,0,0,0
1756097612,3029,0.03,0.0,0.0,0.0,0.0,0.0,0.0,0.0,0,0,0
1756097612,3030,0.07,0.0,0.0,0.0,0.0,0.0,0.0,0.0,0,0,0
1756097612,3031,0.1,0.0,0.0,0.0,0.0,0.0,0.0,0.0,0,0,0
1756097612,3032,0.15,0.0,0.0,0.0,0.0,0.0,0.0,0.0,0,0,0
1756097612,3033,0.11,0.0,0.0,0.0,0.0,0.0,0.0,0.0,0,0,0
1756097612,3034,0.1,0.0,0.0,0.0,0.0,0.0,0.0,0.0,0,0,0
1756097612,3035,0.12,0.0,0.0,0.0,0.0,0.0,0.0,0.0,0,0,0
1756097612,3036,0.05,0.0,-0.05,0.0,0.0,0.0,0.0,0.0,0,0,0
1756097612,3037,0.1,0.0,0.0,0.0,0.0,0.0,0.0,0.0,0,0,0
1756097612,3038,0.1,0.0,-0.01,0.0,0.0,0.0,0.0,0.0,0,0,0
1756097612,3039,0.1,0.0,0.0,0.0,0.0,0.0,0.0,0.0,0,0,0
1756097612,3040,0.07,0.0,0.0,0.0,0.0,0.0,0.0,0.0,0,0,0
1756097612,3041,0.1,0.0,0.0,0.0,0.0,0.0,0.0,0.0,0,0,0
1756097612,3042,0.1,0.0,0.0,0.0,0.0,0.0,0.0,0.0,0,0,0
1756097612,3043,0.09,0.0,0.05,0.0,0.0,0.0,0.0,0.0,0,0,0
1756097612,3044,0.1,0.0,0.0,0.0,0.0,0.0,0.0,0.0,0,0,0
1756097612,3045,0.14,0.0,0.0,0.0,0.0,0.0,0.0,0.0,0,0,0
1756097612,3046,0.09,0.0,0.0,0.0,0.0,0.0,0.0,0.0,0,0,0
1756097612,3047,0.0,0.0,0.0,0.0,0.0,0.0,0.0,0.0,0,0,0
1756097612,3048,0.23,0.0,-0.01,0.0,0.0,0.0,0.0,0.0,0,0,0
1756097612,3049,0.12,0.0,0.02,0.0,0.0,0.0,0.0,0.0,0,0,0
1756097612,3050,0.09,0.0,0.0,0.0,0.0,0.0,0.0,0.0,0,0,0
1756097612,3051,0.14,0.0,0.0,0.0,0.0,0.0,0.0,0.0,0,0,0
1756097612,3052,0.2,0.0,0.01,0.0,0.0,0.0,0.0,0.0,0,0,0
1756097612,3053,0.1,0.0,-0.01,0.0,0.0,0.0,0.0,0.0,0,0,0
1756097612,3054,0.15,0.0,-0.01,0.0,0.0,0.0,0.0,0.0,0,0,0
1756097612,3055,0.11,0.0,0.0,0.0,0.0,0.0,0.0,0.0,0,0,0
1756097612,3056,0.14,0.0,-0.07,0.0,0.0,0.0,0.0,0.0,0,0,0
1756097613,3057,0.05,0.0,0.01,0.0,0.0,0.0,0.0,0.0,0,0,0
1756097613,3058,0.07,0.0,0.0,0.0,0.0,0.0,0.0,0.0,0,0,0
1756097613,3059,0.12,0.0,0.0,0.0,0.0,0.0,0.0,0.0,0,0,0
1756097613,3060,0.1,0.0,0.0,0.0,0.0,0.0,0.0,0.0,0,0,0
1756097613,3061,0.2,0.0,0.0,0.0,0.0,0.0,0.0,0.0,0,0,0
1756097613,3062,0.14,0.0,0.0,0.0,0.0,0.0,0.0,0.0,0,0,0
1756097613,3063,0.15,0.0,0.0,0.0,0.0,0.0,0.0,0.0,0,0,0
1756097613,3064,0.14,0.0,0.02,0.0,0.0,0.0,0.0,0.0,0,0,0
1756097613,3065,0.05,0.0,-0.02,0.0,0.0,0.0,0.0,0.0,0,0,0
1756097613,3066,0.1,0.0,0.0,0.0,0.0,0.0,0.0,0.0,0,0,0
1756097613,3067,0.02,0.0,-0.01,0.0,0.0,0.0,0.0,0.0,0,0,0
1756097613,3068,0.1,0.0,-0.07,0.0,0.0,0.0,0.0,0.0,0,0,0
1756097613,3069,0.11,0.0,-0.01,0.0,0.0,0.0,0.0,0.0,0,0,0
1756097613,3070,0.12,0.0,0.0,0.0,0.0,0.0,0.0,0.0,0,0,0
1756097613,3071,0.1,0.0,0.02,0.0,0.0,0.0,0.0,0.0,0,0,0
1756097613,3072,0.14,0.0,0.0,0.0,0.0,0.0,0.0,0.0,0,0,0
1756097613,3073,0.11,0.0,-0.01,0.0,0.0,0.0,0.0,0.0,0,0,0
1756097613,3074,0.09,0.0,-0.05,0.0,0.0,0.0,0.0,0.0,0,0,0
1756097613,3075,0.12,0.0,0.0,0.0,0.0,0.0,0.0,0.0,0,0,0
1756097613,3076,0.12,0.0,0.0,0.0,0.0,0.0,0.0,0.0,0,0,0
1756097613,3077,0.12,0.0,0.0,0.0,0.0,0.0,0.0,0.0,0,0,0
1756097613,3078,0.14,0.0,-0.07,0.0,0.0,0.0,0.0,0.0,0,0,0
1756097613,3079,0.1,0.0,0.0,0.0,0.0,0.0,0.0,0.0,0,0,0
1756097613,3080,0.12,0.0,0.0,0.0,0.0,0.0,0.0,0.0,0,0,0
1756097613,3081,0.12,0.0,-0.03,0.0,0.0,0.0,0.0,0.0,0,0,0
1756097613,3082,0.1,0.0,0.0,0.0,0.0,0.0,0.0,0.0,0,0,0
1756097613,3083,0.07,0.0,0.0,0.0,0.0,0.0,0.0,0.0,0,0,0
1756097613,3084,0.07,0.0,0.0,0.0,0.0,0.0,0.0,0.0,0,0,0
1756097613,3085,0.15,0.0,0.0,0.0,0.0,0.0,0.0,0.0,0,0,0
1756097613,3086,0.11,0.0,0.0,0.0,0.0,0.0,0.0,0.0,0,0,0
1756097613,3087,0.14,0.0,0.0,0.0,0.0,0.0,0.0,0.0,0,0,0
1756097613,3088,0.09,0.0,0.05,0.0,0.0,0.0,0.0,0.0,0,0,0
1756097613,3089,0.11,0.0,0.0,0.0,0.0,0.0,0.0,0.0,0,0,0
1756097613,3090,0.09,0.0,0.02,0.0,0.0,0.0,0.0,0.0,0,0,0
1756097613,3091,0.1,0.0,0.0,0.0,0.0,0.0,0.0,0.0,0,0,0
1756097613,3092,0.15,0.0,-0.02,0.0,0.0,0.0,0.0,0.0,0,0,0
1756097613,3093,0.09,0.0,-0.02,0.0,0.0,0.0,0.0,0.0,0,0,0
1756097613,3094,0.14,0.0,0.0,0.0,0.0,0.0,0.0,0.0,0,0,0
1756097613,3095,0.12,0.0,-0.01,0.0,0.0,0.0,0.0,0.0,0,0,0
1756097613,3096,0.09,0.0,0.03,0.0,0.0,0.0,0.0,0.0,0,0,0
1756097613,3097,0.11,0.0,0.0,0.0,0.0,0.0,0.0,0.0,0,0,0
1756097613,3098,0.09,0.0,0.0,0.0,0.0,0.0,0.0,0.0,0,0,0
1756097613,3099,0.14,0.0,-0.02,0.0,0.0,0.0,0.0,0.0,0,0,0
1756097613,3100,0.15,0.0,-0.05,0.0,0.0,0.0,0.0,0.0,0,0,0
1756097613,3101,0.12,0.0,-0.05,0.0,0.0,0.0,0.0,0.0,0,0,0
1756097613,3102,0.12,0.0,-0.03,0.0,0.0,0.0,0.0,0.0,0,0,0
1756097613,3103,0.07,0.0,0.0,0.0,0.0,0.0,0.0,0.0,0,0,0
1756097613,3104,0.1,0.0,0.0,0.0,0.0,0.0,0.0,0.0,0,0,0
1756097613,3105,0.1,0.0,0.0,0.0,0.0,0.0,0.0,0.0,0,0,0
1756097613,3106,0.07,0.0,-0.02,0.0,0.0,0.0,0.0,0.0,0,0,0
1756097613,3107,0.18,0.0,0.0,0.0,0.0,0.0,0.0,0.0,0,0,0
1756097613,3108,0.05,0.0,-0.03,0.0,0.0,0.0,0.0,0.0,0,0,0
1756097613,3109,0.1,0.0,0.0,0.0,0.0,0.0,0.0,0.0,0,0,0
1756097613,3110,0.1,0.0,-0.05,0.0,0.0,0.0,0.0,0.0,0,0,0
1756097613,3111,0.1,0.0,0.0,0.0,0.0,0.0,0.0,0.0,0,0,0
1756097613,3112,0.12,0.0,0.0,0.0,0.0,0.0,0.0,0.0,0,0,0
1756097613,3113,0.07,0.0,0.0,0.0,0.0,0.0,0.0,0.0,0,0,0
1756097613,3114,0.14,0.0,0.0,0.0,0.0,0.0,0.0,0.0,0,0,0
1756097613,3115,0.11,0.0,0.05,0.0,0.0,0.0,0.0,0.0,0,0,0
1756097613,3116,0.1,0.0,0.0,0.0,0.0,0.0,0.0,0.0,0,0,0
1756097613,3117,0.07,0.0,0.0,0.0,0.0,0.0,0.0,0.0,0,0,0
1756097613,3118,0.09,0.0,0.0,0.0,0.0,0.0,0.0,0.0,0,0,0
1756097613,3119,0.1,0.0,0.01,0.0,0.0,0.0,0.0,0.0,0,0,0
1756097613,3120,0.07,0.0,-0.05,0.0,0.0,0.0,0.0,0.0,0,0,0
1756097613,3121,0.07,0.0,0.0,0.0,0.0,0.0,0.0,0.0,0,0,0
1756097613,3122,0.05,0.0,0.0,0.0,0.0,0.0,0.0,0.0,0,0,0
1756097613,3123,0.14,0.0,-0.05,0.0,0.0,0.0,0.0,0.0,0,0,0
1756097614,3124,0.21,0.0,-0.01,0.0,0.0,0.0,0.0,0.0,0,0,0
1756097614,3125,0.1,0.0,0.0,0.0,0.0,0.0,0.0,0.0,0,0,0
1756097614,3126,0.05,0.0,0.0,0.0,0.0,0.0,0.0,0.0,0,0,0
1756097614,3127,0.12,0.0,-0.07,0.0,0.0,0.0,0.0,0.0,0,0,0
1756097614,3128,0.1,0.0,0.05,0.0,0.0,0.0,0.0,0.0,0,0,0
1756097614,3129,0.17,0.0,0.0,0.0,0.0,0.0,0.0,0.0,0,0,0
1756097614,3130,0.09,0.0,0.0,0.0,0.0,0.0,0.0,0.0,0,0,0
1756097614,3131,0.09,0.0,-0.05,0.0,0.0,0.0,0.0,0.0,0,0,0
1756097614,3132,0.1,0.0,0.0,0.0,0.0,0.0,0.0,0.0,0,0,0
1756097614,3133,0.1,0.0,0.0,0.0,0.0,0.0,0.0,0.0,0,0,0
1756097614,3134,0.15,0.0,0.0,0.0,0.0,0.0,0.0,0.0,0,0,0
1756097614,3135,0.12,0.0,-0.01,0.0,0.0,0.0,0.0,0.0,0,0,0
1756097614,3136,0.11,0.0,0.0,0.0,0.0,0.0,0.0,0.0,0,0,0
1756097614,3137,0.11,0.0,0.0,0.0,0.0,0.0,0.0,0.0,0,0,0
1756097614,3138,0.17,0.0,0.01,0.0,0.0,0.0,0.0,0.0,0,0,0
1756097614,3139,0.1,0.0,0.0,0.0,0.0,0.0,0.0,0.0,0,0,0
1756097614,3140,0.05,0.0,0.0,0.0,0.0,0.0,0.0,0.0,0,0,0
1756097614,3141,0.09,0.0,0.05,0.0,0.0,0.0,0.0,0.0,0,0,0
1756097614,3142,0.14,0.0,0.0,0.0,0.0,0.0,0.0,0.0,0,0,0
1756097614,3143,0.14,0.0,0.0,0.0,0.0,0.0,0.0,0.0,0,0,0
1756097614,3144,0.15,0.0,0.02,0.0,0.0,0.0,0.0,0.0,0,0,0
1756097614,3145,0.09,0.0,0.0,0.0,0.0,0.0,0.0,0.0,0,0,0
1756097614,3146,0.09,0.0,0.0,0.0,0.0,0.0,0.0,0.0,0,0,0
1756097614,3147,0.15,0.0,0.0,0.0,0.0,0.0,0.0,0.0,0,0,0
1756097614,3148,0.1,0.0,0.0,0.0,0.0,0.0,0.0,0.0,0,0,0
1756097614,3149,0.2,0.0,0.0,0.0,0.0,0.0,0.0,0.0,0,0,0
1756097614,3150,0.11,0.0,0.0,0.0,0.0,0.0,0.0,0.0,0,0,0
1756097614,3151,0.03,0.0,0.0,0.0,0.0,0.0,0.0,0.0,0,0,0
1756097614,3152,0.09,0.0,0.0,0.0,0.0,0.0,0.0,0.0,0,0,0
1756097614,3153,0.15,0.0,-0.01,0.0,0.0,0.0,0.0,0.0,0,0,0
1756097614,3154,0.18,0.0,-0.01,0.0,0.0,0.0,0.0,0.0,0,0,0
1756097614,3155,0.15,0.0,-0.01,0.0,0.0,0.0,0.0,0.0,0,0,0
1756097614,3156,0.05,0.0,-0.01,0.0,0.0,0.0,0.0,0.0,0,0,0
1756097614,3157,0.02,0.0,0.0,0.0,0.0,0.0,0.0,0.0,0,0,0
1756097614,3158,0.07,0.0,0.0,0.0,0.0,0.0,0.0,0.0,0,0,0
1756097614,3159,0.05,0.0,-0.01,0.0,0.0,0.0,0.0,0.0,0,0,0
1756097614,3160,0.12,0.0,-0.03,0.0,0.0,0.0,0.0,0.0,0,0,0
1756097614,3161,0.05,0.0,0.0,0.0,0.0,0.0,0.0,0.0,0,0,0
1756097614,3162,0.12,0.0,0.0,0.0,0.0,0.0,0.0,0.0,0,0,0
1756097614,3163,0.14,0.0,0.0,0.0,0.0,0.0,0.0,0.0,0,0,0
1756097614,3164,0.09,0.0,0.0,0.0,0.0,0.0,0.0,0.0,0,0,0
1756097614,3165,0.03,0.0,-0.05,0.0,0.0,0.0,0.0,0.0,0,0,0
1756097614,3166,0.15,0.0,0.0,0.0,0.0,0.0,0.0,0.0,0,0,0
1756097614,3167,0.0,0.0,-0.05,0.0,0.0,0.0,0.0,0.0,0,0,0
1756097614,3168,0.11,0.0,-0.01,0.0,0.0,0.0,0.0,0.0,0,0,0
1756097614,3169,0.09,0.0,0.0,0.0,0.0,0.0,0.0,0.0,0,0,0
1756097614,3170,0.07,0.0,0.0,0.0,0.0,0.0,0.0,0.0,0,0,0
1756097614,3171,0.12,0.0,-0.01,0.0,0.0,0.0,0.0,0.0,0,0,0
1756097614,3172,0.1,0.0,-0.01,0.0,0.0,0.0,0.0,0.0,0,0,0
1756097614,3173,0.12,0.0,0.02,0.0,0.0,0.0,0.0,0.0,0,0,0
1756097614,3174,0.14,0.0,0.0,0.0,0.0,0.0,0.0,0.0,0,0,0
1756097614,3175,0.1,0.0,-0.02,0.0,0.0,0.0,0.0,0.0,0,0,0
1756097614,3176,0.15,0.0,0.0,0.0,0.0,0.0,0.0,0.0,0,0,0
1756097614,3177,0.12,0.0,-0.01,0.0,0.0,0.0,0.0,0.0,0,0,0
1756097614,3178,0.1,0.0,0.01,0.0,0.0,0.0,0.0,0.0,0,0,0
1756097614,3179,0.11,0.0,0.0,0.0,0.0,0.0,0.0,0.0,0,0,0
1756097614,3180,0.1,0.0,0.0,0.0,0.0,0.0,0.0,0.0,0,0,0
1756097614,3181,0.14,0.0,0.1,0.0,0.0,0.0,0.0,0.0,0,0,0
1756097614,3182,0.07,0.0,0.0,0.0,0.0,0.0,0.0,0.0,0,0,0
1756097614,3183,0.12,0.0,0.0,0.0,0.0,0.0,0.0,0.0,0,0,0
1756097614,3184,0.15,0.0,0.02,0.0,0.0,0.0,0.0,0.0,0,0,0
1756097614,3185,0.05,0.0,0.0,0.0,0.0,0.0,0.0,0.0,0,0,0
1756097614,3186,0.05,0.0,-0.01,0.0,0.0,0.0,0.0,0.0,0,0,0
1756097614,3187,0.12,0.0,0.03,0.0,0.0,0.0,0.0,0.0,0,0,0
1756097614,3188,0.2,0.0,0.03,0.0,0.0,0.0,0.0,0.0,0,0,0
1756097614,3189,0.07,0.0,0.0,0.0,0.0,0.0,0.0,0.0,0,0,0
1756097615,3190,0.07,0.0,0.1,0.0,0.0,0.0,0.0,0.0,0,0,0
1756097615,3191,0.09,0.0,0.07,0.0,0.0,0.0,0.0,0.0,0,0,0
1756097615,3192,0.09,0.0,0.07,0.0,0.0,0.0,0.0,0.0,0,0,0
1756097615,3193,0.07,0.0,0.05,0.0,0.0,0.0,0.0,0.0,0,0,0
1756097615,3194,0.07,0.0,0.0,0.0,0.0,0.0,0.0,0.0,0,0,0
1756097615,3195,0.1,0.0,0.0,0.0,0.0,0.0,0.0,0.0,0,0,0
1756097615,3196,0.11,0.0,0.0,0.0,0.0,0.0,0.0,0.0,0,0,0
1756097615,3197,0.11,0.0,-0.01,0.0,0.0,0.0,0.0,0.0,0,0,0
1756097615,3198,0.1,0.0,0.0,0.0,0.0,0.0,0.0,0.0,0,0,0
1756097615,3199,0.18,0.0,0.0,0.0,0.0,0.0,0.0,0.0,0,0,0
1756097615,3200,0.07,0.0,0.0,0.0,0.0,0.0,0.0,0.0,0,0,0
1756097615,3201,0.09,0.0,-0.07,0.0,0.0,0.0,0.0,0.0,0,0,0
1756097615,3202,0.1,0.0,0.0,0.0,0.0,0.0,0.0,0.0,0,0,0
1756097615,3203,0.14,0.0,-0.03,0.0,0.0,0.0,0.0,0.0,0,0,0
1756097615,3204,0.09,0.0,-0.02,0.0,0.0,0.0,0.0,0.0,0,0,0
1756097615,3205,0.1,0.0,-0.01,0.0,0.0,0.0,0.0,0.0,0,0,0
1756097615,3206,0.1,0.0,0.0,0.0,0.0,0.0,0.0,0.0,0,0,0
1756097615,3207,0.09,0.0,0.0,0.0,0.0,0.0,0.0,0.0,0,0,0
1756097615,3208,0.12,0.0,0.0,0.0,0.0,0.0,0.0,0.0,0,0,0
1756097615,3209,0.11,0.0,0.0,0.0,0.0,0.0,0.0,0.0,0,0,0
1756097615,3210,0.12,0.0,0.0,0.0,0.0,0.0,0.0,0.0,0,0,0
1756097615,3211,0.1,0.0,0.0,0.0,0.0,0.0,0.0,0.0,0,0,0
1756097615,3212,0.15,0.0,0.0,0.0,0.0,0.0,0.0,0.0,0,0,0
1756097615,3213,0.09,0.0,0.02,0.0,0.0,0.0,0.0,0.0,0,0,0
1756097615,3214,0.12,0.0,0.0,0.0,0.0,0.0,0.0,0.0,0,0,0
1756097615,3215,0.18,0.0,0.0,0.0,0.0,0.0,0.0,0.0,0,0,0
1756097615,3216,0.05,0.0,-0.01,0.0,0.0,0.0,0.0,0.0,0,0,0
1756097615,3217,0.05,0.0,-0.02,0.0,0.0,0.0,0.0,0.0,0,0,0
1756097615,3218,0.2,0.0,-0.03,0.0,0.0,0.0,0.0,0.0,0,0,0
1756097615,3219,0.07,0.0,0.0,0.0,0.0,0.0,0.0,0.0,0,0,0
1756097615,3220,0.03,0.0,0.0,0.0,0.0,0.0,0.0,0.0,0,0,0
1756097615,3221,0.1,0.0,0.0,0.0,0.0,0.0,0.0,0.0,0,0,0
1756097615,3222,0.1,0.0,0.0,0.0,0.0,0.0,0.0,0.0,0,0,0
1756097615,3223,0.1,0.0,-0.02,0.0,0.0,0.0,0.0,0.0,0,0,0
1756097615,3224,0.15,0.0,-0.07,0.0,0.0,0.0,0.0,0.0,0,0,0
1756097615,3225,0.07,0.0,0.0,0.0,0.0,0.0,0.0,0.0,0,0,0
1756097615,3226,0.11,0.0,0.0,0.0,0.0,0.0,0.0,0.0,0,0,0
1756097615,3227,0.18,0.0,0.0,0.0,0.0,0.0,0.0,0.0,0,0,0
1756097615,3228,0.09,0.0,0.0,0.0,0.0,0.0,0.0,0.0,0,0,0
1756097615,3229,0.09,0.0,0.0,0.0,0.0,0.0,0.0,0.0,0,0,0
1756097615,3230,0.07,0.0,0.0,0.0,0.0,0.0,0.0,0.0,0,0,0
1756097615,3231,0.09,0.0,-0.05,0.0,0.0,0.0,0.0,0.0,0,0,0
1756097615,3232,0.1,0.0,0.0,0.0,0.0,0.0,0.0,0.0,0,0,0
1756097615,3233,0.07,0.0,-0.02,0.0,0.0,0.0,0.0,0.0,0,0,0
1756097615,3234,0.1,0.0,0.0,0.0,0.0,0.0,0.0,0.0,0,0,0
1756097615,3235,0.03,0.0,-0.01,0.0,0.0,0.0,0.0,0.0,0,0,0
1756097615,3236,0.14,0.0,0.0,0.0,0.0,0.0,0.0,0.0,0,0,0
1756097615,3237,0.09,0.0,0.01,0.0,0.0,0.0,0.0,0.0,0,0,0
1756097615,3238,0.11,0.0,0.0,0.0,0.0,0.0,0.0,0.0,0,0,0
1756097615,3239,0.15,0.0,-0.01,0.0,0.0,0.0,0.0,0.0,0,0,0
1756097615,3240,0.12,0.0,0.0,0.0,0.0,0.0,0.0,0.0,0,0,0
1756097615,3241,0.14,0.0,0.0,0.0,0.0,0.0,0.0,0.0,0,0,0
1756097615,3242,0.1,0.0,0.0,0.0,0.0,0.0,0.0,0.0,0,0,0
1756097615,3243,0.11,0.0,0.0,0.0,0.0,0.0,0.0,0.0,0,0,0
1756097615,3244,0.15,0.0,-0.07,0.0,0.0,0.0,0.0,0.0,0,0,0
1756097615,3245,0.1,0.0,-0.01,0.0,0.0,0.0,0.0,0.0,0,0,0
1756097615,3246,0.07,0.0,0.0,0.0,0.0,0.0,0.0,0.0,0,0,0
1756097615,3247,0.12,0.0,0.02,0.0,0.0,0.0,0.0,0.0,0,0,0
1756097615,3248,0.11,0.0,0.05,0.0,0.0,0.0,0.0,0.0,0,0,0
1756097615,3249,0.11,0.0,0.0,0.0,0.0,0.0,0.0,0.0,0,0,0
1756097615,3250,0.2,0.0,0.01,0.0,0.0,0.0,0.0,0.0,0,0,0
1756097615,3251,0.11,0.0,0.0,0.0,0.0,0.0,0.0,0.0,0,0,0
1756097615,3252,0.07,0.0,0.0,0.0,0.0,0.0,0.0,0.0,0,0,0
1756097615,3253,0.07,0.0,-0.02,0.0,0.0,0.0,0.0,0.0,0,0,0
1756097616,3254,0.11,0.0,0.0,0.0,0.0,0.0,0.0,0.0,0,0,0
1756097616,3255,0.1,0.0,0.0,0.0,0.0,0.0,0.0,0.0,0,0,0
1756097616,3256,0.11,0.0,-0.05,0.0,0.0,0.0,0.0,0.0,0,0,0
1756097616,3257,0.1,0.0,0.0,0.0,0.0,0.0,0.0,0.0,0,0,0
1756097616,3258,0.14,0.0,-0.02,0.0,0.0,0.0,0.0,0.0,0,0,0
1756097616,3259,0.09,0.0,0.0,0.0,0.0,0.0,0.0,0.0,0,0,0
1756097616,3260,0.12,0.0,0.0,0.0,0.0,0.0,0.0,0.0,0,0,0
1756097616,3261,0.1,0.0,0.0,0.0,0.0,0.0,0.0,0.0,0,0,0
1756097616,3262,0.1,0.0,0.0,0.0,0.0,0.0,0.0,0.0,0,0,0
1756097616,3263,0.07,0.0,-0.03,0.0,0.0,0.0,0.0,0.0,0,0,0
1756097616,3264,0.15,0.0,-0.01,0.0,0.0,0.0,0.0,0.0,0,0,0
1756097616,3265,0.03,0.0,-0.02,0.0,0.0,0.0,0.0,0.0,0,0,0
1756097616,3266,0.09,0.0,0.0,0.0,0.0,0.0,0.0,0.0,0,0,0
1756097616,3267,0.1,0.0,0.0,0.0,0.0,0.0,0.0,0.0,0,0,0
1756097616,3268,0.0,0.0,-0.1,0.0,0.0,0.0,0.0,0.0,0,0,0
1756097616,3269,0.17,0.0,0.0,0.0,0.0,0.0,0.0,0.0,0,0,0
1756097616,3270,0.18,0.0,-0.02,0.0,0.0,0.0,0.0,0.0,0,0,0
1756097616,3271,0.11,0.0,0.0,0.0,0.0,0.0,0.0,0.0,0,0,0
1756097616,3272,0.07,0.0,0.0,0.0,0.0,0.0,0.0,0.0,0,0,0
1756097616,3273,0.07,0.0,0.0,0.0,0.0,0.0,0.0,0.0,0,0,0
1756097616,3274,0.12,0.0,0.0,0.0,0.0,0.0,0.0,0.0,0,0,0
1756097616,3275,0.12,0.0,0.0,0.0,0.0,0.0,0.0,0.0,0,0,0
1756097616,3276,0.1,0.0,0.0,0.0,0.0,0.0,0.0,0.0,0,0,0
1756097616,3277,0.11,0.0,-0.01,0.0,0.0,0.0,0.0,0.0,0,0,0
1756097616,3278,0.17,0.0,0.0,0.0,0.0,0.0,0.0,0.0,0,0,0
1756097616,3279,0.07,0.0,0.0,0.0,0.0,0.0,0.0,0.0,0,0,0
1756097616,3280,0.12,0.0,0.0,0.0,0.0,0.0,0.0,0.0,0,0,0
1756097616,3281,0.17,0.0,-0.05,0.0,0.0,0.0,0.0,0.0,0,0,0
1756097616,3282,0.17,0.0,-0.07,0.0,0.0,0.0,0.0,0.0,0,0,0
1756097616,3283,0.02,0.0,0.03,0.0,0.0,0.0,0.0,0.0,0,0,0
1756097616,3284,0.05,0.0,-0.1,0.0,0.0,0.0,0.0,0.0,0,0,0
1756097616,3285,0.14,0.0,0.0,0.0,0.0,0.0,0.0,0.0,0,0,0
1756097616,3286,0.11,0.0,0.0,0.0,0.0,0.0,0.0,0.0,0,0,0
1756097616,3287,0.12,0.0,0.0,0.0,0.0,0.0,0.0,0.0,0,0,0
1756097616,3288,0.14,0.0,-0.03,0.0,0.0,0.0,0.0,0.0,0,0,0
1756097616,3289,0.11,0.0,0.0,0.0,0.0,0.0,0.0,0.0,0,0,0
1756097616,3290,0.1,0.0,0.0,0.0,0.0,0.0,0.0,0.0,0,0,0
1756097616,3291,0.18,0.0,-0.05,0.0,0.0,0.0,0.0,0.0,0,0,0
1756097616,3292,0.1,0.0,-0.01,0.0,0.0,0.0,0.0,0.0,0,0,0
1756097616,3293,0.1,0.0,-0.02,0.0,0.0,0.0,0.0,0.0,0,0,0
1756097616,3294,0.09,0.0,0.0,0.0,0.0,0.0,0.0,0.0,0,0,0
1756097616,3295,0.1,0.0,0.0,0.0,0.0,0.0,0.0,0.0,0,0,0
1756097616,3296,0.05,0.0,0.02,0.0,0.0,0.0,0.0,0.0,0,0,0
1756097616,3297,0.14,0.0,-0.07,0.0,0.0,0.0,0.0,0.0,0,0,0
1756097616,3298,0.12,0.0,0.0,0.0,0.0,0.0,0.0,0.0,0,0,0
1756097616,3299,0.1,0.0,-0.01,0.0,0.0,0.0,0.0,0.0,0,0,0
1756097616,3300,0.07,0.0,0.07,0.0,0.0,0.0,0.0,0.0,0,0,0
1756097616,3301,0.14,0.0,0.0,0.0,0.0,0.0,0.0,0.0,0,0,0
1756097616,3302,0.1,0.0,0.0,0.0,0.0,0.0,0.0,0.0,0,0,0
1756097616,3303,0.1,0.0,-0.01,0.0,0.0,0.0,0.0,0.0,0,0,0
1756097616,3304,0.14,0.0,0.0,0.0,0.0,0.0,0.0,0.0,0,0,0
1756097616,3305,0.1,0.0,0.0,0.0,0.0,0.0,0.0,0.0,0,0,0
1756097616,3306,0.12,0.0,0.0,0.0,0.0,0.0,0.0,0.0,0,0,0
1756097616,3307,0.1,0.0,0.0,0.0,0.0,0.0,0.0,0.0,0,0,0
1756097616,3308,0.0,0.0,0.0,0.0,0.0,0.0,0.0,0.0,0,0,0
1756097616,3309,0.14,0.0,0.0,0.0,0.0,0.0,0.0,0.0,0,0,0
1756097616,3310,0.23,0.0,-0.01,0.0,0.0,0.0,0.0,0.0,0,0,0
1756097616,3311,0.1,0.0,0.0,0.0,0.0,0.0,0.0,0.0,0,0,0
1756097616,3312,0.15,0.0,0.0,0.0,0.0,0.0,0.0,0.0,0,0,0
1756097616,3313,0.15,0.0,0.0,0.0,0.0,0.0,0.0,0.0,0,0,0
1756097616,3314,0.11,0.0,-0.01,0.0,0.0,0.0,0.0,0.0,0,0,0
1756097616,3315,0.1,0.0,0.0,0.0,0.0,0.0,0.0,0.0,0,0,0
1756097616,3316,0.15,0.0,-0.05,0.0,0.0,0.0,0.0,0.0,0,0,0
1756097616,3317,0.1,0.0,0.0,0.0,0.0,0.0,0.0,0.0,0,0,0
1756097616,3318,0.12,0.0,0.0,0.0,0.0,0.0,0.0,0.0,0,0,0
1756097616,3319,0.09,0.0,0.0,0.0,0.0,0.0,0.0,0.0,0,0,0
1756097616,3320,0.07,0.0,-0.05,0.0,0.0,0.0,0.0,0.0,0,0,0
1756097616,3321,0.15,0.0,0.0,0.0,0.0,0.0,0.0,0.0,0,0,0
1756097617,3322,0.1,0.0,0.01,0.0,0.0,0.0,0.0,0.0,0,0,0
1756097617,3323,0.03,0.0,0.0,0.0,0.0,0.0,0.0,0.0,0,0,0
1756097617,3324,0.1,0.0,0.0,0.0,0.0,0.0,0.0,0.0,0,0,0
1756097617,3325,0.14,0.0,0.01,0.0,0.0,0.0,0.0,0.0,0,0,0
1756097617,3326,0.14,0.0,-0.01,0.0,0.0,0.0,0.0,0.0,0,0,0
1756097617,3327,0.11,0.0,0.0,0.0,0.0,0.0,0.0,0.0,0,0,0
1756097617,3328,0.17,0.0,0.0,0.0,0.0,0.0,0.0,0.0,0,0,0
1756097617,3329,0.11,0.0,0.0,0.0,0.0,0.0,0.0,0.0,0,0,0
1756097617,3330,0.07,0.0,0.0,0.0,0.0,0.0,0.0,0.0,0,0,0
1756097617,3331,0.12,0.0,-0.03,0.0,0.0,0.0,0.0,0.0,0,0,0
1756097617,3332,0.1,0.0,-0.03,0.0,0.0,0.0,0.0,0.0,0,0,0
1756097617,3333,0.15,0.0,-0.02,0.0,0.0,0.0,0.0,0.0,0,0,0
1756097617,3334,0.2,0.0,-0.02,0.0,0.0,0.0,0.0,0.0,0,0,0
1756097617,3335,0.1,0.0,0.0,0.0,0.0,0.0,0.0,0.0,0,0,0
1756097617,3336,0.02,0.0,0.0,0.0,0.0,0.0,0.0,0.0,0,0,0
1756097617,3337,0.1,0.0,-0.07,0.0,0.0,0.0,0.0,0.0,0,0,0
1756097617,3338,0.07,0.0,0.0,0.0,0.0,0.0,0.0,0.0,0,0,0
1756097617,3339,0.17,0.0,-0.01,0.0,0.0,0.0,0.0,0.0,0,0,0
1756097617,3340,0.07,0.0,0.0,0.0,0.0,0.0,0.0,0.0,0,0,0
1756097617,3341,0.05,0.0,0.0,0.0,0.0,0.0,0.0,0.0,0,0,0
1756097617,3342,0.14,0.0,-0.01,0.0,0.0,0.0,0.0,0.0,0,0,0
1756097617,3343,0.07,0.0,0.0,0.0,0.0,0.0,0.0,0.0,0,0,0
1756097617,3344,0.11,0.0,-0.01,0.0,0.0,0.0,0.0,0.0,0,0,0
1756097617,3345,0.15,0.0,0.07,0.0,0.0,0.0,0.0,0.0,0,0,0
1756097617,3346,0.07,0.0,-0.11,0.0,0.0,0.0,0.0,0.0,0,0,0
1756097617,3347,0.15,0.0,0.0,0.0,0.0,0.0,0.0,0.0,0,0,0
1756097617,3348,0.1,0.0,0.0,0.0,0.0,0.0,0.0,0.0,0,0,0
1756097617,3349,0.07,0.0,-0.01,0.0,0.0,0.0,0.0,0.0,0,0,0
1756097617,3350,0.07,0.0,0.0,0.0,0.0,0.0,0.0,0.0,0,0,0
1756097617,3351,0.1,0.0,0.0,0.0,0.0,0.0,0.0,0.0,0,0,0
1756097617,3352,0.11,0.0,0.0,0.0,0.0,0.0,0.0,0.0,0,0,0
1756097617,3353,0.12,0.0,-0.02,0.0,0.0,0.0,0.0,0.0,0,0,0
1756097617,3354,0.15,0.0,0.0,0.0,0.0,0.0,0.0,0.0,0,0,0
1756097617,3355,0.1,0.0,0.0,0.0,0.0,0.0,0.0,0.0,0,0,0
1756097617,3356,0.09,0.0,-0.1,0.0,0.0,0.0,0.0,0.0,0,0,0
1756097617,3357,0.07,0.0,-0.1,0.0,0.0,0.0,0.0,0.0,0,0,0
1756097617,3358,0.07,0.0,-0.15,0.0,0.0,0.0,0.0,0.0,0,0,0
1756097617,3359,0.1,0.0,0.0,0.0,0.0,0.0,0.0,0.0,0,0,0
1756097617,3360,0.1,0.0,0.0,0.0,0.0,0.0,0.0,0.0,0,0,0
1756097617,3361,0.1,0.0,0.07,0.0,0.0,0.0,0.0,0.0,0,0,0
1756097617,3362,0.09,0.0,0.05,0.0,0.0,0.0,0.0,0.0,0,0,0
1756097617,3363,0.11,0.0,0.03,0.0,0.0,0.0,0.0,0.0,0,0,0
1756097617,3364,0.14,0.0,-0.05,0.0,0.0,0.0,0.0,0.0,0,0,0
1756097617,3365,0.12,0.0,0.09,0.0,0.0,0.0,0.0,7.19,0,0,0
1756097617,3366,0.1,0.0,0.15,0.0,0.0,0.0,0.0,17.96,0,0,0
1756097617,3367,0.05,0.0,0.18,0.0,0.0,0.0,0.0,29.05,0,0,0
1756097617,3368,0.12,0.0,0.18,0.0,0.0,0.0,0.0,44.99,0,0,0
1756097617,3369,0.11,0.0,0.02,0.0,0.0,0.0,0.0,59.97,0,0,0
1756097617,3370,0.07,0.0,0.07,0.0,0.0,0.0,0.0,63.95,0,0,0
1756097617,3371,0.11,0.0,0.0,0.0,0.0,0.0,0.0,62.5,0,0,0
1756097617,3372,0.1,0.0,0.0,0.0,0.0,0.0,0.0,56.75,0,0,0
1756097617,3373,0.14,0.0,0.0,0.0,0.0,0.0,0.0,47.97,0,0,0
1756097617,3374,0.15,0.0,0.05,0.0,0.0,0.0,0.0,38.86,0,0,0
1756097617,3375,0.1,0.0,0.07,0.0,0.0,0.0,0.0,16.61,0,0,0
1756097617,3376,0.14,0.0,0.0,0.0,0.0,0.0,0.0,7.36,0,0,0
1756097617,3377,0.1,0.0,-0.02,0.0,0.0,0.0,0.0,0.0,0,0,0
1756097617,3378,0.14,0.0,-0.07,0.0,0.0,0.0,0.0,0.0,0,0,0
1756097617,3379,0.14,0.0,-0.05,0.0,0.0,0.0,0.0,0.0,0,0,0
1756097617,3380,0.07,0.0,0.01,0.0,0.0,0.0,0.0,0.0,0,0,0
1756097617,3381,0.14,0.0,0.03,0.0,0.0,0.0,0.0,0.0,0,0,0
1756097617,3382,0.1,0.0,0.03,0.0,0.0,0.0,0.0,0.0,0,0,0
1756097617,3383,0.17,0.0,0.0,0.0,0.0,0.0,0.0,0.0,0,0,0
1756097617,3384,0.1,0.0,-0.03,0.0,0.0,0.0,0.0,0.0,0,0,0
1756097617,3385,0.18,0.0,-0.01,0.0,0.0,0.0,0.0,0.0,0,0,0
1756097617,3386,0.1,0.0,0.05,0.0,0.0,0.0,0.0,0.0,0,0,0
1756097617,3387,0.11,0.0,0.03,0.0,0.0,0.0,0.0,0.0,0,0,0
1756097617,3388,0.15,0.0,0.03,0.0,0.0,0.0,0.0,0.0,0,0,0
1756097617,3389,0.07,0.0,0.1,0.0,0.0,0.0,0.0,0.0,0,0,0
1756097618,3390,0.05,0.0,0.11,0.0,0.0,0.0,0.0,0.0,0,0,0
1756097618,3391,0.15,0.0,0.05,0.0,0.0,0.0,0.0,11.25,0,0,0
1756097618,3392,0.18,0.0,-0.02,0.0,0.0,0.0,0.0,23.2,0,0,0
1756097618,3393,0.09,0.0,-0.05,0.0,0.0,0.0,0.0,33.56,0,0,0
1756097618,3394,0.15,0.0,0.0,0.0,0.0,0.0,0.0,56.56,0,0,0
1756097618,3395,0.07,0.0,-0.07,0.0,0.0,0.0,0.0,66.27,0,0,0
1756097618,3396,0.1,0.0,0.0,0.0,0.0,0.0,0.0,69.36,0,0,0
1756097618,3397,0.09,0.0,-0.05,0.0,0.0,0.0,0.0,68.8,0,0,0
1756097618,3398,0.1,0.0,-0.05,0.0,0.0,0.0,0.0,65.43,0,0,0
1756097618,3399,0.18,0.0,-0.07,0.0,0.0,0.0,0.0,59.97,0,0,0
1756097618,3400,0.12,0.0,-0.03,0.0,0.0,0.0,0.0,51.97,0,0,0
1756097618,3401,0.2,0.0,-0.02,0.0,0.0,0.0,0.0,41.2,0,0,0
1756097618,3402,0.05,0.0,0.0,0.0,0.0,0.0,0.0,20.03,0,0,0
1756097618,3403,0.07,0.0,-0.02,0.0,0.0,0.0,0.0,8.48,0,0,0
1756097618,3404,0.0,0.0,-0.05,0.0,0.0,0.0,0.0,0.0,0,0,0
1756097618,3405,0.02,0.0,0.0,0.0,0.0,0.0,0.0,0.0,0,0,0
1756097618,3406,0.09,0.0,0.0,0.0,0.0,0.0,0.0,0.0,0,0,0
1756097618,3407,0.2,0.0,-0.09,0.0,0.0,0.0,0.0,0.0,0,0,0
1756097618,3408,0.17,0.0,-0.05,0.0,0.0,0.0,0.0,0.0,0,0,0
1756097618,3409,0.02,0.0,0.0,0.0,0.0,0.0,0.0,0.0,0,0,0
1756097618,3410,0.07,0.0,0.05,0.0,0.0,0.0,0.0,0.0,0,0,0
1756097618,3411,0.11,0.0,0.02,0.0,0.0,0.0,0.0,0.0,0,0,0
1756097618,3412,0.18,0.0,0.02,0.0,0.0,0.0,0.0,0.0,0,0,0
1756097618,3413,0.07,0.0,0.14,0.0,0.0,0.0,0.0,0.0,0,0,0
1756097618,3414,0.1,0.0,0.17,0.0,0.0,0.0,0.0,0.0,0,0,0
1756097618,3415,0.11,0.0,0.02,0.0,0.0,0.0,0.0,2.58,0,0,0
1756097618,3416,0.09,0.0,-0.03,0.0,0.0,0.0,0.0,11.39,0,0,0
1756097618,3417,0.1,0.0,-0.07,0.0,0.0,0.0,0.0,18.87,0,0,0
1756097618,3418,0.12,0.0,-0.07,0.0,0.0,0.0,0.0,23.65,0,0,0
1756097618,3419,0.1,0.0,-0.05,0.0,0.0,0.0,0.0,24.67,0,0,0
1756097618,3420,0.05,0.0,-0.05,0.0,0.0,0.0,0.0,21.53,0,0,0
1756097618,3421,0.12,0.0,-0.09,0.0,0.0,0.0,0.0,12.56,0,0,0
1756097618,3422,0.03,0.0,-0.05,0.0,0.0,0.0,0.0,0.0,0,0,0
1756097618,3423,0.17,0.0,-0.07,0.0,0.0,0.0,0.0,0.0,0,0,0
1756097618,3424,0.03,0.0,0.0,0.0,0.0,0.0,0.0,0.0,0,0,0
1756097618,3425,0.07,0.0,0.0,0.0,0.0,0.0,0.0,0.0,0,0,0
1756097618,3426,0.07,0.0,0.0,0.0,0.0,0.0,0.0,0.0,0,0,0
1756097618,3427,0.1,0.0,0.03,0.0,0.0,0.0,0.0,0.0,0,0,0
1756097618,3428,0.07,0.0,0.0,0.0,0.0,0.0,0.0,0.0,0,0,0
1756097618,3429,0.1,0.0,0.0,0.0,0.0,0.0,0.0,0.0,0,0,0
1756097618,3430,0.1,0.0,-0.03,0.0,0.0,0.0,0.0,0.0,0,0,0
1756097618,3431,0.11,0.0,0.0,0.0,0.0,0.0,0.0,0.0,0,0,0
1756097618,3432,0.1,0.0,0.0,0.0,0.0,0.0,0.0,0.0,0,0,0
1756097618,3433,0.11,0.0,0.0,0.0,0.0,0.0,0.0,0.0,0,0,0
1756097618,3434,0.05,0.0,0.0,0.0,0.0,0.0,0.0,0.0,0,0,0
1756097618,3435,0.1,0.0,0.0,0.0,0.0,0.0,0.0,0.0,0,0,0
1756097618,3436,0.01,0.0,0.0,0.0,0.0,0.0,0.0,0.0,0,0,0
1756097618,3437,0.18,0.0,0.0,0.0,0.0,0.0,0.0,0.0,0,0,0
1756097618,3438,0.18,0.0,0.0,0.0,0.0,0.0,0.0,0.0,0,0,0
1756097618,3439,0.12,0.0,0.0,0.0,0.0,0.0,0.0,0.0,0,0,0
1756097618,3440,0.15,0.0,-0.02,0.0,0.0,0.0,0.0,0.0,0,0,0
1756097618,3441,0.18,0.0,0.0,0.0,0.0,0.0,0.0,0.0,0,0,0
1756097618,3442,0.14,0.0,0.0,0.0,0.0,0.0,0.0,0.0,0,0,0
1756097618,3443,0.09,0.0,0.02,0.0,0.0,0.0,0.0,0.0,0,0,0
1756097618,3444,0.15,0.0,-0.03,0.0,0.0,0.0,0.0,0.0,0,0,0
1756097618,3445,0.01,0.0,-0.02,0.0,0.0,0.0,0.0,0.0,0,0,0
1756097618,3446,0.2,0.0,0.0,0.0,0.0,0.0,0.0,0.0,0,0,0
1756097618,3447,0.14,0.0,0.0,0.0,0.0,0.0,0.0,0.0,0,0,0
1756097618,3448,0.17,0.0,0.0,0.0,0.0,0.0,0.0,0.0,0,0,0
1756097618,3449,0.17,0.0,0.0,0.0,0.0,0.0,0.0,0.0,0,0,0
1756097618,3450,0.12,0.0,-0.02,0.0,0.0,0.0,0.0,0.0,0,0,0
1756097618,3451,0.12,0.0,0.0,0.0,0.0,0.0,0.0,0.0,0,0,0
1756097618,3452,0.14,0.0,-0.01,0.0,0.0,0.0,0.0,0.0,0,0,0
1756097619,3453,0.09,0.0,-0.01,0.0,0.0,0.0,0.0,0.0,0,0,0
1756097619,3454,0.11,0.0,0.0,0.0,0.0,0.0,0.0,0.0,0,0,0
1756097619,3455,0.1,0.0,0.0,0.0,0.0,0.0,0.0,0.0,0,0,0
1756097619,3456,0.09,0.0,-0.07,0.0,0.0,0.0,0.0,0.0,0,0,0
1756097619,3457,0.1,0.0,0.0,0.0,0.0,0.0,0.0,0.0,0,0,0
1756097619,3458,0.1,0.0,0.0,0.0,0.0,0.0,0.0,0.0,0,0,0
1756097619,3459,0.1,0.0,-0.02,0.0,0.0,0.0,0.0,0.0,0,0,0
1756097619,3460,0.05,0.0,0.01,0.0,0.0,0.0,0.0,0.0,0,0,0
1756097619,3461,0.15,0.0,-0.02,0.0,0.0,0.0,0.0,0.0,0,0,0
1756097619,3462,0.1,0.0,-0.03,0.0,0.0,0.0,0.0,0.0,0,0,0
1756097619,3463,0.12,0.0,0.0,0.0,0.0,0.0,0.0,0.0,0,0,0
1756097619,3464,0.11,0.0,0.0,0.0,0.0,0.0,0.0,0.0,0,0,0
1756097619,3465,0.12,0.0,0.0,0.0,0.0,0.0,0.0,0.0,0,0,0
1756097619,3466,0.15,0.0,0.0,0.0,0.0,0.0,0.0,0.0,0,0,0
1756097619,3467,0.09,0.0,-0.01,0.0,0.0,0.0,0.0,0.0,0,0,0
1756097619,3468,0.05,0.0,0.0,0.0,0.0,0.0,0.0,0.0,0,0,0
1756097619,3469,0.11,0.0,0.0,0.0,0.0,0.0,0.0,0.0,0,0,0
1756097619,3470,0.11,0.0,0.02,0.0,0.0,0.0,0.0,0.0,0,0,0
1756097619,3471,0.18,0.0,0.0,0.0,0.0,0.0,0.0,0.0,0,0,0
1756097619,3472,0.15,0.0,0.0,0.0,0.0,0.0,0.0,0.0,0,0,0
1756097619,3473,0.09,0.0,0.0,0.0,0.0,0.0,0.0,0.0,0,0,0
1756097619,3474,0.18,0.0,0.0,0.0,0.0,0.0,0.0,0.0,0,0,0
1756097619,3475,0.12,0.0,0.0,0.0,0.0,0.0,0.0,0.0,0,0,0
1756097619,3476,0.15,0.0,0.0,0.0,0.0,0.0,0.0,0.0,0,0,0
1756097619,3477,0.11,0.0,-0.01,0.0,0.0,0.0,0.0,0.0,0,0,0
1756097619,3478,0.1,0.0,-0.01,0.0,0.0,0.0,0.0,0.0,0,0,0
1756097619,3479,0.1,0.0,0.0,0.0,0.0,0.0,0.0,0.0,0,0,0
1756097619,3480,0.1,0.0,0.01,0.0,0.0,0.0,0.0,0.0,0,0,0
1756097619,3481,0.12,0.0,0.0,0.0,0.0,0.0,0.0,0.0,0,0,0
1756097619,3482,0.09,0.0,0.0,0.0,0.0,0.0,0.0,0.0,0,0,0
1756097619,3483,0.14,0.0,0.0,0.0,0.0,0.0,0.0,0.0,0,0,0
1756097619,3484,0.15,0.0,0.0,0.0,0.0,0.0,0.0,0.0,0,0,0
1756097619,3485,0.07,0.0,0.0,0.0,0.0,0.0,0.0,0.0,0,0,0
1756097619,3486,0.07,0.0,0.0,0.0,0.0,0.0,0.0,0.0,0,0,0
1756097619,3487,0.09,0.0,0.02,0.0,0.0,0.0,0.0,0.0,0,0,0
1756097619,3488,0.14,0.0,0.0,0.0,0.0,0.0,0.0,0.0,0,0,0
1756097619,3489,0.0,0.0,-0.01,0.0,0.0,0.0,0.0,0.0,0,0,0
1756097619,3490,0.18,0.0,-0.05,0.0,0.0,0.0,0.0,0.0,0,0,0
1756097619,3491,0.11,0.0,0.0,0.0,0.0,0.0,0.0,0.0,0,0,0
1756097619,3492,0.15,0.0,0.01,0.0,0.0,0.0,0.0,0.0,0,0,0
1756097619,3493,0.11,0.0,-0.01,0.0,0.0,0.0,0.0,0.0,0,0,0
1756097619,3494,0.15,0.0,0.0,0.0,0.0,0.0,0.0,0.0,0,0,0
1756097619,3495,0.07,0.0,0.01,0.0,0.0,0.0,0.0,0.0,0,0,0
1756097619,3496,0.12,0.0,0.0,0.0,0.0,0.0,0.0,0.0,0,0,0
1756097619,3497,0.07,0.0,-0.03,0.0,0.0,0.0,0.0,0.0,0,0,0
1756097619,3498,0.11,0.0,0.0,0.0,0.0,0.0,0.0,0.0,0,0,0
1756097619,3499,0.11,0.0,0.0,0.0,0.0,0.0,0.0,0.0,0,0,0
1756097619,3500,0.15,0.0,-0.02,0.0,0.0,0.0,0.0,0.0,0,0,0
1756097619,3501,0.11,0.0,0.05,0.0,0.0,0.0,0.0,0.0,0,0,0
1756097619,3502,0.11,0.0,-0.02,0.0,0.0,0.0,0.0,0.0,0,0,0
1756097619,3503,0.15,0.0,0.0,0.0,0.0,0.0,0.0,0.0,0,0,0
1756097619,3504,0.14,0.0,0.0,0.0,0.0,0.0,0.0,0.0,0,0,0
1756097619,3505,0.12,0.0,-0.02,0.0,0.0,0.0,0.0,0.0,0,0,0
1756097619,3506,0.15,0.0,0.0,0.0,0.0,0.0,0.0,0.0,0,0,0
1756097619,3507,0.14,0.0,-0.02,0.0,0.0,0.0,0.0,0.0,0,0,0
1756097619,3508,0.15,0.0,-0.01,0.0,0.0,0.0,0.0,0.0,0,0,0
1756097619,3509,0.15,0.0,-0.01,0.0,0.0,0.0,0.0,0.0,0,0,0
1756097619,3510,0.12,0.0,0.02,0.0,0.0,0.0,0.0,0.0,0,0,0
1756097619,3511,0.07,0.0,0.0,0.0,0.0,0.0,0.0,0.0,0,0,0
1756097619,3512,0.11,0.0,0.0,0.0,0.0,0.0,0.0,0.0,0,0,0
1756097619,3513,0.05,0.0,0.0,0.0,0.0,0.0,0.0,0.0,0,0,0
1756097619,3514,0.1,0.0,-0.01,0.0,0.0,0.0,0.0,0.0,0,0,0
1756097619,3515,0.14,0.0,-0.05,0.0,0.0,0.0,0.0,0.0,0,0,0
1756097619,3516,0.15,0.0,-0.03,0.0,0.0,0.0,0.0,0.0,0,0,0
1756097619,3517,0.09,0.0,-0.07,0.0,0.0,0.0,0.0,0.0,0,0,0
1756097619,3518,0.18,0.0,-0.05,0.0,0.0,0.0,0.0,0.0,0,0,0
1756097619,3519,0.12,0.0,0.03,0.0,0.0,0.0,0.0,0.0,0,0,0
1756097620,3520,0.12,0.0,-0.02,0.0,0.0,0.0,0.0,0.0,0,0,0
1756097620,3521,0.14,0.0,-0.03,0.0,0.0,0.0,0.0,0.0,0,0,0
1756097620,3522,0.1,0.0,0.0,0.0,0.0,0.0,0.0,0.0,0,0,0
1756097620,3523,0.1,0.0,0.0,0.0,0.0,0.0,0.0,0.0,0,0,0
1756097620,3524,0.09,0.0,0.0,0.0,0.0,0.0,0.0,0.0,0,0,0
1756097620,3525,0.18,0.0,-0.01,0.0,0.0,0.0,0.0,0.0,0,0,0
1756097620,3526,0.07,0.0,-0.01,0.0,0.0,0.0,0.0,0.0,0,0,0
1756097620,3527,0.1,0.0,0.01,0.0,0.0,0.0,0.0,0.0,0,0,0
1756097620,3528,0.12,0.0,-0.01,0.0,0.0,0.0,0.0,0.0,0,0,0
1756097620,3529,0.1,0.0,0.0,0.0,0.0,0.0,0.0,0.0,0,0,0
1756097620,3530,0.14,0.0,-0.02,0.0,0.0,0.0,0.0,0.0,0,0,0
1756097620,3531,0.05,0.0,0.01,0.0,0.0,0.0,0.0,0.0,0,0,0
1756097620,3532,0.07,0.0,0.01,0.0,0.0,0.0,0.0,0.0,0,0,0
1756097620,3533,0.12,0.0,-0.02,0.0,0.0,0.0,0.0,0.0,0,0,0
1756097620,3534,0.1,0.0,0.0,0.0,0.0,0.0,0.0,0.0,0,0,0
1756097620,3535,0.11,0.0,0.0,0.0,0.0,0.0,0.0,0.0,0,0,0
1756097620,3536,0.1,0.0,0.0,0.0,0.0,0.0,0.0,0.0,0,0,0
1756097620,3537,0.09,0.0,0.0,0.0,0.0,0.0,0.0,0.0,0,0,0
1756097620,3538,0.09,0.0,0.0,0.0,0.0,0.0,0.0,0.0,0,0,0
1756097620,3539,0.1,0.0,-0.02,0.0,0.0,0.0,0.0,0.0,0,0,0
1756097620,3540,0.15,0.0,0.0,0.0,0.0,0.0,0.0,0.0,0,0,0
1756097620,3541,0.1,0.0,-0.03,0.0,0.0,0.0,0.0,0.0,0,0,0
1756097620,3542,0.09,0.0,0.02,0.0,0.0,0.0,0.0,0.0,0,0,0
1756097620,3543,0.15,0.0,0.0,0.0,0.0,0.0,0.0,0.0,0,0,0
1756097620,3544,0.1,0.0,0.0,0.0,0.0,0.0,0.0,0.0,0,0,0
1756097620,3545,0.05,0.0,0.0,0.0,0.0,0.0,0.0,0.0,0,0,0
1756097620,3546,0.05,0.0,0.05,0.0,0.0,0.0,0.0,0.0,0,0,0
1756097620,3547,0.1,0.0,-0.01,0.0,0.0,0.0,0.0,0.0,0,0,0
1756097620,3548,0.07,0.0,0.0,0.0,0.0,0.0,0.0,0.0,0,0,0
1756097620,3549,0.11,0.0,0.01,0.0,0.0,0.0,0.0,0.0,0,0,0
1756097620,3550,0.1,0.0,-0.01,0.0,0.0,0.0,0.0,0.0,0,0,0
1756097620,3551,0.15,0.0,0.0,0.0,0.0,0.0,0.0,0.0,0,0,0
1756097620,3552,0.12,0.0,0.0,0.0,0.0,0.0,0.0,0.0,0,0,0
1756097620,3553,0.07,0.0,-0.02,0.0,0.0,0.0,0.0,0.0,0,0,0
1756097620,3554,0.03,0.0,0.0,0.0,0.0,0.0,0.0,0.0,0,0,0
1756097620,3555,0.1,0.0,-0.05,0.0,0.0,0.0,0.0,0.0,0,0,0
1756097620,3556,0.15,0.0,0.02,0.0,0.0,0.0,0.0,0.0,0,0,0
1756097620,3557,0.1,0.0,0.0,0.0,0.0,0.0,0.0,0.0,0,0,0
1756097620,3558,0.1,0.0,0.0,0.0,0.0,0.0,0.0,0.0,0,0,0
1756097620,3559,0.12,0.0,0.0,0.0,0.0,0.0,0.0,0.0,0,0,0
1756097620,3560,0.15,0.0,-0.01,0.0,0.0,0.0,0.0,0.0,0,0,0
1756097620,3561,0.15,0.0,0.0,0.0,0.0,0.0,0.0,0.0,0,0,0
1756097620,3562,0.12,0.0,0.0,0.0,0.0,0.0,0.0,0.0,0,0,0
1756097620,3563,0.05,0.0,-0.01,0.0,0.0,0.0,0.0,0.0,0,0,0
1756097620,3564,0.11,0.0,-0.02,0.0,0.0,0.0,0.0,0.0,0,0,0
1756097620,3565,0.09,0.0,0.0,0.0,0.0,0.0,0.0,0.0,0,0,0
1756097620,3566,0.14,0.0,0.0,0.0,0.0,0.0,0.0,0.0,0,0,0
1756097620,3567,0.09,0.0,0.01,0.0,0.0,0.0,0.0,0.0,0,0,0
1756097620,3568,0.15,0.0,-0.01,0.0,0.0,0.0,0.0,0.0,0,0,0
1756097620,3569,0.07,0.0,-0.01,0.0,0.0,0.0,0.0,0.0,0,0,0
1756097620,3570,0.11,0.0,-0.01,0.0,0.0,0.0,0.0,0.0,0,0,0
1756097620,3571,0.07,0.0,0.0,0.0,0.0,0.0,0.0,0.0,0,0,0
1756097620,3572,0.1,0.0,0.0,0.0,0.0,0.0,0.0,0.0,0,0,0
1756097620,3573,0.14,0.0,-0.02,0.0,0.0,0.0,0.0,0.0,0,0,0
1756097620,3574,0.12,0.0,0.0,0.0,0.0,0.0,0.0,0.0,0,0,0
1756097620,3575,0.15,0.0,0.0,0.0,0.0,0.0,0.0,0.0,0,0,0
1756097620,3576,0.07,0.0,0.0,0.0,0.0,0.0,0.0,0.0,0,0,0
1756097620,3577,0.09,0.0,0.0,0.0,0.0,0.0,0.0,0.0,0,0,0
1756097620,3578,0.14,0.0,0.01,0.0,0.0,0.0,0.0,0.0,0,0,0
1756097620,3579,0.17,0.0,-0.09,0.0,0.0,0.0,0.0,0.0,0,0,0
1756097620,3580,0.05,0.0,0.0,0.0,0.0,0.0,0.0,0.0,0,0,0
1756097620,3581,0.12,0.0,0.0,0.0,0.0,0.0,0.0,0.0,0,0,0
1756097620,3582,0.09,0.0,0.0,0.0,0.0,0.0,0.0,0.0,0,0,0
1756097620,3583,0.21,0.0,0.0,0.0,0.0,0.0,0.0,0.0,0,0,0
1756097620,3584,0.15,0.0,0.0,0.0,0.0,0.0,0.0,0.0,0,0,0
1756097620,3585,0.01,0.0,0.0,0.0,0.0,0.0,0.0,0.0,0,0,0
1756097620,3586,0.05,0.0,-0.05,0.0,0.0,0.0,0.0,0.0,0,0,0
1756097621,3587,0.07,0.0,0.0,0.0,0.0,0.0,0.0,0.0,0,0,0
1756097621,3588,0.12,0.0,0.05,0.0,0.0,0.0,0.0,0.0,0,0,0
1756097621,3589,0.07,0.0,0.0,0.0,0.0,0.0,0.0,0.0,0,0,0
1756097621,3590,0.15,0.0,0.0,0.0,0.0,0.0,0.0,0.0,0,0,0
1756097621,3591,0.14,0.0,0.0,0.0,0.0,0.0,0.0,0.0,0,0,0
1756097621,3592,0.1,0.0,-0.01,0.0,0.0,0.0,0.0,0.0,0,0,0
1756097621,3593,0.1,0.0,0.0,0.0,0.0,0.0,0.0,0.0,0,0,0
1756097621,3594,0.07,0.0,0.01,0.0,0.0,0.0,0.0,0.0,0,0,0
1756097621,3595,0.12,0.0,0.0,0.0,0.0,0.0,0.0,0.0,0,0,0
1756097621,3596,0.11,0.0,0.0,0.0,0.0,0.0,0.0,0.0,0,0,0
1756097621,3597,0.14,0.0,0.0,0.0,0.0,0.0,0.0,0.0,0,0,0
1756097621,3598,0.03,0.0,0.0,0.0,0.0,0.0,0.0,0.0,0,0,0
1756097621,3599,0.17,0.0,0.07,0.0,0.0,0.0,0.0,0.0,0,0,0
1756097621,3600,0.09,0.0,0.0,0.0,0.0,0.0,0.0,0.0,0,0,0
1756097621,3601,0.17,0.0,0.0,0.0,0.0,0.0,0.0,0.0,0,0,0
1756097621,3602,0.14,0.0,-0.02,0.0,0.0,0.0,0.0,0.0,0,0,0
1756097621,3603,0.12,0.0,0.0,0.0,0.0,0.0,0.0,0.0,0,0,0
1756097621,3604,0.11,0.0,0.0,0.0,0.0,0.0,0.0,0.0,0,0,0
1756097621,3605,0.11,0.0,-0.01,0.0,0.0,0.0,0.0,0.0,0,0,0
1756097621,3606,0.14,0.0,-0.02,0.0,0.0,0.0,0.0,0.0,0,0,0
1756097621,3607,0.1,0.0,0.0,0.0,0.0,0.0,0.0,0.0,0,0,0
1756097621,3608,0.14,0.0,0.02,0.0,0.0,0.0,0.0,0.0,0,0,0
1756097621,3609,0.1,0.0,0.0,0.0,0.0,0.0,0.0,0.0,0,0,0
1756097621,3610,0.1,0.0,-0.07,0.0,0.0,0.0,0.0,0.0,0,0,0
1756097621,3611,0.1,0.0,0.0,0.0,0.0,0.0,0.0,0.0,0,0,0
1756097621,3612,0.1,0.0,-0.01,0.0,0.0,0.0,0.0,0.0,0,0,0
1756097621,3613,0.1,0.0,-0.03,0.0,0.0,0.0,0.0,0.0,0,0,0
1756097621,3614,0.1,0.0,0.0,0.0,0.0,0.0,0.0,0.0,0,0,0
1756097621,3615,0.14,0.0,0.0,0.0,0.0,0.0,0.0,0.0,0,0,0
1756097621,3616,0.1,0.0,0.0,0.0,0.0,0.0,0.0,0.0,0,0,0
1756097621,3617,0.07,0.0,-0.02,0.0,0.0,0.0,0.0,0.0,0,0,0
1756097621,3618,0.11,0.0,-0.05,0.0,0.0,0.0,0.0,0.0,0,0,0
1756097621,3619,0.11,0.0,-0.02,0.0,0.0,0.0,0.0,0.0,0,0,0
1756097621,3620,0.12,0.0,0.07,0.0,0.0,0.0,0.0,0.0,0,0,0
1756097621,3621,0.1,0.0,0.0,0.0,0.0,0.0,0.0,0.0,0,0,0
1756097621,3622,0.11,0.0,-0.01,0.0,0.0,0.0,0.0,0.0,0,0,0
1756097621,3623,0.07,0.0,0.0,0.0,0.0,0.0,0.0,0.0,0,0,0
1756097621,3624,0.11,0.0,0.0,0.0,0.0,0.0,0.0,0.0,0,0,0
1756097621,3625,0.1,0.0,-0.03,0.0,0.0,0.0,0.0,0.0,0,0,0
1756097621,3626,0.09,0.0,0.0,0.0,0.0,0.0,0.0,0.0,0,0,0
1756097621,3627,0.05,0.0,0.0,0.0,0.0,0.0,0.0,0.0,0,0,0
1756097621,3628,0.07,0.0,0.0,0.0,0.0,0.0,0.0,0.0,0,0,0
1756097621,3629,0.12,0.0,0.0,0.0,0.0,0.0,0.0,0.0,0,0,0
1756097621,3630,0.03,0.0,-0.01,0.0,0.0,0.0,0.0,0.0,0,0,0
1756097621,3631,0.1,0.0,0.0,0.0,0.0,0.0,0.0,0.0,0,0,0
1756097621,3632,0.18,0.0,-0.01,0.0,0.0,0.0,0.0,0.0,0,0,0
1756097621,3633,0.09,0.0,0.0,0.0,0.0,0.0,0.0,0.0,0,0,0
1756097621,3634,0.1,0.0,-0.02,0.0,0.0,0.0,0.0,0.0,0,0,0
1756097621,3635,0.15,0.0,-0.01,0.0,0.0,0.0,0.0,0.0,0,0,0
1756097621,3636,0.05,0.0,-0.05,0.0,0.0,0.0,0.0,0.0,0,0,0
1756097621,3637,0.05,0.0,-0.15,0.0,0.0,0.0,0.0,0.0,0,0,0
1756097621,3638,0.1,0.0,0.0,0.0,0.0,0.0,0.0,0.0,0,0,0
1756097621,3639,0.14,0.0,-0.03,0.0,0.0,0.0,0.0,0.0,0,0,0
1756097621,3640,0.12,0.0,0.0,0.0,0.0,0.0,0.0,0.0,0,0,0
1756097621,3641,0.1,0.0,-0.01,0.0,0.0,0.0,0.0,0.0,0,0,0
1756097621,3642,0.05,0.0,0.0,0.0,0.0,0.0,0.0,0.0,0,0,0
1756097621,3643,0.17,0.0,0.0,0.0,0.0,0.0,0.0,0.0,0,0,0
1756097621,3644,0.12,0.0,-0.05,0.0,0.0,0.0,0.0,0.0,0,0,0
1756097621,3645,0.07,0.0,0.0,0.0,0.0,0.0,0.0,0.0,0,0,0
1756097621,3646,0.14,0.0,0.0,0.0,0.0,0.0,0.0,0.0,0,0,0
1756097621,3647,0.15,0.0,0.0,0.0,0.0,0.0,0.0,0.0,0,0,0
1756097621,3648,0.09,0.0,0.0,0.0,0.0,0.0,0.0,0.0,0,0,0
1756097621,3649,0.1,0.0,0.0,0.0,0.0,0.0,0.0,0.0,0,0,0
1756097622,3650,0.1,0.0,0.0,0.0,0.0,0.0,0.0,0.0,0,0,0
1756097622,3651,0.12,0.0,-0.05,0.0,0.0,0.0,0.0,0.0,0,0,0
1756097622,3652,0.12,0.0,-0.02,0.0,0.0,0.0,0.0,0.0,0,0,0
1756097622,3653,0.11,0.0,0.0,0.0,0.0,0.0,0.0,0.0,0,0,0
1756097622,3654,0.18,0.0,0.03,0.0,0.0,0.0,0.0,0.0,0,0,0
1756097622,3655,0.15,0.0,0.01,0.0,0.0,0.0,0.0,0.0,0,0,0
1756097622,3656,0.09,0.0,0.01,0.0,0.0,0.0,0.0,0.0,0,0,0
1756097622,3657,0.12,0.0,0.0,0.0,0.0,0.0,0.0,0.0,0,0,0
1756097622,3658,0.02,0.0,0.02,0.0,0.0,0.0,0.0,0.0,0,0,0
1756097622,3659,0.15,0.0,-0.03,0.0,0.0,0.0,0.0,0.0,0,0,0
1756097622,3660,0.1,0.0,-0.02,0.0,0.0,0.0,0.0,0.0,0,0,0
1756097622,3661,0.07,0.0,0.03,0.0,0.0,0.0,0.0,0.0,0,0,0
1756097622,3662,0.23,0.0,0.0,0.0,0.0,0.0,0.0,0.0,0,0,0
1756097622,3663,0.05,0.0,0.0,0.0,0.0,0.0,0.0,0.0,0,0,0
1756097622,3664,0.11,0.0,0.0,0.0,0.0,0.0,0.0,0.0,0,0,0
1756097622,3665,0.1,0.0,-0.02,0.0,0.0,0.0,0.0,0.0,0,0,0
1756097622,3666,0.09,0.0,0.02,0.0,0.0,0.0,0.0,0.0,0,0,0
1756097622,3667,0.02,0.0,-0.01,0.0,0.0,0.0,0.0,0.0,0,0,0
1756097622,3668,0.12,0.0,0.0,0.0,0.0,0.0,0.0,0.0,0,0,0
1756097622,3669,0.2,0.0,-0.03,0.0,0.0,0.0,0.0,0.0,0,0,0
1756097622,3670,0.17,0.0,0.0,0.0,0.0,0.0,0.0,0.0,0,0,0
1756097622,3671,0.11,0.0,0.0,0.0,0.0,0.0,0.0,0.0,0,0,0
1756097622,3672,0.1,0.0,-0.07,0.0,0.0,0.0,0.0,0.0,0,0,0
1756097622,3673,0.14,0.0,-0.01,0.0,0.0,0.0,0.0,0.0,0,0,0
1756097622,3674,0.18,0.0,0.02,0.0,0.0,0.0,0.0,0.0,0,0,0
1756097622,3675,0.11,0.0,0.0,0.0,0.0,0.0,0.0,0.0,0,0,0
1756097622,3676,0.12,0.0,0.0,0.0,0.0,0.0,0.0,0.0,0,0,0
1756097622,3677,0.15,0.0,0.0,0.0,0.0,0.0,0.0,0.0,0,0,0
1756097622,3678,0.12,0.0,0.0,0.0,0.0,0.0,0.0,0.0,0,0,0
1756097622,3679,0.09,0.0,0.0,0.0,0.0,0.0,0.0,0.0,0,0,0
1756097622,3680,0.15,0.0,0.0,0.0,0.0,0.0,0.0,0.0,0,0,0
1756097622,3681,0.14,0.0,0.05,0.0,0.0,0.0,0.0,0.0,0,0,0
1756097622,3682,0.07,0.0,0.0,0.0,0.0,0.0,0.0,0.0,0,0,0
1756097622,3683,0.09,0.0,-0.01,0.0,0.0,0.0,0.0,0.0,0,0,0
1756097622,3684,0.15,0.0,-0.01,0.0,0.0,0.0,0.0,0.0,0,0,0
1756097622,3685,0.1,0.0,0.0,0.0,0.0,0.0,0.0,0.0,0,0,0
1756097622,3686,0.15,0.0,0.0,0.0,0.0,0.0,0.0,0.0,0,0,0
1756097622,3687,0.09,0.0,0.0,0.0,0.0,0.0,0.0,0.0,0,0,0
1756097622,3688,0.14,0.0,0.0,0.0,0.0,0.0,0.0,0.0,0,0,0
1756097622,3689,0.17,0.0,-0.02,0.0,0.0,0.0,0.0,0.0,0,0,0
1756097622,3690,0.1,0.0,0.01,0.0,0.0,0.0,0.0,0.0,0,0,0
1756097622,3691,0.11,0.0,0.0,0.0,0.0,0.0,0.0,0.0,0,0,0
1756097622,3692,0.15,0.0,0.0,0.0,0.0,0.0,0.0,0.0,0,0,0
1756097622,3693,0.15,0.0,0.0,0.0,0.0,0.0,0.0,0.0,0,0,0
1756097622,3694,0.12,0.0,0.0,0.0,0.0,0.0,0.0,0.0,0,0,0
1756097622,3695,0.1,0.0,0.02,0.0,0.0,0.0,0.0,0.0,0,0,0
1756097622,3696,0.1,0.0,0.0,0.0,0.0,0.0,0.0,0.0,0,0,0
1756097622,3697,0.1,0.0,0.0,0.0,0.0,0.0,0.0,0.0,0,0,0
1756097622,3698,0.11,0.0,0.0,0.0,0.0,0.0,0.0,0.0,0,0,0
1756097622,3699,0.12,0.0,-0.05,0.0,0.0,0.0,0.0,0.0,0,0,0
1756097622,3700,0.1,0.0,0.0,0.0,0.0,0.0,0.0,0.0,0,0,0
1756097622,3701,0.09,0.0,0.0,0.0,0.0,0.0,0.0,0.0,0,0,0
1756097622,3702,0.0,0.0,0.05,0.0,0.0,0.0,0.0,0.0,0,0,0
1756097622,3703,0.14,0.0,0.01,0.0,0.0,0.0,0.0,0.0,0,0,0
1756097622,3704,0.15,0.0,-0.03,0.0,0.0,0.0,0.0,0.0,0,0,0
1756097622,3705,0.1,0.0,0.0,0.0,0.0,0.0,0.0,0.0,0,0,0
1756097622,3706,0.15,0.0,0.05,0.0,0.0,0.0,0.0,0.0,0,0,0
1756097622,3707,0.09,0.0,0.0,0.0,0.0,0.0,0.0,0.0,0,0,0
1756097622,3708,0.1,0.0,0.0,0.0,0.0,0.0,0.0,0.0,0,0,0
1756097623,3709,0.03,0.0,0.02,0.0,0.0,0.0,0.0,0.0,0,0,0
1756097623,3710,0.12,0.0,0.03,0.0,0.0,0.0,0.0,0.0,0,0,0
1756097623,3711,0.11,0.0,0.0,0.0,0.0,0.0,0.0,0.0,0,0,0
1756097623,3712,0.15,0.0,-0.05,0.0,0.0,0.0,0.0,0.0,0,0,0
1756097623,3713,0.11,0.0,-0.05,0.0,0.0,0.0,0.0,0.0,0,0,0
1756097623,3714,0.1,0.0,0.0,0.0,0.0,0.0,0.0,0.0,0,0,0
1756097623,3715,0.12,0.0,-0.02,0.0,0.0,0.0,0.0,0.0,0,0,0
1756097623,3716,0.1,0.0,0.01,0.0,0.0,0.0,0.0,0.0,0,0,0
1756097623,3717,0.1,0.0,-0.01,0.0,0.0,0.0,0.0,0.0,0,0,0
1756097623,3718,0.17,0.0,-0.07,0.0,0.0,0.0,0.0,0.0,0,0,0
1756097623,3719,0.07,0.0,0.0,0.0,0.0,0.0,0.0,0.0,0,0,0
1756097623,3720,0.11,0.0,-0.01,0.0,0.0,0.0,0.0,0.0,0,0,0
1756097623,3721,0.07,0.0,0.0,0.0,0.0,0.0,0.0,0.0,0,0,0
1756097623,3722,0.17,0.0,0.0,0.0,0.0,0.0,0.0,0.0,0,0,0
1756097623,3723,0.14,0.0,0.0,0.0,0.0,0.0,0.0,0.0,0,0,0
1756097623,3724,0.18,0.0,0.01,0.0,0.0,0.0,0.0,0.0,0,0,0
1756097623,3725,0.15,0.0,0.0,0.0,0.0,0.0,0.0,0.0,0,0,0
1756097623,3726,0.1,0.0,0.0,0.0,0.0,0.0,0.0,0.0,0,0,0
1756097623,3727,0.11,0.0,0.0,0.0,0.0,0.0,0.0,0.0,0,0,0
1756097623,3728,0.15,0.0,-0.02,0.0,0.0,0.0,0.0,0.0,0,0,0
1756097623,3729,0.17,0.0,-0.02,0.0,0.0,0.0,0.0,0.0,0,0,0
1756097623,3730,0.1,0.0,0.05,0.0,0.0,0.0,0.0,0.0,0,0,0
1756097623,3731,0.11,0.0,-0.01,0.0,0.0,0.0,0.0,0.0,0,0,0
1756097623,3732,0.1,0.0,0.05,0.0,0.0,0.0,0.0,0.0,0,0,0
1756097623,3733,0.1,0.0,0.0,0.0,0.0,0.0,0.0,0.0,0,0,0
1756097623,3734,0.07,0.0,0.0,0.0,0.0,0.0,0.0,0.0,0,0,0
1756097623,3735,0.12,0.0,0.07,0.0,0.0,0.0,0.0,0.0,0,0,0
1756097623,3736,0.12,0.0,0.05,0.0,0.0,0.0,0.0,0.0,0,0,0
1756097623,3737,0.17,0.0,0.0,0.0,0.0,0.0,0.0,0.0,0,0,0
1756097623,3738,0.05,0.0,0.05,0.0,0.0,0.0,0.0,0.0,0,0,0
1756097623,3739,0.1,0.0,0.01,0.0,0.0,0.0,0.0,0.0,0,0,0
1756097623,3740,0.15,0.0,0.0,0.0,0.0,0.0,0.0,0.0,0,0,0
1756097623,3741,0.09,0.0,-0.01,0.0,0.0,0.0,0.0,0.0,0,0,0
1756097623,3742,0.15,0.0,0.0,0.0,0.0,0.0,0.0,0.0,0,0,0
1756097623,3743,0.1,0.0,0.0,0.0,0.0,0.0,0.0,0.0,0,0,0
1756097623,3744,0.12,0.0,-0.01,0.0,0.0,0.0,0.0,0.0,0,0,0
1756097623,3745,0.03,0.0,0.0,0.0,0.0,0.0,0.0,0.0,0,0,0
1756097623,3746,0.07,0.0,0.02,0.0,0.0,0.0,0.0,0.0,0,0,0
1756097623,3747,0.2,0.0,0.0,0.0,0.0,0.0,0.0,0.0,0,0,0
1756097623,3748,0.17,0.0,-0.03,0.0,0.0,0.0,0.0,0.0,0,0,0
1756097623,3749,0.07,0.0,0.02,0.0,0.0,0.0,0.0,0.0,0,0,0
1756097623,3750,0.09,0.0,-0.07,0.0,0.0,0.0,0.0,0.0,0,0,0
1756097623,3751,0.14,0.0,0.0,0.0,0.0,0.0,0.0,0.0,0,0,0
1756097623,3752,0.09,0.0,-0.01,0.0,0.0,0.0,0.0,0.0,0,0,0
1756097623,3753,0.07,0.0,0.0,0.0,0.0,0.0,0.0,0.0,0,0,0
1756097623,3754,0.1,0.0,0.0,0.0,0.0,0.0,0.0,0.0,0,0,0
1756097623,3755,0.1,0.0,0.0,0.0,0.0,0.0,0.0,0.0,0,0,0
1756097623,3756,0.12,0.0,0.0,0.0,0.0,0.0,0.0,0.0,0,0,0
1756097623,3757,0.11,0.0,0.0,0.0,0.0,0.0,0.0,0.0,0,0,0
1756097623,3758,0.1,0.0,0.0,0.0,0.0,0.0,0.0,0.0,0,0,0
1756097623,3759,0.15,0.0,0.0,0.0,0.0,0.0,0.0,0.0,0,0,0
1756097623,3760,0.1,0.0,-0.01,0.0,0.0,0.0,0.0,0.0,0,0,0
1756097623,3761,0.1,0.0,0.05,0.0,0.0,0.0,0.0,0.0,0,0,0
1756097623,3762,0.17,0.0,-0.01,0.0,0.0,0.0,0.0,0.0,0,0,0
1756097623,3763,0.0,0.0,-0.05,0.0,0.0,0.0,0.0,0.0,0,0,0
1756097623,3764,0.18,0.0,-0.01,0.0,0.0,0.0,0.0,0.0,0,0,0
1756097623,3765,0.12,0.0,-0.02,0.0,0.0,0.0,0.0,0.0,0,0,0
1756097623,3766,0.1,0.0,0.0,0.0,0.0,0.0,0.0,0.0,0,0,0
1756097623,3767,0.18,0.0,-0.01,0.0,0.0,0.0,0.0,0.0,0,0,0
1756097623,3768,0.09,0.0,0.0,0.0,0.0,0.0,0.0,0.0,0,0,0
1756097623,3769,0.17,0.0,0.0,0.0,0.0,0.0,0.0,0.0,0,0,0
1756097623,3770,0.15,0.0,0.05,0.0,0.0,0.0,0.0,0.0,0,0,0
1756097623,3771,0.15,0.0,-0.01,0.0,0.0,0.0,0.0,0.0,0,0,0
1756097623,3772,0.09,0.0,0.0,0.0,0.0,0.0,0.0,0.0,0,0,0
1756097623,3773,0.12,0.0,0.0,0.0,0.0,0.0,0.0,0.0,0,0,0
1756097623,3774,0.17,0.0,-0.02,0.0,0.0,0.0,0.0,0.0,0,0,0
1756097623,3775,0.12,0.0,0.0,0.0,0.0,0.0,0.0,0.0,0,0,0
1756097623,3776,0.14,0.0,0.0,0.0,0.0,0.0,0.0,0.0,0,0,0
1756097623,3777,0.11,0.0,-0.03,0.0,0.0,0.0,0.0,0.0,0,0,0
1756097623,3778,0.15,0.0,0.0,0.0,0.0,0.0,0.0,0.0,0,0,0
1756097623,3779,0.14,0.0,0.01,0.0,0.0,0.0,0.0,0.0,0,0,0
1756097623,3780,0.1,0.0,-0.02,0.0,0.0,0.0,0.0,0.0,0,0,0
1756097623,3781,0.11,0.0,-0.01,0.0,0.0,0.0,0.0,0.0,0,0,0
1756097623,3782,0.14,0.0,0.0,0.0,0.0,0.0,0.0,0.0,0,0,0
1756097623,3783,0.14,0.0,0.0,0.0,0.0,0.0,0.0,0.0,0,0,0
1756097624,3784,0.15,0.0,0.0,0.0,0.0,0.0,0.0,0.0,0,0,0
1756097624,3785,0.07,0.0,0.0,0.0,0.0,0.0,0.0,0.0,0,0,0
1756097624,3786,0.07,0.0,-0.05,0.0,0.0,0.0,0.0,0.0,0,0,0
1756097624,3787,0.11,0.0,-0.03,0.0,0.0,0.0,0.0,0.0,0,0,0
1756097624,3788,0.15,0.0,-0.07,0.0,0.0,0.0,0.0,0.0,0,0,0
1756097624,3789,0.07,0.0,-0.01,0.0,0.0,0.0,0.0,0.0,0,0,0
1756097624,3790,0.09,0.0,-0.02,0.0,0.0,0.0,0.0,0.0,0,0,0
1756097624,3791,0.11,0.0,0.05,0.0,0.0,0.0,0.0,0.0,0,0,0
1756097624,3792,0.09,0.0,0.0,0.0,0.0,0.0,0.0,0.0,0,0,0
1756097624,3793,0.12,0.0,0.0,0.0,0.0,0.0,0.0,0.0,0,0,0
1756097624,3794,0.17,0.0,-0.01,0.0,0.0,0.0,0.0,0.0,0,0,0
1756097624,3795,0.12,0.0,0.0,0.0,0.0,0.0,0.0,0.0,0,0,0
1756097624,3796,0.09,0.0,0.0,0.0,0.0,0.0,0.0,0.0,0,0,0
1756097624,3797,0.1,0.0,0.0,0.0,0.0,0.0,0.0,0.0,0,0,0
1756097624,3798,0.07,0.0,0.0,0.0,0.0,0.0,0.0,0.0,0,0,0
1756097624,3799,0.12,0.0,0.09,0.0,0.0,0.0,0.0,0.0,0,0,0
1756097624,3800,0.1,0.0,-0.03,0.0,0.0,0.0,0.0,0.0,0,0,0
1756097624,3801,0.09,0.0,-0.02,0.0,0.0,0.0,0.0,0.0,0,0,0
1756097624,3802,0.11,0.0,0.0,0.0,0.0,0.0,0.0,0.0,0,0,0
1756097624,3803,0.11,0.0,-0.01,0.0,0.0,0.0,0.0,0.0,0,0,0
1756097624,3804,0.18,0.0,-0.01,0.0,0.0,0.0,0.0,0.0,0,0,0
1756097624,3805,0.07,0.0,-0.02,0.0,0.0,0.0,0.0,0.0,0,0,0
1756097624,3806,0.11,0.0,-0.02,0.0,0.0,0.0,0.0,0.0,0,0,0
1756097624,3807,0.14,0.0,0.0,0.0,0.0,0.0,0.0,0.0,0,0,0
1756097624,3808,0.1,0.0,0.0,0.0,0.0,0.0,0.0,0.0,0,0,0
1756097624,3809,0.17,0.0,0.0,0.0,0.0,0.0,0.0,0.0,0,0,0
1756097624,3810,0.09,0.0,0.0,0.0,0.0,0.0,0.0,0.0,0,0,0
1756097624,3811,0.11,0.0,-0.02,0.0,0.0,0.0,0.0,0.0,0,0,0
1756097624,3812,0.1,0.0,0.0,0.0,0.0,0.0,0.0,0.0,0,0,0
1756097624,3813,0.1,0.0,0.05,0.0,0.0,0.0,0.0,0.0,0,0,0
1756097624,3814,0.1,0.0,-0.05,0.0,0.0,0.0,0.0,0.0,0,0,0
1756097624,3815,0.1,0.0,0.0,0.0,0.0,0.0,0.0,0.0,0,0,0
1756097624,3816,0.11,0.0,0.0,0.0,0.0,0.0,0.0,0.0,0,0,0
1756097624,3817,0.05,0.0,0.01,0.0,0.0,0.0,0.0,0.0,0,0,0
1756097624,3818,0.12,0.0,0.0,0.0,0.0,0.0,0.0,0.0,0,0,0
1756097624,3819,0.17,0.0,0.05,0.0,0.0,0.0,0.0,0.0,0,0,0
1756097624,3820,0.1,0.0,0.0,0.0,0.0,0.0,0.0,0.0,0,0,0
1756097624,3821,0.1,0.0,0.0,0.0,0.0,0.0,0.0,0.0,0,0,0
1756097624,3822,0.09,0.0,0.0,0.0,0.0,0.0,0.0,0.0,0,0,0
1756097624,3823,0.1,0.0,-0.01,0.0,0.0,0.0,0.0,0.0,0,0,0
1756097624,3824,0.0,0.0,0.0,0.0,0.0,0.0,0.0,0.0,0,0,0
1756097624,3825,0.15,0.0,-0.02,0.0,0.0,0.0,0.0,0.0,0,0,0
1756097624,3826,0.11,0.0,0.0,0.0,0.0,0.0,0.0,0.0,0,0,0
1756097624,3827,0.1,0.0,-0.02,0.0,0.0,0.0,0.0,0.0,0,0,0
1756097624,3828,0.18,0.0,0.0,0.0,0.0,0.0,0.0,0.0,0,0,0
1756097624,3829,0.09,0.0,0.0,0.0,0.0,0.0,0.0,0.0,0,0,0
1756097624,3830,0.1,0.0,0.0,0.0,0.0,0.0,0.0,0.0,0,0,0
1756097624,3831,0.1,0.0,-0.05,0.0,0.0,0.0,0.0,0.0,0,0,0
1756097624,3832,0.07,0.0,0.02,0.0,0.0,0.0,0.0,0.0,0,0,0
1756097624,3833,0.15,0.0,0.0,0.0,0.0,0.0,0.0,0.0,0,0,0
1756097624,3834,0.11,0.0,-0.02,0.0,0.0,0.0,0.0,0.0,0,0,0
1756097624,3835,0.15,0.0,0.0,0.0,0.0,0.0,0.0,0.0,0,0,0
1756097624,3836,0.14,0.0,0.0,0.0,0.0,0.0,0.0,0.0,0,0,0
1756097624,3837,0.07,0.0,-0.02,0.0,0.0,0.0,0.0,0.0,0,0,0
1756097624,3838,0.09,0.0,0.0,0.0,0.0,0.0,0.0,0.0,0,0,0
1756097624,3839,0.1,0.0,0.0,0.0,0.0,0.0,0.0,0.0,0,0,0
1756097624,3840,0.1,0.0,-0.03,0.0,0.0,0.0,0.0,0.0,0,0,0
1756097624,3841,0.11,0.0,0.0,0.0,0.0,0.0,0.0,0.0,0,0,0
1756097624,3842,0.11,0.0,-0.1,0.0,0.0,0.0,0.0,0.0,0,0,0
1756097624,3843,0.11,0.0,0.0,0.0,0.0,0.0,0.0,0.0,0,0,0
1756097624,3844,0.28,0.0,0.0,0.0,0.0,0.0,0.0,0.0,0,0,0
1756097624,3845,-0.07,0.0,0.0,0.0,0.0,0.0,0.0,0.0,0,0,0
1756097624,3846,0.09,0.0,0.0,0.0,0.0,0.0,0.0,0.0,0,0,0
1756097624,3847,0.17,0.0,0.0,0.0,0.0,0.0,0.0,0.0,0,0,0
1756097624,3848,0.18,0.0,-0.02,0.0,0.0,0.0,0.0,0.0,0,0,0
1756097624,3849,0.1,0.0,-0.05,0.0,0.0,0.0,0.0,0.0,0,0,0
1756097625,3850,0.2,0.0,0.01,0.0,0.0,0.0,0.0,0.0,0,0,0
1756097625,3851,0.07,0.0,0.0,0.0,0.0,0.0,0.0,0.0,0,0,0
1756097625,3852,0.1,0.0,0.02,0.0,0.0,0.0,0.0,0.0,0,0,0
1756097625,3853,0.15,0.0,-0.07,0.0,0.0,0.0,0.0,0.0,0,0,0
1756097625,3854,0.01,0.0,0.0,0.0,0.0,0.0,0.0,0.0,0,0,0
1756097625,3855,0.1,0.0,0.0,0.0,0.0,0.0,0.0,0.0,0,0,0
1756097625,3856,0.17,0.0,0.0,0.0,0.0,0.0,0.0,0.0,0,0,0
1756097625,3857,0.14,0.0,0.0,0.0,0.0,0.0,0.0,0.0,0,0,0
1756097625,3858,0.03,0.0,0.0,0.0,0.0,0.0,0.0,0.0,0,0,0
1756097625,3859,0.15,0.0,0.0,0.0,0.0,0.0,0.0,0.0,0,0,0
1756097625,3860,0.17,0.0,0.0,0.0,0.0,0.0,0.0,0.0,0,0,0
1756097625,3861,0.09,0.0,-0.03,0.0,0.0,0.0,0.0,0.0,0,0,0
1756097625,3862,0.14,0.0,0.0,0.0,0.0,0.0,0.0,0.0,0,0,0
1756097625,3863,0.14,0.0,0.0,0.0,0.0,0.0,0.0,0.0,0,0,0
1756097625,3864,0.05,0.0,0.18,0.0,0.0,0.0,0.0,0.0,0,0,0
1756097625,3865,0.1,0.0,-0.03,0.0,0.0,0.0,0.0,0.0,0,0,0
1756097625,3866,0.14,0.0,0.0,0.0,0.0,0.0,0.0,0.0,0,0,0
1756097625,3867,0.09,0.0,0.01,0.0,0.0,0.0,0.0,0.0,0,0,0
1756097625,3868,0.09,0.0,0.0,0.0,0.0,0.0,0.0,0.0,0,0,0
1756097625,3869,0.15,0.0,0.03,0.0,0.0,0.0,0.0,0.0,0,0,0
1756097625,3870,0.15,0.0,-0.01,0.0,0.0,0.0,0.0,0.0,0,0,0
1756097625,3871,0.11,0.0,0.0,0.0,0.0,0.0,0.0,0.0,0,0,0
1756097625,3872,0.09,0.0,0.0,0.0,0.0,0.0,0.0,0.0,0,0,0
1756097625,3873,0.15,0.0,0.0,0.0,0.0,0.0,0.0,0.0,0,0,0
1756097625,3874,0.1,0.0,0.09,0.0,0.0,0.0,0.0,0.0,0,0,0
1756097625,3875,0.14,0.0,0.0,0.0,0.0,0.0,0.0,0.0,0,0,0
1756097625,3876,0.12,0.0,0.01,0.0,0.0,0.0,0.0,0.0,0,0,0
1756097625,3877,0.15,0.0,0.0,0.0,0.0,0.0,0.0,0.0,0,0,0
1756097625,3878,0.14,0.0,-0.02,0.0,0.0,0.0,0.0,0.0,0,0,0
1756097625,3879,0.12,0.0,0.02,0.0,0.0,0.0,0.0,0.0,0,0,0
1756097625,3880,0.12,0.0,0.0,0.0,0.0,0.0,0.0,0.0,0,0,0
1756097625,3881,0.18,0.0,-0.05,0.0,0.0,0.0,0.0,0.0,0,0,0
1756097625,3882,0.09,0.0,-0.03,0.0,0.0,0.0,0.0,0.0,0,0,0
1756097625,3883,0.07,0.0,0.0,0.0,0.0,0.0,0.0,0.0,0,0,0
1756097625,3884,0.09,0.0,-0.05,0.0,0.0,0.0,0.0,0.0,0,0,0
1756097625,3885,0.15,0.0,-0.02,0.0,0.0,0.0,0.0,0.0,0,0,0
1756097625,3886,0.1,0.0,-0.05,0.0,0.0,0.0,0.0,0.0,0,0,0
1756097625,3887,0.12,0.0,-0.07,0.0,0.0,0.0,0.0,0.0,0,0,0
1756097625,3888,0.15,0.0,0.0,0.0,0.0,0.0,0.0,0.0,0,0,0
1756097625,3889,0.07,0.0,-0.02,0.0,0.0,0.0,0.0,0.0,0,0,0
1756097625,3890,0.11,0.0,0.0,0.0,0.0,0.0,0.0,0.0,0,0,0
1756097625,3891,0.17,0.0,0.0,0.0,0.0,0.0,0.0,0.0,0,0,0
1756097625,3892,0.1,0.0,0.0,0.0,0.0,0.0,0.0,0.0,0,0,0
1756097625,3893,0.1,0.0,0.0,0.0,0.0,0.0,0.0,0.0,0,0,0
1756097625,3894,0.07,0.0,0.0,0.0,0.0,0.0,0.0,0.0,0,0,0
1756097625,3895,0.09,0.0,-0.01,0.0,0.0,0.0,0.0,0.0,0,0,0
1756097625,3896,0.1,0.0,0.0,0.0,0.0,0.0,0.0,0.0,0,0,0
1756097625,3897,0.12,0.0,0.0,0.0,0.0,0.0,0.0,0.0,0,0,0
1756097625,3898,0.1,0.0,0.0,0.0,0.0,0.0,0.0,0.0,0,0,0
1756097625,3899,0.15,0.0,0.0,0.0,0.0,0.0,0.0,0.0,0,0,0
1756097625,3900,0.1,0.0,0.0,0.0,0.0,0.0,0.0,0.0,0,0,0
1756097625,3901,0.07,0.0,0.0,0.0,0.0,0.0,0.0,0.0,0,0,0
1756097625,3902,0.17,0.0,-0.02,0.0,0.0,0.0,0.0,0.0,0,0,0
1756097625,3903,0.09,0.0,0.0,0.0,0.0,0.0,0.0,0.0,0,0,0
1756097625,3904,0.09,0.0,0.0,0.0,0.0,0.0,0.0,0.0,0,0,0
1756097625,3905,0.14,0.0,0.0,0.0,0.0,0.0,0.0,0.0,0,0,0
1756097625,3906,0.1,0.0,0.0,0.0,0.0,0.0,0.0,0.0,0,0,0
1756097625,3907,0.11,0.0,-0.01,0.0,0.0,0.0,0.0,0.0,0,0,0
1756097625,3908,0.12,0.0,0.0,0.0,0.0,0.0,0.0,0.0,0,0,0
1756097625,3909,0.12,0.0,0.0,0.0,0.0,0.0,0.0,0.0,0,0,0
1756097625,3910,0.11,0.0,0.0,0.0,0.0,0.0,0.0,0.0,0,0,0
1756097625,3911,0.17,0.0,0.0,0.0,0.0,0.0,0.0,0.0,0,0,0
1756097625,3912,0.1,0.0,0.0,0.0,0.0,0.0,0.0,0.0,0,0,0
1756097625,3913,0.12,0.0,0.0,0.0,0.0,0.0,0.0,0.0,0,0,0
1756097625,3914,0.07,0.0,0.05,0.0,0.0,0.0,0.0,0.0,0,0,0
1756097625,3915,0.07,0.0,-0.01,0.0,0.0,0.0,0.0,0.0,0,0,0
1756097626,3916,0.12,0.0,0.0,0.0,0.0,0.0,0.0,0.0,0,0,0
1756097626,3917,0.12,0.0,-0.07,0.0,0.0,0.0,0.0,0.0,0,0,0
1756097626,3918,0.15,0.0,0.03,0.0,0.0,0.0,0.0,0.0,0,0,0
1756097626,3919,0.14,0.0,0.0,0.0,0.0,0.0,0.0,0.0,0,0,0
1756097626,3920,0.0,0.0,0.0,0.0,0.0,0.0,0.0,0.0,0,0,0
1756097626,3921,0.23,0.0,0.0,0.0,0.0,0.0,0.0,0.0,0,0,0
1756097626,3922,0.07,0.0,0.0,0.0,0.0,0.0,0.0,0.0,0,0,0
1756097626,3923,0.17,0.0,0.0,0.0,0.0,0.0,0.0,0.0,0,0,0
1756097626,3924,0.07,0.0,0.0,0.0,0.0,0.0,0.0,0.0,0,0,0
1756097626,3925,0.09,0.0,0.0,0.0,0.0,0.0,0.0,0.0,0,0,0
1756097626,3926,0.1,0.0,0.0,0.0,0.0,0.0,0.0,0.0,0,0,0
1756097626,3927,0.07,0.0,0.0,0.0,0.0,0.0,0.0,0.0,0,0,0
1756097626,3928,0.1,0.0,0.0,0.0,0.0,0.0,0.0,0.0,0,0,0
1756097626,3929,0.07,0.0,0.02,0.0,0.0,0.0,0.0,0.0,0,0,0
1756097626,3930,0.1,0.0,0.0,0.0,0.0,0.0,0.0,0.0,0,0,0
1756097626,3931,0.07,0.0,0.0,0.0,0.0,0.0,0.0,0.0,0,0,0
1756097626,3932,0.1,0.0,0.03,0.0,0.0,0.0,0.0,0.0,0,0,0
1756097626,3933,0.11,0.0,0.0,0.0,0.0,0.0,0.0,0.0,0,0,0
1756097626,3934,0.14,0.0,0.0,0.0,0.0,0.0,0.0,0.0,0,0,0
1756097626,3935,0.1,0.0,0.0,0.0,0.0,0.0,0.0,0.0,0,0,0
1756097626,3936,0.15,0.0,0.0,0.0,0.0,0.0,0.0,0.0,0,0,0
1756097626,3937,0.0,0.0,0.0,0.0,0.0,0.0,0.0,0.0,0,0,0
1756097626,3938,0.11,0.0,-0.02,0.0,0.0,0.0,0.0,0.0,0,0,0
1756097626,3939,0.18,0.0,-0.02,0.0,0.0,0.0,0.0,0.0,0,0,0
1756097626,3940,0.15,0.0,0.05,0.0,0.0,0.0,0.0,0.0,0,0,0
1756097626,3941,0.1,0.0,0.01,0.0,0.0,0.0,0.0,0.0,0,0,0
1756097626,3942,0.15,0.0,0.02,0.0,0.0,0.0,0.0,0.0,0,0,0
1756097626,3943,0.14,0.0,0.01,0.0,0.0,0.0,0.0,0.0,0,0,0
1756097626,3944,0.09,0.0,0.0,0.0,0.0,0.0,0.0,0.0,0,0,0
1756097626,3945,0.12,0.0,-0.01,0.0,0.0,0.0,0.0,0.0,0,0,0
1756097626,3946,0.15,0.0,0.0,0.0,0.0,0.0,0.0,0.0,0,0,0
1756097626,3947,0.14,0.0,0.0,0.0,0.0,0.0,0.0,0.0,0,0,0
1756097626,3948,0.11,0.0,0.0,0.0,0.0,0.0,0.0,0.0,0,0,0
1756097626,3949,0.15,0.0,0.0,0.0,0.0,0.0,0.0,0.0,0,0,0
1756097626,3950,0.14,0.0,0.0,0.0,0.0,0.0,0.0,0.0,0,0,0
1756097626,3951,0.15,0.0,-0.02,0.0,0.0,0.0,0.0,0.0,0,0,0
1756097626,3952,0.12,0.0,0.0,0.0,0.0,0.0,0.0,0.0,0,0,0
1756097626,3953,0.14,0.0,0.0,0.0,0.0,0.0,0.0,0.0,0,0,0
1756097626,3954,0.11,0.0,0.0,0.0,0.0,0.0,0.0,0.0,0,0,0
1756097626,3955,0.07,0.0,0.03,0.0,0.0,0.0,0.0,0.0,0,0,0
1756097626,3956,0.14,0.0,0.0,0.0,0.0,0.0,0.0,0.0,0,0,0
1756097626,3957,0.14,0.0,0.0,0.0,0.0,0.0,0.0,0.0,0,0,0
1756097626,3958,0.18,0.0,-0.01,0.0,0.0,0.0,0.0,0.0,0,0,0
1756097626,3959,0.1,0.0,0.0,0.0,0.0,0.0,0.0,0.0,0,0,0
1756097626,3960,0.03,0.0,0.01,0.0,0.0,0.0,0.0,0.0,0,0,0
1756097626,3961,0.17,0.0,0.0,0.0,0.0,0.0,0.0,0.0,0,0,0
1756097626,3962,0.1,0.0,0.05,0.0,0.0,0.0,0.0,0.0,0,0,0
1756097626,3963,0.15,0.0,0.0,0.0,0.0,0.0,0.0,0.0,0,0,0
1756097626,3964,0.15,0.0,0.0,0.0,0.0,0.0,0.0,0.0,0,0,0
1756097626,3965,0.0,0.0,0.02,0.0,0.0,0.0,0.0,0.0,0,0,0
1756097626,3966,0.18,0.0,-0.01,0.0,0.0,0.0,0.0,0.0,0,0,0
1756097626,3967,0.2,0.0,-0.02,0.0,0.0,0.0,0.0,0.0,0,0,0
1756097626,3968,0.09,0.0,-0.01,0.0,0.0,0.0,0.0,0.0,0,0,0
1756097626,3969,0.1,0.0,0.0,0.0,0.0,0.0,0.0,0.0,0,0,0
1756097626,3970,0.15,0.0,-0.02,0.0,0.0,0.0,0.0,0.0,0,0,0
1756097626,3971,0.09,0.0,0.0,0.0,0.0,0.0,0.0,0.0,0,0,0
1756097626,3972,0.15,0.0,-0.09,0.0,0.0,0.0,0.0,0.0,0,0,0
1756097626,3973,0.05,0.0,0.0,0.0,0.0,0.0,0.0,0.0,0,0,0
1756097626,3974,0.1,0.0,-0.02,0.0,0.0,0.0,0.0,0.0,0,0,0
1756097626,3975,0.15,0.0,-0.1,0.0,0.0,0.0,0.0,0.0,0,0,0
1756097626,3976,0.12,0.0,-0.15,0.0,0.0,0.0,0.0,0.0,0,0,0
1756097626,3977,0.15,0.0,-0.01,0.0,0.0,0.0,0.0,0.0,0,0,0
1756097626,3978,0.14,0.0,0.0,0.0,0.0,0.0,0.0,0.0,0,0,0
1756097626,3979,0.15,0.0,0.03,0.0,0.0,0.0,0.0,0.0,0,0,0
1756097626,3980,0.14,0.0,-0.03,0.0,0.0,0.0,0.0,0.0,0,0,0
1756097627,3981,0.09,0.0,-0.05,0.0,0.0,0.0,0.0,0.0,0,0,0
1756097627,3982,0.18,0.0,0.03,0.0,0.0,0.0,0.0,0.0,0,0,0
1756097627,3983,0.03,0.0,0.0,0.0,0.0,0.0,0.0,0.0,0,0,0
1756097627,3984,0.15,0.0,0.0,0.0,0.0,0.0,0.0,0.0,0,0,0
1756097627,3985,0.07,0.0,-0.05,0.0,0.0,0.0,0.0,0.0,0,0,0
1756097627,3986,0.23,0.0,-0.03,0.0,0.0,0.0,0.0,0.0,0,0,0
1756097627,3987,0.07,0.0,0.01,0.0,0.0,0.0,0.0,0.0,0,0,0
1756097627,3988,0.1,0.0,-0.03,0.0,0.0,0.0,0.0,0.0,0,0,0
1756097627,3989,0.09,0.0,-0.11,0.0,0.0,0.0,0.0,0.0,0,0,0
1756097627,3990,0.11,0.0,-0.01,0.0,0.0,0.0,0.0,0.0,0,0,0
1756097627,3991,0.0,0.0,0.0,0.0,0.0,0.0,0.0,0.0,0,0,0
1756097627,3992,0.14,0.0,0.0,0.0,0.0,0.0,0.0,0.0,0,0,0
1756097627,3993,0.18,0.0,0.0,0.0,0.0,0.0,0.0,0.0,0,0,0
1756097627,3994,0.11,0.0,0.0,0.0,0.0,0.0,0.0,0.0,0,0,0
1756097627,3995,0.15,0.0,0.0,0.0,0.0,0.0,0.0,0.0,0,0,0
1756097627,3996,0.18,0.0,-0.01,0.0,0.0,0.0,0.0,0.0,0,0,0
1756097627,3997,0.1,0.0,0.0,0.0,0.0,0.0,0.0,0.0,0,0,0
1756097627,3998,0.1,0.0,0.01,0.0,0.0,0.0,0.0,0.0,0,0,0
1756097627,3999,0.14,0.0,0.0,0.0,0.0,0.0,0.0,0.0,0,0,0
1756097627,4000,0.11,0.0,0.0,0.0,0.0,0.0,0.0,0.0,0,0,0
1756097627,4001,0.1,0.0,0.0,0.0,0.0,0.0,0.0,0.0,0,0,0
1756097627,4002,0.15,0.0,0.02,0.0,0.0,0.0,0.0,0.0,0,0,0
1756097627,4003,0.11,0.0,0.0,0.0,0.0,0.0,0.0,0.0,0,0,0
1756097627,4004,0.11,0.0,-0.01,0.0,0.0,0.0,0.0,0.0,0,0,0
1756097627,4005,0.1,0.0,-0.01,0.0,0.0,0.0,0.0,0.0,0,0,0
1756097627,4006,0.11,0.0,0.0,0.0,0.0,0.0,0.0,0.0,0,0,0
1756097627,4007,0.05,0.0,-0.02,0.0,0.0,0.0,0.0,0.0,0,0,0
1756097627,4008,0.12,0.0,0.0,0.0,0.0,0.0,0.0,0.0,0,0,0
1756097627,4009,0.1,0.0,0.0,0.0,0.0,0.0,0.0,0.0,0,0,0
1756097627,4010,0.14,0.0,0.0,0.0,0.0,0.0,0.0,0.0,0,0,0
1756097627,4011,0.05,0.0,0.05,0.0,0.0,0.0,0.0,0.0,0,0,0
1756097627,4012,0.1,0.0,-0.01,0.0,0.0,0.0,0.0,0.0,0,0,0
1756097627,4013,0.15,0.0,-0.03,0.0,0.0,0.0,0.0,0.0,0,0,0
1756097627,4014,0.1,0.0,-0.02,0.0,0.0,0.0,0.0,0.0,0,0,0
1756097627,4015,0.17,0.0,0.0,0.0,0.0,0.0,0.0,0.0,0,0,0
1756097627,4016,0.15,0.0,0.0,0.0,0.0,0.0,0.0,0.0,0,0,0
1756097627,4017,0.1,0.0,0.0,0.0,0.0,0.0,0.0,0.0,0,0,0
1756097627,4018,0.1,0.0,0.0,0.0,0.0,0.0,0.0,0.0,0,0,0
1756097627,4019,0.09,0.0,-0.02,0.0,0.0,0.0,0.0,0.0,0,0,0
1756097627,4020,0.11,0.0,-0.01,0.0,0.0,0.0,0.0,0.0,0,0,0
1756097627,4021,0.14,0.0,0.0,0.0,0.0,0.0,0.0,0.0,0,0,0
1756097627,4022,0.1,0.0,-0.05,0.0,0.0,0.0,0.0,0.0,0,0,0
1756097627,4023,0.11,0.0,0.0,0.0,0.0,0.0,0.0,0.0,0,0,0
1756097627,4024,0.12,0.0,-0.1,0.0,0.0,0.0,0.0,0.0,0,0,0
1756097627,4025,0.11,0.0,0.0,0.0,0.0,0.0,0.0,0.0,0,0,0
1756097627,4026,0.0,0.0,0.0,0.0,0.0,0.0,0.0,0.0,0,0,0
1756097627,4027,0.09,0.0,-0.01,0.0,0.0,0.0,0.0,0.0,0,0,0
1756097627,4028,0.12,0.0,0.0,0.0,0.0,0.0,0.0,0.0,0,0,0
1756097627,4029,0.09,0.0,-0.01,0.0,0.0,0.0,0.0,0.0,0,0,0
1756097627,4030,0.15,0.0,0.0,0.0,0.0,0.0,0.0,0.0,0,0,0
1756097627,4031,0.14,0.0,0.0,0.0,0.0,0.0,0.0,0.0,0,0,0
1756097627,4032,0.12,0.0,-0.01,0.0,0.0,0.0,0.0,0.0,0,0,0
1756097627,4033,0.15,0.0,-0.05,0.0,0.0,0.0,0.0,0.0,0,0,0
1756097627,4034,0.1,0.0,-0.01,0.0,0.0,0.0,0.0,0.0,0,0,0
1756097627,4035,0.07,0.0,0.0,0.0,0.0,0.0,0.0,0.0,0,0,0
1756097627,4036,0.11,0.0,0.0,0.0,0.0,0.0,0.0,0.0,0,0,0
1756097627,4037,0.09,0.0,0.0,0.0,0.0,0.0,0.0,0.0,0,0,0
1756097627,4038,0.14,0.0,0.0,0.0,0.0,0.0,0.0,0.0,0,0,0
1756097627,4039,0.15,0.0,-0.01,0.0,0.0,0.0,0.0,0.0,0,0,0
1756097627,4040,0.14,0.0,0.0,0.0,0.0,0.0,0.0,0.0,0,0,0
1756097627,4041,0.14,0.0,0.01,0.0,0.0,0.0,0.0,0.0,0,0,0
1756097627,4042,0.1,0.0,0.1,0.0,0.0,0.0,0.0,0.0,0,0,0
1756097627,4043,0.09,0.0,-0.02,0.0,0.0,0.0,0.0,0.0,0,0,0
1756097627,4044,0.1,0.0,-0.01,0.0,0.0,0.0,0.0,0.0,0,0,0
1756097627,4045,0.11,0.0,0.0,0.0,0.0,0.0,0.0,0.0,0,0,0
1756097627,4046,0.15,0.0,0.01,0.0,0.0,0.0,0.0,0.0,0,0,0
1756097627,4047,0.09,0.0,0.0,0.0,0.0,0.0,0.0,0.0,0,0,0
1756097627,4048,0.12,0.0,0.0,0.0,0.0,0.0,0.0,0.0,0,0,0
1756097628,4049,0.07,0.0,0.0,0.0,0.0,0.0,0.0,0.0,0,0,0
1756097628,4050,0.1,0.0,-0.02,0.0,0.0,0.0,0.0,0.0,0,0,0
1756097628,4051,0.15,0.0,0.01,0.0,0.0,0.0,0.0,0.0,0,0,0
1756097628,4052,0.09,0.0,-0.01,0.0,0.0,0.0,0.0,0.0,0,0,0
1756097628,4053,0.07,0.0,0.0,0.0,0.0,0.0,0.0,0.0,0,0,0
1756097628,4054,0.07,0.0,0.0,0.0,0.0,0.0,0.0,0.0,0,0,0
1756097628,4055,0.1,0.0,-0.03,0.0,0.0,0.0,0.0,0.0,0,0,0
1756097628,4056,0.09,0.0,0.0,0.0,0.0,0.0,0.0,0.0,0,0,0
1756097628,4057,0.11,0.0,0.0,0.0,0.0,0.0,0.0,0.0,0,0,0
1756097628,4058,0.14,0.0,0.0,0.0,0.0,0.0,0.0,0.0,0,0,0
1756097628,4059,0.11,0.0,-0.01,0.0,0.0,0.0,0.0,0.0,0,0,0
1756097628,4060,0.07,0.0,-0.05,0.0,0.0,0.0,0.0,0.0,0,0,0
1756097628,4061,0.07,0.0,0.07,0.0,0.0,0.0,0.0,0.0,0,0,0
1756097628,4062,0.17,0.0,0.0,0.0,0.0,0.0,0.0,0.0,0,0,0
1756097628,4063,0.11,0.0,0.0,0.0,0.0,0.0,0.0,0.0,0,0,0
1756097628,4064,0.12,0.0,0.02,0.0,0.0,0.0,0.0,0.0,0,0,0
1756097628,4065,0.1,0.0,0.0,0.0,0.0,0.0,0.0,0.0,0,0,0
1756097628,4066,0.11,0.0,-0.05,0.0,0.0,0.0,0.0,0.0,0,0,0
1756097628,4067,0.12,0.0,-0.01,0.0,0.0,0.0,0.0,0.0,0,0,0
1756097628,4068,0.15,0.0,0.0,0.0,0.0,0.0,0.0,0.0,0,0,0
1756097628,4069,0.17,0.0,0.0,0.0,0.0,0.0,0.0,0.0,0,0,0
1756097628,4070,0.17,0.0,0.0,0.0,0.0,0.0,0.0,0.0,0,0,0
1756097628,4071,0.15,0.0,0.0,0.0,0.0,0.0,0.0,0.0,0,0,0
1756097628,4072,0.05,0.0,0.0,0.0,0.0,0.0,0.0,0.0,0,0,0
1756097628,4073,0.15,0.0,0.0,0.0,0.0,0.0,0.0,0.0,0,0,0
1756097628,4074,0.11,0.0,-0.02,0.0,0.0,0.0,0.0,0.0,0,0,0
1756097628,4075,0.14,0.0,0.0,0.0,0.0,0.0,0.0,0.0,0,0,0
1756097628,4076,0.1,0.0,0.01,0.0,0.0,0.0,0.0,0.0,0,0,0
1756097628,4077,0.1,0.0,0.0,0.0,0.0,0.0,0.0,0.0,0,0,0
1756097628,4078,0.1,0.0,0.0,0.0,0.0,0.0,0.0,0.0,0,0,0
1756097628,4079,0.07,0.0,0.0,0.0,0.0,0.0,0.0,0.0,0,0,0
1756097628,4080,0.11,0.0,0.0,0.0,0.0,0.0,0.0,0.0,0,0,0
1756097628,4081,0.1,0.0,-0.01,0.0,0.0,0.0,0.0,0.0,0,0,0
1756097628,4082,0.05,0.0,0.0,0.0,0.0,0.0,0.0,0.0,0,0,0
1756097628,4083,0.14,0.0,0.0,0.0,0.0,0.0,0.0,0.0,0,0,0
1756097628,4084,0.11,0.0,0.0,0.0,0.0,0.0,0.0,0.0,0,0,0
1756097628,4085,0.1,0.0,0.0,0.0,0.0,0.0,0.0,0.0,0,0,0
1756097628,4086,0.14,0.0,-0.02,0.0,0.0,0.0,0.0,0.0,0,0,0
1756097628,4087,0.15,0.0,-0.01,0.0,0.0,0.0,0.0,0.0,0,0,0
1756097628,4088,0.12,0.0,0.0,0.0,0.0,0.0,0.0,0.0,0,0,0
1756097628,4089,0.09,0.0,-0.01,0.0,0.0,0.0,0.0,0.0,0,0,0
1756097628,4090,0.11,0.0,0.0,0.0,0.0,0.0,0.0,0.0,0,0,0
1756097628,4091,0.17,0.0,0.0,0.0,0.0,0.0,0.0,0.0,0,0,0
1756097628,4092,0.01,0.0,-0.02,0.0,0.0,0.0,0.0,0.0,0,0,0
1756097628,4093,0.09,0.0,-0.01,0.0,0.0,0.0,0.0,0.0,0,0,0
1756097628,4094,0.09,0.0,-0.01,0.0,0.0,0.0,0.0,0.0,0,0,0
1756097628,4095,0.1,0.0,0.0,0.0,0.0,0.0,0.0,0.0,0,0,0
1756097628,4096,0.12,0.0,0.0,0.0,0.0,0.0,0.0,0.0,0,0,0
1756097628,4097,0.09,0.0,0.0,0.0,0.0,0.0,0.0,0.0,0,0,0
1756097628,4098,0.1,0.0,0.0,0.0,0.0,0.0,0.0,0.0,0,0,0
1756097628,4099,0.12,0.0,0.0,0.0,0.0,0.0,0.0,0.0,0,0,0
1756097628,4100,0.05,0.0,0.0,0.0,0.0,0.0,0.0,0.0,0,0,0
1756097628,4101,0.09,0.0,0.0,0.0,0.0,0.0,0.0,0.0,0,0,0
1756097628,4102,0.11,0.0,0.0,0.0,0.0,0.0,0.0,0.0,0,0,0
1756097628,4103,0.12,0.0,0.0,0.0,0.0,0.0,0.0,0.0,0,0,0
1756097628,4104,0.12,0.0,0.0,0.0,0.0,0.0,0.0,0.0,0,0,0
1756097628,4105,0.12,0.0,0.01,0.0,0.0,0.0,0.0,0.0,0,0,0
1756097628,4106,0.12,0.0,0.0,0.0,0.0,0.0,0.0,0.0,0,0,0
1756097628,4107,0.09,0.0,0.0,0.0,0.0,0.0,0.0,0.0,0,0,0
1756097628,4108,0.1,0.0,0.0,0.0,0.0,0.0,0.0,0.0,0,0,0
1756097628,4109,0.14,0.0,0.0,0.0,0.0,0.0,0.0,0.0,0,0,0
1756097628,4110,0.1,0.0,-0.03,0.0,0.0,0.0,0.0,0.0,0,0,0
1756097628,4111,0.12,0.0,0.0,0.0,0.0,0.0,0.0,0.0,0,0,0
1756097628,4112,0.15,0.0,0.01,0.0,0.0,0.0,0.0,0.0,0,0,0
1756097629,4113,0.11,0.0,0.05,0.0,0.0,0.0,0.0,0.0,0,0,0
1756097629,4114,0.1,0.0,0.0,0.0,0.0,0.0,0.0,0.0,0,0,0
1756097629,4115,0.09,0.0,0.0,0.0,0.0,0.0,0.0,0.0,0,0,0
1756097629,4116,0.07,0.0,0.0,0.0,0.0,0.0,0.0,0.0,0,0,0
1756097629,4117,0.14,0.0,0.0,0.0,0.0,0.0,0.0,0.0,0,0,0
1756097629,4118,0.07,0.0,0.0,0.0,0.0,0.0,0.0,0.0,0,0,0
1756097629,4119,0.05,0.0,0.0,0.0,0.0,0.0,0.0,0.0,0,0,0
1756097629,4120,0.1,0.0,-0.05,0.0,0.0,0.0,0.0,0.0,0,0,0
1756097629,4121,0.1,0.0,-0.02,0.0,0.0,0.0,0.0,0.0,0,0,0
1756097629,4122,0.09,0.0,-0.01,0.0,0.0,0.0,0.0,0.0,0,0,0
1756097629,4123,0.18,0.0,0.0,0.0,0.0,0.0,0.0,0.0,0,0,0
1756097629,4124,0.11,0.0,0.0,0.0,0.0,0.0,0.0,0.0,0,0,0
1756097629,4125,0.05,0.0,0.0,0.0,0.0,0.0,0.0,0.0,0,0,0
1756097629,4126,0.01,0.0,-0.02,0.0,0.0,0.0,0.0,0.0,0,0,0
1756097629,4127,0.07,0.0,-0.01,0.0,0.0,0.0,0.0,0.0,0,0,0
1756097629,4128,0.09,0.0,0.0,0.0,0.0,0.0,0.0,0.0,0,0,0
1756097629,4129,0.18,0.0,0.0,0.0,0.0,0.0,0.0,0.0,0,0,0
1756097629,4130,0.11,0.0,0.0,0.0,0.0,0.0,0.0,0.0,0,0,0
1756097629,4131,0.1,0.0,0.0,0.0,0.0,0.0,0.0,0.0,0,0,0
1756097629,4132,0.1,0.0,0.0,0.0,0.0,0.0,0.0,0.0,0,0,0
1756097629,4133,0.07,0.0,0.01,0.0,0.0,0.0,0.0,0.0,0,0,0
1756097629,4134,0.11,0.0,-0.03,0.0,0.0,0.0,0.0,0.0,0,0,0
1756097629,4135,0.1,0.0,-0.01,0.0,0.0,0.0,0.0,0.0,0,0,0
1756097629,4136,0.15,0.0,0.0,0.0,0.0,0.0,0.0,0.0,0,0,0
1756097629,4137,0.09,0.0,-0.03,0.0,0.0,0.0,0.0,0.0,0,0,0
1756097629,4138,0.1,0.0,0.07,0.0,0.0,0.0,0.0,0.0,0,0,0
1756097629,4139,0.09,0.0,0.0,0.0,0.0,0.0,0.0,0.0,0,0,0
1756097629,4140,0.05,0.0,0.0,0.0,0.0,0.0,0.0,0.0,0,0,0
1756097629,4141,0.14,0.0,0.0,0.0,0.0,0.0,0.0,0.0,0,0,0
1756097629,4142,0.07,0.0,-0.02,0.0,0.0,0.0,0.0,0.0,0,0,0
1756097629,4143,0.11,0.0,0.0,0.0,0.0,0.0,0.0,0.0,0,0,0
1756097629,4144,0.12,0.0,-0.01,0.0,0.0,0.0,0.0,0.0,0,0,0
1756097629,4145,0.07,0.0,0.0,0.0,0.0,0.0,0.0,0.0,0,0,0
1756097629,4146,0.11,0.0,0.0,0.0,0.0,0.0,0.0,0.0,0,0,0
1756097629,4147,0.12,0.0,0.07,0.0,0.0,0.0,0.0,0.0,0,0,0
1756097629,4148,0.1,0.0,0.0,0.0,0.0,0.0,0.0,0.0,0,0,0
1756097629,4149,0.09,0.0,-0.03,0.0,0.0,0.0,0.0,0.0,0,0,0
1756097629,4150,0.09,0.0,0.0,0.0,0.0,0.0,0.0,0.0,0,0,0
1756097629,4151,0.07,0.0,0.0,0.0,0.0,0.0,0.0,0.0,0,0,0
1756097629,4152,0.1,0.0,-0.01,0.0,0.0,0.0,0.0,0.0,0,0,0
1756097629,4153,0.14,0.0,-0.01,0.0,0.0,0.0,0.0,0.0,0,0,0
1756097629,4154,0.1,0.0,0.0,0.0,0.0,0.0,0.0,0.0,0,0,0
1756097629,4155,0.09,0.0,0.0,0.0,0.0,0.0,0.0,0.0,0,0,0
1756097629,4156,0.07,0.0,0.0,0.0,0.0,0.0,0.0,0.0,0,0,0
1756097629,4157,0.1,0.0,0.0,0.0,0.0,0.0,0.0,0.0,0,0,0
1756097629,4158,0.05,0.0,0.01,0.0,0.0,0.0,0.0,0.0,0,0,0
1756097629,4159,0.09,0.0,0.0,0.0,0.0,0.0,0.0,0.0,0,0,0
1756097629,4160,0.1,0.0,-0.01,0.0,0.0,0.0,0.0,0.0,0,0,0
1756097629,4161,0.15,0.0,-0.01,0.0,0.0,0.0,0.0,0.0,0,0,0
1756097629,4162,0.11,0.0,0.0,0.0,0.0,0.0,0.0,0.0,0,0,0
1756097629,4163,0.1,0.0,-0.05,0.0,0.0,0.0,0.0,0.0,0,0,0
1756097629,4164,0.14,0.0,0.0,0.0,0.0,0.0,0.0,0.0,0,0,0
1756097629,4165,0.15,0.0,-0.01,0.0,0.0,0.0,0.0,0.0,0,0,0
1756097629,4166,0.1,0.0,-0.03,0.0,0.0,0.0,0.0,0.0,0,0,0
1756097629,4167,0.01,0.0,-0.01,0.0,0.0,0.0,0.0,0.0,0,0,0
1756097629,4168,0.12,0.0,-0.01,0.0,0.0,0.0,0.0,0.0,0,0,0
1756097629,4169,0.14,0.0,-0.01,0.0,0.0,0.0,0.0,0.0,0,0,0
1756097629,4170,0.1,0.0,0.0,0.0,0.0,0.0,0.0,0.0,0,0,0
1756097629,4171,0.21,0.0,0.0,0.0,0.0,0.0,0.0,0.0,0,0,0
1756097629,4172,-0.01,0.0,-0.05,0.0,0.0,0.0,0.0,0.0,0,0,0
1756097629,4173,0.1,0.0,0.0,0.0,0.0,0.0,0.0,0.0,0,0,0
1756097629,4174,0.07,0.0,0.0,0.0,0.0,0.0,0.0,0.0,0,0,0
1756097629,4175,0.1,0.0,0.02,0.0,0.0,0.0,0.0,0.0,0,0,0
1756097629,4176,0.12,0.0,-0.02,0.0,0.0,0.0,0.0,0.0,0,0,0
1756097629,4177,0.12,0.0,-0.01,0.0,0.0,0.0,0.0,0.0,0,0,0
1756097629,4178,0.1,0.0,0.0,0.0,0.0,0.0,0.0,0.0,0,0,0
1756097629,4179,0.05,0.0,0.0,0.0,0.0,0.0,0.0,0.0,0,0,0
1756097629,4180,0.1,0.0,0.0,0.0,0.0,0.0,0.0,0.0,0,0,0
1756097630,4181,0.07,0.0,0.0,0.0,0.0,0.0,0.0,0.0,0,0,0
1756097630,4182,0.14,0.0,-0.05,0.0,0.0,0.0,0.0,0.0,0,0,0
1756097630,4183,0.11,0.0,0.0,0.0,0.0,0.0,0.0,0.0,0,0,0
1756097630,4184,0.07,0.0,0.0,0.0,0.0,0.0,0.0,0.0,0,0,0
1756097630,4185,0.1,0.0,-0.05,0.0,0.0,0.0,0.0,0.0,0,0,0
1756097630,4186,0.17,0.0,0.0,0.0,0.0,0.0,0.0,0.0,0,0,0
1756097630,4187,0.07,0.0,0.0,0.0,0.0,0.0,0.0,0.0,0,0,0
1756097630,4188,0.17,0.0,-0.05,0.0,0.0,0.0,0.0,0.0,0,0,0
1756097630,4189,0.02,0.0,0.0,0.0,0.0,0.0,0.0,0.0,0,0,0
1756097630,4190,0.15,0.0,0.0,0.0,0.0,0.0,0.0,0.0,0,0,0
1756097630,4191,0.15,0.0,0.0,0.0,0.0,0.0,0.0,0.0,0,0,0
1756097630,4192,0.1,0.0,-0.05,0.0,0.0,0.0,0.0,0.0,0,0,0
1756097630,4193,0.07,0.0,0.01,0.0,0.0,0.0,0.0,0.0,0,0,0
1756097630,4194,0.18,0.0,0.0,0.0,0.0,0.0,0.0,0.0,0,0,0
1756097630,4195,0.18,0.0,-0.02,0.0,0.0,0.0,0.0,0.0,0,0,0
1756097630,4196,0.1,0.0,-0.01,0.0,0.0,0.0,0.0,0.0,0,0,0
1756097630,4197,0.09,0.0,0.0,0.0,0.0,0.0,0.0,0.0,0,0,0
1756097630,4198,0.11,0.0,-0.05,0.0,0.0,0.0,0.0,0.0,0,0,0
1756097630,4199,0.15,0.0,-0.01,0.0,0.0,0.0,0.0,0.0,0,0,0
1756097630,4200,0.1,0.0,-0.02,0.0,0.0,0.0,0.0,0.0,0,0,0
1756097630,4201,0.1,0.0,0.0,0.0,0.0,0.0,0.0,0.0,0,0,0
1756097630,4202,0.05,0.0,-0.01,0.0,0.0,0.0,0.0,0.0,0,0,0
1756097630,4203,0.05,0.0,0.0,0.0,0.0,0.0,0.0,0.0,0,0,0
1756097630,4204,0.15,0.0,-0.07,0.0,0.0,0.0,0.0,0.0,0,0,0
1756097630,4205,0.1,0.0,0.0,0.0,0.0,0.0,0.0,0.0,0,0,0
1756097630,4206,0.05,0.0,0.0,0.0,0.0,0.0,0.0,0.0,0,0,0
1756097630,4207,0.15,0.0,0.0,0.0,0.0,0.0,0.0,0.0,0,0,0
1756097630,4208,0.14,0.0,0.0,0.0,0.0,0.0,0.0,0.0,0,0,0
1756097630,4209,0.07,0.0,-0.01,0.0,0.0,0.0,0.0,0.0,0,0,0
1756097630,4210,0.1,0.0,-0.01,0.0,0.0,0.0,0.0,0.0,0,0,0
1756097630,4211,0.15,0.0,0.0,0.0,0.0,0.0,0.0,0.0,0,0,0
1756097630,4212,0.07,0.0,0.0,0.0,0.0,0.0,0.0,0.0,0,0,0
1756097630,4213,0.11,0.0,0.0,0.0,0.0,0.0,0.0,0.0,0,0,0
1756097630,4214,0.14,0.0,-0.01,0.0,0.0,0.0,0.0,0.0,0,0,0
1756097630,4215,0.1,0.0,0.0,0.0,0.0,0.0,0.0,0.0,0,0,0
1756097630,4216,0.15,0.0,0.0,0.0,0.0,0.0,0.0,0.0,0,0,0
1756097630,4217,0.14,0.0,0.0,0.0,0.0,0.0,0.0,0.0,0,0,0
1756097630,4218,0.14,0.0,0.0,0.0,0.0,0.0,0.0,0.0,0,0,0
1756097630,4219,0.15,0.0,0.0,0.0,0.0,0.0,0.0,0.0,0,0,0
1756097630,4220,0.07,0.0,-0.03,0.0,0.0,0.0,0.0,0.0,0,0,0
1756097630,4221,0.09,0.0,0.0,0.0,0.0,0.0,0.0,0.0,0,0,0
1756097630,4222,0.1,0.0,0.0,0.0,0.0,0.0,0.0,0.0,0,0,0
1756097630,4223,0.23,0.0,0.0,0.0,0.0,0.0,0.0,0.0,0,0,0
1756097630,4224,0.05,0.0,-0.09,0.0,0.0,0.0,0.0,0.0,0,0,0
1756097630,4225,0.1,0.0,0.0,0.0,0.0,0.0,0.0,0.0,0,0,0
1756097630,4226,0.2,0.0,0.0,0.0,0.0,0.0,0.0,0.0,0,0,0
1756097630,4227,0.03,0.0,0.0,0.0,0.0,0.0,0.0,0.0,0,0,0
1756097630,4228,0.18,0.0,-0.02,0.0,0.0,0.0,0.0,0.0,0,0,0
1756097630,4229,0.14,0.0,0.0,0.0,0.0,0.0,0.0,0.0,0,0,0
1756097630,4230,0.1,0.0,0.0,0.0,0.0,0.0,0.0,0.0,0,0,0
1756097630,4231,0.07,0.0,0.01,0.0,0.0,0.0,0.0,0.0,0,0,0
1756097630,4232,0.11,0.0,0.0,0.0,0.0,0.0,0.0,0.0,0,0,0
1756097630,4233,0.07,0.0,0.0,0.0,0.0,0.0,0.0,0.0,0,0,0
1756097630,4234,0.14,0.0,0.02,0.0,0.0,0.0,0.0,0.0,0,0,0
1756097630,4235,0.05,0.0,0.0,0.0,0.0,0.0,0.0,0.0,0,0,0
1756097630,4236,0.09,0.0,0.0,0.0,0.0,0.0,0.0,0.0,0,0,0
1756097630,4237,0.12,0.0,0.0,0.0,0.0,0.0,0.0,0.0,0,0,0
1756097630,4238,0.07,0.0,0.0,0.0,0.0,0.0,0.0,0.0,0,0,0
1756097630,4239,0.09,0.0,-0.1,0.0,0.0,0.0,0.0,0.0,0,0,0
1756097630,4240,0.1,0.0,0.0,0.0,0.0,0.0,0.0,0.0,0,0,0
1756097630,4241,0.1,0.0,0.0,0.0,0.0,0.0,0.0,0.0,0,0,0
1756097630,4242,0.18,0.0,0.0,0.0,0.0,0.0,0.0,0.0,0,0,0
1756097630,4243,0.09,0.0,-0.07,0.0,0.0,0.0,0.0,0.0,0,0,0
1756097630,4244,0.11,0.0,-0.01,0.0,0.0,0.0,0.0,0.0,0,0,0
1756097630,4245,0.12,0.0,-0.02,0.0,0.0,0.0,0.0,0.0,0,0,0
1756097631,4246,0.21,0.0,0.0,0.0,0.0,0.0,0.0,0.0,0,0,0
1756097631,4247,0.05,0.0,0.0,0.0,0.0,0.0,0.0,0.0,0,0,0
1756097631,4248,0.09,0.0,-0.07,0.0,0.0,0.0,0.0,0.0,0,0,0
1756097631,4249,0.09,0.0,0.0,0.0,0.0,0.0,0.0,0.0,0,0,0
1756097631,4250,0.1,0.0,-0.03,0.0,0.0,0.0,0.0,0.0,0,0,0
1756097631,4251,0.11,0.0,0.0,0.0,0.0,0.0,0.0,0.0,0,0,0
1756097631,4252,0.1,0.0,-0.05,0.0,0.0,0.0,0.0,0.0,0,0,0
1756097631,4253,0.1,0.0,-0.03,0.0,0.0,0.0,0.0,0.0,0,0,0
1756097631,4254,0.15,0.0,-0.01,0.0,0.0,0.0,0.0,0.0,0,0,0
1756097631,4255,0.09,0.0,-0.01,0.0,0.0,0.0,0.0,0.0,0,0,0
1756097631,4256,0.09,0.0,-0.05,0.0,0.0,0.0,0.0,0.0,0,0,0
1756097631,4257,0.11,0.0,0.0,0.0,0.0,0.0,0.0,0.0,0,0,0
1756097631,4258,0.1,0.0,0.0,0.0,0.0,0.0,0.0,0.0,0,0,0
1756097631,4259,0.1,0.0,0.05,0.0,0.0,0.0,0.0,0.0,0,0,0
1756097631,4260,0.07,0.0,-0.01,0.0,0.0,0.0,0.0,0.0,0,0,0
1756097631,4261,0.2,0.0,-0.05,0.0,0.0,0.0,0.0,0.0,0,0,0
1756097631,4262,0.05,0.0,0.0,0.0,0.0,0.0,0.0,0.0,0,0,0
1756097631,4263,0.07,0.0,-0.02,0.0,0.0,0.0,0.0,0.0,0,0,0
1756097631,4264,0.07,0.0,-0.01,0.0,0.0,0.0,0.0,0.0,0,0,0
1756097631,4265,0.07,0.0,0.0,0.0,0.0,0.0,0.0,0.0,0,0,0
1756097631,4266,0.1,0.0,0.02,0.0,0.0,0.0,0.0,0.0,0,0,0
1756097631,4267,0.03,0.0,-0.01,0.0,0.0,0.0,0.0,0.0,0,0,0
1756097631,4268,0.1,0.0,0.0,0.0,0.0,0.0,0.0,0.0,0,0,0
1756097631,4269,0.1,0.0,0.0,0.0,0.0,0.0,0.0,0.0,0,0,0
1756097631,4270,0.09,0.0,-0.01,0.0,0.0,0.0,0.0,0.0,0,0,0
1756097631,4271,0.05,0.0,0.0,0.0,0.0,0.0,0.0,0.0,0,0,0
1756097631,4272,0.07,0.0,0.0,0.0,0.0,0.0,0.0,0.0,0,0,0
1756097631,4273,0.11,0.0,-0.03,0.0,0.0,0.0,0.0,0.0,0,0,0
1756097631,4274,0.18,0.0,0.0,0.0,0.0,0.0,0.0,0.0,0,0,0
1756097631,4275,0.12,0.0,0.0,0.0,0.0,0.0,0.0,0.0,0,0,0
1756097631,4276,0.07,0.0,0.0,0.0,0.0,0.0,0.0,0.0,0,0,0
1756097631,4277,0.1,0.0,0.0,0.0,0.0,0.0,0.0,0.0,0,0,0
1756097631,4278,0.09,0.0,-0.02,0.0,0.0,0.0,0.0,0.0,0,0,0
1756097631,4279,0.07,0.0,0.05,0.0,0.0,0.0,0.0,0.0,0,0,0
1756097631,4280,0.18,0.0,0.02,0.0,0.0,0.0,0.0,0.0,0,0,0
1756097631,4281,0.1,0.0,-0.02,0.0,0.0,0.0,0.0,0.0,0,0,0
1756097631,4282,0.1,0.0,-0.01,0.0,0.0,0.0,0.0,0.0,0,0,0
1756097631,4283,0.03,0.0,0.0,0.0,0.0,0.0,0.0,0.0,0,0,0
1756097631,4284,0.11,0.0,0.0,0.0,0.0,0.0,0.0,0.0,0,0,0
1756097631,4285,0.14,0.0,-0.01,0.0,0.0,0.0,0.0,0.0,0,0,0
1756097631,4286,0.11,0.0,0.0,0.0,0.0,0.0,0.0,0.0,0,0,0
1756097631,4287,0.1,0.0,0.0,0.0,0.0,0.0,0.0,0.0,0,0,0
1756097631,4288,0.1,0.0,0.0,0.0,0.0,0.0,0.0,0.0,0,0,0
1756097631,4289,0.0,0.0,-0.05,0.0,0.0,0.0,0.0,0.0,0,0,0
1756097631,4290,0.17,0.0,0.0,0.0,0.0,0.0,0.0,0.0,0,0,0
1756097631,4291,0.14,0.0,-0.01,0.0,0.0,0.0,0.0,0.0,0,0,0
1756097631,4292,0.14,0.0,-0.02,0.0,0.0,0.0,0.0,0.0,0,0,0
1756097631,4293,0.17,0.0,-0.02,0.0,0.0,0.0,0.0,0.0,0,0,0
1756097631,4294,0.12,0.0,0.0,0.0,0.0,0.0,0.0,0.0,0,0,0
1756097631,4295,0.12,0.0,0.0,0.0,0.0,0.0,0.0,0.0,0,0,0
1756097631,4296,0.07,0.0,-0.01,0.0,0.0,0.0,0.0,0.0,0,0,0
1756097631,4297,0.1,0.0,-0.01,0.0,0.0,0.0,0.0,0.0,0,0,0
1756097631,4298,0.14,0.0,-0.01,0.0,0.0,0.0,0.0,0.0,0,0,0
1756097631,4299,0.11,0.0,0.0,0.0,0.0,0.0,0.0,0.0,0,0,0
1756097631,4300,0.12,0.0,-0.01,0.0,0.0,0.0,0.0,0.0,0,0,0
1756097631,4301,0.11,0.0,-0.03,0.0,0.0,0.0,0.0,0.0,0,0,0
1756097631,4302,0.05,0.0,-0.02,0.0,0.0,0.0,0.0,0.0,0,0,0
1756097631,4303,0.09,0.0,0.0,0.0,0.0,0.0,0.0,0.0,0,0,0
1756097631,4304,0.14,0.0,0.0,0.0,0.0,0.0,0.0,0.0,0,0,0
1756097631,4305,0.11,0.0,0.0,0.0,0.0,0.0,0.0,0.0,0,0,0
1756097631,4306,0.1,0.0,-0.01,0.0,0.0,0.0,0.0,0.0,0,0,0
1756097631,4307,0.09,0.0,0.0,0.0,0.0,0.0,0.0,0.0,0,0,0
1756097631,4308,0.1,0.0,0.0,0.0,0.0,0.0,0.0,0.0,0,0,0
1756097631,4309,0.1,0.0,0.01,0.0,0.0,0.0,0.0,0.0,0,0,0
1756097632,4310,0.07,0.0,-0.02,0.0,0.0,0.0,0.0,0.0,0,0,0
1756097632,4311,0.12,0.0,0.0,0.0,0.0,0.0,0.0,0.0,0,0,0
1756097632,4312,0.1,0.0,-0.03,0.0,0.0,0.0,0.0,0.0,0,0,0
1756097632,4313,0.1,0.0,0.0,0.0,0.0,0.0,0.0,0.0,0,0,0
1756097632,4314,0.17,0.0,-0.02,0.0,0.0,0.0,0.0,0.0,0,0,0
1756097632,4315,0.1,0.0,0.0,0.0,0.0,0.0,0.0,0.0,0,0,0
1756097632,4316,0.15,0.0,-0.07,0.0,0.0,0.0,0.0,0.0,0,0,0
1756097632,4317,0.11,0.0,0.0,0.0,0.0,0.0,0.0,0.0,0,0,0
1756097632,4318,0.07,0.0,0.0,0.0,0.0,0.0,0.0,0.0,0,0,0
1756097632,4319,0.1,0.0,0.0,0.0,0.0,0.0,0.0,0.0,0,0,0
1756097632,4320,0.05,0.0,-0.01,0.0,0.0,0.0,0.0,0.0,0,0,0
1756097632,4321,0.1,0.0,-0.03,0.0,0.0,0.0,0.0,0.0,0,0,0
1756097632,4322,0.12,0.0,0.0,0.0,0.0,0.0,0.0,0.0,0,0,0
1756097632,4323,0.07,0.0,-0.03,0.0,0.0,0.0,0.0,0.0,0,0,0
1756097632,4324,0.09,0.0,-0.01,0.0,0.0,0.0,0.0,0.0,0,0,0
1756097632,4325,0.11,0.0,-0.03,0.0,0.0,0.0,0.0,0.0,0,0,0
1756097632,4326,0.1,0.0,-0.01,0.0,0.0,0.0,0.0,0.0,0,0,0
1756097632,4327,0.14,0.0,0.0,0.0,0.0,0.0,0.0,0.0,0,0,0
1756097632,4328,0.18,0.0,-0.03,0.0,0.0,0.0,0.0,0.0,0,0,0
1756097632,4329,0.07,0.0,0.05,0.0,0.0,0.0,0.0,0.0,0,0,0
1756097632,4330,0.03,0.0,0.0,0.0,0.0,0.0,0.0,0.0,0,0,0
1756097632,4331,0.07,0.0,-0.02,0.0,0.0,0.0,0.0,0.0,0,0,0
1756097632,4332,0.07,0.0,0.0,0.0,0.0,0.0,0.0,0.0,0,0,0
1756097632,4333,0.07,0.0,0.0,0.0,0.0,0.0,0.0,0.0,0,0,0
1756097632,4334,0.07,0.0,-0.01,0.0,0.0,0.0,0.0,0.0,0,0,0
1756097632,4335,0.11,0.0,0.0,0.0,0.0,0.0,0.0,0.0,0,0,0
1756097632,4336,0.1,0.0,0.0,0.0,0.0,0.0,0.0,0.0,0,0,0
1756097632,4337,0.11,0.0,0.0,0.0,0.0,0.0,0.0,0.0,0,0,0
1756097632,4338,0.05,0.0,0.0,0.0,0.0,0.0,0.0,0.0,0,0,0
1756097632,4339,0.1,0.0,0.0,0.0,0.0,0.0,0.0,0.0,0,0,0
1756097632,4340,0.02,0.0,0.0,0.0,0.0,0.0,0.0,0.0,0,0,0
1756097632,4341,0.18,0.0,-0.01,0.0,0.0,0.0,0.0,0.0,0,0,0
1756097632,4342,0.18,0.0,0.0,0.0,0.0,0.0,0.0,0.0,0,0,0
1756097632,4343,0.12,0.0,0.0,0.0,0.0,0.0,0.0,0.0,0,0,0
1756097632,4344,0.1,0.0,0.07,0.0,0.0,0.0,0.0,0.0,0,0,0
1756097632,4345,0.15,0.0,-0.03,0.0,0.0,0.0,0.0,0.0,0,0,0
1756097632,4346,0.09,0.0,0.0,0.0,0.0,0.0,0.0,0.0,0,0,0
1756097632,4347,0.18,0.0,0.0,0.0,0.0,0.0,0.0,0.0,0,0,0
1756097632,4348,0.15,0.0,-0.05,0.0,0.0,0.0,0.0,0.0,0,0,0
1756097632,4349,0.05,0.0,-0.02,0.0,0.0,0.0,0.0,0.0,0,0,0
1756097632,4350,0.15,0.0,0.0,0.0,0.0,0.0,0.0,0.0,0,0,0
1756097632,4351,0.11,0.0,-0.01,0.0,0.0,0.0,0.0,0.0,0,0,0
1756097632,4352,0.05,0.0,0.0,0.0,0.0,0.0,0.0,0.0,0,0,0
1756097632,4353,0.05,0.0,0.0,0.0,0.0,0.0,0.0,0.0,0,0,0
1756097632,4354,0.14,0.0,-0.03,0.0,0.0,0.0,0.0,0.0,0,0,0
1756097632,4355,0.1,0.0,-0.02,0.0,0.0,0.0,0.0,0.0,0,0,0
1756097632,4356,0.07,0.0,-0.05,0.0,0.0,0.0,0.0,0.0,0,0,0
1756097632,4357,0.09,0.0,0.01,0.0,0.0,0.0,0.0,0.0,0,0,0
1756097632,4358,0.15,0.0,-0.03,0.0,0.0,0.0,0.0,0.0,0,0,0
1756097632,4359,0.14,0.0,0.01,0.0,0.0,0.0,0.0,0.0,0,0,0
1756097632,4360,0.12,0.0,0.0,0.0,0.0,0.0,0.0,0.0,0,0,0
1756097632,4361,0.12,0.0,0.0,0.0,0.0,0.0,0.0,0.0,0,0,0
1756097632,4362,0.12,0.0,-0.07,0.0,0.0,0.0,0.0,0.0,0,0,0
1756097632,4363,0.12,0.0,0.0,0.0,0.0,0.0,0.0,0.0,0,0,0
1756097632,4364,0.05,0.0,-0.02,0.0,0.0,0.0,0.0,0.0,0,0,0
1756097632,4365,0.1,0.0,0.01,0.0,0.0,0.0,0.0,0.0,0,0,0
1756097632,4366,0.1,0.0,0.0,0.0,0.0,0.0,0.0,0.0,0,0,0
1756097632,4367,0.15,0.0,-0.01,0.0,0.0,0.0,0.0,0.0,0,0,0
1756097632,4368,0.1,0.0,0.0,0.0,0.0,0.0,0.0,0.0,0,0,0
1756097632,4369,0.15,0.0,0.0,0.0,0.0,0.0,0.0,0.0,0,0,0
1756097632,4370,0.05,0.0,0.0,0.0,0.0,0.0,0.0,0.0,0,0,0
1756097632,4371,0.12,0.0,-0.01,0.0,0.0,0.0,0.0,0.0,0,0,0
1756097632,4372,0.15,0.0,0.07,0.0,0.0,0.0,0.0,0.0,0,0,0
1756097632,4373,0.07,0.0,0.0,0.0,0.0,0.0,0.0,0.0,0,0,0
1756097632,4374,0.15,0.0,-0.02,0.0,0.0,0.0,0.0,0.0,0,0,0
1756097632,4375,0.1,0.0,0.0,0.0,0.0,0.0,0.0,0.0,0,0,0
1756097633,4376,0.12,0.0,0.0,0.0,0.0,0.0,0.0,0.0,0,0,0
1756097633,4377,0.11,0.0,0.02,0.0,0.0,0.0,0.0,0.0,0,0,0
1756097633,4378,0.1,0.0,-0.05,0.0,0.0,0.0,0.0,0.0,0,0,0
1756097633,4379,0.05,0.0,0.0,0.0,0.0,0.0,0.0,0.0,0,0,0
1756097633,4380,0.07,0.0,-0.01,0.0,0.0,0.0,0.0,0.0,0,0,0
1756097633,4381,0.1,0.0,0.0,0.0,0.0,0.0,0.0,0.0,0,0,0
1756097633,4382,0.12,0.0,-0.03,0.0,0.0,0.0,0.0,0.0,0,0,0
1756097633,4383,0.11,0.0,-0.01,0.0,0.0,0.0,0.0,0.0,0,0,0
1756097633,4384,0.14,0.0,-0.01,0.0,0.0,0.0,0.0,0.0,0,0,0
1756097633,4385,0.15,0.0,0.0,0.0,0.0,0.0,0.0,0.0,0,0,0
1756097633,4386,0.17,0.0,0.0,0.0,0.0,0.0,0.0,0.0,0,0,0
1756097633,4387,0.05,0.0,0.0,0.0,0.0,0.0,0.0,0.0,0,0,0
1756097633,4388,0.12,0.0,0.0,0.0,0.0,0.0,0.0,0.0,0,0,0
1756097633,4389,0.05,0.0,-0.07,0.0,0.0,0.0,0.0,0.0,0,0,0
1756097633,4390,0.17,0.0,0.0,0.0,0.0,0.0,0.0,0.0,0,0,0
1756097633,4391,0.07,0.0,-0.01,0.0,0.0,0.0,0.0,0.0,0,0,0
1756097633,4392,0.0,0.0,-0.01,0.0,0.0,0.0,0.0,0.0,0,0,0
1756097633,4393,0.12,0.0,0.0,0.0,0.0,0.0,0.0,0.0,0,0,0
1756097633,4394,0.12,0.0,-0.02,0.0,0.0,0.0,0.0,0.0,0,0,0
1756097633,4395,0.11,0.0,0.0,0.0,0.0,0.0,0.0,0.0,0,0,0
1756097633,4396,0.12,0.0,0.0,0.0,0.0,0.0,0.0,0.0,0,0,0
1756097633,4397,0.1,0.0,-0.05,0.0,0.0,0.0,0.0,0.0,0,0,0
1756097633,4398,0.09,0.0,0.0,0.0,0.0,0.0,0.0,0.0,0,0,0
1756097633,4399,0.17,0.0,-0.03,0.0,0.0,0.0,0.0,0.0,0,0,0
1756097633,4400,0.12,0.0,0.0,0.0,0.0,0.0,0.0,0.0,0,0,0
1756097633,4401,0.07,0.0,0.0,0.0,0.0,0.0,0.0,0.0,0,0,0
1756097633,4402,0.11,0.0,0.0,0.0,0.0,0.0,0.0,0.0,0,0,0
1756097633,4403,0.12,0.0,-0.03,0.0,0.0,0.0,0.0,0.0,0,0,0
1756097633,4404,0.03,0.0,0.0,0.0,0.0,0.0,0.0,0.0,0,0,0
1756097633,4405,0.12,0.0,0.0,0.0,0.0,0.0,0.0,0.0,0,0,0
1756097633,4406,0.17,0.0,-0.01,0.0,0.0,0.0,0.0,0.0,0,0,0
1756097633,4407,0.15,0.0,0.0,0.0,0.0,0.0,0.0,0.0,0,0,0
1756097633,4408,0.1,0.0,0.0,0.0,0.0,0.0,0.0,0.0,0,0,0
1756097633,4409,0.11,0.0,0.0,0.0,0.0,0.0,0.0,0.0,0,0,0
1756097633,4410,0.1,0.0,0.0,0.0,0.0,0.0,0.0,0.0,0,0,0
1756097633,4411,0.17,0.0,-0.02,0.0,0.0,0.0,0.0,0.0,0,0,0
1756097633,4412,0.1,0.0,-0.01,0.0,0.0,0.0,0.0,0.0,0,0,0
1756097633,4413,0.07,0.0,-0.01,0.0,0.0,0.0,0.0,0.0,0,0,0
1756097633,4414,0.15,0.0,0.0,0.0,0.0,0.0,0.0,0.0,0,0,0
1756097633,4415,0.11,0.0,0.0,0.0,0.0,0.0,0.0,0.0,0,0,0
1756097633,4416,0.12,0.0,0.0,0.0,0.0,0.0,0.0,0.0,0,0,0
1756097633,4417,0.12,0.0,0.0,0.0,0.0,0.0,0.0,0.0,0,0,0
1756097633,4418,0.1,0.0,0.03,0.0,0.0,0.0,0.0,0.0,0,0,0
1756097633,4419,0.12,0.0,-0.01,0.0,0.0,0.0,0.0,0.0,0,0,0
1756097633,4420,0.14,0.0,0.0,0.0,0.0,0.0,0.0,0.0,0,0,0
1756097633,4421,0.07,0.0,0.0,0.0,0.0,0.0,0.0,0.0,0,0,0
1756097633,4422,0.1,0.0,-0.02,0.0,0.0,0.0,0.0,0.0,0,0,0
1756097633,4423,0.11,0.0,-0.01,0.0,0.0,0.0,0.0,0.0,0,0,0
1756097633,4424,0.15,0.0,0.0,0.0,0.0,0.0,0.0,0.0,0,0,0
1756097633,4425,0.07,0.0,-0.01,0.0,0.0,0.0,0.0,0.0,0,0,0
1756097633,4426,0.12,0.0,0.05,0.0,0.0,0.0,0.0,0.0,0,0,0
1756097633,4427,0.14,0.0,-0.02,0.0,0.0,0.0,0.0,0.0,0,0,0
1756097633,4428,0.14,0.0,0.0,0.0,0.0,0.0,0.0,0.0,0,0,0
1756097633,4429,0.1,0.0,-0.01,0.0,0.0,0.0,0.0,0.0,0,0,0
1756097633,4430,0.12,0.0,0.02,0.0,0.0,0.0,0.0,0.0,0,0,0
1756097633,4431,0.15,0.0,0.0,0.0,0.0,0.0,0.0,0.0,0,0,0
1756097633,4432,0.11,0.0,-0.03,0.0,0.0,0.0,0.0,0.0,0,0,0
1756097633,4433,0.15,0.0,-0.09,0.0,0.0,0.0,0.0,0.0,0,0,0
1756097633,4434,0.09,0.0,0.0,0.0,0.0,0.0,0.0,0.0,0,0,0
1756097633,4435,0.12,0.0,-0.01,0.0,0.0,0.0,0.0,0.0,0,0,0
1756097633,4436,0.05,0.0,0.0,0.0,0.0,0.0,0.0,0.0,0,0,0
1756097633,4437,0.15,0.0,0.0,0.0,0.0,0.0,0.0,0.0,0,0,0
1756097633,4438,0.1,0.0,0.0,0.0,0.0,0.0,0.0,0.0,0,0,0
1756097633,4439,0.12,0.0,-0.05,0.0,0.0,0.0,0.0,0.0,0,0,0
1756097634,4440,0.05,0.0,0.0,0.0,0.0,0.0,0.0,0.0,0,0,0
1756097634,4441,0.07,0.0,0.01,0.0,0.0,0.0,0.0,0.0,0,0,0
1756097634,4442,0.09,0.0,-0.01,0.0,0.0,0.0,0.0,0.0,0,0,0
1756097634,4443,0.23,0.0,0.0,0.0,0.0,0.0,0.0,0.0,0,0,0
1756097634,4444,0.09,0.0,0.0,0.0,0.0,0.0,0.0,0.0,0,0,0
1756097634,4445,0.1,0.0,0.0,0.0,0.0,0.0,0.0,0.0,0,0,0
1756097634,4446,0.1,0.0,0.0,0.0,0.0,0.0,0.0,0.0,0,0,0
1756097634,4447,0.11,0.0,0.0,0.0,0.0,0.0,0.0,0.0,0,0,0
1756097634,4448,0.1,0.0,0.0,0.0,0.0,0.0,0.0,0.0,0,0,0
1756097634,4449,0.07,0.0,0.0,0.0,0.0,0.0,0.0,0.0,0,0,0
1756097634,4450,0.05,0.0,-0.01,0.0,0.0,0.0,0.0,0.0,0,0,0
1756097634,4451,0.09,0.0,0.0,0.0,0.0,0.0,0.0,0.0,0,0,0
1756097634,4452,0.15,0.0,-0.05,0.0,0.0,0.0,0.0,0.0,0,0,0
1756097634,4453,0.07,0.0,0.0,0.0,0.0,0.0,0.0,0.0,0,0,0
1756097634,4454,0.11,0.0,0.0,0.0,0.0,0.0,0.0,0.0,0,0,0
1756097634,4455,0.14,0.0,0.09,0.0,0.0,0.0,0.0,0.0,0,0,0
1756097634,4456,0.07,0.0,-0.01,0.0,0.0,0.0,0.0,0.0,0,0,0
1756097634,4457,0.09,0.0,0.0,0.0,0.0,0.0,0.0,0.0,0,0,0
1756097634,4458,0.15,0.0,0.0,0.0,0.0,0.0,0.0,0.0,0,0,0
1756097634,4459,0.15,0.0,-0.01,0.0,0.0,0.0,0.0,0.0,0,0,0
1756097634,4460,0.1,0.0,0.0,0.0,0.0,0.0,0.0,0.0,0,0,0
1756097634,4461,0.07,0.0,0.0,0.0,0.0,0.0,0.0,0.0,0,0,0
1756097634,4462,0.07,0.0,-0.01,0.0,0.0,0.0,0.0,0.0,0,0,0
1756097634,4463,0.18,0.0,0.0,0.0,0.0,0.0,0.0,0.0,0,0,0
1756097634,4464,0.12,0.0,-0.03,0.0,0.0,0.0,0.0,0.0,0,0,0
1756097634,4465,0.03,0.0,-0.03,0.0,0.0,0.0,0.0,0.0,0,0,0
1756097634,4466,0.11,0.0,-0.01,0.0,0.0,0.0,0.0,0.0,0,0,0
1756097634,4467,0.1,0.0,-0.03,0.0,0.0,0.0,0.0,0.0,0,0,0
1756097634,4468,0.05,0.0,0.0,0.0,0.0,0.0,0.0,0.0,0,0,0
1756097634,4469,0.1,0.0,0.05,0.0,0.0,0.0,0.0,0.0,0,0,0
1756097634,4470,0.01,0.0,-0.05,0.0,0.0,0.0,0.0,0.0,0,0,0
1756097634,4471,0.18,0.0,-0.02,0.0,0.0,0.0,0.0,0.0,0,0,0
1756097634,4472,0.07,0.0,-0.03,0.0,0.0,0.0,0.0,0.0,0,0,0
1756097634,4473,0.17,0.0,0.0,0.0,0.0,0.0,0.0,0.0,0,0,0
1756097634,4474,0.15,0.0,0.0,0.0,0.0,0.0,0.0,0.0,0,0,0
1756097634,4475,0.14,0.0,0.05,0.0,0.0,0.0,0.0,0.0,0,0,0
1756097634,4476,0.1,0.0,0.0,0.0,0.0,0.0,0.0,0.0,0,0,0
1756097634,4477,0.07,0.0,-0.01,0.0,0.0,0.0,0.0,0.0,0,0,0
1756097634,4478,0.1,0.0,-0.02,0.0,0.0,0.0,0.0,0.0,0,0,0
1756097634,4479,0.1,0.0,0.0,0.0,0.0,0.0,0.0,0.0,0,0,0
1756097634,4480,0.11,0.0,0.0,0.0,0.0,0.0,0.0,0.0,0,0,0
1756097634,4481,0.17,0.0,-0.05,0.0,0.0,0.0,0.0,0.0,0,0,0
1756097634,4482,0.1,0.0,-0.05,0.0,0.0,0.0,0.0,0.0,0,0,0
1756097634,4483,0.14,0.0,0.0,0.0,0.0,0.0,0.0,0.0,0,0,0
1756097634,4484,0.14,0.0,0.02,0.0,0.0,0.0,0.0,0.0,0,0,0
1756097634,4485,0.07,0.0,0.0,0.0,0.0,0.0,0.0,0.0,0,0,0
1756097634,4486,0.1,0.0,0.0,0.0,0.0,0.0,0.0,0.0,0,0,0
1756097634,4487,0.1,0.0,0.01,0.0,0.0,0.0,0.0,0.0,0,0,0
1756097634,4488,0.14,0.0,-0.02,0.0,0.0,0.0,0.0,0.0,0,0,0
1756097634,4489,0.05,0.0,-0.02,0.0,0.0,0.0,0.0,0.0,0,0,0
1756097634,4490,0.17,0.0,0.0,0.0,0.0,0.0,0.0,0.0,0,0,0
1756097634,4491,0.07,0.0,-0.01,0.0,0.0,0.0,0.0,0.0,0,0,0
1756097634,4492,0.12,0.0,0.0,0.0,0.0,0.0,0.0,0.0,0,0,0
1756097634,4493,0.18,0.0,0.01,0.0,0.0,0.0,0.0,0.0,0,0,0
1756097634,4494,0.15,0.0,0.0,0.0,0.0,0.0,0.0,0.0,0,0,0
1756097634,4495,0.09,0.0,0.01,0.0,0.0,0.0,0.0,0.0,0,0,0
1756097634,4496,0.15,0.0,0.0,0.0,0.0,0.0,0.0,0.0,0,0,0
1756097634,4497,0.07,0.0,0.0,0.0,0.0,0.0,0.0,0.0,0,0,0
1756097634,4498,0.1,0.0,0.0,0.0,0.0,0.0,0.0,0.0,0,0,0
1756097634,4499,0.07,0.0,0.0,0.0,0.0,0.0,0.0,0.0,0,0,0
1756097634,4500,0.15,0.0,0.01,0.0,0.0,0.0,0.0,0.0,0,0,0
1756097634,4501,0.09,0.0,0.0,0.0,0.0,0.0,0.0,0.0,0,0,0
1756097634,4502,0.1,0.0,0.0,0.0,0.0,0.0,0.0,0.0,0,0,0
1756097634,4503,0.1,0.0,0.0,0.0,0.0,0.0,0.0,0.0,0,0,0
1756097634,4504,0.07,0.0,0.0,0.0,0.0,0.0,0.0,0.0,0,0,0
1756097634,4505,0.12,0.0,0.02,0.0,0.0,0.0,0.0,0.0,0,0,0
1756097634,4506,0.1,0.0,0.01,0.0,0.0,0.0,0.0,0.0,0,0,0
1756097634,4507,0.1,0.0,0.0,0.0,0.0,0.0,0.0,0.0,0,0,0
1756097634,4508,0.12,0.0,0.0,0.0,0.0,0.0,0.0,0.0,0,0,0
1756097635,4509,0.1,0.0,0.05,0.0,0.0,0.0,0.0,0.0,0,0,0
1756097635,4510,0.05,0.0,0.0,0.0,0.0,0.0,0.0,0.0,0,0,0
1756097635,4511,0.07,0.0,-0.05,0.0,0.0,0.0,0.0,0.0,0,0,0
1756097635,4512,0.07,0.0,0.0,0.0,0.0,0.0,0.0,0.0,0,0,0
1756097635,4513,0.07,0.0,-0.09,0.0,0.0,0.0,0.0,0.0,0,0,0
1756097635,4514,0.12,0.0,-0.07,0.0,0.0,0.0,0.0,0.0,0,0,0
1756097635,4515,0.1,0.0,-0.02,0.0,0.0,0.0,0.0,0.0,0,0,0
1756097635,4516,0.05,0.0,-0.02,0.0,0.0,0.0,0.0,0.0,0,0,0
1756097635,4517,0.09,0.0,-0.07,0.0,0.0,0.0,0.0,0.0,0,0,0
1756097635,4518,0.15,0.0,0.0,0.0,0.0,0.0,0.0,0.0,0,0,0
1756097635,4519,0.14,0.0,-0.02,0.0,0.0,0.0,0.0,0.0,0,0,0
1756097635,4520,0.07,0.0,-0.01,0.0,0.0,0.0,0.0,0.0,0,0,0
1756097635,4521,0.11,0.0,-0.05,0.0,0.0,0.0,0.0,0.0,0,0,0
1756097635,4522,0.07,0.0,0.0,0.0,0.0,0.0,0.0,0.0,0,0,0
1756097635,4523,0.07,0.0,-0.01,0.0,0.0,0.0,0.0,0.0,0,0,0
1756097635,4524,0.15,0.0,0.0,0.0,0.0,0.0,0.0,0.0,0,0,0
1756097635,4525,0.2,0.0,0.05,0.0,0.0,0.0,0.0,0.0,0,0,0
1756097635,4526,0.03,0.0,-0.01,0.0,0.0,0.0,0.0,0.0,0,0,0
1756097635,4527,0.09,0.0,0.01,0.0,0.0,0.0,0.0,0.0,0,0,0
1756097635,4528,0.14,0.0,0.0,0.0,0.0,0.0,0.0,0.0,0,0,0
1756097635,4529,0.1,0.0,-0.05,0.0,0.0,0.0,0.0,0.0,0,0,0
1756097635,4530,0.07,0.0,0.0,0.0,0.0,0.0,0.0,0.0,0,0,0
1756097635,4531,0.14,0.0,0.02,0.0,0.0,0.0,0.0,0.0,0,0,0
1756097635,4532,0.12,0.0,-0.02,0.0,0.0,0.0,0.0,0.0,0,0,0
1756097635,4533,0.14,0.0,0.0,0.0,0.0,0.0,0.0,0.0,0,0,0
1756097635,4534,0.12,0.0,0.0,0.0,0.0,0.0,0.0,0.0,0,0,0
1756097635,4535,0.07,0.0,0.0,0.0,0.0,0.0,0.0,0.0,0,0,0
1756097635,4536,0.18,0.0,0.0,0.0,0.0,0.0,0.0,0.0,0,0,0
1756097635,4537,0.14,0.0,0.0,0.0,0.0,0.0,0.0,0.0,0,0,0
1756097635,4538,0.1,0.0,-0.02,0.0,0.0,0.0,0.0,0.0,0,0,0
1756097635,4539,0.09,0.0,0.0,0.0,0.0,0.0,0.0,0.0,0,0,0
1756097635,4540,0.1,0.0,0.0,0.0,0.0,0.0,0.0,0.0,0,0,0
1756097635,4541,0.1,0.0,0.0,0.0,0.0,0.0,0.0,0.0,0,0,0
1756097635,4542,0.09,0.0,0.0,0.0,0.0,0.0,0.0,0.0,0,0,0
1756097635,4543,0.11,0.0,0.02,0.0,0.0,0.0,0.0,0.0,0,0,0
1756097635,4544,0.14,0.0,0.0,0.0,0.0,0.0,0.0,0.0,0,0,0
1756097635,4545,0.17,0.0,0.01,0.0,0.0,0.0,0.0,0.0,0,0,0
1756097635,4546,0.1,0.0,0.0,0.0,0.0,0.0,0.0,0.0,0,0,0
1756097635,4547,0.07,0.0,0.02,0.0,0.0,0.0,0.0,0.0,0,0,0
1756097635,4548,0.03,0.0,0.01,0.0,0.0,0.0,0.0,0.0,0,0,0
1756097635,4549,0.11,0.0,-0.02,0.0,0.0,0.0,0.0,0.0,0,0,0
1756097635,4550,0.15,0.0,-0.05,0.0,0.0,0.0,0.0,0.0,0,0,0
1756097635,4551,0.18,0.0,-0.05,0.0,0.0,0.0,0.0,0.0,0,0,0
1756097635,4552,0.05,0.0,-0.02,0.0,0.0,0.0,0.0,0.0,0,0,0
1756097635,4553,0.09,0.0,0.0,0.0,0.0,0.0,0.0,0.0,0,0,0
1756097635,4554,0.1,0.0,-0.02,0.0,0.0,0.0,0.0,0.0,0,0,0
1756097635,4555,0.1,0.0,0.0,0.0,0.0,0.0,0.0,0.0,0,0,0
1756097635,4556,0.12,0.0,-0.05,0.0,0.0,0.0,0.0,0.0,0,0,0
1756097635,4557,0.05,0.0,0.0,0.0,0.0,0.0,0.0,0.0,0,0,0
1756097635,4558,0.1,0.0,-0.02,0.0,0.0,0.0,0.0,0.0,0,0,0
1756097635,4559,0.09,0.0,0.0,0.0,0.0,0.0,0.0,0.0,0,0,0
1756097635,4560,0.1,0.0,0.0,0.0,0.0,0.0,0.0,0.0,0,0,0
1756097635,4561,0.12,0.0,0.0,0.0,0.0,0.0,0.0,0.0,0,0,0
1756097635,4562,0.1,0.0,0.0,0.0,0.0,0.0,0.0,0.0,0,0,0
1756097635,4563,0.14,0.0,0.0,0.0,0.0,0.0,0.0,0.0,0,0,0
1756097635,4564,0.09,0.0,0.0,0.0,0.0,0.0,0.0,0.0,0,0,0
1756097635,4565,0.09,0.0,-0.01,0.0,0.0,0.0,0.0,0.0,0,0,0
1756097635,4566,0.1,0.0,-0.01,0.0,0.0,0.0,0.0,0.0,0,0,0
1756097635,4567,0.09,0.0,0.0,0.0,0.0,0.0,0.0,0.0,0,0,0
1756097635,4568,0.07,0.0,-0.05,0.0,0.0,0.0,0.0,0.0,0,0,0
1756097635,4569,0.1,0.0,0.0,0.0,0.0,0.0,0.0,0.0,0,0,0
1756097635,4570,0.1,0.0,0.0,0.0,0.0,0.0,0.0,0.0,0,0,0
1756097635,4571,0.11,0.0,0.0,0.0,0.0,0.0,0.0,0.0,0,0,0
1756097635,4572,0.11,0.0,-0.07,0.0,0.0,0.0,0.0,0.0,0,0,0
1756097635,4573,0.1,0.0,0.01,0.0,0.0,0.0,0.0,0.0,0,0,0
1756097635,4574,0.07,0.0,-0.02,0.0,0.0,0.0,0.0,0.0,0,0,0
1756097635,4575,0.11,0.0,0.0,0.0,0.0,0.0,0.0,0.0,0,0,0
1756097636,4576,0.09,0.0,0.0,0.0,0.0,0.0,0.0,0.0,0,0,0
1756097636,4577,0.17,0.0,0.0,0.0,0.0,0.0,0.0,0.0,0,0,0
1756097636,4578,0.05,0.0,-0.02,0.0,0.0,0.0,0.0,0.0,0,0,0
1756097636,4579,0.05,0.0,0.0,0.0,0.0,0.0,0.0,0.0,0,0,0
1756097636,4580,0.15,0.0,0.0,0.0,0.0,0.0,0.0,0.0,0,0,0
1756097636,4581,0.2,0.0,0.0,0.0,0.0,0.0,0.0,0.0,0,0,0
1756097636,4582,0.11,0.0,0.01,0.0,0.0,0.0,0.0,0.0,0,0,0
1756097636,4583,0.1,0.0,-0.01,0.0,0.0,0.0,0.0,0.0,0,0,0
1756097636,4584,0.1,0.0,0.0,0.0,0.0,0.0,0.0,0.0,0,0,0
1756097636,4585,0.14,0.0,0.0,0.0,0.0,0.0,0.0,0.0,0,0,0
1756097636,4586,0.1,0.0,0.0,0.0,0.0,0.0,0.0,0.0,0,0,0
1756097636,4587,0.12,0.0,-0.09,0.0,0.0,0.0,0.0,0.0,0,0,0
1756097636,4588,0.07,0.0,-0.02,0.0,0.0,0.0,0.0,0.0,0,0,0
1756097636,4589,0.18,0.0,-0.07,0.0,0.0,0.0,0.0,0.0,0,0,0
1756097636,4590,0.05,0.0,-0.01,0.0,0.0,0.0,0.0,0.0,0,0,0
1756097636,4591,0.1,0.0,-0.01,0.0,0.0,0.0,0.0,0.0,0,0,0
1756097636,4592,0.1,0.0,0.0,0.0,0.0,0.0,0.0,0.0,0,0,0
1756097636,4593,0.11,0.0,0.0,0.0,0.0,0.0,0.0,0.0,0,0,0
1756097636,4594,0.07,0.0,0.05,0.0,0.0,0.0,0.0,0.0,0,0,0
1756097636,4595,0.07,0.0,0.0,0.0,0.0,0.0,0.0,0.0,0,0,0
1756097636,4596,0.14,0.0,0.0,0.0,0.0,0.0,0.0,0.0,0,0,0
1756097636,4597,0.15,0.0,-0.01,0.0,0.0,0.0,0.0,0.0,0,0,0
1756097636,4598,0.07,0.0,-0.02,0.0,0.0,0.0,0.0,0.0,0,0,0
1756097636,4599,0.15,0.0,-0.05,0.0,0.0,0.0,0.0,0.0,0,0,0
1756097636,4600,0.07,0.0,0.0,0.0,0.0,0.0,0.0,0.0,0,0,0
1756097636,4601,0.18,0.0,-0.02,0.0,0.0,0.0,0.0,0.0,0,0,0
1756097636,4602,0.07,0.0,0.0,0.0,0.0,0.0,0.0,0.0,0,0,0
1756097636,4603,0.1,0.0,0.02,0.0,0.0,0.0,0.0,0.0,0,0,0
1756097636,4604,0.07,0.0,0.0,0.0,0.0,0.0,0.0,0.0,0,0,0
1756097636,4605,0.1,0.0,0.0,0.0,0.0,0.0,0.0,0.0,0,0,0
1756097636,4606,0.14,0.0,0.07,0.0,0.0,0.0,0.0,0.0,0,0,0
1756097636,4607,0.17,0.0,-0.02,0.0,0.0,0.0,0.0,0.0,0,0,0
1756097636,4608,0.09,0.0,0.0,0.0,0.0,0.0,0.0,0.0,0,0,0
1756097636,4609,0.15,0.0,-0.05,0.0,0.0,0.0,0.0,0.0,0,0,0
1756097636,4610,0.1,0.0,0.0,0.0,0.0,0.0,0.0,0.0,0,0,0
1756097636,4611,0.1,0.0,-0.02,0.0,0.0,0.0,0.0,0.0,0,0,0
1756097636,4612,0.11,0.0,0.0,0.0,0.0,0.0,0.0,0.0,0,0,0
1756097636,4613,0.14,0.0,0.0,0.0,0.0,0.0,0.0,0.0,0,0,0
1756097636,4614,0.15,0.0,0.0,0.0,0.0,0.0,0.0,0.0,0,0,0
1756097636,4615,0.07,0.0,0.0,0.0,0.0,0.0,0.0,0.0,0,0,0
1756097636,4616,0.12,0.0,-0.01,0.0,0.0,0.0,0.0,0.0,0,0,0
1756097636,4617,0.12,0.0,0.0,0.0,0.0,0.0,0.0,0.0,0,0,0
1756097636,4618,0.1,0.0,0.02,0.0,0.0,0.0,0.0,0.0,0,0,0
1756097636,4619,0.1,0.0,-0.02,0.0,0.0,0.0,0.0,0.0,0,0,0
1756097636,4620,0.09,0.0,0.0,0.0,0.0,0.0,0.0,0.0,0,0,0
1756097636,4621,0.1,0.0,-0.05,0.0,0.0,0.0,0.0,0.0,0,0,0
1756097636,4622,0.11,0.0,0.0,0.0,0.0,0.0,0.0,0.0,0,0,0
1756097636,4623,0.09,0.0,0.0,0.0,0.0,0.0,0.0,0.0,0,0,0
1756097636,4624,0.07,0.0,-0.01,0.0,0.0,0.0,0.0,0.0,0,0,0
1756097636,4625,0.07,0.0,0.0,0.0,0.0,0.0,0.0,0.0,0,0,0
1756097636,4626,0.12,0.0,-0.02,0.0,0.0,0.0,0.0,0.0,0,0,0
1756097636,4627,0.07,0.0,0.0,0.0,0.0,0.0,0.0,0.0,0,0,0
1756097636,4628,0.11,0.0,-0.01,0.0,0.0,0.0,0.0,0.0,0,0,0
1756097636,4629,0.07,0.0,-0.03,0.0,0.0,0.0,0.0,0.0,0,0,0
1756097636,4630,0.17,0.0,-0.05,0.0,0.0,0.0,0.0,0.0,0,0,0
1756097636,4631,0.09,0.0,0.0,0.0,0.0,0.0,0.0,0.0,0,0,0
1756097636,4632,0.1,0.0,0.05,0.0,0.0,0.0,0.0,0.0,0,0,0
1756097636,4633,0.2,0.0,0.0,0.0,0.0,0.0,0.0,0.0,0,0,0
1756097636,4634,0.05,0.0,0.0,0.0,0.0,0.0,0.0,0.0,0,0,0
1756097636,4635,0.07,0.0,0.0,0.0,0.0,0.0,0.0,0.0,0,0,0
1756097636,4636,0.05,0.0,0.0,0.0,0.0,0.0,0.0,0.0,0,0,0
1756097636,4637,0.05,0.0,-0.02,0.0,0.0,0.0,0.0,0.0,0,0,0
1756097636,4638,0.07,0.0,0.0,0.0,0.0,0.0,0.0,0.0,0,0,0
1756097636,4639,0.11,0.0,0.0,0.0,0.0,0.0,0.0,0.0,0,0,0
1756097637,4640,0.12,0.0,0.0,0.0,0.0,0.0,0.0,0.0,0,0,0
1756097637,4641,0.09,0.0,0.01,0.0,0.0,0.0,0.0,0.0,0,0,0
1756097637,4642,0.17,0.0,0.0,0.0,0.0,0.0,0.0,0.0,0,0,0
1756097637,4643,0.09,0.0,-0.1,0.0,0.0,0.0,0.0,0.0,0,0,0
1756097637,4644,0.1,0.0,0.0,0.0,0.0,0.0,0.0,0.0,0,0,0
1756097637,4645,0.11,0.0,-0.05,0.0,0.0,0.0,0.0,0.0,0,0,0
1756097637,4646,0.17,0.0,0.0,0.0,0.0,0.0,0.0,0.0,0,0,0
1756097637,4647,0.09,0.0,0.0,0.0,0.0,0.0,0.0,0.0,0,0,0
1756097637,4648,0.05,0.0,0.0,0.0,0.0,0.0,0.0,0.0,0,0,0
1756097637,4649,0.12,0.0,-0.01,0.0,0.0,0.0,0.0,0.0,0,0,0
1756097637,4650,0.18,0.0,-0.01,0.0,0.0,0.0,0.0,0.0,0,0,0
1756097637,4651,0.07,0.0,0.0,0.0,0.0,0.0,0.0,0.0,0,0,0
1756097637,4652,0.09,0.0,-0.03,0.0,0.0,0.0,0.0,0.0,0,0,0
1756097637,4653,0.15,0.0,-0.02,0.0,0.0,0.0,0.0,0.0,0,0,0
1756097637,4654,0.1,0.0,-0.01,0.0,0.0,0.0,0.0,0.0,0,0,0
1756097637,4655,0.07,0.0,0.0,0.0,0.0,0.0,0.0,0.0,0,0,0
1756097637,4656,0.07,0.0,0.02,0.0,0.0,0.0,0.0,0.0,0,0,0
1756097637,4657,0.21,0.0,0.0,0.0,0.0,0.0,0.0,0.0,0,0,0
1756097637,4658,0.07,0.0,0.0,0.0,0.0,0.0,0.0,0.0,0,0,0
1756097637,4659,0.03,0.0,0.0,0.0,0.0,0.0,0.0,0.0,0,0,0
1756097637,4660,0.12,0.0,0.0,0.0,0.0,0.0,0.0,0.0,0,0,0
1756097637,4661,0.1,0.0,-0.05,0.0,0.0,0.0,0.0,0.0,0,0,0
1756097637,4662,0.05,0.0,0.0,0.0,0.0,0.0,0.0,0.0,0,0,0
1756097637,4663,0.17,0.0,0.0,0.0,0.0,0.0,0.0,0.0,0,0,0
1756097637,4664,0.07,0.0,0.0,0.0,0.0,0.0,0.0,0.0,0,0,0
1756097637,4665,0.1,0.0,-0.02,0.0,0.0,0.0,0.0,0.0,0,0,0
1756097637,4666,0.15,0.0,-0.02,0.0,0.0,0.0,0.0,0.0,0,0,0
1756097637,4667,0.1,0.0,0.0,0.0,0.0,0.0,0.0,0.0,0,0,0
1756097637,4668,0.15,0.0,0.0,0.0,0.0,0.0,0.0,0.0,0,0,0
1756097637,4669,0.1,0.0,0.0,0.0,0.0,0.0,0.0,0.0,0,0,0
1756097637,4670,0.07,0.0,0.03,0.0,0.0,0.0,0.0,0.0,0,0,0
1756097637,4671,0.07,0.0,0.0,0.0,0.0,0.0,0.0,0.0,0,0,0
1756097637,4672,0.11,0.0,-0.01,0.0,0.0,0.0,0.0,0.0,0,0,0
1756097637,4673,0.11,0.0,0.05,0.0,0.0,0.0,0.0,0.0,0,0,0
1756097637,4674,0.1,0.0,0.0,0.0,0.0,0.0,0.0,0.0,0,0,0
1756097637,4675,0.11,0.0,0.0,0.0,0.0,0.0,0.0,0.0,0,0,0
1756097637,4676,0.1,0.0,-0.07,0.0,0.0,0.0,0.0,0.0,0,0,0
1756097637,4677,0.1,0.0,-0.05,0.0,0.0,0.0,0.0,0.0,0,0,0
1756097637,4678,0.09,0.0,-0.01,0.0,0.0,0.0,0.0,0.0,0,0,0
1756097637,4679,0.03,0.0,0.0,0.0,0.0,0.0,0.0,0.0,0,0,0
1756097637,4680,0.09,0.0,0.0,0.0,0.0,0.0,0.0,0.0,0,0,0
1756097637,4681,0.12,0.0,0.0,0.0,0.0,0.0,0.0,0.0,0,0,0
1756097637,4682,0.18,0.0,-0.01,0.0,0.0,0.0,0.0,0.0,0,0,0
1756097637,4683,0.11,0.0,-0.02,0.0,0.0,0.0,0.0,0.0,0,0,0
1756097637,4684,0.14,0.0,-0.02,0.0,0.0,0.0,0.0,0.0,0,0,0
1756097637,4685,0.11,0.0,0.05,0.0,0.0,0.0,0.0,0.0,0,0,0
1756097637,4686,0.1,0.0,0.0,0.0,0.0,0.0,0.0,0.0,0,0,0
1756097637,4687,0.1,0.0,0.0,0.0,0.0,0.0,0.0,0.0,0,0,0
1756097637,4688,0.07,0.0,0.0,0.0,0.0,0.0,0.0,0.0,0,0,0
1756097637,4689,0.07,0.0,0.0,0.0,0.0,0.0,0.0,0.0,0,0,0
1756097637,4690,0.09,0.0,0.0,0.0,0.0,0.0,0.0,0.0,0,0,0
1756097637,4691,0.1,0.0,0.0,0.0,0.0,0.0,0.0,0.0,0,0,0
1756097637,4692,0.07,0.0,0.0,0.0,0.0,0.0,0.0,0.0,0,0,0
1756097637,4693,0.15,0.0,0.0,0.0,0.0,0.0,0.0,0.0,0,0,0
1756097637,4694,0.12,0.0,0.0,0.0,0.0,0.0,0.0,0.0,0,0,0
1756097637,4695,0.1,0.0,0.0,0.0,0.0,0.0,0.0,0.0,0,0,0
1756097637,4696,0.1,0.0,0.02,0.0,0.0,0.0,0.0,0.0,0,0,0
1756097637,4697,0.23,0.0,0.0,0.0,0.0,0.0,0.0,0.0,0,0,0
1756097637,4698,0.1,0.0,0.0,0.0,0.0,0.0,0.0,0.0,0,0,0
1756097637,4699,0.11,0.0,0.0,0.0,0.0,0.0,0.0,0.0,0,0,0
1756097637,4700,0.07,0.0,0.0,0.0,0.0,0.0,0.0,0.0,0,0,0
1756097637,4701,0.1,0.0,-0.07,0.0,0.0,0.0,0.0,0.0,0,0,0
1756097637,4702,0.14,0.0,-0.12,0.0,0.0,0.0,0.0,0.0,0,0,0
1756097637,4703,0.02,0.0,0.01,0.0,0.0,0.0,0.0,0.0,0,0,0
1756097637,4704,0.11,0.0,0.01,0.0,0.0,0.0,0.0,0.0,0,0,0
1756097637,4705,0.15,0.0,0.0,0.0,0.0,0.0,0.0,0.0,0,0,0
1756097637,4706,0.07,0.0,0.0,0.0,0.0,0.0,0.0,0.0,0,0,0
1756097637,4707,0.1,0.0,0.0,0.0,0.0,0.0,0.0,0.0,0,0,0
1756097638,4708,0.17,0.0,0.0,0.0,0.0,0.0,0.0,0.0,0,0,0
1756097638,4709,0.1,0.0,-0.01,0.0,0.0,0.0,0.0,0.0,0,0,0
1756097638,4710,0.14,0.0,-0.01,0.0,0.0,0.0,0.0,0.0,0,0,0
1756097638,4711,0.07,0.0,0.0,0.0,0.0,0.0,0.0,0.0,0,0,0
1756097638,4712,0.09,0.0,-0.03,0.0,0.0,0.0,0.0,0.0,0,0,0
1756097638,4713,0.07,0.0,0.0,0.0,0.0,0.0,0.0,0.0,0,0,0
1756097638,4714,0.1,0.0,-0.05,0.0,0.0,0.0,0.0,0.0,0,0,0
1756097638,4715,0.12,0.0,0.0,0.0,0.0,0.0,0.0,0.0,0,0,0
1756097638,4716,0.1,0.0,0.0,0.0,0.0,0.0,0.0,0.0,0,0,0
1756097638,4717,0.12,0.0,0.01,0.0,0.0,0.0,0.0,0.0,0,0,0
1756097638,4718,0.07,0.0,0.0,0.0,0.0,0.0,0.0,0.0,0,0,0
1756097638,4719,0.12,0.0,0.0,0.0,0.0,0.0,0.0,0.0,0,0,0
1756097638,4720,0.1,0.0,0.0,0.0,0.0,0.0,0.0,0.0,0,0,0
1756097638,4721,0.14,0.0,-0.01,0.0,0.0,0.0,0.0,0.0,0,0,0
1756097638,4722,0.1,0.0,-0.01,0.0,0.0,0.0,0.0,0.0,0,0,0
1756097638,4723,0.1,0.0,-0.02,0.0,0.0,0.0,0.0,0.0,0,0,0
1756097638,4724,0.12,0.0,0.0,0.0,0.0,0.0,0.0,0.0,0,0,0
1756097638,4725,0.15,0.0,-0.01,0.0,0.0,0.0,0.0,0.0,0,0,0
1756097638,4726,0.1,0.0,0.0,0.0,0.0,0.0,0.0,0.0,0,0,0
1756097638,4727,0.1,0.0,0.0,0.0,0.0,0.0,0.0,0.0,0,0,0
1756097638,4728,0.15,0.0,0.0,0.0,0.0,0.0,0.0,0.0,0,0,0
1756097638,4729,0.11,0.0,0.0,0.0,0.0,0.0,0.0,0.0,0,0,0
1756097638,4730,0.07,0.0,-0.01,0.0,0.0,0.0,0.0,0.0,0,0,0
1756097638,4731,0.11,0.0,-0.01,0.0,0.0,0.0,0.0,0.0,0,0,0
1756097638,4732,0.07,0.0,-0.01,0.0,0.0,0.0,0.0,0.0,0,0,0
1756097638,4733,0.11,0.0,-0.07,0.0,0.0,0.0,0.0,0.0,0,0,0
1756097638,4734,0.1,0.0,0.18,0.0,0.0,0.0,0.0,0.0,0,0,0
1756097638,4735,0.05,0.0,-0.03,0.0,0.0,0.0,0.0,0.0,0,0,0
1756097638,4736,0.11,0.0,0.0,0.0,0.0,0.0,0.0,0.0,0,0,0
1756097638,4737,0.1,0.0,0.01,0.0,0.0,0.0,0.0,0.0,0,0,0
1756097638,4738,0.1,0.0,-0.01,0.0,0.0,0.0,0.0,0.0,0,0,0
1756097638,4739,0.1,0.0,0.0,0.0,0.0,0.0,0.0,0.0,0,0,0
1756097638,4740,0.14,0.0,0.05,0.0,0.0,0.0,0.0,0.0,0,0,0
1756097638,4741,0.18,0.0,0.0,0.0,0.0,0.0,0.0,0.0,0,0,0
1756097638,4742,0.12,0.0,0.0,0.0,0.0,0.0,0.0,0.0,0,0,0
1756097638,4743,0.11,0.0,0.01,0.0,0.0,0.0,0.0,0.0,0,0,0
1756097638,4744,0.07,0.0,0.0,0.0,0.0,0.0,0.0,0.0,0,0,0
1756097638,4745,0.12,0.0,0.0,0.0,0.0,0.0,0.0,0.0,0,0,0
1756097638,4746,0.12,0.0,-0.03,0.0,0.0,0.0,0.0,0.0,0,0,0
1756097638,4747,0.1,0.0,0.0,0.0,0.0,0.0,0.0,0.0,0,0,0
1756097638,4748,0.07,0.0,-0.01,0.0,0.0,0.0,0.0,0.0,0,0,0
1756097638,4749,0.1,0.0,0.0,0.0,0.0,0.0,0.0,0.0,0,0,0
1756097638,4750,0.11,0.0,0.0,0.0,0.0,0.0,0.0,0.0,0,0,0
1756097638,4751,0.1,0.0,0.0,0.0,0.0,0.0,0.0,0.0,0,0,0
1756097638,4752,0.11,0.0,0.0,0.0,0.0,0.0,0.0,0.0,0,0,0
1756097638,4753,0.12,0.0,0.0,0.0,0.0,0.0,0.0,0.0,0,0,0
1756097638,4754,0.11,0.0,-0.01,0.0,0.0,0.0,0.0,0.0,0,0,0
1756097638,4755,0.11,0.0,0.0,0.0,0.0,0.0,0.0,0.0,0,0,0
1756097638,4756,0.14,0.0,0.0,0.0,0.0,0.0,0.0,0.0,0,0,0
1756097638,4757,0.09,0.0,0.0,0.0,0.0,0.0,0.0,0.0,0,0,0
1756097638,4758,0.27,0.0,-0.01,0.0,0.0,0.0,0.0,0.0,0,0,0
1756097638,4759,0.03,0.0,-0.01,0.0,0.0,0.0,0.0,0.0,0,0,0
1756097638,4760,0.05,0.0,0.0,0.0,0.0,0.0,0.0,0.0,0,0,0
1756097638,4761,0.07,0.0,0.0,0.0,0.0,0.0,0.0,0.0,0,0,0
1756097638,4762,0.05,0.0,0.0,0.0,0.0,0.0,0.0,0.0,0,0,0
1756097638,4763,0.15,0.0,0.01,0.0,0.0,0.0,0.0,0.0,0,0,0
1756097638,4764,0.15,0.0,0.0,0.0,0.0,0.0,0.0,0.0,0,0,0
1756097638,4765,0.09,0.0,0.0,0.0,0.0,0.0,0.0,0.0,0,0,0
1756097638,4766,0.11,0.0,0.0,0.0,0.0,0.0,0.0,0.0,0,0,0
1756097638,4767,0.12,0.0,0.0,0.0,0.0,0.0,0.0,0.0,0,0,0
1756097638,4768,0.1,0.0,0.0,0.0,0.0,0.0,0.0,0.0,0,0,0
1756097638,4769,0.14,0.0,0.0,0.0,0.0,0.0,0.0,0.0,0,0,0
1756097638,4770,0.07,0.0,0.0,0.0,0.0,0.0,0.0,0.0,0,0,0
1756097638,4771,0.12,0.0,0.02,0.0,0.0,0.0,0.0,0.0,0,0,0
1756097639,4772,0.05,0.0,0.03,0.0,0.0,0.0,0.0,0.0,0,0,0
1756097639,4773,0.05,0.0,0.05,0.0,0.0,0.0,0.0,0.0,0,0,0
1756097639,4774,0.14,0.0,0.0,0.0,0.0,0.0,0.0,0.0,0,0,0
1756097639,4775,0.12,0.0,-0.02,0.0,0.0,0.0,0.0,0.0,0,0,0
1756097639,4776,0.1,0.0,0.0,0.0,0.0,0.0,0.0,0.0,0,0,0
1756097639,4777,0.09,0.0,-0.02,0.0,0.0,0.0,0.0,0.0,0,0,0
1756097639,4778,0.07,0.0,-0.07,0.0,0.0,0.0,0.0,0.0,0,0,0
1756097639,4779,0.12,0.0,-0.05,0.0,0.0,0.0,0.0,0.0,0,0,0
1756097639,4780,0.12,0.0,-0.02,0.0,0.0,0.0,0.0,0.0,0,0,0
1756097639,4781,0.1,0.0,-0.02,0.0,0.0,0.0,0.0,0.0,0,0,0
1756097639,4782,0.1,0.0,0.0,0.0,0.0,0.0,0.0,0.0,0,0,0
1756097639,4783,0.14,0.0,-0.01,0.0,0.0,0.0,0.0,0.0,0,0,0
1756097639,4784,0.07,0.0,-0.05,0.0,0.0,0.0,0.0,0.0,0,0,0
1756097639,4785,0.12,0.0,0.0,0.0,0.0,0.0,0.0,0.0,0,0,0
1756097639,4786,0.1,0.0,-0.05,0.0,0.0,0.0,0.0,0.0,0,0,0
1756097639,4787,0.1,0.0,0.0,0.0,0.0,0.0,0.0,0.0,0,0,0
1756097639,4788,0.1,0.0,0.0,0.0,0.0,0.0,0.0,0.0,0,0,0
1756097639,4789,0.14,0.0,0.0,0.0,0.0,0.0,0.0,0.0,0,0,0
1756097639,4790,0.15,0.0,-0.03,0.0,0.0,0.0,0.0,0.0,0,0,0
1756097639,4791,0.17,0.0,-0.01,0.0,0.0,0.0,0.0,0.0,0,0,0
1756097639,4792,0.09,0.0,0.0,0.0,0.0,0.0,0.0,0.0,0,0,0
1756097639,4793,0.1,0.0,0.0,0.0,0.0,0.0,0.0,0.0,0,0,0
1756097639,4794,0.09,0.0,0.0,0.0,0.0,0.0,0.0,0.0,0,0,0
1756097639,4795,0.11,0.0,-0.01,0.0,0.0,0.0,0.0,0.0,0,0,0
1756097639,4796,0.12,0.0,0.0,0.0,0.0,0.0,0.0,0.0,0,0,0
1756097639,4797,0.11,0.0,-0.02,0.0,0.0,0.0,0.0,0.0,0,0,0
1756097639,4798,0.18,0.0,-0.01,0.0,0.0,0.0,0.0,0.0,0,0,0
1756097639,4799,0.07,0.0,-0.03,0.0,0.0,0.0,0.0,0.0,0,0,0
1756097639,4800,0.05,0.0,0.0,0.0,0.0,0.0,0.0,0.0,0,0,0
1756097639,4801,0.1,0.0,-0.01,0.0,0.0,0.0,0.0,0.0,0,0,0
1756097639,4802,0.12,0.0,0.0,0.0,0.0,0.0,0.0,0.0,0,0,0
1756097639,4803,0.1,0.0,-0.03,0.0,0.0,0.0,0.0,0.0,0,0,0
1756097639,4804,0.05,0.0,0.0,0.0,0.0,0.0,0.0,0.0,0,0,0
1756097639,4805,0.11,0.0,-0.01,0.0,0.0,0.0,0.0,0.0,0,0,0
1756097639,4806,0.1,0.0,-0.01,0.0,0.0,0.0,0.0,0.0,0,0,0
1756097639,4807,0.07,0.0,-0.05,0.0,0.0,0.0,0.0,0.0,0,0,0
1756097639,4808,0.09,0.0,0.01,0.0,0.0,0.0,0.0,0.0,0,0,0
1756097639,4809,0.1,0.0,0.0,0.0,0.0,0.0,0.0,0.0,0,0,0
1756097639,4810,0.11,0.0,0.0,0.0,0.0,0.0,0.0,0.0,0,0,0
1756097639,4811,0.07,0.0,0.01,0.0,0.0,0.0,0.0,0.0,0,0,0
1756097639,4812,0.14,0.0,0.0,0.0,0.0,0.0,0.0,0.0,0,0,0
1756097639,4813,0.12,0.0,0.0,0.0,0.0,0.0,0.0,0.0,0,0,0
1756097639,4814,0.09,0.0,0.0,0.0,0.0,0.0,0.0,0.0,0,0,0
1756097639,4815,0.07,0.0,0.0,0.0,0.0,0.0,0.0,0.0,0,0,0
1756097639,4816,0.07,0.0,0.0,0.0,0.0,0.0,0.0,0.0,0,0,0
1756097639,4817,0.09,0.0,0.0,0.0,0.0,0.0,0.0,0.0,0,0,0
1756097639,4818,0.12,0.0,0.0,0.0,0.0,0.0,0.0,0.0,0,0,0
1756097639,4819,0.07,0.0,-0.05,0.0,0.0,0.0,0.0,0.0,0,0,0
1756097639,4820,0.11,0.0,-0.07,0.0,0.0,0.0,0.0,0.0,0,0,0
1756097639,4821,0.12,0.0,0.01,0.0,0.0,0.0,0.0,0.0,0,0,0
1756097639,4822,0.1,0.0,0.0,0.0,0.0,0.0,0.0,0.0,0,0,0
1756097639,4823,0.15,0.0,-0.03,0.0,0.0,0.0,0.0,0.0,0,0,0
1756097639,4824,0.1,0.0,0.0,0.0,0.0,0.0,0.0,0.0,0,0,0
1756097639,4825,0.15,0.0,-0.07,0.0,0.0,0.0,0.0,0.0,0,0,0
1756097639,4826,0.1,0.0,0.0,0.0,0.0,0.0,0.0,0.0,0,0,0
1756097639,4827,0.05,0.0,-0.01,0.0,0.0,0.0,0.0,0.0,0,0,0
1756097639,4828,0.12,0.0,0.0,0.0,0.0,0.0,0.0,0.0,0,0,0
1756097639,4829,0.14,0.0,-0.03,0.0,0.0,0.0,0.0,0.0,0,0,0
1756097639,4830,0.05,0.0,0.01,0.0,0.0,0.0,0.0,0.0,0,0,0
1756097639,4831,0.14,0.0,-0.02,0.0,0.0,0.0,0.0,0.0,0,0,0
1756097639,4832,0.07,0.0,0.0,0.0,0.0,0.0,0.0,0.0,0,0,0
1756097639,4833,0.11,0.0,0.0,0.0,0.0,0.0,0.0,0.0,0,0,0
1756097639,4834,0.09,0.0,0.0,0.0,0.0,0.0,0.0,0.0,0,0,0
1756097639,4835,0.1,0.0,0.0,0.0,0.0,0.0,0.0,0.0,0,0,0
1756097640,4836,0.1,0.0,0.01,0.0,0.0,0.0,0.0,0.0,0,0,0
1756097640,4837,0.14,0.0,-0.02,0.0,0.0,0.0,0.0,0.0,0,0,0
1756097640,4838,0.15,0.0,0.0,0.0,0.0,0.0,0.0,0.0,0,0,0
1756097640,4839,0.0,0.0,-0.05,0.0,0.0,0.0,0.0,0.0,0,0,0
1756097640,4840,0.15,0.0,0.0,0.0,0.0,0.0,0.0,0.0,0,0,0
1756097640,4841,0.15,0.0,0.03,0.0,0.0,0.0,0.0,0.0,0,0,0
1756097640,4842,0.17,0.0,0.0,0.0,0.0,0.0,0.0,0.0,0,0,0
1756097640,4843,0.15,0.0,0.0,0.0,0.0,0.0,0.0,0.0,0,0,0
1756097640,4844,0.07,0.0,-0.01,0.0,0.0,0.0,0.0,0.0,0,0,0
1756097640,4845,0.09,0.0,0.01,0.0,0.0,0.0,0.0,0.0,0,0,0
1756097640,4846,0.02,0.0,0.0,0.0,0.0,0.0,0.0,0.0,0,0,0
1756097640,4847,0.2,0.0,0.07,0.0,0.0,0.0,0.0,0.0,0,0,0
1756097640,4848,0.15,0.0,0.0,0.0,0.0,0.0,0.0,0.0,0,0,0
1756097640,4849,0.05,0.0,0.01,0.0,0.0,0.0,0.0,0.0,0,0,0
1756097640,4850,0.11,0.0,-0.03,0.0,0.0,0.0,0.0,0.0,0,0,0
1756097640,4851,0.1,0.0,0.01,0.0,0.0,0.0,0.0,0.0,0,0,0
1756097640,4852,0.14,0.0,-0.07,0.0,0.0,0.0,0.0,0.0,0,0,0
1756097640,4853,0.1,0.0,0.0,0.0,0.0,0.0,0.0,0.0,0,0,0
1756097640,4854,0.15,0.0,0.01,0.0,0.0,0.0,0.0,0.0,0,0,0
1756097640,4855,0.12,0.0,0.0,0.0,0.0,0.0,0.0,0.0,0,0,0
1756097640,4856,0.15,0.0,0.0,0.0,0.0,0.0,0.0,0.0,0,0,0
1756097640,4857,0.09,0.0,0.0,0.0,0.0,0.0,0.0,0.0,0,0,0
1756097640,4858,0.14,0.0,0.0,0.0,0.0,0.0,0.0,0.0,0,0,0
1756097640,4859,0.1,0.0,-0.07,0.0,0.0,0.0,0.0,0.0,0,0,0
1756097640,4860,0.1,0.0,-0.05,0.0,0.0,0.0,0.0,0.0,0,0,0
1756097640,4861,0.14,0.0,-0.1,0.0,0.0,0.0,0.0,0.0,0,0,0
1756097640,4862,0.09,0.0,-0.07,0.0,0.0,0.0,0.0,0.0,0,0,0
1756097640,4863,0.07,0.0,0.07,0.0,0.0,0.0,0.0,0.0,0,0,0
1756097640,4864,0.1,0.0,0.0,0.0,0.0,0.0,0.0,0.0,0,0,0
1756097640,4865,0.12,0.0,0.0,0.0,0.0,0.0,0.0,0.0,0,0,0
1756097640,4866,0.14,0.0,0.0,0.0,0.0,0.0,0.0,0.0,0,0,0
1756097640,4867,0.18,0.0,0.0,0.0,0.0,0.0,0.0,0.0,0,0,0
1756097640,4868,0.09,0.0,0.0,0.0,0.0,0.0,0.0,0.0,0,0,0
1756097640,4869,0.14,0.0,0.02,0.0,0.0,0.0,0.0,0.0,0,0,0
1756097640,4870,0.09,0.0,0.01,0.0,0.0,0.0,0.0,0.0,0,0,0
1756097640,4871,0.05,0.0,-0.05,0.0,0.0,0.0,0.0,0.0,0,0,0
1756097640,4872,0.12,0.0,0.01,0.0,0.0,0.0,0.0,0.0,0,0,0
1756097640,4873,0.09,0.0,0.0,0.0,0.0,0.0,0.0,0.0,0,0,0
1756097640,4874,0.09,0.0,0.03,0.0,0.0,0.0,0.0,0.0,0,0,0
1756097640,4875,0.15,0.0,0.0,0.0,0.0,0.0,0.0,0.0,0,0,0
1756097640,4876,0.07,0.0,0.0,0.0,0.0,0.0,0.0,0.0,0,0,0
1756097640,4877,0.14,0.0,0.0,0.0,0.0,0.0,0.0,0.0,0,0,0
1756097640,4878,0.1,0.0,-0.01,0.0,0.0,0.0,0.0,0.0,0,0,0
1756097640,4879,0.07,0.0,-0.01,0.0,0.0,0.0,0.0,0.0,0,0,0
1756097640,4880,0.11,0.0,0.0,0.0,0.0,0.0,0.0,0.0,0,0,0
1756097640,4881,0.15,0.0,-0.1,0.0,0.0,0.0,0.0,0.0,0,0,0
1756097640,4882,0.14,0.0,-0.05,0.0,0.0,0.0,0.0,0.0,0,0,0
1756097640,4883,0.11,0.0,0.0,0.0,0.0,0.0,0.0,0.0,0,0,0
1756097640,4884,0.1,0.0,-0.01,0.0,0.0,0.0,0.0,0.0,0,0,0
1756097640,4885,0.15,0.0,0.0,0.0,0.0,0.0,0.0,0.0,0,0,0
1756097640,4886,0.09,0.0,-0.01,0.0,0.0,0.0,0.0,0.0,0,0,0
1756097640,4887,0.09,0.0,0.0,0.0,0.0,0.0,0.0,0.0,0,0,0
1756097640,4888,0.1,0.0,0.0,0.0,0.0,0.0,0.0,0.0,0,0,0
1756097640,4889,0.07,0.0,0.0,0.0,0.0,0.0,0.0,0.0,0,0,0
1756097640,4890,0.07,0.0,-0.03,0.0,0.0,0.0,0.0,0.0,0,0,0
1756097640,4891,0.1,0.0,0.0,0.0,0.0,0.0,0.0,0.0,0,0,0
1756097640,4892,0.11,0.0,-0.01,0.0,0.0,0.0,0.0,0.0,0,0,0
1756097640,4893,0.1,0.0,0.0,0.0,0.0,0.0,0.0,0.0,0,0,0
1756097640,4894,0.14,0.0,-0.01,0.0,0.0,0.0,0.0,0.0,0,0,0
1756097640,4895,0.11,0.0,-0.01,0.0,0.0,0.0,0.0,0.0,0,0,0
1756097640,4896,0.12,0.0,0.0,0.0,0.0,0.0,0.0,0.0,0,0,0
1756097640,4897,0.05,0.0,-0.05,0.0,0.0,0.0,0.0,0.0,0,0,0
1756097640,4898,0.09,0.0,0.0,0.0,0.0,0.0,0.0,0.0,0,0,0
1756097640,4899,0.02,0.0,0.01,0.0,0.0,0.0,0.0,0.0,0,0,0
1756097640,4900,0.14,0.0,-0.05,0.0,0.0,0.0,0.0,0.0,0,0,0
1756097641,4901,0.1,0.0,0.0,0.0,0.0,0.0,0.0,0.0,0,0,0
1756097641,4902,0.11,0.0,-0.01,0.0,0.0,0.0,0.0,0.0,0,0,0
1756097641,4903,0.1,0.0,0.0,0.0,0.0,0.0,0.0,0.0,0,0,0
1756097641,4904,0.15,0.0,0.0,0.0,0.0,0.0,0.0,0.0,0,0,0
1756097641,4905,0.07,0.0,-0.07,0.0,0.0,0.0,0.0,0.0,0,0,0
1756097641,4906,0.1,0.0,0.0,0.0,0.0,0.0,0.0,0.0,0,0,0
1756097641,4907,0.07,0.0,-0.02,0.0,0.0,0.0,0.0,0.0,0,0,0
1756097641,4908,0.1,0.0,-0.02,0.0,0.0,0.0,0.0,0.0,0,0,0
1756097641,4909,0.03,0.0,-0.01,0.0,0.0,0.0,0.0,0.0,0,0,0
1756097641,4910,0.12,0.0,-0.01,0.0,0.0,0.0,0.0,0.0,0,0,0
1756097641,4911,0.15,0.0,0.0,0.0,0.0,0.0,0.0,0.0,0,0,0
1756097641,4912,0.1,0.0,0.0,0.0,0.0,0.0,0.0,0.0,0,0,0
1756097641,4913,0.1,0.0,0.02,0.0,0.0,0.0,0.0,0.0,0,0,0
1756097641,4914,0.1,0.0,0.0,0.0,0.0,0.0,0.0,0.0,0,0,0
1756097641,4915,0.05,0.0,0.0,0.0,0.0,0.0,0.0,0.0,0,0,0
1756097641,4916,0.05,0.0,0.0,0.0,0.0,0.0,0.0,0.0,0,0,0
1756097641,4917,0.11,0.0,-0.02,0.0,0.0,0.0,0.0,0.0,0,0,0
1756097641,4918,0.12,0.0,0.0,0.0,0.0,0.0,0.0,0.0,0,0,0
1756097641,4919,0.15,0.0,0.0,0.0,0.0,0.0,0.0,0.0,0,0,0
1756097641,4920,0.1,0.0,0.0,0.0,0.0,0.0,0.0,0.0,0,0,0
1756097641,4921,0.1,0.0,-0.07,0.0,0.0,0.0,0.0,0.0,0,0,0
1756097641,4922,0.1,0.0,0.0,0.0,0.0,0.0,0.0,0.0,0,0,0
1756097641,4923,0.07,0.0,0.0,0.0,0.0,0.0,0.0,0.0,0,0,0
1756097641,4924,0.07,0.0,0.0,0.0,0.0,0.0,0.0,0.0,0,0,0
1756097641,4925,0.01,0.0,-0.01,0.0,0.0,0.0,0.0,0.0,0,0,0
1756097641,4926,0.11,0.0,0.0,0.0,0.0,0.0,0.0,0.0,0,0,0
1756097641,4927,0.18,0.0,0.0,0.0,0.0,0.0,0.0,0.0,0,0,0
1756097641,4928,0.1,0.0,-0.01,0.0,0.0,0.0,0.0,0.0,0,0,0
1756097641,4929,0.1,0.0,-0.01,0.0,0.0,0.0,0.0,0.0,0,0,0
1756097641,4930,0.12,0.0,-0.01,0.0,0.0,0.0,0.0,0.0,0,0,0
1756097641,4931,0.12,0.0,-0.07,0.0,0.0,0.0,0.0,0.0,0,0,0
1756097641,4932,0.15,0.0,-0.01,0.0,0.0,0.0,0.0,0.0,0,0,0
1756097641,4933,0.1,0.0,-0.03,0.0,0.0,0.0,0.0,0.0,0,0,0
1756097641,4934,0.05,0.0,0.0,0.0,0.0,0.0,0.0,0.0,0,0,0
1756097641,4935,0.15,0.0,0.0,0.0,0.0,0.0,0.0,0.0,0,0,0
1756097641,4936,0.15,0.0,0.0,0.0,0.0,0.0,0.0,0.0,0,0,0
1756097641,4937,0.18,0.0,0.0,0.0,0.0,0.0,0.0,0.0,0,0,0
1756097641,4938,0.1,0.0,0.0,0.0,0.0,0.0,0.0,0.0,0,0,0
1756097641,4939,0.03,0.0,-0.01,0.0,0.0,0.0,0.0,0.0,0,0,0
1756097641,4940,0.17,0.0,0.0,0.0,0.0,0.0,0.0,0.0,0,0,0
1756097641,4941,0.2,0.0,0.02,0.0,0.0,0.0,0.0,0.0,0,0,0
1756097641,4942,0.07,0.0,-0.02,0.0,0.0,0.0,0.0,0.0,0,0,0
1756097641,4943,0.17,0.0,-0.09,0.0,0.0,0.0,0.0,0.0,0,0,0
1756097641,4944,0.2,0.0,0.0,0.0,0.0,0.0,0.0,0.0,0,0,0
1756097641,4945,0.1,0.0,0.0,0.0,0.0,0.0,0.0,0.0,0,0,0
1756097641,4946,0.07,0.0,0.01,0.0,0.0,0.0,0.0,0.0,0,0,0
1756097641,4947,0.1,0.0,0.0,0.0,0.0,0.0,0.0,0.0,0,0,0
1756097641,4948,0.07,0.0,0.02,0.0,0.0,0.0,0.0,0.0,0,0,0
1756097641,4949,0.07,0.0,0.0,0.0,0.0,0.0,0.0,0.0,0,0,0
1756097641,4950,0.1,0.0,0.0,0.0,0.0,0.0,0.0,0.0,0,0,0
1756097641,4951,0.05,0.0,-0.02,0.0,0.0,0.0,0.0,0.0,0,0,0
1756097641,4952,0.07,0.0,0.03,0.0,0.0,0.0,0.0,0.0,0,0,0
1756097641,4953,0.1,0.0,-0.02,0.0,0.0,0.0,0.0,0.0,0,0,0
1756097641,4954,0.07,0.0,0.0,0.0,0.0,0.0,0.0,0.0,0,0,0
1756097641,4955,0.07,0.0,0.0,0.0,0.0,0.0,0.0,0.0,0,0,0
1756097641,4956,0.07,0.0,-0.02,0.0,0.0,0.0,0.0,0.0,0,0,0
1756097641,4957,0.15,0.0,0.0,0.0,0.0,0.0,0.0,0.0,0,0,0
1756097641,4958,0.09,0.0,-0.05,0.0,0.0,0.0,0.0,0.0,0,0,0
1756097641,4959,0.12,0.0,0.0,0.0,0.0,0.0,0.0,0.0,0,0,0
1756097641,4960,0.12,0.0,0.0,0.0,0.0,0.0,0.0,0.0,0,0,0
1756097641,4961,0.03,0.0,0.0,0.0,0.0,0.0,0.0,0.0,0,0,0
1756097641,4962,0.09,0.0,-0.01,0.0,0.0,0.0,0.0,0.0,0,0,0
1756097641,4963,0.11,0.0,0.0,0.0,0.0,0.0,0.0,0.0,0,0,0
1756097641,4964,0.17,0.0,0.01,0.0,0.0,0.0,0.0,0.0,0,0,0
1756097641,4965,0.09,0.0,0.0,0.0,0.0,0.0,0.0,0.0,0,0,0
1756097641,4966,0.15,0.0,-0.03,0.0,0.0,0.0,0.0,0.0,0,0,0
1756097642,4967,0.14,0.0,-0.01,0.0,0.0,0.0,0.0,0.0,0,0,0
1756097642,4968,0.07,0.0,0.0,0.0,0.0,0.0,0.0,0.0,0,0,0
1756097642,4969,0.12,0.0,0.0,0.0,0.0,0.0,0.0,0.0,0,0,0
1756097642,4970,0.15,0.0,-0.01,0.0,0.0,0.0,0.0,0.0,0,0,0
1756097642,4971,0.12,0.0,0.0,0.0,0.0,0.0,0.0,0.0,0,0,0
1756097642,4972,0.07,0.0,-0.01,0.0,0.0,0.0,0.0,0.0,0,0,0
1756097642,4973,0.15,0.0,0.0,0.0,0.0,0.0,0.0,0.0,0,0,0
1756097642,4974,0.1,0.0,-0.03,0.0,0.0,0.0,0.0,0.0,0,0,0
1756097642,4975,0.12,0.0,0.01,0.0,0.0,0.0,0.0,0.0,0,0,0
1756097642,4976,0.14,0.0,-0.01,0.0,0.0,0.0,0.0,0.0,0,0,0
1756097642,4977,0.15,0.0,0.0,0.0,0.0,0.0,0.0,0.0,0,0,0
1756097642,4978,0.09,0.0,0.0,0.0,0.0,0.0,0.0,0.0,0,0,0
1756097642,4979,0.14,0.0,0.0,0.0,0.0,0.0,0.0,0.0,0,0,0
1756097642,4980,0.09,0.0,-0.01,0.0,0.0,0.0,0.0,0.0,0,0,0
1756097642,4981,0.15,0.0,0.0,0.0,0.0,0.0,0.0,0.0,0,0,0
1756097642,4982,0.12,0.0,0.0,0.0,0.0,0.0,0.0,0.0,0,0,0
1756097642,4983,0.1,0.0,0.0,0.0,0.0,0.0,0.0,0.0,0,0,0
1756097642,4984,0.07,0.0,0.0,0.0,0.0,0.0,0.0,0.0,0,0,0
1756097642,4985,0.07,0.0,0.0,0.0,0.0,0.0,0.0,0.0,0,0,0
1756097642,4986,0.12,0.0,0.0,0.0,0.0,0.0,0.0,0.0,0,0,0
1756097642,4987,0.09,0.0,0.02,0.0,0.0,0.0,0.0,0.0,0,0,0
1756097642,4988,0.05,0.0,-0.02,0.0,0.0,0.0,0.0,0.0,0,0,0
1756097642,4989,0.1,0.0,0.0,0.0,0.0,0.0,0.0,0.0,0,0,0
1756097642,4990,0.12,0.0,0.0,0.0,0.0,0.0,0.0,0.0,0,0,0
1756097642,4991,0.07,0.0,0.0,0.0,0.0,0.0,0.0,0.0,0,0,0
1756097642,4992,0.1,0.0,-0.02,0.0,0.0,0.0,0.0,0.0,0,0,0
1756097642,4993,0.15,0.0,0.02,0.0,0.0,0.0,0.0,0.0,0,0,0
1756097642,4994,0.1,0.0,-0.01,0.0,0.0,0.0,0.0,0.0,0,0,0
1756097642,4995,0.12,0.0,0.0,0.0,0.0,0.0,0.0,0.0,0,0,0
1756097642,4996,0.11,0.0,0.0,0.0,0.0,0.0,0.0,0.0,0,0,0
1756097642,4997,0.1,0.0,0.0,0.0,0.0,0.0,0.0,0.0,0,0,0
1756097642,4998,0.09,0.0,-0.03,0.0,0.0,0.0,0.0,0.0,0,0,0
1756097642,4999,0.17,0.0,-0.02,0.0,0.0,0.0,0.0,0.0,0,0,0
1756097642,5000,0.05,0.0,-0.01,0.0,0.0,0.0,0.0,0.0,0,0,0
1756097642,5001,0.1,0.0,0.0,0.0,0.0,0.0,0.0,0.0,0,0,0
1756097642,5002,0.12,0.0,0.0,0.0,0.0,0.0,0.0,0.0,0,0,0
1756097642,5003,0.07,0.0,-0.03,0.0,0.0,0.0,0.0,0.0,0,0,0
1756097642,5004,0.1,0.0,0.0,0.0,0.0,0.0,0.0,0.0,0,0,0
1756097642,5005,0.1,0.0,0.0,0.0,0.0,0.0,0.0,0.0,0,0,0
1756097642,5006,0.2,0.0,0.0,0.0,0.0,0.0,0.0,0.0,0,0,0
1756097642,5007,0.17,0.0,0.0,0.0,0.0,0.0,0.0,0.0,0,0,0
1756097642,5008,0.05,0.0,-0.03,0.0,0.0,0.0,0.0,0.0,0,0,0
1756097642,5009,0.07,0.0,0.01,0.0,0.0,0.0,0.0,0.0,0,0,0
1756097642,5010,0.1,0.0,0.0,0.0,0.0,0.0,0.0,0.0,0,0,0
1756097642,5011,0.07,0.0,0.0,0.0,0.0,0.0,0.0,0.0,0,0,0
1756097642,5012,0.0,0.0,0.0,0.0,0.0,0.0,0.0,0.0,0,0,0
1756097642,5013,0.2,0.0,0.0,0.0,0.0,0.0,0.0,0.0,0,0,0
1756097642,5014,0.1,0.0,0.0,0.0,0.0,0.0,0.0,0.0,0,0,0
1756097642,5015,0.17,0.0,0.0,0.0,0.0,0.0,0.0,0.0,0,0,0
1756097642,5016,0.14,0.0,0.0,0.0,0.0,0.0,0.0,0.0,0,0,0
1756097642,5017,0.12,0.0,-0.03,0.0,0.0,0.0,0.0,0.0,0,0,0
1756097642,5018,0.18,0.0,0.1,0.0,0.0,0.0,0.0,0.0,0,0,0
1756097642,5019,0.12,0.0,0.0,0.0,0.0,0.0,0.0,0.0,0,0,0
1756097642,5020,0.1,0.0,-0.03,0.0,0.0,0.0,0.0,0.0,0,0,0
1756097642,5021,0.11,0.0,-0.02,0.0,0.0,0.0,0.0,0.0,0,0,0
1756097642,5022,0.1,0.0,0.0,0.0,0.0,0.0,0.0,0.0,0,0,0
1756097642,5023,0.12,0.0,0.01,0.0,0.0,0.0,0.0,0.0,0,0,0
1756097642,5024,0.1,0.0,0.01,0.0,0.0,0.0,0.0,0.0,0,0,0
1756097642,5025,0.09,0.0,0.01,0.0,0.0,0.0,0.0,0.0,0,0,0
1756097642,5026,0.15,0.0,0.01,0.0,0.0,0.0,0.0,0.0,0,0,0
1756097642,5027,0.05,0.0,-0.05,0.0,0.0,0.0,0.0,0.0,0,0,0
1756097642,5028,0.11,0.0,0.0,0.0,0.0,0.0,0.0,0.0,0,0,0
1756097642,5029,0.11,0.0,0.0,0.0,0.0,0.0,0.0,0.0,0,0,0
1756097642,5030,0.05,0.0,0.0,0.0,0.0,0.0,0.0,0.0,0,0,0
1756097642,5031,0.07,0.0,0.0,0.0,0.0,0.0,0.0,0.0,0,0,0
1756097642,5032,0.12,0.0,0.0,0.0,0.0,0.0,0.0,0.0,0,0,0
1756097642,5033,0.12,0.0,0.0,0.0,0.0,0.0,0.0,0.0,0,0,0
1756097642,5034,0.11,0.0,0.0,0.0,0.0,0.0,0.0,0.0,0,0,0
1756097643,5035,0.09,0.0,-0.02,0.0,0.0,0.0,0.0,0.0,0,0,0
1756097643,5036,0.12,0.0,-0.01,0.0,0.0,0.0,0.0,0.0,0,0,0
1756097643,5037,0.12,0.0,-0.03,0.0,0.0,0.0,0.0,0.0,0,0,0
1756097643,5038,0.23,0.0,0.0,0.0,0.0,0.0,0.0,0.0,0,0,0
1756097643,5039,0.07,0.0,0.07,0.0,0.0,0.0,0.0,0.0,0,0,0
1756097643,5040,0.05,0.0,0.0,0.0,0.0,0.0,0.0,0.0,0,0,0
1756097643,5041,0.11,0.0,0.0,0.0,0.0,0.0,0.0,0.0,0,0,0
1756097643,5042,0.17,0.0,0.0,0.0,0.0,0.0,0.0,0.0,0,0,0
1756097643,5043,0.05,0.0,0.02,0.0,0.0,0.0,0.0,0.0,0,0,0
1756097643,5044,0.15,0.0,0.0,0.0,0.0,0.0,0.0,0.0,0,0,0
1756097643,5045,0.1,0.0,0.0,0.0,0.0,0.0,0.0,0.0,0,0,0
1756097643,5046,0.07,0.0,0.0,0.0,0.0,0.0,0.0,0.0,0,0,0
1756097643,5047,0.12,0.0,0.0,0.0,0.0,0.0,0.0,0.0,0,0,0
1756097643,5048,0.14,0.0,0.0,0.0,0.0,0.0,0.0,0.0,0,0,0
1756097643,5049,0.05,0.0,0.0,0.0,0.0,0.0,0.0,0.0,0,0,0
1756097643,5050,0.05,0.0,0.0,0.0,0.0,0.0,0.0,0.0,0,0,0
1756097643,5051,0.07,0.0,0.0,0.0,0.0,0.0,0.0,0.0,0,0,0
1756097643,5052,0.18,0.0,0.0,0.0,0.0,0.0,0.0,0.0,0,0,0
1756097643,5053,0.15,0.0,0.02,0.0,0.0,0.0,0.0,0.0,0,0,0
1756097643,5054,0.14,0.0,-0.02,0.0,0.0,0.0,0.0,0.0,0,0,0
1756097643,5055,0.1,0.0,0.0,0.0,0.0,0.0,0.0,0.0,0,0,0
1756097643,5056,0.18,0.0,-0.01,0.0,0.0,0.0,0.0,0.0,0,0,0
1756097643,5057,0.1,0.0,0.0,0.0,0.0,0.0,0.0,0.0,0,0,0
1756097643,5058,0.07,0.0,0.0,0.0,0.0,0.0,0.0,0.0,0,0,0
1756097643,5059,0.05,0.0,0.0,0.0,0.0,0.0,0.0,0.0,0,0,0
1756097643,5060,0.1,0.0,0.0,0.0,0.0,0.0,0.0,0.0,0,0,0
1756097643,5061,0.1,0.0,-0.05,0.0,0.0,0.0,0.0,0.0,0,0,0
1756097643,5062,0.14,0.0,0.0,0.0,0.0,0.0,0.0,0.0,0,0,0
1756097643,5063,0.09,0.0,0.09,0.0,0.0,0.0,0.0,0.0,0,0,0
1756097643,5064,0.09,0.0,0.0,0.0,0.0,0.0,0.0,0.0,0,0,0
1756097643,5065,0.1,0.0,0.0,0.0,0.0,0.0,0.0,0.0,0,0,0
1756097643,5066,0.12,0.0,0.0,0.0,0.0,0.0,0.0,0.0,0,0,0
1756097643,5067,0.1,0.0,0.0,0.0,0.0,0.0,0.0,0.0,0,0,0
1756097643,5068,0.09,0.0,-0.03,0.0,0.0,0.0,0.0,0.0,0,0,0
1756097643,5069,0.11,0.0,0.0,0.0,0.0,0.0,0.0,0.0,0,0,0
1756097643,5070,0.1,0.0,0.0,0.0,0.0,0.0,0.0,0.0,0,0,0
1756097643,5071,0.11,0.0,0.0,0.0,0.0,0.0,0.0,0.0,0,0,0
1756097643,5072,0.07,0.0,0.0,0.0,0.0,0.0,0.0,0.0,0,0,0
1756097643,5073,0.12,0.0,0.0,0.0,0.0,0.0,0.0,0.0,0,0,0
1756097643,5074,0.15,0.0,0.0,0.0,0.0,0.0,0.0,0.0,0,0,0
1756097643,5075,0.09,0.0,0.0,0.0,0.0,0.0,0.0,0.0,0,0,0
1756097643,5076,0.09,0.0,0.01,0.0,0.0,0.0,0.0,0.0,0,0,0
1756097643,5077,0.12,0.0,-0.07,0.0,0.0,0.0,0.0,0.0,0,0,0
1756097643,5078,0.12,0.0,0.03,0.0,0.0,0.0,0.0,0.0,0,0,0
1756097643,5079,0.07,0.0,-0.01,0.0,0.0,0.0,0.0,0.0,0,0,0
1756097643,5080,0.09,0.0,0.0,0.0,0.0,0.0,0.0,0.0,0,0,0
1756097643,5081,0.1,0.0,0.0,0.0,0.0,0.0,0.0,0.0,0,0,0
1756097643,5082,0.07,0.0,0.0,0.0,0.0,0.0,0.0,0.0,0,0,0
1756097643,5083,0.09,0.0,0.0,0.0,0.0,0.0,0.0,0.0,0,0,0
1756097643,5084,0.03,0.0,0.0,0.0,0.0,0.0,0.0,0.0,0,0,0
1756097643,5085,0.07,0.0,0.0,0.0,0.0,0.0,0.0,0.0,0,0,0
1756097643,5086,0.12,0.0,0.01,0.0,0.0,0.0,0.0,0.0,0,0,0
1756097643,5087,0.15,0.0,-0.07,0.0,0.0,0.0,0.0,0.0,0,0,0
1756097643,5088,0.15,0.0,0.0,0.0,0.0,0.0,0.0,0.0,0,0,0
1756097643,5089,0.1,0.0,-0.05,0.0,0.0,0.0,0.0,0.0,0,0,0
1756097643,5090,0.14,0.0,0.0,0.0,0.0,0.0,0.0,0.0,0,0,0
1756097643,5091,0.07,0.0,0.01,0.0,0.0,0.0,0.0,0.0,0,0,0
1756097643,5092,0.12,0.0,0.0,0.0,0.0,0.0,0.0,0.0,0,0,0
1756097643,5093,0.11,0.0,-0.02,0.0,0.0,0.0,0.0,0.0,0,0,0
1756097643,5094,0.12,0.0,-0.03,0.0,0.0,0.0,0.0,0.0,0,0,0
1756097643,5095,0.11,0.0,0.0,0.0,0.0,0.0,0.0,0.0,0,0,0
1756097643,5096,0.15,0.0,0.0,0.0,0.0,0.0,0.0,0.0,0,0,0
1756097644,5097,0.07,0.0,0.0,0.0,0.0,0.0,0.0,0.0,0,0,0
1756097644,5098,0.1,0.0,0.0,0.0,0.0,0.0,0.0,0.0,0,0,0
1756097644,5099,0.05,0.0,-0.01,0.0,0.0,0.0,0.0,0.0,0,0,0
1756097644,5100,0.1,0.0,0.03,0.0,0.0,0.0,0.0,0.0,0,0,0
1756097644,5101,0.07,0.0,0.02,0.0,0.0,0.0,0.0,0.0,0,0,0
1756097644,5102,0.1,0.0,0.01,0.0,0.0,0.0,0.0,0.0,0,0,0
1756097644,5103,0.11,0.0,0.02,0.0,0.0,0.0,0.0,0.0,0,0,0
1756097644,5104,0.1,0.0,-0.02,0.0,0.0,0.0,0.0,0.0,0,0,0
1756097644,5105,0.09,0.0,0.02,0.0,0.0,0.0,0.0,0.0,0,0,0
1756097644,5106,0.1,0.0,0.05,0.0,0.0,0.0,0.0,0.0,0,0,0
1756097644,5107,0.1,0.0,0.07,0.0,0.0,0.0,0.0,0.0,0,0,0
1756097644,5108,0.1,0.0,0.05,0.0,0.0,0.0,0.0,0.0,0,0,0
1756097644,5109,0.15,0.0,0.07,0.0,0.0,0.0,0.0,0.0,0,0,0
1756097644,5110,0.11,0.0,0.01,0.0,0.0,0.0,0.0,0.0,0,0,0
1756097644,5111,0.12,0.0,0.07,0.0,0.0,0.0,0.0,0.0,0,0,0
1756097644,5112,0.09,0.0,0.07,0.0,0.0,0.0,0.0,2.67,0,0,0
1756097644,5113,0.05,0.0,0.1,0.0,0.0,0.0,0.0,12.05,0,0,0
1756097644,5114,0.09,0.0,0.21,0.0,0.0,0.0,0.0,22.38,0,0,0
1756097644,5115,0.1,0.0,0.2,0.0,0.0,0.0,0.0,32.2,0,0,0
1756097644,5116,0.12,0.0,0.11,0.0,0.0,0.0,0.0,52.24,0,0,0
1756097644,5117,0.15,0.0,0.09,0.0,0.0,0.0,0.0,65.75,0,0,0
1756097644,5118,0.14,0.0,0.02,0.0,0.0,0.0,0.0,72.44,0,0,0
1756097644,5119,0.09,0.0,-0.01,0.0,0.0,0.0,0.0,75.18,0,0,0
1756097644,5120,0.12,0.0,-0.07,0.0,0.0,0.0,0.0,75.79,0,0,0
1756097644,5121,0.09,0.0,-0.02,0.0,0.0,0.0,0.0,72.33,0,0,0
1756097644,5122,0.05,0.0,-0.07,0.0,0.0,0.0,0.0,65.43,0,0,0
1756097644,5123,0.1,0.0,-0.01,0.0,0.0,0.0,0.0,55.06,0,0,0
1756097644,5124,0.15,0.0,0.0,0.0,0.0,0.0,0.0,42.43,0,0,0
1756097644,5125,0.15,0.0,0.01,0.0,0.0,0.0,0.0,21.7,0,0,0
1756097644,5126,0.1,0.0,0.0,0.0,0.0,0.0,0.0,8.14,0,0,0
1756097644,5127,0.1,0.0,0.07,0.0,0.0,0.0,0.0,0.0,0,0,0
1756097644,5128,0.09,0.0,-0.05,0.0,0.0,0.0,0.0,0.0,0,0,0
1756097644,5129,0.15,0.0,-0.09,0.0,0.0,0.0,0.0,0.0,0,0,0
1756097644,5130,0.1,0.0,0.05,0.0,0.0,0.0,0.0,0.0,0,0,0
1756097644,5131,0.05,0.0,0.1,0.0,0.0,0.0,0.0,0.0,0,0,0
1756097644,5132,0.12,0.0,-0.01,0.0,0.0,0.0,0.0,0.0,0,0,0
1756097644,5133,0.03,0.0,-0.05,0.0,0.0,0.0,0.0,0.0,0,0,0
1756097644,5134,0.1,0.0,-0.05,0.0,0.0,0.0,0.0,0.0,0,0,0
1756097644,5135,0.05,0.0,-0.02,0.0,0.0,0.0,0.0,0.0,0,0,0
1756097644,5136,0.12,0.0,-0.01,0.0,0.0,0.0,0.0,0.0,0,0,0
1756097644,5137,0.09,0.0,0.01,0.0,0.0,0.0,0.0,0.0,0,0,0
1756097644,5138,0.1,0.0,0.09,0.0,0.0,0.0,0.0,0.0,0,0,0
1756097644,5139,0.17,0.0,0.1,0.0,0.0,0.0,0.0,0.0,0,0,0
1756097644,5140,0.18,0.0,0.1,0.0,0.0,0.0,0.0,0.0,0,0,0
1756097644,5141,0.15,0.0,0.1,0.0,0.0,0.0,0.0,0.0,0,0,0
1756097644,5142,0.11,0.0,0.05,0.0,0.0,0.0,0.0,0.0,0,0,0
1756097644,5143,0.11,0.0,0.05,0.0,0.0,0.0,0.0,0.0,0,0,0
1756097644,5144,0.11,0.0,0.02,0.0,0.0,0.0,0.0,0.0,0,0,0
1756097644,5145,0.12,0.0,0.05,0.0,0.0,0.0,0.0,0.0,0,0,0
1756097644,5146,0.07,0.0,0.05,0.0,0.0,0.0,0.0,0.0,0,0,0
1756097644,5147,0.09,0.0,0.01,0.0,0.0,0.0,0.0,0.0,0,0,0
1756097644,5148,0.07,0.0,0.07,0.0,0.0,0.0,0.0,0.0,0,0,0
1756097644,5149,0.14,0.0,0.0,0.0,0.0,0.0,0.0,0.0,0,0,0
1756097644,5150,0.1,0.0,0.07,0.0,0.0,0.0,0.0,0.0,0,0,0
1756097644,5151,0.09,0.0,0.0,0.0,0.0,0.0,0.0,0.0,0,0,0
1756097644,5152,0.1,0.0,0.03,0.0,0.0,0.0,0.0,0.0,0,0,0
1756097644,5153,0.15,0.0,0.05,0.0,0.0,0.0,0.0,0.0,0,0,0
1756097644,5154,0.11,0.0,0.07,0.0,0.0,0.0,0.0,0.0,0,0,0
1756097644,5155,0.15,0.0,0.07,0.0,0.0,0.0,0.0,0.0,0,0,0
1756097644,5156,0.1,0.0,0.15,0.0,0.0,0.0,0.0,0.0,0,0,0
1756097644,5157,0.1,0.0,0.02,0.0,0.0,0.0,0.0,0.0,0,0,0
1756097644,5158,0.12,0.0,0.0,0.0,0.0,0.0,0.0,0.1,0,0,0
1756097644,5159,0.1,0.0,0.05,0.0,0.0,0.0,1.0,0.34,0,0,0
1756097644,5160,0.14,0.0,0.05,0.0,0.0,0.0,1.0,0.6,0,0,0
1756097644,5161,0.1,0.0,0.17,0.0,0.0,0.0,1.0,0.82,0,0,0
1756097644,5162,0.14,0.0,0.14,0.0,0.0,0.0,1.0,1.28,0,0,0
1756097644,5163,0.1,0.0,0.05,0.0,0.0,0.0,1.0,1.62,0,0,0
1756097645,5164,0.1,0.0,0.11,0.0,0.0,0.0,1.0,1.78,0,0,0
1756097645,5165,0.09,0.0,0.0,0.0,0.0,0.0,1.0,1.92,0,0,0
1756097645,5166,0.07,0.0,0.02,0.0,0.0,0.0,1.0,2.04,0,0,0
1756097645,5167,0.09,0.0,0.0,0.0,0.0,0.0,1.0,2.14,0,0,0
1756097645,5168,0.1,0.0,0.0,0.0,0.0,0.0,1.0,2.22,0,0,0
1756097645,5169,0.12,0.0,0.0,0.0,0.0,0.0,1.0,2.31,0,0,0
1756097645,5170,0.14,0.0,0.0,0.0,0.0,0.0,1.0,2.34,0,0,0
1756097645,5171,0.05,0.0,-0.01,0.0,0.0,0.0,1.0,2.41,0,0,0
1756097645,5172,0.1,0.0,-0.01,0.0,0.0,0.0,1.0,2.46,0,0,0
1756097645,5173,0.14,0.0,0.01,0.0,0.0,0.0,1.0,2.46,0,0,0
1756097645,5174,0.17,0.0,-0.02,0.0,0.0,0.0,1.0,2.46,0,0,0
1756097645,5175,0.05,0.0,-0.03,0.0,0.0,0.0,1.0,2.44,0,0,0
1756097645,5176,0.1,0.0,-0.02,0.0,0.0,0.0,1.0,2.39,0,0,0
1756097645,5177,0.11,0.0,-0.11,0.0,0.0,0.0,1.0,2.3,0,0,0
1756097645,5178,0.14,0.0,-0.18,0.0,0.0,0.0,1.0,2.17,0,0,0
1756097645,5179,0.12,0.0,-0.05,0.0,0.0,0.0,1.0,2.04,0,0,0
1756097645,5180,0.05,0.0,-0.15,0.0,0.0,0.0,1.0,1.92,0,0,0
1756097645,5181,0.07,0.0,-0.01,0.0,0.0,0.0,1.0,1.79,0,0,0
1756097645,5182,0.15,0.0,0.02,0.0,0.0,0.0,1.0,1.65,0,0,0
1756097645,5183,0.12,0.0,0.05,0.0,0.0,0.0,1.0,1.48,0,0,0
1756097645,5184,0.05,0.0,0.05,0.0,0.0,0.0,1.0,1.3,0,0,0
1756097645,5185,0.1,0.0,0.07,0.0,0.0,0.0,1.0,1.1,0,0,0
1756097645,5186,0.21,0.0,0.1,0.0,0.0,0.0,1.0,0.66,0,0,0
1756097645,5187,0.1,0.0,0.0,0.0,0.0,0.0,1.0,0.37,0,0,0
1756097645,5188,0.05,0.0,0.03,0.0,0.0,0.0,1.0,0.25,0,0,0
1756097645,5189,0.09,0.0,0.05,0.0,0.0,0.0,0.0,0.17,0,0,0
1756097645,5190,0.1,0.0,0.05,0.0,0.0,0.0,0.0,0.07,0,0,0
1756097645,5191,0.05,0.0,0.05,0.0,0.0,0.0,0.0,0.0,0,0,0
1756097645,5192,0.1,0.0,0.03,0.0,0.0,0.0,0.0,0.0,0,0,0
1756097645,5193,0.1,0.0,0.07,0.0,0.0,0.0,0.0,0.0,0,0,0
1756097645,5194,0.1,0.0,0.0,0.0,0.0,0.0,0.0,0.0,0,0,0
1756097645,5195,0.07,0.0,0.03,0.0,0.0,0.0,0.0,0.0,0,0,0
1756097645,5196,0.09,0.0,0.05,0.0,0.0,0.0,0.0,0.0,0,0,0
1756097645,5197,0.07,0.0,0.07,0.0,0.0,0.0,0.0,0.0,0,0,0
1756097645,5198,0.02,0.0,0.05,0.0,0.0,0.0,0.0,0.0,0,0,0
1756097645,5199,0.09,0.0,0.1,0.0,0.0,0.0,0.0,0.0,0,0,0
1756097645,5200,0.07,0.0,0.25,0.0,0.0,0.0,0.0,0.0,0,0,0
1756097645,5201,0.15,0.0,0.09,0.0,0.0,0.0,0.0,0.09,0,0,0
1756097645,5202,0.14,0.0,0.01,0.0,0.0,0.0,1.0,0.36,0,0,0
1756097645,5203,0.07,0.0,0.11,0.0,0.0,0.0,1.0,0.67,0,0,0
1756097645,5204,0.1,0.0,0.07,0.0,0.0,0.0,1.0,1.19,0,0,0
1756097645,5205,0.1,0.0,0.0,0.0,0.0,0.0,1.0,1.75,0,0,0
1756097645,5206,0.1,0.0,0.01,0.0,0.0,0.0,1.0,2.08,0,0,0
1756097645,5207,0.14,0.0,0.0,0.0,0.0,0.0,1.0,2.28,0,0,0
1756097645,5208,0.15,0.0,-0.02,0.0,0.0,0.0,1.0,2.46,0,0,0
1756097645,5209,0.11,0.0,-0.03,0.0,0.0,0.0,1.0,2.61,0,0,0
1756097645,5210,0.05,0.0,0.0,0.0,0.0,0.0,1.0,2.74,0,0,0
1756097645,5211,0.11,0.0,0.0,0.0,0.0,0.0,1.0,2.83,0,0,0
1756097645,5212,0.11,0.0,-0.07,0.0,0.0,0.0,1.0,2.93,0,0,0
1756097645,5213,0.1,0.0,-0.05,0.0,0.0,0.0,1.0,3.0,0,0,0
1756097645,5214,0.07,0.0,-0.01,0.0,0.0,0.0,1.0,3.01,0,0,0
1756097645,5215,0.09,0.0,-0.05,0.0,0.0,0.0,1.0,3.07,0,0,0
1756097645,5216,0.12,0.0,0.0,0.0,0.0,0.0,1.0,3.14,0,0,0
1756097645,5217,0.1,0.0,-0.03,0.0,0.0,0.0,1.0,3.17,0,0,0
1756097645,5218,0.12,0.0,-0.03,0.0,0.0,0.0,1.0,3.19,0,0,0
1756097645,5219,0.12,0.0,0.0,0.0,0.0,0.0,1.0,3.2,0,0,0
1756097645,5220,0.14,0.0,-0.01,0.0,0.0,0.0,1.0,3.13,0,0,0
1756097645,5221,0.15,0.0,-0.07,0.0,0.0,0.0,1.0,3.03,0,0,0
1756097645,5222,0.05,0.0,0.0,0.0,0.0,0.0,1.0,2.85,0,0,0
1756097645,5223,0.1,0.0,0.0,0.0,0.0,0.0,1.0,2.73,0,0,0
1756097645,5224,0.25,0.0,-0.07,0.0,0.0,0.0,1.0,2.59,0,0,0
1756097645,5225,0.05,0.0,-0.12,0.0,0.0,0.0,1.0,2.44,0,0,0
1756097645,5226,0.05,0.0,-0.1,0.0,0.0,0.0,1.0,2.25,0,0,0
1756097645,5227,0.07,0.0,-0.01,0.0,0.0,0.0,1.0,2.13,0,0,0
1756097645,5228,0.18,0.0,0.0,0.0,0.0,0.0,1.0,1.98,0,0,0
1756097645,5229,0.17,0.0,0.0,0.0,0.0,0.0,1.0,1.74,0,0,0
1756097646,5230,0.09,0.0,0.1,0.0,0.0,0.0,1.0,1.42,0,0,0
1756097646,5231,0.1,0.0,0.14,0.0,0.0,0.0,1.0,1.11,0,0,0
1756097646,5232,0.1,0.0,0.07,0.0,0.0,0.0,1.0,0.6,0,0,0
1756097646,5233,0.1,0.0,-0.05,0.0,0.0,0.0,1.0,0.28,0,0,0
1756097646,5234,0.15,0.0,-0.05,0.0,0.0,0.0,0.0,0.1,0,0,0
1756097646,5235,0.1,0.0,0.0,0.0,0.0,0.0,0.0,0.0,0,0,0
1756097646,5236,0.07,0.0,0.0,0.0,0.0,0.0,0.0,0.0,0,0,0
1756097646,5237,0.15,0.0,0.01,0.0,0.0,0.0,0.0,0.0,0,0,0
1756097646,5238,0.05,0.0,0.05,0.0,0.0,0.0,0.0,0.0,0,0,0
1756097646,5239,0.14,0.0,0.01,0.0,0.0,0.0,0.0,0.0,0,0,0
1756097646,5240,0.1,0.0,0.0,0.0,0.0,0.0,0.0,0.0,0,0,0
1756097646,5241,0.1,0.0,0.01,0.0,0.0,0.0,0.0,0.0,0,0,0
1756097646,5242,0.1,0.0,0.0,0.0,0.0,0.0,0.0,0.0,0,0,0
1756097646,5243,0.11,0.0,0.03,0.0,0.0,0.0,0.0,0.0,0,0,0
1756097646,5244,0.11,0.0,0.01,0.0,0.0,0.0,0.0,0.0,0,0,0
1756097646,5245,0.11,0.0,0.01,0.0,0.0,0.0,0.0,0.0,0,0,0
1756097646,5246,0.14,0.0,0.0,0.0,0.0,0.0,0.0,0.0,0,0,0
1756097646,5247,0.1,0.0,0.0,0.0,0.0,0.0,0.0,0.0,0,0,0
1756097646,5248,0.12,0.0,0.0,0.0,0.0,0.0,0.0,0.0,0,0,0
1756097646,5249,0.14,0.0,-0.05,0.0,0.0,0.0,0.0,0.1,0,0,0
1756097646,5250,0.07,0.0,-0.05,0.0,0.0,0.0,0.0,0.23,0,0,0
1756097646,5251,0.07,0.0,-0.05,0.0,0.0,0.0,1.0,0.4,0,0,0
1756097646,5252,0.1,0.0,0.0,0.0,0.0,0.0,1.0,0.57,0,0,0
1756097646,5253,0.11,0.0,-0.05,0.0,0.0,0.0,1.0,0.79,0,0,0
1756097646,5254,0.09,0.0,-0.1,0.0,0.0,0.0,1.0,1.19,0,0,0
1756097646,5255,0.07,0.0,-0.07,0.0,0.0,0.0,1.0,1.66,0,0,0
1756097646,5256,0.1,0.0,0.0,0.0,0.0,0.0,1.0,1.92,0,0,0
1756097646,5257,0.07,0.0,-0.01,0.0,0.0,0.0,1.0,2.17,0,0,0
1756097646,5258,0.17,0.0,0.0,0.0,0.0,0.0,1.0,2.38,0,0,0
1756097646,5259,0.09,0.0,0.0,0.0,0.0,0.0,1.0,2.6,0,0,0
1756097646,5260,0.15,0.0,-0.01,0.0,0.0,0.0,1.0,2.78,0,0,0
1756097646,5261,0.17,0.0,0.0,0.0,0.0,0.0,1.0,2.96,0,0,0
1756097646,5262,0.14,0.0,0.0,0.0,0.0,0.0,1.0,3.06,0,0,0
1756097646,5263,0.1,0.0,-0.02,0.0,0.0,0.0,1.0,3.15,0,0,0
1756097646,5264,0.05,0.0,0.0,0.0,0.0,0.0,1.0,3.14,0,0,0
1756097646,5265,0.12,0.0,-0.02,0.0,0.0,0.0,1.0,3.06,0,0,0
1756097646,5266,0.11,0.0,-0.1,0.0,0.0,0.0,1.0,2.91,0,0,0
1756097646,5267,0.07,0.0,-0.03,0.0,0.0,0.0,1.0,2.59,0,0,0
1756097646,5268,0.12,0.0,-0.05,0.0,0.0,0.0,1.0,2.3,0,0,0
1756097646,5269,0.14,0.0,-0.01,0.0,0.0,0.0,1.0,2.06,0,0,0
1756097646,5270,0.07,0.0,0.0,0.0,0.0,0.0,1.0,1.87,0,0,0
1756097646,5271,0.07,0.0,0.0,0.0,0.0,0.0,1.0,1.67,0,0,0
1756097646,5272,0.11,0.0,0.0,0.0,0.0,0.0,1.0,1.49,0,0,0
1756097646,5273,0.02,0.0,-0.03,0.0,0.0,0.0,1.0,1.25,0,0,0
1756097646,5274,0.17,0.0,0.0,0.0,0.0,0.0,1.0,1.05,0,0,0
1756097646,5275,0.15,0.0,0.0,0.0,0.0,0.0,1.0,0.61,0,0,0
1756097646,5276,0.15,0.0,0.05,0.0,0.0,0.0,1.0,0.37,0,0,0
1756097646,5277,0.15,0.0,-0.01,0.0,0.0,0.0,1.0,0.28,0,0,0
1756097646,5278,0.03,0.0,0.0,0.0,0.0,0.0,1.0,0.2,0,0,0
1756097646,5279,0.1,0.0,0.0,0.0,0.0,0.0,0.0,0.1,0,0,0
1756097646,5280,0.14,0.0,-0.05,0.0,0.0,0.0,0.0,0.0,0,0,0
1756097646,5281,0.09,0.0,-0.01,0.0,0.0,0.0,0.0,0.0,0,0,0
1756097646,5282,0.1,0.0,0.0,0.0,0.0,0.0,0.0,0.0,0,0,0
1756097646,5283,0.17,0.0,0.0,0.0,0.0,0.0,0.0,0.0,0,0,0
1756097646,5284,0.12,0.0,-0.02,0.0,0.0,0.0,0.0,0.0,0,0,0
1756097646,5285,0.11,0.0,-0.09,0.0,0.0,0.0,0.0,0.0,0,0,0
1756097646,5286,0.12,0.0,-0.05,0.0,0.0,0.0,0.0,0.0,0,0,0
1756097646,5287,0.12,0.0,-0.03,0.0,0.0,0.0,0.0,0.0,0,0,0
1756097646,5288,0.15,0.0,-0.01,0.0,0.0,0.0,0.0,0.0,0,0,0
1756097646,5289,0.1,0.0,0.0,0.0,0.0,0.0,0.0,0.0,0,0,0
1756097646,5290,0.17,0.0,0.0,0.0,0.0,0.0,0.0,0.0,0,0,0
1756097646,5291,0.09,0.0,0.0,0.0,0.0,0.0,0.0,0.0,0,0,0
1756097646,5292,0.14,0.0,-0.03,0.0,0.0,0.0,0.0,0.0,0,0,0
1756097646,5293,0.12,0.0,-0.09,0.0,0.0,0.0,0.0,0.0,0,0,0
1756097646,5294,0.12,0.0,-0.07,0.0,0.0,0.0,0.0,0.0,0,0,0
1756097646,5295,0.05,0.0,-0.05,0.0,0.0,0.0,0.0,0.0,0,0,0
1756097646,5296,0.11,0.0,-0.1,0.0,0.0,0.0,0.0,0.0,0,0,0
1756097647,5297,0.1,0.0,0.0,0.0,0.0,0.0,0.0,0.0,0,0,0
1756097647,5298,0.1,0.0,-0.05,0.0,0.0,0.0,0.0,0.0,0,0,0
1756097647,5299,0.12,0.0,-0.03,0.0,0.0,0.0,0.0,0.1,0,0,0
1756097647,5300,0.11,0.0,-0.01,0.0,0.0,0.0,1.0,0.33,0,0,0
1756097647,5301,0.12,0.0,-0.1,0.0,0.0,0.0,1.0,0.55,0,0,0
1756097647,5302,0.1,0.0,-0.1,0.0,0.0,0.0,1.0,0.77,0,0,0
1756097647,5303,0.1,0.0,-0.05,0.0,0.0,0.0,1.0,1.25,0,0,0
1756097647,5304,0.14,0.0,-0.05,0.0,0.0,0.0,1.0,1.7,0,0,0
1756097647,5305,0.15,0.0,0.0,0.0,0.0,0.0,1.0,2.0,0,0,0
1756097647,5306,0.12,0.0,0.01,0.0,0.0,0.0,1.0,2.24,0,0,0
1756097647,5307,0.1,0.0,0.0,0.0,0.0,0.0,1.0,2.46,0,0,0
1756097647,5308,0.15,0.0,-0.02,0.0,0.0,0.0,1.0,2.65,0,0,0
1756097647,5309,0.1,0.0,-0.05,0.0,0.0,0.0,1.0,2.8,0,0,0
1756097647,5310,0.15,0.0,-0.01,0.0,0.0,0.0,1.0,2.9,0,0,0
1756097647,5311,0.11,0.0,-0.01,0.0,0.0,0.0,1.0,2.96,0,0,0
1756097647,5312,0.1,0.0,-0.05,0.0,0.0,0.0,1.0,2.96,0,0,0
1756097647,5313,0.18,0.0,-0.07,0.0,0.0,0.0,1.0,2.94,0,0,0
1756097647,5314,0.11,0.0,-0.03,0.0,0.0,0.0,1.0,2.92,0,0,0
1756097647,5315,0.14,0.0,-0.05,0.0,0.0,0.0,1.0,2.88,0,0,0
1756097647,5316,0.12,0.0,0.0,0.0,0.0,0.0,1.0,2.86,0,0,0
1756097647,5317,0.14,0.0,-0.05,0.0,0.0,0.0,1.0,2.81,0,0,0
1756097647,5318,0.11,0.0,-0.05,0.0,0.0,0.0,1.0,2.75,0,0,0
1756097647,5319,0.12,0.0,-0.17,0.0,0.0,0.0,1.0,2.63,0,0,0
1756097647,5320,0.02,0.0,-0.11,0.0,0.0,0.0,1.0,2.44,0,0,0
1756097647,5321,0.18,0.0,-0.1,0.0,0.0,0.0,1.0,2.2,0,0,0
1756097647,5322,0.14,0.0,0.0,0.0,0.0,0.0,1.0,1.95,0,0,0
1756097647,5323,0.11,0.0,-0.07,0.0,0.0,0.0,1.0,1.74,0,0,0
1756097647,5324,0.09,0.0,0.03,0.0,0.0,0.0,1.0,1.53,0,0,0
1756097647,5325,0.17,0.0,0.0,0.0,0.0,0.0,1.0,1.35,0,0,0
1756097647,5326,0.15,0.0,0.0,0.0,0.0,0.0,1.0,1.12,0,0,0
1756097647,5327,0.15,0.0,-0.05,0.0,0.0,0.0,1.0,0.67,0,0,0
1756097647,5328,0.14,0.0,-0.01,0.0,0.0,0.0,1.0,0.34,0,0,0
1756097647,5329,0.1,0.0,0.02,0.0,0.0,0.0,1.0,0.2,0,0,0
1756097647,5330,0.14,0.0,0.0,0.0,0.0,0.0,0.0,0.09,0,0,0
1756097647,5331,0.07,0.0,0.0,0.0,0.0,0.0,0.0,0.0,0,0,0
1756097647,5332,0.1,0.0,-0.01,0.0,0.0,0.0,0.0,0.0,0,0,0
1756097647,5333,0.18,0.0,-0.01,0.0,0.0,0.0,0.0,0.0,0,0,0
1756097647,5334,0.12,0.0,-0.07,0.0,0.0,0.0,0.0,0.0,0,0,0
1756097647,5335,0.17,0.0,-0.11,0.0,0.0,0.0,0.0,0.0,0,0,0
1756097647,5336,0.17,0.0,-0.18,0.0,0.0,0.0,0.0,0.0,0,0,0
1756097647,5337,0.12,0.0,-0.01,0.0,0.0,0.0,0.0,0.0,0,0,0
1756097647,5338,0.1,0.0,-0.03,0.0,0.0,0.0,0.0,0.0,0,0,0
1756097647,5339,0.09,0.0,-0.05,0.0,0.0,0.0,0.0,0.0,0,0,0
1756097647,5340,0.15,0.0,-0.05,0.0,0.0,0.0,0.0,0.0,0,0,0
1756097647,5341,0.15,0.0,-0.02,0.0,0.0,0.0,0.0,0.0,0,0,0
1756097647,5342,0.18,0.0,-0.01,0.0,0.0,0.0,0.0,0.0,0,0,0
1756097647,5343,0.12,0.0,-0.07,0.0,0.0,0.0,0.0,0.0,0,0,0
1756097647,5344,0.1,0.0,0.0,0.0,0.0,0.0,0.0,0.0,0,0,0
1756097647,5345,0.1,0.0,-0.1,0.0,0.0,0.0,0.0,0.0,0,0,0
1756097647,5346,0.07,0.0,0.0,0.0,0.0,0.0,0.0,0.0,0,0,0
1756097647,5347,0.11,0.0,-0.07,0.0,0.0,0.0,0.0,0.0,0,0,0
1756097647,5348,0.14,0.0,-0.05,0.0,0.0,0.0,0.0,0.0,0,0,0
1756097647,5349,0.09,0.0,-0.14,0.0,0.0,0.0,0.0,0.05,0,0,0
1756097647,5350,0.15,0.0,-0.07,0.0,0.0,0.0,0.0,0.17,0,0,0
1756097647,5351,0.03,0.0,0.0,0.0,0.0,0.0,1.0,0.31,0,0,0
1756097647,5352,0.14,0.0,0.0,0.0,0.0,0.0,1.0,0.46,0,0,0
1756097647,5353,0.12,0.0,0.0,0.0,0.0,0.0,1.0,0.66,0,0,0
1756097647,5354,0.18,0.0,0.01,0.0,0.0,0.0,1.0,0.88,0,0,0
1756097647,5355,0.12,0.0,0.0,0.0,0.0,0.0,1.0,1.47,0,0,0
1756097647,5356,0.14,0.0,0.07,0.0,0.0,0.0,1.0,1.8,0,0,0
1756097647,5357,0.15,0.0,0.11,0.0,0.0,0.0,1.0,2.09,0,0,0
1756097647,5358,0.07,0.0,0.09,0.0,0.0,0.0,1.0,2.28,0,0,0
1756097647,5359,0.12,0.0,0.02,0.0,0.0,0.0,1.0,2.46,0,0,0
1756097647,5360,0.11,0.0,-0.01,0.0,0.0,0.0,1.0,2.59,0,0,0
1756097647,5361,0.15,0.0,-0.03,0.0,0.0,0.0,1.0,2.67,0,0,0
1756097648,5362,0.14,0.0,-0.07,0.0,0.0,0.0,1.0,2.73,0,0,0
1756097648,5363,0.12,0.0,0.05,0.0,0.0,0.0,1.0,2.76,0,0,0
1756097648,5364,0.18,0.0,0.0,0.0,0.0,0.0,1.0,2.8,0,0,0
1756097648,5365,0.09,0.0,0.07,0.0,0.0,0.0,1.0,2.8,0,0,0
1756097648,5366,0.01,0.0,0.01,0.0,0.0,0.0,1.0,2.79,0,0,0
1756097648,5367,0.1,0.0,-0.07,0.0,0.0,0.0,1.0,2.73,0,0,0
1756097648,5368,0.05,0.0,-0.02,0.0,0.0,0.0,1.0,2.56,0,0,0
1756097648,5369,0.15,0.0,0.0,0.0,0.0,0.0,1.0,2.35,0,0,0
1756097648,5370,0.1,0.0,0.07,0.0,0.0,0.0,1.0,2.06,0,0,0
1756097648,5371,0.11,0.0,0.12,0.0,0.0,0.0,1.0,1.72,0,0,0
1756097648,5372,0.1,0.0,0.05,0.0,0.0,0.0,1.0,1.35,0,0,0
1756097648,5373,0.17,0.0,-0.11,0.0,0.0,0.0,1.0,0.83,0,0,0
1756097648,5374,0.1,0.0,-0.07,0.0,0.0,0.0,1.0,0.21,0,0,0
1756097648,5375,0.15,0.0,-0.01,0.0,0.0,0.0,0.0,0.0,0,0,0
1756097648,5376,0.14,0.0,0.0,0.0,0.0,0.0,0.0,0.0,0,0,0
1756097648,5377,0.11,0.0,0.05,0.0,0.0,0.0,0.0,0.0,0,0,0
1756097648,5378,0.1,0.0,0.05,0.0,0.0,0.0,0.0,0.0,0,0,0
1756097648,5379,0.07,0.0,0.01,0.0,0.0,0.0,0.0,0.0,0,0,0
1756097648,5380,0.12,0.0,0.0,0.0,0.0,0.0,0.0,0.0,0,0,0
1756097648,5381,0.12,0.0,0.1,0.0,0.0,0.0,0.0,0.0,0,0,0
1756097648,5382,0.1,0.0,0.0,0.0,0.0,0.0,0.0,0.0,0,0,0
1756097648,5383,0.1,0.0,-0.07,0.0,0.0,0.0,0.0,0.0,0,0,0
1756097648,5384,0.11,0.0,0.0,0.0,0.0,0.0,0.0,0.0,0,0,0
1756097648,5385,0.11,0.0,-0.1,0.0,0.0,0.0,0.0,0.0,0,0,0
1756097648,5386,0.1,0.0,0.0,0.0,0.0,0.0,0.0,0.0,0,0,0
1756097648,5387,0.1,0.0,0.0,0.0,0.0,0.0,0.0,0.0,0,0,0
1756097648,5388,0.07,0.0,0.0,0.0,0.0,0.0,0.0,0.0,0,0,0
1756097648,5389,0.07,0.0,0.0,0.0,0.0,0.0,0.0,0.0,0,0,0
1756097648,5390,0.15,0.0,0.05,0.0,0.0,0.0,0.0,0.0,0,0,0
1756097648,5391,0.17,0.0,-0.01,0.0,0.0,0.0,0.0,0.0,0,0,0
1756097648,5392,0.18,0.0,-0.07,0.0,0.0,0.0,0.0,0.0,0,0,0
1756097648,5393,0.17,0.0,0.05,0.0,0.0,0.0,0.0,0.0,0,0,0
1756097648,5394,0.15,0.0,-0.02,0.0,0.0,0.0,0.0,0.0,0,0,0
1756097648,5395,0.11,0.0,0.0,0.0,0.0,0.0,0.0,0.0,0,0,0
1756097648,5396,0.05,0.0,0.02,0.0,0.0,0.0,0.0,0.0,0,0,0
1756097648,5397,0.15,0.0,0.02,0.0,0.0,0.0,0.0,0.0,0,0,0
1756097648,5398,0.1,0.0,-0.01,0.0,0.0,0.0,0.0,0.0,0,0,0
1756097648,5399,0.11,0.0,0.0,0.0,0.0,0.0,0.0,0.0,0,0,0
1756097648,5400,0.09,0.0,0.0,0.0,0.0,0.0,0.0,0.0,0,0,0
1756097648,5401,0.15,0.0,0.0,0.0,0.0,0.0,0.0,0.0,0,0,0
1756097648,5402,0.1,0.0,0.0,0.0,0.0,0.0,0.0,0.0,0,0,0
1756097648,5403,0.09,0.0,0.07,0.0,0.0,0.0,0.0,0.0,0,0,0
1756097648,5404,0.17,0.0,0.0,0.0,0.0,0.0,0.0,0.0,0,0,0
1756097648,5405,0.07,0.0,0.0,0.0,0.0,0.0,0.0,0.0,0,0,0
1756097648,5406,0.07,0.0,0.0,0.0,0.0,0.0,0.0,0.0,0,0,0
1756097648,5407,0.15,0.0,-0.01,0.0,0.0,0.0,0.0,0.0,0,0,0
1756097648,5408,0.07,0.0,0.0,0.0,0.0,0.0,0.0,0.0,0,0,0
1756097648,5409,0.17,0.0,0.0,0.0,0.0,0.0,0.0,0.0,0,0,0
1756097648,5410,0.14,0.0,0.0,0.0,0.0,0.0,0.0,0.0,0,0,0
1756097648,5411,0.18,0.0,0.02,0.0,0.0,0.0,0.0,0.0,0,0,0
1756097648,5412,0.12,0.0,-0.02,0.0,0.0,0.0,0.0,0.0,0,0,0
1756097648,5413,0.1,0.0,0.0,0.0,0.0,0.0,0.0,0.0,0,0,0
1756097648,5414,0.12,0.0,0.0,0.0,0.0,0.0,0.0,0.0,0,0,0
1756097648,5415,0.2,0.0,0.01,0.0,0.0,0.0,0.0,0.0,0,0,0
1756097648,5416,0.12,0.0,0.0,0.0,0.0,0.0,0.0,0.0,0,0,0
1756097648,5417,0.12,0.0,-0.01,0.0,0.0,0.0,0.0,0.0,0,0,0
1756097648,5418,0.2,0.0,0.0,0.0,0.0,0.0,0.0,0.0,0,0,0
1756097648,5419,0.15,0.0,-0.01,0.0,0.0,0.0,0.0,0.0,0,0,0
1756097648,5420,0.0,0.0,0.0,0.0,0.0,0.0,0.0,0.0,0,0,0
1756097648,5421,0.12,0.0,-0.01,0.0,0.0,0.0,0.0,0.0,0,0,0
1756097648,5422,0.18,0.0,0.0,0.0,0.0,0.0,0.0,0.0,0,0,0
1756097648,5423,0.07,0.0,0.0,0.0,0.0,0.0,0.0,0.0,0,0,0
1756097648,5424,0.15,0.0,0.0,0.0,0.0,0.0,0.0,0.0,0,0,0
1756097648,5425,0.15,0.0,0.0,0.0,0.0,0.0,0.0,0.0,0,0,0
1756097648,5426,0.2,0.0,-0.02,0.0,0.0,0.0,0.0,0.0,0,0,0
1756097648,5427,0.12,0.0,0.0,0.0,0.0,0.0,0.0,0.0,0,0,0
1756097648,5428,0.1,0.0,0.0,0.0,0.0,0.0,0.0,0.0,0,0,0
1756097648,5429,0.12,0.0,0.0,0.0,0.0,0.0,0.0,0.0,0,0,0
1756097649,5430,0.11,0.0,0.0,0.0,0.0,0.0,0.0,0.0,0,0,0
1756097649,5431,0.07,0.0,0.0,0.0,0.0,0.0,0.0,0.0,0,0,0
1756097649,5432,0.1,0.0,0.0,0.0,0.0,0.0,0.0,0.0,0,0,0
1756097649,5433,0.1,0.0,0.0,0.0,0.0,0.0,0.0,0.0,0,0,0
1756097649,5434,0.07,0.0,0.0,0.0,0.0,0.0,0.0,0.0,0,0,0
1756097649,5435,0.09,0.0,0.0,0.0,0.0,0.0,0.0,0.0,0,0,0
1756097649,5436,0.12,0.0,0.02,0.0,0.0,0.0,0.0,0.0,0,0,0
1756097649,5437,0.1,0.0,0.0,0.0,0.0,0.0,0.0,0.0,0,0,0
1756097649,5438,0.11,0.0,0.0,0.0,0.0,0.0,0.0,0.0,0,0,0
1756097649,5439,0.07,0.0,0.0,0.0,0.0,0.0,0.0,0.0,0,0,0
1756097649,5440,0.18,0.0,0.0,0.0,0.0,0.0,0.0,0.0,0,0,0
1756097649,5441,0.07,0.0,-0.03,0.0,0.0,0.0,0.0,0.0,0,0,0
1756097649,5442,0.03,0.0,-0.05,0.0,0.0,0.0,0.0,0.0,0,0,0
1756097649,5443,0.15,0.0,-0.09,0.0,0.0,0.0,0.0,0.0,0,0,0
1756097649,5444,0.1,0.0,-0.01,0.0,0.0,0.0,0.0,0.0,0,0,0
1756097649,5445,0.18,0.0,0.0,0.0,0.0,0.0,0.0,0.0,0,0,0
1756097649,5446,0.09,0.0,0.0,0.0,0.0,0.0,0.0,0.0,0,0,0
1756097649,5447,0.11,0.0,0.0,0.0,0.0,0.0,0.0,0.0,0,0,0
1756097649,5448,0.1,0.0,0.0,0.0,0.0,0.0,0.0,0.0,0,0,0
1756097649,5449,0.15,0.0,0.0,0.0,0.0,0.0,0.0,0.0,0,0,0
1756097649,5450,0.14,0.0,0.0,0.0,0.0,0.0,0.0,0.0,0,0,0
1756097649,5451,0.1,0.0,0.0,0.0,0.0,0.0,0.0,0.0,0,0,0
1756097649,5452,0.1,0.0,-0.02,0.0,0.0,0.0,0.0,0.0,0,0,0
1756097649,5453,0.15,0.0,0.0,0.0,0.0,0.0,0.0,0.0,0,0,0
1756097649,5454,0.1,0.0,0.0,0.0,0.0,0.0,0.0,0.0,0,0,0
1756097649,5455,0.09,0.0,-0.02,0.0,0.0,0.0,0.0,0.0,0,0,0
1756097649,5456,0.1,0.0,0.0,0.0,0.0,0.0,0.0,0.0,0,0,0
1756097649,5457,0.11,0.0,-0.03,0.0,0.0,0.0,0.0,0.0,0,0,0
1756097649,5458,0.05,0.0,0.0,0.0,0.0,0.0,0.0,0.0,0,0,0
1756097649,5459,0.12,0.0,0.03,0.0,0.0,0.0,0.0,0.0,0,0,0
1756097649,5460,0.12,0.0,0.05,0.0,0.0,0.0,0.0,0.0,0,0,0
1756097649,5461,0.1,0.0,0.0,0.0,0.0,0.0,0.0,0.0,0,0,0
1756097649,5462,0.11,0.0,0.0,0.0,0.0,0.0,0.0,0.0,0,0,0
1756097649,5463,0.18,0.0,-0.05,0.0,0.0,0.0,0.0,0.0,0,0,0
1756097649,5464,0.1,0.0,-0.01,0.0,0.0,0.0,0.0,0.0,0,0,0
1756097649,5465,0.1,0.0,0.0,0.0,0.0,0.0,0.0,0.0,0,0,0
1756097649,5466,0.14,0.0,0.0,0.0,0.0,0.0,0.0,0.0,0,0,0
1756097649,5467,0.12,0.0,0.0,0.0,0.0,0.0,0.0,0.0,0,0,0
1756097649,5468,0.12,0.0,0.0,0.0,0.0,0.0,0.0,0.0,0,0,0
1756097649,5469,0.15,0.0,0.0,0.0,0.0,0.0,0.0,0.0,0,0,0
1756097649,5470,0.17,0.0,0.0,0.0,0.0,0.0,0.0,0.0,0,0,0
1756097649,5471,0.1,0.0,-0.01,0.0,0.0,0.0,0.0,0.0,0,0,0
1756097649,5472,0.1,0.0,0.0,0.0,0.0,0.0,0.0,0.0,0,0,0
1756097649,5473,0.05,0.0,-0.02,0.0,0.0,0.0,0.0,0.0,0,0,0
1756097649,5474,0.17,0.0,0.0,0.0,0.0,0.0,0.0,0.0,0,0,0
1756097649,5475,0.09,0.0,0.0,0.0,0.0,0.0,0.0,0.0,0,0,0
1756097649,5476,0.05,0.0,-0.01,0.0,0.0,0.0,0.0,0.0,0,0,0
1756097649,5477,0.14,0.0,-0.01,0.0,0.0,0.0,0.0,0.0,0,0,0
1756097649,5478,0.18,0.0,-0.11,0.0,0.0,0.0,0.0,0.0,0,0,0
1756097649,5479,0.12,0.0,0.0,0.0,0.0,0.0,0.0,0.0,0,0,0
1756097649,5480,0.07,0.0,0.03,0.0,0.0,0.0,0.0,0.0,0,0,0
1756097649,5481,0.1,0.0,0.0,0.0,0.0,0.0,0.0,0.0,0,0,0
1756097649,5482,0.1,0.0,-0.03,0.0,0.0,0.0,0.0,0.0,0,0,0
1756097649,5483,0.09,0.0,0.0,0.0,0.0,0.0,0.0,0.0,0,0,0
1756097649,5484,0.12,0.0,0.0,0.0,0.0,0.0,0.0,0.0,0,0,0
1756097649,5485,0.02,0.0,0.0,0.0,0.0,0.0,0.0,0.0,0,0,0
1756097649,5486,0.12,0.0,-0.01,0.0,0.0,0.0,0.0,0.0,0,0,0
1756097649,5487,0.05,0.0,0.01,0.0,0.0,0.0,0.0,0.0,0,0,0
1756097649,5488,0.15,0.0,0.0,0.0,0.0,0.0,0.0,0.0,0,0,0
1756097649,5489,0.1,0.0,0.0,0.0,0.0,0.0,0.0,0.0,0,0,0
1756097649,5490,0.11,0.0,-0.01,0.0,0.0,0.0,0.0,0.0,0,0,0
1756097649,5491,0.14,0.0,0.0,0.0,0.0,0.0,0.0,0.0,0,0,0
1756097650,5492,0.03,0.0,-0.01,0.0,0.0,0.0,0.0,0.0,0,0,0
1756097650,5493,0.15,0.0,0.01,0.0,0.0,0.0,0.0,0.0,0,0,0
1756097650,5494,0.1,0.0,0.0,0.0,0.0,0.0,0.0,0.0,0,0,0
1756097650,5495,0.1,0.0,0.0,0.0,0.0,0.0,0.0,0.0,0,0,0
1756097650,5496,0.1,0.0,0.0,0.0,0.0,0.0,0.0,0.0,0,0,0
1756097650,5497,0.12,0.0,-0.02,0.0,0.0,0.0,0.0,0.0,0,0,0
1756097650,5498,0.09,0.0,-0.01,0.0,0.0,0.0,0.0,0.0,0,0,0
1756097650,5499,0.1,0.0,0.0,0.0,0.0,0.0,0.0,0.0,0,0,0
1756097650,5500,0.09,0.0,-0.03,0.0,0.0,0.0,0.0,0.0,0,0,0
1756097650,5501,0.09,0.0,0.0,0.0,0.0,0.0,0.0,0.0,0,0,0
1756097650,5502,0.07,0.0,0.02,0.0,0.0,0.0,0.0,0.0,0,0,0
1756097650,5503,0.12,0.0,0.01,0.0,0.0,0.0,0.0,0.0,0,0,0
1756097650,5504,0.15,0.0,0.0,0.0,0.0,0.0,0.0,0.0,0,0,0
1756097650,5505,0.1,0.0,0.0,0.0,0.0,0.0,0.0,0.0,0,0,0
1756097650,5506,0.07,0.0,0.0,0.0,0.0,0.0,0.0,0.0,0,0,0
1756097650,5507,0.12,0.0,0.0,0.0,0.0,0.0,0.0,0.0,0,0,0
1756097650,5508,0.05,0.0,0.0,0.0,0.0,0.0,0.0,0.0,0,0,0
1756097650,5509,0.2,0.0,0.0,0.0,0.0,0.0,0.0,0.0,0,0,0
1756097650,5510,0.02,0.0,0.0,0.0,0.0,0.0,0.0,0.0,0,0,0
1756097650,5511,0.0,0.0,-0.01,0.0,0.0,0.0,0.0,0.0,0,0,0
1756097650,5512,0.18,0.0,0.01,0.0,0.0,0.0,0.0,0.0,0,0,0
1756097650,5513,0.17,0.0,0.0,0.0,0.0,0.0,0.0,0.0,0,0,0
1756097650,5514,0.23,0.0,0.0,0.0,0.0,0.0,0.0,0.0,0,0,0
1756097650,5515,0.14,0.0,0.11,0.0,0.0,0.0,0.0,0.0,0,0,0
1756097650,5516,0.1,0.0,0.0,0.0,0.0,0.0,0.0,0.0,0,0,0
1756097650,5517,0.11,0.0,0.0,0.0,0.0,0.0,0.0,0.0,0,0,0
1756097650,5518,0.07,0.0,-0.01,0.0,0.0,0.0,0.0,0.0,0,0,0
1756097650,5519,0.1,0.0,0.0,0.0,0.0,0.0,0.0,0.0,0,0,0
1756097650,5520,0.1,0.0,0.0,0.0,0.0,0.0,0.0,0.0,0,0,0
1756097650,5521,0.05,0.0,0.0,0.0,0.0,0.0,0.0,0.0,0,0,0
1756097650,5522,0.17,0.0,0.0,0.0,0.0,0.0,0.0,0.0,0,0,0
1756097650,5523,0.14,0.0,-0.01,0.0,0.0,0.0,0.0,0.0,0,0,0
1756097650,5524,0.1,0.0,0.0,0.0,0.0,0.0,0.0,0.0,0,0,0
1756097650,5525,0.15,0.0,-0.01,0.0,0.0,0.0,0.0,0.0,0,0,0
1756097650,5526,0.11,0.0,0.0,0.0,0.0,0.0,0.0,0.0,0,0,0
1756097650,5527,0.02,0.0,0.0,0.0,0.0,0.0,0.0,0.0,0,0,0
1756097650,5528,0.1,0.0,0.01,0.0,0.0,0.0,0.0,0.0,0,0,0
1756097650,5529,0.11,0.0,0.0,0.0,0.0,0.0,0.0,0.0,0,0,0
1756097650,5530,0.1,0.0,0.0,0.0,0.0,0.0,0.0,0.0,0,0,0
1756097650,5531,0.05,0.0,0.0,0.0,0.0,0.0,0.0,0.0,0,0,0
1756097650,5532,0.11,0.0,0.0,0.0,0.0,0.0,0.0,0.0,0,0,0
1756097650,5533,0.09,0.0,0.0,0.0,0.0,0.0,0.0,0.0,0,0,0
1756097650,5534,0.07,0.0,0.0,0.0,0.0,0.0,0.0,0.0,0,0,0
1756097650,5535,0.15,0.0,0.0,0.0,0.0,0.0,0.0,0.0,0,0,0
1756097650,5536,0.11,0.0,0.01,0.0,0.0,0.0,0.0,0.0,0,0,0
1756097650,5537,0.15,0.0,0.0,0.0,0.0,0.0,0.0,0.0,0,0,0
1756097650,5538,0.18,0.0,0.0,0.0,0.0,0.0,0.0,0.0,0,0,0
1756097650,5539,0.09,0.0,0.0,0.0,0.0,0.0,0.0,0.0,0,0,0
1756097650,5540,0.11,0.0,0.0,0.0,0.0,0.0,0.0,0.0,0,0,0
1756097650,5541,0.1,0.0,0.0,0.0,0.0,0.0,0.0,0.0,0,0,0
1756097650,5542,0.1,0.0,0.0,0.0,0.0,0.0,0.0,0.0,0,0,0
1756097650,5543,0.1,0.0,0.0,0.0,0.0,0.0,0.0,0.0,0,0,0
1756097650,5544,0.14,0.0,0.0,0.0,0.0,0.0,0.0,0.0,0,0,0
1756097650,5545,0.07,0.0,0.0,0.0,0.0,0.0,0.0,0.0,0,0,0
1756097650,5546,0.1,0.0,0.0,0.0,0.0,0.0,0.0,0.0,0,0,0
1756097650,5547,0.14,0.0,-0.02,0.0,0.0,0.0,0.0,0.0,0,0,0
1756097650,5548,0.07,0.0,0.02,0.0,0.0,0.0,0.0,0.0,0,0,0
1756097650,5549,0.12,0.0,-0.02,0.0,0.0,0.0,0.0,0.0,0,0,0
1756097650,5550,0.1,0.0,0.01,0.0,0.0,0.0,0.0,0.0,0,0,0
1756097650,5551,0.12,0.0,0.0,0.0,0.0,0.0,0.0,0.0,0,0,0
1756097650,5552,0.17,0.0,0.01,0.0,0.0,0.0,0.0,0.0,0,0,0
1756097650,5553,0.05,0.0,0.0,0.0,0.0,0.0,0.0,0.0,0,0,0
1756097650,5554,0.11,0.0,-0.01,0.0,0.0,0.0,0.0,0.0,0,0,0
1756097650,5555,0.07,0.0,0.0,0.0,0.0,0.0,0.0,0.0,0,0,0
1756097650,5556,0.07,0.0,0.0,0.0,0.0,0.0,0.0,0.0,0,0,0
1756097650,5557,0.1,0.0,0.0,0.0,0.0,0.0,0.0,0.0,0,0,0
1756097650,5558,0.14,0.0,0.0,0.0,0.0,0.0,0.0,0.0,0,0,0
1756097650,5559,0.1,0.0,0.02,0.0,0.0,0.0,0.0,0.0,0,0,0
1756097650,5560,0.12,0.0,-0.05,0.0,0.0,0.0,0.0,0.0,0,0,0
1756097650,5561,0.15,0.0,0.0,0.0,0.0,0.0,0.0,0.0,0,0,0
1756097651,5562,0.1,0.0,-0.02,0.0,0.0,0.0,0.0,0.0,0,0,0
1756097651,5563,0.1,0.0,0.0,0.0,0.0,0.0,0.0,0.0,0,0,0
1756097651,5564,0.1,0.0,0.0,0.0,0.0,0.0,0.0,0.0,0,0,0
1756097651,5565,0.15,0.0,0.07,0.0,0.0,0.0,0.0,0.0,0,0,0
1756097651,5566,0.14,0.0,0.0,0.0,0.0,0.0,0.0,0.0,0,0,0
1756097651,5567,0.11,0.0,0.0,0.0,0.0,0.0,0.0,0.0,0,0,0
1756097651,5568,0.1,0.0,0.03,0.0,0.0,0.0,0.0,0.0,0,0,0
1756097651,5569,0.14,0.0,0.0,0.0,0.0,0.0,0.0,0.0,0,0,0
1756097651,5570,0.1,0.0,0.0,0.0,0.0,0.0,0.0,0.0,0,0,0
1756097651,5571,0.05,0.0,0.0,0.0,0.0,0.0,0.0,0.0,0,0,0
1756097651,5572,0.15,0.0,0.0,0.0,0.0,0.0,0.0,0.0,0,0,0
1756097651,5573,0.12,0.0,0.0,0.0,0.0,0.0,0.0,0.0,0,0,0
1756097651,5574,0.18,0.0,0.0,0.0,0.0,0.0,0.0,0.0,0,0,0
1756097651,5575,0.07,0.0,0.0,0.0,0.0,0.0,0.0,0.0,0,0,0
1756097651,5576,0.17,0.0,0.02,0.0,0.0,0.0,0.0,0.0,0,0,0
1756097651,5577,0.15,0.0,-0.01,0.0,0.0,0.0,0.0,0.0,0,0,0
1756097651,5578,0.14,0.0,0.0,0.0,0.0,0.0,0.0,0.0,0,0,0
1756097651,5579,0.11,0.0,0.0,0.0,0.0,0.0,0.0,0.0,0,0,0
1756097651,5580,0.1,0.0,-0.01,0.0,0.0,0.0,0.0,0.0,0,0,0
1756097651,5581,0.1,0.0,0.0,0.0,0.0,0.0,0.0,0.0,0,0,0
1756097651,5582,0.18,0.0,0.03,0.0,0.0,0.0,0.0,0.0,0,0,0
1756097651,5583,0.05,0.0,0.0,0.0,0.0,0.0,0.0,0.0,0,0,0
1756097651,5584,0.1,0.0,0.0,0.0,0.0,0.0,0.0,0.0,0,0,0
1756097651,5585,0.07,0.0,0.0,0.0,0.0,0.0,0.0,0.0,0,0,0
1756097651,5586,0.12,0.0,-0.01,0.0,0.0,0.0,0.0,0.0,0,0,0
1756097651,5587,0.05,0.0,-0.01,0.0,0.0,0.0,0.0,0.0,0,0,0
1756097651,5588,0.1,0.0,0.0,0.0,0.0,0.0,0.0,0.0,0,0,0
1756097651,5589,0.12,0.0,0.05,0.0,0.0,0.0,0.0,0.0,0,0,0
1756097651,5590,0.18,0.0,0.0,0.0,0.0,0.0,0.0,0.0,0,0,0
1756097651,5591,0.1,0.0,-0.02,0.0,0.0,0.0,0.0,0.0,0,0,0
1756097651,5592,0.12,0.0,-0.03,0.0,0.0,0.0,0.0,0.0,0,0,0
1756097651,5593,0.1,0.0,-0.02,0.0,0.0,0.0,0.0,0.0,0,0,0
1756097651,5594,0.15,0.0,-0.02,0.0,0.0,0.0,0.0,0.0,0,0,0
1756097651,5595,0.05,0.0,0.0,0.0,0.0,0.0,0.0,0.0,0,0,0
1756097651,5596,0.11,0.0,0.0,0.0,0.0,0.0,0.0,0.0,0,0,0
1756097651,5597,0.15,0.0,-0.03,0.0,0.0,0.0,0.0,0.0,0,0,0
1756097651,5598,0.09,0.0,0.02,0.0,0.0,0.0,0.0,0.0,0,0,0
1756097651,5599,0.07,0.0,0.0,0.0,0.0,0.0,0.0,0.0,0,0,0
1756097651,5600,0.12,0.0,-0.05,0.0,0.0,0.0,0.0,0.0,0,0,0
1756097651,5601,0.05,0.0,0.01,0.0,0.0,0.0,0.0,0.0,0,0,0
1756097651,5602,0.1,0.0,-0.01,0.0,0.0,0.0,0.0,0.0,0,0,0
1756097651,5603,0.09,0.0,0.0,0.0,0.0,0.0,0.0,0.0,0,0,0
1756097651,5604,0.12,0.0,0.0,0.0,0.0,0.0,0.0,0.0,0,0,0
1756097651,5605,0.11,0.0,-0.01,0.0,0.0,0.0,0.0,0.0,0,0,0
1756097651,5606,0.1,0.0,0.0,0.0,0.0,0.0,0.0,0.0,0,0,0
1756097651,5607,0.11,0.0,0.0,0.0,0.0,0.0,0.0,0.0,0,0,0
1756097651,5608,0.1,0.0,0.0,0.0,0.0,0.0,0.0,0.0,0,0,0
1756097651,5609,0.14,0.0,0.0,0.0,0.0,0.0,0.0,0.0,0,0,0
1756097651,5610,0.09,0.0,0.0,0.0,0.0,0.0,0.0,0.0,0,0,0
1756097651,5611,0.09,0.0,-0.02,0.0,0.0,0.0,0.0,0.0,0,0,0
1756097651,5612,0.12,0.0,0.0,0.0,0.0,0.0,0.0,0.0,0,0,0
1756097651,5613,0.14,0.0,0.0,0.0,0.0,0.0,0.0,0.0,0,0,0
1756097651,5614,0.15,0.0,0.0,0.0,0.0,0.0,0.0,0.0,0,0,0
1756097651,5615,0.18,0.0,0.01,0.0,0.0,0.0,0.0,0.0,0,0,0
1756097651,5616,0.1,0.0,-0.01,0.0,0.0,0.0,0.0,0.0,0,0,0
1756097651,5617,0.07,0.0,0.0,0.0,0.0,0.0,0.0,0.0,0,0,0
1756097651,5618,0.07,0.0,-0.01,0.0,0.0,0.0,0.0,0.0,0,0,0
1756097651,5619,0.12,0.0,0.0,0.0,0.0,0.0,0.0,0.0,0,0,0
1756097651,5620,0.15,0.0,0.0,0.0,0.0,0.0,0.0,0.0,0,0,0
1756097651,5621,0.05,0.0,0.0,0.0,0.0,0.0,0.0,0.0,0,0,0
1756097651,5622,0.11,0.0,-0.02,0.0,0.0,0.0,0.0,0.0,0,0,0
1756097651,5623,0.15,0.0,-0.01,0.0,0.0,0.0,0.0,0.0,0,0,0
1756097651,5624,0.12,0.0,0.0,0.0,0.0,0.0,0.0,0.0,0,0,0
1756097651,5625,0.1,0.0,0.01,0.0,0.0,0.0,0.0,0.0,0,0,0
1756097651,5626,0.15,0.0,0.01,0.0,0.0,0.0,0.0,0.0,0,0,0
1756097651,5627,0.07,0.0,0.0,0.0,0.0,0.0,0.0,0.0,0,0,0
1756097652,5628,0.1,0.0,0.0,0.0,0.0,0.0,0.0,0.0,0,0,0
1756097652,5629,0.07,0.0,0.0,0.0,0.0,0.0,0.0,0.0,0,0,0
1756097652,5630,0.14,0.0,0.0,0.0,0.0,0.0,0.0,0.0,0,0,0
1756097652,5631,0.18,0.0,0.0,0.0,0.0,0.0,0.0,0.0,0,0,0
1756097652,5632,0.09,0.0,0.0,0.0,0.0,0.0,0.0,0.0,0,0,0
1756097652,5633,0.1,0.0,0.0,0.0,0.0,0.0,0.0,0.0,0,0,0
1756097652,5634,0.07,0.0,0.0,0.0,0.0,0.0,0.0,0.0,0,0,0
1756097652,5635,0.17,0.0,0.0,0.0,0.0,0.0,0.0,0.0,0,0,0
1756097652,5636,0.09,0.0,-0.01,0.0,0.0,0.0,0.0,0.0,0,0,0
1756097652,5637,0.1,0.0,0.0,0.0,0.0,0.0,0.0,0.0,0,0,0
1756097652,5638,0.07,0.0,0.0,0.0,0.0,0.0,0.0,0.0,0,0,0
1756097652,5639,0.02,0.0,-0.05,0.0,0.0,0.0,0.0,0.0,0,0,0
1756097652,5640,0.1,0.0,0.0,0.0,0.0,0.0,0.0,0.0,0,0,0
1756097652,5641,0.1,0.0,0.0,0.0,0.0,0.0,0.0,0.0,0,0,0
1756097652,5642,0.1,0.0,0.0,0.0,0.0,0.0,0.0,0.0,0,0,0
1756097652,5643,0.2,0.0,0.0,0.0,0.0,0.0,0.0,0.0,0,0,0
1756097652,5644,0.05,0.0,-0.11,0.0,0.0,0.0,0.0,0.0,0,0,0
1756097652,5645,0.1,0.0,-0.01,0.0,0.0,0.0,0.0,0.0,0,0,0
1756097652,5646,0.1,0.0,-0.02,0.0,0.0,0.0,0.0,0.0,0,0,0
1756097652,5647,0.07,0.0,0.0,0.0,0.0,0.0,0.0,0.0,0,0,0
1756097652,5648,0.07,0.0,-0.01,0.0,0.0,0.0,0.0,0.0,0,0,0
1756097652,5649,0.1,0.0,0.0,0.0,0.0,0.0,0.0,0.0,0,0,0
1756097652,5650,0.07,0.0,0.0,0.0,0.0,0.0,0.0,0.0,0,0,0
1756097652,5651,0.1,0.0,-0.02,0.0,0.0,0.0,0.0,0.0,0,0,0
1756097652,5652,0.05,0.0,0.0,0.0,0.0,0.0,0.0,0.0,0,0,0
1756097652,5653,0.07,0.0,0.0,0.0,0.0,0.0,0.0,0.0,0,0,0
1756097652,5654,0.07,0.0,0.0,0.0,0.0,0.0,0.0,0.0,0,0,0
1756097652,5655,0.11,0.0,0.0,0.0,0.0,0.0,0.0,0.0,0,0,0
1756097652,5656,0.1,0.0,0.0,0.0,0.0,0.0,0.0,0.0,0,0,0
1756097652,5657,0.1,0.0,-0.03,0.0,0.0,0.0,0.0,0.0,0,0,0
1756097652,5658,0.09,0.0,0.0,0.0,0.0,0.0,0.0,0.0,0,0,0
1756097652,5659,0.1,0.0,0.0,0.0,0.0,0.0,0.0,0.0,0,0,0
1756097652,5660,0.09,0.0,0.0,0.0,0.0,0.0,0.0,0.0,0,0,0
1756097652,5661,0.09,0.0,0.01,0.0,0.0,0.0,0.0,0.0,0,0,0
1756097652,5662,0.11,0.0,0.0,0.0,0.0,0.0,0.0,0.0,0,0,0
1756097652,5663,0.11,0.0,-0.05,0.0,0.0,0.0,0.0,0.0,0,0,0
1756097652,5664,0.14,0.0,0.01,0.0,0.0,0.0,0.0,0.0,0,0,0
1756097652,5665,0.07,0.0,-0.02,0.0,0.0,0.0,0.0,0.0,0,0,0
1756097652,5666,0.15,0.0,0.0,0.0,0.0,0.0,0.0,0.0,0,0,0
1756097652,5667,0.07,0.0,-0.01,0.0,0.0,0.0,0.0,0.0,0,0,0
1756097652,5668,0.15,0.0,0.0,0.0,0.0,0.0,0.0,0.0,0,0,0
1756097652,5669,0.1,0.0,0.0,0.0,0.0,0.0,0.0,0.0,0,0,0
1756097652,5670,0.1,0.0,0.0,0.0,0.0,0.0,0.0,0.0,0,0,0
1756097652,5671,0.07,0.0,0.0,0.0,0.0,0.0,0.0,0.0,0,0,0
1756097652,5672,0.09,0.0,0.0,0.0,0.0,0.0,0.0,0.0,0,0,0
1756097652,5673,0.1,0.0,0.0,0.0,0.0,0.0,0.0,0.0,0,0,0
1756097652,5674,0.09,0.0,-0.01,0.0,0.0,0.0,0.0,0.0,0,0,0
1756097652,5675,0.1,0.0,0.0,0.0,0.0,0.0,0.0,0.0,0,0,0
1756097652,5676,0.15,0.0,0.0,0.0,0.0,0.0,0.0,0.0,0,0,0
1756097652,5677,0.07,0.0,-0.02,0.0,0.0,0.0,0.0,0.0,0,0,0
1756097652,5678,0.09,0.0,0.0,0.0,0.0,0.0,0.0,0.0,0,0,0
1756097652,5679,0.1,0.0,0.0,0.0,0.0,0.0,0.0,0.0,0,0,0
1756097652,5680,0.1,0.0,0.0,0.0,0.0,0.0,0.0,0.0,0,0,0
1756097652,5681,0.12,0.0,0.0,0.0,0.0,0.0,0.0,0.0,0,0,0
1756097652,5682,0.07,0.0,0.01,0.0,0.0,0.0,0.0,0.0,0,0,0
1756097652,5683,0.09,0.0,0.0,0.0,0.0,0.0,0.0,0.0,0,0,0
1756097652,5684,0.17,0.0,0.0,0.0,0.0,0.0,0.0,0.0,0,0,0
1756097652,5685,0.14,0.0,0.01,0.0,0.0,0.0,0.0,0.0,0,0,0
1756097652,5686,0.05,0.0,0.0,0.0,0.0,0.0,0.0,0.0,0,0,0
1756097652,5687,-0.02,0.0,0.0,0.0,0.0,0.0,0.0,0.0,0,0,0
1756097652,5688,0.23,0.0,-0.05,0.0,0.0,0.0,0.0,0.0,0,0,0
1756097652,5689,0.2,0.0,0.0,0.0,0.0,0.0,0.0,0.0,0,0,0
1756097652,5690,0.15,0.0,0.0,0.0,0.0,0.0,0.0,0.0,0,0,0
1756097653,5691,0.07,0.0,0.03,0.0,0.0,0.0,0.0,0.0,0,0,0
1756097653,5692,0.11,0.0,0.0,0.0,0.0,0.0,0.0,0.0,0,0,0
1756097653,5693,0.11,0.0,0.0,0.0,0.0,0.0,0.0,0.0,0,0,0
1756097653,5694,0.1,0.0,0.0,0.0,0.0,0.0,0.0,0.0,0,0,0
1756097653,5695,0.14,0.0,0.03,0.0,0.0,0.0,0.0,0.0,0,0,0
1756097653,5696,0.18,0.0,0.02,0.0,0.0,0.0,0.0,0.0,0,0,0
1756097653,5697,0.07,0.0,0.0,0.0,0.0,0.0,0.0,0.0,0,0,0
1756097653,5698,0.11,0.0,0.0,0.0,0.0,0.0,0.0,0.0,0,0,0
1756097653,5699,0.11,0.0,0.0,0.0,0.0,0.0,0.0,0.0,0,0,0
1756097653,5700,0.1,0.0,0.0,0.0,0.0,0.0,0.0,0.0,0,0,0
1756097653,5701,0.09,0.0,-0.02,0.0,0.0,0.0,0.0,0.0,0,0,0
1756097653,5702,0.11,0.0,-0.03,0.0,0.0,0.0,0.0,0.0,0,0,0
1756097653,5703,0.15,0.0,0.0,0.0,0.0,0.0,0.0,0.0,0,0,0
1756097653,5704,0.0,0.0,-0.05,0.0,0.0,0.0,0.0,0.0,0,0,0
1756097653,5705,0.1,0.0,0.0,0.0,0.0,0.0,0.0,0.0,0,0,0
1756097653,5706,0.1,0.0,0.0,0.0,0.0,0.0,0.0,0.0,0,0,0
1756097653,5707,0.14,0.0,0.0,0.0,0.0,0.0,0.0,0.0,0,0,0
1756097653,5708,0.1,0.0,0.0,0.0,0.0,0.0,0.0,0.0,0,0,0
1756097653,5709,0.14,0.0,0.0,0.0,0.0,0.0,0.0,0.0,0,0,0
1756097653,5710,0.07,0.0,-0.01,0.0,0.0,0.0,0.0,0.0,0,0,0
1756097653,5711,0.17,0.0,0.0,0.0,0.0,0.0,0.0,0.0,0,0,0
1756097653,5712,0.14,0.0,0.0,0.0,0.0,0.0,0.0,0.0,0,0,0
1756097653,5713,0.11,0.0,-0.02,0.0,0.0,0.0,0.0,0.0,0,0,0
1756097653,5714,0.1,0.0,0.0,0.0,0.0,0.0,0.0,0.0,0,0,0
1756097653,5715,0.15,0.0,0.0,0.0,0.0,0.0,0.0,0.0,0,0,0
1756097653,5716,0.12,0.0,0.0,0.0,0.0,0.0,0.0,0.0,0,0,0
1756097653,5717,0.1,0.0,0.0,0.0,0.0,0.0,0.0,0.0,0,0,0
1756097653,5718,0.1,0.0,0.0,0.0,0.0,0.0,0.0,0.0,0,0,0
1756097653,5719,0.11,0.0,0.0,0.0,0.0,0.0,0.0,0.0,0,0,0
1756097653,5720,0.12,0.0,-0.05,0.0,0.0,0.0,0.0,0.0,0,0,0
1756097653,5721,0.1,0.0,0.0,0.0,0.0,0.0,0.0,0.0,0,0,0
1756097653,5722,0.11,0.0,0.0,0.0,0.0,0.0,0.0,0.0,0,0,0
1756097653,5723,0.15,0.0,0.0,0.0,0.0,0.0,0.0,0.0,0,0,0
1756097653,5724,0.11,0.0,0.0,0.0,0.0,0.0,0.0,0.0,0,0,0
1756097653,5725,0.15,0.0,0.09,0.0,0.0,0.0,0.0,0.0,0,0,0
1756097653,5726,0.14,0.0,-0.05,0.0,0.0,0.0,0.0,0.0,0,0,0
1756097653,5727,0.14,0.0,0.0,0.0,0.0,0.0,0.0,0.0,0,0,0
1756097653,5728,0.1,0.0,0.0,0.0,0.0,0.0,0.0,0.0,0,0,0
1756097653,5729,0.11,0.0,0.0,0.0,0.0,0.0,0.0,0.0,0,0,0
1756097653,5730,0.15,0.0,0.02,0.0,0.0,0.0,0.0,0.0,0,0,0
1756097653,5731,0.09,0.0,0.0,0.0,0.0,0.0,0.0,0.0,0,0,0
1756097653,5732,0.1,0.0,0.03,0.0,0.0,0.0,0.0,0.0,0,0,0
1756097653,5733,0.14,0.0,0.01,0.0,0.0,0.0,0.0,0.0,0,0,0
1756097653,5734,0.05,0.0,0.0,0.0,0.0,0.0,0.0,0.0,0,0,0
1756097653,5735,0.03,0.0,-0.05,0.0,0.0,0.0,0.0,0.0,0,0,0
1756097653,5736,0.15,0.0,0.0,0.0,0.0,0.0,0.0,0.0,0,0,0
1756097653,5737,0.15,0.0,0.0,0.0,0.0,0.0,0.0,0.0,0,0,0
1756097653,5738,0.18,0.0,0.0,0.0,0.0,0.0,0.0,0.0,0,0,0
1756097653,5739,0.07,0.0,-0.02,0.0,0.0,0.0,0.0,0.0,0,0,0
1756097653,5740,0.12,0.0,-0.05,0.0,0.0,0.0,0.0,0.0,0,0,0
1756097653,5741,0.1,0.0,0.0,0.0,0.0,0.0,0.0,0.0,0,0,0
1756097653,5742,0.12,0.0,0.0,0.0,0.0,0.0,0.0,0.0,0,0,0
1756097653,5743,0.14,0.0,0.0,0.0,0.0,0.0,0.0,0.0,0,0,0
1756097653,5744,0.1,0.0,0.0,0.0,0.0,0.0,0.0,0.0,0,0,0
1756097653,5745,0.12,0.0,0.0,0.0,0.0,0.0,0.0,0.0,0,0,0
1756097653,5746,0.15,0.0,-0.07,0.0,0.0,0.0,0.0,0.0,0,0,0
1756097653,5747,0.1,0.0,0.0,0.0,0.0,0.0,0.0,0.0,0,0,0
1756097653,5748,0.11,0.0,0.0,0.0,0.0,0.0,0.0,0.0,0,0,0
1756097653,5749,0.07,0.0,-0.07,0.0,0.0,0.0,0.0,0.0,0,0,0
1756097653,5750,0.18,0.0,0.01,0.0,0.0,0.0,0.0,0.0,0,0,0
1756097653,5751,0.14,0.0,0.0,0.0,0.0,0.0,0.0,0.0,0,0,0
1756097653,5752,0.09,0.0,0.0,0.0,0.0,0.0,0.0,0.0,0,0,0
1756097653,5753,0.07,0.0,0.0,0.0,0.0,0.0,0.0,0.0,0,0,0
1756097653,5754,0.1,0.0,-0.09,0.0,0.0,0.0,0.0,0.0,0,0,0
1756097653,5755,0.2,0.0,0.02,0.0,0.0,0.0,0.0,0.0,0,0,0
1756097654,5756,0.12,0.0,0.0,0.0,0.0,0.0,0.0,0.0,0,0,0
1756097654,5757,0.14,0.0,0.01,0.0,0.0,0.0,0.0,0.0,0,0,0
1756097654,5758,0.15,0.0,0.0,0.0,0.0,0.0,0.0,0.0,0,0,0
1756097654,5759,0.11,0.0,0.0,0.0,0.0,0.0,0.0,0.0,0,0,0
1756097654,5760,0.12,0.0,0.0,0.0,0.0,0.0,0.0,0.0,0,0,0
1756097654,5761,0.07,0.0,0.05,0.0,0.0,0.0,0.0,0.0,0,0,0
1756097654,5762,0.05,0.0,-0.01,0.0,0.0,0.0,0.0,0.0,0,0,0
1756097654,5763,0.15,0.0,-0.14,0.0,0.0,0.0,0.0,0.0,0,0,0
1756097654,5764,0.14,0.0,0.0,0.0,0.0,0.0,0.0,0.0,0,0,0
1756097654,5765,0.07,0.0,-0.02,0.0,0.0,0.0,0.0,0.0,0,0,0
1756097654,5766,0.1,0.0,0.0,0.0,0.0,0.0,0.0,0.0,0,0,0
1756097654,5767,0.15,0.0,0.0,0.0,0.0,0.0,0.0,0.0,0,0,0
1756097654,5768,0.15,0.0,0.0,0.0,0.0,0.0,0.0,0.0,0,0,0
1756097654,5769,0.15,0.0,0.0,0.0,0.0,0.0,0.0,0.0,0,0,0
1756097654,5770,0.25,0.0,-0.03,0.0,0.0,0.0,0.0,0.0,0,0,0
1756097654,5771,0.15,0.0,0.0,0.0,0.0,0.0,0.0,0.0,0,0,0
1756097654,5772,0.09,0.0,0.05,0.0,0.0,0.0,0.0,0.0,0,0,0
1756097654,5773,0.09,0.0,0.0,0.0,0.0,0.0,0.0,0.0,0,0,0
1756097654,5774,0.0,0.0,-0.01,0.0,0.0,0.0,0.0,0.0,0,0,0
1756097654,5775,0.17,0.0,0.0,0.0,0.0,0.0,0.0,0.0,0,0,0
1756097654,5776,0.17,0.0,0.0,0.0,0.0,0.0,0.0,0.0,0,0,0
1756097654,5777,0.17,0.0,0.0,0.0,0.0,0.0,0.0,0.0,0,0,0
1756097654,5778,0.11,0.0,0.0,0.0,0.0,0.0,0.0,0.0,0,0,0
1756097654,5779,0.14,0.0,0.02,0.0,0.0,0.0,0.0,0.0,0,0,0
1756097654,5780,0.07,0.0,-0.05,0.0,0.0,0.0,0.0,0.0,0,0,0
1756097654,5781,0.11,0.0,-0.01,0.0,0.0,0.0,0.0,0.0,0,0,0
1756097654,5782,0.14,0.0,0.03,0.0,0.0,0.0,0.0,0.0,0,0,0
1756097654,5783,0.15,0.0,0.0,0.0,0.0,0.0,0.0,0.0,0,0,0
1756097654,5784,0.12,0.0,0.0,0.0,0.0,0.0,0.0,0.0,0,0,0
1756097654,5785,0.15,0.0,0.0,0.0,0.0,0.0,0.0,0.0,0,0,0
1756097654,5786,0.15,0.0,0.0,0.0,0.0,0.0,0.0,0.0,0,0,0
1756097654,5787,0.05,0.0,0.0,0.0,0.0,0.0,0.0,0.0,0,0,0
1756097654,5788,0.1,0.0,0.01,0.0,0.0,0.0,0.0,0.0,0,0,0
1756097654,5789,0.11,0.0,-0.01,0.0,0.0,0.0,0.0,0.0,0,0,0
1756097654,5790,0.1,0.0,0.0,0.0,0.0,0.0,0.0,0.0,0,0,0
1756097654,5791,0.17,0.0,0.0,0.0,0.0,0.0,0.0,0.0,0,0,0
1756097654,5792,0.05,0.0,0.0,0.0,0.0,0.0,0.0,0.0,0,0,0
1756097654,5793,0.11,0.0,0.0,0.0,0.0,0.0,0.0,0.0,0,0,0
1756097654,5794,0.11,0.0,0.09,0.0,0.0,0.0,0.0,0.0,0,0,0
1756097654,5795,0.1,0.0,-0.07,0.0,0.0,0.0,0.0,0.0,0,0,0
1756097654,5796,0.07,0.0,0.0,0.0,0.0,0.0,0.0,0.0,0,0,0
1756097654,5797,0.1,0.0,-0.02,0.0,0.0,0.0,0.0,0.0,0,0,0
1756097654,5798,0.23,0.0,0.0,0.0,0.0,0.0,0.0,0.0,0,0,0
1756097654,5799,0.1,0.0,0.0,0.0,0.0,0.0,0.0,0.0,0,0,0
1756097654,5800,0.1,0.0,0.0,0.0,0.0,0.0,0.0,0.0,0,0,0
1756097654,5801,0.07,0.0,0.0,0.0,0.0,0.0,0.0,0.0,0,0,0
1756097654,5802,0.05,0.0,-0.01,0.0,0.0,0.0,0.0,0.0,0,0,0
1756097654,5803,0.05,0.0,0.0,0.0,0.0,0.0,0.0,0.0,0,0,0
1756097654,5804,0.15,0.0,0.0,0.0,0.0,0.0,0.0,0.0,0,0,0
1756097654,5805,0.2,0.0,0.0,0.0,0.0,0.0,0.0,0.0,0,0,0
1756097654,5806,0.1,0.0,0.0,0.0,0.0,0.0,0.0,0.0,0,0,0
1756097654,5807,0.1,0.0,0.0,0.0,0.0,0.0,0.0,0.0,0,0,0
1756097654,5808,0.11,0.0,0.0,0.0,0.0,0.0,0.0,0.0,0,0,0
1756097654,5809,0.18,0.0,0.0,0.0,0.0,0.0,0.0,0.0,0,0,0
1756097654,5810,-0.01,0.0,0.03,0.0,0.0,0.0,0.0,0.0,0,0,0
1756097654,5811,0.23,0.0,0.0,0.0,0.0,0.0,0.0,0.0,0,0,0
1756097654,5812,0.2,0.0,0.0,0.0,0.0,0.0,0.0,0.0,0,0,0
1756097654,5813,0.11,0.0,0.0,0.0,0.0,0.0,0.0,0.0,0,0,0
1756097654,5814,0.05,0.0,-0.01,0.0,0.0,0.0,0.0,0.0,0,0,0
1756097654,5815,0.03,0.0,0.0,0.0,0.0,0.0,0.0,0.0,0,0,0
1756097654,5816,0.1,0.0,0.0,0.0,0.0,0.0,0.0,0.0,0,0,0
1756097654,5817,0.05,0.0,0.0,0.0,0.0,0.0,0.0,0.0,0,0,0
1756097654,5818,0.07,0.0,0.02,0.0,0.0,0.0,0.0,0.0,0,0,0
1756097654,5819,0.1,0.0,-0.01,0.0,0.0,0.0,0.0,0.0,0,0,0
1756097654,5820,0.1,0.0,0.05,0.0,0.0,0.0,0.0,0.0,0,0,0
1756097654,5821,0.1,0.0,0.01,0.0,0.0,0.0,0.0,0.0,0,0,0
1756097654,5822,0.12,0.0,-0.03,0.0,0.0,0.0,0.0,0.0,0,0,0
1756097654,5823,-0.03,0.0,0.03,0.0,0.0,0.0,0.0,0.0,0,0,0
1756097655,5824,0.2,0.0,0.0,0.0,0.0,0.0,0.0,0.0,0,0,0
1756097655,5825,0.17,0.0,0.01,0.0,0.0,0.0,0.0,0.0,0,0,0
1756097655,5826,0.17,0.0,0.0,0.0,0.0,0.0,0.0,0.0,0,0,0
1756097655,5827,0.1,0.0,0.0,0.0,0.0,0.0,0.0,0.0,0,0,0
1756097655,5828,0.11,0.0,0.0,0.0,0.0,0.0,0.0,0.0,0,0,0
1756097655,5829,0.1,0.0,-0.05,0.0,0.0,0.0,0.0,0.0,0,0,0
1756097655,5830,0.1,0.0,0.0,0.0,0.0,0.0,0.0,0.0,0,0,0
1756097655,5831,0.11,0.0,-0.03,0.0,0.0,0.0,0.0,0.0,0,0,0
1756097655,5832,0.12,0.0,0.0,0.0,0.0,0.0,0.0,0.0,0,0,0
1756097655,5833,0.09,0.0,-0.07,0.0,0.0,0.0,0.0,0.0,0,0,0
1756097655,5834,0.07,0.0,-0.03,0.0,0.0,0.0,0.0,0.0,0,0,0
1756097655,5835,0.05,0.0,-0.14,0.0,0.0,0.0,0.0,0.0,0,0,0
1756097655,5836,0.18,0.0,0.0,0.0,0.0,0.0,0.0,0.0,0,0,0
1756097655,5837,0.02,0.0,-0.01,0.0,0.0,0.0,0.0,0.0,0,0,0
1756097655,5838,0.09,0.0,0.0,0.0,0.0,0.0,0.0,0.0,0,0,0
1756097655,5839,0.1,0.0,0.0,0.0,0.0,0.0,0.0,0.0,0,0,0
1756097655,5840,0.07,0.0,0.0,0.0,0.0,0.0,0.0,0.0,0,0,0
1756097655,5841,0.18,0.0,0.0,0.0,0.0,0.0,0.0,0.0,0,0,0
1756097655,5842,0.07,0.0,-0.05,0.0,0.0,0.0,0.0,0.0,0,0,0
1756097655,5843,0.01,0.0,-0.02,0.0,0.0,0.0,0.0,0.0,0,0,0
1756097655,5844,0.17,0.0,-0.02,0.0,0.0,0.0,0.0,0.0,0,0,0
1756097655,5845,0.15,0.0,-0.05,0.0,0.0,0.0,0.0,0.0,0,0,0
1756097655,5846,0.03,0.0,-0.03,0.0,0.0,0.0,0.0,0.0,0,0,0
1756097655,5847,0.07,0.0,0.0,0.0,0.0,0.0,0.0,0.0,0,0,0
1756097655,5848,0.12,0.0,0.0,0.0,0.0,0.0,0.0,0.0,0,0,0
1756097655,5849,0.1,0.0,0.0,0.0,0.0,0.0,0.0,0.0,0,0,0
1756097655,5850,0.11,0.0,-0.02,0.0,0.0,0.0,0.0,0.0,0,0,0
1756097655,5851,0.07,0.0,0.0,0.0,0.0,0.0,0.0,0.0,0,0,0
1756097655,5852,0.1,0.0,0.0,0.0,0.0,0.0,0.0,0.0,0,0,0
1756097655,5853,0.05,0.0,0.0,0.0,0.0,0.0,0.0,0.0,0,0,0
1756097655,5854,0.1,0.0,0.03,0.0,0.0,0.0,0.0,0.0,0,0,0
1756097655,5855,0.12,0.0,-0.03,0.0,0.0,0.0,0.0,0.0,0,0,0
1756097655,5856,0.07,0.0,0.0,0.0,0.0,0.0,0.0,0.0,0,0,0
1756097655,5857,0.11,0.0,0.0,0.0,0.0,0.0,0.0,0.0,0,0,0
1756097655,5858,0.07,0.0,-0.02,0.0,0.0,0.0,0.0,0.0,0,0,0
1756097655,5859,0.07,0.0,-0.01,0.0,0.0,0.0,0.0,0.0,0,0,0
1756097655,5860,0.12,0.0,0.0,0.0,0.0,0.0,0.0,0.0,0,0,0
1756097655,5861,0.05,0.0,0.0,0.0,0.0,0.0,0.0,0.0,0,0,0
1756097655,5862,0.11,0.0,-0.01,0.0,0.0,0.0,0.0,0.0,0,0,0
1756097655,5863,0.15,0.0,0.0,0.0,0.0,0.0,0.0,0.0,0,0,0
1756097655,5864,0.09,0.0,0.0,0.0,0.0,0.0,0.0,0.0,0,0,0
1756097655,5865,0.1,0.0,0.0,0.0,0.0,0.0,0.0,0.0,0,0,0
1756097655,5866,0.05,0.0,0.0,0.0,0.0,0.0,0.0,0.0,0,0,0
1756097655,5867,0.18,0.0,0.0,0.0,0.0,0.0,0.0,0.0,0,0,0
1756097655,5868,0.09,0.0,0.0,0.0,0.0,0.0,0.0,0.0,0,0,0
1756097655,5869,0.11,0.0,0.03,0.0,0.0,0.0,0.0,0.0,0,0,0
1756097655,5870,0.12,0.0,0.0,0.0,0.0,0.0,0.0,0.0,0,0,0
1756097655,5871,0.11,0.0,0.0,0.0,0.0,0.0,0.0,0.0,0,0,0
1756097655,5872,0.14,0.0,0.0,0.0,0.0,0.0,0.0,0.0,0,0,0
1756097655,5873,0.01,0.0,-0.05,0.0,0.0,0.0,0.0,0.0,0,0,0
1756097655,5874,0.1,0.0,0.01,0.0,0.0,0.0,0.0,0.0,0,0,0
1756097655,5875,0.17,0.0,0.0,0.0,0.0,0.0,0.0,0.0,0,0,0
1756097655,5876,0.05,0.0,0.0,0.0,0.0,0.0,0.0,0.0,0,0,0
1756097655,5877,0.11,0.0,0.0,0.0,0.0,0.0,0.0,0.0,0,0,0
1756097655,5878,0.15,0.0,0.03,0.0,0.0,0.0,0.0,0.0,0,0,0
1756097655,5879,0.11,0.0,0.0,0.0,0.0,0.0,0.0,0.0,0,0,0
1756097655,5880,0.11,0.0,-0.05,0.0,0.0,0.0,0.0,0.0,0,0,0
1756097655,5881,0.07,0.0,0.0,0.0,0.0,0.0,0.0,0.0,0,0,0
1756097655,5882,0.11,0.0,0.03,0.0,0.0,0.0,0.0,0.0,0,0,0
1756097655,5883,0.1,0.0,-0.01,0.0,0.0,0.0,0.0,0.0,0,0,0
1756097655,5884,0.18,0.0,0.0,0.0,0.0,0.0,0.0,0.0,0,0,0
1756097655,5885,0.11,0.0,0.0,0.0,0.0,0.0,0.0,0.0,0,0,0
1756097655,5886,0.07,0.0,0.0,0.0,0.0,0.0,0.0,0.0,0,0,0
1756097655,5887,0.07,0.0,0.0,0.0,0.0,0.0,0.0,0.0,0,0,0
1756097655,5888,0.15,0.0,0.0,0.0,0.0,0.0,0.0,0.0,0,0,0
1756097656,5889,0.05,0.0,-0.02,0.0,0.0,0.0,0.0,0.0,0,0,0
1756097656,5890,0.07,0.0,0.0,0.0,0.0,0.0,0.0,0.0,0,0,0
1756097656,5891,0.14,0.0,0.0,0.0,0.0,0.0,0.0,0.0,0,0,0
1756097656,5892,0.1,0.0,0.0,0.0,0.0,0.0,0.0,0.0,0,0,0
1756097656,5893,0.1,0.0,-0.01,0.0,0.0,0.0,0.0,0.0,0,0,0
1756097656,5894,0.12,0.0,0.0,0.0,0.0,0.0,0.0,0.0,0,0,0
1756097656,5895,0.05,0.0,-0.02,0.0,0.0,0.0,0.0,0.0,0,0,0
1756097656,5896,0.1,0.0,-0.01,0.0,0.0,0.0,0.0,0.0,0,0,0
1756097656,5897,0.1,0.0,-0.02,0.0,0.0,0.0,0.0,0.0,0,0,0
1756097656,5898,0.18,0.0,-0.01,0.0,0.0,0.0,0.0,0.0,0,0,0
1756097656,5899,0.07,0.0,0.0,0.0,0.0,0.0,0.0,0.0,0,0,0
1756097656,5900,0.09,0.0,0.0,0.0,0.0,0.0,0.0,0.0,0,0,0
1756097656,5901,0.07,0.0,0.0,0.0,0.0,0.0,0.0,0.0,0,0,0
1756097656,5902,0.12,0.0,0.0,0.0,0.0,0.0,0.0,0.0,0,0,0
1756097656,5903,0.07,0.0,-0.1,0.0,0.0,0.0,0.0,0.0,0,0,0
1756097656,5904,0.12,0.0,0.01,0.0,0.0,0.0,0.0,0.0,0,0,0
1756097656,5905,0.14,0.0,-0.01,0.0,0.0,0.0,0.0,0.0,0,0,0
1756097656,5906,0.07,0.0,0.0,0.0,0.0,0.0,0.0,0.0,0,0,0
1756097656,5907,0.11,0.0,-0.01,0.0,0.0,0.0,0.0,0.0,0,0,0
1756097656,5908,0.1,0.0,0.0,0.0,0.0,0.0,0.0,0.0,0,0,0
1756097656,5909,0.0,0.0,-0.01,0.0,0.0,0.0,0.0,0.0,0,0,0
1756097656,5910,0.12,0.0,0.0,0.0,0.0,0.0,0.0,0.0,0,0,0
1756097656,5911,0.1,0.0,0.01,0.0,0.0,0.0,0.0,0.0,0,0,0
1756097656,5912,0.15,0.0,-0.03,0.0,0.0,0.0,0.0,0.0,0,0,0
1756097656,5913,0.1,0.0,0.0,0.0,0.0,0.0,0.0,0.0,0,0,0
1756097656,5914,0.05,0.0,0.0,0.0,0.0,0.0,0.0,0.0,0,0,0
1756097656,5915,0.1,0.0,0.0,0.0,0.0,0.0,0.0,0.0,0,0,0
1756097656,5916,0.1,0.0,0.02,0.0,0.0,0.0,0.0,0.0,0,0,0
1756097656,5917,0.09,0.0,0.0,0.0,0.0,0.0,0.0,0.0,0,0,0
1756097656,5918,0.07,0.0,0.0,0.0,0.0,0.0,0.0,0.0,0,0,0
1756097656,5919,0.21,0.0,0.0,0.0,0.0,0.0,0.0,0.0,0,0,0
1756097656,5920,0.1,0.0,-0.03,0.0,0.0,0.0,0.0,0.0,0,0,0
1756097656,5921,0.09,0.0,-0.07,0.0,0.0,0.0,0.0,0.0,0,0,0
1756097656,5922,0.11,0.0,0.0,0.0,0.0,0.0,0.0,0.0,0,0,0
1756097656,5923,0.15,0.0,-0.01,0.0,0.0,0.0,0.0,0.0,0,0,0
1756097656,5924,0.12,0.0,0.0,0.0,0.0,0.0,0.0,0.0,0,0,0
1756097656,5925,0.09,0.0,-0.02,0.0,0.0,0.0,0.0,0.0,0,0,0
1756097656,5926,0.07,0.0,-0.02,0.0,0.0,0.0,0.0,0.0,0,0,0
1756097656,5927,0.12,0.0,0.0,0.0,0.0,0.0,0.0,0.0,0,0,0
1756097656,5928,0.15,0.0,-0.01,0.0,0.0,0.0,0.0,0.0,0,0,0
1756097656,5929,0.09,0.0,0.0,0.0,0.0,0.0,0.0,0.0,0,0,0
1756097656,5930,0.09,0.0,0.0,0.0,0.0,0.0,0.0,0.0,0,0,0
1756097656,5931,0.1,0.0,-0.09,0.0,0.0,0.0,0.0,0.0,0,0,0
1756097656,5932,0.1,0.0,0.0,0.0,0.0,0.0,0.0,0.0,0,0,0
1756097656,5933,0.05,0.0,-0.01,0.0,0.0,0.0,0.0,0.0,0,0,0
1756097656,5934,0.09,0.0,-0.02,0.0,0.0,0.0,0.0,0.0,0,0,0
1756097656,5935,0.15,0.0,0.01,0.0,0.0,0.0,0.0,0.0,0,0,0
1756097656,5936,0.14,0.0,-0.02,0.0,0.0,0.0,0.0,0.0,0,0,0
1756097656,5937,0.11,0.0,-0.05,0.0,0.0,0.0,0.0,0.0,0,0,0
1756097656,5938,0.05,0.0,-0.05,0.0,0.0,0.0,0.0,0.0,0,0,0
1756097656,5939,0.03,0.0,0.01,0.0,0.0,0.0,0.0,0.0,0,0,0
1756097656,5940,0.14,0.0,-0.07,0.0,0.0,0.0,0.0,0.0,0,0,0
1756097656,5941,0.1,0.0,-0.03,0.0,0.0,0.0,0.0,0.0,0,0,0
1756097656,5942,0.14,0.0,0.0,0.0,0.0,0.0,0.0,0.0,0,0,0
1756097656,5943,0.07,0.0,0.0,0.0,0.0,0.0,0.0,0.0,0,0,0
1756097656,5944,0.12,0.0,0.0,0.0,0.0,0.0,0.0,0.0,0,0,0
1756097656,5945,0.14,0.0,-0.01,0.0,0.0,0.0,0.0,0.0,0,0,0
1756097656,5946,0.15,0.0,0.0,0.0,0.0,0.0,0.0,0.0,0,0,0
1756097656,5947,0.07,0.0,0.0,0.0,0.0,0.0,0.0,0.0,0,0,0
1756097656,5948,0.1,0.0,-0.01,0.0,0.0,0.0,0.0,0.0,0,0,0
1756097656,5949,0.09,0.0,0.0,0.0,0.0,0.0,0.0,0.0,0,0,0
1756097656,5950,0.11,0.0,0.0,0.0,0.0,0.0,0.0,0.0,0,0,0
1756097656,5951,0.14,0.0,-0.01,0.0,0.0,0.0,0.0,0.0,0,0,0
1756097656,5952,0.12,0.0,0.0,0.0,0.0,0.0,0.0,0.0,0,0,0
1756097656,5953,0.14,0.0,0.0,0.0,0.0,0.0,0.0,0.0,0,0,0
1756097656,5954,0.09,0.0,0.0,0.0,0.0,0.0,0.0,0.0,0,0,0
1756097656,5955,0.09,0.0,0.0,0.0,0.0,0.0,0.0,0.0,0,0,0
1756097656,5956,0.15,0.0,0.0,0.0,0.0,0.0,0.0,0.0,0,0,0
1756097657,5957,0.07,0.0,-0.09,0.0,0.0,0.0,0.0,0.0,0,0,0
1756097657,5958,0.11,0.0,0.0,0.0,0.0,0.0,0.0,0.0,0,0,0
1756097657,5959,0.11,0.0,0.11,0.0,0.0,0.0,0.0,0.0,0,0,0
1756097657,5960,0.12,0.0,0.07,0.0,0.0,0.0,0.0,0.0,0,0,0
1756097657,5961,0.01,0.0,0.0,0.0,0.0,0.0,0.0,0.0,0,0,0
1756097657,5962,0.1,0.0,0.0,0.0,0.0,0.0,0.0,0.0,0,0,0
1756097657,5963,0.15,0.0,0.0,0.0,0.0,0.0,0.0,0.0,0,0,0
1756097657,5964,0.1,0.0,0.07,0.0,0.0,0.0,0.0,0.0,0,0,0
1756097657,5965,0.07,0.0,0.0,0.0,0.0,0.0,0.0,0.0,0,0,0
1756097657,5966,0.12,0.0,0.01,0.0,0.0,0.0,0.0,0.0,0,0,0
1756097657,5967,0.14,0.0,0.0,0.0,0.0,0.0,0.0,0.0,0,0,0
1756097657,5968,0.05,0.0,0.07,0.0,0.0,0.0,0.0,0.0,0,0,0
1756097657,5969,0.15,0.0,0.0,0.0,0.0,0.0,0.0,0.0,0,0,0
1756097657,5970,0.1,0.0,0.0,0.0,0.0,0.0,0.0,0.0,0,0,0
1756097657,5971,0.11,0.0,0.0,0.0,0.0,0.0,0.0,0.0,0,0,0
1756097657,5972,0.11,0.0,0.01,0.0,0.0,0.0,0.0,0.0,0,0,0
1756097657,5973,0.01,0.0,-0.05,0.0,0.0,0.0,0.0,0.0,0,0,0
1756097657,5974,0.1,0.0,-0.14,0.0,0.0,0.0,0.0,0.0,0,0,0
1756097657,5975,0.18,0.0,0.0,0.0,0.0,0.0,0.0,0.0,0,0,0
1756097657,5976,0.1,0.0,0.0,0.0,0.0,0.0,0.0,0.0,0,0,0
1756097657,5977,0.11,0.0,0.0,0.0,0.0,0.0,0.0,0.0,0,0,0
1756097657,5978,0.1,0.0,-0.05,0.0,0.0,0.0,0.0,0.0,0,0,0
1756097657,5979,0.1,0.0,0.03,0.0,0.0,0.0,0.0,0.0,0,0,0
1756097657,5980,0.07,0.0,-0.01,0.0,0.0,0.0,0.0,0.0,0,0,0
1756097657,5981,0.03,0.0,0.02,0.0,0.0,0.0,0.0,0.0,0,0,0
1756097657,5982,0.12,0.0,0.03,0.0,0.0,0.0,0.0,0.0,0,0,0
1756097657,5983,0.12,0.0,-0.01,0.0,0.0,0.0,0.0,0.0,0,0,0
1756097657,5984,0.11,0.0,-0.02,0.0,0.0,0.0,0.0,0.0,0,0,0
1756097657,5985,0.17,0.0,0.0,0.0,0.0,0.0,0.0,0.0,0,0,0
1756097657,5986,0.1,0.0,-0.03,0.0,0.0,0.0,0.0,0.0,0,0,0
1756097657,5987,0.07,0.0,0.0,0.0,0.0,0.0,0.0,0.0,0,0,0
1756097657,5988,0.09,0.0,0.0,0.0,0.0,0.0,0.0,0.0,0,0,0
1756097657,5989,0.11,0.0,0.0,0.0,0.0,0.0,0.0,0.0,0,0,0
1756097657,5990,0.1,0.0,-0.1,0.0,0.0,0.0,0.0,0.0,0,0,0
1756097657,5991,0.15,0.0,0.0,0.0,0.0,0.0,0.0,0.0,0,0,0
1756097657,5992,0.12,0.0,0.0,0.0,0.0,0.0,0.0,0.0,0,0,0
1756097657,5993,0.09,0.0,0.0,0.0,0.0,0.0,0.0,0.0,0,0,0
1756097657,5994,0.14,0.0,0.0,0.0,0.0,0.0,0.0,0.0,0,0,0
1756097657,5995,0.0,0.0,0.02,0.0,0.0,0.0,0.0,0.0,0,0,0
1756097657,5996,0.15,0.0,-0.02,0.0,0.0,0.0,0.0,0.0,0,0,0
1756097657,5997,0.12,0.0,-0.01,0.0,0.0,0.0,0.0,0.0,0,0,0
1756097657,5998,0.1,0.0,-0.05,0.0,0.0,0.0,0.0,0.0,0,0,0
1756097657,5999,0.1,0.0,0.0,0.0,0.0,0.0,0.0,0.0,0,0,0
1756097657,6000,0.18,0.0,-0.03,0.0,0.0,0.0,0.0,0.0,0,0,0
1756097657,6001,0.11,0.0,-0.01,0.0,0.0,0.0,0.0,0.0,0,0,0
1756097657,6002,0.07,0.0,-0.05,0.0,0.0,0.0,0.0,0.0,0,0,0
1756097657,6003,0.14,0.0,0.01,0.0,0.0,0.0,0.0,0.0,0,0,0
1756097657,6004,0.05,0.0,0.02,0.0,0.0,0.0,0.0,0.0,0,0,0
1756097657,6005,0.11,0.0,0.0,0.0,0.0,0.0,0.0,0.0,0,0,0
1756097657,6006,0.09,0.0,0.07,0.0,0.0,0.0,0.0,0.0,0,0,0
1756097657,6007,0.09,0.0,0.07,0.0,0.0,0.0,0.0,0.0,0,0,0
1756097657,6008,0.01,0.0,-0.01,0.0,0.0,0.0,0.0,0.0,0,0,0
1756097657,6009,0.17,0.0,-0.01,0.0,0.0,0.0,0.0,0.0,0,0,0
1756097657,6010,0.05,0.0,-0.05,0.0,0.0,0.0,0.0,0.0,0,0,0
1756097657,6011,0.14,0.0,0.0,0.0,0.0,0.0,0.0,0.0,0,0,0
1756097657,6012,0.07,0.0,0.0,0.0,0.0,0.0,0.0,0.0,0,0,0
1756097657,6013,0.07,0.0,0.0,0.0,0.0,0.0,0.0,0.0,0,0,0
1756097657,6014,0.1,0.0,-0.01,0.0,0.0,0.0,0.0,0.0,0,0,0
1756097657,6015,0.12,0.0,0.0,0.0,0.0,0.0,0.0,0.0,0,0,0
1756097657,6016,0.05,0.0,0.09,0.0,0.0,0.0,0.0,0.0,0,0,0
1756097657,6017,0.09,0.0,-0.11,0.0,0.0,0.0,0.0,0.0,0,0,0
1756097657,6018,0.1,0.0,-0.01,0.0,0.0,0.0,0.0,0.0,0,0,0
1756097657,6019,0.11,0.0,-0.05,0.0,0.0,0.0,0.0,0.0,0,0,0
1756097657,6020,0.07,0.0,0.0,0.0,0.0,0.0,0.0,0.0,0,0,0
1756097657,6021,0.12,0.0,0.0,0.0,0.0,0.0,0.0,0.0,0,0,0
1756097657,6022,0.09,0.0,0.01,0.0,0.0,0.0,0.0,0.0,0,0,0
1756097658,6023,0.07,0.0,0.0,0.0,0.0,0.0,0.0,0.0,0,0,0
1756097658,6024,0.12,0.0,0.03,0.0,0.0,0.0,0.0,0.0,0,0,0
1756097658,6025,0.12,0.0,0.05,0.0,0.0,0.0,0.0,0.0,0,0,0
1756097658,6026,0.09,0.0,0.0,0.0,0.0,0.0,0.0,0.0,0,0,0
1756097658,6027,0.1,0.0,0.0,0.0,0.0,0.0,0.0,0.0,0,0,0
1756097658,6028,0.15,0.0,0.01,0.0,0.0,0.0,0.0,0.0,0,0,0
1756097658,6029,0.1,0.0,0.0,0.0,0.0,0.0,0.0,0.0,0,0,0
1756097658,6030,0.15,0.0,0.0,0.0,0.0,0.0,0.0,0.0,0,0,0
1756097658,6031,0.12,0.0,0.0,0.0,0.0,0.0,0.0,0.0,0,0,0
1756097658,6032,0.07,0.0,0.0,0.0,0.0,0.0,0.0,0.0,0,0,0
1756097658,6033,0.05,0.0,0.0,0.0,0.0,0.0,0.0,0.0,0,0,0
1756097658,6034,0.09,0.0,-0.07,0.0,0.0,0.0,0.0,0.0,0,0,0
1756097658,6035,0.1,0.0,0.0,0.0,0.0,0.0,0.0,0.0,0,0,0
1756097658,6036,0.1,0.0,0.02,0.0,0.0,0.0,0.0,0.0,0,0,0
1756097658,6037,0.07,0.0,0.0,0.0,0.0,0.0,0.0,0.0,0,0,0
1756097658,6038,0.12,0.0,0.0,0.0,0.0,0.0,0.0,0.0,0,0,0
1756097658,6039,0.03,0.0,0.0,0.0,0.0,0.0,0.0,0.0,0,0,0
1756097658,6040,0.09,0.0,-0.02,0.0,0.0,0.0,0.0,0.0,0,0,0
1756097658,6041,0.07,0.0,-0.05,0.0,0.0,0.0,0.0,0.0,0,0,0
1756097658,6042,0.11,0.0,0.0,0.0,0.0,0.0,0.0,0.0,0,0,0
1756097658,6043,0.02,0.0,-0.01,0.0,0.0,0.0,0.0,0.0,0,0,0
1756097658,6044,0.12,0.0,-0.01,0.0,0.0,0.0,0.0,0.0,0,0,0
1756097658,6045,0.1,0.0,0.0,0.0,0.0,0.0,0.0,0.0,0,0,0
1756097658,6046,0.07,0.0,-0.03,0.0,0.0,0.0,0.0,0.0,0,0,0
1756097658,6047,0.05,0.0,0.0,0.0,0.0,0.0,0.0,0.0,0,0,0
1756097658,6048,0.05,0.0,0.02,0.0,0.0,0.0,0.0,0.0,0,0,0
1756097658,6049,0.18,0.0,0.0,0.0,0.0,0.0,0.0,0.0,0,0,0
1756097658,6050,0.1,0.0,0.0,0.0,0.0,0.0,0.0,0.0,0,0,0
1756097658,6051,0.09,0.0,-0.02,0.0,0.0,0.0,0.0,0.0,0,0,0
1756097658,6052,0.1,0.0,0.0,0.0,0.0,0.0,0.0,0.0,0,0,0
1756097658,6053,0.12,0.0,0.0,0.0,0.0,0.0,0.0,0.0,0,0,0
1756097658,6054,0.14,0.0,-0.07,0.0,0.0,0.0,0.0,0.0,0,0,0
1756097658,6055,0.05,0.0,0.02,0.0,0.0,0.0,0.0,0.0,0,0,0
1756097658,6056,0.07,0.0,0.0,0.0,0.0,0.0,0.0,0.0,0,0,0
1756097658,6057,0.1,0.0,0.0,0.0,0.0,0.0,0.0,0.0,0,0,0
1756097658,6058,0.1,0.0,-0.01,0.0,0.0,0.0,0.0,0.0,0,0,0
1756097658,6059,0.1,0.0,0.0,0.0,0.0,0.0,0.0,0.0,0,0,0
1756097658,6060,0.1,0.0,-0.09,0.0,0.0,0.0,0.0,0.0,0,0,0
1756097658,6061,0.1,0.0,-0.01,0.0,0.0,0.0,0.0,0.0,0,0,0
1756097658,6062,0.1,0.0,0.0,0.0,0.0,0.0,0.0,0.0,0,0,0
1756097658,6063,0.0,0.0,-0.02,0.0,0.0,0.0,0.0,0.0,0,0,0
1756097658,6064,0.11,0.0,0.0,0.0,0.0,0.0,0.0,0.0,0,0,0
1756097658,6065,0.15,0.0,0.0,0.0,0.0,0.0,0.0,0.0,0,0,0
1756097658,6066,0.15,0.0,0.0,0.0,0.0,0.0,0.0,0.0,0,0,0
1756097658,6067,0.18,0.0,0.0,0.0,0.0,0.0,0.0,0.0,0,0,0
1756097658,6068,0.15,0.0,0.0,0.0,0.0,0.0,0.0,0.0,0,0,0
1756097658,6069,0.02,0.0,0.0,0.0,0.0,0.0,0.0,0.0,0,0,0
1756097658,6070,0.1,0.0,-0.05,0.0,0.0,0.0,0.0,0.0,0,0,0
1756097658,6071,0.11,0.0,-0.02,0.0,0.0,0.0,0.0,0.0,0,0,0
1756097658,6072,0.1,0.0,0.0,0.0,0.0,0.0,0.0,0.0,0,0,0
1756097658,6073,0.07,0.0,0.0,0.0,0.0,0.0,0.0,0.0,0,0,0
1756097658,6074,0.07,0.0,0.0,0.0,0.0,0.0,0.0,0.0,0,0,0
1756097658,6075,0.11,0.0,0.0,0.0,0.0,0.0,0.0,0.0,0,0,0
1756097658,6076,0.05,0.0,-0.01,0.0,0.0,0.0,0.0,0.0,0,0,0
1756097658,6077,0.14,0.0,0.0,0.0,0.0,0.0,0.0,0.0,0,0,0
1756097658,6078,0.15,0.0,-0.02,0.0,0.0,0.0,0.0,0.0,0,0,0
1756097658,6079,0.09,0.0,-0.1,0.0,0.0,0.0,0.0,0.0,0,0,0
1756097658,6080,0.11,0.0,-0.02,0.0,0.0,0.0,0.0,0.0,0,0,0
1756097658,6081,0.1,0.0,-0.05,0.0,0.0,0.0,0.0,0.0,0,0,0
1756097658,6082,0.09,0.0,0.0,0.0,0.0,0.0,0.0,0.0,0,0,0
1756097658,6083,0.1,0.0,0.0,0.0,0.0,0.0,0.0,0.0,0,0,0
1756097658,6084,0.1,0.0,0.0,0.0,0.0,0.0,0.0,0.0,0,0,0
1756097658,6085,0.11,0.0,0.0,0.0,0.0,0.0,0.0,0.0,0,0,0
1756097659,6086,0.07,0.0,0.0,0.0,0.0,0.0,0.0,0.0,0,0,0
1756097659,6087,0.1,0.0,0.0,0.0,0.0,0.0,0.0,0.0,0,0,0
1756097659,6088,0.12,0.0,-0.01,0.0,0.0,0.0,0.0,0.0,0,0,0
1756097659,6089,0.05,0.0,0.0,0.0,0.0,0.0,0.0,0.0,0,0,0
1756097659,6090,0.1,0.0,0.0,0.0,0.0,0.0,0.0,0.0,0,0,0
1756097659,6091,0.07,0.0,0.0,0.0,0.0,0.0,0.0,0.0,0,0,0
1756097659,6092,0.12,0.0,0.0,0.0,0.0,0.0,0.0,0.0,0,0,0
1756097659,6093,0.11,0.0,0.0,0.0,0.0,0.0,0.0,0.0,0,0,0
1756097659,6094,0.07,0.0,-0.05,0.0,0.0,0.0,0.0,0.0,0,0,0
1756097659,6095,0.11,0.0,0.0,0.0,0.0,0.0,0.0,0.0,0,0,0
1756097659,6096,0.15,0.0,0.0,0.0,0.0,0.0,0.0,0.0,0,0,0
1756097659,6097,0.15,0.0,0.0,0.0,0.0,0.0,0.0,0.0,0,0,0
1756097659,6098,0.07,0.0,0.0,0.0,0.0,0.0,0.0,0.0,0,0,0
1756097659,6099,0.07,0.0,0.0,0.0,0.0,0.0,0.0,0.0,0,0,0
1756097659,6100,0.05,0.0,-0.02,0.0,0.0,0.0,0.0,0.0,0,0,0
1756097659,6101,0.17,0.0,-0.02,0.0,0.0,0.0,0.0,0.0,0,0,0
1756097659,6102,0.15,0.0,0.1,0.0,0.0,0.0,0.0,0.0,0,0,0
1756097659,6103,0.09,0.0,0.0,0.0,0.0,0.0,0.0,0.0,0,0,0
1756097659,6104,0.17,0.0,0.0,0.0,0.0,0.0,0.0,0.0,0,0,0
1756097659,6105,0.05,0.0,0.0,0.0,0.0,0.0,0.0,0.0,0,0,0
1756097659,6106,0.14,0.0,-0.01,0.0,0.0,0.0,0.0,0.0,0,0,0
1756097659,6107,0.09,0.0,0.0,0.0,0.0,0.0,0.0,0.0,0,0,0
1756097659,6108,0.11,0.0,-0.01,0.0,0.0,0.0,0.0,0.0,0,0,0
1756097659,6109,0.07,0.0,0.01,0.0,0.0,0.0,0.0,0.0,0,0,0
1756097659,6110,0.1,0.0,0.05,0.0,0.0,0.0,0.0,0.0,0,0,0
1756097659,6111,0.18,0.0,0.0,0.0,0.0,0.0,0.0,0.0,0,0,0
1756097659,6112,0.14,0.0,0.01,0.0,0.0,0.0,0.0,0.0,0,0,0
1756097659,6113,0.07,0.0,0.09,0.0,0.0,0.0,0.0,0.0,0,0,0
1756097659,6114,0.14,0.0,-0.01,0.0,0.0,0.0,0.0,0.0,0,0,0
1756097659,6115,0.11,0.0,0.0,0.0,0.0,0.0,0.0,0.0,0,0,0
1756097659,6116,0.1,0.0,0.05,0.0,0.0,0.0,0.0,0.0,0,0,0
1756097659,6117,0.1,0.0,0.0,0.0,0.0,0.0,0.0,0.0,0,0,0
1756097659,6118,0.07,0.0,0.0,0.0,0.0,0.0,0.0,0.0,0,0,0
1756097659,6119,0.1,0.0,-0.02,0.0,0.0,0.0,0.0,0.0,0,0,0
1756097659,6120,0.09,0.0,0.0,0.0,0.0,0.0,0.0,0.0,0,0,0
1756097659,6121,0.12,0.0,-0.05,0.0,0.0,0.0,0.0,0.0,0,0,0
1756097659,6122,0.15,0.0,0.1,0.0,0.0,0.0,0.0,0.0,0,0,0
1756097659,6123,0.07,0.0,0.01,0.0,0.0,0.0,0.0,0.0,0,0,0
1756097659,6124,0.15,0.0,-0.01,0.0,0.0,0.0,0.0,0.0,0,0,0
1756097659,6125,0.21,0.0,0.0,0.0,0.0,0.0,0.0,0.0,0,0,0
1756097659,6126,0.12,0.0,0.0,0.0,0.0,0.0,0.0,0.0,0,0,0
1756097659,6127,0.05,0.0,-0.01,0.0,0.0,0.0,0.0,0.0,0,0,0
1756097659,6128,0.09,0.0,0.0,0.0,0.0,0.0,0.0,0.0,0,0,0
1756097659,6129,0.11,0.0,-0.07,0.0,0.0,0.0,0.0,0.0,0,0,0
1756097659,6130,0.09,0.0,-0.05,0.0,0.0,0.0,0.0,0.0,0,0,0
1756097659,6131,0.15,0.0,-0.02,0.0,0.0,0.0,0.0,0.0,0,0,0
1756097659,6132,0.07,0.0,0.0,0.0,0.0,0.0,0.0,0.0,0,0,0
1756097659,6133,0.07,0.0,0.0,0.0,0.0,0.0,0.0,0.0,0,0,0
1756097659,6134,0.12,0.0,-0.02,0.0,0.0,0.0,0.0,0.0,0,0,0
1756097659,6135,0.1,0.0,0.0,0.0,0.0,0.0,0.0,0.0,0,0,0
1756097659,6136,0.1,0.0,0.0,0.0,0.0,0.0,0.0,0.0,0,0,0
1756097659,6137,0.18,0.0,0.0,0.0,0.0,0.0,0.0,0.0,0,0,0
1756097659,6138,0.09,0.0,-0.02,0.0,0.0,0.0,0.0,0.0,0,0,0
1756097659,6139,0.0,0.0,0.0,0.0,0.0,0.0,0.0,0.0,0,0,0
1756097659,6140,0.11,0.0,0.0,0.0,0.0,0.0,0.0,0.0,0,0,0
1756097659,6141,0.09,0.0,-0.03,0.0,0.0,0.0,0.0,0.0,0,0,0
1756097659,6142,0.1,0.0,0.0,0.0,0.0,0.0,0.0,0.0,0,0,0
1756097659,6143,0.11,0.0,-0.01,0.0,0.0,0.0,0.0,0.0,0,0,0
1756097659,6144,-0.02,0.0,0.0,0.0,0.0,0.0,0.0,0.0,0,0,0
1756097659,6145,0.09,0.0,0.0,0.0,0.0,0.0,0.0,0.0,0,0,0
1756097659,6146,0.07,0.0,0.0,0.0,0.0,0.0,0.0,0.0,0,0,0
1756097659,6147,0.09,0.0,0.0,0.0,0.0,0.0,0.0,0.0,0,0,0
1756097659,6148,0.1,0.0,0.07,0.0,0.0,0.0,0.0,0.0,0,0,0
1756097659,6149,0.09,0.0,-0.05,0.0,0.0,0.0,0.0,0.0,0,0,0
1756097659,6150,0.1,0.0,0.01,0.0,0.0,0.0,0.0,0.0,0,0,0
1756097659,6151,0.1,0.0,0.0,0.0,0.0,0.0,0.0,0.0,0,0,0
1756097659,6152,0.11,0.0,0.0,0.0,0.0,0.0,0.0,0.0,0,0,0
1756097660,6153,0.07,0.0,0.0,0.0,0.0,0.0,0.0,0.0,0,0,0
1756097660,6154,0.1,0.0,-0.02,0.0,0.0,0.0,0.0,0.0,0,0,0
1756097660,6155,0.03,0.0,-0.01,0.0,0.0,0.0,0.0,0.0,0,0,0
1756097660,6156,0.17,0.0,0.01,0.0,0.0,0.0,0.0,0.0,0,0,0
1756097660,6157,0.07,0.0,-0.01,0.0,0.0,0.0,0.0,0.0,0,0,0
1756097660,6158,0.05,0.0,-0.02,0.0,0.0,0.0,0.0,0.0,0,0,0
1756097660,6159,0.1,0.0,0.0,0.0,0.0,0.0,0.0,0.0,0,0,0
1756097660,6160,0.07,0.0,-0.02,0.0,0.0,0.0,0.0,0.0,0,0,0
1756097660,6161,0.05,0.0,0.0,0.0,0.0,0.0,0.0,0.0,0,0,0
1756097660,6162,0.07,0.0,0.0,0.0,0.0,0.0,0.0,0.0,0,0,0
1756097660,6163,0.07,0.0,0.0,0.0,0.0,0.0,0.0,0.0,0,0,0
1756097660,6164,0.12,0.0,0.0,0.0,0.0,0.0,0.0,0.0,0,0,0
1756097660,6165,0.12,0.0,0.0,0.0,0.0,0.0,0.0,0.0,0,0,0
1756097660,6166,0.1,0.0,0.0,0.0,0.0,0.0,0.0,0.0,0,0,0
1756097660,6167,0.1,0.0,0.0,0.0,0.0,0.0,0.0,0.0,0,0,0
1756097660,6168,0.05,0.0,0.0,0.0,0.0,0.0,0.0,0.0,0,0,0
1756097660,6169,0.11,0.0,0.01,0.0,0.0,0.0,0.0,0.0,0,0,0
1756097660,6170,0.07,0.0,0.0,0.0,0.0,0.0,0.0,0.0,0,0,0
1756097660,6171,0.11,0.0,0.0,0.0,0.0,0.0,0.0,0.0,0,0,0
1756097660,6172,0.07,0.0,0.0,0.0,0.0,0.0,0.0,0.0,0,0,0
1756097660,6173,0.07,0.0,-0.01,0.0,0.0,0.0,0.0,0.0,0,0,0
1756097660,6174,0.09,0.0,-0.03,0.0,0.0,0.0,0.0,0.0,0,0,0
1756097660,6175,0.12,0.0,0.01,0.0,0.0,0.0,0.0,0.0,0,0,0
1756097660,6176,0.11,0.0,-0.02,0.0,0.0,0.0,0.0,0.0,0,0,0
1756097660,6177,0.07,0.0,0.0,0.0,0.0,0.0,0.0,0.0,0,0,0
1756097660,6178,0.09,0.0,0.0,0.0,0.0,0.0,0.0,0.0,0,0,0
1756097660,6179,0.09,0.0,0.0,0.0,0.0,0.0,0.0,0.0,0,0,0
1756097660,6180,0.07,0.0,-0.01,0.0,0.0,0.0,0.0,0.0,0,0,0
1756097660,6181,0.12,0.0,0.0,0.0,0.0,0.0,0.0,0.0,0,0,0
1756097660,6182,0.12,0.0,-0.02,0.0,0.0,0.0,0.0,0.0,0,0,0
1756097660,6183,0.1,0.0,0.0,0.0,0.0,0.0,0.0,0.0,0,0,0
1756097660,6184,0.0,0.0,0.0,0.0,0.0,0.0,0.0,0.0,0,0,0
1756097660,6185,0.1,0.0,0.0,0.0,0.0,0.0,0.0,0.0,0,0,0
1756097660,6186,0.09,0.0,-0.01,0.0,0.0,0.0,0.0,0.0,0,0,0
1756097660,6187,0.12,0.0,0.0,0.0,0.0,0.0,0.0,0.0,0,0,0
1756097660,6188,0.1,0.0,-0.05,0.0,0.0,0.0,0.0,0.0,0,0,0
1756097660,6189,0.1,0.0,0.0,0.0,0.0,0.0,0.0,0.0,0,0,0
1756097660,6190,0.15,0.0,-0.02,0.0,0.0,0.0,0.0,0.0,0,0,0
1756097660,6191,0.11,0.0,0.0,0.0,0.0,0.0,0.0,0.0,0,0,0
1756097660,6192,0.11,0.0,0.0,0.0,0.0,0.0,0.0,0.0,0,0,0
1756097660,6193,0.09,0.0,0.0,0.0,0.0,0.0,0.0,0.0,0,0,0
1756097660,6194,0.09,0.0,-0.02,0.0,0.0,0.0,0.0,0.0,0,0,0
1756097660,6195,0.07,0.0,0.0,0.0,0.0,0.0,0.0,0.0,0,0,0
1756097660,6196,0.1,0.0,0.02,0.0,0.0,0.0,0.0,0.0,0,0,0
1756097660,6197,0.07,0.0,0.0,0.0,0.0,0.0,0.0,0.0,0,0,0
1756097660,6198,0.12,0.0,0.0,0.0,0.0,0.0,0.0,0.0,0,0,0
1756097660,6199,0.09,0.0,0.0,0.0,0.0,0.0,0.0,0.0,0,0,0
1756097660,6200,0.1,0.0,0.0,0.0,0.0,0.0,0.0,0.0,0,0,0
1756097660,6201,0.07,0.0,-0.05,0.0,0.0,0.0,0.0,0.0,0,0,0
1756097660,6202,0.1,0.0,0.0,0.0,0.0,0.0,0.0,0.0,0,0,0
1756097660,6203,0.01,0.0,0.0,0.0,0.0,0.0,0.0,0.0,0,0,0
1756097660,6204,0.17,0.0,0.0,0.0,0.0,0.0,0.0,0.0,0,0,0
1756097660,6205,0.15,0.0,0.0,0.0,0.0,0.0,0.0,0.0,0,0,0
1756097660,6206,0.1,0.0,0.0,0.0,0.0,0.0,0.0,0.0,0,0,0
1756097660,6207,0.1,0.0,-0.01,0.0,0.0,0.0,0.0,0.0,0,0,0
1756097660,6208,0.1,0.0,0.01,0.0,0.0,0.0,0.0,0.0,0,0,0
1756097660,6209,0.12,0.0,-0.01,0.0,0.0,0.0,0.0,0.0,0,0,0
1756097660,6210,0.1,0.0,-0.01,0.0,0.0,0.0,0.0,0.0,0,0,0
1756097660,6211,0.11,0.0,0.0,0.0,0.0,0.0,0.0,0.0,0,0,0
1756097660,6212,0.11,0.0,0.0,0.0,0.0,0.0,0.0,0.0,0,0,0
1756097660,6213,0.11,0.0,0.0,0.0,0.0,0.0,0.0,0.0,0,0,0
1756097660,6214,0.07,0.0,0.07,0.0,0.0,0.0,0.0,0.0,0,0,0
1756097660,6215,0.1,0.0,0.0,0.0,0.0,0.0,0.0,0.0,0,0,0
1756097660,6216,0.11,0.0,-0.01,0.0,0.0,0.0,0.0,0.0,0,0,0
1756097660,6217,0.1,0.0,-0.03,0.0,0.0,0.0,0.0,0.0,0,0,0
1756097660,6218,0.09,0.0,0.02,0.0,0.0,0.0,0.0,0.0,0,0,0
1756097660,6219,0.1,0.0,-0.01,0.0,0.0,0.0,0.0,0.0,0,0,0
1756097661,6220,0.14,0.0,0.02,0.0,0.0,0.0,0.0,0.0,0,0,0
1756097661,6221,0.14,0.0,0.0,0.0,0.0,0.0,0.0,0.0,0,0,0
1756097661,6222,0.11,0.0,0.0,0.0,0.0,0.0,0.0,0.0,0,0,0
1756097661,6223,0.09,0.0,-0.05,0.0,0.0,0.0,0.0,0.0,0,0,0
1756097661,6224,0.12,0.0,0.0,0.0,0.0,0.0,0.0,0.0,0,0,0
1756097661,6225,0.12,0.0,-0.01,0.0,0.0,0.0,0.0,0.0,0,0,0
1756097661,6226,0.15,0.0,0.0,0.0,0.0,0.0,0.0,0.0,0,0,0
1756097661,6227,0.1,0.0,0.0,0.0,0.0,0.0,0.0,0.0,0,0,0
1756097661,6228,0.15,0.0,0.0,0.0,0.0,0.0,0.0,0.0,0,0,0
1756097661,6229,0.07,0.0,0.05,0.0,0.0,0.0,0.0,0.0,0,0,0
1756097661,6230,0.12,0.0,-0.05,0.0,0.0,0.0,0.0,0.0,0,0,0
1756097661,6231,0.12,0.0,0.0,0.0,0.0,0.0,0.0,0.0,0,0,0
1756097661,6232,0.1,0.0,0.01,0.0,0.0,0.0,0.0,0.0,0,0,0
1756097661,6233,0.14,0.0,0.01,0.0,0.0,0.0,0.0,0.0,0,0,0
1756097661,6234,0.1,0.0,-0.05,0.0,0.0,0.0,0.0,0.0,0,0,0
1756097661,6235,0.14,0.0,0.0,0.0,0.0,0.0,0.0,0.0,0,0,0
1756097661,6236,0.07,0.0,-0.01,0.0,0.0,0.0,0.0,0.0,0,0,0
1756097661,6237,0.1,0.0,-0.01,0.0,0.0,0.0,0.0,0.0,0,0,0
1756097661,6238,0.05,0.0,0.0,0.0,0.0,0.0,0.0,0.0,0,0,0
1756097661,6239,0.25,0.0,0.0,0.0,0.0,0.0,0.0,0.0,0,0,0
1756097661,6240,0.11,0.0,0.01,0.0,0.0,0.0,0.0,0.0,0,0,0
1756097661,6241,0.14,0.0,-0.01,0.0,0.0,0.0,0.0,0.0,0,0,0
1756097661,6242,0.12,0.0,0.0,0.0,0.0,0.0,0.0,0.0,0,0,0
1756097661,6243,0.11,0.0,0.0,0.0,0.0,0.0,0.0,0.0,0,0,0
1756097661,6244,0.09,0.0,0.05,0.0,0.0,0.0,0.0,0.0,0,0,0
1756097661,6245,0.15,0.0,0.0,0.0,0.0,0.0,0.0,0.0,0,0,0
1756097661,6246,0.14,0.0,-0.02,0.0,0.0,0.0,0.0,0.0,0,0,0
1756097661,6247,0.15,0.0,0.0,0.0,0.0,0.0,0.0,0.0,0,0,0
1756097661,6248,0.14,0.0,0.0,0.0,0.0,0.0,0.0,0.0,0,0,0
1756097661,6249,0.12,0.0,0.0,0.0,0.0,0.0,0.0,0.0,0,0,0
1756097661,6250,0.14,0.0,-0.02,0.0,0.0,0.0,0.0,0.0,0,0,0
1756097661,6251,0.11,0.0,-0.01,0.0,0.0,0.0,0.0,0.0,0,0,0
1756097661,6252,0.17,0.0,0.0,0.0,0.0,0.0,0.0,0.0,0,0,0
1756097661,6253,0.07,0.0,0.0,0.0,0.0,0.0,0.0,0.0,0,0,0
1756097661,6254,0.11,0.0,0.0,0.0,0.0,0.0,0.0,0.0,0,0,0
1756097661,6255,0.07,0.0,0.01,0.0,0.0,0.0,0.0,0.0,0,0,0
1756097661,6256,0.11,0.0,0.05,0.0,0.0,0.0,0.0,0.0,0,0,0
1756097661,6257,0.12,0.0,-0.01,0.0,0.0,0.0,0.0,0.0,0,0,0
1756097661,6258,0.1,0.0,0.0,0.0,0.0,0.0,0.0,0.0,0,0,0
1756097661,6259,0.1,0.0,0.0,0.0,0.0,0.0,0.0,0.0,0,0,0
1756097661,6260,0.1,0.0,-0.01,0.0,0.0,0.0,0.0,0.0,0,0,0
1756097661,6261,0.09,0.0,0.0,0.0,0.0,0.0,0.0,0.0,0,0,0
1756097661,6262,0.14,0.0,0.01,0.0,0.0,0.0,0.0,0.0,0,0,0
1756097661,6263,0.1,0.0,0.01,0.0,0.0,0.0,0.0,0.0,0,0,0
1756097661,6264,0.17,0.0,0.0,0.0,0.0,0.0,0.0,0.0,0,0,0
1756097661,6265,0.15,0.0,0.03,0.0,0.0,0.0,0.0,0.0,0,0,0
1756097661,6266,0.1,0.0,0.02,0.0,0.0,0.0,0.0,0.0,0,0,0
1756097661,6267,0.1,0.0,0.0,0.0,0.0,0.0,0.0,0.0,0,0,0
1756097661,6268,0.11,0.0,0.0,0.0,0.0,0.0,0.0,0.0,0,0,0
1756097661,6269,0.09,0.0,0.0,0.0,0.0,0.0,0.0,0.0,0,0,0
1756097661,6270,0.09,0.0,0.0,0.0,0.0,0.0,0.0,0.0,0,0,0
1756097661,6271,0.14,0.0,0.0,0.0,0.0,0.0,0.0,0.0,0,0,0
1756097661,6272,0.09,0.0,0.0,0.0,0.0,0.0,0.0,0.0,0,0,0
1756097661,6273,0.1,0.0,0.01,0.0,0.0,0.0,0.0,0.0,0,0,0
1756097661,6274,0.17,0.0,0.0,0.0,0.0,0.0,0.0,0.0,0,0,0
1756097661,6275,0.12,0.0,0.0,0.0,0.0,0.0,0.0,0.0,0,0,0
1756097661,6276,0.15,0.0,0.0,0.0,0.0,0.0,0.0,0.0,0,0,0
1756097661,6277,0.11,0.0,-0.05,0.0,0.0,0.0,0.0,0.0,0,0,0
1756097661,6278,0.1,0.0,-0.07,0.0,0.0,0.0,0.0,0.0,0,0,0
1756097661,6279,0.11,0.0,0.0,0.0,0.0,0.0,0.0,0.0,0,0,0
1756097661,6280,0.1,0.0,0.0,0.0,0.0,0.0,0.0,0.0,0,0,0
1756097661,6281,0.12,0.0,0.0,0.0,0.0,0.0,0.0,0.0,0,0,0
1756097661,6282,0.05,0.0,0.0,0.0,0.0,0.0,0.0,0.0,0,0,0
1756097661,6283,0.15,0.0,0.0,0.0,0.0,0.0,0.0,0.0,0,0,0
1756097662,6284,0.14,0.0,0.0,0.0,0.0,0.0,0.0,0.0,0,0,0
1756097662,6285,0.1,0.0,0.01,0.0,0.0,0.0,0.0,0.0,0,0,0
1756097662,6286,0.07,0.0,0.0,0.0,0.0,0.0,0.0,0.0,0,0,0
1756097662,6287,0.17,0.0,-0.02,0.0,0.0,0.0,0.0,0.0,0,0,0
1756097662,6288,0.11,0.0,-0.01,0.0,0.0,0.0,0.0,0.0,0,0,0
1756097662,6289,0.1,0.0,0.0,0.0,0.0,0.0,0.0,0.0,0,0,0
1756097662,6290,0.07,0.0,-0.01,0.0,0.0,0.0,0.0,0.0,0,0,0
1756097662,6291,0.18,0.0,0.05,0.0,0.0,0.0,0.0,0.0,0,0,0
1756097662,6292,0.12,0.0,0.02,0.0,0.0,0.0,0.0,0.0,0,0,0
1756097662,6293,0.02,0.0,0.0,0.0,0.0,0.0,0.0,0.0,0,0,0
1756097662,6294,0.12,0.0,0.01,0.0,0.0,0.0,0.0,0.0,0,0,0
1756097662,6295,0.14,0.0,0.01,0.0,0.0,0.0,0.0,0.0,0,0,0
1756097662,6296,0.09,0.0,0.0,0.0,0.0,0.0,0.0,0.0,0,0,0
1756097662,6297,0.09,0.0,-0.01,0.0,0.0,0.0,0.0,0.0,0,0,0
1756097662,6298,0.12,0.0,0.0,0.0,0.0,0.0,0.0,0.0,0,0,0
1756097662,6299,0.1,0.0,-0.01,0.0,0.0,0.0,0.0,0.0,0,0,0
1756097662,6300,0.15,0.0,0.0,0.0,0.0,0.0,0.0,0.0,0,0,0
1756097662,6301,0.11,0.0,-0.05,0.0,0.0,0.0,0.0,0.0,0,0,0
1756097662,6302,0.1,0.0,0.0,0.0,0.0,0.0,0.0,0.0,0,0,0
1756097662,6303,0.1,0.0,-0.03,0.0,0.0,0.0,0.0,0.0,0,0,0
1756097662,6304,0.09,0.0,0.0,0.0,0.0,0.0,0.0,0.0,0,0,0
1756097662,6305,0.07,0.0,0.0,0.0,0.0,0.0,0.0,0.0,0,0,0
1756097662,6306,0.1,0.0,0.0,0.0,0.0,0.0,0.0,0.0,0,0,0
1756097662,6307,0.07,0.0,0.0,0.0,0.0,0.0,0.0,0.0,0,0,0
1756097662,6308,0.14,0.0,-0.03,0.0,0.0,0.0,0.0,0.0,0,0,0
1756097662,6309,0.11,0.0,0.0,0.0,0.0,0.0,0.0,0.0,0,0,0
1756097662,6310,0.15,0.0,-0.05,0.0,0.0,0.0,0.0,0.0,0,0,0
1756097662,6311,0.18,0.0,0.0,0.0,0.0,0.0,0.0,0.0,0,0,0
1756097662,6312,0.15,0.0,0.0,0.0,0.0,0.0,0.0,0.0,0,0,0
1756097662,6313,0.15,0.0,-0.03,0.0,0.0,0.0,0.0,0.0,0,0,0
1756097662,6314,0.05,0.0,-0.01,0.0,0.0,0.0,0.0,0.0,0,0,0
1756097662,6315,0.07,0.0,0.0,0.0,0.0,0.0,0.0,0.0,0,0,0
1756097662,6316,0.17,0.0,0.0,0.0,0.0,0.0,0.0,0.0,0,0,0
1756097662,6317,0.11,0.0,0.02,0.0,0.0,0.0,0.0,0.0,0,0,0
1756097662,6318,0.14,0.0,0.0,0.0,0.0,0.0,0.0,0.0,0,0,0
1756097662,6319,0.05,0.0,0.05,0.0,0.0,0.0,0.0,0.0,0,0,0
1756097662,6320,0.09,0.0,0.0,0.0,0.0,0.0,0.0,0.0,0,0,0
1756097662,6321,0.1,0.0,0.0,0.0,0.0,0.0,0.0,0.0,0,0,0
1756097662,6322,0.07,0.0,0.0,0.0,0.0,0.0,0.0,0.0,0,0,0
1756097662,6323,0.07,0.0,0.0,0.0,0.0,0.0,0.0,0.0,0,0,0
1756097662,6324,0.1,0.0,0.0,0.0,0.0,0.0,0.0,0.0,0,0,0
1756097662,6325,0.15,0.0,-0.02,0.0,0.0,0.0,0.0,0.0,0,0,0
1756097662,6326,0.1,0.0,-0.02,0.0,0.0,0.0,0.0,0.0,0,0,0
1756097662,6327,0.01,0.0,0.0,0.0,0.0,0.0,0.0,0.0,0,0,0
1756097662,6328,0.2,0.0,0.0,0.0,0.0,0.0,0.0,0.0,0,0,0
1756097662,6329,0.17,0.0,0.0,0.0,0.0,0.0,0.0,0.0,0,0,0
1756097662,6330,0.02,0.0,-0.14,0.0,0.0,0.0,0.0,0.0,0,0,0
1756097662,6331,0.1,0.0,0.01,0.0,0.0,0.0,0.0,0.0,0,0,0
1756097662,6332,0.07,0.0,0.0,0.0,0.0,0.0,0.0,0.0,0,0,0
1756097662,6333,0.09,0.0,-0.03,0.0,0.0,0.0,0.0,0.0,0,0,0
1756097662,6334,0.1,0.0,0.0,0.0,0.0,0.0,0.0,0.0,0,0,0
1756097662,6335,0.14,0.0,0.05,0.0,0.0,0.0,0.0,0.0,0,0,0
1756097662,6336,0.14,0.0,-0.02,0.0,0.0,0.0,0.0,0.0,0,0,0
1756097662,6337,0.14,0.0,0.0,0.0,0.0,0.0,0.0,0.0,0,0,0
1756097662,6338,0.15,0.0,-0.01,0.0,0.0,0.0,0.0,0.0,0,0,0
1756097662,6339,0.15,0.0,0.0,0.0,0.0,0.0,0.0,0.0,0,0,0
1756097662,6340,0.09,0.0,0.0,0.0,0.0,0.0,0.0,0.0,0,0,0
1756097662,6341,0.09,0.0,0.0,0.0,0.0,0.0,0.0,0.0,0,0,0
1756097662,6342,0.14,0.0,-0.02,0.0,0.0,0.0,0.0,0.0,0,0,0
1756097662,6343,0.05,0.0,0.0,0.0,0.0,0.0,0.0,0.0,0,0,0
1756097662,6344,0.07,0.0,0.0,0.0,0.0,0.0,0.0,0.0,0,0,0
1756097662,6345,0.18,0.0,-0.05,0.0,0.0,0.0,0.0,0.0,0,0,0
1756097662,6346,0.1,0.0,0.0,0.0,0.0,0.0,0.0,0.0,0,0,0
1756097662,6347,0.09,0.0,0.0,0.0,0.0,0.0,0.0,0.0,0,0,0
1756097662,6348,0.11,0.0,0.0,0.0,0.0,0.0,0.0,0.0,0,0,0
1756097663,6349,0.07,0.0,-0.02,0.0,0.0,0.0,0.0,0.0,0,0,0
1756097663,6350,0.15,0.0,0.0,0.0,0.0,0.0,0.0,0.0,0,0,0
1756097663,6351,-0.01,0.0,-0.03,0.0,0.0,0.0,0.0,0.0,0,0,0
1756097663,6352,0.18,0.0,-0.02,0.0,0.0,0.0,0.0,0.0,0,0,0
1756097663,6353,0.25,0.0,-0.05,0.0,0.0,0.0,0.0,0.0,0,0,0
1756097663,6354,0.1,0.0,0.0,0.0,0.0,0.0,0.0,0.0,0,0,0
1756097663,6355,0.11,0.0,0.0,0.0,0.0,0.0,0.0,0.0,0,0,0
1756097663,6356,0.03,0.0,0.05,0.0,0.0,0.0,0.0,0.0,0,0,0
1756097663,6357,0.14,0.0,-0.01,0.0,0.0,0.0,0.0,0.0,0,0,0
1756097663,6358,0.12,0.0,0.0,0.0,0.0,0.0,0.0,0.0,0,0,0
1756097663,6359,0.09,0.0,0.0,0.0,0.0,0.0,0.0,0.0,0,0,0
1756097663,6360,0.12,0.0,0.0,0.0,0.0,0.0,0.0,0.0,0,0,0
1756097663,6361,0.14,0.0,0.0,0.0,0.0,0.0,0.0,0.0,0,0,0
1756097663,6362,0.11,0.0,0.0,0.0,0.0,0.0,0.0,0.0,0,0,0
1756097663,6363,0.11,0.0,0.0,0.0,0.0,0.0,0.0,0.0,0,0,0
1756097663,6364,0.1,0.0,0.0,0.0,0.0,0.0,0.0,0.0,0,0,0
1756097663,6365,0.05,0.0,0.0,0.0,0.0,0.0,0.0,0.0,0,0,0
1756097663,6366,0.18,0.0,-0.02,0.0,0.0,0.0,0.0,0.0,0,0,0
1756097663,6367,0.07,0.0,0.0,0.0,0.0,0.0,0.0,0.0,0,0,0
1756097663,6368,0.1,0.0,-0.01,0.0,0.0,0.0,0.0,0.0,0,0,0
1756097663,6369,0.05,0.0,0.0,0.0,0.0,0.0,0.0,0.0,0,0,0
1756097663,6370,0.15,0.0,0.01,0.0,0.0,0.0,0.0,0.0,0,0,0
1756097663,6371,0.11,0.0,0.0,0.0,0.0,0.0,0.0,0.0,0,0,0
1756097663,6372,0.12,0.0,0.0,0.0,0.0,0.0,0.0,0.0,0,0,0
1756097663,6373,0.1,0.0,-0.01,0.0,0.0,0.0,0.0,0.0,0,0,0
1756097663,6374,0.1,0.0,0.03,0.0,0.0,0.0,0.0,0.0,0,0,0
1756097663,6375,0.05,0.0,0.0,0.0,0.0,0.0,0.0,0.0,0,0,0
1756097663,6376,0.12,0.0,0.0,0.0,0.0,0.0,0.0,0.0,0,0,0
1756097663,6377,0.07,0.0,0.0,0.0,0.0,0.0,0.0,0.0,0,0,0
1756097663,6378,0.15,0.0,0.11,0.0,0.0,0.0,0.0,0.0,0,0,0
1756097663,6379,0.07,0.0,-0.05,0.0,0.0,0.0,0.0,0.0,0,0,0
1756097663,6380,0.11,0.0,0.0,0.0,0.0,0.0,0.0,0.0,0,0,0
1756097663,6381,0.02,0.0,0.0,0.0,0.0,0.0,0.0,0.0,0,0,0
1756097663,6382,0.12,0.0,0.0,0.0,0.0,0.0,0.0,0.0,0,0,0
1756097663,6383,0.09,0.0,0.01,0.0,0.0,0.0,0.0,0.0,0,0,0
1756097663,6384,0.11,0.0,0.0,0.0,0.0,0.0,0.0,0.0,0,0,0
1756097663,6385,0.12,0.0,0.0,0.0,0.0,0.0,0.0,0.0,0,0,0
1756097663,6386,0.1,0.0,0.0,0.0,0.0,0.0,0.0,0.0,0,0,0
1756097663,6387,0.11,0.0,0.0,0.0,0.0,0.0,0.0,0.0,0,0,0
1756097663,6388,0.15,0.0,0.0,0.0,0.0,0.0,0.0,0.0,0,0,0
1756097663,6389,0.07,0.0,-0.03,0.0,0.0,0.0,0.0,0.0,0,0,0
1756097663,6390,0.14,0.0,0.0,0.0,0.0,0.0,0.0,0.0,0,0,0
1756097663,6391,0.1,0.0,0.0,0.0,0.0,0.0,0.0,0.0,0,0,0
1756097663,6392,0.12,0.0,0.0,0.0,0.0,0.0,0.0,0.0,0,0,0
1756097663,6393,0.15,0.0,0.0,0.0,0.0,0.0,0.0,0.0,0,0,0
1756097663,6394,0.1,0.0,-0.01,0.0,0.0,0.0,0.0,0.0,0,0,0
1756097663,6395,0.1,0.0,0.0,0.0,0.0,0.0,0.0,0.0,0,0,0
1756097663,6396,0.11,0.0,0.03,0.0,0.0,0.0,0.0,0.0,0,0,0
1756097663,6397,0.12,0.0,0.0,0.0,0.0,0.0,0.0,0.0,0,0,0
1756097663,6398,0.18,0.0,-0.01,0.0,0.0,0.0,0.0,0.0,0,0,0
1756097663,6399,0.01,0.0,0.0,0.0,0.0,0.0,0.0,0.0,0,0,0
1756097663,6400,0.12,0.0,0.0,0.0,0.0,0.0,0.0,0.0,0,0,0
1756097663,6401,0.1,0.0,0.01,0.0,0.0,0.0,0.0,0.0,0,0,0
1756097663,6402,0.14,0.0,0.0,0.0,0.0,0.0,0.0,0.0,0,0,0
1756097663,6403,0.07,0.0,-0.02,0.0,0.0,0.0,0.0,0.0,0,0,0
1756097663,6404,0.11,0.0,0.0,0.0,0.0,0.0,0.0,0.0,0,0,0
1756097663,6405,0.17,0.0,0.0,0.0,0.0,0.0,0.0,0.0,0,0,0
1756097663,6406,0.09,0.0,0.0,0.0,0.0,0.0,0.0,0.0,0,0,0
1756097663,6407,0.18,0.0,0.0,0.0,0.0,0.0,0.0,0.0,0,0,0
1756097663,6408,0.07,0.0,0.0,0.0,0.0,0.0,0.0,0.0,0,0,0
1756097663,6409,0.07,0.0,0.0,0.0,0.0,0.0,0.0,0.0,0,0,0
1756097663,6410,0.05,0.0,0.03,0.0,0.0,0.0,0.0,0.0,0,0,0
1756097663,6411,0.12,0.0,0.0,0.0,0.0,0.0,0.0,0.0,0,0,0
1756097663,6412,0.11,0.0,0.0,0.0,0.0,0.0,0.0,0.0,0,0,0
1756097663,6413,0.09,0.0,0.0,0.0,0.0,0.0,0.0,0.0,0,0,0
1756097664,6414,0.1,0.0,0.01,0.0,0.0,0.0,0.0,0.0,0,0,0
1756097664,6415,0.15,0.0,0.0,0.0,0.0,0.0,0.0,0.0,0,0,0
1756097664,6416,0.15,0.0,0.0,0.0,0.0,0.0,0.0,0.0,0,0,0
1756097664,6417,0.12,0.0,0.1,0.0,0.0,0.0,0.0,0.0,0,0,0
1756097664,6418,0.14,0.0,0.0,0.0,0.0,0.0,0.0,0.0,0,0,0
1756097664,6419,0.11,0.0,0.02,0.0,0.0,0.0,0.0,0.0,0,0,0
1756097664,6420,0.11,0.0,0.05,0.0,0.0,0.0,0.0,0.0,0,0,0
1756097664,6421,0.2,0.0,0.0,0.0,0.0,0.0,0.0,0.0,0,0,0
1756097664,6422,0.07,0.0,0.0,0.0,0.0,0.0,0.0,0.0,0,0,0
1756097664,6423,0.07,0.0,-0.01,0.0,0.0,0.0,0.0,0.0,0,0,0
1756097664,6424,0.07,0.0,-0.02,0.0,0.0,0.0,0.0,0.0,0,0,0
1756097664,6425,0.23,0.0,0.0,0.0,0.0,0.0,0.0,0.0,0,0,0
1756097664,6426,0.09,0.0,-0.03,0.0,0.0,0.0,0.0,0.0,0,0,0
1756097664,6427,0.09,0.0,-0.02,0.0,0.0,0.0,0.0,0.0,0,0,0
1756097664,6428,0.07,0.0,0.01,0.0,0.0,0.0,0.0,0.0,0,0,0
1756097664,6429,0.1,0.0,0.0,0.0,0.0,0.0,0.0,0.0,0,0,0
1756097664,6430,0.1,0.0,0.0,0.0,0.0,0.0,0.0,0.0,0,0,0
1756097664,6431,0.05,0.0,0.0,0.0,0.0,0.0,0.0,0.0,0,0,0
1756097664,6432,0.15,0.0,0.05,0.0,0.0,0.0,0.0,0.0,0,0,0
1756097664,6433,0.05,0.0,0.0,0.0,0.0,0.0,0.0,0.0,0,0,0
1756097664,6434,0.1,0.0,0.0,0.0,0.0,0.0,0.0,0.0,0,0,0
1756097664,6435,0.07,0.0,0.0,0.0,0.0,0.0,0.0,0.0,0,0,0
1756097664,6436,0.12,0.0,0.01,0.0,0.0,0.0,0.0,0.0,0,0,0
1756097664,6437,0.14,0.0,0.0,0.0,0.0,0.0,0.0,0.0,0,0,0
1756097664,6438,0.14,0.0,0.0,0.0,0.0,0.0,0.0,0.0,0,0,0
1756097664,6439,0.12,0.0,-0.05,0.0,0.0,0.0,0.0,0.0,0,0,0
1756097664,6440,0.15,0.0,-0.02,0.0,0.0,0.0,0.0,0.0,0,0,0
1756097664,6441,0.09,0.0,-0.07,0.0,0.0,0.0,0.0,0.0,0,0,0
1756097664,6442,0.1,0.0,0.07,0.0,0.0,0.0,0.0,0.0,0,0,0
1756097664,6443,0.14,0.0,-0.03,0.0,0.0,0.0,0.0,0.0,0,0,0
1756097664,6444,0.11,0.0,0.0,0.0,0.0,0.0,0.0,0.0,0,0,0
1756097664,6445,0.14,0.0,-0.01,0.0,0.0,0.0,0.0,0.0,0,0,0
1756097664,6446,0.12,0.0,0.0,0.0,0.0,0.0,0.0,0.0,0,0,0
1756097664,6447,0.12,0.0,0.0,0.0,0.0,0.0,0.0,0.0,0,0,0
1756097664,6448,0.07,0.0,0.0,0.0,0.0,0.0,0.0,0.0,0,0,0
1756097664,6449,0.18,0.0,-0.01,0.0,0.0,0.0,0.0,0.0,0,0,0
1756097664,6450,0.1,0.0,0.0,0.0,0.0,0.0,0.0,0.0,0,0,0
1756097664,6451,0.07,0.0,0.0,0.0,0.0,0.0,0.0,0.0,0,0,0
1756097664,6452,0.18,0.0,-0.03,0.0,0.0,0.0,0.0,0.0,0,0,0
1756097664,6453,0.1,0.0,0.0,0.0,0.0,0.0,0.0,0.0,0,0,0
1756097664,6454,0.07,0.0,0.0,0.0,0.0,0.0,0.0,0.0,0,0,0
1756097664,6455,0.11,0.0,0.0,0.0,0.0,0.0,0.0,0.0,0,0,0
1756097664,6456,0.14,0.0,0.01,0.0,0.0,0.0,0.0,0.0,0,0,0
1756097664,6457,0.11,0.0,-0.07,0.0,0.0,0.0,0.0,0.0,0,0,0
1756097664,6458,0.2,0.0,0.0,0.0,0.0,0.0,0.0,0.0,0,0,0
1756097664,6459,0.07,0.0,-0.01,0.0,0.0,0.0,0.0,0.0,0,0,0
1756097664,6460,0.0,0.0,0.0,0.0,0.0,0.0,0.0,0.0,0,0,0
1756097664,6461,0.07,0.0,-0.02,0.0,0.0,0.0,0.0,0.0,0,0,0
1756097664,6462,0.12,0.0,-0.01,0.0,0.0,0.0,0.0,0.0,0,0,0
1756097664,6463,0.12,0.0,0.0,0.0,0.0,0.0,0.0,0.0,0,0,0
1756097664,6464,0.11,0.0,-0.02,0.0,0.0,0.0,0.0,0.0,0,0,0
1756097664,6465,0.12,0.0,0.01,0.0,0.0,0.0,0.0,0.0,0,0,0
1756097664,6466,0.14,0.0,0.0,0.0,0.0,0.0,0.0,0.0,0,0,0
1756097664,6467,0.15,0.0,-0.01,0.0,0.0,0.0,0.0,0.0,0,0,0
1756097664,6468,0.15,0.0,0.07,0.0,0.0,0.0,0.0,0.0,0,0,0
1756097664,6469,0.1,0.0,0.0,0.0,0.0,0.0,0.0,0.0,0,0,0
1756097664,6470,0.07,0.0,0.0,0.0,0.0,0.0,0.0,0.0,0,0,0
1756097664,6471,0.18,0.0,0.0,0.0,0.0,0.0,0.0,0.0,0,0,0
1756097664,6472,0.1,0.0,0.0,0.0,0.0,0.0,0.0,0.0,0,0,0
1756097664,6473,0.2,0.0,0.03,0.0,0.0,0.0,0.0,0.0,0,0,0
1756097664,6474,0.09,0.0,-0.03,0.0,0.0,0.0,0.0,0.0,0,0,0
1756097664,6475,0.17,0.0,0.0,0.0,0.0,0.0,0.0,0.0,0,0,0
1756097664,6476,0.1,0.0,0.0,0.0,0.0,0.0,0.0,0.0,0,0,0
1756097664,6477,0.11,0.0,0.0,0.0,0.0,0.0,0.0,0.0,0,0,0
1756097664,6478,0.11,0.0,-0.01,0.0,0.0,0.0,0.0,0.0,0,0,0
1756097664,6479,0.1,0.0,0.0,0.0,0.0,0.0,0.0,0.0,0,0,0
1756097664,6480,0.09,0.0,0.0,0.0,0.0,0.0,0.0,0.0,0,0,0
1756097664,6481,0.1,0.0,-0.07,0.0,0.0,0.0,0.0,0.0,0,0,0
1756097665,6482,0.1,0.0,-0.01,0.0,0.0,0.0,0.0,0.0,0,0,0
1756097665,6483,0.11,0.0,0.0,0.0,0.0,0.0,0.0,0.0,0,0,0
1756097665,6484,0.07,0.0,-0.02,0.0,0.0,0.0,0.0,0.0,0,0,0
1756097665,6485,0.15,0.0,-0.03,0.0,0.0,0.0,0.0,0.0,0,0,0
1756097665,6486,0.05,0.0,-0.05,0.0,0.0,0.0,0.0,0.0,0,0,0
1756097665,6487,0.0,0.0,0.0,0.0,0.0,0.0,0.0,0.0,0,0,0
1756097665,6488,0.11,0.0,-0.03,0.0,0.0,0.0,0.0,0.0,0,0,0
1756097665,6489,0.17,0.0,0.0,0.0,0.0,0.0,0.0,0.0,0,0,0
1756097665,6490,0.18,0.0,-0.02,0.0,0.0,0.0,0.0,0.0,0,0,0
1756097665,6491,0.11,0.0,0.02,0.0,0.0,0.0,0.0,0.0,0,0,0
1756097665,6492,0.07,0.0,-0.07,0.0,0.0,0.0,0.0,0.0,0,0,0
1756097665,6493,0.15,0.0,0.0,0.0,0.0,0.0,0.0,0.0,0,0,0
1756097665,6494,0.09,0.0,0.02,0.0,0.0,0.0,0.0,0.0,0,0,0
1756097665,6495,0.11,0.0,0.0,0.0,0.0,0.0,0.0,0.0,0,0,0
1756097665,6496,0.14,0.0,0.0,0.0,0.0,0.0,0.0,0.0,0,0,0
1756097665,6497,0.1,0.0,0.0,0.0,0.0,0.0,0.0,0.0,0,0,0
1756097665,6498,0.05,0.0,0.0,0.0,0.0,0.0,0.0,0.0,0,0,0
1756097665,6499,0.15,0.0,-0.03,0.0,0.0,0.0,0.0,0.0,0,0,0
1756097665,6500,0.11,0.0,-0.03,0.0,0.0,0.0,0.0,0.0,0,0,0
1756097665,6501,0.07,0.0,-0.09,0.0,0.0,0.0,0.0,0.0,0,0,0
1756097665,6502,0.09,0.0,0.0,0.0,0.0,0.0,0.0,0.0,0,0,0
1756097665,6503,0.12,0.0,0.0,0.0,0.0,0.0,0.0,0.0,0,0,0
1756097665,6504,0.15,0.0,-0.03,0.0,0.0,0.0,0.0,0.0,0,0,0
1756097665,6505,0.14,0.0,-0.03,0.0,0.0,0.0,0.0,0.0,0,0,0
1756097665,6506,0.1,0.0,0.01,0.0,0.0,0.0,0.0,0.0,0,0,0
1756097665,6507,0.09,0.0,0.0,0.0,0.0,0.0,0.0,0.0,0,0,0
1756097665,6508,0.14,0.0,-0.09,0.0,0.0,0.0,0.0,0.0,0,0,0
1756097665,6509,0.12,0.0,-0.01,0.0,0.0,0.0,0.0,0.0,0,0,0
1756097665,6510,0.1,0.0,0.0,0.0,0.0,0.0,0.0,0.0,0,0,0
1756097665,6511,0.11,0.0,0.0,0.0,0.0,0.0,0.0,0.0,0,0,0
1756097665,6512,0.05,0.0,0.0,0.0,0.0,0.0,0.0,0.0,0,0,0
1756097665,6513,0.11,0.0,-0.05,0.0,0.0,0.0,0.0,0.0,0,0,0
1756097665,6514,0.1,0.0,-0.01,0.0,0.0,0.0,0.0,0.0,0,0,0
1756097665,6515,0.15,0.0,-0.02,0.0,0.0,0.0,0.0,0.0,0,0,0
1756097665,6516,0.1,0.0,0.0,0.0,0.0,0.0,0.0,0.0,0,0,0
1756097665,6517,0.11,0.0,0.03,0.0,0.0,0.0,0.0,0.0,0,0,0
1756097665,6518,0.11,0.0,0.0,0.0,0.0,0.0,0.0,0.0,0,0,0
1756097665,6519,0.05,0.0,0.01,0.0,0.0,0.0,0.0,0.0,0,0,0
1756097665,6520,0.18,0.0,0.05,0.0,0.0,0.0,0.0,0.0,0,0,0
1756097665,6521,0.15,0.0,0.0,0.0,0.0,0.0,0.0,0.0,0,0,0
1756097665,6522,0.1,0.0,-0.05,0.0,0.0,0.0,0.0,0.0,0,0,0
1756097665,6523,0.09,0.0,-0.03,0.0,0.0,0.0,0.0,0.0,0,0,0
1756097665,6524,0.07,0.0,-0.02,0.0,0.0,0.0,0.0,0.0,0,0,0
1756097665,6525,0.15,0.0,-0.01,0.0,0.0,0.0,0.0,0.0,0,0,0
1756097665,6526,0.1,0.0,0.0,0.0,0.0,0.0,0.0,0.0,0,0,0
1756097665,6527,0.09,0.0,0.01,0.0,0.0,0.0,0.0,0.0,0,0,0
1756097665,6528,0.18,0.0,0.03,0.0,0.0,0.0,0.0,0.0,0,0,0
1756097665,6529,0.05,0.0,0.0,0.0,0.0,0.0,0.0,0.0,0,0,0
1756097665,6530,0.09,0.0,0.0,0.0,0.0,0.0,0.0,0.0,0,0,0
1756097665,6531,0.12,0.0,-0.01,0.0,0.0,0.0,0.0,0.0,0,0,0
1756097665,6532,0.11,0.0,0.0,0.0,0.0,0.0,0.0,0.0,0,0,0
1756097665,6533,0.07,0.0,0.0,0.0,0.0,0.0,0.0,0.0,0,0,0
1756097665,6534,0.1,0.0,0.01,0.0,0.0,0.0,0.0,0.0,0,0,0
1756097665,6535,0.11,0.0,-0.03,0.0,0.0,0.0,0.0,0.0,0,0,0
1756097665,6536,0.23,0.0,0.0,0.0,0.0,0.0,0.0,0.0,0,0,0
1756097665,6537,0.09,0.0,0.0,0.0,0.0,0.0,0.0,0.0,0,0,0
1756097665,6538,0.1,0.0,0.0,0.0,0.0,0.0,0.0,0.0,0,0,0
1756097665,6539,0.09,0.0,0.03,0.0,0.0,0.0,0.0,0.0,0,0,0
1756097665,6540,0.1,0.0,0.03,0.0,0.0,0.0,0.0,0.0,0,0,0
1756097665,6541,0.07,0.0,0.0,0.0,0.0,0.0,0.0,0.0,0,0,0
1756097665,6542,0.11,0.0,0.0,0.0,0.0,0.0,0.0,0.0,0,0,0
1756097665,6543,0.1,0.0,-0.01,0.0,0.0,0.0,0.0,0.0,0,0,0
1756097665,6544,0.11,0.0,-0.01,0.0,0.0,0.0,0.0,0.0,0,0,0
1756097665,6545,0.05,0.0,0.0,0.0,0.0,0.0,0.0,0.0,0,0,0
1756097665,6546,0.11,0.0,0.02,0.0,0.0,0.0,0.0,0.0,0,0,0
1756097665,6547,0.11,0.0,0.0,0.0,0.0,0.0,0.0,0.0,0,0,0
1756097666,6548,0.1,0.0,0.0,0.0,0.0,0.0,0.0,0.0,0,0,0
1756097666,6549,0.11,0.0,0.0,0.0,0.0,0.0,0.0,0.0,0,0,0
1756097666,6550,0.14,0.0,0.0,0.0,0.0,0.0,0.0,0.0,0,0,0
1756097666,6551,0.11,0.0,0.0,0.0,0.0,0.0,0.0,0.0,0,0,0
1756097666,6552,0.17,0.0,0.0,0.0,0.0,0.0,0.0,0.0,0,0,0
1756097666,6553,0.11,0.0,-0.03,0.0,0.0,0.0,0.0,0.0,0,0,0
1756097666,6554,0.1,0.0,0.01,0.0,0.0,0.0,0.0,0.0,0,0,0
1756097666,6555,0.15,0.0,-0.01,0.0,0.0,0.0,0.0,0.0,0,0,0
1756097666,6556,0.1,0.0,0.0,0.0,0.0,0.0,0.0,0.0,0,0,0
1756097666,6557,0.05,0.0,-0.07,0.0,0.0,0.0,0.0,0.0,0,0,0
1756097666,6558,0.07,0.0,0.0,0.0,0.0,0.0,0.0,0.0,0,0,0
1756097666,6559,0.12,0.0,-0.02,0.0,0.0,0.0,0.0,0.0,0,0,0
1756097666,6560,0.07,0.0,0.0,0.0,0.0,0.0,0.0,0.0,0,0,0
1756097666,6561,0.09,0.0,-0.07,0.0,0.0,0.0,0.0,0.0,0,0,0
1756097666,6562,0.14,0.0,0.0,0.0,0.0,0.0,0.0,0.0,0,0,0
1756097666,6563,0.18,0.0,0.03,0.0,0.0,0.0,0.0,0.0,0,0,0
1756097666,6564,0.18,0.0,-0.02,0.0,0.0,0.0,0.0,0.0,0,0,0
1756097666,6565,0.1,0.0,0.0,0.0,0.0,0.0,0.0,0.0,0,0,0
1756097666,6566,0.1,0.0,0.0,0.0,0.0,0.0,0.0,0.0,0,0,0
1756097666,6567,0.1,0.0,-0.05,0.0,0.0,0.0,0.0,0.0,0,0,0
1756097666,6568,0.1,0.0,-0.05,0.0,0.0,0.0,0.0,0.0,0,0,0
1756097666,6569,0.12,0.0,0.0,0.0,0.0,0.0,0.0,0.0,0,0,0
1756097666,6570,0.12,0.0,0.0,0.0,0.0,0.0,0.0,0.0,0,0,0
1756097666,6571,0.1,0.0,-0.02,0.0,0.0,0.0,0.0,0.0,0,0,0
1756097666,6572,0.14,0.0,0.0,0.0,0.0,0.0,0.0,0.0,0,0,0
1756097666,6573,0.1,0.0,-0.02,0.0,0.0,0.0,0.0,0.0,0,0,0
1756097666,6574,0.07,0.0,0.0,0.0,0.0,0.0,0.0,0.0,0,0,0
1756097666,6575,0.15,0.0,0.01,0.0,0.0,0.0,0.0,0.0,0,0,0
1756097666,6576,0.1,0.0,0.0,0.0,0.0,0.0,0.0,0.0,0,0,0
1756097666,6577,0.1,0.0,0.0,0.0,0.0,0.0,0.0,0.0,0,0,0
1756097666,6578,0.12,0.0,-0.07,0.0,0.0,0.0,0.0,0.0,0,0,0
1756097666,6579,0.1,0.0,-0.03,0.0,0.0,0.0,0.0,0.0,0,0,0
1756097666,6580,0.09,0.0,-0.05,0.0,0.0,0.0,0.0,0.0,0,0,0
1756097666,6581,0.15,0.0,0.01,0.0,0.0,0.0,0.0,0.0,0,0,0
1756097666,6582,0.14,0.0,-0.02,0.0,0.0,0.0,0.0,0.0,0,0,0
1756097666,6583,0.1,0.0,-0.03,0.0,0.0,0.0,0.0,0.0,0,0,0
1756097666,6584,0.14,0.0,0.0,0.0,0.0,0.0,0.0,0.0,0,0,0
1756097666,6585,0.09,0.0,0.0,0.0,0.0,0.0,0.0,0.0,0,0,0
1756097666,6586,0.17,0.0,0.0,0.0,0.0,0.0,0.0,0.0,0,0,0
1756097666,6587,0.07,0.0,-0.01,0.0,0.0,0.0,0.0,0.0,0,0,0
1756097666,6588,0.11,0.0,-0.03,0.0,0.0,0.0,0.0,0.0,0,0,0
1756097666,6589,0.15,0.0,0.0,0.0,0.0,0.0,0.0,0.0,0,0,0
1756097666,6590,0.11,0.0,0.02,0.0,0.0,0.0,0.0,0.0,0,0,0
1756097666,6591,0.18,0.0,0.0,0.0,0.0,0.0,0.0,0.0,0,0,0
1756097666,6592,0.11,0.0,-0.01,0.0,0.0,0.0,0.0,0.0,0,0,0
1756097666,6593,0.15,0.0,0.0,0.0,0.0,0.0,0.0,0.0,0,0,0
1756097666,6594,0.12,0.0,0.0,0.0,0.0,0.0,0.0,0.0,0,0,0
1756097666,6595,0.11,0.0,-0.05,0.0,0.0,0.0,0.0,0.0,0,0,0
1756097666,6596,0.2,0.0,0.0,0.0,0.0,0.0,0.0,0.0,0,0,0
1756097666,6597,0.07,0.0,0.01,0.0,0.0,0.0,0.0,0.0,0,0,0
1756097666,6598,0.11,0.0,0.01,0.0,0.0,0.0,0.0,0.0,0,0,0
1756097666,6599,0.1,0.0,0.02,0.0,0.0,0.0,0.0,0.0,0,0,0
1756097666,6600,0.17,0.0,0.0,0.0,0.0,0.0,0.0,0.0,0,0,0
1756097666,6601,0.1,0.0,-0.01,0.0,0.0,0.0,0.0,0.0,0,0,0
1756097666,6602,0.1,0.0,-0.02,0.0,0.0,0.0,0.0,0.0,0,0,0
1756097666,6603,0.05,0.0,0.0,0.0,0.0,0.0,0.0,0.0,0,0,0
1756097666,6604,0.17,0.0,-0.03,0.0,0.0,0.0,0.0,0.0,0,0,0
1756097666,6605,0.05,0.0,-0.05,0.0,0.0,0.0,0.0,0.0,0,0,0
1756097666,6606,0.1,0.0,0.0,0.0,0.0,0.0,0.0,0.0,0,0,0
1756097666,6607,0.15,0.0,-0.1,0.0,0.0,0.0,0.0,0.0,0,0,0
1756097666,6608,0.09,0.0,0.03,0.0,0.0,0.0,0.0,0.0,0,0,0
1756097666,6609,0.1,0.0,0.0,0.0,0.0,0.0,0.0,0.0,0,0,0
1756097666,6610,0.1,0.0,-0.01,0.0,0.0,0.0,0.0,0.0,0,0,0
1756097666,6611,0.14,0.0,0.01,0.0,0.0,0.0,0.0,0.0,0,0,0
1756097666,6612,0.12,0.0,0.0,0.0,0.0,0.0,0.0,0.0,0,0,0
1756097666,6613,0.1,0.0,0.0,0.0,0.0,0.0,0.0,0.0,0,0,0
1756097667,6614,0.1,0.0,0.02,0.0,0.0,0.0,0.0,0.0,0,0,0
1756097667,6615,0.07,0.0,0.0,0.0,0.0,0.0,0.0,0.0,0,0,0
1756097667,6616,0.14,0.0,0.0,0.0,0.0,0.0,0.0,0.0,0,0,0
1756097667,6617,0.15,0.0,-0.01,0.0,0.0,0.0,0.0,0.0,0,0,0
1756097667,6618,0.05,0.0,0.05,0.0,0.0,0.0,0.0,0.0,0,0,0
1756097667,6619,0.11,0.0,-0.03,0.0,0.0,0.0,0.0,0.0,0,0,0
1756097667,6620,0.05,0.0,-0.03,0.0,0.0,0.0,0.0,0.0,0,0,0
1756097667,6621,0.07,0.0,0.0,0.0,0.0,0.0,0.0,0.0,0,0,0
1756097667,6622,0.14,0.0,-0.07,0.0,0.0,0.0,0.0,0.0,0,0,0
1756097667,6623,0.11,0.0,0.0,0.0,0.0,0.0,0.0,0.0,0,0,0
1756097667,6624,0.11,0.0,0.0,0.0,0.0,0.0,0.0,0.0,0,0,0
1756097667,6625,0.1,0.0,0.0,0.0,0.0,0.0,0.0,0.0,0,0,0
1756097667,6626,0.11,0.0,0.0,0.0,0.0,0.0,0.0,0.0,0,0,0
1756097667,6627,0.1,0.0,-0.01,0.0,0.0,0.0,0.0,0.0,0,0,0
1756097667,6628,0.11,0.0,-0.01,0.0,0.0,0.0,0.0,0.0,0,0,0
1756097667,6629,0.12,0.0,0.0,0.0,0.0,0.0,0.0,0.0,0,0,0
1756097667,6630,0.12,0.0,0.11,0.0,0.0,0.0,0.0,0.0,0,0,0
1756097667,6631,0.1,0.0,0.0,0.0,0.0,0.0,0.0,0.0,0,0,0
1756097667,6632,0.15,0.0,0.0,0.0,0.0,0.0,0.0,0.0,0,0,0
1756097667,6633,0.07,0.0,0.0,0.0,0.0,0.0,0.0,0.0,0,0,0
1756097667,6634,0.15,0.0,0.0,0.0,0.0,0.0,0.0,0.0,0,0,0
1756097667,6635,0.12,0.0,0.0,0.0,0.0,0.0,0.0,0.0,0,0,0
1756097667,6636,0.09,0.0,0.0,0.0,0.0,0.0,0.0,0.0,0,0,0
1756097667,6637,0.12,0.0,-0.02,0.0,0.0,0.0,0.0,0.0,0,0,0
1756097667,6638,0.12,0.0,0.0,0.0,0.0,0.0,0.0,0.0,0,0,0
1756097667,6639,0.1,0.0,0.0,0.0,0.0,0.0,0.0,0.0,0,0,0
1756097667,6640,0.1,0.0,-0.01,0.0,0.0,0.0,0.0,0.0,0,0,0
1756097667,6641,0.12,0.0,0.0,0.0,0.0,0.0,0.0,0.0,0,0,0
1756097667,6642,0.11,0.0,0.0,0.0,0.0,0.0,0.0,0.0,0,0,0
1756097667,6643,0.15,0.0,0.0,0.0,0.0,0.0,0.0,0.0,0,0,0
1756097667,6644,0.11,0.0,-0.01,0.0,0.0,0.0,0.0,0.0,0,0,0
1756097667,6645,0.14,0.0,0.0,0.0,0.0,0.0,0.0,0.0,0,0,0
1756097667,6646,0.09,0.0,-0.05,0.0,0.0,0.0,0.0,0.0,0,0,0
1756097667,6647,0.09,0.0,0.02,0.0,0.0,0.0,0.0,0.0,0,0,0
1756097667,6648,0.14,0.0,0.0,0.0,0.0,0.0,0.0,0.0,0,0,0
1756097667,6649,0.12,0.0,-0.02,0.0,0.0,0.0,0.0,0.0,0,0,0
1756097667,6650,0.09,0.0,0.0,0.0,0.0,0.0,0.0,0.0,0,0,0
1756097667,6651,0.14,0.0,-0.02,0.0,0.0,0.0,0.0,0.0,0,0,0
1756097667,6652,0.03,0.0,0.0,0.0,0.0,0.0,0.0,0.0,0,0,0
1756097667,6653,0.07,0.0,0.0,0.0,0.0,0.0,0.0,0.0,0,0,0
1756097667,6654,0.11,0.0,-0.1,0.0,0.0,0.0,0.0,0.0,0,0,0
1756097667,6655,0.1,0.0,0.0,0.0,0.0,0.0,0.0,0.0,0,0,0
1756097667,6656,0.1,0.0,-0.01,0.0,0.0,0.0,0.0,0.0,0,0,0
1756097667,6657,0.11,0.0,0.01,0.0,0.0,0.0,0.0,0.0,0,0,0
1756097667,6658,0.12,0.0,0.0,0.0,0.0,0.0,0.0,0.0,0,0,0
1756097667,6659,0.07,0.0,-0.05,0.0,0.0,0.0,0.0,0.0,0,0,0
1756097667,6660,0.15,0.0,0.0,0.0,0.0,0.0,0.0,0.0,0,0,0
1756097667,6661,0.1,0.0,0.0,0.0,0.0,0.0,0.0,0.0,0,0,0
1756097667,6662,0.11,0.0,0.0,0.0,0.0,0.0,0.0,0.0,0,0,0
1756097667,6663,0.09,0.0,0.0,0.0,0.0,0.0,0.0,0.0,0,0,0
1756097667,6664,0.1,0.0,0.0,0.0,0.0,0.0,0.0,0.0,0,0,0
1756097667,6665,0.03,0.0,-0.01,0.0,0.0,0.0,0.0,0.0,0,0,0
1756097667,6666,0.15,0.0,0.0,0.0,0.0,0.0,0.0,0.0,0,0,0
1756097667,6667,0.11,0.0,0.0,0.0,0.0,0.0,0.0,0.0,0,0,0
1756097667,6668,0.12,0.0,0.02,0.0,0.0,0.0,0.0,0.0,0,0,0
1756097667,6669,0.12,0.0,0.0,0.0,0.0,0.0,0.0,0.0,0,0,0
1756097667,6670,0.09,0.0,0.0,0.0,0.0,0.0,0.0,0.0,0,0,0
1756097667,6671,0.14,0.0,0.0,0.0,0.0,0.0,0.0,0.0,0,0,0
1756097667,6672,0.1,0.0,0.0,0.0,0.0,0.0,0.0,0.0,0,0,0
1756097667,6673,0.17,0.0,0.0,0.0,0.0,0.0,0.0,0.0,0,0,0
1756097667,6674,0.05,0.0,0.0,0.0,0.0,0.0,0.0,0.0,0,0,0
1756097667,6675,0.12,0.0,0.0,0.0,0.0,0.0,0.0,0.0,0,0,0
1756097667,6676,0.09,0.0,0.0,0.0,0.0,0.0,0.0,0.0,0,0,0
1756097667,6677,0.12,0.0,0.0,0.0,0.0,0.0,0.0,0.0,0,0,0
1756097667,6678,0.11,0.0,0.0,0.0,0.0,0.0,0.0,0.0,0,0,0
1756097668,6679,0.11,0.0,0.0,0.0,0.0,0.0,0.0,0.0,0,0,0
1756097668,6680,0.1,0.0,-0.05,0.0,0.0,0.0,0.0,0.0,0,0,0
1756097668,6681,0.09,0.0,0.0,0.0,0.0,0.0,0.0,0.0,0,0,0
1756097668,6682,0.05,0.0,0.0,0.0,0.0,0.0,0.0,0.0,0,0,0
1756097668,6683,0.14,0.0,0.0,0.0,0.0,0.0,0.0,0.0,0,0,0
1756097668,6684,0.17,0.0,0.01,0.0,0.0,0.0,0.0,0.0,0,0,0
1756097668,6685,0.14,0.0,0.0,0.0,0.0,0.0,0.0,0.0,0,0,0
1756097668,6686,0.07,0.0,-0.02,0.0,0.0,0.0,0.0,0.0,0,0,0
1756097668,6687,0.15,0.0,0.0,0.0,0.0,0.0,0.0,0.0,0,0,0
1756097668,6688,0.12,0.0,-0.01,0.0,0.0,0.0,0.0,0.0,0,0,0
1756097668,6689,0.14,0.0,0.0,0.0,0.0,0.0,0.0,0.0,0,0,0
1756097668,6690,0.05,0.0,0.01,0.0,0.0,0.0,0.0,0.0,0,0,0
1756097668,6691,0.15,0.0,-0.02,0.0,0.0,0.0,0.0,0.0,0,0,0
1756097668,6692,0.1,0.0,-0.01,0.0,0.0,0.0,0.0,0.0,0,0,0
1756097668,6693,0.17,0.0,0.05,0.0,0.0,0.0,0.0,0.0,0,0,0
1756097668,6694,0.07,0.0,-0.02,0.0,0.0,0.0,0.0,0.0,0,0,0
1756097668,6695,0.12,0.0,0.0,0.0,0.0,0.0,0.0,0.0,0,0,0
1756097668,6696,0.1,0.0,0.0,0.0,0.0,0.0,0.0,0.0,0,0,0
1756097668,6697,0.15,0.0,0.0,0.0,0.0,0.0,0.0,0.0,0,0,0
1756097668,6698,0.1,0.0,0.0,0.0,0.0,0.0,0.0,0.0,0,0,0
1756097668,6699,0.14,0.0,0.01,0.0,0.0,0.0,0.0,0.0,0,0,0
1756097668,6700,0.15,0.0,0.0,0.0,0.0,0.0,0.0,0.0,0,0,0
1756097668,6701,0.14,0.0,-0.01,0.0,0.0,0.0,0.0,0.0,0,0,0
1756097668,6702,0.14,0.0,0.0,0.0,0.0,0.0,0.0,0.0,0,0,0
1756097668,6703,0.14,0.0,0.0,0.0,0.0,0.0,0.0,0.0,0,0,0
1756097668,6704,0.12,0.0,0.0,0.0,0.0,0.0,0.0,0.0,0,0,0
1756097668,6705,0.11,0.0,0.0,0.0,0.0,0.0,0.0,0.0,0,0,0
1756097668,6706,0.07,0.0,0.0,0.0,0.0,0.0,0.0,0.0,0,0,0
1756097668,6707,0.17,0.0,0.0,0.0,0.0,0.0,0.0,0.0,0,0,0
1756097668,6708,0.07,0.0,0.0,0.0,0.0,0.0,0.0,0.0,0,0,0
1756097668,6709,0.14,0.0,-0.01,0.0,0.0,0.0,0.0,0.0,0,0,0
1756097668,6710,0.11,0.0,0.0,0.0,0.0,0.0,0.0,0.0,0,0,0
1756097668,6711,0.09,0.0,-0.03,0.0,0.0,0.0,0.0,0.0,0,0,0
1756097668,6712,0.14,0.0,0.0,0.0,0.0,0.0,0.0,0.0,0,0,0
1756097668,6713,0.12,0.0,0.0,0.0,0.0,0.0,0.0,0.0,0,0,0
1756097668,6714,0.18,0.0,0.0,0.0,0.0,0.0,0.0,0.0,0,0,0
1756097668,6715,0.14,0.0,0.03,0.0,0.0,0.0,0.0,0.0,0,0,0
1756097668,6716,0.12,0.0,0.0,0.0,0.0,0.0,0.0,0.0,0,0,0
1756097668,6717,0.05,0.0,0.0,0.0,0.0,0.0,0.0,0.0,0,0,0
1756097668,6718,0.01,0.0,-0.01,0.0,0.0,0.0,0.0,0.0,0,0,0
1756097668,6719,0.15,0.0,0.0,0.0,0.0,0.0,0.0,0.0,0,0,0
1756097668,6720,0.15,0.0,-0.01,0.0,0.0,0.0,0.0,0.0,0,0,0
1756097668,6721,0.18,0.0,0.03,0.0,0.0,0.0,0.0,0.0,0,0,0
1756097668,6722,0.09,0.0,0.0,0.0,0.0,0.0,0.0,0.0,0,0,0
1756097668,6723,0.09,0.0,0.0,0.0,0.0,0.0,0.0,0.0,0,0,0
1756097668,6724,0.18,0.0,0.0,0.0,0.0,0.0,0.0,0.0,0,0,0
1756097668,6725,0.15,0.0,-0.01,0.0,0.0,0.0,0.0,0.0,0,0,0
1756097668,6726,0.12,0.0,0.0,0.0,0.0,0.0,0.0,0.0,0,0,0
1756097668,6727,0.1,0.0,0.0,0.0,0.0,0.0,0.0,0.0,0,0,0
1756097668,6728,0.03,0.0,0.0,0.0,0.0,0.0,0.0,0.0,0,0,0
1756097668,6729,0.18,0.0,0.01,0.0,0.0,0.0,0.0,0.0,0,0,0
1756097668,6730,0.15,0.0,-0.03,0.0,0.0,0.0,0.0,0.0,0,0,0
1756097668,6731,0.03,0.0,0.0,0.0,0.0,0.0,0.0,0.0,0,0,0
1756097668,6732,0.11,0.0,0.0,0.0,0.0,0.0,0.0,0.0,0,0,0
1756097668,6733,0.07,0.0,0.0,0.0,0.0,0.0,0.0,0.0,0,0,0
1756097668,6734,0.12,0.0,0.0,0.0,0.0,0.0,0.0,0.0,0,0,0
1756097668,6735,0.03,0.0,0.0,0.0,0.0,0.0,0.0,0.0,0,0,0
1756097668,6736,0.1,0.0,-0.03,0.0,0.0,0.0,0.0,0.0,0,0,0
1756097668,6737,0.09,0.0,0.0,0.0,0.0,0.0,0.0,0.0,0,0,0
1756097668,6738,0.1,0.0,0.0,0.0,0.0,0.0,0.0,0.0,0,0,0
1756097668,6739,0.12,0.0,0.0,0.0,0.0,0.0,0.0,0.0,0,0,0
1756097668,6740,0.12,0.0,-0.01,0.0,0.0,0.0,0.0,0.0,0,0,0
1756097668,6741,0.12,0.0,0.0,0.0,0.0,0.0,0.0,0.0,0,0,0
1756097668,6742,0.07,0.0,0.0,0.0,0.0,0.0,0.0,0.0,0,0,0
1756097668,6743,0.1,0.0,-0.02,0.0,0.0,0.0,0.0,0.0,0,0,0
1756097669,6744,0.1,0.0,-0.05,0.0,0.0,0.0,0.0,0.0,0,0,0
1756097669,6745,0.17,0.0,0.03,0.0,0.0,0.0,0.0,0.0,0,0,0
1756097669,6746,0.1,0.0,0.0,0.0,0.0,0.0,0.0,0.0,0,0,0
1756097669,6747,0.05,0.0,-0.03,0.0,0.0,0.0,0.0,0.0,0,0,0
1756097669,6748,0.07,0.0,0.0,0.0,0.0,0.0,0.0,0.0,0,0,0
1756097669,6749,0.07,0.0,0.0,0.0,0.0,0.0,0.0,0.0,0,0,0
1756097669,6750,0.12,0.0,0.0,0.0,0.0,0.0,0.0,0.0,0,0,0
1756097669,6751,0.1,0.0,0.05,0.0,0.0,0.0,0.0,0.0,0,0,0
1756097669,6752,0.25,0.0,0.0,0.0,0.0,0.0,0.0,0.0,0,0,0
1756097669,6753,0.07,0.0,0.0,0.0,0.0,0.0,0.0,0.0,0,0,0
1756097669,6754,0.15,0.0,0.0,0.0,0.0,0.0,0.0,0.0,0,0,0
1756097669,6755,0.1,0.0,-0.01,0.0,0.0,0.0,0.0,0.0,0,0,0
1756097669,6756,0.03,0.0,0.05,0.0,0.0,0.0,0.0,0.0,0,0,0
1756097669,6757,0.1,0.0,0.0,0.0,0.0,0.0,0.0,0.0,0,0,0
1756097669,6758,0.11,0.0,-0.03,0.0,0.0,0.0,0.0,0.0,0,0,0
1756097669,6759,0.1,0.0,0.02,0.0,0.0,0.0,0.0,0.0,0,0,0
1756097669,6760,0.12,0.0,0.0,0.0,0.0,0.0,0.0,0.0,0,0,0
1756097669,6761,0.11,0.0,0.02,0.0,0.0,0.0,0.0,0.0,0,0,0
1756097669,6762,0.11,0.0,0.0,0.0,0.0,0.0,0.0,0.0,0,0,0
1756097669,6763,0.02,0.0,0.05,0.0,0.0,0.0,0.0,0.0,0,0,0
1756097669,6764,0.1,0.0,0.0,0.0,0.0,0.0,0.0,0.0,0,0,0
1756097669,6765,0.09,0.0,0.0,0.0,0.0,0.0,0.0,0.0,0,0,0
1756097669,6766,0.1,0.0,-0.02,0.0,0.0,0.0,0.0,0.0,0,0,0
1756097669,6767,0.11,0.0,0.0,0.0,0.0,0.0,0.0,0.0,0,0,0
1756097669,6768,0.09,0.0,0.0,0.0,0.0,0.0,0.0,0.0,0,0,0
1756097669,6769,0.11,0.0,-0.01,0.0,0.0,0.0,0.0,0.0,0,0,0
1756097669,6770,0.0,0.0,0.0,0.0,0.0,0.0,0.0,0.0,0,0,0
1756097669,6771,0.14,0.0,0.0,0.0,0.0,0.0,0.0,0.0,0,0,0
1756097669,6772,0.15,0.0,-0.02,0.0,0.0,0.0,0.0,0.0,0,0,0
1756097669,6773,0.1,0.0,0.0,0.0,0.0,0.0,0.0,0.0,0,0,0
1756097669,6774,0.12,0.0,0.0,0.0,0.0,0.0,0.0,0.0,0,0,0
1756097669,6775,0.07,0.0,-0.02,0.0,0.0,0.0,0.0,0.0,0,0,0
1756097669,6776,0.14,0.0,0.0,0.0,0.0,0.0,0.0,0.0,0,0,0
1756097669,6777,0.12,0.0,0.0,0.0,0.0,0.0,0.0,0.0,0,0,0
1756097669,6778,0.09,0.0,0.0,0.0,0.0,0.0,0.0,0.0,0,0,0
1756097669,6779,0.07,0.0,0.0,0.0,0.0,0.0,0.0,0.0,0,0,0
1756097669,6780,0.11,0.0,-0.02,0.0,0.0,0.0,0.0,0.0,0,0,0
1756097669,6781,0.1,0.0,0.0,0.0,0.0,0.0,0.0,0.0,0,0,0
1756097669,6782,0.12,0.0,0.0,0.0,0.0,0.0,0.0,0.0,0,0,0
1756097669,6783,0.07,0.0,-0.05,0.0,0.0,0.0,0.0,0.0,0,0,0
1756097669,6784,0.1,0.0,0.0,0.0,0.0,0.0,0.0,0.0,0,0,0
1756097669,6785,0.07,0.0,-0.01,0.0,0.0,0.0,0.0,0.0,0,0,0
1756097669,6786,0.14,0.0,0.0,0.0,0.0,0.0,0.0,0.0,0,0,0
1756097669,6787,0.11,0.0,0.0,0.0,0.0,0.0,0.0,0.0,0,0,0
1756097669,6788,0.12,0.0,-0.05,0.0,0.0,0.0,0.0,0.0,0,0,0
1756097669,6789,0.17,0.0,-0.03,0.0,0.0,0.0,0.0,0.0,0,0,0
1756097669,6790,0.15,0.0,-0.03,0.0,0.0,0.0,0.0,0.0,0,0,0
1756097669,6791,0.12,0.0,-0.02,0.0,0.0,0.0,0.0,0.0,0,0,0
1756097669,6792,0.07,0.0,0.02,0.0,0.0,0.0,0.0,0.0,0,0,0
1756097669,6793,0.1,0.0,0.0,0.0,0.0,0.0,0.0,0.0,0,0,0
1756097669,6794,0.1,0.0,0.0,0.0,0.0,0.0,0.0,0.0,0,0,0
1756097669,6795,0.18,0.0,-0.01,0.0,0.0,0.0,0.0,0.0,0,0,0
1756097669,6796,0.07,0.0,0.0,0.0,0.0,0.0,0.0,0.0,0,0,0
1756097669,6797,0.05,0.0,0.0,0.0,0.0,0.0,0.0,0.0,0,0,0
1756097669,6798,0.12,0.0,-0.03,0.0,0.0,0.0,0.0,0.0,0,0,0
1756097669,6799,0.1,0.0,0.01,0.0,0.0,0.0,0.0,0.0,0,0,0
1756097669,6800,0.1,0.0,0.0,0.0,0.0,0.0,0.0,0.0,0,0,0
1756097669,6801,0.05,0.0,0.0,0.0,0.0,0.0,0.0,0.0,0,0,0
1756097669,6802,0.14,0.0,-0.03,0.0,0.0,0.0,0.0,0.0,0,0,0
1756097669,6803,0.1,0.0,0.01,0.0,0.0,0.0,0.0,0.0,0,0,0
1756097669,6804,0.25,0.0,-0.01,0.0,0.0,0.0,0.0,0.0,0,0,0
1756097669,6805,0.02,0.0,0.01,0.0,0.0,0.0,0.0,0.0,0,0,0
1756097669,6806,0.07,0.0,0.0,0.0,0.0,0.0,0.0,0.0,0,0,0
1756097669,6807,0.0,0.0,0.02,0.0,0.0,0.0,0.0,0.0,0,0,0
1756097669,6808,0.1,0.0,0.01,0.0,0.0,0.0,0.0,0.0,0,0,0
1756097670,6809,0.11,0.0,-0.03,0.0,0.0,0.0,0.0,0.0,0,0,0
1756097670,6810,0.12,0.0,-0.05,0.0,0.0,0.0,0.0,0.0,0,0,0
1756097670,6811,0.15,0.0,-0.05,0.0,0.0,0.0,0.0,0.0,0,0,0
1756097670,6812,0.12,0.0,0.0,0.0,0.0,0.0,0.0,0.0,0,0,0
1756097670,6813,0.11,0.0,0.03,0.0,0.0,0.0,0.0,0.0,0,0,0
1756097670,6814,0.11,0.0,0.0,0.0,0.0,0.0,0.0,0.0,0,0,0
1756097670,6815,0.11,0.0,0.0,0.0,0.0,0.0,0.0,0.0,0,0,0
1756097670,6816,0.07,0.0,0.01,0.0,0.0,0.0,0.0,0.0,0,0,0
1756097670,6817,0.1,0.0,-0.03,0.0,0.0,0.0,0.0,0.0,0,0,0
1756097670,6818,0.09,0.0,0.0,0.0,0.0,0.0,0.0,0.0,0,0,0
1756097670,6819,0.12,0.0,0.0,0.0,0.0,0.0,0.0,0.0,0,0,0
1756097670,6820,0.17,0.0,0.0,0.0,0.0,0.0,0.0,0.0,0,0,0
1756097670,6821,0.17,0.0,-0.1,0.0,0.0,0.0,0.0,0.0,0,0,0
1756097670,6822,0.09,0.0,0.03,0.0,0.0,0.0,0.0,0.0,0,0,0
1756097670,6823,0.1,0.0,0.0,0.0,0.0,0.0,0.0,0.0,0,0,0
1756097670,6824,0.14,0.0,-0.05,0.0,0.0,0.0,0.0,0.0,0,0,0
1756097670,6825,0.1,0.0,0.0,0.0,0.0,0.0,0.0,0.0,0,0,0
1756097670,6826,0.07,0.0,0.02,0.0,0.0,0.0,0.0,0.0,0,0,0
1756097670,6827,0.09,0.0,0.0,0.0,0.0,0.0,0.0,0.0,0,0,0
1756097670,6828,0.07,0.0,0.0,0.0,0.0,0.0,0.0,0.0,0,0,0
1756097670,6829,0.12,0.0,0.0,0.0,0.0,0.0,0.0,0.0,0,0,0
1756097670,6830,0.07,0.0,0.0,0.0,0.0,0.0,0.0,0.0,0,0,0
1756097670,6831,0.11,0.0,0.0,0.0,0.0,0.0,0.0,0.0,0,0,0
1756097670,6832,0.1,0.0,-0.01,0.0,0.0,0.0,0.0,0.0,0,0,0
1756097670,6833,0.05,0.0,0.03,0.0,0.0,0.0,0.0,0.0,0,0,0
1756097670,6834,0.09,0.0,0.01,0.0,0.0,0.0,0.0,0.0,0,0,0
1756097670,6835,0.14,0.0,0.0,0.0,0.0,0.0,0.0,0.0,0,0,0
1756097670,6836,0.15,0.0,0.05,0.0,0.0,0.0,0.0,0.0,0,0,0
1756097670,6837,0.09,0.0,0.0,0.0,0.0,0.0,0.0,0.0,0,0,0
1756097670,6838,0.1,0.0,0.0,0.0,0.0,0.0,0.0,0.0,0,0,0
1756097670,6839,0.11,0.0,0.0,0.0,0.0,0.0,0.0,0.0,0,0,0
1756097670,6840,0.05,0.0,0.01,0.0,0.0,0.0,0.0,0.0,0,0,0
1756097670,6841,0.07,0.0,-0.01,0.0,0.0,0.0,0.0,0.0,0,0,0
1756097670,6842,0.1,0.0,0.01,0.0,0.0,0.0,0.0,0.0,0,0,0
1756097670,6843,0.15,0.0,0.01,0.0,0.0,0.0,0.0,0.0,0,0,0
1756097670,6844,0.07,0.0,0.05,0.0,0.0,0.0,0.0,0.0,0,0,0
1756097670,6845,0.07,0.0,0.0,0.0,0.0,0.0,0.0,0.0,0,0,0
1756097670,6846,0.03,0.0,-0.01,0.0,0.0,0.0,0.0,0.0,0,0,0
1756097670,6847,0.05,0.0,0.0,0.0,0.0,0.0,0.0,0.0,0,0,0
1756097670,6848,0.11,0.0,0.0,0.0,0.0,0.0,0.0,0.0,0,0,0
1756097670,6849,0.15,0.0,0.0,0.0,0.0,0.0,0.0,0.0,0,0,0
1756097670,6850,0.1,0.0,0.0,0.0,0.0,0.0,0.0,0.0,0,0,0
1756097670,6851,0.1,0.0,0.0,0.0,0.0,0.0,0.0,0.0,0,0,0
1756097670,6852,0.15,0.0,-0.01,0.0,0.0,0.0,0.0,0.0,0,0,0
1756097670,6853,0.11,0.0,0.0,0.0,0.0,0.0,0.0,0.0,0,0,0
1756097670,6854,0.05,0.0,0.02,0.0,0.0,0.0,0.0,0.0,0,0,0
1756097670,6855,0.05,0.0,-0.05,0.0,0.0,0.0,0.0,0.0,0,0,0
1756097670,6856,0.14,0.0,0.0,0.0,0.0,0.0,0.0,0.0,0,0,0
1756097670,6857,0.12,0.0,0.0,0.0,0.0,0.0,0.0,0.0,0,0,0
1756097670,6858,0.15,0.0,-0.09,0.0,0.0,0.0,0.0,0.0,0,0,0
1756097670,6859,0.1,0.0,0.0,0.0,0.0,0.0,0.0,0.0,0,0,0
1756097670,6860,0.15,0.0,-0.02,0.0,0.0,0.0,0.0,0.0,0,0,0
1756097670,6861,0.15,0.0,0.0,0.0,0.0,0.0,0.0,0.0,0,0,0
1756097670,6862,0.07,0.0,0.0,0.0,0.0,0.0,0.0,0.0,0,0,0
1756097670,6863,0.12,0.0,0.01,0.0,0.0,0.0,0.0,0.0,0,0,0
1756097670,6864,0.05,0.0,0.0,0.0,0.0,0.0,0.0,0.0,0,0,0
1756097670,6865,0.09,0.0,0.0,0.0,0.0,0.0,0.0,0.0,0,0,0
1756097670,6866,0.17,0.0,-0.01,0.0,0.0,0.0,0.0,0.0,0,0,0
1756097670,6867,0.17,0.0,-0.02,0.0,0.0,0.0,0.0,0.0,0,0,0
1756097670,6868,0.09,0.0,0.0,0.0,0.0,0.0,0.0,0.0,0,0,0
1756097670,6869,0.05,0.0,-0.02,0.0,0.0,0.0,0.0,0.0,0,0,0
1756097670,6870,0.12,0.0,0.0,0.0,0.0,0.0,0.0,0.0,0,0,0
1756097670,6871,0.11,0.0,-0.03,0.0,0.0,0.0,0.0,0.0,0,0,0
1756097670,6872,0.2,0.0,0.0,0.0,0.0,0.0,0.0,0.0,0,0,0
1756097670,6873,0.09,0.0,0.03,0.0,0.0,0.0,0.0,0.0,0,0,0
1756097670,6874,0.1,0.0,0.0,0.0,0.0,0.0,0.0,0.0,0,0,0
1756097670,6875,0.1,0.0,0.18,0.0,0.0,0.0,0.0,0.0,0,0,0
1756097671,6876,0.01,0.0,-0.01,0.0,0.0,0.0,0.0,0.0,0,0,0
1756097671,6877,0.11,0.0,0.0,0.0,0.0,0.0,0.0,0.0,0,0,0
1756097671,6878,0.09,0.0,0.0,0.0,0.0,0.0,0.0,0.0,0,0,0
1756097671,6879,0.12,0.0,0.0,0.0,0.0,0.0,0.0,0.0,0,0,0
1756097671,6880,0.12,0.0,-0.02,0.0,0.0,0.0,0.0,0.0,0,0,0
1756097671,6881,0.11,0.0,0.0,0.0,0.0,0.0,0.0,0.0,0,0,0
1756097671,6882,0.05,0.0,0.0,0.0,0.0,0.0,0.0,0.0,0,0,0
1756097671,6883,0.1,0.0,0.0,0.0,0.0,0.0,0.0,0.0,0,0,0
1756097671,6884,0.1,0.0,0.0,0.0,0.0,0.0,0.0,0.0,0,0,0
1756097671,6885,0.09,0.0,0.0,0.0,0.0,0.0,0.0,0.0,0,0,0
1756097671,6886,0.1,0.0,0.0,0.0,0.0,0.0,0.0,0.0,0,0,0
1756097671,6887,0.09,0.0,0.0,0.0,0.0,0.0,0.0,0.0,0,0,0
1756097671,6888,0.11,0.0,0.0,0.0,0.0,0.0,0.0,0.0,0,0,0
1756097671,6889,0.0,0.0,0.0,0.0,0.0,0.0,0.0,0.0,0,0,0
1756097671,6890,0.14,0.0,0.0,0.0,0.0,0.0,0.0,0.0,0,0,0
1756097671,6891,0.14,0.0,-0.05,0.0,0.0,0.0,0.0,0.0,0,0,0
1756097671,6892,0.15,0.0,0.05,0.0,0.0,0.0,0.0,0.0,0,0,0
1756097671,6893,0.05,0.0,0.02,0.0,0.0,0.0,0.0,0.0,0,0,0
1756097671,6894,0.14,0.0,0.0,0.0,0.0,0.0,0.0,0.0,0,0,0
1756097671,6895,0.15,0.0,0.0,0.0,0.0,0.0,0.0,0.0,0,0,0
1756097671,6896,0.11,0.0,0.0,0.0,0.0,0.0,0.0,0.0,0,0,0
1756097671,6897,0.12,0.0,0.0,0.0,0.0,0.0,0.0,0.0,0,0,0
1756097671,6898,0.11,0.0,0.02,0.0,0.0,0.0,0.0,0.0,0,0,0
1756097671,6899,0.12,0.0,-0.07,0.0,0.0,0.0,0.0,0.0,0,0,0
1756097671,6900,0.15,0.0,-0.01,0.0,0.0,0.0,0.0,0.0,0,0,0
1756097671,6901,0.12,0.0,0.01,0.0,0.0,0.0,0.0,0.0,0,0,0
1756097671,6902,0.1,0.0,-0.02,0.0,0.0,0.0,0.0,0.0,0,0,0
1756097671,6903,0.1,0.0,0.0,0.0,0.0,0.0,0.0,0.0,0,0,0
1756097671,6904,0.11,0.0,0.0,0.0,0.0,0.0,0.0,0.0,0,0,0
1756097671,6905,0.17,0.0,0.0,0.0,0.0,0.0,0.0,0.0,0,0,0
1756097671,6906,0.15,0.0,0.0,0.0,0.0,0.0,0.0,0.0,0,0,0
1756097671,6907,0.1,0.0,-0.01,0.0,0.0,0.0,0.0,0.0,0,0,0
1756097671,6908,0.07,0.0,-0.03,0.0,0.0,0.0,0.0,0.0,0,0,0
1756097671,6909,0.1,0.0,0.01,0.0,0.0,0.0,0.0,0.0,0,0,0
1756097671,6910,0.07,0.0,0.0,0.0,0.0,0.0,0.0,0.0,0,0,0
1756097671,6911,0.12,0.0,0.0,0.0,0.0,0.0,0.0,0.0,0,0,0
1756097671,6912,0.1,0.0,0.03,0.0,0.0,0.0,0.0,0.0,0,0,0
1756097671,6913,0.07,0.0,0.0,0.0,0.0,0.0,0.0,0.0,0,0,0
1756097671,6914,0.11,0.0,0.0,0.0,0.0,0.0,0.0,0.0,0,0,0
1756097671,6915,0.11,0.0,0.0,0.0,0.0,0.0,0.0,0.0,0,0,0
1756097671,6916,0.12,0.0,0.0,0.0,0.0,0.0,0.0,0.0,0,0,0
1756097671,6917,0.12,0.0,0.0,0.0,0.0,0.0,0.0,0.0,0,0,0
1756097671,6918,0.07,0.0,-0.02,0.0,0.0,0.0,0.0,0.0,0,0,0
1756097671,6919,0.12,0.0,-0.05,0.0,0.0,0.0,0.0,0.0,0,0,0
1756097671,6920,0.09,0.0,-0.05,0.0,0.0,0.0,0.0,0.0,0,0,0
1756097671,6921,0.12,0.0,0.0,0.0,0.0,0.0,0.0,0.0,0,0,0
1756097671,6922,0.12,0.0,0.0,0.0,0.0,0.0,0.0,0.0,0,0,0
1756097671,6923,0.12,0.0,0.0,0.0,0.0,0.0,0.0,0.0,0,0,0
1756097671,6924,0.09,0.0,0.0,0.0,0.0,0.0,0.0,0.0,0,0,0
1756097671,6925,0.11,0.0,-0.02,0.0,0.0,0.0,0.0,0.0,0,0,0
1756097671,6926,0.12,0.0,0.0,0.0,0.0,0.0,0.0,0.0,0,0,0
1756097671,6927,0.1,0.0,0.0,0.0,0.0,0.0,0.0,0.0,0,0,0
1756097671,6928,0.11,0.0,0.0,0.0,0.0,0.0,0.0,0.0,0,0,0
1756097671,6929,0.12,0.0,-0.1,0.0,0.0,0.0,0.0,0.0,0,0,0
1756097671,6930,0.07,0.0,-0.02,0.0,0.0,0.0,0.0,0.0,0,0,0
1756097671,6931,0.1,0.0,-0.02,0.0,0.0,0.0,0.0,0.0,0,0,0
1756097671,6932,0.14,0.0,-0.03,0.0,0.0,0.0,0.0,0.0,0,0,0
1756097671,6933,0.15,0.0,-0.05,0.0,0.0,0.0,0.0,0.0,0,0,0
1756097671,6934,0.07,0.0,-0.1,0.0,0.0,0.0,0.0,0.0,0,0,0
1756097671,6935,0.15,0.0,-0.01,0.0,0.0,0.0,0.0,0.0,0,0,0
1756097671,6936,0.1,0.0,0.0,0.0,0.0,0.0,0.0,0.0,0,0,0
1756097671,6937,0.09,0.0,-0.03,0.0,0.0,0.0,0.0,0.0,0,0,0
1756097671,6938,0.11,0.0,-0.02,0.0,0.0,0.0,0.0,0.0,0,0,0
1756097671,6939,0.1,0.0,-0.05,0.0,0.0,0.0,0.0,0.0,0,0,0
1756097671,6940,0.12,0.0,-0.02,0.0,0.0,0.0,0.0,0.0,0,0,0
1756097671,6941,0.11,0.0,0.0,0.0,0.0,0.0,0.0,0.0,0,0,0
1756097672,6942,0.1,0.0,0.0,0.0,0.0,0.0,0.0,0.0,0,0,0
1756097672,6943,0.12,0.0,-0.02,0.0,0.0,0.0,0.0,0.0,0,0,0
1756097672,6944,0.09,0.0,-0.02,0.0,0.0,0.0,0.0,0.0,0,0,0
1756097672,6945,0.14,0.0,0.0,0.0,0.0,0.0,0.0,0.0,0,0,0
1756097672,6946,0.07,0.0,-0.03,0.0,0.0,0.0,0.0,0.0,0,0,0
1756097672,6947,0.11,0.0,0.0,0.0,0.0,0.0,0.0,0.0,0,0,0
1756097672,6948,0.07,0.0,0.0,0.0,0.0,0.0,0.0,0.0,0,0,0
1756097672,6949,0.09,0.0,-0.01,0.0,0.0,0.0,0.0,0.0,0,0,0
1756097672,6950,0.11,0.0,0.0,0.0,0.0,0.0,0.0,0.0,0,0,0
1756097672,6951,0.1,0.0,0.0,0.0,0.0,0.0,0.0,0.0,0,0,0
1756097672,6952,0.15,0.0,0.01,0.0,0.0,0.0,0.0,0.0,0,0,0
1756097672,6953,0.12,0.0,0.0,0.0,0.0,0.0,0.0,0.0,0,0,0
1756097672,6954,0.1,0.0,0.0,0.0,0.0,0.0,0.0,0.0,0,0,0
1756097672,6955,0.02,0.0,0.0,0.0,0.0,0.0,0.0,0.0,0,0,0
1756097672,6956,0.15,0.0,0.0,0.0,0.0,0.0,0.0,0.0,0,0,0
1756097672,6957,0.17,0.0,0.0,0.0,0.0,0.0,0.0,0.0,0,0,0
1756097672,6958,0.07,0.0,0.0,0.0,0.0,0.0,0.0,0.0,0,0,0
1756097672,6959,0.12,0.0,0.0,0.0,0.0,0.0,0.0,0.0,0,0,0
1756097672,6960,0.14,0.0,0.0,0.0,0.0,0.0,0.0,0.0,0,0,0
1756097672,6961,0.15,0.0,-0.07,0.0,0.0,0.0,0.0,0.0,0,0,0
1756097672,6962,0.1,0.0,0.0,0.0,0.0,0.0,0.0,0.0,0,0,0
1756097672,6963,0.14,0.0,-0.02,0.0,0.0,0.0,0.0,0.0,0,0,0
1756097672,6964,0.14,0.0,-0.01,0.0,0.0,0.0,0.0,0.0,0,0,0
1756097672,6965,0.15,0.0,0.0,0.0,0.0,0.0,0.0,0.0,0,0,0
1756097672,6966,0.1,0.0,-0.05,0.0,0.0,0.0,0.0,0.0,0,0,0
1756097672,6967,0.1,0.0,-0.01,0.0,0.0,0.0,0.0,0.0,0,0,0
1756097672,6968,0.18,0.0,0.0,0.0,0.0,0.0,0.0,0.0,0,0,0
1756097672,6969,0.07,0.0,-0.01,0.0,0.0,0.0,0.0,0.0,0,0,0
1756097672,6970,0.1,0.0,0.0,0.0,0.0,0.0,0.0,0.0,0,0,0
1756097672,6971,0.11,0.0,0.0,0.0,0.0,0.0,0.0,0.0,0,0,0
1756097672,6972,0.1,0.0,0.0,0.0,0.0,0.0,0.0,0.0,0,0,0
1756097672,6973,0.14,0.0,0.0,0.0,0.0,0.0,0.0,0.0,0,0,0
1756097672,6974,0.11,0.0,0.0,0.0,0.0,0.0,0.0,0.0,0,0,0
1756097672,6975,0.1,0.0,0.03,0.0,0.0,0.0,0.0,0.0,0,0,0
1756097672,6976,0.07,0.0,0.02,0.0,0.0,0.0,0.0,0.0,0,0,0
1756097672,6977,0.17,0.0,0.0,0.0,0.0,0.0,0.0,0.0,0,0,0
1756097672,6978,0.07,0.0,-0.01,0.0,0.0,0.0,0.0,0.0,0,0,0
1756097672,6979,0.07,0.0,0.0,0.0,0.0,0.0,0.0,0.0,0,0,0
1756097672,6980,0.1,0.0,0.01,0.0,0.0,0.0,0.0,0.0,0,0,0
1756097672,6981,0.12,0.0,0.0,0.0,0.0,0.0,0.0,0.0,0,0,0
1756097672,6982,0.05,0.0,-0.03,0.0,0.0,0.0,0.0,0.0,0,0,0
1756097672,6983,0.05,0.0,0.0,0.0,0.0,0.0,0.0,0.0,0,0,0
1756097672,6984,0.07,0.0,0.0,0.0,0.0,0.0,0.0,0.0,0,0,0
1756097672,6985,0.1,0.0,0.0,0.0,0.0,0.0,0.0,0.0,0,0,0
1756097672,6986,0.11,0.0,0.0,0.0,0.0,0.0,0.0,0.0,0,0,0
1756097672,6987,0.07,0.0,-0.01,0.0,0.0,0.0,0.0,0.0,0,0,0
1756097672,6988,0.1,0.0,-0.01,0.0,0.0,0.0,0.0,0.0,0,0,0
1756097672,6989,0.14,0.0,-0.02,0.0,0.0,0.0,0.0,0.0,0,0,0
1756097672,6990,0.05,0.0,0.0,0.0,0.0,0.0,0.0,0.0,0,0,0
1756097672,6991,0.17,0.0,-0.05,0.0,0.0,0.0,0.0,0.0,0,0,0
1756097672,6992,0.09,0.0,0.0,0.0,0.0,0.0,0.0,0.0,0,0,0
1756097672,6993,0.14,0.0,0.01,0.0,0.0,0.0,0.0,0.0,0,0,0
1756097672,6994,0.07,0.0,-0.01,0.0,0.0,0.0,0.0,0.0,0,0,0
1756097672,6995,0.09,0.0,0.0,0.0,0.0,0.0,0.0,0.0,0,0,0
1756097672,6996,0.1,0.0,0.0,0.0,0.0,0.0,0.0,0.0,0,0,0
1756097672,6997,0.11,0.0,0.0,0.0,0.0,0.0,0.0,0.0,0,0,0
1756097672,6998,0.14,0.0,-0.01,0.0,0.0,0.0,0.0,0.0,0,0,0
1756097672,6999,0.1,0.0,-0.05,0.0,0.0,0.0,0.0,0.0,0,0,0
1756097672,7000,0.09,0.0,0.0,0.0,0.0,0.0,0.0,0.0,0,0,0
1756097672,7001,0.12,0.0,0.0,0.0,0.0,0.0,0.0,0.0,0,0,0
1756097672,7002,0.05,0.0,0.0,0.0,0.0,0.0,0.0,0.0,0,0,0
1756097672,7003,0.09,0.0,0.0,0.0,0.0,0.0,0.0,0.0,0,0,0
1756097672,7004,0.14,0.0,0.0,0.0,0.0,0.0,0.0,0.0,0,0,0
1756097672,7005,0.05,0.0,0.03,0.0,0.0,0.0,0.0,0.0,0,0,0
1756097672,7006,0.18,0.0,0.0,0.0,0.0,0.0,0.0,0.0,0,0,0
1756097672,7007,0.11,0.0,0.0,0.0,0.0,0.0,0.0,0.0,0,0,0
1756097673,7008,0.12,0.0,-0.05,0.0,0.0,0.0,0.0,0.0,0,0,0
1756097673,7009,0.07,0.0,0.0,0.0,0.0,0.0,0.0,0.0,0,0,0
1756097673,7010,0.14,0.0,0.0,0.0,0.0,0.0,0.0,0.0,0,0,0
1756097673,7011,0.14,0.0,0.0,0.0,0.0,0.0,0.0,0.0,0,0,0
1756097673,7012,0.18,0.0,0.0,0.0,0.0,0.0,0.0,0.0,0,0,0
1756097673,7013,0.05,0.0,0.0,0.0,0.0,0.0,0.0,0.0,0,0,0
1756097673,7014,0.1,0.0,0.0,0.0,0.0,0.0,0.0,0.0,0,0,0
1756097673,7015,0.1,0.0,-0.07,0.0,0.0,0.0,0.0,0.0,0,0,0
1756097673,7016,0.09,0.0,0.0,0.0,0.0,0.0,0.0,0.0,0,0,0
1756097673,7017,0.09,0.0,0.0,0.0,0.0,0.0,0.0,0.0,0,0,0
1756097673,7018,0.07,0.0,0.0,0.0,0.0,0.0,0.0,0.0,0,0,0
1756097673,7019,0.09,0.0,-0.05,0.0,0.0,0.0,0.0,0.0,0,0,0
1756097673,7020,0.05,0.0,0.0,0.0,0.0,0.0,0.0,0.0,0,0,0
1756097673,7021,0.12,0.0,-0.01,0.0,0.0,0.0,0.0,0.0,0,0,0
1756097673,7022,0.1,0.0,0.01,0.0,0.0,0.0,0.0,0.0,0,0,0
1756097673,7023,0.1,0.0,0.0,0.0,0.0,0.0,0.0,0.0,0,0,0
1756097673,7024,0.07,0.0,-0.03,0.0,0.0,0.0,0.0,0.0,0,0,0
1756097673,7025,0.05,0.0,0.01,0.0,0.0,0.0,0.0,0.0,0,0,0
1756097673,7026,0.1,0.0,0.0,0.0,0.0,0.0,0.0,0.0,0,0,0
1756097673,7027,0.12,0.0,-0.02,0.0,0.0,0.0,0.0,0.0,0,0,0
1756097673,7028,0.14,0.0,0.07,0.0,0.0,0.0,0.0,0.0,0,0,0
1756097673,7029,0.1,0.0,0.05,0.0,0.0,0.0,0.0,0.0,0,0,0
1756097673,7030,0.1,0.0,0.05,0.0,0.0,0.0,0.0,0.0,0,0,0
1756097673,7031,0.11,0.0,0.0,0.0,0.0,0.0,0.0,0.0,0,0,0
1756097673,7032,0.09,0.0,0.0,0.0,0.0,0.0,0.0,0.0,0,0,0
1756097673,7033,0.09,0.0,0.0,0.0,0.0,0.0,0.0,0.0,0,0,0
1756097673,7034,0.05,0.0,-0.03,0.0,0.0,0.0,0.0,0.0,0,0,0
1756097673,7035,0.12,0.0,0.0,0.0,0.0,0.0,0.0,0.0,0,0,0
1756097673,7036,0.1,0.0,0.01,0.0,0.0,0.0,0.0,0.0,0,0,0
1756097673,7037,0.14,0.0,0.0,0.0,0.0,0.0,0.0,0.0,0,0,0
1756097673,7038,0.15,0.0,0.0,0.0,0.0,0.0,0.0,0.0,0,0,0
1756097673,7039,0.09,0.0,0.03,0.0,0.0,0.0,0.0,0.0,0,0,0
1756097673,7040,0.12,0.0,0.0,0.0,0.0,0.0,0.0,0.0,0,0,0
1756097673,7041,0.11,0.0,-0.02,0.0,0.0,0.0,0.0,0.0,0,0,0
1756097673,7042,0.1,0.0,-0.01,0.0,0.0,0.0,0.0,0.0,0,0,0
1756097673,7043,0.02,0.0,0.01,0.0,0.0,0.0,0.0,0.0,0,0,0
1756097673,7044,0.07,0.0,0.0,0.0,0.0,0.0,0.0,0.0,0,0,0
1756097673,7045,0.0,0.0,0.0,0.0,0.0,0.0,0.0,0.0,0,0,0
1756097673,7046,0.1,0.0,0.0,0.0,0.0,0.0,0.0,0.0,0,0,0
1756097673,7047,0.18,0.0,0.0,0.0,0.0,0.0,0.0,0.0,0,0,0
1756097673,7048,0.12,0.0,0.0,0.0,0.0,0.0,0.0,0.0,0,0,0
1756097673,7049,0.11,0.0,0.05,0.0,0.0,0.0,0.0,0.0,0,0,0
1756097673,7050,0.15,0.0,-0.02,0.0,0.0,0.0,0.0,0.0,0,0,0
1756097673,7051,0.05,0.0,0.02,0.0,0.0,0.0,0.0,0.0,0,0,0
1756097673,7052,0.15,0.0,0.0,0.0,0.0,0.0,0.0,0.0,0,0,0
1756097673,7053,0.1,0.0,0.0,0.0,0.0,0.0,0.0,0.0,0,0,0
1756097673,7054,0.1,0.0,0.01,0.0,0.0,0.0,0.0,0.0,0,0,0
1756097673,7055,0.15,0.0,0.0,0.0,0.0,0.0,0.0,0.0,0,0,0
1756097673,7056,0.15,0.0,0.0,0.0,0.0,0.0,0.0,0.0,0,0,0
1756097673,7057,0.07,0.0,0.0,0.0,0.0,0.0,0.0,0.0,0,0,0
1756097673,7058,0.12,0.0,-0.01,0.0,0.0,0.0,0.0,0.0,0,0,0
1756097673,7059,0.11,0.0,-0.05,0.0,0.0,0.0,0.0,0.0,0,0,0
1756097673,7060,0.1,0.0,0.0,0.0,0.0,0.0,0.0,0.0,0,0,0
1756097673,7061,0.1,0.0,0.02,0.0,0.0,0.0,0.0,0.0,0,0,0
1756097673,7062,0.1,0.0,0.0,0.0,0.0,0.0,0.0,0.0,0,0,0
1756097673,7063,0.17,0.0,0.0,0.0,0.0,0.0,0.0,0.0,0,0,0
1756097673,7064,0.11,0.0,0.09,0.0,0.0,0.0,0.0,0.0,0,0,0
1756097673,7065,0.0,0.0,0.0,0.0,0.0,0.0,0.0,0.0,0,0,0
1756097673,7066,0.1,0.0,0.0,0.0,0.0,0.0,0.0,0.0,0,0,0
1756097673,7067,0.1,0.0,-0.03,0.0,0.0,0.0,0.0,0.0,0,0,0
1756097673,7068,0.1,0.0,-0.01,0.0,0.0,0.0,0.0,0.0,0,0,0
1756097673,7069,0.12,0.0,-0.01,0.0,0.0,0.0,0.0,0.0,0,0,0
1756097673,7070,0.1,0.0,0.0,0.0,0.0,0.0,0.0,0.0,0,0,0
1756097673,7071,0.23,0.0,-0.09,0.0,0.0,0.0,0.0,0.0,0,0,0
1756097673,7072,0.09,0.0,0.0,0.0,0.0,0.0,0.0,0.0,0,0,0
1756097674,7073,0.09,0.0,0.0,0.0,0.0,0.0,0.0,0.0,0,0,0
1756097674,7074,0.15,0.0,0.0,0.0,0.0,0.0,0.0,0.0,0,0,0
1756097674,7075,0.05,0.0,0.0,0.0,0.0,0.0,0.0,0.0,0,0,0
1756097674,7076,0.1,0.0,0.0,0.0,0.0,0.0,0.0,0.0,0,0,0
1756097674,7077,0.1,0.0,-0.05,0.0,0.0,0.0,0.0,0.0,0,0,0
1756097674,7078,0.1,0.0,-0.02,0.0,0.0,0.0,0.0,0.0,0,0,0
1756097674,7079,0.12,0.0,0.03,0.0,0.0,0.0,0.0,0.0,0,0,0
1756097674,7080,0.14,0.0,-0.05,0.0,0.0,0.0,0.0,0.0,0,0,0
1756097674,7081,0.1,0.0,0.0,0.0,0.0,0.0,0.0,0.0,0,0,0
1756097674,7082,0.11,0.0,-0.03,0.0,0.0,0.0,0.0,0.0,0,0,0
1756097674,7083,0.1,0.0,0.01,0.0,0.0,0.0,0.0,0.0,0,0,0
1756097674,7084,0.1,0.0,0.0,0.0,0.0,0.0,0.0,0.0,0,0,0
1756097674,7085,0.12,0.0,-0.03,0.0,0.0,0.0,0.0,0.0,0,0,0
1756097674,7086,0.1,0.0,-0.03,0.0,0.0,0.0,0.0,0.0,0,0,0
1756097674,7087,0.15,0.0,0.0,0.0,0.0,0.0,0.0,0.0,0,0,0
1756097674,7088,0.1,0.0,0.0,0.0,0.0,0.0,0.0,0.0,0,0,0
1756097674,7089,0.1,0.0,0.0,0.0,0.0,0.0,0.0,0.0,0,0,0
1756097674,7090,0.11,0.0,0.03,0.0,0.0,0.0,0.0,0.0,0,0,0
1756097674,7091,0.11,0.0,0.01,0.0,0.0,0.0,0.0,0.0,0,0,0
1756097674,7092,0.05,0.0,0.0,0.0,0.0,0.0,0.0,0.0,0,0,0
1756097674,7093,0.11,0.0,0.02,0.0,0.0,0.0,0.0,0.0,0,0,0
1756097674,7094,0.17,0.0,0.0,0.0,0.0,0.0,0.0,0.0,0,0,0
1756097674,7095,0.1,0.0,0.02,0.0,0.0,0.0,0.0,0.0,0,0,0
1756097674,7096,0.11,0.0,0.0,0.0,0.0,0.0,0.0,0.0,0,0,0
1756097674,7097,0.1,0.0,-0.03,0.0,0.0,0.0,0.0,0.0,0,0,0
1756097674,7098,0.12,0.0,0.0,0.0,0.0,0.0,0.0,0.0,0,0,0
1756097674,7099,0.15,0.0,0.0,0.0,0.0,0.0,0.0,0.0,0,0,0
1756097674,7100,0.14,0.0,0.0,0.0,0.0,0.0,0.0,0.0,0,0,0
1756097674,7101,0.07,0.0,0.0,0.0,0.0,0.0,0.0,0.0,0,0,0
1756097674,7102,0.1,0.0,0.01,0.0,0.0,0.0,0.0,0.0,0,0,0
1756097674,7103,0.1,0.0,0.01,0.0,0.0,0.0,0.0,0.0,0,0,0
1756097674,7104,0.07,0.0,-0.02,0.0,0.0,0.0,0.0,0.0,0,0,0
1756097674,7105,0.11,0.0,-0.01,0.0,0.0,0.0,0.0,0.0,0,0,0
1756097674,7106,0.11,0.0,-0.01,0.0,0.0,0.0,0.0,0.0,0,0,0
1756097674,7107,0.11,0.0,0.0,0.0,0.0,0.0,0.0,0.0,0,0,0
1756097674,7108,0.1,0.0,0.0,0.0,0.0,0.0,0.0,0.0,0,0,0
1756097674,7109,0.14,0.0,0.07,0.0,0.0,0.0,0.0,0.0,0,0,0
1756097674,7110,0.14,0.0,0.0,0.0,0.0,0.0,0.0,0.0,0,0,0
1756097674,7111,0.11,0.0,0.02,0.0,0.0,0.0,0.0,0.0,0,0,0
1756097674,7112,0.05,0.0,0.03,0.0,0.0,0.0,0.0,0.0,0,0,0
1756097674,7113,0.09,0.0,-0.05,0.0,0.0,0.0,0.0,0.0,0,0,0
1756097674,7114,0.11,0.0,0.0,0.0,0.0,0.0,0.0,0.0,0,0,0
1756097674,7115,0.11,0.0,0.0,0.0,0.0,0.0,0.0,0.0,0,0,0
1756097674,7116,0.09,0.0,0.0,0.0,0.0,0.0,0.0,0.0,0,0,0
1756097674,7117,0.05,0.0,-0.05,0.0,0.0,0.0,0.0,0.0,0,0,0
1756097674,7118,0.1,0.0,0.0,0.0,0.0,0.0,0.0,0.0,0,0,0
1756097674,7119,0.05,0.0,-0.07,0.0,0.0,0.0,0.0,0.0,0,0,0
1756097674,7120,0.1,0.0,-0.05,0.0,0.0,0.0,0.0,0.0,0,0,0
1756097674,7121,0.11,0.0,0.0,0.0,0.0,0.0,0.0,0.0,0,0,0
1756097674,7122,0.1,0.0,-0.07,0.0,0.0,0.0,0.0,0.0,0,0,0
1756097674,7123,0.05,0.0,0.0,0.0,0.0,0.0,0.0,0.0,0,0,0
1756097674,7124,0.14,0.0,0.0,0.0,0.0,0.0,0.0,0.0,0,0,0
1756097674,7125,0.15,0.0,0.0,0.0,0.0,0.0,0.0,0.0,0,0,0
1756097674,7126,0.15,0.0,0.0,0.0,0.0,0.0,0.0,0.0,0,0,0
1756097674,7127,0.12,0.0,0.01,0.0,0.0,0.0,0.0,0.0,0,0,0
1756097674,7128,0.1,0.0,0.0,0.0,0.0,0.0,0.0,0.0,0,0,0
1756097674,7129,0.15,0.0,0.0,0.0,0.0,0.0,0.0,0.0,0,0,0
1756097674,7130,0.17,0.0,-0.07,0.0,0.0,0.0,0.0,0.0,0,0,0
1756097674,7131,0.21,0.0,0.0,0.0,0.0,0.0,0.0,0.0,0,0,0
1756097674,7132,0.11,0.0,0.0,0.0,0.0,0.0,0.0,0.0,0,0,0
1756097674,7133,0.05,0.0,0.0,0.0,0.0,0.0,0.0,0.0,0,0,0
1756097674,7134,0.1,0.0,-0.05,0.0,0.0,0.0,0.0,0.0,0,0,0
1756097674,7135,0.12,0.0,-0.02,0.0,0.0,0.0,0.0,0.0,0,0,0
1756097674,7136,0.07,0.0,0.0,0.0,0.0,0.0,0.0,0.0,0,0,0
1756097674,7137,0.07,0.0,0.0,0.0,0.0,0.0,0.0,0.0,0,0,0
1756097674,7138,0.11,0.0,-0.05,0.0,0.0,0.0,0.0,0.0,0,0,0
1756097675,7139,0.12,0.0,-0.02,0.0,0.0,0.0,0.0,0.0,0,0,0
1756097675,7140,0.15,0.0,-0.01,0.0,0.0,0.0,0.0,0.0,0,0,0
1756097675,7141,0.11,0.0,-0.01,0.0,0.0,0.0,0.0,0.0,0,0,0
1756097675,7142,0.07,0.0,0.0,0.0,0.0,0.0,0.0,0.0,0,0,0
1756097675,7143,0.18,0.0,0.0,0.0,0.0,0.0,0.0,0.0,0,0,0
1756097675,7144,0.03,0.0,0.0,0.0,0.0,0.0,0.0,0.0,0,0,0
1756097675,7145,0.12,0.0,0.0,0.0,0.0,0.0,0.0,0.0,0,0,0
1756097675,7146,0.07,0.0,0.0,0.0,0.0,0.0,0.0,0.0,0,0,0
1756097675,7147,0.12,0.0,0.0,0.0,0.0,0.0,0.0,0.0,0,0,0
1756097675,7148,0.05,0.0,-0.03,0.0,0.0,0.0,0.0,0.0,0,0,0
1756097675,7149,0.07,0.0,-0.05,0.0,0.0,0.0,0.0,0.0,0,0,0
1756097675,7150,0.07,0.0,-0.05,0.0,0.0,0.0,0.0,0.0,0,0,0
1756097675,7151,0.12,0.0,0.0,0.0,0.0,0.0,0.0,0.0,0,0,0
1756097675,7152,0.07,0.0,0.0,0.0,0.0,0.0,0.0,0.0,0,0,0
1756097675,7153,0.07,0.0,0.0,0.0,0.0,0.0,0.0,0.0,0,0,0
1756097675,7154,0.11,0.0,0.0,0.0,0.0,0.0,0.0,0.0,0,0,0
1756097675,7155,0.07,0.0,0.02,0.0,0.0,0.0,0.0,0.0,0,0,0
1756097675,7156,0.07,0.0,0.07,0.0,0.0,0.0,0.0,0.0,0,0,0
1756097675,7157,0.14,0.0,-0.02,0.0,0.0,0.0,0.0,0.0,0,0,0
1756097675,7158,0.07,0.0,0.01,0.0,0.0,0.0,0.0,0.0,0,0,0
1756097675,7159,0.11,0.0,0.01,0.0,0.0,0.0,0.0,0.0,0,0,0
1756097675,7160,0.1,0.0,0.0,0.0,0.0,0.0,0.0,0.0,0,0,0
1756097675,7161,0.07,0.0,-0.03,0.0,0.0,0.0,0.0,0.0,0,0,0
1756097675,7162,0.11,0.0,0.01,0.0,0.0,0.0,0.0,0.0,0,0,0
1756097675,7163,0.1,0.0,0.0,0.0,0.0,0.0,0.0,0.0,0,0,0
1756097675,7164,0.09,0.0,-0.01,0.0,0.0,0.0,0.0,0.0,0,0,0
1756097675,7165,0.1,0.0,0.0,0.0,0.0,0.0,0.0,0.0,0,0,0
1756097675,7166,0.11,0.0,0.0,0.0,0.0,0.0,0.0,0.0,0,0,0
1756097675,7167,0.0,0.0,0.0,0.0,0.0,0.0,0.0,0.0,0,0,0
1756097675,7168,0.15,0.0,0.0,0.0,0.0,0.0,0.0,0.0,0,0,0
1756097675,7169,0.15,0.0,-0.02,0.0,0.0,0.0,0.0,0.0,0,0,0
1756097675,7170,0.15,0.0,0.0,0.0,0.0,0.0,0.0,0.0,0,0,0
1756097675,7171,0.07,0.0,-0.02,0.0,0.0,0.0,0.0,0.0,0,0,0
1756097675,7172,0.12,0.0,0.0,0.0,0.0,0.0,0.0,0.0,0,0,0
1756097675,7173,0.02,0.0,0.01,0.0,0.0,0.0,0.0,0.0,0,0,0
1756097675,7174,0.15,0.0,-0.02,0.0,0.0,0.0,0.0,0.0,0,0,0
1756097675,7175,0.14,0.0,0.0,0.0,0.0,0.0,0.0,0.0,0,0,0
1756097675,7176,0.12,0.0,0.05,0.0,0.0,0.0,0.0,0.0,0,0,0
1756097675,7177,0.1,0.0,0.0,0.0,0.0,0.0,0.0,0.0,0,0,0
1756097675,7178,0.1,0.0,0.0,0.0,0.0,0.0,0.0,0.0,0,0,0
1756097675,7179,0.12,0.0,0.0,0.0,0.0,0.0,0.0,0.0,0,0,0
1756097675,7180,0.1,0.0,-0.01,0.0,0.0,0.0,0.0,0.0,0,0,0
1756097675,7181,0.14,0.0,0.0,0.0,0.0,0.0,0.0,0.0,0,0,0
1756097675,7182,0.12,0.0,-0.01,0.0,0.0,0.0,0.0,0.0,0,0,0
1756097675,7183,0.1,0.0,0.01,0.0,0.0,0.0,0.0,0.0,0,0,0
1756097675,7184,0.23,0.0,0.0,0.0,0.0,0.0,0.0,0.0,0,0,0
1756097675,7185,0.07,0.0,0.09,0.0,0.0,0.0,0.0,0.0,0,0,0
1756097675,7186,0.0,0.0,0.0,0.0,0.0,0.0,0.0,0.0,0,0,0
1756097675,7187,0.17,0.0,0.05,0.0,0.0,0.0,0.0,0.0,0,0,0
1756097675,7188,0.15,0.0,0.02,0.0,0.0,0.0,0.0,0.0,0,0,0
1756097675,7189,0.18,0.0,0.0,0.0,0.0,0.0,0.0,0.0,0,0,0
1756097675,7190,0.1,0.0,0.02,0.0,0.0,0.0,0.0,0.0,0,0,0
1756097675,7191,0.15,0.0,-0.01,0.0,0.0,0.0,0.0,0.0,0,0,0
1756097675,7192,0.0,0.0,0.03,0.0,0.0,0.0,0.0,0.0,0,0,0
1756097675,7193,0.2,0.0,0.0,0.0,0.0,0.0,0.0,0.0,0,0,0
1756097675,7194,0.2,0.0,0.0,0.0,0.0,0.0,0.0,0.0,0,0,0
1756097675,7195,0.17,0.0,0.0,0.0,0.0,0.0,0.0,0.0,0,0,0
1756097675,7196,0.1,0.0,0.0,0.0,0.0,0.0,0.0,0.0,0,0,0
1756097675,7197,0.14,0.0,0.0,0.0,0.0,0.0,0.0,0.0,0,0,0
1756097675,7198,0.11,0.0,0.01,0.0,0.0,0.0,0.0,0.0,0,0,0
1756097675,7199,0.1,0.0,0.0,0.0,0.0,0.0,0.0,0.0,0,0,0
1756097675,7200,0.09,0.0,0.0,0.0,0.0,0.0,0.0,0.0,0,0,0
1756097675,7201,0.15,0.0,0.0,0.0,0.0,0.0,0.0,0.0,0,0,0
1756097676,7202,0.07,0.0,0.0,0.0,0.0,0.0,0.0,0.0,0,0,0
1756097676,7203,0.14,0.0,-0.02,0.0,0.0,0.0,0.0,0.0,0,0,0
1756097676,7204,0.1,0.0,0.0,0.0,0.0,0.0,0.0,0.0,0,0,0
1756097676,7205,0.1,0.0,-0.02,0.0,0.0,0.0,0.0,0.0,0,0,0
1756097676,7206,0.15,0.0,-0.05,0.0,0.0,0.0,0.0,0.0,0,0,0
1756097676,7207,0.15,0.0,-0.01,0.0,0.0,0.0,0.0,0.0,0,0,0
1756097676,7208,0.15,0.0,0.01,0.0,0.0,0.0,0.0,0.0,0,0,0
1756097676,7209,0.15,0.0,0.0,0.0,0.0,0.0,0.0,0.0,0,0,0
1756097676,7210,0.1,0.0,0.0,0.0,0.0,0.0,0.0,0.0,0,0,0
1756097676,7211,0.12,0.0,0.0,0.0,0.0,0.0,0.0,0.0,0,0,0
1756097676,7212,0.09,0.0,-0.05,0.0,0.0,0.0,0.0,0.0,0,0,0
1756097676,7213,0.15,0.0,-0.01,0.0,0.0,0.0,0.0,0.0,0,0,0
1756097676,7214,0.07,0.0,0.0,0.0,0.0,0.0,0.0,0.0,0,0,0
1756097676,7215,0.11,0.0,-0.02,0.0,0.0,0.0,0.0,0.0,0,0,0
1756097676,7216,0.11,0.0,0.0,0.0,0.0,0.0,0.0,0.0,0,0,0
1756097676,7217,0.15,0.0,0.0,0.0,0.0,0.0,0.0,0.0,0,0,0
1756097676,7218,0.14,0.0,0.0,0.0,0.0,0.0,0.0,0.0,0,0,0
1756097676,7219,0.11,0.0,0.0,0.0,0.0,0.0,0.0,0.0,0,0,0
1756097676,7220,0.12,0.0,-0.01,0.0,0.0,0.0,0.0,0.0,0,0,0
1756097676,7221,0.1,0.0,0.02,0.0,0.0,0.0,0.0,0.0,0,0,0
1756097676,7222,0.1,0.0,0.03,0.0,0.0,0.0,0.0,0.0,0,0,0
1756097676,7223,0.14,0.0,-0.01,0.0,0.0,0.0,0.0,0.0,0,0,0
1756097676,7224,0.12,0.0,-0.03,0.0,0.0,0.0,0.0,0.0,0,0,0
1756097676,7225,0.05,0.0,0.02,0.0,0.0,0.0,0.0,0.0,0,0,0
1756097676,7226,0.18,0.0,-0.02,0.0,0.0,0.0,0.0,0.0,0,0,0
1756097676,7227,0.1,0.0,0.0,0.0,0.0,0.0,0.0,0.0,0,0,0
1756097676,7228,0.05,0.0,0.0,0.0,0.0,0.0,0.0,0.0,0,0,0
1756097676,7229,0.09,0.0,0.01,0.0,0.0,0.0,0.0,0.0,0,0,0
1756097676,7230,0.14,0.0,0.0,0.0,0.0,0.0,0.0,0.0,0,0,0
1756097676,7231,0.01,0.0,-0.02,0.0,0.0,0.0,0.0,0.0,0,0,0
1756097676,7232,0.09,0.0,0.0,0.0,0.0,0.0,0.0,0.0,0,0,0
1756097676,7233,0.15,0.0,0.05,0.0,0.0,0.0,0.0,0.0,0,0,0
1756097676,7234,0.09,0.0,0.03,0.0,0.0,0.0,0.0,0.0,0,0,0
1756097676,7235,0.1,0.0,-0.01,0.0,0.0,0.0,0.0,0.0,0,0,0
1756097676,7236,0.09,0.0,0.0,0.0,0.0,0.0,0.0,0.0,0,0,0
1756097676,7237,0.14,0.0,0.03,0.0,0.0,0.0,0.0,0.0,0,0,0
1756097676,7238,0.09,0.0,-0.01,0.0,0.0,0.0,0.0,0.0,0,0,0
1756097676,7239,0.17,0.0,-0.01,0.0,0.0,0.0,0.0,0.0,0,0,0
1756097676,7240,0.15,0.0,-0.01,0.0,0.0,0.0,0.0,0.0,0,0,0
1756097676,7241,0.1,0.0,0.0,0.0,0.0,0.0,0.0,0.0,0,0,0
1756097676,7242,0.25,0.0,0.02,0.0,0.0,0.0,0.0,0.0,0,0,0
1756097676,7243,0.12,0.0,0.0,0.0,0.0,0.0,0.0,0.0,0,0,0
1756097676,7244,0.05,0.0,0.03,0.0,0.0,0.0,0.0,0.0,0,0,0
1756097676,7245,0.15,0.0,0.0,0.0,0.0,0.0,0.0,0.0,0,0,0
1756097676,7246,0.15,0.0,0.05,0.0,0.0,0.0,0.0,0.0,0,0,0
1756097676,7247,0.0,0.0,0.0,0.0,0.0,0.0,0.0,0.0,0,0,0
1756097676,7248,0.18,0.0,0.0,0.0,0.0,0.0,0.0,0.0,0,0,0
1756097676,7249,0.15,0.0,0.0,0.0,0.0,0.0,0.0,0.0,0,0,0
1756097676,7250,0.1,0.0,-0.05,0.0,0.0,0.0,0.0,0.0,0,0,0
1756097676,7251,0.09,0.0,-0.1,0.0,0.0,0.0,0.0,0.0,0,0,0
1756097676,7252,0.1,0.0,0.01,0.0,0.0,0.0,0.0,0.0,0,0,0
1756097676,7253,0.07,0.0,0.0,0.0,0.0,0.0,0.0,0.0,0,0,0
1756097676,7254,0.15,0.0,0.0,0.0,0.0,0.0,0.0,0.0,0,0,0
1756097676,7255,0.1,0.0,0.0,0.0,0.0,0.0,0.0,0.0,0,0,0
1756097676,7256,0.07,0.0,0.02,0.0,0.0,0.0,0.0,0.0,0,0,0
1756097676,7257,0.1,0.0,0.0,0.0,0.0,0.0,0.0,0.0,0,0,0
1756097676,7258,0.15,0.0,-0.01,0.0,0.0,0.0,0.0,0.0,0,0,0
1756097676,7259,0.17,0.0,0.0,0.0,0.0,0.0,0.0,0.0,0,0,0
1756097676,7260,0.07,0.0,-0.05,0.0,0.0,0.0,0.0,0.0,0,0,0
1756097676,7261,0.15,0.0,-0.07,0.0,0.0,0.0,0.0,0.0,0,0,0
1756097676,7262,0.09,0.0,-0.01,0.0,0.0,0.0,0.0,0.0,0,0,0
1756097676,7263,0.15,0.0,0.0,0.0,0.0,0.0,0.0,0.0,0,0,0
1756097676,7264,0.17,0.0,-0.01,0.0,0.0,0.0,0.0,0.0,0,0,0
1756097676,7265,0.07,0.0,-0.05,0.0,0.0,0.0,0.0,0.0,0,0,0
1756097676,7266,0.14,0.0,-0.01,0.0,0.0,0.0,0.0,0.0,0,0,0
1756097676,7267,0.1,0.0,0.0,0.0,0.0,0.0,0.0,0.0,0,0,0
1756097677,7268,0.1,0.0,0.0,0.0,0.0,0.0,0.0,0.0,0,0,0
1756097677,7269,0.1,0.0,0.0,0.0,0.0,0.0,0.0,0.0,0,0,0
1756097677,7270,0.1,0.0,0.0,0.0,0.0,0.0,0.0,0.0,0,0,0
1756097677,7271,0.11,0.0,-0.01,0.0,0.0,0.0,0.0,0.0,0,0,0
1756097677,7272,0.11,0.0,0.0,0.0,0.0,0.0,0.0,0.0,0,0,0
1756097677,7273,0.14,0.0,0.0,0.0,0.0,0.0,0.0,0.0,0,0,0
1756097677,7274,0.25,0.0,0.02,0.0,0.0,0.0,0.0,0.0,0,0,0
1756097677,7275,0.11,0.0,0.02,0.0,0.0,0.0,0.0,0.0,0,0,0
1756097677,7276,0.05,0.0,-0.02,0.0,0.0,0.0,0.0,0.0,0,0,0
1756097677,7277,0.1,0.0,0.0,0.0,0.0,0.0,0.0,0.0,0,0,0
1756097677,7278,0.11,0.0,0.0,0.0,0.0,0.0,0.0,0.0,0,0,0
1756097677,7279,0.05,0.0,-0.05,0.0,0.0,0.0,0.0,0.0,0,0,0
1756097677,7280,0.11,0.0,-0.09,0.0,0.0,0.0,0.0,0.0,0,0,0
1756097677,7281,0.15,0.0,-0.01,0.0,0.0,0.0,0.0,0.0,0,0,0
1756097677,7282,0.14,0.0,-0.02,0.0,0.0,0.0,0.0,0.0,0,0,0
1756097677,7283,0.11,0.0,0.05,0.0,0.0,0.0,0.0,0.0,0,0,0
1756097677,7284,0.05,0.0,0.0,0.0,0.0,0.0,0.0,0.0,0,0,0
1756097677,7285,0.09,0.0,0.05,0.0,0.0,0.0,0.0,0.0,0,0,0
1756097677,7286,0.1,0.0,-0.07,0.0,0.0,0.0,0.0,0.0,0,0,0
1756097677,7287,0.09,0.0,-0.02,0.0,0.0,0.0,0.0,0.0,0,0,0
1756097677,7288,0.11,0.0,0.0,0.0,0.0,0.0,0.0,0.0,0,0,0
1756097677,7289,0.15,0.0,-0.02,0.0,0.0,0.0,0.0,0.0,0,0,0
1756097677,7290,0.15,0.0,-0.01,0.0,0.0,0.0,0.0,0.0,0,0,0
1756097677,7291,0.15,0.0,-0.05,0.0,0.0,0.0,0.0,0.0,0,0,0
1756097677,7292,0.14,0.0,0.05,0.0,0.0,0.0,0.0,0.0,0,0,0
1756097677,7293,0.12,0.0,0.0,0.0,0.0,0.0,0.0,0.0,0,0,0
1756097677,7294,0.07,0.0,0.02,0.0,0.0,0.0,0.0,0.0,0,0,0
1756097677,7295,0.17,0.0,0.0,0.0,0.0,0.0,0.0,0.0,0,0,0
1756097677,7296,0.11,0.0,0.0,0.0,0.0,0.0,0.0,0.0,0,0,0
1756097677,7297,0.0,0.0,0.0,0.0,0.0,0.0,0.0,0.0,0,0,0
1756097677,7298,0.17,0.0,0.01,0.0,0.0,0.0,0.0,0.0,0,0,0
1756097677,7299,0.1,0.0,0.0,0.0,0.0,0.0,0.0,0.0,0,0,0
1756097677,7300,0.11,0.0,0.07,0.0,0.0,0.0,0.0,0.0,0,0,0
1756097677,7301,0.07,0.0,-0.03,0.0,0.0,0.0,0.0,0.0,0,0,0
1756097677,7302,0.11,0.0,-0.02,0.0,0.0,0.0,0.0,0.0,0,0,0
1756097677,7303,0.1,0.0,0.0,0.0,0.0,0.0,0.0,0.0,0,0,0
1756097677,7304,0.11,0.0,0.01,0.0,0.0,0.0,0.0,0.0,0,0,0
1756097677,7305,0.18,0.0,0.01,0.0,0.0,0.0,0.0,0.0,0,0,0
1756097677,7306,0.15,0.0,0.03,0.0,0.0,0.0,0.0,0.0,0,0,0
1756097677,7307,0.11,0.0,0.02,0.0,0.0,0.0,0.0,0.0,0,0,0
1756097677,7308,0.15,0.0,0.0,0.0,0.0,0.0,0.0,0.0,0,0,0
1756097677,7309,0.12,0.0,0.0,0.0,0.0,0.0,0.0,0.0,0,0,0
1756097677,7310,0.11,0.0,-0.02,0.0,0.0,0.0,0.0,0.0,0,0,0
1756097677,7311,0.1,0.0,0.0,0.0,0.0,0.0,0.0,0.0,0,0,0
1756097677,7312,0.09,0.0,-0.02,0.0,0.0,0.0,0.0,0.0,0,0,0
1756097677,7313,0.03,0.0,-0.05,0.0,0.0,0.0,0.0,0.0,0,0,0
1756097677,7314,0.12,0.0,-0.03,0.0,0.0,0.0,0.0,0.0,0,0,0
1756097677,7315,0.11,0.0,-0.02,0.0,0.0,0.0,0.0,0.0,0,0,0
1756097677,7316,0.15,0.0,-0.03,0.0,0.0,0.0,0.0,0.0,0,0,0
1756097677,7317,0.14,0.0,0.03,0.0,0.0,0.0,0.0,0.0,0,0,0
1756097677,7318,0.12,0.0,0.05,0.0,0.0,0.0,0.0,0.0,0,0,0
1756097677,7319,0.1,0.0,0.0,0.0,0.0,0.0,0.0,0.0,0,0,0
1756097677,7320,0.1,0.0,-0.01,0.0,0.0,0.0,0.0,0.0,0,0,0
1756097677,7321,0.17,0.0,0.0,0.0,0.0,0.0,0.0,0.0,0,0,0
1756097677,7322,0.18,0.0,0.0,0.0,0.0,0.0,0.0,0.0,0,0,0
1756097677,7323,0.1,0.0,-0.02,0.0,0.0,0.0,0.0,0.0,0,0,0
1756097677,7324,0.11,0.0,-0.05,0.0,0.0,0.0,0.0,0.0,0,0,0
1756097677,7325,0.17,0.0,0.09,0.0,0.0,0.0,0.0,0.0,0,0,0
1756097677,7326,0.1,0.0,-0.01,0.0,0.0,0.0,0.0,0.0,0,0,0
1756097677,7327,0.1,0.0,-0.02,0.0,0.0,0.0,0.0,0.0,0,0,0
1756097677,7328,0.1,0.0,0.0,0.0,0.0,0.0,0.0,0.0,0,0,0
1756097677,7329,0.1,0.0,0.0,0.0,0.0,0.0,0.0,0.0,0,0,0
1756097677,7330,0.1,0.0,-0.07,0.0,0.0,0.0,0.0,0.0,0,0,0
1756097677,7331,0.07,0.0,0.02,0.0,0.0,0.0,0.0,0.0,0,0,0
1756097677,7332,0.1,0.0,0.03,0.0,0.0,0.0,0.0,0.0,0,0,0
1756097677,7333,0.11,0.0,-0.07,0.0,0.0,0.0,0.0,0.0,0,0,0
1756097677,7334,0.1,0.0,0.0,0.0,0.0,0.0,0.0,0.0,0,0,0
1756097677,7335,0.17,0.0,0.0,0.0,0.0,0.0,0.0,0.0,0,0,0
1756097677,7336,0.07,0.0,0.0,0.0,0.0,0.0,0.0,0.0,0,0,0
1756097678,7337,0.1,0.0,-0.01,0.0,0.0,0.0,0.0,0.0,0,0,0
1756097678,7338,0.12,0.0,0.01,0.0,0.0,0.0,0.0,0.0,0,0,0
1756097678,7339,0.15,0.0,-0.01,0.0,0.0,0.0,0.0,0.0,0,0,0
1756097678,7340,0.1,0.0,-0.03,0.0,0.0,0.0,0.0,0.0,0,0,0
1756097678,7341,0.15,0.0,0.0,0.0,0.0,0.0,0.0,0.0,0,0,0
1756097678,7342,0.12,0.0,0.0,0.0,0.0,0.0,0.0,0.0,0,0,0
1756097678,7343,0.1,0.0,0.0,0.0,0.0,0.0,0.0,0.0,0,0,0
1756097678,7344,0.07,0.0,0.0,0.0,0.0,0.0,0.0,0.0,0,0,0
1756097678,7345,0.15,0.0,0.0,0.0,0.0,0.0,0.0,0.0,0,0,0
1756097678,7346,0.09,0.0,0.0,0.0,0.0,0.0,0.0,0.0,0,0,0
1756097678,7347,0.15,0.0,-0.05,0.0,0.0,0.0,0.0,0.0,0,0,0
1756097678,7348,0.1,0.0,0.05,0.0,0.0,0.0,0.0,0.0,0,0,0
1756097678,7349,0.14,0.0,0.0,0.0,0.0,0.0,0.0,0.0,0,0,0
1756097678,7350,0.1,0.0,-0.02,0.0,0.0,0.0,0.0,0.0,0,0,0
1756097678,7351,0.1,0.0,0.0,0.0,0.0,0.0,0.0,0.0,0,0,0
1756097678,7352,0.15,0.0,0.0,0.0,0.0,0.0,0.0,0.0,0,0,0
1756097678,7353,0.14,0.0,-0.05,0.0,0.0,0.0,0.0,0.0,0,0,0
1756097678,7354,0.11,0.0,-0.01,0.0,0.0,0.0,0.0,0.0,0,0,0
1756097678,7355,0.11,0.0,-0.02,0.0,0.0,0.0,0.0,0.0,0,0,0
1756097678,7356,0.11,0.0,0.0,0.0,0.0,0.0,0.0,0.0,0,0,0
1756097678,7357,0.09,0.0,0.0,0.0,0.0,0.0,0.0,0.0,0,0,0
1756097678,7358,0.07,0.0,0.0,0.0,0.0,0.0,0.0,0.0,0,0,0
1756097678,7359,0.07,0.0,0.0,0.0,0.0,0.0,0.0,0.0,0,0,0
1756097678,7360,0.14,0.0,0.02,0.0,0.0,0.0,0.0,0.0,0,0,0
1756097678,7361,0.12,0.0,-0.03,0.0,0.0,0.0,0.0,0.0,0,0,0
1756097678,7362,0.12,0.0,-0.01,0.0,0.0,0.0,0.0,0.0,0,0,0
1756097678,7363,0.14,0.0,0.0,0.0,0.0,0.0,0.0,0.0,0,0,0
1756097678,7364,0.09,0.0,-0.01,0.0,0.0,0.0,0.0,0.0,0,0,0
1756097678,7365,0.1,0.0,0.0,0.0,0.0,0.0,0.0,0.0,0,0,0
1756097678,7366,0.05,0.0,-0.03,0.0,0.0,0.0,0.0,0.0,0,0,0
1756097678,7367,0.07,0.0,-0.02,0.0,0.0,0.0,0.0,0.0,0,0,0
1756097678,7368,0.2,0.0,0.0,0.0,0.0,0.0,0.0,0.0,0,0,0
1756097678,7369,0.18,0.0,-0.05,0.0,0.0,0.0,0.0,0.0,0,0,0
1756097678,7370,0.15,0.0,0.07,0.0,0.0,0.0,0.0,0.0,0,0,0
1756097678,7371,0.09,0.0,-0.03,0.0,0.0,0.0,0.0,0.0,0,0,0
1756097678,7372,0.12,0.0,0.0,0.0,0.0,0.0,0.0,0.0,0,0,0
1756097678,7373,0.14,0.0,0.0,0.0,0.0,0.0,0.0,0.0,0,0,0
1756097678,7374,0.15,0.0,0.0,0.0,0.0,0.0,0.0,0.0,0,0,0
1756097678,7375,0.1,0.0,0.0,0.0,0.0,0.0,0.0,0.0,0,0,0
1756097678,7376,0.09,0.0,-0.01,0.0,0.0,0.0,0.0,0.0,0,0,0
1756097678,7377,0.09,0.0,-0.01,0.0,0.0,0.0,0.0,0.0,0,0,0
1756097678,7378,0.12,0.0,-0.03,0.0,0.0,0.0,0.0,0.0,0,0,0
1756097678,7379,0.09,0.0,0.0,0.0,0.0,0.0,0.0,0.0,0,0,0
1756097678,7380,0.1,0.0,0.0,0.0,0.0,0.0,0.0,0.0,0,0,0
1756097678,7381,0.14,0.0,0.0,0.0,0.0,0.0,0.0,0.0,0,0,0
1756097678,7382,0.05,0.0,0.0,0.0,0.0,0.0,0.0,0.0,0,0,0
1756097678,7383,0.09,0.0,0.0,0.0,0.0,0.0,0.0,0.0,0,0,0
1756097678,7384,0.11,0.0,-0.02,0.0,0.0,0.0,0.0,0.0,0,0,0
1756097678,7385,0.05,0.0,-0.02,0.0,0.0,0.0,0.0,0.0,0,0,0
1756097678,7386,0.07,0.0,0.0,0.0,0.0,0.0,0.0,0.0,0,0,0
1756097678,7387,0.07,0.0,0.0,0.0,0.0,0.0,0.0,0.0,0,0,0
1756097678,7388,0.14,0.0,0.0,0.0,0.0,0.0,0.0,0.0,0,0,0
1756097678,7389,0.11,0.0,-0.01,0.0,0.0,0.0,0.0,0.0,0,0,0
1756097678,7390,0.17,0.0,0.0,0.0,0.0,0.0,0.0,0.0,0,0,0
1756097678,7391,0.15,0.0,-0.01,0.0,0.0,0.0,0.0,0.0,0,0,0
1756097678,7392,0.15,0.0,0.0,0.0,0.0,0.0,0.0,0.0,0,0,0
1756097678,7393,0.11,0.0,0.01,0.0,0.0,0.0,0.0,0.0,0,0,0
1756097678,7394,0.14,0.0,0.0,0.0,0.0,0.0,0.0,0.0,0,0,0
1756097678,7395,0.12,0.0,0.0,0.0,0.0,0.0,0.0,0.0,0,0,0
1756097678,7396,0.17,0.0,0.0,0.0,0.0,0.0,0.0,0.0,0,0,0
1756097678,7397,0.15,0.0,-0.02,0.0,0.0,0.0,0.0,0.0,0,0,0
1756097678,7398,0.1,0.0,0.02,0.0,0.0,0.0,0.0,0.0,0,0,0
1756097678,7399,0.18,0.0,0.0,0.0,0.0,0.0,0.0,0.0,0,0,0
1756097678,7400,0.11,0.0,0.0,0.0,0.0,0.0,0.0,0.0,0,0,0
1756097678,7401,0.11,0.0,0.0,0.0,0.0,0.0,0.0,0.0,0,0,0
1756097678,7402,0.07,0.0,0.0,0.0,0.0,0.0,0.0,0.0,0,0,0
1756097679,7403,0.07,0.0,-0.05,0.0,0.0,0.0,0.0,0.0,0,0,0
1756097679,7404,0.12,0.0,0.02,0.0,0.0,0.0,0.0,0.0,0,0,0
1756097679,7405,0.1,0.0,0.0,0.0,0.0,0.0,0.0,0.0,0,0,0
1756097679,7406,0.14,0.0,0.0,0.0,0.0,0.0,0.0,0.0,0,0,0
1756097679,7407,0.1,0.0,0.0,0.0,0.0,0.0,0.0,0.0,0,0,0
1756097679,7408,0.15,0.0,-0.02,0.0,0.0,0.0,0.0,0.0,0,0,0
1756097679,7409,0.15,0.0,-0.02,0.0,0.0,0.0,0.0,0.0,0,0,0
1756097679,7410,0.15,0.0,-0.05,0.0,0.0,0.0,0.0,0.0,0,0,0
1756097679,7411,0.01,0.0,0.02,0.0,0.0,0.0,0.0,0.0,0,0,0
1756097679,7412,0.23,0.0,0.0,0.0,0.0,0.0,0.0,0.0,0,0,0
1756097679,7413,0.21,0.0,0.05,0.0,0.0,0.0,0.0,0.0,0,0,0
1756097679,7414,0.14,0.0,0.0,0.0,0.0,0.0,0.0,0.0,0,0,0
1756097679,7415,0.07,0.0,0.01,0.0,0.0,0.0,0.0,0.0,0,0,0
1756097679,7416,0.07,0.0,0.0,0.0,0.0,0.0,0.0,0.0,0,0,0
1756097679,7417,0.03,0.0,0.0,0.0,0.0,0.0,0.0,0.0,0,0,0
1756097679,7418,0.1,0.0,0.0,0.0,0.0,0.0,0.0,0.0,0,0,0
1756097679,7419,0.11,0.0,-0.02,0.0,0.0,0.0,0.0,0.0,0,0,0
1756097679,7420,0.1,0.0,0.0,0.0,0.0,0.0,0.0,0.0,0,0,0
1756097679,7421,0.07,0.0,0.0,0.0,0.0,0.0,0.0,0.0,0,0,0
1756097679,7422,0.1,0.0,0.0,0.0,0.0,0.0,0.0,0.0,0,0,0
1756097679,7423,0.1,0.0,0.0,0.0,0.0,0.0,0.0,0.0,0,0,0
1756097679,7424,0.12,0.0,0.01,0.0,0.0,0.0,0.0,0.0,0,0,0
1756097679,7425,0.14,0.0,-0.05,0.0,0.0,0.0,0.0,0.0,0,0,0
1756097679,7426,0.11,0.0,0.0,0.0,0.0,0.0,0.0,0.0,0,0,0
1756097679,7427,0.14,0.0,0.0,0.0,0.0,0.0,0.0,0.0,0,0,0
1756097679,7428,0.11,0.0,0.0,0.0,0.0,0.0,0.0,0.0,0,0,0
1756097679,7429,0.17,0.0,0.0,0.0,0.0,0.0,0.0,0.0,0,0,0
1756097679,7430,0.1,0.0,-0.01,0.0,0.0,0.0,0.0,0.0,0,0,0
1756097679,7431,-0.02,0.0,-0.05,0.0,0.0,0.0,0.0,0.0,0,0,0
1756097679,7432,0.1,0.0,0.0,0.0,0.0,0.0,0.0,0.0,0,0,0
1756097679,7433,0.11,0.0,0.0,0.0,0.0,0.0,0.0,0.0,0,0,0
1756097679,7434,0.14,0.0,0.01,0.0,0.0,0.0,0.0,0.0,0,0,0
1756097679,7435,0.09,0.0,0.0,0.0,0.0,0.0,0.0,0.0,0,0,0
1756097679,7436,0.1,0.0,0.0,0.0,0.0,0.0,0.0,0.0,0,0,0
1756097679,7437,0.1,0.0,0.0,0.0,0.0,0.0,0.0,0.0,0,0,0
1756097679,7438,0.18,0.0,-0.01,0.0,0.0,0.0,0.0,0.0,0,0,0
1756097679,7439,0.05,0.0,-0.03,0.0,0.0,0.0,0.0,0.0,0,0,0
1756097679,7440,0.15,0.0,-0.01,0.0,0.0,0.0,0.0,0.0,0,0,0
1756097679,7441,0.12,0.0,0.0,0.0,0.0,0.0,0.0,0.0,0,0,0
1756097679,7442,0.18,0.0,-0.07,0.0,0.0,0.0,0.0,0.0,0,0,0
1756097679,7443,0.11,0.0,0.01,0.0,0.0,0.0,0.0,0.0,0,0,0
1756097679,7444,0.07,0.0,0.0,0.0,0.0,0.0,0.0,0.0,0,0,0
1756097679,7445,0.15,0.0,0.0,0.0,0.0,0.0,0.0,0.0,0,0,0
1756097679,7446,0.11,0.0,0.0,0.0,0.0,0.0,0.0,0.0,0,0,0
1756097679,7447,0.12,0.0,0.03,0.0,0.0,0.0,0.0,0.0,0,0,0
1756097679,7448,0.18,0.0,-0.01,0.0,0.0,0.0,0.0,0.0,0,0,0
1756097679,7449,0.1,0.0,0.02,0.0,0.0,0.0,0.0,0.0,0,0,0
1756097679,7450,0.07,0.0,0.0,0.0,0.0,0.0,0.0,0.0,0,0,0
1756097679,7451,0.05,0.0,0.1,0.0,0.0,0.0,0.0,0.0,0,0,0
1756097679,7452,0.1,0.0,0.0,0.0,0.0,0.0,0.0,0.0,0,0,0
1756097679,7453,0.1,0.0,0.0,0.0,0.0,0.0,0.0,0.0,0,0,0
1756097679,7454,0.15,0.0,0.0,0.0,0.0,0.0,0.0,0.0,0,0,0
1756097679,7455,0.14,0.0,-0.01,0.0,0.0,0.0,0.0,0.0,0,0,0
1756097679,7456,0.15,0.0,0.0,0.0,0.0,0.0,0.0,0.0,0,0,0
1756097679,7457,0.1,0.0,0.0,0.0,0.0,0.0,0.0,0.0,0,0,0
1756097679,7458,0.1,0.0,0.03,0.0,0.0,0.0,0.0,0.0,0,0,0
1756097679,7459,0.12,0.0,0.0,0.0,0.0,0.0,0.0,0.0,0,0,0
1756097679,7460,0.1,0.0,0.0,0.0,0.0,0.0,0.0,0.0,0,0,0
1756097679,7461,0.1,0.0,0.0,0.0,0.0,0.0,0.0,0.0,0,0,0
1756097679,7462,0.15,0.0,0.0,0.0,0.0,0.0,0.0,0.0,0,0,0
1756097679,7463,0.15,0.0,0.01,0.0,0.0,0.0,0.0,0.0,0,0,0
1756097679,7464,0.1,0.0,0.0,0.0,0.0,0.0,0.0,0.0,0,0,0
1756097679,7465,0.11,0.0,0.0,0.0,0.0,0.0,0.0,0.0,0,0,0
1756097679,7466,0.11,0.0,0.0,0.0,0.0,0.0,0.0,0.0,0,0,0
1756097679,7467,0.11,0.0,-0.02,0.0,0.0,0.0,0.0,0.0,0,0,0
1756097680,7468,0.07,0.0,0.0,0.0,0.0,0.0,0.0,0.0,0,0,0
1756097680,7469,0.15,0.0,-0.01,0.0,0.0,0.0,0.0,0.0,0,0,0
1756097680,7470,0.12,0.0,0.0,0.0,0.0,0.0,0.0,0.0,0,0,0
1756097680,7471,0.15,0.0,0.0,0.0,0.0,0.0,0.0,0.0,0,0,0
1756097680,7472,0.1,0.0,0.01,0.0,0.0,0.0,0.0,0.0,0,0,0
1756097680,7473,0.12,0.0,0.0,0.0,0.0,0.0,0.0,0.0,0,0,0
1756097680,7474,0.14,0.0,0.0,0.0,0.0,0.0,0.0,0.0,0,0,0
1756097680,7475,0.12,0.0,0.0,0.0,0.0,0.0,0.0,0.0,0,0,0
1756097680,7476,0.07,0.0,0.0,0.0,0.0,0.0,0.0,0.0,0,0,0
1756097680,7477,0.07,0.0,-0.07,0.0,0.0,0.0,0.0,0.0,0,0,0
1756097680,7478,0.1,0.0,-0.05,0.0,0.0,0.0,0.0,0.0,0,0,0
1756097680,7479,0.0,0.0,0.03,0.0,0.0,0.0,0.0,0.0,0,0,0
1756097680,7480,0.15,0.0,0.0,0.0,0.0,0.0,0.0,0.0,0,0,0
1756097680,7481,0.11,0.0,-0.02,0.0,0.0,0.0,0.0,0.0,0,0,0
1756097680,7482,0.09,0.0,0.0,0.0,0.0,0.0,0.0,0.0,0,0,0
1756097680,7483,0.07,0.0,0.0,0.0,0.0,0.0,0.0,0.0,0,0,0
1756097680,7484,0.1,0.0,0.0,0.0,0.0,0.0,0.0,0.0,0,0,0
1756097680,7485,0.07,0.0,0.0,0.0,0.0,0.0,0.0,0.0,0,0,0
1756097680,7486,0.14,0.0,-0.02,0.0,0.0,0.0,0.0,0.0,0,0,0
1756097680,7487,0.11,0.0,0.0,0.0,0.0,0.0,0.0,0.0,0,0,0
1756097680,7488,0.14,0.0,0.02,0.0,0.0,0.0,0.0,0.0,0,0,0
1756097680,7489,0.1,0.0,0.03,0.0,0.0,0.0,0.0,0.0,0,0,0
1756097680,7490,0.15,0.0,0.0,0.0,0.0,0.0,0.0,0.0,0,0,0
1756097680,7491,0.09,0.0,0.0,0.0,0.0,0.0,0.0,0.0,0,0,0
1756097680,7492,0.1,0.0,0.0,0.0,0.0,0.0,0.0,0.0,0,0,0
1756097680,7493,0.11,0.0,0.0,0.0,0.0,0.0,0.0,0.0,0,0,0
1756097680,7494,0.11,0.0,0.0,0.0,0.0,0.0,0.0,0.0,0,0,0
1756097680,7495,0.11,0.0,0.02,0.0,0.0,0.0,0.0,0.0,0,0,0
1756097680,7496,0.1,0.0,0.0,0.0,0.0,0.0,0.0,0.0,0,0,0
1756097680,7497,0.11,0.0,0.0,0.0,0.0,0.0,0.0,0.0,0,0,0
1756097680,7498,0.1,0.0,-0.05,0.0,0.0,0.0,0.0,0.0,0,0,0
1756097680,7499,-0.02,0.0,0.05,0.0,0.0,0.0,0.0,0.0,0,0,0
1756097680,7500,0.14,0.0,0.0,0.0,0.0,0.0,0.0,0.0,0,0,0
1756097680,7501,0.12,0.0,-0.03,0.0,0.0,0.0,0.0,0.0,0,0,0
1756097680,7502,0.15,0.0,-0.01,0.0,0.0,0.0,0.0,0.0,0,0,0
1756097680,7503,0.1,0.0,0.0,0.0,0.0,0.0,0.0,0.0,0,0,0
1756097680,7504,0.05,0.0,-0.05,0.0,0.0,0.0,0.0,0.0,0,0,0
1756097680,7505,0.12,0.0,0.0,0.0,0.0,0.0,0.0,0.0,0,0,0
1756097680,7506,0.14,0.0,0.0,0.0,0.0,0.0,0.0,0.0,0,0,0
1756097680,7507,0.07,0.0,0.0,0.0,0.0,0.0,0.0,0.0,0,0,0
1756097680,7508,0.05,0.0,-0.01,0.0,0.0,0.0,0.0,0.0,0,0,0
1756097680,7509,0.17,0.0,0.0,0.0,0.0,0.0,0.0,0.0,0,0,0
1756097680,7510,0.07,0.0,-0.01,0.0,0.0,0.0,0.0,0.0,0,0,0
1756097680,7511,0.09,0.0,-0.02,0.0,0.0,0.0,0.0,0.0,0,0,0
1756097680,7512,0.07,0.0,-0.03,0.0,0.0,0.0,0.0,0.0,0,0,0
1756097680,7513,0.17,0.0,0.01,0.0,0.0,0.0,0.0,0.0,0,0,0
1756097680,7514,0.02,0.0,0.0,0.0,0.0,0.0,0.0,0.0,0,0,0
1756097680,7515,0.11,0.0,0.0,0.0,0.0,0.0,0.0,0.0,0,0,0
1756097680,7516,0.12,0.0,0.0,0.0,0.0,0.0,0.0,0.0,0,0,0
1756097680,7517,0.07,0.0,0.0,0.0,0.0,0.0,0.0,0.0,0,0,0
1756097680,7518,0.1,0.0,0.01,0.0,0.0,0.0,0.0,0.0,0,0,0
1756097680,7519,0.1,0.0,0.0,0.0,0.0,0.0,0.0,0.0,0,0,0
1756097680,7520,0.07,0.0,0.0,0.0,0.0,0.0,0.0,0.0,0,0,0
1756097680,7521,0.12,0.0,0.0,0.0,0.0,0.0,0.0,0.0,0,0,0
1756097680,7522,0.09,0.0,0.0,0.0,0.0,0.0,0.0,0.0,0,0,0
1756097680,7523,0.05,0.0,-0.07,0.0,0.0,0.0,0.0,0.0,0,0,0
1756097680,7524,0.15,0.0,0.0,0.0,0.0,0.0,0.0,0.0,0,0,0
1756097680,7525,0.07,0.0,0.0,0.0,0.0,0.0,0.0,0.0,0,0,0
1756097680,7526,0.05,0.0,0.0,0.0,0.0,0.0,0.0,0.0,0,0,0
1756097680,7527,0.12,0.0,0.03,0.0,0.0,0.0,0.0,0.0,0,0,0
1756097680,7528,0.05,0.0,0.0,0.0,0.0,0.0,0.0,0.0,0,0,0
1756097680,7529,0.1,0.0,-0.1,0.0,0.0,0.0,0.0,0.0,0,0,0
1756097680,7530,0.15,0.0,-0.03,0.0,0.0,0.0,0.0,0.0,0,0,0
1756097681,7531,0.2,0.0,0.0,0.0,0.0,0.0,0.0,0.0,0,0,0
1756097681,7532,0.01,0.0,0.0,0.0,0.0,0.0,0.0,0.0,0,0,0
1756097681,7533,0.1,0.0,0.0,0.0,0.0,0.0,0.0,0.0,0,0,0
1756097681,7534,0.11,0.0,0.01,0.0,0.0,0.0,0.0,0.0,0,0,0
1756097681,7535,0.09,0.0,-0.01,0.0,0.0,0.0,0.0,0.0,0,0,0
1756097681,7536,0.07,0.0,0.0,0.0,0.0,0.0,0.0,0.0,0,0,0
1756097681,7537,0.1,0.0,-0.01,0.0,0.0,0.0,0.0,0.0,0,0,0
1756097681,7538,0.14,0.0,0.0,0.0,0.0,0.0,0.0,0.0,0,0,0
1756097681,7539,0.09,0.0,-0.02,0.0,0.0,0.0,0.0,0.0,0,0,0
1756097681,7540,0.1,0.0,0.0,0.0,0.0,0.0,0.0,0.0,0,0,0
1756097681,7541,0.1,0.0,0.0,0.0,0.0,0.0,0.0,0.0,0,0,0
1756097681,7542,0.09,0.0,-0.01,0.0,0.0,0.0,0.0,0.0,0,0,0
1756097681,7543,0.1,0.0,0.0,0.0,0.0,0.0,0.0,0.0,0,0,0
1756097681,7544,0.11,0.0,0.0,0.0,0.0,0.0,0.0,0.0,0,0,0
1756097681,7545,0.14,0.0,0.14,0.0,0.0,0.0,0.0,0.0,0,0,0
1756097681,7546,0.05,0.0,0.0,0.0,0.0,0.0,0.0,0.0,0,0,0
1756097681,7547,0.09,0.0,0.03,0.0,0.0,0.0,0.0,0.0,0,0,0
1756097681,7548,0.15,0.0,0.0,0.0,0.0,0.0,0.0,0.0,0,0,0
1756097681,7549,0.07,0.0,0.05,0.0,0.0,0.0,0.0,0.0,0,0,0
1756097681,7550,0.1,0.0,0.0,0.0,0.0,0.0,0.0,0.0,0,0,0
1756097681,7551,0.07,0.0,0.0,0.0,0.0,0.0,0.0,0.0,0,0,0
1756097681,7552,0.18,0.0,0.0,0.0,0.0,0.0,0.0,0.0,0,0,0
1756097681,7553,0.07,0.0,-0.01,0.0,0.0,0.0,0.0,0.0,0,0,0
1756097681,7554,0.05,0.0,0.0,0.0,0.0,0.0,0.0,0.0,0,0,0
1756097681,7555,0.03,0.0,0.0,0.0,0.0,0.0,0.0,0.0,0,0,0
1756097681,7556,0.14,0.0,0.01,0.0,0.0,0.0,0.0,0.0,0,0,0
1756097681,7557,0.09,0.0,0.0,0.0,0.0,0.0,0.0,0.0,0,0,0
1756097681,7558,0.1,0.0,-0.07,0.0,0.0,0.0,0.0,0.0,0,0,0
1756097681,7559,0.07,0.0,-0.01,0.0,0.0,0.0,0.0,0.0,0,0,0
1756097681,7560,0.17,0.0,0.0,0.0,0.0,0.0,0.0,0.0,0,0,0
1756097681,7561,0.11,0.0,0.0,0.0,0.0,0.0,0.0,0.0,0,0,0
1756097681,7562,0.03,0.0,0.0,0.0,0.0,0.0,0.0,0.0,0,0,0
1756097681,7563,0.05,0.0,0.0,0.0,0.0,0.0,0.0,0.0,0,0,0
1756097681,7564,0.14,0.0,0.0,0.0,0.0,0.0,0.0,0.0,0,0,0
1756097681,7565,0.07,0.0,0.0,0.0,0.0,0.0,0.0,0.0,0,0,0
1756097681,7566,0.14,0.0,0.0,0.0,0.0,0.0,0.0,0.0,0,0,0
1756097681,7567,0.09,0.0,0.0,0.0,0.0,0.0,0.0,0.0,0,0,0
1756097681,7568,0.15,0.0,0.0,0.0,0.0,0.0,0.0,0.0,0,0,0
1756097681,7569,0.14,0.0,0.0,0.0,0.0,0.0,0.0,0.0,0,0,0
1756097681,7570,0.11,0.0,-0.02,0.0,0.0,0.0,0.0,0.0,0,0,0
1756097681,7571,0.1,0.0,0.01,0.0,0.0,0.0,0.0,0.0,0,0,0
1756097681,7572,0.07,0.0,0.0,0.0,0.0,0.0,0.0,0.0,0,0,0
1756097681,7573,0.11,0.0,0.0,0.0,0.0,0.0,0.0,0.0,0,0,0
1756097681,7574,0.1,0.0,0.0,0.0,0.0,0.0,0.0,0.0,0,0,0
1756097681,7575,0.1,0.0,0.0,0.0,0.0,0.0,0.0,0.0,0,0,0
1756097681,7576,0.11,0.0,-0.01,0.0,0.0,0.0,0.0,0.0,0,0,0
1756097681,7577,0.1,0.0,0.0,0.0,0.0,0.0,0.0,0.0,0,0,0
1756097681,7578,0.07,0.0,0.0,0.0,0.0,0.0,0.0,0.0,0,0,0
1756097681,7579,0.15,0.0,0.01,0.0,0.0,0.0,0.0,0.0,0,0,0
1756097681,7580,0.09,0.0,0.01,0.0,0.0,0.0,0.0,0.0,0,0,0
1756097681,7581,0.15,0.0,0.0,0.0,0.0,0.0,0.0,0.0,0,0,0
1756097681,7582,0.14,0.0,-0.05,0.0,0.0,0.0,0.0,0.0,0,0,0
1756097681,7583,0.05,0.0,0.0,0.0,0.0,0.0,0.0,0.0,0,0,0
1756097681,7584,0.1,0.0,0.0,0.0,0.0,0.0,0.0,0.0,0,0,0
1756097681,7585,0.1,0.0,0.07,0.0,0.0,0.0,0.0,0.0,0,0,0
1756097681,7586,0.1,0.0,0.0,0.0,0.0,0.0,0.0,0.0,0,0,0
1756097681,7587,0.14,0.0,0.0,0.0,0.0,0.0,0.0,0.0,0,0,0
1756097681,7588,0.09,0.0,0.0,0.0,0.0,0.0,0.0,0.0,0,0,0
1756097681,7589,0.09,0.0,0.02,0.0,0.0,0.0,0.0,0.0,0,0,0
1756097681,7590,0.01,0.0,0.0,0.0,0.0,0.0,0.0,0.0,0,0,0
1756097681,7591,0.11,0.0,0.0,0.0,0.0,0.0,0.0,0.0,0,0,0
1756097681,7592,0.15,0.0,0.0,0.0,0.0,0.0,0.0,0.0,0,0,0
1756097681,7593,0.09,0.0,0.0,0.0,0.0,0.0,0.0,0.0,0,0,0
1756097681,7594,0.11,0.0,0.0,0.0,0.0,0.0,0.0,0.0,0,0,0
1756097681,7595,0.1,0.0,-0.02,0.0,0.0,0.0,0.0,0.0,0,0,0
1756097681,7596,0.09,0.0,-0.03,0.0,0.0,0.0,0.0,0.0,0,0,0
1756097681,7597,0.11,0.0,0.0,0.0,0.0,0.0,0.0,0.0,0,0,0
1756097681,7598,0.15,0.0,0.0,0.0,0.0,0.0,0.0,0.0,0,0,0
1756097681,7599,0.2,0.0,0.0,0.0,0.0,0.0,0.0,0.0,0,0,0
1756097682,7600,0.1,0.0,0.0,0.0,0.0,0.0,0.0,0.0,0,0,0
1756097682,7601,0.11,0.0,0.0,0.0,0.0,0.0,0.0,0.0,0,0,0
1756097682,7602,0.05,0.0,-0.01,0.0,0.0,0.0,0.0,0.0,0,0,0
1756097682,7603,0.1,0.0,0.01,0.0,0.0,0.0,0.0,0.0,0,0,0
1756097682,7604,0.1,0.0,-0.02,0.0,0.0,0.0,0.0,0.0,0,0,0
1756097682,7605,0.07,0.0,0.0,0.0,0.0,0.0,0.0,0.0,0,0,0
1756097682,7606,0.07,0.0,-0.01,0.0,0.0,0.0,0.0,0.0,0,0,0
1756097682,7607,0.09,0.0,-0.05,0.0,0.0,0.0,0.0,0.0,0,0,0
1756097682,7608,0.09,0.0,0.0,0.0,0.0,0.0,0.0,0.0,0,0,0
1756097682,7609,0.12,0.0,-0.01,0.0,0.0,0.0,0.0,0.0,0,0,0
1756097682,7610,0.1,0.0,0.0,0.0,0.0,0.0,0.0,0.0,0,0,0
1756097682,7611,0.12,0.0,-0.02,0.0,0.0,0.0,0.0,0.0,0,0,0
1756097682,7612,0.15,0.0,0.0,0.0,0.0,0.0,0.0,0.0,0,0,0
1756097682,7613,0.1,0.0,0.0,0.0,0.0,0.0,0.0,0.0,0,0,0
1756097682,7614,0.1,0.0,-0.03,0.0,0.0,0.0,0.0,0.0,0,0,0
1756097682,7615,0.1,0.0,0.0,0.0,0.0,0.0,0.0,0.0,0,0,0
1756097682,7616,0.11,0.0,-0.03,0.0,0.0,0.0,0.0,0.0,0,0,0
1756097682,7617,0.11,0.0,0.0,0.0,0.0,0.0,0.0,0.0,0,0,0
1756097682,7618,0.15,0.0,0.0,0.0,0.0,0.0,0.0,0.0,0,0,0
1756097682,7619,0.05,0.0,0.0,0.0,0.0,0.0,0.0,0.0,0,0,0
1756097682,7620,0.07,0.0,0.01,0.0,0.0,0.0,0.0,0.0,0,0,0
1756097682,7621,0.09,0.0,-0.02,0.0,0.0,0.0,0.0,0.0,0,0,0
1756097682,7622,0.15,0.0,0.0,0.0,0.0,0.0,0.0,0.0,0,0,0
1756097682,7623,0.15,0.0,0.0,0.0,0.0,0.0,0.0,0.0,0,0,0
1756097682,7624,0.11,0.0,0.0,0.0,0.0,0.0,0.0,0.0,0,0,0
1756097682,7625,0.09,0.0,-0.03,0.0,0.0,0.0,0.0,0.0,0,0,0
1756097682,7626,0.14,0.0,-0.01,0.0,0.0,0.0,0.0,0.0,0,0,0
1756097682,7627,0.09,0.0,0.0,0.0,0.0,0.0,0.0,0.0,0,0,0
1756097682,7628,0.14,0.0,0.0,0.0,0.0,0.0,0.0,0.0,0,0,0
1756097682,7629,0.11,0.0,-0.01,0.0,0.0,0.0,0.0,0.0,0,0,0
1756097682,7630,0.07,0.0,0.05,0.0,0.0,0.0,0.0,0.0,0,0,0
1756097682,7631,0.1,0.0,0.0,0.0,0.0,0.0,0.0,0.0,0,0,0
1756097682,7632,0.15,0.0,-0.01,0.0,0.0,0.0,0.0,0.0,0,0,0
1756097682,7633,0.07,0.0,0.0,0.0,0.0,0.0,0.0,0.0,0,0,0
1756097682,7634,0.03,0.0,0.0,0.0,0.0,0.0,0.0,0.0,0,0,0
1756097682,7635,0.15,0.0,0.0,0.0,0.0,0.0,0.0,0.0,0,0,0
1756097682,7636,0.07,0.0,0.0,0.0,0.0,0.0,0.0,0.0,0,0,0
1756097682,7637,0.12,0.0,-0.01,0.0,0.0,0.0,0.0,0.0,0,0,0
1756097682,7638,0.14,0.0,0.02,0.0,0.0,0.0,0.0,0.0,0,0,0
1756097682,7639,0.1,0.0,-0.01,0.0,0.0,0.0,0.0,0.0,0,0,0
1756097682,7640,0.09,0.0,0.0,0.0,0.0,0.0,0.0,0.0,0,0,0
1756097682,7641,0.09,0.0,0.0,0.0,0.0,0.0,0.0,0.0,0,0,0
1756097682,7642,0.15,0.0,0.0,0.0,0.0,0.0,0.0,0.0,0,0,0
1756097682,7643,0.11,0.0,0.0,0.0,0.0,0.0,0.0,0.0,0,0,0
1756097682,7644,0.07,0.0,0.0,0.0,0.0,0.0,0.0,0.0,0,0,0
1756097682,7645,0.14,0.0,-0.02,0.0,0.0,0.0,0.0,0.0,0,0,0
1756097682,7646,0.14,0.0,0.0,0.0,0.0,0.0,0.0,0.0,0,0,0
1756097682,7647,0.12,0.0,0.07,0.0,0.0,0.0,0.0,0.0,0,0,0
1756097682,7648,0.15,0.0,0.02,0.0,0.0,0.0,0.0,0.0,0,0,0
1756097682,7649,0.15,0.0,-0.02,0.0,0.0,0.0,0.0,0.0,0,0,0
1756097682,7650,0.1,0.0,0.0,0.0,0.0,0.0,0.0,0.0,0,0,0
1756097682,7651,0.11,0.0,-0.05,0.0,0.0,0.0,0.0,0.0,0,0,0
1756097682,7652,0.1,0.0,0.0,0.0,0.0,0.0,0.0,0.0,0,0,0
1756097682,7653,0.1,0.0,0.0,0.0,0.0,0.0,0.0,0.0,0,0,0
1756097682,7654,0.07,0.0,0.0,0.0,0.0,0.0,0.0,0.0,0,0,0
1756097682,7655,0.18,0.0,0.01,0.0,0.0,0.0,0.0,0.0,0,0,0
1756097682,7656,0.09,0.0,0.0,0.0,0.0,0.0,0.0,0.0,0,0,0
1756097682,7657,0.1,0.0,0.0,0.0,0.0,0.0,0.0,0.0,0,0,0
1756097682,7658,0.15,0.0,0.0,0.0,0.0,0.0,0.0,0.0,0,0,0
1756097682,7659,0.17,0.0,-0.03,0.0,0.0,0.0,0.0,0.0,0,0,0
1756097682,7660,0.07,0.0,0.01,0.0,0.0,0.0,0.0,0.0,0,0,0
1756097683,7661,0.12,0.0,0.0,0.0,0.0,0.0,0.0,0.0,0,0,0
1756097683,7662,0.07,0.0,-0.02,0.0,0.0,0.0,0.0,0.0,0,0,0
1756097683,7663,0.11,0.0,0.0,0.0,0.0,0.0,0.0,0.0,0,0,0
1756097683,7664,0.07,0.0,-0.03,0.0,0.0,0.0,0.0,0.0,0,0,0
1756097683,7665,0.14,0.0,0.01,0.0,0.0,0.0,0.0,0.0,0,0,0
1756097683,7666,0.2,0.0,-0.03,0.0,0.0,0.0,0.0,0.0,0,0,0
1756097683,7667,0.11,0.0,0.0,0.0,0.0,0.0,0.0,0.0,0,0,0
1756097683,7668,0.07,0.0,0.0,0.0,0.0,0.0,0.0,0.0,0,0,0
1756097683,7669,0.07,0.0,0.0,0.0,0.0,0.0,0.0,0.0,0,0,0
1756097683,7670,0.12,0.0,0.0,0.0,0.0,0.0,0.0,0.0,0,0,0
1756097683,7671,0.09,0.0,0.0,0.0,0.0,0.0,0.0,0.0,0,0,0
1756097683,7672,0.09,0.0,0.0,0.0,0.0,0.0,0.0,0.0,0,0,0
1756097683,7673,0.07,0.0,0.0,0.0,0.0,0.0,0.0,0.0,0,0,0
1756097683,7674,0.07,0.0,0.0,0.0,0.0,0.0,0.0,0.0,0,0,0
1756097683,7675,0.17,0.0,0.0,0.0,0.0,0.0,0.0,0.0,0,0,0
1756097683,7676,0.07,0.0,0.0,0.0,0.0,0.0,0.0,0.0,0,0,0
1756097683,7677,0.15,0.0,0.0,0.0,0.0,0.0,0.0,0.0,0,0,0
1756097683,7678,0.11,0.0,0.0,0.0,0.0,0.0,0.0,0.0,0,0,0
1756097683,7679,0.1,0.0,0.02,0.0,0.0,0.0,0.0,0.0,0,0,0
1756097683,7680,0.03,0.0,0.05,0.0,0.0,0.0,0.0,0.0,0,0,0
1756097683,7681,0.14,0.0,0.01,0.0,0.0,0.0,0.0,0.0,0,0,0
1756097683,7682,0.12,0.0,-0.07,0.0,0.0,0.0,0.0,0.0,0,0,0
1756097683,7683,0.15,0.0,0.0,0.0,0.0,0.0,0.0,0.0,0,0,0
1756097683,7684,0.12,0.0,-0.02,0.0,0.0,0.0,0.0,0.0,0,0,0
1756097683,7685,0.15,0.0,-0.03,0.0,0.0,0.0,0.0,0.0,0,0,0
1756097683,7686,0.11,0.0,0.01,0.0,0.0,0.0,0.0,0.0,0,0,0
1756097683,7687,0.09,0.0,0.01,0.0,0.0,0.0,0.0,0.0,0,0,0
1756097683,7688,0.11,0.0,0.0,0.0,0.0,0.0,0.0,0.0,0,0,0
1756097683,7689,0.14,0.0,0.0,0.0,0.0,0.0,0.0,0.0,0,0,0
1756097683,7690,0.14,0.0,0.0,0.0,0.0,0.0,0.0,0.0,0,0,0
1756097683,7691,0.14,0.0,0.0,0.0,0.0,0.0,0.0,0.0,0,0,0
1756097683,7692,0.14,0.0,0.01,0.0,0.0,0.0,0.0,0.0,0,0,0
1756097683,7693,0.14,0.0,-0.01,0.0,0.0,0.0,0.0,0.0,0,0,0
1756097683,7694,0.03,0.0,0.0,0.0,0.0,0.0,0.0,0.0,0,0,0
1756097683,7695,0.14,0.0,-0.01,0.0,0.0,0.0,0.0,0.0,0,0,0
1756097683,7696,0.15,0.0,0.0,0.0,0.0,0.0,0.0,0.0,0,0,0
1756097683,7697,0.15,0.0,0.01,0.0,0.0,0.0,0.0,0.0,0,0,0
1756097683,7698,0.17,0.0,0.01,0.0,0.0,0.0,0.0,0.0,0,0,0
1756097683,7699,0.05,0.0,-0.02,0.0,0.0,0.0,0.0,0.0,0,0,0
1756097683,7700,0.12,0.0,0.0,0.0,0.0,0.0,0.0,0.0,0,0,0
1756097683,7701,0.18,0.0,0.0,0.0,0.0,0.0,0.0,0.0,0,0,0
1756097683,7702,0.11,0.0,0.0,0.0,0.0,0.0,0.0,0.0,0,0,0
1756097683,7703,0.1,0.0,0.01,0.0,0.0,0.0,0.0,0.0,0,0,0
1756097683,7704,0.14,0.0,0.01,0.0,0.0,0.0,0.0,0.0,0,0,0
1756097683,7705,0.1,0.0,0.0,0.0,0.0,0.0,0.0,0.0,0,0,0
1756097683,7706,0.11,0.0,0.0,0.0,0.0,0.0,0.0,0.0,0,0,0
1756097683,7707,0.11,0.0,0.0,0.0,0.0,0.0,0.0,0.0,0,0,0
1756097683,7708,0.14,0.0,0.0,0.0,0.0,0.0,0.0,0.0,0,0,0
1756097683,7709,0.1,0.0,-0.01,0.0,0.0,0.0,0.0,0.0,0,0,0
1756097683,7710,0.1,0.0,0.0,0.0,0.0,0.0,0.0,0.0,0,0,0
1756097683,7711,0.1,0.0,-0.05,0.0,0.0,0.0,0.0,0.0,0,0,0
1756097683,7712,0.09,0.0,0.0,0.0,0.0,0.0,0.0,0.0,0,0,0
1756097683,7713,0.15,0.0,0.0,0.0,0.0,0.0,0.0,0.0,0,0,0
1756097683,7714,0.1,0.0,0.0,0.0,0.0,0.0,0.0,0.0,0,0,0
1756097683,7715,0.2,0.0,0.0,0.0,0.0,0.0,0.0,0.0,0,0,0
1756097683,7716,0.07,0.0,0.02,0.0,0.0,0.0,0.0,0.0,0,0,0
1756097683,7717,0.1,0.0,0.02,0.0,0.0,0.0,0.0,0.0,0,0,0
1756097683,7718,0.12,0.0,0.01,0.0,0.0,0.0,0.0,0.0,0,0,0
1756097683,7719,0.1,0.0,0.0,0.0,0.0,0.0,0.0,0.0,0,0,0
1756097683,7720,0.09,0.0,0.0,0.0,0.0,0.0,0.0,0.0,0,0,0
1756097683,7721,0.11,0.0,-0.02,0.0,0.0,0.0,0.0,0.0,0,0,0
1756097683,7722,0.07,0.0,0.02,0.0,0.0,0.0,0.0,0.0,0,0,0
1756097683,7723,0.1,0.0,0.01,0.0,0.0,0.0,0.0,0.0,0,0,0
1756097683,7724,0.11,0.0,0.0,0.0,0.0,0.0,0.0,0.0,0,0,0
1756097683,7725,0.12,0.0,0.0,0.0,0.0,0.0,0.0,0.0,0,0,0
1756097683,7726,0.11,0.0,0.0,0.0,0.0,0.0,0.0,0.0,0,0,0
1756097683,7727,0.09,0.0,0.0,0.0,0.0,0.0,0.0,0.0,0,0,0
1756097683,7728,0.14,0.0,-0.01,0.0,0.0,0.0,0.0,0.0,0,0,0
1756097683,7729,0.14,0.0,0.0,0.0,0.0,0.0,0.0,0.0,0,0,0
1756097683,7730,0.15,0.0,0.0,0.0,0.0,0.0,0.0,0.0,0,0,0
1756097683,7731,0.14,0.0,-0.02,0.0,0.0,0.0,0.0,0.0,0,0,0
1756097684,7732,0.15,0.0,0.0,0.0,0.0,0.0,0.0,0.0,0,0,0
1756097684,7733,0.07,0.0,0.0,0.0,0.0,0.0,0.0,0.0,0,0,0
1756097684,7734,0.07,0.0,0.01,0.0,0.0,0.0,0.0,0.0,0,0,0
1756097684,7735,0.15,0.0,-0.02,0.0,0.0,0.0,0.0,0.0,0,0,0
1756097684,7736,0.15,0.0,0.0,0.0,0.0,0.0,0.0,0.0,0,0,0
1756097684,7737,0.09,0.0,0.0,0.0,0.0,0.0,0.0,0.0,0,0,0
1756097684,7738,0.09,0.0,0.0,0.0,0.0,0.0,0.0,0.0,0,0,0
1756097684,7739,0.07,0.0,0.0,0.0,0.0,0.0,0.0,0.0,0,0,0
1756097684,7740,0.12,0.0,0.0,0.0,0.0,0.0,0.0,0.0,0,0,0
1756097684,7741,0.1,0.0,0.01,0.0,0.0,0.0,0.0,0.0,0,0,0
1756097684,7742,0.09,0.0,0.01,0.0,0.0,0.0,0.0,0.0,0,0,0
1756097684,7743,0.12,0.0,0.0,0.0,0.0,0.0,0.0,0.0,0,0,0
1756097684,7744,0.15,0.0,0.02,0.0,0.0,0.0,0.0,0.0,0,0,0
1756097684,7745,0.1,0.0,0.0,0.0,0.0,0.0,0.0,0.0,0,0,0
1756097684,7746,0.12,0.0,0.02,0.0,0.0,0.0,0.0,0.0,0,0,0
1756097684,7747,0.18,0.0,-0.01,0.0,0.0,0.0,0.0,0.0,0,0,0
1756097684,7748,0.07,0.0,0.0,0.0,0.0,0.0,0.0,0.0,0,0,0
1756097684,7749,0.09,0.0,0.0,0.0,0.0,0.0,0.0,0.0,0,0,0
1756097684,7750,0.1,0.0,0.0,0.0,0.0,0.0,0.0,0.0,0,0,0
1756097684,7751,0.14,0.0,0.0,0.0,0.0,0.0,0.0,0.0,0,0,0
1756097684,7752,0.11,0.0,-0.05,0.0,0.0,0.0,0.0,0.0,0,0,0
1756097684,7753,0.12,0.0,0.0,0.0,0.0,0.0,0.0,0.0,0,0,0
1756097684,7754,0.12,0.0,0.02,0.0,0.0,0.0,0.0,0.0,0,0,0
1756097684,7755,0.12,0.0,0.0,0.0,0.0,0.0,0.0,0.0,0,0,0
1756097684,7756,0.12,0.0,0.0,0.0,0.0,0.0,0.0,0.0,0,0,0
1756097684,7757,0.03,0.0,0.0,0.0,0.0,0.0,0.0,0.0,0,0,0
1756097684,7758,0.17,0.0,-0.01,0.0,0.0,0.0,0.0,0.0,0,0,0
1756097684,7759,0.15,0.0,0.0,0.0,0.0,0.0,0.0,0.0,0,0,0
1756097684,7760,0.05,0.0,0.05,0.0,0.0,0.0,0.0,0.0,0,0,0
1756097684,7761,0.1,0.0,0.0,0.0,0.0,0.0,0.0,0.0,0,0,0
1756097684,7762,0.81,0.0,-0.01,0.0,0.0,0.0,0.0,0.0,0,0,0
1756097684,7763,0.02,0.0,0.0,0.0,0.0,0.0,0.0,0.0,0,0,0
1756097684,7764,-0.03,0.0,-0.01,0.0,0.0,0.0,0.0,0.0,0,0,0
1756097684,7765,0.1,0.0,0.0,0.0,0.0,0.0,0.0,0.0,0,0,0
1756097684,7766,0.15,0.0,0.0,0.0,0.0,0.0,0.0,0.0,0,0,0
1756097684,7767,0.14,0.0,0.0,0.0,0.0,0.0,0.0,0.0,0,0,0
1756097684,7768,0.15,0.0,0.0,0.0,0.0,0.0,0.0,0.0,0,0,0
1756097684,7769,0.18,0.0,0.07,0.0,0.0,0.0,0.0,0.0,0,0,0
1756097684,7770,0.11,0.0,0.0,0.0,0.0,0.0,0.0,0.0,0,0,0
1756097684,7771,0.17,0.0,0.0,0.0,0.0,0.0,0.0,0.0,0,0,0
1756097684,7772,0.17,0.0,0.0,0.0,0.0,0.0,0.0,0.0,0,0,0
1756097684,7773,0.14,0.0,-0.01,0.0,0.0,0.0,0.0,0.0,0,0,0
1756097684,7774,0.14,0.0,0.0,0.0,0.0,0.0,0.0,0.0,0,0,0
1756097684,7775,0.15,0.0,0.0,0.0,0.0,0.0,0.0,0.0,0,0,0
1756097684,7776,0.12,0.0,-0.01,0.0,0.0,0.0,0.0,0.0,0,0,0
1756097684,7777,0.15,0.0,0.01,0.0,0.0,0.0,0.0,0.0,0,0,0
1756097684,7778,0.11,0.0,0.0,0.0,0.0,0.0,0.0,0.0,0,0,0
1756097684,7779,0.15,0.0,-0.01,0.0,0.0,0.0,0.0,0.0,0,0,0
1756097684,7780,0.11,0.0,0.03,0.0,0.0,0.0,0.0,0.0,0,0,0
1756097684,7781,0.15,0.0,0.0,0.0,0.0,0.0,0.0,0.0,0,0,0
1756097684,7782,0.15,0.0,0.0,0.0,0.0,0.0,0.0,0.0,0,0,0
1756097684,7783,0.2,0.0,0.0,0.0,0.0,0.0,0.0,0.0,0,0,0
1756097684,7784,0.11,0.0,0.0,0.0,0.0,0.0,0.0,0.0,0,0,0
1756097684,7785,0.15,0.0,-0.01,0.0,0.0,0.0,0.0,0.0,0,0,0
1756097684,7786,0.07,0.0,0.0,0.0,0.0,0.0,0.0,0.0,0,0,0
1756097684,7787,0.15,0.0,0.0,0.0,0.0,0.0,0.0,0.0,0,0,0
1756097684,7788,0.09,0.0,0.0,0.0,0.0,0.0,0.0,0.0,0,0,0
1756097684,7789,0.1,0.0,0.0,0.0,0.0,0.0,0.0,0.0,0,0,0
1756097684,7790,0.3,0.0,0.03,0.0,0.0,0.0,0.0,0.0,0,0,0
1756097684,7791,0.1,0.0,0.0,0.0,0.0,0.0,0.0,0.0,0,0,0
1756097684,7792,0.11,0.0,-0.03,0.0,0.0,0.0,0.0,0.0,0,0,0
1756097684,7793,0.05,0.0,0.0,0.0,0.0,0.0,0.0,0.0,0,0,0
1756097684,7794,0.1,0.0,0.0,0.0,0.0,0.0,0.0,0.0,0,0,0
1756097684,7795,0.15,0.0,0.02,0.0,0.0,0.0,0.0,0.0,0,0,0
1756097684,7796,0.11,0.0,0.05,0.0,0.0,0.0,0.0,0.0,0,0,0
1756097685,7797,0.11,0.0,0.0,0.0,0.0,0.0,0.0,0.0,0,0,0
1756097685,7798,0.17,0.0,-0.03,0.0,0.0,0.0,0.0,0.0,0,0,0
1756097685,7799,0.1,0.0,0.0,0.0,0.0,0.0,0.0,0.0,0,0,0
1756097685,7800,0.1,0.0,0.0,0.0,0.0,0.0,0.0,0.0,0,0,0
1756097685,7801,0.15,0.0,0.0,0.0,0.0,0.0,0.0,0.0,0,0,0
1756097685,7802,0.25,0.0,0.01,0.0,0.0,0.0,0.0,0.0,0,0,0
1756097685,7803,0.07,0.0,0.01,0.0,0.0,0.0,0.0,0.0,0,0,0
1756097685,7804,0.1,0.0,0.0,0.0,0.0,0.0,0.0,0.0,0,0,0
1756097685,7805,0.05,0.0,0.0,0.0,0.0,0.0,0.0,0.0,0,0,0
1756097685,7806,0.18,0.0,0.02,0.0,0.0,0.0,0.0,0.0,0,0,0
1756097685,7807,0.14,0.0,0.0,0.0,0.0,0.0,0.0,0.0,0,0,0
1756097685,7808,0.1,0.0,0.0,0.0,0.0,0.0,0.0,0.0,0,0,0
1756097685,7809,0.14,0.0,0.0,0.0,0.0,0.0,0.0,0.0,0,0,0
1756097685,7810,0.18,0.0,0.0,0.0,0.0,0.0,0.0,0.0,0,0,0
1756097685,7811,0.14,0.0,0.03,0.0,0.0,0.0,0.0,0.0,0,0,0
1756097685,7812,0.15,0.0,0.0,0.0,0.0,0.0,0.0,0.0,0,0,0
1756097685,7813,0.15,0.0,0.0,0.0,0.0,0.0,0.0,0.0,0,0,0
1756097685,7814,0.07,0.0,0.01,0.0,0.0,0.0,0.0,0.0,0,0,0
1756097685,7815,0.15,0.0,-0.02,0.0,0.0,0.0,0.0,0.0,0,0,0
1756097685,7816,0.18,0.0,0.0,0.0,0.0,0.0,0.0,0.0,0,0,0
1756097685,7817,0.15,0.0,0.02,0.0,0.0,0.0,0.0,0.0,0,0,0
1756097685,7818,0.11,0.0,0.0,0.0,0.0,0.0,0.0,0.0,0,0,0
1756097685,7819,0.15,0.0,0.01,0.0,0.0,0.0,0.0,0.0,0,0,0
1756097685,7820,0.15,0.0,0.02,0.0,0.0,0.0,0.0,0.0,0,0,0
1756097685,7821,0.17,0.0,-0.05,0.0,0.0,0.0,0.0,0.0,0,0,0
1756097685,7822,0.15,0.0,0.0,0.0,0.0,0.0,0.0,0.0,0,0,0
1756097685,7823,0.15,0.0,0.0,0.0,0.0,0.0,0.0,0.0,0,0,0
1756097685,7824,0.18,0.0,0.0,0.0,0.0,0.0,0.0,0.0,0,0,0
1756097685,7825,0.15,0.0,0.0,0.0,0.0,0.0,0.0,0.0,0,0,0
1756097685,7826,0.12,0.0,-0.03,0.0,0.0,0.0,0.0,0.0,0,0,0
1756097685,7827,0.14,0.0,-0.01,0.0,0.0,0.0,0.0,0.0,0,0,0
1756097685,7828,0.14,0.0,0.0,0.0,0.0,0.0,0.0,0.0,0,0,0
1756097685,7829,0.17,0.0,0.0,0.0,0.0,0.0,0.0,0.0,0,0,0
1756097685,7830,0.15,0.0,0.0,0.0,0.0,0.0,0.0,0.0,0,0,0
1756097685,7831,0.15,0.0,0.01,0.0,0.0,0.0,0.0,0.0,0,0,0
1756097685,7832,0.14,0.0,0.0,0.0,0.0,0.0,0.0,0.0,0,0,0
1756097685,7833,0.15,0.0,0.01,0.0,0.0,0.0,0.0,0.0,0,0,0
1756097685,7834,0.18,0.0,-0.02,0.0,0.0,0.0,0.0,0.0,0,0,0
1756097685,7835,0.12,0.0,0.1,0.0,0.0,0.0,0.0,0.0,0,0,0
1756097685,7836,0.23,0.0,0.0,0.0,0.0,0.0,0.0,0.0,0,0,0
1756097685,7837,0.14,0.0,0.01,0.0,0.0,0.0,0.0,0.0,0,0,0
1756097685,7838,0.14,0.0,0.0,0.0,0.0,0.0,0.0,0.0,0,0,0
1756097685,7839,0.15,0.0,0.0,0.0,0.0,0.0,0.0,0.0,0,0,0
1756097685,7840,0.18,0.0,0.0,0.0,0.0,0.0,0.0,0.0,0,0,0
1756097685,7841,0.11,0.0,0.0,0.0,0.0,0.0,0.0,0.0,0,0,0
1756097685,7842,0.15,0.0,0.0,0.0,0.0,0.0,0.0,0.0,0,0,0
1756097685,7843,0.14,0.0,-0.03,0.0,0.0,0.0,0.0,0.0,0,0,0
1756097685,7844,0.12,0.0,0.0,0.0,0.0,0.0,0.0,0.0,0,0,0
1756097685,7845,0.09,0.0,-0.01,0.0,0.0,0.0,0.0,0.0,0,0,0
1756097685,7846,0.18,0.0,0.0,0.0,0.0,0.0,0.0,0.0,0,0,0
1756097685,7847,0.15,0.0,0.0,0.0,0.0,0.0,0.0,0.0,0,0,0
1756097685,7848,0.18,0.0,0.0,0.0,0.0,0.0,0.0,0.0,0,0,0
1756097685,7849,0.07,0.0,0.0,0.0,0.0,0.0,0.0,0.0,0,0,0
1756097685,7850,0.18,0.0,0.0,0.0,0.0,0.0,0.0,0.0,0,0,0
1756097685,7851,0.12,0.0,0.0,0.0,0.0,0.0,0.0,0.0,0,0,0
1756097685,7852,0.12,0.0,-0.05,0.0,0.0,0.0,0.0,0.0,0,0,0
1756097685,7853,0.18,0.0,0.0,0.0,0.0,0.0,0.0,0.0,0,0,0
1756097685,7854,0.18,0.0,0.07,0.0,0.0,0.0,0.0,0.0,0,0,0
1756097685,7855,0.14,0.0,0.0,0.0,0.0,0.0,0.0,0.0,0,0,0
1756097685,7856,0.14,0.0,0.0,0.0,0.0,0.0,0.0,0.0,0,0,0
1756097685,7857,0.11,0.0,0.0,0.0,0.0,0.0,0.0,0.0,0,0,0
1756097685,7858,0.14,0.0,0.02,0.0,0.0,0.0,0.0,0.0,0,0,0
1756097685,7859,0.15,0.0,0.0,0.0,0.0,0.0,0.0,0.0,0,0,0
1756097685,7860,0.11,0.0,0.0,0.0,0.0,0.0,0.0,0.0,0,0,0
1756097685,7861,0.15,0.0,0.02,0.0,0.0,0.0,0.0,0.0,0,0,0
1756097685,7862,0.14,0.0,0.0,0.0,0.0,0.0,0.0,0.0,0,0,0
1756097686,7863,0.17,0.0,0.0,0.0,0.0,0.0,0.0,0.0,0,0,0
1756097686,7864,0.15,0.0,0.0,0.0,0.0,0.0,0.0,0.0,0,0,0
1756097686,7865,0.09,0.0,-0.05,0.0,0.0,0.0,0.0,0.0,0,0,0
1756097686,7866,0.25,0.0,-0.01,0.0,0.0,0.0,0.0,0.0,0,0,0
1756097686,7867,0.09,0.0,0.03,0.0,0.0,0.0,0.0,0.0,0,0,0
1756097686,7868,0.11,0.0,-0.01,0.0,0.0,0.0,0.0,0.0,0,0,0
1756097686,7869,0.15,0.0,-0.01,0.0,0.0,0.0,0.0,0.0,0,0,0
1756097686,7870,0.2,0.0,0.0,0.0,0.0,0.0,0.0,0.0,0,0,0
1756097686,7871,0.09,0.0,0.01,0.0,0.0,0.0,0.0,0.0,0,0,0
1756097686,7872,0.15,0.0,0.0,0.0,0.0,0.0,0.0,0.0,0,0,0
1756097686,7873,0.15,0.0,0.0,0.0,0.0,0.0,0.0,0.0,0,0,0
1756097686,7874,0.15,0.0,-0.05,0.0,0.0,0.0,0.0,0.0,0,0,0
1756097686,7875,0.12,0.0,-0.02,0.0,0.0,0.0,0.0,0.0,0,0,0
1756097686,7876,0.1,0.0,0.0,0.0,0.0,0.0,0.0,0.0,0,0,0
1756097686,7877,0.14,0.0,0.03,0.0,0.0,0.0,0.0,0.0,0,0,0
1756097686,7878,0.15,0.0,0.0,0.0,0.0,0.0,0.0,0.0,0,0,0
1756097686,7879,0.14,0.0,0.0,0.0,0.0,0.0,0.0,0.0,0,0,0
1756097686,7880,0.18,0.0,-0.07,0.0,0.0,0.0,0.0,0.0,0,0,0
1756097686,7881,0.15,0.0,0.0,0.0,0.0,0.0,0.0,0.0,0,0,0
1756097686,7882,0.1,0.0,0.05,0.0,0.0,0.0,0.0,0.0,0,0,0
1756097686,7883,0.02,0.0,-0.05,0.0,0.0,0.0,0.0,0.0,0,0,0
1756097686,7884,0.17,0.0,-0.02,0.0,0.0,0.0,0.0,0.0,0,0,0
1756097686,7885,0.18,0.0,0.0,0.0,0.0,0.0,0.0,0.0,0,0,0
1756097686,7886,0.1,0.0,0.0,0.0,0.0,0.0,0.0,0.0,0,0,0
1756097686,7887,0.14,0.0,0.03,0.0,0.0,0.0,0.0,0.0,0,0,0
1756097686,7888,0.1,0.0,0.0,0.0,0.0,0.0,0.0,0.0,0,0,0
1756097686,7889,0.17,0.0,0.0,0.0,0.0,0.0,0.0,0.0,0,0,0
1756097686,7890,0.15,0.0,-0.03,0.0,0.0,0.0,0.0,0.0,0,0,0
1756097686,7891,0.15,0.0,-0.05,0.0,0.0,0.0,0.0,0.0,0,0,0
1756097686,7892,0.15,0.0,0.0,0.0,0.0,0.0,0.0,0.0,0,0,0
1756097686,7893,0.18,0.0,0.0,0.0,0.0,0.0,0.0,0.0,0,0,0
1756097686,7894,0.02,0.0,0.0,0.0,0.0,0.0,0.0,0.0,0,0,0
1756097686,7895,0.18,0.0,-0.01,0.0,0.0,0.0,0.0,0.0,0,0,0
1756097686,7896,0.18,0.0,-0.03,0.0,0.0,0.0,0.0,0.0,0,0,0
1756097686,7897,0.11,0.0,0.0,0.0,0.0,0.0,0.0,0.0,0,0,0
1756097686,7898,0.15,0.0,0.0,0.0,0.0,0.0,0.0,0.0,0,0,0
1756097686,7899,0.15,0.0,0.0,0.0,0.0,0.0,0.0,0.0,0,0,0
1756097686,7900,0.15,0.0,0.0,0.0,0.0,0.0,0.0,0.0,0,0,0
1756097686,7901,0.15,0.0,0.0,0.0,0.0,0.0,0.0,0.0,0,0,0
1756097686,7902,0.15,0.0,-0.02,0.0,0.0,0.0,0.0,0.0,0,0,0
1756097686,7903,0.14,0.0,0.0,0.0,0.0,0.0,0.0,0.0,0,0,0
1756097686,7904,0.18,0.0,0.0,0.0,0.0,0.0,0.0,0.0,0,0,0
1756097686,7905,0.11,0.0,0.02,0.0,0.0,0.0,0.0,0.0,0,0,0
1756097686,7906,0.17,0.0,-0.01,0.0,0.0,0.0,0.0,0.0,0,0,0
1756097686,7907,0.15,0.0,-0.02,0.0,0.0,0.0,0.0,0.0,0,0,0
1756097686,7908,0.12,0.0,0.0,0.0,0.0,0.0,0.0,0.0,0,0,0
1756097686,7909,0.11,0.0,0.0,0.0,0.0,0.0,0.0,0.0,0,0,0
1756097686,7910,0.07,0.0,0.0,0.0,0.0,0.0,0.0,0.0,0,0,0
1756097686,7911,0.14,0.0,0.0,0.0,0.0,0.0,0.0,0.0,0,0,0
1756097686,7912,0.15,0.0,-0.05,0.0,0.0,0.0,0.0,0.0,0,0,0
1756097686,7913,0.17,0.0,-0.07,0.0,0.0,0.0,0.0,0.0,0,0,0
1756097686,7914,0.11,0.0,0.0,0.0,0.0,0.0,0.0,0.0,0,0,0
1756097686,7915,0.07,0.0,0.0,0.0,0.0,0.0,0.0,0.0,0,0,0
1756097686,7916,0.11,0.0,0.05,0.0,0.0,0.0,0.0,0.0,0,0,0
1756097686,7917,0.17,0.0,0.0,0.0,0.0,0.0,0.0,0.0,0,0,0
1756097686,7918,0.14,0.0,-0.01,0.0,0.0,0.0,0.0,0.0,0,0,0
1756097686,7919,0.15,0.0,0.01,0.0,0.0,0.0,0.0,0.0,0,0,0
1756097686,7920,0.14,0.0,-0.03,0.0,0.0,0.0,0.0,0.0,0,0,0
1756097686,7921,0.2,0.0,-0.01,0.0,0.0,0.0,0.0,0.0,0,0,0
1756097686,7922,0.14,0.0,0.0,0.0,0.0,0.0,0.0,0.0,0,0,0
1756097686,7923,0.14,0.0,-0.05,0.0,0.0,0.0,0.0,0.0,0,0,0
1756097686,7924,0.17,0.0,0.0,0.0,0.0,0.0,0.0,0.0,0,0,0
1756097686,7925,0.05,0.0,0.0,0.0,0.0,0.0,0.0,0.0,0,0,0
1756097686,7926,0.17,0.0,0.0,0.0,0.0,0.0,0.0,0.0,0,0,0
1756097686,7927,0.15,0.0,0.0,0.0,0.0,0.0,0.0,0.0,0,0,0
1756097686,7928,0.17,0.0,0.0,0.0,0.0,0.0,0.0,0.0,0,0,0
1756097687,7929,0.1,0.0,0.0,0.0,0.0,0.0,0.0,0.0,0,0,0
1756097687,7930,0.15,0.0,0.1,0.0,0.0,0.0,0.0,0.0,0,0,0
1756097687,7931,0.12,0.0,-0.01,0.0,0.0,0.0,0.0,0.0,0,0,0
1756097687,7932,0.18,0.0,-0.02,0.0,0.0,0.0,0.0,0.0,0,0,0
1756097687,7933,0.12,0.0,0.0,0.0,0.0,0.0,0.0,0.0,0,0,0
1756097687,7934,0.11,0.0,0.0,0.0,0.0,0.0,0.0,0.0,0,0,0
1756097687,7935,0.18,0.0,0.02,0.0,0.0,0.0,0.0,0.0,0,0,0
1756097687,7936,0.15,0.0,0.0,0.0,0.0,0.0,0.0,0.0,0,0,0
1756097687,7937,0.1,0.0,0.0,0.0,0.0,0.0,0.0,0.0,0,0,0
1756097687,7938,0.14,0.0,-0.01,0.0,0.0,0.0,0.0,0.0,0,0,0
1756097687,7939,0.17,0.0,-0.02,0.0,0.0,0.0,0.0,0.0,0,0,0
1756097687,7940,0.15,0.0,-0.01,0.0,0.0,0.0,0.0,0.0,0,0,0
1756097687,7941,0.15,0.0,0.0,0.0,0.0,0.0,0.0,0.0,0,0,0
1756097687,7942,0.12,0.0,0.0,0.0,0.0,0.0,0.0,0.0,0,0,0
1756097687,7943,0.17,0.0,-0.01,0.0,0.0,0.0,0.0,0.0,0,0,0
1756097687,7944,0.1,0.0,0.0,0.0,0.0,0.0,0.0,0.0,0,0,0
1756097687,7945,0.1,0.0,-0.01,0.0,0.0,0.0,0.0,0.0,0,0,0
1756097687,7946,0.12,0.0,-0.01,0.0,0.0,0.0,0.0,0.0,0,0,0
1756097687,7947,0.07,0.0,0.0,0.0,0.0,0.0,0.0,0.0,0,0,0
1756097687,7948,0.18,0.0,0.0,0.0,0.0,0.0,0.0,0.0,0,0,0
1756097687,7949,0.18,0.0,-0.01,0.0,0.0,0.0,0.0,0.0,0,0,0
1756097687,7950,0.18,0.0,0.0,0.0,0.0,0.0,0.0,0.0,0,0,0
1756097687,7951,0.14,0.0,0.0,0.0,0.0,0.0,0.0,0.0,0,0,0
1756097687,7952,0.01,0.0,-0.05,0.0,0.0,0.0,0.0,0.0,0,0,0
1756097687,7953,0.21,0.0,0.0,0.0,0.0,0.0,0.0,0.0,0,0,0
1756097687,7954,0.2,0.0,0.0,0.0,0.0,0.0,0.0,0.0,0,0,0
1756097687,7955,0.09,0.0,-0.02,0.0,0.0,0.0,0.0,0.0,0,0,0
1756097687,7956,0.12,0.0,0.01,0.0,0.0,0.0,0.0,0.0,0,0,0
1756097687,7957,0.09,0.0,0.0,0.0,0.0,0.0,0.0,0.0,0,0,0
1756097687,7958,0.14,0.0,0.0,0.0,0.0,0.0,0.0,0.0,0,0,0
1756097687,7959,0.1,0.0,-0.02,0.0,0.0,0.0,0.0,0.0,0,0,0
1756097687,7960,0.21,0.0,0.0,0.0,0.0,0.0,0.0,0.0,0,0,0
1756097687,7961,0.07,0.0,0.01,0.0,0.0,0.0,0.0,0.0,0,0,0
1756097687,7962,0.1,0.0,0.0,0.0,0.0,0.0,0.0,0.0,0,0,0
1756097687,7963,0.15,0.0,0.05,0.0,0.0,0.0,0.0,0.0,0,0,0
1756097687,7964,0.1,0.0,0.0,0.0,0.0,0.0,0.0,0.0,0,0,0
1756097687,7965,0.15,0.0,-0.03,0.0,0.0,0.0,0.0,0.0,0,0,0
1756097687,7966,0.07,0.0,0.0,0.0,0.0,0.0,0.0,0.0,0,0,0
1756097687,7967,0.09,0.0,0.0,0.0,0.0,0.0,0.0,0.0,0,0,0
1756097687,7968,0.05,0.0,0.01,0.0,0.0,0.0,0.0,0.0,0,0,0
1756097687,7969,0.18,0.0,0.0,0.0,0.0,0.0,0.0,0.0,0,0,0
1756097687,7970,0.2,0.0,0.0,0.0,0.0,0.0,0.0,0.0,0,0,0
1756097687,7971,0.18,0.0,-0.01,0.0,0.0,0.0,0.0,0.0,0,0,0
1756097687,7972,0.15,0.0,0.02,0.0,0.0,0.0,0.0,0.0,0,0,0
1756097687,7973,0.14,0.0,-0.01,0.0,0.0,0.0,0.0,0.0,0,0,0
1756097687,7974,0.18,0.0,-0.01,0.0,0.0,0.0,0.0,0.0,0,0,0
1756097687,7975,0.11,0.0,0.0,0.0,0.0,0.0,0.0,0.0,0,0,0
1756097687,7976,0.15,0.0,0.0,0.0,0.0,0.0,0.0,0.0,0,0,0
1756097687,7977,0.17,0.0,-0.05,0.0,0.0,0.0,0.0,0.0,0,0,0
1756097687,7978,0.15,0.0,-0.07,0.0,0.0,0.0,0.0,0.0,0,0,0
1756097687,7979,0.15,0.0,-0.07,0.0,0.0,0.0,0.0,0.0,0,0,0
1756097687,7980,0.15,0.0,-0.03,0.0,0.0,0.0,0.0,0.0,0,0,0
1756097687,7981,0.11,0.0,0.0,0.0,0.0,0.0,0.0,0.0,0,0,0
1756097687,7982,0.1,0.0,-0.02,0.0,0.0,0.0,0.0,0.0,0,0,0
1756097687,7983,0.14,0.0,-0.03,0.0,0.0,0.0,0.0,0.0,0,0,0
1756097687,7984,0.1,0.0,0.0,0.0,0.0,0.0,0.0,0.0,0,0,0
1756097687,7985,0.14,0.0,0.0,0.0,0.0,0.0,0.0,0.0,0,0,0
1756097687,7986,0.11,0.0,0.0,0.0,0.0,0.0,0.0,0.0,0,0,0
1756097687,7987,0.14,0.0,-0.02,0.0,0.0,0.0,0.0,0.0,0,0,0
1756097687,7988,0.15,0.0,0.0,0.0,0.0,0.0,0.0,0.0,0,0,0
1756097687,7989,0.1,0.0,0.0,0.0,0.0,0.0,0.0,0.0,0,0,0
1756097687,7990,0.15,0.0,0.0,0.0,0.0,0.0,0.0,0.0,0,0,0
1756097687,7991,0.14,0.0,0.0,0.0,0.0,0.0,0.0,0.0,0,0,0
1756097687,7992,0.17,0.0,-0.01,0.0,0.0,0.0,0.0,0.0,0,0,0
1756097687,7993,0.14,0.0,0.0,0.0,0.0,0.0,0.0,0.0,0,0,0
1756097687,7994,0.12,0.0,0.0,0.0,0.0,0.0,0.0,0.0,0,0,0
1756097688,7995,0.15,0.0,-0.02,0.0,0.0,0.0,0.0,0.0,0,0,0
1756097688,7996,0.14,0.0,0.0,0.0,0.0,0.0,0.0,0.0,0,0,0
1756097688,7997,0.11,0.0,0.0,0.0,0.0,0.0,0.0,0.0,0,0,0
1756097688,7998,0.14,0.0,0.01,0.0,0.0,0.0,0.0,0.0,0,0,0
1756097688,7999,0.1,0.0,0.0,0.0,0.0,0.0,0.0,0.0,0,0,0
1756097688,8000,0.1,0.0,0.0,0.0,0.0,0.0,0.0,0.0,0,0,0
1756097688,8001,0.14,0.0,0.0,0.0,0.0,0.0,0.0,0.0,0,0,0
1756097688,8002,0.12,0.0,0.0,0.0,0.0,0.0,0.0,0.0,0,0,0
1756097688,8003,0.11,0.0,-0.03,0.0,0.0,0.0,0.0,0.0,0,0,0
1756097688,8004,0.1,0.0,0.02,0.0,0.0,0.0,0.0,0.0,0,0,0
1756097688,8005,0.11,0.0,-0.01,0.0,0.0,0.0,0.0,0.0,0,0,0
1756097688,8006,0.14,0.0,0.0,0.0,0.0,0.0,0.0,0.0,0,0,0
1756097688,8007,0.15,0.0,0.0,0.0,0.0,0.0,0.0,0.0,0,0,0
1756097688,8008,0.15,0.0,-0.01,0.0,0.0,0.0,0.0,0.0,0,0,0
1756097688,8009,0.15,0.0,-0.05,0.0,0.0,0.0,0.0,0.0,0,0,0
1756097688,8010,0.11,0.0,-0.02,0.0,0.0,0.0,0.0,0.0,0,0,0
1756097688,8011,0.1,0.0,0.0,0.0,0.0,0.0,0.0,0.0,0,0,0
1756097688,8012,0.11,0.0,0.09,0.0,0.0,0.0,0.0,0.0,0,0,0
1756097688,8013,0.1,0.0,0.0,0.0,0.0,0.0,0.0,0.0,0,0,0
1756097688,8014,0.18,0.0,0.0,0.0,0.0,0.0,0.0,0.0,0,0,0
1756097688,8015,0.1,0.0,-0.03,0.0,0.0,0.0,0.0,0.0,0,0,0
1756097688,8016,0.12,0.0,-0.03,0.0,0.0,0.0,0.0,0.0,0,0,0
1756097688,8017,0.18,0.0,0.0,0.0,0.0,0.0,0.0,0.0,0,0,0
1756097688,8018,0.11,0.0,0.0,0.0,0.0,0.0,0.0,0.0,0,0,0
1756097688,8019,0.09,0.0,0.0,0.0,0.0,0.0,0.0,0.0,0,0,0
1756097688,8020,0.11,0.0,0.0,0.0,0.0,0.0,0.0,0.0,0,0,0
1756097688,8021,0.15,0.0,0.0,0.0,0.0,0.0,0.0,0.0,0,0,0
1756097688,8022,0.15,0.0,0.0,0.0,0.0,0.0,0.0,0.0,0,0,0
1756097688,8023,0.1,0.0,0.0,0.0,0.0,0.0,0.0,0.0,0,0,0
1756097688,8024,0.15,0.0,-0.03,0.0,0.0,0.0,0.0,0.0,0,0,0
1756097688,8025,0.14,0.0,0.0,0.0,0.0,0.0,0.0,0.0,0,0,0
1756097688,8026,0.1,0.0,0.0,0.0,0.0,0.0,0.0,0.0,0,0,0
1756097688,8027,0.1,0.0,-0.02,0.0,0.0,0.0,0.0,0.0,0,0,0
1756097688,8028,0.15,0.0,0.0,0.0,0.0,0.0,0.0,0.0,0,0,0
1756097688,8029,0.1,0.0,0.01,0.0,0.0,0.0,0.0,0.0,0,0,0
1756097688,8030,0.1,0.0,0.0,0.0,0.0,0.0,0.0,0.0,0,0,0
1756097688,8031,0.12,0.0,-0.01,0.0,0.0,0.0,0.0,0.0,0,0,0
1756097688,8032,0.1,0.0,-0.02,0.0,0.0,0.0,0.0,0.0,0,0,0
1756097688,8033,0.23,0.0,0.02,0.0,0.0,0.0,0.0,0.0,0,0,0
1756097688,8034,0.09,0.0,0.01,0.0,0.0,0.0,0.0,0.0,0,0,0
1756097688,8035,0.09,0.0,0.03,0.0,0.0,0.0,0.0,0.0,0,0,0
1756097688,8036,0.07,0.0,-0.02,0.0,0.0,0.0,0.0,0.0,0,0,0
1756097688,8037,0.09,0.0,0.0,0.0,0.0,0.0,0.0,0.0,0,0,0
1756097688,8038,0.05,0.0,0.05,0.0,0.0,0.0,0.0,0.0,0,0,0
1756097688,8039,0.12,0.0,0.0,0.0,0.0,0.0,0.0,0.0,0,0,0
1756097688,8040,0.12,0.0,0.0,0.0,0.0,0.0,0.0,0.0,0,0,0
1756097688,8041,0.11,0.0,0.0,0.0,0.0,0.0,0.0,0.0,0,0,0
1756097688,8042,0.1,0.0,0.0,0.0,0.0,0.0,0.0,0.0,0,0,0
1756097688,8043,0.12,0.0,0.0,0.0,0.0,0.0,0.0,0.0,0,0,0
1756097688,8044,0.15,0.0,0.0,0.0,0.0,0.0,0.0,0.0,0,0,0
1756097688,8045,0.17,0.0,-0.05,0.0,0.0,0.0,0.0,0.0,0,0,0
1756097688,8046,0.12,0.0,0.0,0.0,0.0,0.0,0.0,0.0,0,0,0
1756097688,8047,0.1,0.0,0.0,0.0,0.0,0.0,0.0,0.0,0,0,0
1756097688,8048,0.09,0.0,-0.05,0.0,0.0,0.0,0.0,0.0,0,0,0
1756097688,8049,0.18,0.0,0.0,0.0,0.0,0.0,0.0,0.0,0,0,0
1756097688,8050,0.07,0.0,0.0,0.0,0.0,0.0,0.0,0.0,0,0,0
1756097688,8051,0.14,0.0,0.0,0.0,0.0,0.0,0.0,0.0,0,0,0
1756097688,8052,0.15,0.0,-0.01,0.0,0.0,0.0,0.0,0.0,0,0,0
1756097688,8053,0.14,0.0,0.01,0.0,0.0,0.0,0.0,0.0,0,0,0
1756097688,8054,0.09,0.0,0.0,0.0,0.0,0.0,0.0,0.0,0,0,0
1756097688,8055,0.15,0.0,-0.01,0.0,0.0,0.0,0.0,0.0,0,0,0
1756097688,8056,0.09,0.0,0.0,0.0,0.0,0.0,0.0,0.0,0,0,0
1756097688,8057,0.15,0.0,-0.01,0.0,0.0,0.0,0.0,0.0,0,0,0
1756097688,8058,0.11,0.0,0.01,0.0,0.0,0.0,0.0,0.0,0,0,0
1756097688,8059,0.14,0.0,0.0,0.0,0.0,0.0,0.0,0.0,0,0,0
1756097688,8060,0.15,0.0,0.0,0.0,0.0,0.0,0.0,0.0,0,0,0
1756097689,8061,0.15,0.0,0.0,0.0,0.0,0.0,0.0,0.0,0,0,0
1756097689,8062,0.15,0.0,0.0,0.0,0.0,0.0,0.0,0.0,0,0,0
1756097689,8063,0.1,0.0,0.0,0.0,0.0,0.0,0.0,0.0,0,0,0
1756097689,8064,0.17,0.0,0.0,0.0,0.0,0.0,0.0,0.0,0,0,0
1756097689,8065,0.14,0.0,0.0,0.0,0.0,0.0,0.0,0.0,0,0,0
1756097689,8066,0.05,0.0,0.0,0.0,0.0,0.0,0.0,0.0,0,0,0
1756097689,8067,0.14,0.0,0.0,0.0,0.0,0.0,0.0,0.0,0,0,0
1756097689,8068,0.15,0.0,0.0,0.0,0.0,0.0,0.0,0.0,0,0,0
1756097689,8069,0.1,0.0,-0.02,0.0,0.0,0.0,0.0,0.0,0,0,0
1756097689,8070,0.09,0.0,0.02,0.0,0.0,0.0,0.0,0.0,0,0,0
1756097689,8071,0.1,0.0,0.0,0.0,0.0,0.0,0.0,0.0,0,0,0
1756097689,8072,0.12,0.0,0.0,0.0,0.0,0.0,0.0,0.0,0,0,0
1756097689,8073,0.15,0.0,-0.01,0.0,0.0,0.0,0.0,0.0,0,0,0
1756097689,8074,0.15,0.0,-0.02,0.0,0.0,0.0,0.0,0.0,0,0,0
1756097689,8075,0.15,0.0,0.0,0.0,0.0,0.0,0.0,0.0,0,0,0
1756097689,8076,0.15,0.0,0.0,0.0,0.0,0.0,0.0,0.0,0,0,0
1756097689,8077,0.1,0.0,0.0,0.0,0.0,0.0,0.0,0.0,0,0,0
1756097689,8078,0.15,0.0,-0.02,0.0,0.0,0.0,0.0,0.0,0,0,0
1756097689,8079,0.2,0.0,0.0,0.0,0.0,0.0,0.0,0.0,0,0,0
1756097689,8080,0.18,0.0,0.0,0.0,0.0,0.0,0.0,0.0,0,0,0
1756097689,8081,0.17,0.0,0.0,0.0,0.0,0.0,0.0,0.0,0,0,0
1756097689,8082,0.11,0.0,0.01,0.0,0.0,0.0,0.0,0.0,0,0,0
1756097689,8083,0.11,0.0,-0.01,0.0,0.0,0.0,0.0,0.0,0,0,0
1756097689,8084,0.11,0.0,0.0,0.0,0.0,0.0,0.0,0.0,0,0,0
1756097689,8085,0.11,0.0,0.0,0.0,0.0,0.0,0.0,0.0,0,0,0
1756097689,8086,0.14,0.0,0.02,0.0,0.0,0.0,0.0,0.0,0,0,0
1756097689,8087,0.12,0.0,-0.03,0.0,0.0,0.0,0.0,0.0,0,0,0
1756097689,8088,0.15,0.0,0.0,0.0,0.0,0.0,0.0,0.0,0,0,0
1756097689,8089,0.07,0.0,0.0,0.0,0.0,0.0,0.0,0.0,0,0,0
1756097689,8090,0.1,0.0,0.0,0.0,0.0,0.0,0.0,0.0,0,0,0
1756097689,8091,0.15,0.0,0.0,0.0,0.0,0.0,0.0,0.0,0,0,0
1756097689,8092,0.12,0.0,-0.02,0.0,0.0,0.0,0.0,0.0,0,0,0
1756097689,8093,0.1,0.0,0.0,0.0,0.0,0.0,0.0,0.0,0,0,0
1756097689,8094,0.12,0.0,-0.03,0.0,0.0,0.0,0.0,0.0,0,0,0
1756097689,8095,0.2,0.0,0.0,0.0,0.0,0.0,0.0,0.0,0,0,0
1756097689,8096,0.12,0.0,0.0,0.0,0.0,0.0,0.0,0.0,0,0,0
1756097689,8097,0.12,0.0,0.0,0.0,0.0,0.0,0.0,0.0,0,0,0
1756097689,8098,0.1,0.0,-0.02,0.0,0.0,0.0,0.0,0.0,0,0,0
1756097689,8099,0.1,0.0,0.07,0.0,0.0,0.0,0.0,0.0,0,0,0
1756097689,8100,0.15,0.0,0.0,0.0,0.0,0.0,0.0,0.0,0,0,0
1756097689,8101,0.23,0.0,-0.01,0.0,0.0,0.0,0.0,0.0,0,0,0
1756097689,8102,0.11,0.0,0.0,0.0,0.0,0.0,0.0,0.0,0,0,0
1756097689,8103,0.09,0.0,0.0,0.0,0.0,0.0,0.0,0.0,0,0,0
1756097689,8104,0.18,0.0,0.0,0.0,0.0,0.0,0.0,0.0,0,0,0
1756097689,8105,0.17,0.0,-0.02,0.0,0.0,0.0,0.0,0.0,0,0,0
1756097689,8106,0.12,0.0,0.0,0.0,0.0,0.0,0.0,0.0,0,0,0
1756097689,8107,0.2,0.0,0.02,0.0,0.0,0.0,0.0,0.0,0,0,0
1756097689,8108,0.05,0.0,0.0,0.0,0.0,0.0,0.0,0.0,0,0,0
1756097689,8109,0.15,0.0,-0.01,0.0,0.0,0.0,0.0,0.0,0,0,0
1756097689,8110,0.1,0.0,0.0,0.0,0.0,0.0,0.0,0.0,0,0,0
1756097689,8111,0.12,0.0,0.0,0.0,0.0,0.0,0.0,0.0,0,0,0
1756097689,8112,0.12,0.0,-0.01,0.0,0.0,0.0,0.0,0.0,0,0,0
1756097689,8113,0.1,0.0,-0.01,0.0,0.0,0.0,0.0,0.0,0,0,0
1756097689,8114,0.15,0.0,-0.02,0.0,0.0,0.0,0.0,0.0,0,0,0
1756097689,8115,0.1,0.0,-0.01,0.0,0.0,0.0,0.0,0.0,0,0,0
1756097689,8116,0.21,0.0,0.02,0.0,0.0,0.0,0.0,0.0,0,0,0
1756097689,8117,0.1,0.0,-0.02,0.0,0.0,0.0,0.0,0.0,0,0,0
1756097689,8118,0.1,0.0,-0.01,0.0,0.0,0.0,0.0,0.0,0,0,0
1756097689,8119,0.09,0.0,-0.01,0.0,0.0,0.0,0.0,0.0,0,0,0
1756097689,8120,0.1,0.0,0.0,0.0,0.0,0.0,0.0,0.0,0,0,0
1756097689,8121,0.11,0.0,0.0,0.0,0.0,0.0,0.0,0.0,0,0,0
1756097689,8122,0.1,0.0,-0.05,0.0,0.0,0.0,0.0,0.0,0,0,0
1756097689,8123,0.07,0.0,0.0,0.0,0.0,0.0,0.0,0.0,0,0,0
1756097689,8124,0.18,0.0,0.02,0.0,0.0,0.0,0.0,0.0,0,0,0
1756097689,8125,0.1,0.0,-0.03,0.0,0.0,0.0,0.0,0.0,0,0,0
1756097690,8126,0.12,0.0,0.0,0.0,0.0,0.0,0.0,0.0,0,0,0
1756097690,8127,0.15,0.0,0.02,0.0,0.0,0.0,0.0,0.0,0,0,0
1756097690,8128,0.17,0.0,-0.01,0.0,0.0,0.0,0.0,0.0,0,0,0
1756097690,8129,0.12,0.0,0.0,0.0,0.0,0.0,0.0,0.0,0,0,0
1756097690,8130,0.11,0.0,-0.01,0.0,0.0,0.0,0.0,0.0,0,0,0
1756097690,8131,0.11,0.0,0.0,0.0,0.0,0.0,0.0,0.0,0,0,0
1756097690,8132,0.1,0.0,0.02,0.0,0.0,0.0,0.0,0.0,0,0,0
1756097690,8133,0.18,0.0,0.0,0.0,0.0,0.0,0.0,0.0,0,0,0
1756097690,8134,0.09,0.0,0.0,0.0,0.0,0.0,0.0,0.0,0,0,0
1756097690,8135,0.14,0.0,0.01,0.0,0.0,0.0,0.0,0.0,0,0,0
1756097690,8136,0.17,0.0,-0.09,0.0,0.0,0.0,0.0,0.0,0,0,0
1756097690,8137,0.1,0.0,0.0,0.0,0.0,0.0,0.0,0.0,0,0,0
1756097690,8138,0.1,0.0,0.0,0.0,0.0,0.0,0.0,0.0,0,0,0
1756097690,8139,0.1,0.0,0.0,0.0,0.0,0.0,0.0,0.0,0,0,0
1756097690,8140,0.18,0.0,0.0,0.0,0.0,0.0,0.0,0.0,0,0,0
1756097690,8141,0.15,0.0,0.0,0.0,0.0,0.0,0.0,0.0,0,0,0
1756097690,8142,0.14,0.0,0.0,0.0,0.0,0.0,0.0,0.0,0,0,0
1756097690,8143,0.14,0.0,0.0,0.0,0.0,0.0,0.0,0.0,0,0,0
1756097690,8144,0.11,0.0,-0.07,0.0,0.0,0.0,0.0,0.0,0,0,0
1756097690,8145,0.12,0.0,-0.01,0.0,0.0,0.0,0.0,0.0,0,0,0
1756097690,8146,0.15,0.0,0.01,0.0,0.0,0.0,0.0,0.0,0,0,0
1756097690,8147,0.14,0.0,0.0,0.0,0.0,0.0,0.0,0.0,0,0,0
1756097690,8148,0.1,0.0,-0.01,0.0,0.0,0.0,0.0,0.0,0,0,0
1756097690,8149,0.15,0.0,0.0,0.0,0.0,0.0,0.0,0.0,0,0,0
1756097690,8150,0.15,0.0,-0.01,0.0,0.0,0.0,0.0,0.0,0,0,0
1756097690,8151,0.15,0.0,0.0,0.0,0.0,0.0,0.0,0.0,0,0,0
1756097690,8152,0.1,0.0,0.0,0.0,0.0,0.0,0.0,0.0,0,0,0
1756097690,8153,0.18,0.0,0.0,0.0,0.0,0.0,0.0,0.0,0,0,0
1756097690,8154,0.14,0.0,0.0,0.0,0.0,0.0,0.0,0.0,0,0,0
1756097690,8155,0.12,0.0,0.0,0.0,0.0,0.0,0.0,0.0,0,0,0
1756097690,8156,0.1,0.0,-0.03,0.0,0.0,0.0,0.0,0.0,0,0,0
1756097690,8157,0.07,0.0,-0.01,0.0,0.0,0.0,0.0,0.0,0,0,0
1756097690,8158,0.12,0.0,0.0,0.0,0.0,0.0,0.0,0.0,0,0,0
1756097690,8159,0.11,0.0,0.0,0.0,0.0,0.0,0.0,0.0,0,0,0
1756097690,8160,0.1,0.0,0.0,0.0,0.0,0.0,0.0,0.0,0,0,0
1756097690,8161,0.15,0.0,0.0,0.0,0.0,0.0,0.0,0.0,0,0,0
1756097690,8162,0.11,0.0,0.0,0.0,0.0,0.0,0.0,0.0,0,0,0
1756097690,8163,0.1,0.0,0.0,0.0,0.0,0.0,0.0,0.0,0,0,0
1756097690,8164,0.12,0.0,0.02,0.0,0.0,0.0,0.0,0.0,0,0,0
1756097690,8165,0.09,0.0,0.0,0.0,0.0,0.0,0.0,0.0,0,0,0
1756097690,8166,0.1,0.0,0.0,0.0,0.0,0.0,0.0,0.0,0,0,0
1756097690,8167,0.1,0.0,0.0,0.0,0.0,0.0,0.0,0.0,0,0,0
1756097690,8168,0.14,0.0,0.01,0.0,0.0,0.0,0.0,0.0,0,0,0
1756097690,8169,0.1,0.0,0.0,0.0,0.0,0.0,0.0,0.0,0,0,0
1756097690,8170,0.14,0.0,0.0,0.0,0.0,0.0,0.0,0.0,0,0,0
1756097690,8171,0.15,0.0,0.0,0.0,0.0,0.0,0.0,0.0,0,0,0
1756097690,8172,0.15,0.0,0.02,0.0,0.0,0.0,0.0,0.0,0,0,0
1756097690,8173,0.1,0.0,0.03,0.0,0.0,0.0,0.0,0.0,0,0,0
1756097690,8174,0.17,0.0,0.0,0.0,0.0,0.0,0.0,0.0,0,0,0
1756097690,8175,0.07,0.0,0.0,0.0,0.0,0.0,0.0,0.0,0,0,0
1756097690,8176,0.14,0.0,0.0,0.0,0.0,0.0,0.0,0.0,0,0,0
1756097690,8177,0.15,0.0,0.0,0.0,0.0,0.0,0.0,0.0,0,0,0
1756097690,8178,0.1,0.0,0.0,0.0,0.0,0.0,0.0,0.0,0,0,0
1756097690,8179,0.15,0.0,0.0,0.0,0.0,0.0,0.0,0.0,0,0,0
1756097690,8180,0.15,0.0,-0.01,0.0,0.0,0.0,0.0,0.0,0,0,0
1756097690,8181,0.1,0.0,-0.07,0.0,0.0,0.0,0.0,0.0,0,0,0
1756097690,8182,0.15,0.0,0.0,0.0,0.0,0.0,0.0,0.0,0,0,0
1756097690,8183,0.23,0.0,0.02,0.0,0.0,0.0,0.0,0.0,0,0,0
1756097690,8184,0.1,0.0,-0.02,0.0,0.0,0.0,0.0,0.0,0,0,0
1756097690,8185,0.11,0.0,0.0,0.0,0.0,0.0,0.0,0.0,0,0,0
1756097690,8186,0.12,0.0,0.0,0.0,0.0,0.0,0.0,0.0,0,0,0
1756097690,8187,0.1,0.0,-0.07,0.0,0.0,0.0,0.0,0.0,0,0,0
1756097690,8188,0.11,0.0,-0.01,0.0,0.0,0.0,0.0,0.0,0,0,0
1756097690,8189,0.14,0.0,0.0,0.0,0.0,0.0,0.0,0.0,0,0,0
1756097691,8190,0.12,0.0,-0.01,0.0,0.0,0.0,0.0,0.0,0,0,0
1756097691,8191,0.15,0.0,0.0,0.0,0.0,0.0,0.0,0.0,0,0,0
1756097691,8192,0.09,0.0,-0.01,0.0,0.0,0.0,0.0,0.0,0,0,0
1756097691,8193,0.17,0.0,0.0,0.0,0.0,0.0,0.0,0.0,0,0,0
1756097691,8194,0.11,0.0,0.0,0.0,0.0,0.0,0.0,0.0,0,0,0
1756097691,8195,0.15,0.0,0.03,0.0,0.0,0.0,0.0,0.0,0,0,0
1756097691,8196,0.11,0.0,0.0,0.0,0.0,0.0,0.0,0.0,0,0,0
1756097691,8197,0.15,0.0,0.0,0.0,0.0,0.0,0.0,0.0,0,0,0
1756097691,8198,0.11,0.0,0.0,0.0,0.0,0.0,0.0,0.0,0,0,0
1756097691,8199,0.1,0.0,-0.01,0.0,0.0,0.0,0.0,0.0,0,0,0
1756097691,8200,0.14,0.0,-0.02,0.0,0.0,0.0,0.0,0.0,0,0,0
1756097691,8201,0.12,0.0,-0.03,0.0,0.0,0.0,0.0,0.0,0,0,0
1756097691,8202,0.1,0.0,-0.01,0.0,0.0,0.0,0.0,0.0,0,0,0
1756097691,8203,0.12,0.0,0.07,0.0,0.0,0.0,0.0,0.0,0,0,0
1756097691,8204,0.1,0.0,-0.03,0.0,0.0,0.0,0.0,0.0,0,0,0
1756097691,8205,0.18,0.0,-0.01,0.0,0.0,0.0,0.0,0.0,0,0,0
1756097691,8206,0.09,0.0,0.0,0.0,0.0,0.0,0.0,0.0,0,0,0
1756097691,8207,0.14,0.0,0.0,0.0,0.0,0.0,0.0,0.0,0,0,0
1756097691,8208,0.14,0.0,0.0,0.0,0.0,0.0,0.0,0.0,0,0,0
1756097691,8209,0.09,0.0,0.05,0.0,0.0,0.0,0.0,0.0,0,0,0
1756097691,8210,0.1,0.0,-0.05,0.0,0.0,0.0,0.0,0.0,0,0,0
1756097691,8211,0.15,0.0,0.0,0.0,0.0,0.0,0.0,0.0,0,0,0
1756097691,8212,0.1,0.0,-0.01,0.0,0.0,0.0,0.0,0.0,0,0,0
1756097691,8213,0.12,0.0,0.0,0.0,0.0,0.0,0.0,0.0,0,0,0
1756097691,8214,0.14,0.0,0.0,0.0,0.0,0.0,0.0,0.0,0,0,0
1756097691,8215,0.14,0.0,0.0,0.0,0.0,0.0,0.0,0.0,0,0,0
1756097691,8216,0.1,0.0,0.0,0.0,0.0,0.0,0.0,0.0,0,0,0
1756097691,8217,0.15,0.0,0.0,0.0,0.0,0.0,0.0,0.0,0,0,0
1756097691,8218,0.15,0.0,0.0,0.0,0.0,0.0,0.0,0.0,0,0,0
1756097691,8219,0.1,0.0,0.0,0.0,0.0,0.0,0.0,0.0,0,0,0
1756097691,8220,0.1,0.0,-0.02,0.0,0.0,0.0,0.0,0.0,0,0,0
1756097691,8221,0.11,0.0,0.0,0.0,0.0,0.0,0.0,0.0,0,0,0
1756097691,8222,0.15,0.0,0.0,0.0,0.0,0.0,0.0,0.0,0,0,0
1756097691,8223,0.14,0.0,0.03,0.0,0.0,0.0,0.0,0.0,0,0,0
1756097691,8224,0.15,0.0,-0.02,0.0,0.0,0.0,0.0,0.0,0,0,0
1756097691,8225,0.09,0.0,0.01,0.0,0.0,0.0,0.0,0.0,0,0,0
1756097691,8226,0.15,0.0,0.0,0.0,0.0,0.0,0.0,0.0,0,0,0
1756097691,8227,0.12,0.0,-0.03,0.0,0.0,0.0,0.0,0.0,0,0,0
1756097691,8228,0.11,0.0,0.0,0.0,0.0,0.0,0.0,0.0,0,0,0
1756097691,8229,0.14,0.0,0.01,0.0,0.0,0.0,0.0,0.0,0,0,0
1756097691,8230,0.15,0.0,0.0,0.0,0.0,0.0,0.0,0.0,0,0,0
1756097691,8231,0.14,0.0,0.0,0.0,0.0,0.0,0.0,0.0,0,0,0
1756097691,8232,0.0,0.0,0.0,0.0,0.0,0.0,0.0,0.0,0,0,0
1756097691,8233,0.1,0.0,0.0,0.0,0.0,0.0,0.0,0.0,0,0,0
1756097691,8234,0.15,0.0,-0.05,0.0,0.0,0.0,0.0,0.0,0,0,0
1756097691,8235,0.12,0.0,0.0,0.0,0.0,0.0,0.0,0.0,0,0,0
1756097691,8236,0.1,0.0,0.0,0.0,0.0,0.0,0.0,0.0,0,0,0
1756097691,8237,0.17,0.0,0.0,0.0,0.0,0.0,0.0,0.0,0,0,0
1756097691,8238,0.15,0.0,0.0,0.0,0.0,0.0,0.0,0.0,0,0,0
1756097691,8239,0.15,0.0,-0.05,0.0,0.0,0.0,0.0,0.0,0,0,0
1756097691,8240,0.14,0.0,0.0,0.0,0.0,0.0,0.0,0.0,0,0,0
1756097691,8241,0.1,0.0,0.0,0.0,0.0,0.0,0.0,0.0,0,0,0
1756097691,8242,0.17,0.0,-0.03,0.0,0.0,0.0,0.0,0.0,0,0,0
1756097691,8243,0.11,0.0,0.01,0.0,0.0,0.0,0.0,0.0,0,0,0
1756097691,8244,0.17,0.0,-0.05,0.0,0.0,0.0,0.0,0.0,0,0,0
1756097691,8245,0.11,0.0,0.0,0.0,0.0,0.0,0.0,0.0,0,0,0
1756097691,8246,0.1,0.0,-0.01,0.0,0.0,0.0,0.0,0.0,0,0,0
1756097691,8247,0.15,0.0,0.0,0.0,0.0,0.0,0.0,0.0,0,0,0
1756097691,8248,0.15,0.0,0.0,0.0,0.0,0.0,0.0,0.0,0,0,0
1756097691,8249,0.14,0.0,0.0,0.0,0.0,0.0,0.0,0.0,0,0,0
1756097691,8250,0.11,0.0,0.0,0.0,0.0,0.0,0.0,0.0,0,0,0
1756097691,8251,0.14,0.0,0.0,0.0,0.0,0.0,0.0,0.0,0,0,0
1756097691,8252,0.1,0.0,0.0,0.0,0.0,0.0,0.0,0.0,0,0,0
1756097691,8253,0.11,0.0,0.0,0.0,0.0,0.0,0.0,0.0,0,0,0
1756097691,8254,0.09,0.0,0.01,0.0,0.0,0.0,0.0,0.0,0,0,0
1756097691,8255,0.18,0.0,0.0,0.0,0.0,0.0,0.0,0.0,0,0,0
1756097691,8256,0.09,0.0,0.0,0.0,0.0,0.0,0.0,0.0,0,0,0
1756097692,8257,0.15,0.0,0.05,0.0,0.0,0.0,0.0,0.0,0,0,0
1756097692,8258,0.01,0.0,-0.02,0.0,0.0,0.0,0.0,0.0,0,0,0
1756097692,8259,0.17,0.0,-0.07,0.0,0.0,0.0,0.0,0.0,0,0,0
1756097692,8260,0.2,0.0,0.0,0.0,0.0,0.0,0.0,0.0,0,0,0
1756097692,8261,0.14,0.0,-0.01,0.0,0.0,0.0,0.0,0.0,0,0,0
1756097692,8262,0.1,0.0,-0.09,0.0,0.0,0.0,0.0,0.0,0,0,0
1756097692,8263,0.11,0.0,0.0,0.0,0.0,0.0,0.0,0.0,0,0,0
1756097692,8264,0.15,0.0,0.1,0.0,0.0,0.0,0.0,0.0,0,0,0
1756097692,8265,0.15,0.0,-0.02,0.0,0.0,0.0,0.0,0.0,0,0,0
1756097692,8266,0.11,0.0,0.0,0.0,0.0,0.0,0.0,0.0,0,0,0
1756097692,8267,0.1,0.0,-0.01,0.0,0.0,0.0,0.0,0.0,0,0,0
1756097692,8268,0.1,0.0,0.02,0.0,0.0,0.0,0.0,0.0,0,0,0
1756097692,8269,0.11,0.0,0.0,0.0,0.0,0.0,0.0,0.0,0,0,0
1756097692,8270,0.11,0.0,-0.02,0.0,0.0,0.0,0.0,0.0,0,0,0
1756097692,8271,0.07,0.0,0.0,0.0,0.0,0.0,0.0,0.0,0,0,0
1756097692,8272,0.15,0.0,0.0,0.0,0.0,0.0,0.0,0.0,0,0,0
1756097692,8273,0.12,0.0,0.0,0.0,0.0,0.0,0.0,0.0,0,0,0
1756097692,8274,0.12,0.0,0.0,0.0,0.0,0.0,0.0,0.0,0,0,0
1756097692,8275,0.12,0.0,0.0,0.0,0.0,0.0,0.0,0.0,0,0,0
1756097692,8276,0.14,0.0,0.0,0.0,0.0,0.0,0.0,0.0,0,0,0
1756097692,8277,0.1,0.0,0.02,0.0,0.0,0.0,0.0,0.0,0,0,0
1756097692,8278,0.17,0.0,0.0,0.0,0.0,0.0,0.0,0.0,0,0,0
1756097692,8279,0.1,0.0,0.0,0.0,0.0,0.0,0.0,0.0,0,0,0
1756097692,8280,0.2,0.0,0.0,0.0,0.0,0.0,0.0,0.0,0,0,0
1756097692,8281,0.14,0.0,0.0,0.0,0.0,0.0,0.0,0.0,0,0,0
1756097692,8282,0.12,0.0,0.0,0.0,0.0,0.0,0.0,0.0,0,0,0
1756097692,8283,0.15,0.0,0.0,0.0,0.0,0.0,0.0,0.0,0,0,0
1756097692,8284,0.09,0.0,0.0,0.0,0.0,0.0,0.0,0.0,0,0,0
1756097692,8285,0.12,0.0,-0.02,0.0,0.0,0.0,0.0,0.0,0,0,0
1756097692,8286,0.05,0.0,0.01,0.0,0.0,0.0,0.0,0.0,0,0,0
1756097692,8287,0.23,0.0,0.0,0.0,0.0,0.0,0.0,0.0,0,0,0
1756097692,8288,0.15,0.0,0.0,0.0,0.0,0.0,0.0,0.0,0,0,0
1756097692,8289,0.14,0.0,0.0,0.0,0.0,0.0,0.0,0.0,0,0,0
1756097692,8290,0.11,0.0,0.05,0.0,0.0,0.0,0.0,0.0,0,0,0
1756097692,8291,0.15,0.0,0.01,0.0,0.0,0.0,0.0,0.0,0,0,0
1756097692,8292,0.15,0.0,0.0,0.0,0.0,0.0,0.0,0.0,0,0,0
1756097692,8293,0.15,0.0,0.0,0.0,0.0,0.0,0.0,0.0,0,0,0
1756097692,8294,0.15,0.0,-0.01,0.0,0.0,0.0,0.0,0.0,0,0,0
1756097692,8295,0.15,0.0,0.07,0.0,0.0,0.0,0.0,0.0,0,0,0
1756097692,8296,0.1,0.0,0.01,0.0,0.0,0.0,0.0,0.0,0,0,0
1756097692,8297,0.12,0.0,0.0,0.0,0.0,0.0,0.0,0.0,0,0,0
1756097692,8298,0.1,0.0,0.0,0.0,0.0,0.0,0.0,0.0,0,0,0
1756097692,8299,0.1,0.0,0.0,0.0,0.0,0.0,0.0,0.0,0,0,0
1756097692,8300,0.12,0.0,0.02,0.0,0.0,0.0,0.0,0.0,0,0,0
1756097692,8301,0.11,0.0,0.0,0.0,0.0,0.0,0.0,0.0,0,0,0
1756097692,8302,0.15,0.0,-0.02,0.0,0.0,0.0,0.0,0.0,0,0,0
1756097692,8303,0.14,0.0,0.01,0.0,0.0,0.0,0.0,0.0,0,0,0
1756097692,8304,0.17,0.0,0.0,0.0,0.0,0.0,0.0,0.0,0,0,0
1756097692,8305,0.15,0.0,0.0,0.0,0.0,0.0,0.0,0.0,0,0,0
1756097692,8306,0.15,0.0,0.0,0.0,0.0,0.0,0.0,0.0,0,0,0
1756097692,8307,0.11,0.0,-0.01,0.0,0.0,0.0,0.0,0.0,0,0,0
1756097692,8308,0.09,0.0,-0.02,0.0,0.0,0.0,0.0,0.0,0,0,0
1756097692,8309,0.17,0.0,0.0,0.0,0.0,0.0,0.0,0.0,0,0,0
1756097692,8310,0.15,0.0,0.0,0.0,0.0,0.0,0.0,0.0,0,0,0
1756097692,8311,0.2,0.0,0.0,0.0,0.0,0.0,0.0,0.0,0,0,0
1756097692,8312,0.2,0.0,-0.02,0.0,0.0,0.0,0.0,0.0,0,0,0
1756097692,8313,0.14,0.0,0.0,0.0,0.0,0.0,0.0,0.0,0,0,0
1756097692,8314,0.07,0.0,0.0,0.0,0.0,0.0,0.0,0.0,0,0,0
1756097692,8315,0.1,0.0,0.02,0.0,0.0,0.0,0.0,0.0,0,0,0
1756097692,8316,0.15,0.0,0.0,0.0,0.0,0.0,0.0,0.0,0,0,0
1756097692,8317,0.15,0.0,0.0,0.0,0.0,0.0,0.0,0.0,0,0,0
1756097692,8318,0.1,0.0,-0.02,0.0,0.0,0.0,0.0,0.0,0,0,0
1756097692,8319,0.11,0.0,0.0,0.0,0.0,0.0,0.0,0.0,0,0,0
1756097692,8320,0.1,0.0,0.0,0.0,0.0,0.0,0.0,0.0,0,0,0
1756097692,8321,0.1,0.0,0.0,0.0,0.0,0.0,0.0,0.0,0,0,0
1756097693,8322,0.1,0.0,0.0,0.0,0.0,0.0,0.0,0.0,0,0,0
1756097693,8323,0.14,0.0,0.0,0.0,0.0,0.0,0.0,0.0,0,0,0
1756097693,8324,0.11,0.0,0.0,0.0,0.0,0.0,0.0,0.0,0,0,0
1756097693,8325,0.12,0.0,-0.01,0.0,0.0,0.0,0.0,0.0,0,0,0
1756097693,8326,0.1,0.0,0.01,0.0,0.0,0.0,0.0,0.0,0,0,0
1756097693,8327,0.18,0.0,0.0,0.0,0.0,0.0,0.0,0.0,0,0,0
1756097693,8328,0.11,0.0,0.01,0.0,0.0,0.0,0.0,0.0,0,0,0
1756097693,8329,0.1,0.0,0.01,0.0,0.0,0.0,0.0,0.0,0,0,0
1756097693,8330,0.11,0.0,0.05,0.0,0.0,0.0,0.0,0.0,0,0,0
1756097693,8331,0.15,0.0,0.0,0.0,0.0,0.0,0.0,0.0,0,0,0
1756097693,8332,0.1,0.0,-0.01,0.0,0.0,0.0,0.0,0.0,0,0,0
1756097693,8333,0.1,0.0,0.0,0.0,0.0,0.0,0.0,0.0,0,0,0
1756097693,8334,0.1,0.0,0.0,0.0,0.0,0.0,0.0,0.0,0,0,0
1756097693,8335,0.15,0.0,0.0,0.0,0.0,0.0,0.0,0.0,0,0,0
1756097693,8336,0.15,0.0,0.0,0.0,0.0,0.0,0.0,0.0,0,0,0
1756097693,8337,0.1,0.0,-0.01,0.0,0.0,0.0,0.0,0.0,0,0,0
1756097693,8338,0.11,0.0,0.0,0.0,0.0,0.0,0.0,0.0,0,0,0
1756097693,8339,0.1,0.0,0.0,0.0,0.0,0.0,0.0,0.0,0,0,0
1756097693,8340,0.14,0.0,0.0,0.0,0.0,0.0,0.0,0.0,0,0,0
1756097693,8341,0.12,0.0,0.0,0.0,0.0,0.0,0.0,0.0,0,0,0
1756097693,8342,0.14,0.0,-0.03,0.0,0.0,0.0,0.0,0.0,0,0,0
1756097693,8343,0.07,0.0,0.0,0.0,0.0,0.0,0.0,0.0,0,0,0
1756097693,8344,0.1,0.0,-0.05,0.0,0.0,0.0,0.0,0.0,0,0,0
1756097693,8345,0.15,0.0,0.01,0.0,0.0,0.0,0.0,0.0,0,0,0
1756097693,8346,0.11,0.0,0.0,0.0,0.0,0.0,0.0,0.0,0,0,0
1756097693,8347,0.11,0.0,-0.05,0.0,0.0,0.0,0.0,0.0,0,0,0
1756097693,8348,0.17,0.0,-0.03,0.0,0.0,0.0,0.0,0.0,0,0,0
1756097693,8349,0.09,0.0,-0.05,0.0,0.0,0.0,0.0,0.0,0,0,0
1756097693,8350,0.12,0.0,0.03,0.0,0.0,0.0,0.0,0.0,0,0,0
1756097693,8351,0.14,0.0,-0.02,0.0,0.0,0.0,0.0,0.0,0,0,0
1756097693,8352,0.1,0.0,-0.01,0.0,0.0,0.0,0.0,0.0,0,0,0
1756097693,8353,0.15,0.0,-0.01,0.0,0.0,0.0,0.0,0.0,0,0,0
1756097693,8354,0.0,0.0,-0.01,0.0,0.0,0.0,0.0,0.0,0,0,0
1756097693,8355,0.23,0.0,0.0,0.0,0.0,0.0,0.0,0.0,0,0,0
1756097693,8356,0.18,0.0,0.0,0.0,0.0,0.0,0.0,0.0,0,0,0
1756097693,8357,0.09,0.0,0.0,0.0,0.0,0.0,0.0,0.0,0,0,0
1756097693,8358,0.17,0.0,0.0,0.0,0.0,0.0,0.0,0.0,0,0,0
1756097693,8359,0.18,0.0,0.0,0.0,0.0,0.0,0.0,0.0,0,0,0
1756097693,8360,0.1,0.0,0.05,0.0,0.0,0.0,0.0,0.0,0,0,0
1756097693,8361,0.1,0.0,0.0,0.0,0.0,0.0,0.0,0.0,0,0,0
1756097693,8362,0.15,0.0,-0.02,0.0,0.0,0.0,0.0,0.0,0,0,0
1756097693,8363,0.17,0.0,0.0,0.0,0.0,0.0,0.0,0.0,0,0,0
1756097693,8364,-0.09,0.0,0.0,0.0,0.0,0.0,0.0,0.0,0,0,0
1756097693,8365,0.18,0.0,0.05,0.0,0.0,0.0,0.0,0.0,0,0,0
1756097693,8366,0.15,0.0,-0.05,0.0,0.0,0.0,0.0,0.0,0,0,0
1756097693,8367,0.2,0.0,0.0,0.0,0.0,0.0,0.0,0.0,0,0,0
1756097693,8368,0.15,0.0,-0.01,0.0,0.0,0.0,0.0,0.0,0,0,0
1756097693,8369,0.18,0.0,0.0,0.0,0.0,0.0,0.0,0.0,0,0,0
1756097693,8370,0.2,0.0,0.01,0.0,0.0,0.0,0.0,0.0,0,0,0
1756097693,8371,0.14,0.0,0.0,0.0,0.0,0.0,0.0,0.0,0,0,0
1756097693,8372,0.14,0.0,0.0,0.0,0.0,0.0,0.0,0.0,0,0,0
1756097693,8373,0.1,0.0,0.01,0.0,0.0,0.0,0.0,0.0,0,0,0
1756097693,8374,0.17,0.0,0.0,0.0,0.0,0.0,0.0,0.0,0,0,0
1756097693,8375,0.11,0.0,0.0,0.0,0.0,0.0,0.0,0.0,0,0,0
1756097693,8376,0.14,0.0,0.0,0.0,0.0,0.0,0.0,0.0,0,0,0
1756097693,8377,0.15,0.0,-0.07,0.0,0.0,0.0,0.0,0.0,0,0,0
1756097693,8378,0.09,0.0,0.0,0.0,0.0,0.0,0.0,0.0,0,0,0
1756097693,8379,0.11,0.0,0.02,0.0,0.0,0.0,0.0,0.0,0,0,0
1756097693,8380,0.15,0.0,-0.05,0.0,0.0,0.0,0.0,0.0,0,0,0
1756097693,8381,0.1,0.0,-0.02,0.0,0.0,0.0,0.0,0.0,0,0,0
1756097693,8382,0.15,0.0,0.0,0.0,0.0,0.0,0.0,0.0,0,0,0
1756097693,8383,0.12,0.0,-0.02,0.0,0.0,0.0,0.0,0.0,0,0,0
1756097693,8384,0.1,0.0,0.0,0.0,0.0,0.0,0.0,0.0,0,0,0
1756097693,8385,0.07,0.0,0.0,0.0,0.0,0.0,0.0,0.0,0,0,0
1756097694,8386,0.15,0.0,0.0,0.0,0.0,0.0,0.0,0.0,0,0,0
1756097694,8387,0.14,0.0,0.1,0.0,0.0,0.0,0.0,0.0,0,0,0
1756097694,8388,0.11,0.0,0.0,0.0,0.0,0.0,0.0,0.0,0,0,0
1756097694,8389,0.2,0.0,0.0,0.0,0.0,0.0,0.0,0.0,0,0,0
1756097694,8390,0.09,0.0,0.0,0.0,0.0,0.0,0.0,0.0,0,0,0
1756097694,8391,0.1,0.0,0.0,0.0,0.0,0.0,0.0,0.0,0,0,0
1756097694,8392,0.07,0.0,-0.12,0.0,0.0,0.0,0.0,0.0,0,0,0
1756097694,8393,0.15,0.0,0.0,0.0,0.0,0.0,0.0,0.0,0,0,0
1756097694,8394,0.11,0.0,0.0,0.0,0.0,0.0,0.0,0.0,0,0,0
1756097694,8395,0.14,0.0,0.01,0.0,0.0,0.0,0.0,0.0,0,0,0
1756097694,8396,0.12,0.0,0.1,0.0,0.0,0.0,0.0,0.0,0,0,0
1756097694,8397,0.12,0.0,-0.02,0.0,0.0,0.0,0.0,0.0,0,0,0
1756097694,8398,0.18,0.0,-0.01,0.0,0.0,0.0,0.0,0.0,0,0,0
1756097694,8399,0.17,0.0,-0.02,0.0,0.0,0.0,0.0,0.0,0,0,0
1756097694,8400,0.1,0.0,0.0,0.0,0.0,0.0,0.0,0.0,0,0,0
1756097694,8401,0.09,0.0,0.0,0.0,0.0,0.0,0.0,0.0,0,0,0
1756097694,8402,0.11,0.0,0.0,0.0,0.0,0.0,0.0,0.0,0,0,0
1756097694,8403,0.09,0.0,0.0,0.0,0.0,0.0,0.0,0.0,0,0,0
1756097694,8404,0.14,0.0,0.02,0.0,0.0,0.0,0.0,0.0,0,0,0
1756097694,8405,0.09,0.0,0.03,0.0,0.0,0.0,0.0,0.0,0,0,0
1756097694,8406,0.15,0.0,0.0,0.0,0.0,0.0,0.0,0.0,0,0,0
1756097694,8407,0.11,0.0,-0.01,0.0,0.0,0.0,0.0,0.0,0,0,0
1756097694,8408,0.15,0.0,-0.05,0.0,0.0,0.0,0.0,0.0,0,0,0
1756097694,8409,0.12,0.0,0.01,0.0,0.0,0.0,0.0,0.0,0,0,0
1756097694,8410,0.12,0.0,-0.05,0.0,0.0,0.0,0.0,0.0,0,0,0
1756097694,8411,0.18,0.0,-0.01,0.0,0.0,0.0,0.0,0.0,0,0,0
1756097694,8412,0.14,0.0,0.0,0.0,0.0,0.0,0.0,0.0,0,0,0
1756097694,8413,0.11,0.0,0.0,0.0,0.0,0.0,0.0,0.0,0,0,0
1756097694,8414,0.12,0.0,-0.02,0.0,0.0,0.0,0.0,0.0,0,0,0
1756097694,8415,0.12,0.0,-0.05,0.0,0.0,0.0,0.0,0.0,0,0,0
1756097694,8416,0.11,0.0,-0.01,0.0,0.0,0.0,0.0,0.0,0,0,0
1756097694,8417,0.14,0.0,0.01,0.0,0.0,0.0,0.0,0.0,0,0,0
1756097694,8418,0.17,0.0,-0.05,0.0,0.0,0.0,0.0,0.0,0,0,0
1756097694,8419,0.07,0.0,0.0,0.0,0.0,0.0,0.0,0.0,0,0,0
1756097694,8420,0.14,0.0,0.0,0.0,0.0,0.0,0.0,0.0,0,0,0
1756097694,8421,0.03,0.0,0.0,0.0,0.0,0.0,0.0,0.0,0,0,0
1756097694,8422,0.18,0.0,0.0,0.0,0.0,0.0,0.0,0.0,0,0,0
1756097694,8423,0.18,0.0,0.0,0.0,0.0,0.0,0.0,0.0,0,0,0
1756097694,8424,0.1,0.0,-0.01,0.0,0.0,0.0,0.0,0.0,0,0,0
1756097694,8425,0.12,0.0,-0.01,0.0,0.0,0.0,0.0,0.0,0,0,0
1756097694,8426,0.09,0.0,0.0,0.0,0.0,0.0,0.0,0.0,0,0,0
1756097694,8427,0.12,0.0,0.0,0.0,0.0,0.0,0.0,0.0,0,0,0
1756097694,8428,0.12,0.0,0.0,0.0,0.0,0.0,0.0,0.0,0,0,0
1756097694,8429,0.15,0.0,0.0,0.0,0.0,0.0,0.0,0.0,0,0,0
1756097694,8430,0.07,0.0,0.0,0.0,0.0,0.0,0.0,0.0,0,0,0
1756097694,8431,0.1,0.0,-0.01,0.0,0.0,0.0,0.0,0.0,0,0,0
1756097694,8432,0.07,0.0,-0.03,0.0,0.0,0.0,0.0,0.0,0,0,0
1756097694,8433,0.17,0.0,-0.02,0.0,0.0,0.0,0.0,0.0,0,0,0
1756097694,8434,0.12,0.0,0.02,0.0,0.0,0.0,0.0,0.0,0,0,0
1756097694,8435,0.1,0.0,0.01,0.0,0.0,0.0,0.0,0.0,0,0,0
1756097694,8436,0.1,0.0,0.05,0.0,0.0,0.0,0.0,0.0,0,0,0
1756097694,8437,0.14,0.0,-0.02,0.0,0.0,0.0,0.0,0.0,0,0,0
1756097694,8438,0.09,0.0,0.0,0.0,0.0,0.0,0.0,0.0,0,0,0
1756097694,8439,0.18,0.0,0.0,0.0,0.0,0.0,0.0,0.0,0,0,0
1756097694,8440,0.1,0.0,0.0,0.0,0.0,0.0,0.0,0.0,0,0,0
1756097694,8441,0.15,0.0,0.0,0.0,0.0,0.0,0.0,0.0,0,0,0
1756097694,8442,0.12,0.0,0.1,0.0,0.0,0.0,0.0,0.0,0,0,0
1756097694,8443,0.15,0.0,0.0,0.0,0.0,0.0,0.0,0.0,0,0,0
1756097694,8444,0.14,0.0,0.17,0.0,0.0,0.0,0.0,0.0,0,0,0
1756097694,8445,0.18,0.0,0.0,0.0,0.0,0.0,0.0,0.0,0,0,0
1756097694,8446,0.14,0.0,0.01,0.0,0.0,0.0,0.0,0.0,0,0,0
1756097694,8447,0.1,0.0,0.0,0.0,0.0,0.0,0.0,0.0,0,0,0
1756097694,8448,0.15,0.0,0.0,0.0,0.0,0.0,0.0,0.0,0,0,0
1756097694,8449,0.09,0.0,-0.03,0.0,0.0,0.0,0.0,0.0,0,0,0
1756097694,8450,0.15,0.0,0.0,0.0,0.0,0.0,0.0,0.0,0,0,0
1756097694,8451,0.1,0.0,0.09,0.0,0.0,0.0,0.0,0.0,0,0,0
1756097694,8452,0.11,0.0,0.0,0.0,0.0,0.0,0.0,0.0,0,0,0
1756097695,8453,0.1,0.0,0.01,0.0,0.0,0.0,0.0,0.0,0,0,0
1756097695,8454,0.1,0.0,0.0,0.0,0.0,0.0,0.0,0.0,0,0,0
1756097695,8455,0.12,0.0,0.0,0.0,0.0,0.0,0.0,0.0,0,0,0
1756097695,8456,0.18,0.0,0.0,0.0,0.0,0.0,0.0,0.0,0,0,0
1756097695,8457,0.1,0.0,-0.03,0.0,0.0,0.0,0.0,0.0,0,0,0
1756097695,8458,0.17,0.0,0.0,0.0,0.0,0.0,0.0,0.0,0,0,0
1756097695,8459,0.07,0.0,0.02,0.0,0.0,0.0,0.0,0.0,0,0,0
1756097695,8460,0.07,0.0,0.02,0.0,0.0,0.0,0.0,0.0,0,0,0
1756097695,8461,0.12,0.0,-0.01,0.0,0.0,0.0,0.0,0.0,0,0,0
1756097695,8462,0.17,0.0,0.02,0.0,0.0,0.0,0.0,0.0,0,0,0
1756097695,8463,0.11,0.0,0.0,0.0,0.0,0.0,0.0,0.0,0,0,0
1756097695,8464,0.14,0.0,0.0,0.0,0.0,0.0,0.0,0.0,0,0,0
1756097695,8465,0.12,0.0,0.0,0.0,0.0,0.0,0.0,0.0,0,0,0
1756097695,8466,0.15,0.0,0.0,0.0,0.0,0.0,0.0,0.0,0,0,0
1756097695,8467,0.14,0.0,0.01,0.0,0.0,0.0,0.0,0.0,0,0,0
1756097695,8468,0.1,0.0,-0.01,0.0,0.0,0.0,0.0,0.0,0,0,0
1756097695,8469,0.09,0.0,0.0,0.0,0.0,0.0,0.0,0.0,0,0,0
1756097695,8470,0.1,0.0,0.0,0.0,0.0,0.0,0.0,0.0,0,0,0
1756097695,8471,0.11,0.0,0.0,0.0,0.0,0.0,0.0,0.0,0,0,0
1756097695,8472,0.1,0.0,0.02,0.0,0.0,0.0,0.0,0.0,0,0,0
1756097695,8473,0.09,0.0,0.0,0.0,0.0,0.0,0.0,0.0,0,0,0
1756097695,8474,0.09,0.0,0.0,0.0,0.0,0.0,0.0,0.0,0,0,0
1756097695,8475,0.17,0.0,0.0,0.0,0.0,0.0,0.0,0.0,0,0,0
1756097695,8476,0.14,0.0,0.0,0.0,0.0,0.0,0.0,0.0,0,0,0
1756097695,8477,0.14,0.0,0.02,0.0,0.0,0.0,0.0,0.0,0,0,0
1756097695,8478,-0.01,0.0,0.0,0.0,0.0,0.0,0.0,0.0,0,0,0
1756097695,8479,0.23,0.0,0.0,0.0,0.0,0.0,0.0,0.0,0,0,0
1756097695,8480,0.14,0.0,0.01,0.0,0.0,0.0,0.0,0.0,0,0,0
1756097695,8481,0.12,0.0,0.0,0.0,0.0,0.0,0.0,0.0,0,0,0
1756097695,8482,0.1,0.0,0.0,0.0,0.0,0.0,0.0,0.0,0,0,0
1756097695,8483,0.05,0.0,0.0,0.0,0.0,0.0,0.0,0.0,0,0,0
1756097695,8484,0.09,0.0,0.0,0.0,0.0,0.0,0.0,0.0,0,0,0
1756097695,8485,0.07,0.0,-0.07,0.0,0.0,0.0,0.0,0.0,0,0,0
1756097695,8486,0.12,0.0,0.0,0.0,0.0,0.0,0.0,0.0,0,0,0
1756097695,8487,0.15,0.0,0.05,0.0,0.0,0.0,0.0,0.0,0,0,0
1756097695,8488,0.14,0.0,0.0,0.0,0.0,0.0,0.0,0.0,0,0,0
1756097695,8489,0.1,0.0,0.05,0.0,0.0,0.0,0.0,0.0,0,0,0
1756097695,8490,0.1,0.0,0.02,0.0,0.0,0.0,0.0,0.0,0,0,0
1756097695,8491,0.11,0.0,0.07,0.0,0.0,0.0,0.0,0.0,0,0,0
1756097695,8492,0.1,0.0,-0.01,0.0,0.0,0.0,0.0,0.0,0,0,0
1756097695,8493,0.11,0.0,0.0,0.0,0.0,0.0,0.0,0.0,0,0,0
1756097695,8494,0.1,0.0,0.0,0.0,0.0,0.0,0.0,0.0,0,0,0
1756097695,8495,0.07,0.0,0.0,0.0,0.0,0.0,0.0,0.0,0,0,0
1756097695,8496,0.14,0.0,0.01,0.0,0.0,0.0,0.0,0.0,0,0,0
1756097695,8497,0.14,0.0,-0.01,0.0,0.0,0.0,0.0,0.0,0,0,0
1756097695,8498,0.11,0.0,0.0,0.0,0.0,0.0,0.0,0.0,0,0,0
1756097695,8499,0.12,0.0,0.0,0.0,0.0,0.0,0.0,0.0,0,0,0
1756097695,8500,0.09,0.0,0.0,0.0,0.0,0.0,0.0,0.0,0,0,0
1756097695,8501,0.1,0.0,0.01,0.0,0.0,0.0,0.0,0.0,0,0,0
1756097695,8502,0.14,0.0,-0.01,0.0,0.0,0.0,0.0,0.0,0,0,0
1756097695,8503,0.11,0.0,0.0,0.0,0.0,0.0,0.0,0.0,0,0,0
1756097695,8504,0.11,0.0,0.0,0.0,0.0,0.0,0.0,0.0,0,0,0
1756097695,8505,0.12,0.0,0.0,0.0,0.0,0.0,0.0,0.0,0,0,0
1756097695,8506,0.15,0.0,-0.02,0.0,0.0,0.0,0.0,0.0,0,0,0
1756097695,8507,0.1,0.0,0.0,0.0,0.0,0.0,0.0,0.0,0,0,0
1756097695,8508,0.15,0.0,-0.01,0.0,0.0,0.0,0.0,0.0,0,0,0
1756097695,8509,0.11,0.0,0.0,0.0,0.0,0.0,0.0,0.0,0,0,0
1756097695,8510,0.14,0.0,0.0,0.0,0.0,0.0,0.0,0.0,0,0,0
1756097695,8511,0.1,0.0,0.01,0.0,0.0,0.0,0.0,0.0,0,0,0
1756097695,8512,0.15,0.0,0.0,0.0,0.0,0.0,0.0,0.0,0,0,0
1756097695,8513,0.14,0.0,0.0,0.0,0.0,0.0,0.0,0.0,0,0,0
1756097695,8514,0.14,0.0,0.0,0.0,0.0,0.0,0.0,0.0,0,0,0
1756097695,8515,0.1,0.0,0.0,0.0,0.0,0.0,0.0,0.0,0,0,0
1756097696,8516,0.17,0.0,0.0,0.0,0.0,0.0,0.0,0.0,0,0,0
1756097696,8517,0.07,0.0,-0.07,0.0,0.0,0.0,0.0,0.0,0,0,0
1756097696,8518,0.1,0.0,0.0,0.0,0.0,0.0,0.0,0.0,0,0,0
1756097696,8519,0.1,0.0,0.0,0.0,0.0,0.0,0.0,0.0,0,0,0
1756097696,8520,0.11,0.0,0.0,0.0,0.0,0.0,0.0,0.0,0,0,0
1756097696,8521,0.14,0.0,-0.02,0.0,0.0,0.0,0.0,0.0,0,0,0
1756097696,8522,0.14,0.0,-0.02,0.0,0.0,0.0,0.0,0.0,0,0,0
1756097696,8523,0.1,0.0,-0.03,0.0,0.0,0.0,0.0,0.0,0,0,0
1756097696,8524,0.14,0.0,0.0,0.0,0.0,0.0,0.0,0.0,0,0,0
1756097696,8525,0.11,0.0,0.07,0.0,0.0,0.0,0.0,0.0,0,0,0
1756097696,8526,0.14,0.0,0.03,0.0,0.0,0.0,0.0,0.0,0,0,0
1756097696,8527,0.11,0.0,0.0,0.0,0.0,0.0,0.0,0.0,0,0,0
1756097696,8528,0.07,0.0,0.0,0.0,0.0,0.0,0.0,0.0,0,0,0
1756097696,8529,0.1,0.0,0.02,0.0,0.0,0.0,0.0,0.0,0,0,0
1756097696,8530,0.15,0.0,0.0,0.0,0.0,0.0,0.0,0.0,0,0,0
1756097696,8531,0.15,0.0,0.0,0.0,0.0,0.0,0.0,0.0,0,0,0
1756097696,8532,0.23,0.0,-0.1,0.0,0.0,0.0,0.0,0.0,0,0,0
1756097696,8533,0.11,0.0,0.0,0.0,0.0,0.0,0.0,0.0,0,0,0
1756097696,8534,0.12,0.0,0.0,0.0,0.0,0.0,0.0,0.0,0,0,0
1756097696,8535,0.11,0.0,0.0,0.0,0.0,0.0,0.0,0.0,0,0,0
1756097696,8536,0.12,0.0,0.0,0.0,0.0,0.0,0.0,0.0,0,0,0
1756097696,8537,0.1,0.0,0.0,0.0,0.0,0.0,0.0,0.0,0,0,0
1756097696,8538,0.07,0.0,0.0,0.0,0.0,0.0,0.0,0.0,0,0,0
1756097696,8539,0.14,0.0,0.0,0.0,0.0,0.0,0.0,0.0,0,0,0
1756097696,8540,0.1,0.0,-0.01,0.0,0.0,0.0,0.0,0.0,0,0,0
1756097696,8541,0.15,0.0,-0.05,0.0,0.0,0.0,0.0,0.0,0,0,0
1756097696,8542,0.1,0.0,0.0,0.0,0.0,0.0,0.0,0.0,0,0,0
1756097696,8543,0.1,0.0,-0.02,0.0,0.0,0.0,0.0,0.0,0,0,0
1756097696,8544,0.12,0.0,0.0,0.0,0.0,0.0,0.0,0.0,0,0,0
1756097696,8545,0.1,0.0,0.0,0.0,0.0,0.0,0.0,0.0,0,0,0
1756097696,8546,0.15,0.0,0.05,0.0,0.0,0.0,0.0,0.0,0,0,0
1756097696,8547,0.18,0.0,0.0,0.0,0.0,0.0,0.0,0.0,0,0,0
1756097696,8548,0.15,0.0,0.0,0.0,0.0,0.0,0.0,0.0,0,0,0
1756097696,8549,0.12,0.0,-0.01,0.0,0.0,0.0,0.0,0.0,0,0,0
1756097696,8550,0.1,0.0,0.0,0.0,0.0,0.0,0.0,0.0,0,0,0
1756097696,8551,0.09,0.0,0.01,0.0,0.0,0.0,0.0,0.0,0,0,0
1756097696,8552,0.15,0.0,-0.01,0.0,0.0,0.0,0.0,0.0,0,0,0
1756097696,8553,0.11,0.0,0.01,0.0,0.0,0.0,0.0,0.0,0,0,0
1756097696,8554,0.1,0.0,0.0,0.0,0.0,0.0,0.0,0.0,0,0,0
1756097696,8555,0.15,0.0,-0.02,0.0,0.0,0.0,0.0,0.0,0,0,0
1756097696,8556,0.12,0.0,0.0,0.0,0.0,0.0,0.0,0.0,0,0,0
1756097696,8557,0.1,0.0,0.0,0.0,0.0,0.0,0.0,0.0,0,0,0
1756097696,8558,0.17,0.0,-0.01,0.0,0.0,0.0,0.0,0.0,0,0,0
1756097696,8559,0.07,0.0,0.0,0.0,0.0,0.0,0.0,0.0,0,0,0
1756097696,8560,0.12,0.0,0.0,0.0,0.0,0.0,0.0,0.0,0,0,0
1756097696,8561,0.12,0.0,-0.07,0.0,0.0,0.0,0.0,0.0,0,0,0
1756097696,8562,0.18,0.0,0.05,0.0,0.0,0.0,0.0,0.0,0,0,0
1756097696,8563,0.1,0.0,0.07,0.0,0.0,0.0,0.0,0.0,0,0,0
1756097696,8564,0.12,0.0,0.0,0.0,0.0,0.0,0.0,0.0,0,0,0
1756097696,8565,0.07,0.0,0.0,0.0,0.0,0.0,0.0,0.0,0,0,0
1756097696,8566,0.12,0.0,0.02,0.0,0.0,0.0,0.0,0.0,0,0,0
1756097696,8567,0.12,0.0,0.01,0.0,0.0,0.0,0.0,0.0,0,0,0
1756097696,8568,0.12,0.0,0.0,0.0,0.0,0.0,0.0,0.0,0,0,0
1756097696,8569,0.1,0.0,0.0,0.0,0.0,0.0,0.0,0.0,0,0,0
1756097696,8570,0.11,0.0,0.05,0.0,0.0,0.0,0.0,0.0,0,0,0
1756097696,8571,0.14,0.0,0.0,0.0,0.0,0.0,0.0,0.0,0,0,0
1756097696,8572,0.07,0.0,0.0,0.0,0.0,0.0,0.0,0.0,0,0,0
1756097696,8573,0.14,0.0,-0.02,0.0,0.0,0.0,0.0,0.0,0,0,0
1756097696,8574,0.11,0.0,-0.03,0.0,0.0,0.0,0.0,0.0,0,0,0
1756097696,8575,0.07,0.0,0.0,0.0,0.0,0.0,0.0,0.0,0,0,0
1756097696,8576,0.1,0.0,0.0,0.0,0.0,0.0,0.0,0.0,0,0,0
1756097696,8577,0.1,0.0,-0.02,0.0,0.0,0.0,0.0,0.0,0,0,0
1756097696,8578,0.12,0.0,0.0,0.0,0.0,0.0,0.0,0.0,0,0,0
1756097696,8579,0.11,0.0,0.0,0.0,0.0,0.0,0.0,0.0,0,0,0
1756097696,8580,0.1,0.0,0.0,0.0,0.0,0.0,0.0,0.0,0,0,0
1756097696,8581,0.17,0.0,0.0,0.0,0.0,0.0,0.0,0.0,0,0,0
1756097696,8582,0.1,0.0,0.0,0.0,0.0,0.0,0.0,0.0,0,0,0
1756097697,8583,0.12,0.0,0.0,0.0,0.0,0.0,0.0,0.0,0,0,0
1756097697,8584,0.11,0.0,0.0,0.0,0.0,0.0,0.0,0.0,0,0,0
1756097697,8585,0.18,0.0,0.03,0.0,0.0,0.0,0.0,0.0,0,0,0
1756097697,8586,0.15,0.0,0.0,0.0,0.0,0.0,0.0,0.0,0,0,0
1756097697,8587,0.09,0.0,-0.01,0.0,0.0,0.0,0.0,0.0,0,0,0
1756097697,8588,0.07,0.0,-0.02,0.0,0.0,0.0,0.0,0.0,0,0,0
1756097697,8589,0.1,0.0,0.0,0.0,0.0,0.0,0.0,0.0,0,0,0
1756097697,8590,0.11,0.0,0.0,0.0,0.0,0.0,0.0,0.0,0,0,0
1756097697,8591,0.09,0.0,-0.03,0.0,0.0,0.0,0.0,0.0,0,0,0
1756097697,8592,0.07,0.0,0.0,0.0,0.0,0.0,0.0,0.0,0,0,0
1756097697,8593,0.11,0.0,0.0,0.0,0.0,0.0,0.0,0.0,0,0,0
1756097697,8594,0.14,0.0,-0.05,0.0,0.0,0.0,0.0,0.0,0,0,0
1756097697,8595,0.15,0.0,0.0,0.0,0.0,0.0,0.0,0.0,0,0,0
1756097697,8596,0.15,0.0,0.0,0.0,0.0,0.0,0.0,0.0,0,0,0
1756097697,8597,0.1,0.0,0.0,0.0,0.0,0.0,0.0,0.0,0,0,0
1756097697,8598,0.09,0.0,0.0,0.0,0.0,0.0,0.0,0.0,0,0,0
1756097697,8599,0.11,0.0,0.0,0.0,0.0,0.0,0.0,0.0,0,0,0
1756097697,8600,0.03,0.0,0.0,0.0,0.0,0.0,0.0,0.0,0,0,0
1756097697,8601,0.12,0.0,-0.02,0.0,0.0,0.0,0.0,0.0,0,0,0
1756097697,8602,0.1,0.0,0.05,0.0,0.0,0.0,0.0,0.0,0,0,0
1756097697,8603,0.12,0.0,0.05,0.0,0.0,0.0,0.0,0.0,0,0,0
1756097697,8604,0.1,0.0,-0.05,0.0,0.0,0.0,0.0,0.0,0,0,0
1756097697,8605,0.17,0.0,0.02,0.0,0.0,0.0,0.0,0.0,0,0,0
1756097697,8606,0.12,0.0,-0.01,0.0,0.0,0.0,0.0,0.0,0,0,0
1756097697,8607,0.14,0.0,-0.02,0.0,0.0,0.0,0.0,0.0,0,0,0
1756097697,8608,0.09,0.0,0.0,0.0,0.0,0.0,0.0,0.0,0,0,0
1756097697,8609,0.12,0.0,0.03,0.0,0.0,0.0,0.0,0.0,0,0,0
1756097697,8610,0.14,0.0,-0.01,0.0,0.0,0.0,0.0,0.0,0,0,0
1756097697,8611,0.1,0.0,0.0,0.0,0.0,0.0,0.0,0.0,0,0,0
1756097697,8612,0.09,0.0,0.0,0.0,0.0,0.0,0.0,0.0,0,0,0
1756097697,8613,0.12,0.0,0.0,0.0,0.0,0.0,0.0,0.0,0,0,0
1756097697,8614,0.18,0.0,0.0,0.0,0.0,0.0,0.0,0.0,0,0,0
1756097697,8615,0.1,0.0,0.01,0.0,0.0,0.0,0.0,0.0,0,0,0
1756097697,8616,0.17,0.0,-0.01,0.0,0.0,0.0,0.0,0.0,0,0,0
1756097697,8617,0.05,0.0,0.0,0.0,0.0,0.0,0.0,0.0,0,0,0
1756097697,8618,0.07,0.0,0.01,0.0,0.0,0.0,0.0,0.0,0,0,0
1756097697,8619,0.11,0.0,-0.01,0.0,0.0,0.0,0.0,0.0,0,0,0
1756097697,8620,0.15,0.0,-0.01,0.0,0.0,0.0,0.0,0.0,0,0,0
1756097697,8621,0.1,0.0,-0.02,0.0,0.0,0.0,0.0,0.0,0,0,0
1756097697,8622,0.07,0.0,0.0,0.0,0.0,0.0,0.0,0.0,0,0,0
1756097697,8623,0.11,0.0,0.0,0.0,0.0,0.0,0.0,0.0,0,0,0
1756097697,8624,0.14,0.0,0.05,0.0,0.0,0.0,0.0,0.0,0,0,0
1756097697,8625,0.12,0.0,0.01,0.0,0.0,0.0,0.0,0.0,0,0,0
1756097697,8626,0.07,0.0,-0.05,0.0,0.0,0.0,0.0,0.0,0,0,0
1756097697,8627,0.18,0.0,-0.03,0.0,0.0,0.0,0.0,0.0,0,0,0
1756097697,8628,0.1,0.0,0.0,0.0,0.0,0.0,0.0,0.0,0,0,0
1756097697,8629,0.15,0.0,-0.02,0.0,0.0,0.0,0.0,0.0,0,0,0
1756097697,8630,0.18,0.0,0.0,0.0,0.0,0.0,0.0,0.0,0,0,0
1756097697,8631,0.15,0.0,0.0,0.0,0.0,0.0,0.0,0.0,0,0,0
1756097697,8632,0.17,0.0,0.02,0.0,0.0,0.0,0.0,0.0,0,0,0
1756097697,8633,0.17,0.0,0.01,0.0,0.0,0.0,0.0,0.0,0,0,0
1756097697,8634,0.1,0.0,0.0,0.0,0.0,0.0,0.0,0.0,0,0,0
1756097697,8635,0.07,0.0,0.0,0.0,0.0,0.0,0.0,0.0,0,0,0
1756097697,8636,0.14,0.0,0.0,0.0,0.0,0.0,0.0,0.0,0,0,0
1756097697,8637,0.11,0.0,-0.01,0.0,0.0,0.0,0.0,0.0,0,0,0
1756097697,8638,0.15,0.0,0.0,0.0,0.0,0.0,0.0,0.0,0,0,0
1756097697,8639,0.15,0.0,0.0,0.0,0.0,0.0,0.0,0.0,0,0,0
1756097697,8640,0.18,0.0,-0.01,0.0,0.0,0.0,0.0,0.0,0,0,0
1756097697,8641,0.18,0.0,-0.03,0.0,0.0,0.0,0.0,0.0,0,0,0
1756097697,8642,0.14,0.0,-0.01,0.0,0.0,0.0,0.0,0.0,0,0,0
1756097697,8643,0.15,0.0,0.0,0.0,0.0,0.0,0.0,0.0,0,0,0
1756097697,8644,0.07,0.0,0.01,0.0,0.0,0.0,0.0,0.0,0,0,0
1756097697,8645,0.05,0.0,0.0,0.0,0.0,0.0,0.0,0.0,0,0,0
1756097697,8646,0.09,0.0,0.0,0.0,0.0,0.0,0.0,0.0,0,0,0
1756097697,8647,0.14,0.0,0.0,0.0,0.0,0.0,0.0,0.0,0,0,0
1756097697,8648,0.12,0.0,0.0,0.0,0.0,0.0,0.0,0.0,0,0,0
1756097698,8649,0.05,0.0,0.0,0.0,0.0,0.0,0.0,0.0,0,0,0
1756097698,8650,0.11,0.0,-0.05,0.0,0.0,0.0,0.0,0.0,0,0,0
1756097698,8651,0.11,0.0,0.0,0.0,0.0,0.0,0.0,0.0,0,0,0
1756097698,8652,0.11,0.0,0.0,0.0,0.0,0.0,0.0,0.0,0,0,0
1756097698,8653,0.15,0.0,0.0,0.0,0.0,0.0,0.0,0.0,0,0,0
1756097698,8654,0.03,0.0,0.0,0.0,0.0,0.0,0.0,0.0,0,0,0
1756097698,8655,0.11,0.0,-0.01,0.0,0.0,0.0,0.0,0.0,0,0,0
1756097698,8656,0.12,0.0,0.02,0.0,0.0,0.0,0.0,0.0,0,0,0
1756097698,8657,0.14,0.0,0.0,0.0,0.0,0.0,0.0,0.0,0,0,0
1756097698,8658,0.14,0.0,-0.01,0.0,0.0,0.0,0.0,0.0,0,0,0
1756097698,8659,0.18,0.0,-0.07,0.0,0.0,0.0,0.0,0.0,0,0,0
1756097698,8660,0.1,0.0,-0.02,0.0,0.0,0.0,0.0,0.0,0,0,0
1756097698,8661,0.11,0.0,-0.05,0.0,0.0,0.0,0.0,0.0,0,0,0
1756097698,8662,0.12,0.0,0.0,0.0,0.0,0.0,0.0,0.0,0,0,0
1756097698,8663,0.15,0.0,-0.05,0.0,0.0,0.0,0.0,0.0,0,0,0
1756097698,8664,0.14,0.0,-0.02,0.0,0.0,0.0,0.0,0.0,0,0,0
1756097698,8665,0.11,0.0,-0.01,0.0,0.0,0.0,0.0,0.0,0,0,0
1756097698,8666,0.18,0.0,0.0,0.0,0.0,0.0,0.0,0.0,0,0,0
1756097698,8667,0.14,0.0,0.0,0.0,0.0,0.0,0.0,0.0,0,0,0
1756097698,8668,0.15,0.0,-0.02,0.0,0.0,0.0,0.0,0.0,0,0,0
1756097698,8669,0.17,0.0,0.0,0.0,0.0,0.0,0.0,0.0,0,0,0
1756097698,8670,0.15,0.0,0.0,0.0,0.0,0.0,0.0,0.0,0,0,0
1756097698,8671,0.1,0.0,-0.03,0.0,0.0,0.0,0.0,0.0,0,0,0
1756097698,8672,0.15,0.0,0.02,0.0,0.0,0.0,0.0,0.0,0,0,0
1756097698,8673,0.17,0.0,0.0,0.0,0.0,0.0,0.0,0.0,0,0,0
1756097698,8674,0.15,0.0,-0.07,0.0,0.0,0.0,0.0,0.0,0,0,0
1756097698,8675,0.12,0.0,0.0,0.0,0.0,0.0,0.0,0.0,0,0,0
1756097698,8676,0.11,0.0,0.0,0.0,0.0,0.0,0.0,0.0,0,0,0
1756097698,8677,0.05,0.0,-0.03,0.0,0.0,0.0,0.0,0.0,0,0,0
1756097698,8678,0.15,0.0,0.01,0.0,0.0,0.0,0.0,0.0,0,0,0
1756097698,8679,0.18,0.0,-0.01,0.0,0.0,0.0,0.0,0.0,0,0,0
1756097698,8680,0.15,0.0,0.0,0.0,0.0,0.0,0.0,0.0,0,0,0
1756097698,8681,0.18,0.0,0.0,0.0,0.0,0.0,0.0,0.0,0,0,0
1756097698,8682,0.14,0.0,0.0,0.0,0.0,0.0,0.0,0.0,0,0,0
1756097698,8683,0.05,0.0,0.02,0.0,0.0,0.0,0.0,0.0,0,0,0
1756097698,8684,0.18,0.0,0.0,0.0,0.0,0.0,0.0,0.0,0,0,0
1756097698,8685,0.14,0.0,0.01,0.0,0.0,0.0,0.0,0.0,0,0,0
1756097698,8686,0.12,0.0,-0.05,0.0,0.0,0.0,0.0,0.0,0,0,0
1756097698,8687,0.12,0.0,-0.03,0.0,0.0,0.0,0.0,0.0,0,0,0
1756097698,8688,0.15,0.0,-0.03,0.0,0.0,0.0,0.0,0.0,0,0,0
1756097698,8689,0.11,0.0,0.0,0.0,0.0,0.0,0.0,0.0,0,0,0
1756097698,8690,0.14,0.0,0.0,0.0,0.0,0.0,0.0,0.0,0,0,0
1756097698,8691,0.11,0.0,0.0,0.0,0.0,0.0,0.0,0.0,0,0,0
1756097698,8692,0.14,0.0,0.0,0.0,0.0,0.0,0.0,0.0,0,0,0
1756097698,8693,0.1,0.0,0.0,0.0,0.0,0.0,0.0,0.0,0,0,0
1756097698,8694,0.18,0.0,-0.01,0.0,0.0,0.0,0.0,0.0,0,0,0
1756097698,8695,0.14,0.0,0.0,0.0,0.0,0.0,0.0,0.0,0,0,0
1756097698,8696,0.09,0.0,0.0,0.0,0.0,0.0,0.0,0.0,0,0,0
1756097698,8697,0.15,0.0,0.0,0.0,0.0,0.0,0.0,0.0,0,0,0
1756097698,8698,0.1,0.0,-0.01,0.0,0.0,0.0,0.0,0.0,0,0,0
1756097698,8699,0.14,0.0,0.0,0.0,0.0,0.0,0.0,0.0,0,0,0
1756097698,8700,0.07,0.0,0.0,0.0,0.0,0.0,0.0,0.0,0,0,0
1756097698,8701,0.15,0.0,0.0,0.0,0.0,0.0,0.0,0.0,0,0,0
1756097698,8702,0.14,0.0,0.0,0.0,0.0,0.0,0.0,0.0,0,0,0
1756097698,8703,0.12,0.0,0.0,0.0,0.0,0.0,0.0,0.0,0,0,0
1756097698,8704,0.11,0.0,0.0,0.0,0.0,0.0,0.0,0.0,0,0,0
1756097698,8705,0.11,0.0,0.0,0.0,0.0,0.0,0.0,0.0,0,0,0
1756097698,8706,0.15,0.0,-0.02,0.0,0.0,0.0,0.0,0.0,0,0,0
1756097698,8707,0.18,0.0,-0.02,0.0,0.0,0.0,0.0,0.0,0,0,0
1756097698,8708,0.11,0.0,0.03,0.0,0.0,0.0,0.0,0.0,0,0,0
1756097698,8709,0.07,0.0,0.0,0.0,0.0,0.0,0.0,0.0,0,0,0
1756097698,8710,0.14,0.0,0.0,0.0,0.0,0.0,0.0,0.0,0,0,0
1756097698,8711,0.18,0.0,0.0,0.0,0.0,0.0,0.0,0.0,0,0,0
1756097698,8712,0.2,0.0,-0.01,0.0,0.0,0.0,0.0,0.0,0,0,0
1756097698,8713,0.0,0.0,0.0,0.0,0.0,0.0,0.0,0.0,0,0,0
1756097699,8714,0.11,0.0,-0.05,0.0,0.0,0.0,0.0,0.0,0,0,0
1756097699,8715,0.02,0.0,0.0,0.0,0.0,0.0,0.0,0.0,0,0,0
1756097699,8716,0.18,0.0,0.01,0.0,0.0,0.0,0.0,0.0,0,0,0
1756097699,8717,0.15,0.0,-0.02,0.0,0.0,0.0,0.0,0.0,0,0,0
1756097699,8718,0.1,0.0,0.0,0.0,0.0,0.0,0.0,0.0,0,0,0
1756097699,8719,0.07,0.0,-0.11,0.0,0.0,0.0,0.0,0.0,0,0,0
1756097699,8720,0.15,0.0,0.0,0.0,0.0,0.0,0.0,0.0,0,0,0
1756097699,8721,0.14,0.0,-0.01,0.0,0.0,0.0,0.0,0.0,0,0,0
1756097699,8722,0.12,0.0,0.0,0.0,0.0,0.0,0.0,0.0,0,0,0
1756097699,8723,0.18,0.0,0.0,0.0,0.0,0.0,0.0,0.0,0,0,0
1756097699,8724,0.14,0.0,0.0,0.0,0.0,0.0,0.0,0.0,0,0,0
1756097699,8725,0.12,0.0,-0.01,0.0,0.0,0.0,0.0,0.0,0,0,0
1756097699,8726,0.11,0.0,-0.02,0.0,0.0,0.0,0.0,0.0,0,0,0
1756097699,8727,0.1,0.0,0.0,0.0,0.0,0.0,0.0,0.0,0,0,0
1756097699,8728,0.15,0.0,-0.02,0.0,0.0,0.0,0.0,0.0,0,0,0
1756097699,8729,0.12,0.0,0.01,0.0,0.0,0.0,0.0,0.0,0,0,0
1756097699,8730,0.1,0.0,0.0,0.0,0.0,0.0,0.0,0.0,0,0,0
1756097699,8731,0.12,0.0,-0.02,0.0,0.0,0.0,0.0,0.0,0,0,0
1756097699,8732,0.15,0.0,0.0,0.0,0.0,0.0,0.0,0.0,0,0,0
1756097699,8733,0.14,0.0,0.03,0.0,0.0,0.0,0.0,0.0,0,0,0
1756097699,8734,0.21,0.0,-0.05,0.0,0.0,0.0,0.0,0.0,0,0,0
1756097699,8735,0.1,0.0,0.0,0.0,0.0,0.0,0.0,0.0,0,0,0
1756097699,8736,0.12,0.0,-0.02,0.0,0.0,0.0,0.0,0.0,0,0,0
1756097699,8737,0.09,0.0,0.05,0.0,0.0,0.0,0.0,0.0,0,0,0
1756097699,8738,0.11,0.0,0.0,0.0,0.0,0.0,0.0,0.0,0,0,0
1756097699,8739,0.11,0.0,0.0,0.0,0.0,0.0,0.0,0.0,0,0,0
1756097699,8740,0.1,0.0,0.07,0.0,0.0,0.0,0.0,0.0,0,0,0
1756097699,8741,0.14,0.0,0.0,0.0,0.0,0.0,0.0,0.0,0,0,0
1756097699,8742,0.12,0.0,-0.01,0.0,0.0,0.0,0.0,0.0,0,0,0
1756097699,8743,0.1,0.0,0.0,0.0,0.0,0.0,0.0,0.0,0,0,0
1756097699,8744,0.11,0.0,-0.02,0.0,0.0,0.0,0.0,0.0,0,0,0
1756097699,8745,0.07,0.0,-0.05,0.0,0.0,0.0,0.0,0.0,0,0,0
1756097699,8746,0.12,0.0,-0.01,0.0,0.0,0.0,0.0,0.0,0,0,0
1756097699,8747,0.15,0.0,0.0,0.0,0.0,0.0,0.0,0.0,0,0,0
1756097699,8748,0.07,0.0,0.0,0.0,0.0,0.0,0.0,0.0,0,0,0
1756097699,8749,0.12,0.0,-0.02,0.0,0.0,0.0,0.0,0.0,0,0,0
1756097699,8750,0.2,0.0,0.0,0.0,0.0,0.0,0.0,0.0,0,0,0
1756097699,8751,0.1,0.0,-0.05,0.0,0.0,0.0,0.0,0.0,0,0,0
1756097699,8752,0.1,0.0,-0.02,0.0,0.0,0.0,0.0,0.0,0,0,0
1756097699,8753,0.07,0.0,0.0,0.0,0.0,0.0,0.0,0.0,0,0,0
1756097699,8754,0.07,0.0,0.0,0.0,0.0,0.0,0.0,0.0,0,0,0
1756097699,8755,0.07,0.0,0.0,0.0,0.0,0.0,0.0,0.0,0,0,0
1756097699,8756,0.2,0.0,0.02,0.0,0.0,0.0,0.0,0.0,0,0,0
1756097699,8757,0.09,0.0,-0.03,0.0,0.0,0.0,0.0,0.0,0,0,0
1756097699,8758,0.14,0.0,-0.01,0.0,0.0,0.0,0.0,0.0,0,0,0
1756097699,8759,0.25,0.0,0.0,0.0,0.0,0.0,0.0,0.0,0,0,0
1756097699,8760,0.0,0.0,0.0,0.0,0.0,0.0,0.0,0.0,0,0,0
1756097699,8761,0.18,0.0,0.0,0.0,0.0,0.0,0.0,0.0,0,0,0
1756097699,8762,0.12,0.0,-0.03,0.0,0.0,0.0,0.0,0.0,0,0,0
1756097699,8763,0.18,0.0,0.0,0.0,0.0,0.0,0.0,0.0,0,0,0
1756097699,8764,0.12,0.0,0.01,0.0,0.0,0.0,0.0,0.0,0,0,0
1756097699,8765,0.21,0.0,0.0,0.0,0.0,0.0,0.0,0.0,0,0,0
1756097699,8766,0.1,0.0,0.0,0.0,0.0,0.0,0.0,0.0,0,0,0
1756097699,8767,0.14,0.0,0.0,0.0,0.0,0.0,0.0,0.0,0,0,0
1756097699,8768,0.1,0.0,0.0,0.0,0.0,0.0,0.0,0.0,0,0,0
1756097699,8769,0.09,0.0,-0.05,0.0,0.0,0.0,0.0,0.0,0,0,0
1756097699,8770,0.17,0.0,-0.02,0.0,0.0,0.0,0.0,0.0,0,0,0
1756097699,8771,0.15,0.0,-0.02,0.0,0.0,0.0,0.0,0.0,0,0,0
1756097699,8772,0.07,0.0,0.0,0.0,0.0,0.0,0.0,0.0,0,0,0
1756097699,8773,0.12,0.0,0.0,0.0,0.0,0.0,0.0,0.0,0,0,0
1756097699,8774,0.07,0.0,0.0,0.0,0.0,0.0,0.0,0.0,0,0,0
1756097699,8775,0.05,0.0,0.0,0.0,0.0,0.0,0.0,0.0,0,0,0
1756097699,8776,0.18,0.0,0.02,0.0,0.0,0.0,0.0,0.0,0,0,0
1756097699,8777,0.17,0.0,0.0,0.0,0.0,0.0,0.0,0.0,0,0,0
1756097699,8778,0.15,0.0,0.01,0.0,0.0,0.0,0.0,0.0,0,0,0
1756097699,8779,0.11,0.0,0.01,0.0,0.0,0.0,0.0,0.0,0,0,0
1756097700,8780,0.17,0.0,-0.01,0.0,0.0,0.0,0.0,0.0,0,0,0
1756097700,8781,0.11,0.0,0.0,0.0,0.0,0.0,0.0,0.0,0,0,0
1756097700,8782,0.1,0.0,0.01,0.0,0.0,0.0,0.0,0.0,0,0,0
1756097700,8783,0.1,0.0,0.0,0.0,0.0,0.0,0.0,0.0,0,0,0
1756097700,8784,0.12,0.0,-0.03,0.0,0.0,0.0,0.0,0.0,0,0,0
1756097700,8785,0.15,0.0,0.03,0.0,0.0,0.0,0.0,0.0,0,0,0
1756097700,8786,0.14,0.0,0.0,0.0,0.0,0.0,0.0,0.0,0,0,0
1756097700,8787,0.14,0.0,0.0,0.0,0.0,0.0,0.0,0.0,0,0,0
1756097700,8788,0.15,0.0,-0.02,0.0,0.0,0.0,0.0,0.0,0,0,0
1756097700,8789,0.18,0.0,-0.02,0.0,0.0,0.0,0.0,0.0,0,0,0
1756097700,8790,0.14,0.0,0.0,0.0,0.0,0.0,0.0,0.0,0,0,0
1756097700,8791,0.14,0.0,-0.01,0.0,0.0,0.0,0.0,0.0,0,0,0
1756097700,8792,0.11,0.0,0.0,0.0,0.0,0.0,0.0,0.0,0,0,0
1756097700,8793,0.12,0.0,0.0,0.0,0.0,0.0,0.0,0.0,0,0,0
1756097700,8794,0.17,0.0,0.0,0.0,0.0,0.0,0.0,0.0,0,0,0
1756097700,8795,0.1,0.0,0.0,0.0,0.0,0.0,0.0,0.0,0,0,0
1756097700,8796,0.07,0.0,0.03,0.0,0.0,0.0,0.0,0.0,0,0,0
1756097700,8797,0.12,0.0,0.01,0.0,0.0,0.0,0.0,0.0,0,0,0
1756097700,8798,0.1,0.0,0.0,0.0,0.0,0.0,0.0,0.0,0,0,0
1756097700,8799,0.14,0.0,0.0,0.0,0.0,0.0,0.0,0.0,0,0,0
1756097700,8800,0.07,0.0,0.0,0.0,0.0,0.0,0.0,0.0,0,0,0
1756097700,8801,0.12,0.0,0.0,0.0,0.0,0.0,0.0,0.0,0,0,0
1756097700,8802,0.14,0.0,0.0,0.0,0.0,0.0,0.0,0.0,0,0,0
1756097700,8803,0.1,0.0,0.0,0.0,0.0,0.0,0.0,0.0,0,0,0
1756097700,8804,0.1,0.0,-0.01,0.0,0.0,0.0,0.0,0.0,0,0,0
1756097700,8805,0.15,0.0,0.0,0.0,0.0,0.0,0.0,0.0,0,0,0
1756097700,8806,0.17,0.0,0.0,0.0,0.0,0.0,0.0,0.0,0,0,0
1756097700,8807,0.07,0.0,0.02,0.0,0.0,0.0,0.0,0.0,0,0,0
1756097700,8808,0.15,0.0,-0.05,0.0,0.0,0.0,0.0,0.0,0,0,0
1756097700,8809,0.18,0.0,-0.01,0.0,0.0,0.0,0.0,0.0,0,0,0
1756097700,8810,0.1,0.0,0.02,0.0,0.0,0.0,0.0,0.0,0,0,0
1756097700,8811,0.15,0.0,0.0,0.0,0.0,0.0,0.0,0.0,0,0,0
1756097700,8812,0.12,0.0,0.0,0.0,0.0,0.0,0.0,0.0,0,0,0
1756097700,8813,0.11,0.0,-0.02,0.0,0.0,0.0,0.0,0.0,0,0,0
1756097700,8814,0.1,0.0,0.0,0.0,0.0,0.0,0.0,0.0,0,0,0
1756097700,8815,0.07,0.0,-0.05,0.0,0.0,0.0,0.0,0.0,0,0,0
1756097700,8816,0.18,0.0,0.0,0.0,0.0,0.0,0.0,0.0,0,0,0
1756097700,8817,0.15,0.0,0.0,0.0,0.0,0.0,0.0,0.0,0,0,0
1756097700,8818,0.14,0.0,0.0,0.0,0.0,0.0,0.0,0.0,0,0,0
1756097700,8819,0.09,0.0,0.02,0.0,0.0,0.0,0.0,0.0,0,0,0
1756097700,8820,0.21,0.0,0.01,0.0,0.0,0.0,0.0,0.0,0,0,0
1756097700,8821,0.11,0.0,0.0,0.0,0.0,0.0,0.0,0.0,0,0,0
1756097700,8822,0.1,0.0,0.0,0.0,0.0,0.0,0.0,0.0,0,0,0
1756097700,8823,0.15,0.0,0.07,0.0,0.0,0.0,0.0,0.0,0,0,0
1756097700,8824,0.09,0.0,0.0,0.0,0.0,0.0,0.0,0.0,0,0,0
1756097700,8825,0.11,0.0,0.0,0.0,0.0,0.0,0.0,0.0,0,0,0
1756097700,8826,0.1,0.0,0.01,0.0,0.0,0.0,0.0,0.0,0,0,0
1756097700,8827,0.14,0.0,-0.01,0.0,0.0,0.0,0.0,0.0,0,0,0
1756097700,8828,0.09,0.0,0.0,0.0,0.0,0.0,0.0,0.0,0,0,0
1756097700,8829,0.1,0.0,-0.01,0.0,0.0,0.0,0.0,0.0,0,0,0
1756097700,8830,0.12,0.0,0.0,0.0,0.0,0.0,0.0,0.0,0,0,0
1756097700,8831,0.15,0.0,0.0,0.0,0.0,0.0,0.0,0.0,0,0,0
1756097700,8832,0.1,0.0,0.02,0.0,0.0,0.0,0.0,0.0,0,0,0
1756097700,8833,0.1,0.0,0.0,0.0,0.0,0.0,0.0,0.0,0,0,0
1756097700,8834,0.12,0.0,-0.07,0.0,0.0,0.0,0.0,0.0,0,0,0
1756097700,8835,0.12,0.0,-0.01,0.0,0.0,0.0,0.0,0.0,0,0,0
1756097700,8836,0.05,0.0,-0.03,0.0,0.0,0.0,0.0,0.0,0,0,0
1756097700,8837,0.17,0.0,0.0,0.0,0.0,0.0,0.0,0.0,0,0,0
1756097700,8838,0.07,0.0,0.0,0.0,0.0,0.0,0.0,0.0,0,0,0
1756097700,8839,0.18,0.0,0.0,0.0,0.0,0.0,0.0,0.0,0,0,0
1756097700,8840,0.11,0.0,-0.02,0.0,0.0,0.0,0.0,0.0,0,0,0
1756097700,8841,0.07,0.0,0.0,0.0,0.0,0.0,0.0,0.0,0,0,0
1756097700,8842,0.11,0.0,0.0,0.0,0.0,0.0,0.0,0.0,0,0,0
1756097700,8843,0.15,0.0,0.0,0.0,0.0,0.0,0.0,0.0,0,0,0
1756097700,8844,0.11,0.0,0.0,0.0,0.0,0.0,0.0,0.0,0,0,0
1756097700,8845,0.1,0.0,0.0,0.0,0.0,0.0,0.0,0.0,0,0,0
1756097700,8846,0.12,0.0,-0.02,0.0,0.0,0.0,0.0,0.0,0,0,0
1756097700,8847,0.2,0.0,0.0,0.0,0.0,0.0,0.0,0.0,0,0,0
1756097701,8848,0.11,0.0,0.0,0.0,0.0,0.0,0.0,0.0,0,0,0
1756097701,8849,0.11,0.0,0.03,0.0,0.0,0.0,0.0,0.0,0,0,0
1756097701,8850,0.07,0.0,-0.02,0.0,0.0,0.0,0.0,0.0,0,0,0
1756097701,8851,0.1,0.0,0.0,0.0,0.0,0.0,0.0,0.0,0,0,0
1756097701,8852,0.12,0.0,0.03,0.0,0.0,0.0,0.0,0.0,0,0,0
1756097701,8853,0.09,0.0,0.0,0.0,0.0,0.0,0.0,0.0,0,0,0
1756097701,8854,0.14,0.0,0.0,0.0,0.0,0.0,0.0,0.0,0,0,0
1756097701,8855,0.07,0.0,0.0,0.0,0.0,0.0,0.0,0.0,0,0,0
1756097701,8856,0.1,0.0,0.0,0.0,0.0,0.0,0.0,0.0,0,0,0
1756097701,8857,0.12,0.0,0.01,0.0,0.0,0.0,0.0,0.0,0,0,0
1756097701,8858,0.14,0.0,0.0,0.0,0.0,0.0,0.0,0.0,0,0,0
1756097701,8859,0.1,0.0,-0.01,0.0,0.0,0.0,0.0,0.0,0,0,0
1756097701,8860,0.07,0.0,-0.01,0.0,0.0,0.0,0.0,0.0,0,0,0
1756097701,8861,0.05,0.0,0.0,0.0,0.0,0.0,0.0,0.0,0,0,0
1756097701,8862,0.12,0.0,0.0,0.0,0.0,0.0,0.0,0.0,0,0,0
1756097701,8863,0.1,0.0,-0.02,0.0,0.0,0.0,0.0,0.0,0,0,0
1756097701,8864,0.12,0.0,0.0,0.0,0.0,0.0,0.0,0.0,0,0,0
1756097701,8865,0.09,0.0,0.0,0.0,0.0,0.0,0.0,0.0,0,0,0
1756097701,8866,0.14,0.0,-0.05,0.0,0.0,0.0,0.0,0.0,0,0,0
1756097701,8867,0.1,0.0,-0.05,0.0,0.0,0.0,0.0,0.0,0,0,0
1756097701,8868,0.15,0.0,0.0,0.0,0.0,0.0,0.0,0.0,0,0,0
1756097701,8869,0.23,0.0,0.0,0.0,0.0,0.0,0.0,0.0,0,0,0
1756097701,8870,0.1,0.0,-0.02,0.0,0.0,0.0,0.0,0.0,0,0,0
1756097701,8871,0.05,0.0,0.0,0.0,0.0,0.0,0.0,0.0,0,0,0
1756097701,8872,0.05,0.0,0.02,0.0,0.0,0.0,0.0,0.0,0,0,0
1756097701,8873,0.07,0.0,0.0,0.0,0.0,0.0,0.0,0.0,0,0,0
1756097701,8874,0.1,0.0,0.0,0.0,0.0,0.0,0.0,0.0,0,0,0
1756097701,8875,0.11,0.0,0.0,0.0,0.0,0.0,0.0,0.0,0,0,0
1756097701,8876,0.11,0.0,0.0,0.0,0.0,0.0,0.0,0.0,0,0,0
1756097701,8877,0.12,0.0,0.0,0.0,0.0,0.0,0.0,0.0,0,0,0
1756097701,8878,0.14,0.0,-0.01,0.0,0.0,0.0,0.0,0.0,0,0,0
1756097701,8879,0.15,0.0,0.0,0.0,0.0,0.0,0.0,0.0,0,0,0
1756097701,8880,0.1,0.0,-0.02,0.0,0.0,0.0,0.0,0.0,0,0,0
1756097701,8881,0.1,0.0,0.0,0.0,0.0,0.0,0.0,0.0,0,0,0
1756097701,8882,0.14,0.0,0.0,0.0,0.0,0.0,0.0,0.0,0,0,0
1756097701,8883,0.05,0.0,0.0,0.0,0.0,0.0,0.0,0.0,0,0,0
1756097701,8884,0.09,0.0,0.0,0.0,0.0,0.0,0.0,0.0,0,0,0
1756097701,8885,0.11,0.0,0.0,0.0,0.0,0.0,0.0,0.0,0,0,0
1756097701,8886,0.17,0.0,0.0,0.0,0.0,0.0,0.0,0.0,0,0,0
1756097701,8887,0.09,0.0,0.0,0.0,0.0,0.0,0.0,0.0,0,0,0
1756097701,8888,0.1,0.0,0.0,0.0,0.0,0.0,0.0,0.0,0,0,0
1756097701,8889,0.11,0.0,0.0,0.0,0.0,0.0,0.0,0.0,0,0,0
1756097701,8890,0.15,0.0,0.0,0.0,0.0,0.0,0.0,0.0,0,0,0
1756097701,8891,0.15,0.0,0.0,0.0,0.0,0.0,0.0,0.0,0,0,0
1756097701,8892,0.1,0.0,-0.03,0.0,0.0,0.0,0.0,0.0,0,0,0
1756097701,8893,0.1,0.0,-0.01,0.0,0.0,0.0,0.0,0.0,0,0,0
1756097701,8894,0.14,0.0,0.0,0.0,0.0,0.0,0.0,0.0,0,0,0
1756097701,8895,0.11,0.0,0.0,0.0,0.0,0.0,0.0,0.0,0,0,0
1756097701,8896,0.09,0.0,0.01,0.0,0.0,0.0,0.0,0.0,0,0,0
1756097701,8897,0.1,0.0,0.0,0.0,0.0,0.0,0.0,0.0,0,0,0
1756097701,8898,0.1,0.0,0.0,0.0,0.0,0.0,0.0,0.0,0,0,0
1756097701,8899,0.12,0.0,0.0,0.0,0.0,0.0,0.0,0.0,0,0,0
1756097701,8900,0.15,0.0,0.0,0.0,0.0,0.0,0.0,0.0,0,0,0
1756097701,8901,0.15,0.0,0.0,0.0,0.0,0.0,0.0,0.0,0,0,0
1756097701,8902,0.1,0.0,0.0,0.0,0.0,0.0,0.0,0.0,0,0,0
1756097701,8903,0.11,0.0,0.0,0.0,0.0,0.0,0.0,0.0,0,0,0
1756097701,8904,0.09,0.0,0.0,0.0,0.0,0.0,0.0,0.0,0,0,0
1756097701,8905,0.14,0.0,0.0,0.0,0.0,0.0,0.0,0.0,0,0,0
1756097701,8906,0.07,0.0,0.0,0.0,0.0,0.0,0.0,0.0,0,0,0
1756097701,8907,0.12,0.0,-0.01,0.0,0.0,0.0,0.0,0.0,0,0,0
1756097701,8908,0.11,0.0,-0.01,0.0,0.0,0.0,0.0,0.0,0,0,0
1756097701,8909,0.09,0.0,0.0,0.0,0.0,0.0,0.0,0.0,0,0,0
1756097701,8910,0.14,0.0,0.0,0.0,0.0,0.0,0.0,0.0,0,0,0
1756097701,8911,0.11,0.0,0.03,0.0,0.0,0.0,0.0,0.0,0,0,0
1756097701,8912,0.14,0.0,0.0,0.0,0.0,0.0,0.0,0.0,0,0,0
1756097701,8913,0.11,0.0,-0.01,0.0,0.0,0.0,0.0,0.0,0,0,0
1756097702,8914,0.05,0.0,0.0,0.0,0.0,0.0,0.0,0.0,0,0,0
1756097702,8915,0.07,0.0,-0.01,0.0,0.0,0.0,0.0,0.0,0,0,0
1756097702,8916,0.07,0.0,0.0,0.0,0.0,0.0,0.0,0.0,0,0,0
1756097702,8917,0.1,0.0,0.0,0.0,0.0,0.0,0.0,0.0,0,0,0
1756097702,8918,0.12,0.0,0.0,0.0,0.0,0.0,0.0,0.0,0,0,0
1756097702,8919,0.12,0.0,0.02,0.0,0.0,0.0,0.0,0.0,0,0,0
1756097702,8920,0.1,0.0,0.0,0.0,0.0,0.0,0.0,0.0,0,0,0
1756097702,8921,0.1,0.0,0.02,0.0,0.0,0.0,0.0,0.0,0,0,0
1756097702,8922,0.11,0.0,0.0,0.0,0.0,0.0,0.0,0.0,0,0,0
1756097702,8923,0.1,0.0,-0.02,0.0,0.0,0.0,0.0,0.0,0,0,0
1756097702,8924,0.11,0.0,-0.02,0.0,0.0,0.0,0.0,0.0,0,0,0
1756097702,8925,0.07,0.0,0.0,0.0,0.0,0.0,0.0,0.0,0,0,0
1756097702,8926,0.17,0.0,-0.02,0.0,0.0,0.0,0.0,0.0,0,0,0
1756097702,8927,0.12,0.0,0.0,0.0,0.0,0.0,0.0,0.0,0,0,0
1756097702,8928,0.1,0.0,0.0,0.0,0.0,0.0,0.0,0.0,0,0,0
1756097702,8929,0.14,0.0,0.0,0.0,0.0,0.0,0.0,0.0,0,0,0
1756097702,8930,0.12,0.0,0.01,0.0,0.0,0.0,0.0,0.0,0,0,0
1756097702,8931,0.1,0.0,-0.01,0.0,0.0,0.0,0.0,0.0,0,0,0
1756097702,8932,0.1,0.0,-0.07,0.0,0.0,0.0,0.0,0.0,0,0,0
1756097702,8933,0.11,0.0,0.0,0.0,0.0,0.0,0.0,0.0,0,0,0
1756097702,8934,0.15,0.0,0.0,0.0,0.0,0.0,0.0,0.0,0,0,0
1756097702,8935,0.14,0.0,0.03,0.0,0.0,0.0,0.0,0.0,0,0,0
1756097702,8936,0.02,0.0,0.05,0.0,0.0,0.0,0.0,0.0,0,0,0
1756097702,8937,0.17,0.0,-0.01,0.0,0.0,0.0,0.0,0.0,0,0,0
1756097702,8938,0.18,0.0,0.0,0.0,0.0,0.0,0.0,0.0,0,0,0
1756097702,8939,0.1,0.0,0.0,0.0,0.0,0.0,0.0,0.0,0,0,0
1756097702,8940,0.12,0.0,0.0,0.0,0.0,0.0,0.0,0.0,0,0,0
1756097702,8941,0.09,0.0,-0.01,0.0,0.0,0.0,0.0,0.0,0,0,0
1756097702,8942,0.15,0.0,0.0,0.0,0.0,0.0,0.0,0.0,0,0,0
1756097702,8943,0.1,0.0,0.0,0.0,0.0,0.0,0.0,0.0,0,0,0
1756097702,8944,0.09,0.0,0.0,0.0,0.0,0.0,0.0,0.0,0,0,0
1756097702,8945,0.1,0.0,-0.01,0.0,0.0,0.0,0.0,0.0,0,0,0
1756097702,8946,0.17,0.0,0.0,0.0,0.0,0.0,0.0,0.0,0,0,0
1756097702,8947,0.1,0.0,0.0,0.0,0.0,0.0,0.0,0.0,0,0,0
1756097702,8948,0.1,0.0,-0.02,0.0,0.0,0.0,0.0,0.0,0,0,0
1756097702,8949,0.11,0.0,0.0,0.0,0.0,0.0,0.0,0.0,0,0,0
1756097702,8950,0.15,0.0,0.0,0.0,0.0,0.0,0.0,0.0,0,0,0
1756097702,8951,0.15,0.0,0.01,0.0,0.0,0.0,0.0,0.0,0,0,0
1756097702,8952,0.17,0.0,0.0,0.0,0.0,0.0,0.0,0.0,0,0,0
1756097702,8953,0.15,0.0,-0.01,0.0,0.0,0.0,0.0,0.0,0,0,0
1756097702,8954,0.1,0.0,0.0,0.0,0.0,0.0,0.0,0.0,0,0,0
1756097702,8955,0.05,0.0,0.0,0.0,0.0,0.0,0.0,0.0,0,0,0
1756097702,8956,0.15,0.0,-0.02,0.0,0.0,0.0,0.0,0.0,0,0,0
1756097702,8957,0.07,0.0,-0.01,0.0,0.0,0.0,0.0,0.0,0,0,0
1756097702,8958,0.17,0.0,0.0,0.0,0.0,0.0,0.0,0.0,0,0,0
1756097702,8959,0.1,0.0,-0.03,0.0,0.0,0.0,0.0,0.0,0,0,0
1756097702,8960,0.1,0.0,0.0,0.0,0.0,0.0,0.0,0.0,0,0,0
1756097702,8961,0.02,0.0,0.0,0.0,0.0,0.0,0.0,0.0,0,0,0
1756097702,8962,0.11,0.0,-0.01,0.0,0.0,0.0,0.0,0.0,0,0,0
1756097702,8963,0.2,0.0,0.0,0.0,0.0,0.0,0.0,0.0,0,0,0
1756097702,8964,0.1,0.0,0.0,0.0,0.0,0.0,0.0,0.0,0,0,0
1756097702,8965,0.09,0.0,0.05,0.0,0.0,0.0,0.0,0.0,0,0,0
1756097702,8966,0.14,0.0,0.01,0.0,0.0,0.0,0.0,0.0,0,0,0
1756097702,8967,0.1,0.0,-0.03,0.0,0.0,0.0,0.0,0.0,0,0,0
1756097702,8968,0.07,0.0,0.0,0.0,0.0,0.0,0.0,0.0,0,0,0
1756097702,8969,0.11,0.0,-0.03,0.0,0.0,0.0,0.0,0.0,0,0,0
1756097702,8970,0.11,0.0,0.0,0.0,0.0,0.0,0.0,0.0,0,0,0
1756097702,8971,0.11,0.0,-0.05,0.0,0.0,0.0,0.0,0.0,0,0,0
1756097702,8972,0.11,0.0,0.0,0.0,0.0,0.0,0.0,0.0,0,0,0
1756097702,8973,0.15,0.0,0.0,0.0,0.0,0.0,0.0,0.0,0,0,0
1756097702,8974,0.07,0.0,0.0,0.0,0.0,0.0,0.0,0.0,0,0,0
1756097702,8975,0.07,0.0,0.01,0.0,0.0,0.0,0.0,0.0,0,0,0
1756097702,8976,0.17,0.0,0.0,0.0,0.0,0.0,0.0,0.0,0,0,0
1756097702,8977,0.05,0.0,0.0,0.0,0.0,0.0,0.0,0.0,0,0,0
1756097703,8978,0.1,0.0,0.0,0.0,0.0,0.0,0.0,0.0,0,0,0
1756097703,8979,0.17,0.0,0.0,0.0,0.0,0.0,0.0,0.0,0,0,0
1756097703,8980,0.09,0.0,0.05,0.0,0.0,0.0,0.0,0.0,0,0,0
1756097703,8981,0.14,0.0,-0.05,0.0,0.0,0.0,0.0,0.0,0,0,0
1756097703,8982,0.1,0.0,0.0,0.0,0.0,0.0,0.0,0.0,0,0,0
1756097703,8983,0.14,0.0,-0.01,0.0,0.0,0.0,0.0,0.0,0,0,0
1756097703,8984,0.15,0.0,-0.03,0.0,0.0,0.0,0.0,0.0,0,0,0
1756097703,8985,0.09,0.0,-0.01,0.0,0.0,0.0,0.0,0.0,0,0,0
1756097703,8986,0.1,0.0,0.0,0.0,0.0,0.0,0.0,0.0,0,0,0
1756097703,8987,0.11,0.0,0.0,0.0,0.0,0.0,0.0,0.0,0,0,0
1756097703,8988,0.11,0.0,0.0,0.0,0.0,0.0,0.0,0.0,0,0,0
1756097703,8989,0.11,0.0,0.0,0.0,0.0,0.0,0.0,0.0,0,0,0
1756097703,8990,0.1,0.0,0.0,0.0,0.0,0.0,0.0,0.0,0,0,0
1756097703,8991,0.14,0.0,-0.01,0.0,0.0,0.0,0.0,0.0,0,0,0
1756097703,8992,0.07,0.0,0.0,0.0,0.0,0.0,0.0,0.0,0,0,0
1756097703,8993,0.18,0.0,0.0,0.0,0.0,0.0,0.0,0.0,0,0,0
1756097703,8994,0.07,0.0,0.0,0.0,0.0,0.0,0.0,0.0,0,0,0
1756097703,8995,0.14,0.0,-0.01,0.0,0.0,0.0,0.0,0.0,0,0,0
1756097703,8996,0.1,0.0,0.0,0.0,0.0,0.0,0.0,0.0,0,0,0
1756097703,8997,0.1,0.0,-0.07,0.0,0.0,0.0,0.0,0.0,0,0,0
1756097703,8998,0.12,0.0,0.01,0.0,0.0,0.0,0.0,0.0,0,0,0
1756097703,8999,0.12,0.0,-0.02,0.0,0.0,0.0,0.0,0.0,0,0,0
1756097703,9000,0.12,0.0,0.0,0.0,0.0,0.0,0.0,0.0,0,0,0
1756097703,9001,0.12,0.0,0.0,0.0,0.0,0.0,0.0,0.0,0,0,0
1756097703,9002,0.11,0.0,0.0,0.0,0.0,0.0,0.0,0.0,0,0,0
1756097703,9003,0.07,0.0,0.0,0.0,0.0,0.0,0.0,0.0,0,0,0
1756097703,9004,0.1,0.0,0.02,0.0,0.0,0.0,0.0,0.0,0,0,0
1756097703,9005,0.1,0.0,0.0,0.0,0.0,0.0,0.0,0.0,0,0,0
1756097703,9006,0.07,0.0,0.02,0.0,0.0,0.0,0.0,0.0,0,0,0
1756097703,9007,0.12,0.0,0.0,0.0,0.0,0.0,0.0,0.0,0,0,0
1756097703,9008,0.09,0.0,0.0,0.0,0.0,0.0,0.0,0.0,0,0,0
1756097703,9009,0.09,0.0,0.0,0.0,0.0,0.0,0.0,0.0,0,0,0
1756097703,9010,0.1,0.0,-0.02,0.0,0.0,0.0,0.0,0.0,0,0,0
1756097703,9011,0.02,0.0,-0.01,0.0,0.0,0.0,0.0,0.0,0,0,0
1756097703,9012,0.14,0.0,0.0,0.0,0.0,0.0,0.0,0.0,0,0,0
1756097703,9013,0.1,0.0,0.0,0.0,0.0,0.0,0.0,0.0,0,0,0
1756097703,9014,0.1,0.0,0.02,0.0,0.0,0.0,0.0,0.0,0,0,0
1756097703,9015,0.1,0.0,-0.02,0.0,0.0,0.0,0.0,0.0,0,0,0
1756097703,9016,0.17,0.0,0.0,0.0,0.0,0.0,0.0,0.0,0,0,0
1756097703,9017,0.1,0.0,0.02,0.0,0.0,0.0,0.0,0.0,0,0,0
1756097703,9018,0.07,0.0,0.0,0.0,0.0,0.0,0.0,0.0,0,0,0
1756097703,9019,0.1,0.0,-0.01,0.0,0.0,0.0,0.0,0.0,0,0,0
1756097703,9020,0.1,0.0,-0.01,0.0,0.0,0.0,0.0,0.0,0,0,0
1756097703,9021,0.09,0.0,0.02,0.0,0.0,0.0,0.0,0.0,0,0,0
1756097703,9022,0.14,0.0,0.05,0.0,0.0,0.0,0.0,0.0,0,0,0
1756097703,9023,0.1,0.0,0.0,0.0,0.0,0.0,0.0,0.0,0,0,0
1756097703,9024,0.09,0.0,0.0,0.0,0.0,0.0,0.0,0.0,0,0,0
1756097703,9025,0.07,0.0,0.01,0.0,0.0,0.0,0.0,0.0,0,0,0
1756097703,9026,0.14,0.0,0.0,0.0,0.0,0.0,0.0,0.0,0,0,0
1756097703,9027,0.15,0.0,0.01,0.0,0.0,0.0,0.0,0.0,0,0,0
1756097703,9028,0.1,0.0,0.0,0.0,0.0,0.0,0.0,0.0,0,0,0
1756097703,9029,0.1,0.0,-0.09,0.0,0.0,0.0,0.0,0.0,0,0,0
1756097703,9030,0.1,0.0,-0.03,0.0,0.0,0.0,0.0,0.0,0,0,0
1756097703,9031,0.09,0.0,0.01,0.0,0.0,0.0,0.0,0.0,0,0,0
1756097703,9032,0.2,0.0,0.0,0.0,0.0,0.0,0.0,0.0,0,0,0
1756097703,9033,0.1,0.0,0.03,0.0,0.0,0.0,0.0,0.0,0,0,0
1756097703,9034,0.1,0.0,0.0,0.0,0.0,0.0,0.0,0.0,0,0,0
1756097703,9035,0.1,0.0,-0.01,0.0,0.0,0.0,0.0,0.0,0,0,0
1756097703,9036,0.1,0.0,0.0,0.0,0.0,0.0,0.0,0.0,0,0,0
1756097703,9037,0.09,0.0,0.02,0.0,0.0,0.0,0.0,0.0,0,0,0
1756097703,9038,0.07,0.0,-0.07,0.0,0.0,0.0,0.0,0.0,0,0,0
1756097703,9039,0.12,0.0,0.0,0.0,0.0,0.0,0.0,0.0,0,0,0
1756097703,9040,0.2,0.0,0.0,0.0,0.0,0.0,0.0,0.0,0,0,0
1756097703,9041,0.05,0.0,0.0,0.0,0.0,0.0,0.0,0.0,0,0,0
1756097703,9042,0.07,0.0,0.0,0.0,0.0,0.0,0.0,0.0,0,0,0
1756097704,9043,0.1,0.0,0.0,0.0,0.0,0.0,0.0,0.0,0,0,0
1756097704,9044,0.07,0.0,-0.01,0.0,0.0,0.0,0.0,0.0,0,0,0
1756097704,9045,0.11,0.0,-0.07,0.0,0.0,0.0,0.0,0.0,0,0,0
1756097704,9046,0.05,0.0,0.0,0.0,0.0,0.0,0.0,0.0,0,0,0
1756097704,9047,0.15,0.0,0.0,0.0,0.0,0.0,0.0,0.0,0,0,0
1756097704,9048,0.09,0.0,-0.05,0.0,0.0,0.0,0.0,0.0,0,0,0
1756097704,9049,0.18,0.0,0.05,0.0,0.0,0.0,0.0,0.0,0,0,0
1756097704,9050,0.14,0.0,0.0,0.0,0.0,0.0,0.0,0.0,0,0,0
1756097704,9051,0.07,0.0,0.0,0.0,0.0,0.0,0.0,0.0,0,0,0
1756097704,9052,0.1,0.0,0.0,0.0,0.0,0.0,0.0,0.0,0,0,0
1756097704,9053,0.1,0.0,0.0,0.0,0.0,0.0,0.0,0.0,0,0,0
1756097704,9054,0.12,0.0,0.0,0.0,0.0,0.0,0.0,0.0,0,0,0
1756097704,9055,0.03,0.0,0.0,0.0,0.0,0.0,0.0,0.0,0,0,0
1756097704,9056,0.11,0.0,-0.02,0.0,0.0,0.0,0.0,0.0,0,0,0
1756097704,9057,0.15,0.0,0.01,0.0,0.0,0.0,0.0,0.0,0,0,0
1756097704,9058,0.15,0.0,0.0,0.0,0.0,0.0,0.0,0.0,0,0,0
1756097704,9059,0.1,0.0,-0.02,0.0,0.0,0.0,0.0,0.0,0,0,0
1756097704,9060,0.1,0.0,-0.01,0.0,0.0,0.0,0.0,0.0,0,0,0
1756097704,9061,0.1,0.0,0.0,0.0,0.0,0.0,0.0,0.0,0,0,0
1756097704,9062,0.11,0.0,0.05,0.0,0.0,0.0,0.0,0.0,0,0,0
1756097704,9063,0.07,0.0,-0.03,0.0,0.0,0.0,0.0,0.0,0,0,0
1756097704,9064,0.11,0.0,0.01,0.0,0.0,0.0,0.0,0.0,0,0,0
1756097704,9065,0.1,0.0,-0.02,0.0,0.0,0.0,0.0,0.0,0,0,0
1756097704,9066,0.14,0.0,0.0,0.0,0.0,0.0,0.0,0.0,0,0,0
1756097704,9067,0.07,0.0,0.0,0.0,0.0,0.0,0.0,0.0,0,0,0
1756097704,9068,0.15,0.0,0.0,0.0,0.0,0.0,0.0,0.0,0,0,0
1756097704,9069,0.15,0.0,-0.03,0.0,0.0,0.0,0.0,0.0,0,0,0
1756097704,9070,0.27,0.0,-0.02,0.0,0.0,0.0,0.0,0.0,0,0,0
1756097704,9071,0.05,0.0,-0.01,0.0,0.0,0.0,0.0,0.0,0,0,0
1756097704,9072,0.07,0.0,0.01,0.0,0.0,0.0,0.0,0.0,0,0,0
1756097704,9073,0.11,0.0,-0.01,0.0,0.0,0.0,0.0,0.0,0,0,0
1756097704,9074,0.07,0.0,0.0,0.0,0.0,0.0,0.0,0.0,0,0,0
1756097704,9075,0.03,0.0,0.0,0.0,0.0,0.0,0.0,0.0,0,0,0
1756097704,9076,0.07,0.0,0.02,0.0,0.0,0.0,0.0,0.0,0,0,0
1756097704,9077,0.05,0.0,0.0,0.0,0.0,0.0,0.0,0.0,0,0,0
1756097704,9078,0.18,0.0,0.0,0.0,0.0,0.0,0.0,0.0,0,0,0
1756097704,9079,0.05,0.0,0.0,0.0,0.0,0.0,0.0,0.0,0,0,0
1756097704,9080,0.07,0.0,-0.02,0.0,0.0,0.0,0.0,0.0,0,0,0
1756097704,9081,0.1,0.0,0.0,0.0,0.0,0.0,0.0,0.0,0,0,0
1756097704,9082,0.05,0.0,0.0,0.0,0.0,0.0,0.0,0.0,0,0,0
1756097704,9083,0.09,0.0,0.01,0.0,0.0,0.0,0.0,0.0,0,0,0
1756097704,9084,0.1,0.0,0.02,0.0,0.0,0.0,0.0,0.0,0,0,0
1756097704,9085,0.05,0.0,0.0,0.0,0.0,0.0,0.0,0.0,0,0,0
1756097704,9086,0.07,0.0,0.0,0.0,0.0,0.0,0.0,0.0,0,0,0
1756097704,9087,0.11,0.0,-0.01,0.0,0.0,0.0,0.0,0.0,0,0,0
1756097704,9088,0.11,0.0,0.0,0.0,0.0,0.0,0.0,0.0,0,0,0
1756097704,9089,0.09,0.0,0.0,0.0,0.0,0.0,0.0,0.0,0,0,0
1756097704,9090,0.07,0.0,0.14,0.0,0.0,0.0,0.0,0.0,0,0,0
1756097704,9091,0.09,0.0,0.01,0.0,0.0,0.0,0.0,0.0,0,0,0
1756097704,9092,0.05,0.0,0.0,0.0,0.0,0.0,0.0,0.0,0,0,0
1756097704,9093,0.14,0.0,0.0,0.0,0.0,0.0,0.0,0.0,0,0,0
1756097704,9094,0.18,0.0,0.0,0.0,0.0,0.0,0.0,0.0,0,0,0
1756097704,9095,0.12,0.0,0.0,0.0,0.0,0.0,0.0,0.0,0,0,0
1756097704,9096,0.11,0.0,-0.02,0.0,0.0,0.0,0.0,0.0,0,0,0
1756097704,9097,0.15,0.0,0.01,0.0,0.0,0.0,0.0,0.0,0,0,0
1756097704,9098,0.11,0.0,0.0,0.0,0.0,0.0,0.0,0.0,0,0,0
1756097704,9099,0.09,0.0,0.0,0.0,0.0,0.0,0.0,0.0,0,0,0
1756097704,9100,0.1,0.0,0.05,0.0,0.0,0.0,0.0,0.0,0,0,0
1756097704,9101,0.14,0.0,0.0,0.0,0.0,0.0,0.0,0.0,0,0,0
1756097704,9102,0.12,0.0,0.0,0.0,0.0,0.0,0.0,0.0,0,0,0
1756097704,9103,0.11,0.0,0.0,0.0,0.0,0.0,0.0,0.0,0,0,0
1756097704,9104,0.14,0.0,0.01,0.0,0.0,0.0,0.0,0.0,0,0,0
1756097704,9105,0.1,0.0,0.0,0.0,0.0,0.0,0.0,0.0,0,0,0
1756097704,9106,0.12,0.0,0.0,0.0,0.0,0.0,0.0,0.0,0,0,0
1756097704,9107,0.15,0.0,0.0,0.0,0.0,0.0,0.0,0.0,0,0,0
1756097704,9108,0.14,0.0,0.0,0.0,0.0,0.0,0.0,0.0,0,0,0
1756097704,9109,0.14,0.0,-0.07,0.0,0.0,0.0,0.0,0.0,0,0,0
1756097704,9110,0.09,0.0,0.0,0.0,0.0,0.0,0.0,0.0,0,0,0
1756097704,9111,0.17,0.0,0.0,0.0,0.0,0.0,0.0,0.0,0,0,0
1756097704,9112,0.09,0.0,-0.02,0.0,0.0,0.0,0.0,0.0,0,0,0
1756097704,9113,0.17,0.0,0.0,0.0,0.0,0.0,0.0,0.0,0,0,0
1756097705,9114,0.1,0.0,-0.02,0.0,0.0,0.0,0.0,0.0,0,0,0
1756097705,9115,0.1,0.0,-0.01,0.0,0.0,0.0,0.0,0.0,0,0,0
1756097705,9116,0.12,0.0,0.0,0.0,0.0,0.0,0.0,0.0,0,0,0
1756097705,9117,0.15,0.0,0.03,0.0,0.0,0.0,0.0,0.0,0,0,0
1756097705,9118,0.09,0.0,-0.02,0.0,0.0,0.0,0.0,0.0,0,0,0
1756097705,9119,0.14,0.0,-0.05,0.0,0.0,0.0,0.0,0.0,0,0,0
1756097705,9120,0.12,0.0,0.0,0.0,0.0,0.0,0.0,0.0,0,0,0
1756097705,9121,0.15,0.0,0.0,0.0,0.0,0.0,0.0,0.0,0,0,0
1756097705,9122,0.1,0.0,0.0,0.0,0.0,0.0,0.0,0.0,0,0,0
1756097705,9123,0.1,0.0,0.01,0.0,0.0,0.0,0.0,0.0,0,0,0
1756097705,9124,0.15,0.0,0.0,0.0,0.0,0.0,0.0,0.0,0,0,0
1756097705,9125,0.11,0.0,0.0,0.0,0.0,0.0,0.0,0.0,0,0,0
1756097705,9126,0.23,0.0,-0.03,0.0,0.0,0.0,0.0,0.0,0,0,0
1756097705,9127,0.07,0.0,0.0,0.0,0.0,0.0,0.0,0.0,0,0,0
1756097705,9128,0.12,0.0,-0.01,0.0,0.0,0.0,0.0,0.0,0,0,0
1756097705,9129,0.07,0.0,-0.03,0.0,0.0,0.0,0.0,0.0,0,0,0
1756097705,9130,0.02,0.0,0.0,0.0,0.0,0.0,0.0,0.0,0,0,0
1756097705,9131,0.14,0.0,0.0,0.0,0.0,0.0,0.0,0.0,0,0,0
1756097705,9132,0.15,0.0,0.0,0.0,0.0,0.0,0.0,0.0,0,0,0
1756097705,9133,0.07,0.0,0.0,0.0,0.0,0.0,0.0,0.0,0,0,0
1756097705,9134,0.15,0.0,0.0,0.0,0.0,0.0,0.0,0.0,0,0,0
1756097705,9135,0.17,0.0,0.0,0.0,0.0,0.0,0.0,0.0,0,0,0
1756097705,9136,0.1,0.0,0.0,0.0,0.0,0.0,0.0,0.0,0,0,0
1756097705,9137,0.15,0.0,0.0,0.0,0.0,0.0,0.0,0.0,0,0,0
1756097705,9138,0.1,0.0,-0.03,0.0,0.0,0.0,0.0,0.0,0,0,0
1756097705,9139,0.11,0.0,0.0,0.0,0.0,0.0,0.0,0.0,0,0,0
1756097705,9140,0.15,0.0,0.0,0.0,0.0,0.0,0.0,0.0,0,0,0
1756097705,9141,0.12,0.0,0.0,0.0,0.0,0.0,0.0,0.0,0,0,0
1756097705,9142,0.15,0.0,0.02,0.0,0.0,0.0,0.0,0.0,0,0,0
1756097705,9143,0.1,0.0,0.0,0.0,0.0,0.0,0.0,0.0,0,0,0
1756097705,9144,0.15,0.0,0.0,0.0,0.0,0.0,0.0,0.0,0,0,0
1756097705,9145,0.11,0.0,-0.01,0.0,0.0,0.0,0.0,0.0,0,0,0
1756097705,9146,0.15,0.0,-0.07,0.0,0.0,0.0,0.0,0.0,0,0,0
1756097705,9147,0.15,0.0,-0.03,0.0,0.0,0.0,0.0,0.0,0,0,0
1756097705,9148,0.07,0.0,0.01,0.0,0.0,0.0,0.0,0.0,0,0,0
1756097705,9149,0.11,0.0,-0.05,0.0,0.0,0.0,0.0,0.0,0,0,0
1756097705,9150,0.07,0.0,0.0,0.0,0.0,0.0,0.0,0.0,0,0,0
1756097705,9151,0.14,0.0,0.0,0.0,0.0,0.0,0.0,0.0,0,0,0
1756097705,9152,0.17,0.0,0.0,0.0,0.0,0.0,0.0,0.0,0,0,0
1756097705,9153,0.07,0.0,0.01,0.0,0.0,0.0,0.0,0.0,0,0,0
1756097705,9154,0.09,0.0,0.0,0.0,0.0,0.0,0.0,0.0,0,0,0
1756097705,9155,0.11,0.0,0.0,0.0,0.0,0.0,0.0,0.0,0,0,0
1756097705,9156,0.17,0.0,0.0,0.0,0.0,0.0,0.0,0.0,0,0,0
1756097705,9157,0.07,0.0,0.0,0.0,0.0,0.0,0.0,0.0,0,0,0
1756097705,9158,0.11,0.0,0.0,0.0,0.0,0.0,0.0,0.0,0,0,0
1756097705,9159,0.05,0.0,0.01,0.0,0.0,0.0,0.0,0.0,0,0,0
1756097705,9160,0.12,0.0,0.0,0.0,0.0,0.0,0.0,0.0,0,0,0
1756097705,9161,0.11,0.0,0.0,0.0,0.0,0.0,0.0,0.0,0,0,0
1756097705,9162,0.15,0.0,0.0,0.0,0.0,0.0,0.0,0.0,0,0,0
1756097705,9163,0.09,0.0,-0.01,0.0,0.0,0.0,0.0,0.0,0,0,0
1756097705,9164,0.1,0.0,-0.1,0.0,0.0,0.0,0.0,0.0,0,0,0
1756097705,9165,0.15,0.0,0.0,0.0,0.0,0.0,0.0,0.0,0,0,0
1756097705,9166,0.15,0.0,0.0,0.0,0.0,0.0,0.0,0.0,0,0,0
1756097705,9167,0.07,0.0,0.0,0.0,0.0,0.0,0.0,0.0,0,0,0
1756097705,9168,0.15,0.0,0.0,0.0,0.0,0.0,0.0,0.0,0,0,0
1756097705,9169,0.15,0.0,0.0,0.0,0.0,0.0,0.0,0.0,0,0,0
1756097705,9170,0.1,0.0,0.0,0.0,0.0,0.0,0.0,0.0,0,0,0
1756097705,9171,0.17,0.0,0.0,0.0,0.0,0.0,0.0,0.0,0,0,0
1756097705,9172,0.09,0.0,-0.01,0.0,0.0,0.0,0.0,0.0,0,0,0
1756097705,9173,0.11,0.0,0.0,0.0,0.0,0.0,0.0,0.0,0,0,0
1756097705,9174,0.15,0.0,0.0,0.0,0.0,0.0,0.0,0.0,0,0,0
1756097705,9175,0.15,0.0,0.0,0.0,0.0,0.0,0.0,0.0,0,0,0
1756097705,9176,0.07,0.0,0.0,0.0,0.0,0.0,0.0,0.0,0,0,0
1756097706,9177,0.1,0.0,0.0,0.0,0.0,0.0,0.0,0.0,0,0,0
1756097706,9178,0.14,0.0,0.0,0.0,0.0,0.0,0.0,0.0,0,0,0
1756097706,9179,0.12,0.0,-0.01,0.0,0.0,0.0,0.0,0.0,0,0,0
1756097706,9180,0.2,0.0,0.0,0.0,0.0,0.0,0.0,0.0,0,0,0
1756097706,9181,0.07,0.0,0.0,0.0,0.0,0.0,0.0,0.0,0,0,0
1756097706,9182,0.1,0.0,-0.01,0.0,0.0,0.0,0.0,0.0,0,0,0
1756097706,9183,0.15,0.0,-0.05,0.0,0.0,0.0,0.0,0.0,0,0,0
1756097706,9184,0.11,0.0,-0.01,0.0,0.0,0.0,0.0,0.0,0,0,0
1756097706,9185,0.09,0.0,0.0,0.0,0.0,0.0,0.0,0.0,0,0,0
1756097706,9186,0.14,0.0,-0.25,0.0,0.0,0.0,0.0,0.0,0,0,0
1756097706,9187,0.14,0.0,0.07,0.0,0.0,0.0,0.0,0.0,0,0,0
1756097706,9188,0.1,0.0,-0.05,0.0,0.0,0.0,0.0,0.0,0,0,0
1756097706,9189,0.11,0.0,0.0,0.0,0.0,0.0,0.0,0.0,0,0,0
1756097706,9190,0.15,0.0,-0.01,0.0,0.0,0.0,0.0,0.0,0,0,0
1756097706,9191,0.14,0.0,0.0,0.0,0.0,0.0,0.0,0.0,0,0,0
1756097706,9192,0.11,0.0,0.0,0.0,0.0,0.0,0.0,0.0,0,0,0
1756097706,9193,0.11,0.0,0.0,0.0,0.0,0.0,0.0,0.0,0,0,0
1756097706,9194,0.1,0.0,-0.01,0.0,0.0,0.0,0.0,0.0,0,0,0
1756097706,9195,0.1,0.0,0.01,0.0,0.0,0.0,0.0,0.0,0,0,0
1756097706,9196,0.11,0.0,-0.05,0.0,0.0,0.0,0.0,0.0,0,0,0
1756097706,9197,0.14,0.0,0.0,0.0,0.0,0.0,0.0,0.0,0,0,0
1756097706,9198,0.12,0.0,0.0,0.0,0.0,0.0,0.0,0.0,0,0,0
1756097706,9199,0.28,0.0,0.0,0.0,0.0,0.0,0.0,0.0,0,0,0
1756097706,9200,0.1,0.0,0.0,0.0,0.0,0.0,0.0,0.0,0,0,0
1756097706,9201,0.0,0.0,0.0,0.0,0.0,0.0,0.0,0.0,0,0,0
1756097706,9202,0.12,0.0,0.0,0.0,0.0,0.0,0.0,0.0,0,0,0
1756097706,9203,0.2,0.0,0.0,0.0,0.0,0.0,0.0,0.0,0,0,0
1756097706,9204,0.09,0.0,0.0,0.0,0.0,0.0,0.0,0.0,0,0,0
1756097706,9205,0.07,0.0,0.02,0.0,0.0,0.0,0.0,0.0,0,0,0
1756097706,9206,0.1,0.0,-0.02,0.0,0.0,0.0,0.0,0.0,0,0,0
1756097706,9207,0.05,0.0,0.0,0.0,0.0,0.0,0.0,0.0,0,0,0
1756097706,9208,0.1,0.0,0.0,0.0,0.0,0.0,0.0,0.0,0,0,0
1756097706,9209,0.15,0.0,0.0,0.0,0.0,0.0,0.0,0.0,0,0,0
1756097706,9210,0.14,0.0,0.0,0.0,0.0,0.0,0.0,0.0,0,0,0
1756097706,9211,0.1,0.0,-0.01,0.0,0.0,0.0,0.0,0.0,0,0,0
1756097706,9212,0.12,0.0,0.0,0.0,0.0,0.0,0.0,0.0,0,0,0
1756097706,9213,0.15,0.0,0.0,0.0,0.0,0.0,0.0,0.0,0,0,0
1756097706,9214,0.14,0.0,-0.03,0.0,0.0,0.0,0.0,0.0,0,0,0
1756097706,9215,0.1,0.0,0.0,0.0,0.0,0.0,0.0,0.0,0,0,0
1756097706,9216,0.1,0.0,0.0,0.0,0.0,0.0,0.0,0.0,0,0,0
1756097706,9217,0.11,0.0,0.0,0.0,0.0,0.0,0.0,0.0,0,0,0
1756097706,9218,0.12,0.0,0.0,0.0,0.0,0.0,0.0,0.0,0,0,0
1756097706,9219,0.1,0.0,0.0,0.0,0.0,0.0,0.0,0.0,0,0,0
1756097706,9220,0.01,0.0,0.0,0.0,0.0,0.0,0.0,0.0,0,0,0
1756097706,9221,0.15,0.0,0.0,0.0,0.0,0.0,0.0,0.0,0,0,0
1756097706,9222,0.15,0.0,-0.01,0.0,0.0,0.0,0.0,0.0,0,0,0
1756097706,9223,0.17,0.0,0.0,0.0,0.0,0.0,0.0,0.0,0,0,0
1756097706,9224,0.1,0.0,0.0,0.0,0.0,0.0,0.0,0.0,0,0,0
1756097706,9225,0.11,0.0,-0.05,0.0,0.0,0.0,0.0,0.0,0,0,0
1756097706,9226,0.11,0.0,0.0,0.0,0.0,0.0,0.0,0.0,0,0,0
1756097706,9227,0.14,0.0,0.0,0.0,0.0,0.0,0.0,0.0,0,0,0
1756097706,9228,0.18,0.0,-0.01,0.0,0.0,0.0,0.0,0.0,0,0,0
1756097706,9229,0.18,0.0,0.0,0.0,0.0,0.0,0.0,0.0,0,0,0
1756097706,9230,0.17,0.0,0.01,0.0,0.0,0.0,0.0,0.0,0,0,0
1756097706,9231,0.1,0.0,0.0,0.0,0.0,0.0,0.0,0.0,0,0,0
1756097706,9232,0.1,0.0,0.02,0.0,0.0,0.0,0.0,0.0,0,0,0
1756097706,9233,0.11,0.0,-0.02,0.0,0.0,0.0,0.0,0.0,0,0,0
1756097706,9234,0.12,0.0,0.0,0.0,0.0,0.0,0.0,0.0,0,0,0
1756097706,9235,0.1,0.0,-0.03,0.0,0.0,0.0,0.0,0.0,0,0,0
1756097706,9236,0.11,0.0,0.0,0.0,0.0,0.0,0.0,0.0,0,0,0
1756097706,9237,0.12,0.0,-0.01,0.0,0.0,0.0,0.0,0.0,0,0,0
1756097706,9238,0.07,0.0,0.0,0.0,0.0,0.0,0.0,0.0,0,0,0
1756097706,9239,0.12,0.0,-0.01,0.0,0.0,0.0,0.0,0.0,0,0,0
1756097706,9240,0.11,0.0,0.0,0.0,0.0,0.0,0.0,0.0,0,0,0
1756097706,9241,0.07,0.0,-0.01,0.0,0.0,0.0,0.0,0.0,0,0,0
1756097707,9242,0.15,0.0,0.03,0.0,0.0,0.0,0.0,0.0,0,0,0
1756097707,9243,0.11,0.0,-0.07,0.0,0.0,0.0,0.0,0.0,0,0,0
1756097707,9244,0.12,0.0,-0.03,0.0,0.0,0.0,0.0,0.0,0,0,0
1756097707,9245,0.1,0.0,0.0,0.0,0.0,0.0,0.0,0.0,0,0,0
1756097707,9246,0.12,0.0,0.0,0.0,0.0,0.0,0.0,0.0,0,0,0
1756097707,9247,0.1,0.0,-0.02,0.0,0.0,0.0,0.0,0.0,0,0,0
1756097707,9248,0.1,0.0,0.0,0.0,0.0,0.0,0.0,0.0,0,0,0
1756097707,9249,0.14,0.0,-0.01,0.0,0.0,0.0,0.0,0.0,0,0,0
1756097707,9250,0.14,0.0,0.0,0.0,0.0,0.0,0.0,0.0,0,0,0
1756097707,9251,0.12,0.0,0.0,0.0,0.0,0.0,0.0,0.0,0,0,0
1756097707,9252,0.11,0.0,0.0,0.0,0.0,0.0,0.0,0.0,0,0,0
1756097707,9253,0.15,0.0,0.0,0.0,0.0,0.0,0.0,0.0,0,0,0
1756097707,9254,0.15,0.0,-0.01,0.0,0.0,0.0,0.0,0.0,0,0,0
1756097707,9255,0.05,0.0,0.0,0.0,0.0,0.0,0.0,0.0,0,0,0
1756097707,9256,0.12,0.0,0.0,0.0,0.0,0.0,0.0,0.0,0,0,0
1756097707,9257,0.07,0.0,0.0,0.0,0.0,0.0,0.0,0.0,0,0,0
1756097707,9258,0.15,0.0,-0.01,0.0,0.0,0.0,0.0,0.0,0,0,0
1756097707,9259,0.14,0.0,-0.02,0.0,0.0,0.0,0.0,0.0,0,0,0
1756097707,9260,0.15,0.0,0.0,0.0,0.0,0.0,0.0,0.0,0,0,0
1756097707,9261,0.1,0.0,-0.02,0.0,0.0,0.0,0.0,0.0,0,0,0
1756097707,9262,0.12,0.0,0.05,0.0,0.0,0.0,0.0,0.0,0,0,0
1756097707,9263,0.07,0.0,0.01,0.0,0.0,0.0,0.0,0.0,0,0,0
1756097707,9264,0.07,0.0,0.03,0.0,0.0,0.0,0.0,0.0,0,0,0
1756097707,9265,0.09,0.0,0.0,0.0,0.0,0.0,0.0,0.0,0,0,0
1756097707,9266,0.11,0.0,0.0,0.0,0.0,0.0,0.0,0.0,0,0,0
1756097707,9267,0.12,0.0,0.0,0.0,0.0,0.0,0.0,0.0,0,0,0
1756097707,9268,0.07,0.0,-0.05,0.0,0.0,0.0,0.0,0.0,0,0,0
1756097707,9269,0.1,0.0,0.07,0.0,0.0,0.0,0.0,0.0,0,0,0
1756097707,9270,0.14,0.0,0.01,0.0,0.0,0.0,0.0,0.0,0,0,0
1756097707,9271,0.11,0.0,0.0,0.0,0.0,0.0,0.0,0.0,0,0,0
1756097707,9272,0.1,0.0,0.0,0.0,0.0,0.0,0.0,0.0,0,0,0
1756097707,9273,0.12,0.0,0.0,0.0,0.0,0.0,0.0,0.0,0,0,0
1756097707,9274,0.1,0.0,0.0,0.0,0.0,0.0,0.0,0.0,0,0,0
1756097707,9275,0.1,0.0,0.0,0.0,0.0,0.0,0.0,0.0,0,0,0
1756097707,9276,0.18,0.0,-0.03,0.0,0.0,0.0,0.0,0.0,0,0,0
1756097707,9277,0.1,0.0,0.0,0.0,0.0,0.0,0.0,0.0,0,0,0
1756097707,9278,0.09,0.0,0.02,0.0,0.0,0.0,0.0,0.0,0,0,0
1756097707,9279,0.15,0.0,0.0,0.0,0.0,0.0,0.0,0.0,0,0,0
1756097707,9280,0.07,0.0,0.0,0.0,0.0,0.0,0.0,0.0,0,0,0
1756097707,9281,0.15,0.0,-0.01,0.0,0.0,0.0,0.0,0.0,0,0,0
1756097707,9282,0.14,0.0,0.0,0.0,0.0,0.0,0.0,0.0,0,0,0
1756097707,9283,0.09,0.0,0.0,0.0,0.0,0.0,0.0,0.0,0,0,0
1756097707,9284,0.09,0.0,-0.02,0.0,0.0,0.0,0.0,0.0,0,0,0
1756097707,9285,0.1,0.0,0.01,0.0,0.0,0.0,0.0,0.0,0,0,0
1756097707,9286,0.15,0.0,0.0,0.0,0.0,0.0,0.0,0.0,0,0,0
1756097707,9287,0.07,0.0,-0.02,0.0,0.0,0.0,0.0,0.0,0,0,0
1756097707,9288,0.11,0.0,-0.03,0.0,0.0,0.0,0.0,0.0,0,0,0
1756097707,9289,0.01,0.0,0.0,0.0,0.0,0.0,0.0,0.0,0,0,0
1756097707,9290,0.21,0.0,0.0,0.0,0.0,0.0,0.0,0.0,0,0,0
1756097707,9291,0.09,0.0,0.01,0.0,0.0,0.0,0.0,0.0,0,0,0
1756097707,9292,0.14,0.0,0.0,0.0,0.0,0.0,0.0,0.0,0,0,0
1756097707,9293,0.15,0.0,0.0,0.0,0.0,0.0,0.0,0.0,0,0,0
1756097707,9294,0.11,0.0,0.0,0.0,0.0,0.0,0.0,0.0,0,0,0
1756097707,9295,0.1,0.0,-0.01,0.0,0.0,0.0,0.0,0.0,0,0,0
1756097707,9296,0.14,0.0,0.0,0.0,0.0,0.0,0.0,0.0,0,0,0
1756097707,9297,0.12,0.0,0.0,0.0,0.0,0.0,0.0,0.0,0,0,0
1756097707,9298,0.12,0.0,-0.03,0.0,0.0,0.0,0.0,0.0,0,0,0
1756097707,9299,0.14,0.0,0.0,0.0,0.0,0.0,0.0,0.0,0,0,0
1756097707,9300,0.15,0.0,0.05,0.0,0.0,0.0,0.0,0.0,0,0,0
1756097707,9301,0.11,0.0,-0.01,0.0,0.0,0.0,0.0,0.0,0,0,0
1756097707,9302,0.15,0.0,0.03,0.0,0.0,0.0,0.0,0.0,0,0,0
1756097707,9303,0.15,0.0,-0.01,0.0,0.0,0.0,0.0,0.0,0,0,0
1756097707,9304,0.09,0.0,-0.03,0.0,0.0,0.0,0.0,0.0,0,0,0
1756097707,9305,0.1,0.0,-0.01,0.0,0.0,0.0,0.0,0.0,0,0,0
1756097707,9306,0.11,0.0,0.0,0.0,0.0,0.0,0.0,0.0,0,0,0
1756097707,9307,0.15,0.0,0.0,0.0,0.0,0.0,0.0,0.0,0,0,0
1756097707,9308,0.18,0.0,0.0,0.0,0.0,0.0,0.0,0.0,0,0,0
1756097708,9309,0.1,0.0,-0.01,0.0,0.0,0.0,0.0,0.0,0,0,0
1756097708,9310,0.1,0.0,-0.05,0.0,0.0,0.0,0.0,0.0,0,0,0
1756097708,9311,0.11,0.0,0.1,0.0,0.0,0.0,0.0,0.0,0,0,0
1756097708,9312,0.07,0.0,0.0,0.0,0.0,0.0,0.0,0.0,0,0,0
1756097708,9313,0.0,0.0,0.0,0.0,0.0,0.0,0.0,0.0,0,0,0
1756097708,9314,0.14,0.0,0.05,0.0,0.0,0.0,0.0,0.0,0,0,0
1756097708,9315,0.15,0.0,0.0,0.0,0.0,0.0,0.0,0.0,0,0,0
1756097708,9316,0.17,0.0,0.0,0.0,0.0,0.0,0.0,0.0,0,0,0
1756097708,9317,0.12,0.0,0.0,0.0,0.0,0.0,0.0,0.0,0,0,0
1756097708,9318,0.15,0.0,0.0,0.0,0.0,0.0,0.0,0.0,0,0,0
1756097708,9319,0.18,0.0,0.05,0.0,0.0,0.0,0.0,0.0,0,0,0
1756097708,9320,0.14,0.0,0.0,0.0,0.0,0.0,0.0,0.0,0,0,0
1756097708,9321,0.15,0.0,0.0,0.0,0.0,0.0,0.0,0.0,0,0,0
1756097708,9322,0.11,0.0,0.0,0.0,0.0,0.0,0.0,0.0,0,0,0
1756097708,9323,0.1,0.0,0.0,0.0,0.0,0.0,0.0,0.0,0,0,0
1756097708,9324,0.14,0.0,0.02,0.0,0.0,0.0,0.0,0.0,0,0,0
1756097708,9325,0.18,0.0,0.0,0.0,0.0,0.0,0.0,0.0,0,0,0
1756097708,9326,0.09,0.0,0.01,0.0,0.0,0.0,0.0,0.0,0,0,0
1756097708,9327,0.14,0.0,0.0,0.0,0.0,0.0,0.0,0.0,0,0,0
1756097708,9328,0.12,0.0,-0.01,0.0,0.0,0.0,0.0,0.0,0,0,0
1756097708,9329,0.1,0.0,0.0,0.0,0.0,0.0,0.0,0.0,0,0,0
1756097708,9330,0.14,0.0,0.0,0.0,0.0,0.0,0.0,0.0,0,0,0
1756097708,9331,0.11,0.0,0.02,0.0,0.0,0.0,0.0,0.0,0,0,0
1756097708,9332,0.15,0.0,0.02,0.0,0.0,0.0,0.0,0.0,0,0,0
1756097708,9333,0.14,0.0,0.0,0.0,0.0,0.0,0.0,0.0,0,0,0
1756097708,9334,0.17,0.0,0.0,0.0,0.0,0.0,0.0,0.0,0,0,0
1756097708,9335,0.11,0.0,0.0,0.0,0.0,0.0,0.0,0.0,0,0,0
1756097708,9336,0.1,0.0,0.0,0.0,0.0,0.0,0.0,0.0,0,0,0
1756097708,9337,0.11,0.0,0.01,0.0,0.0,0.0,0.0,0.0,0,0,0
1756097708,9338,0.12,0.0,0.0,0.0,0.0,0.0,0.0,0.0,0,0,0
1756097708,9339,0.15,0.0,0.0,0.0,0.0,0.0,0.0,0.0,0,0,0
1756097708,9340,0.11,0.0,0.02,0.0,0.0,0.0,0.0,0.0,0,0,0
1756097708,9341,0.12,0.0,0.02,0.0,0.0,0.0,0.0,0.0,0,0,0
1756097708,9342,0.15,0.0,0.0,0.0,0.0,0.0,0.0,0.0,0,0,0
1756097708,9343,0.1,0.0,0.0,0.0,0.0,0.0,0.0,0.0,0,0,0
1756097708,9344,0.12,0.0,0.0,0.0,0.0,0.0,0.0,0.0,0,0,0
1756097708,9345,0.15,0.0,0.0,0.0,0.0,0.0,0.0,0.0,0,0,0
1756097708,9346,0.14,0.0,-0.09,0.0,0.0,0.0,0.0,0.0,0,0,0
1756097708,9347,0.14,0.0,0.0,0.0,0.0,0.0,0.0,0.0,0,0,0
1756097708,9348,0.17,0.0,0.03,0.0,0.0,0.0,0.0,0.0,0,0,0
1756097708,9349,0.1,0.0,0.0,0.0,0.0,0.0,0.0,0.0,0,0,0
1756097708,9350,0.07,0.0,0.0,0.0,0.0,0.0,0.0,0.0,0,0,0
1756097708,9351,0.15,0.0,0.0,0.0,0.0,0.0,0.0,0.0,0,0,0
1756097708,9352,0.1,0.0,0.01,0.0,0.0,0.0,0.0,0.0,0,0,0
1756097708,9353,0.14,0.0,-0.05,0.0,0.0,0.0,0.0,0.0,0,0,0
1756097708,9354,0.14,0.0,0.0,0.0,0.0,0.0,0.0,0.0,0,0,0
1756097708,9355,0.12,0.0,0.03,0.0,0.0,0.0,0.0,0.0,0,0,0
1756097708,9356,0.1,0.0,0.0,0.0,0.0,0.0,0.0,0.0,0,0,0
1756097708,9357,0.14,0.0,-0.02,0.0,0.0,0.0,0.0,0.0,0,0,0
1756097708,9358,0.12,0.0,0.0,0.0,0.0,0.0,0.0,0.0,0,0,0
1756097708,9359,0.21,0.0,0.0,0.0,0.0,0.0,0.0,0.0,0,0,0
1756097708,9360,0.01,0.0,0.03,0.0,0.0,0.0,0.0,0.0,0,0,0
1756097708,9361,0.14,0.0,0.01,0.0,0.0,0.0,0.0,0.0,0,0,0
1756097708,9362,0.07,0.0,-0.01,0.0,0.0,0.0,0.0,0.0,0,0,0
1756097708,9363,0.12,0.0,-0.02,0.0,0.0,0.0,0.0,0.0,0,0,0
1756097708,9364,0.12,0.0,0.0,0.0,0.0,0.0,0.0,0.0,0,0,0
1756097708,9365,0.11,0.0,0.0,0.0,0.0,0.0,0.0,0.0,0,0,0
1756097708,9366,0.15,0.0,0.0,0.0,0.0,0.0,0.0,0.0,0,0,0
1756097708,9367,0.1,0.0,0.0,0.0,0.0,0.0,0.0,0.0,0,0,0
1756097708,9368,0.17,0.0,-0.01,0.0,0.0,0.0,0.0,0.0,0,0,0
1756097708,9369,0.1,0.0,0.01,0.0,0.0,0.0,0.0,0.0,0,0,0
1756097708,9370,0.28,0.0,0.0,0.0,0.0,0.0,0.0,0.0,0,0,0
1756097708,9371,0.11,0.0,0.0,0.0,0.0,0.0,0.0,0.0,0,0,0
1756097708,9372,0.1,0.0,-0.01,0.0,0.0,0.0,0.0,0.0,0,0,0
1756097708,9373,0.1,0.0,0.0,0.0,0.0,0.0,0.0,0.0,0,0,0
1756097709,9374,0.05,0.0,0.0,0.0,0.0,0.0,0.0,0.0,0,0,0
1756097709,9375,0.03,0.0,0.0,0.0,0.0,0.0,0.0,0.0,0,0,0
1756097709,9376,0.11,0.0,-0.03,0.0,0.0,0.0,0.0,0.0,0,0,0
1756097709,9377,0.18,0.0,-0.02,0.0,0.0,0.0,0.0,0.0,0,0,0
1756097709,9378,0.05,0.0,0.01,0.0,0.0,0.0,0.0,0.0,0,0,0
1756097709,9379,0.15,0.0,-0.01,0.0,0.0,0.0,0.0,0.0,0,0,0
1756097709,9380,0.15,0.0,-0.01,0.0,0.0,0.0,0.0,0.0,0,0,0
1756097709,9381,0.15,0.0,-0.01,0.0,0.0,0.0,0.0,0.0,0,0,0
1756097709,9382,0.1,0.0,-0.01,0.0,0.0,0.0,0.0,0.0,0,0,0
1756097709,9383,0.15,0.0,0.0,0.0,0.0,0.0,0.0,0.0,0,0,0
1756097709,9384,0.17,0.0,0.0,0.0,0.0,0.0,0.0,0.0,0,0,0
1756097709,9385,0.11,0.0,0.0,0.0,0.0,0.0,0.0,0.0,0,0,0
1756097709,9386,0.17,0.0,0.0,0.0,0.0,0.0,0.0,0.0,0,0,0
1756097709,9387,0.11,0.0,0.0,0.0,0.0,0.0,0.0,0.0,0,0,0
1756097709,9388,0.15,0.0,0.05,0.0,0.0,0.0,0.0,0.0,0,0,0
1756097709,9389,0.15,0.0,0.01,0.0,0.0,0.0,0.0,0.0,0,0,0
1756097709,9390,0.15,0.0,0.0,0.0,0.0,0.0,0.0,0.0,0,0,0
1756097709,9391,0.1,0.0,0.02,0.0,0.0,0.0,0.0,0.0,0,0,0
1756097709,9392,0.12,0.0,-0.02,0.0,0.0,0.0,0.0,0.0,0,0,0
1756097709,9393,0.12,0.0,0.0,0.0,0.0,0.0,0.0,0.0,0,0,0
1756097709,9394,0.11,0.0,0.0,0.0,0.0,0.0,0.0,0.0,0,0,0
1756097709,9395,0.09,0.0,0.0,0.0,0.0,0.0,0.0,0.0,0,0,0
1756097709,9396,0.1,0.0,0.0,0.0,0.0,0.0,0.0,0.0,0,0,0
1756097709,9397,0.11,0.0,0.0,0.0,0.0,0.0,0.0,0.0,0,0,0
1756097709,9398,0.18,0.0,0.0,0.0,0.0,0.0,0.0,0.0,0,0,0
1756097709,9399,0.09,0.0,-0.02,0.0,0.0,0.0,0.0,0.0,0,0,0
1756097709,9400,0.11,0.0,0.02,0.0,0.0,0.0,0.0,0.0,0,0,0
1756097709,9401,0.1,0.0,0.02,0.0,0.0,0.0,0.0,0.0,0,0,0
1756097709,9402,0.12,0.0,-0.01,0.0,0.0,0.0,0.0,0.0,0,0,0
1756097709,9403,0.15,0.0,0.0,0.0,0.0,0.0,0.0,0.0,0,0,0
1756097709,9404,0.09,0.0,0.01,0.0,0.0,0.0,0.0,0.0,0,0,0
1756097709,9405,0.12,0.0,0.0,0.0,0.0,0.0,0.0,0.0,0,0,0
1756097709,9406,0.1,0.0,0.0,0.0,0.0,0.0,0.0,0.0,0,0,0
1756097709,9407,0.11,0.0,0.0,0.0,0.0,0.0,0.0,0.0,0,0,0
1756097709,9408,0.1,0.0,0.0,0.0,0.0,0.0,0.0,0.0,0,0,0
1756097709,9409,0.1,0.0,0.0,0.0,0.0,0.0,0.0,0.0,0,0,0
1756097709,9410,0.15,0.0,0.0,0.0,0.0,0.0,0.0,0.0,0,0,0
1756097709,9411,0.14,0.0,-0.02,0.0,0.0,0.0,0.0,0.0,0,0,0
1756097709,9412,0.05,0.0,0.0,0.0,0.0,0.0,0.0,0.0,0,0,0
1756097709,9413,0.17,0.0,0.0,0.0,0.0,0.0,0.0,0.0,0,0,0
1756097709,9414,0.15,0.0,0.0,0.0,0.0,0.0,0.0,0.0,0,0,0
1756097709,9415,0.1,0.0,0.0,0.0,0.0,0.0,0.0,0.0,0,0,0
1756097709,9416,0.12,0.0,-0.01,0.0,0.0,0.0,0.0,0.0,0,0,0
1756097709,9417,0.15,0.0,0.0,0.0,0.0,0.0,0.0,0.0,0,0,0
1756097709,9418,0.14,0.0,-0.05,0.0,0.0,0.0,0.0,0.0,0,0,0
1756097709,9419,0.09,0.0,0.0,0.0,0.0,0.0,0.0,0.0,0,0,0
1756097709,9420,0.18,0.0,-0.02,0.0,0.0,0.0,0.0,0.0,0,0,0
1756097709,9421,0.1,0.0,0.01,0.0,0.0,0.0,0.0,0.0,0,0,0
1756097709,9422,0.12,0.0,-0.01,0.0,0.0,0.0,0.0,0.0,0,0,0
1756097709,9423,0.1,0.0,-0.01,0.0,0.0,0.0,0.0,0.0,0,0,0
1756097709,9424,0.18,0.0,-0.02,0.0,0.0,0.0,0.0,0.0,0,0,0
1756097709,9425,0.07,0.0,0.02,0.0,0.0,0.0,0.0,0.0,0,0,0
1756097709,9426,0.15,0.0,-0.03,0.0,0.0,0.0,0.0,0.0,0,0,0
1756097709,9427,0.12,0.0,0.0,0.0,0.0,0.0,0.0,0.0,0,0,0
1756097709,9428,0.14,0.0,0.0,0.0,0.0,0.0,0.0,0.0,0,0,0
1756097709,9429,0.15,0.0,0.0,0.0,0.0,0.0,0.0,0.0,0,0,0
1756097709,9430,0.14,0.0,0.01,0.0,0.0,0.0,0.0,0.0,0,0,0
1756097709,9431,0.11,0.0,0.0,0.0,0.0,0.0,0.0,0.0,0,0,0
1756097709,9432,0.23,0.0,0.01,0.0,0.0,0.0,0.0,0.0,0,0,0
1756097709,9433,0.1,0.0,-0.05,0.0,0.0,0.0,0.0,0.0,0,0,0
1756097709,9434,0.1,0.0,0.0,0.0,0.0,0.0,0.0,0.0,0,0,0
1756097709,9435,0.1,0.0,0.0,0.0,0.0,0.0,0.0,0.0,0,0,0
1756097709,9436,0.11,0.0,0.0,0.0,0.0,0.0,0.0,0.0,0,0,0
1756097709,9437,0.07,0.0,0.0,0.0,0.0,0.0,0.0,0.0,0,0,0
1756097709,9438,0.1,0.0,0.0,0.0,0.0,0.0,0.0,0.0,0,0,0
1756097709,9439,0.15,0.0,0.0,0.0,0.0,0.0,0.0,0.0,0,0,0
1756097709,9440,0.12,0.0,0.0,0.0,0.0,0.0,0.0,0.0,0,0,0
1756097710,9441,0.05,0.0,-0.02,0.0,0.0,0.0,0.0,0.0,0,0,0
1756097710,9442,0.11,0.0,-0.01,0.0,0.0,0.0,0.0,0.0,0,0,0
1756097710,9443,0.14,0.0,0.0,0.0,0.0,0.0,0.0,0.0,0,0,0
1756097710,9444,0.12,0.0,0.0,0.0,0.0,0.0,0.0,0.0,0,0,0
1756097710,9445,0.11,0.0,0.0,0.0,0.0,0.0,0.0,0.0,0,0,0
1756097710,9446,0.18,0.0,0.0,0.0,0.0,0.0,0.0,0.0,0,0,0
1756097710,9447,0.11,0.0,0.05,0.0,0.0,0.0,0.0,0.0,0,0,0
1756097710,9448,0.05,0.0,0.0,0.0,0.0,0.0,0.0,0.0,0,0,0
1756097710,9449,0.1,0.0,0.1,0.0,0.0,0.0,0.0,0.0,0,0,0
1756097710,9450,0.09,0.0,0.0,0.0,0.0,0.0,0.0,0.0,0,0,0
1756097710,9451,0.07,0.0,-0.07,0.0,0.0,0.0,0.0,0.0,0,0,0
1756097710,9452,0.1,0.0,0.0,0.0,0.0,0.0,0.0,0.0,0,0,0
1756097710,9453,0.17,0.0,0.03,0.0,0.0,0.0,0.0,0.0,0,0,0
1756097710,9454,0.12,0.0,0.0,0.0,0.0,0.0,0.0,0.0,0,0,0
1756097710,9455,0.11,0.0,-0.07,0.0,0.0,0.0,0.0,0.0,0,0,0
1756097710,9456,0.17,0.0,0.0,0.0,0.0,0.0,0.0,0.0,0,0,0
1756097710,9457,0.07,0.0,0.0,0.0,0.0,0.0,0.0,0.0,0,0,0
1756097710,9458,0.11,0.0,0.0,0.0,0.0,0.0,0.0,0.0,0,0,0
1756097710,9459,0.12,0.0,-0.05,0.0,0.0,0.0,0.0,0.0,0,0,0
1756097710,9460,0.12,0.0,0.0,0.0,0.0,0.0,0.0,0.0,0,0,0
1756097710,9461,0.1,0.0,0.0,0.0,0.0,0.0,0.0,0.0,0,0,0
1756097710,9462,0.18,0.0,-0.02,0.0,0.0,0.0,0.0,0.0,0,0,0
1756097710,9463,0.11,0.0,0.0,0.0,0.0,0.0,0.0,0.0,0,0,0
1756097710,9464,0.07,0.0,-0.02,0.0,0.0,0.0,0.0,0.0,0,0,0
1756097710,9465,0.14,0.0,0.07,0.0,0.0,0.0,0.0,0.0,0,0,0
1756097710,9466,0.0,0.0,-0.12,0.0,0.0,0.0,0.0,0.0,0,0,0
1756097710,9467,0.14,0.0,0.05,0.0,0.0,0.0,0.0,0.0,0,0,0
1756097710,9468,0.15,0.0,0.0,0.0,0.0,0.0,0.0,0.0,0,0,0
1756097710,9469,0.14,0.0,-0.02,0.0,0.0,0.0,0.0,0.0,0,0,0
1756097710,9470,0.14,0.0,-0.03,0.0,0.0,0.0,0.0,0.0,0,0,0
1756097710,9471,0.17,0.0,0.0,0.0,0.0,0.0,0.0,0.0,0,0,0
1756097710,9472,0.14,0.0,-0.01,0.0,0.0,0.0,0.0,0.0,0,0,0
1756097710,9473,0.14,0.0,0.01,0.0,0.0,0.0,0.0,0.0,0,0,0
1756097710,9474,0.14,0.0,0.0,0.0,0.0,0.0,0.0,0.0,0,0,0
1756097710,9475,0.12,0.0,0.0,0.0,0.0,0.0,0.0,0.0,0,0,0
1756097710,9476,0.11,0.0,0.0,0.0,0.0,0.0,0.0,0.0,0,0,0
1756097710,9477,0.15,0.0,0.0,0.0,0.0,0.0,0.0,0.0,0,0,0
1756097710,9478,0.1,0.0,-0.02,0.0,0.0,0.0,0.0,0.0,0,0,0
1756097710,9479,0.12,0.0,0.01,0.0,0.0,0.0,0.0,0.0,0,0,0
1756097710,9480,0.1,0.0,0.0,0.0,0.0,0.0,0.0,0.0,0,0,0
1756097710,9481,0.15,0.0,0.01,0.0,0.0,0.0,0.0,0.0,0,0,0
1756097710,9482,0.14,0.0,0.0,0.0,0.0,0.0,0.0,0.0,0,0,0
1756097710,9483,0.11,0.0,0.0,0.0,0.0,0.0,0.0,0.0,0,0,0
1756097710,9484,0.07,0.0,0.01,0.0,0.0,0.0,0.0,0.0,0,0,0
1756097710,9485,0.11,0.0,0.0,0.0,0.0,0.0,0.0,0.0,0,0,0
1756097710,9486,0.15,0.0,0.0,0.0,0.0,0.0,0.0,0.0,0,0,0
1756097710,9487,0.15,0.0,-0.07,0.0,0.0,0.0,0.0,0.0,0,0,0
1756097710,9488,0.15,0.0,0.03,0.0,0.0,0.0,0.0,0.0,0,0,0
1756097710,9489,0.18,0.0,0.01,0.0,0.0,0.0,0.0,0.0,0,0,0
1756097710,9490,0.1,0.0,0.0,0.0,0.0,0.0,0.0,0.0,0,0,0
1756097710,9491,0.15,0.0,-0.03,0.0,0.0,0.0,0.0,0.0,0,0,0
1756097710,9492,0.1,0.0,0.0,0.0,0.0,0.0,0.0,0.0,0,0,0
1756097710,9493,0.14,0.0,0.0,0.0,0.0,0.0,0.0,0.0,0,0,0
1756097710,9494,0.02,0.0,0.0,0.0,0.0,0.0,0.0,0.0,0,0,0
1756097710,9495,0.1,0.0,-0.09,0.0,0.0,0.0,0.0,0.0,0,0,0
1756097710,9496,0.2,0.0,-0.02,0.0,0.0,0.0,0.0,0.0,0,0,0
1756097710,9497,0.1,0.0,-0.03,0.0,0.0,0.0,0.0,0.0,0,0,0
1756097710,9498,0.15,0.0,0.0,0.0,0.0,0.0,0.0,0.0,0,0,0
1756097710,9499,0.1,0.0,-0.02,0.0,0.0,0.0,0.0,0.0,0,0,0
1756097710,9500,0.12,0.0,0.0,0.0,0.0,0.0,0.0,0.0,0,0,0
1756097710,9501,0.1,0.0,0.0,0.0,0.0,0.0,0.0,0.0,0,0,0
1756097710,9502,0.11,0.0,0.0,0.0,0.0,0.0,0.0,0.0,0,0,0
1756097710,9503,0.1,0.0,0.01,0.0,0.0,0.0,0.0,0.0,0,0,0
1756097710,9504,0.15,0.0,0.0,0.0,0.0,0.0,0.0,0.0,0,0,0
1756097710,9505,0.1,0.0,0.0,0.0,0.0,0.0,0.0,0.0,0,0,0
1756097710,9506,0.15,0.0,0.0,0.0,0.0,0.0,0.0,0.0,0,0,0
1756097710,9507,0.1,0.0,0.0,0.0,0.0,0.0,0.0,0.0,0,0,0
1756097710,9508,0.15,0.0,-0.1,0.0,0.0,0.0,0.0,0.0,0,0,0
1756097711,9509,0.15,0.0,0.07,0.0,0.0,0.0,0.0,0.0,0,0,0
1756097711,9510,0.09,0.0,0.0,0.0,0.0,0.0,0.0,0.0,0,0,0
1756097711,9511,0.15,0.0,0.0,0.0,0.0,0.0,0.0,0.0,0,0,0
1756097711,9512,0.1,0.0,0.01,0.0,0.0,0.0,0.0,0.0,0,0,0
1756097711,9513,0.15,0.0,0.0,0.0,0.0,0.0,0.0,0.0,0,0,0
1756097711,9514,0.07,0.0,0.0,0.0,0.0,0.0,0.0,0.0,0,0,0
1756097711,9515,0.15,0.0,0.01,0.0,0.0,0.0,0.0,0.0,0,0,0
1756097711,9516,0.1,0.0,0.0,0.0,0.0,0.0,0.0,0.0,0,0,0
1756097711,9517,0.18,0.0,-0.02,0.0,0.0,0.0,0.0,0.0,0,0,0
1756097711,9518,0.09,0.0,0.0,0.0,0.0,0.0,0.0,0.0,0,0,0
1756097711,9519,0.14,0.0,0.0,0.0,0.0,0.0,0.0,0.0,0,0,0
1756097711,9520,0.09,0.0,0.0,0.0,0.0,0.0,0.0,0.0,0,0,0
1756097711,9521,0.07,0.0,0.0,0.0,0.0,0.0,0.0,0.0,0,0,0
1756097711,9522,0.15,0.0,0.0,0.0,0.0,0.0,0.0,0.0,0,0,0
1756097711,9523,0.1,0.0,-0.03,0.0,0.0,0.0,0.0,0.0,0,0,0
1756097711,9524,0.09,0.0,-0.05,0.0,0.0,0.0,0.0,0.0,0,0,0
1756097711,9525,0.14,0.0,0.0,0.0,0.0,0.0,0.0,0.0,0,0,0
1756097711,9526,0.1,0.0,-0.05,0.0,0.0,0.0,0.0,0.0,0,0,0
1756097711,9527,0.15,0.0,0.0,0.0,0.0,0.0,0.0,0.0,0,0,0
1756097711,9528,0.09,0.0,0.0,0.0,0.0,0.0,0.0,0.0,0,0,0
1756097711,9529,0.15,0.0,0.01,0.0,0.0,0.0,0.0,0.0,0,0,0
1756097711,9530,0.11,0.0,-0.01,0.0,0.0,0.0,0.0,0.0,0,0,0
1756097711,9531,0.1,0.0,-0.07,0.0,0.0,0.0,0.0,0.0,0,0,0
1756097711,9532,0.15,0.0,0.01,0.0,0.0,0.0,0.0,0.0,0,0,0
1756097711,9533,0.1,0.0,0.0,0.0,0.0,0.0,0.0,0.0,0,0,0
1756097711,9534,0.14,0.0,-0.05,0.0,0.0,0.0,0.0,0.0,0,0,0
1756097711,9535,0.11,0.0,0.0,0.0,0.0,0.0,0.0,0.0,0,0,0
1756097711,9536,0.1,0.0,0.0,0.0,0.0,0.0,0.0,0.0,0,0,0
1756097711,9537,0.1,0.0,0.01,0.0,0.0,0.0,0.0,0.0,0,0,0
1756097711,9538,0.11,0.0,0.0,0.0,0.0,0.0,0.0,0.0,0,0,0
1756097711,9539,0.18,0.0,0.01,0.0,0.0,0.0,0.0,0.0,0,0,0
1756097711,9540,0.09,0.0,0.01,0.0,0.0,0.0,0.0,0.0,0,0,0
1756097711,9541,0.11,0.0,0.0,0.0,0.0,0.0,0.0,0.0,0,0,0
1756097711,9542,0.02,0.0,-0.01,0.0,0.0,0.0,0.0,0.0,0,0,0
1756097711,9543,0.18,0.0,0.0,0.0,0.0,0.0,0.0,0.0,0,0,0
1756097711,9544,0.2,0.0,0.0,0.0,0.0,0.0,0.0,0.0,0,0,0
1756097711,9545,0.09,0.0,0.01,0.0,0.0,0.0,0.0,0.0,0,0,0
1756097711,9546,0.1,0.0,0.0,0.0,0.0,0.0,0.0,0.0,0,0,0
1756097711,9547,0.11,0.0,0.0,0.0,0.0,0.0,0.0,0.0,0,0,0
1756097711,9548,0.1,0.0,0.07,0.0,0.0,0.0,0.0,0.0,0,0,0
1756097711,9549,0.09,0.0,-0.02,0.0,0.0,0.0,0.0,0.0,0,0,0
1756097711,9550,0.14,0.0,0.01,0.0,0.0,0.0,0.0,0.0,0,0,0
1756097711,9551,0.14,0.0,-0.01,0.0,0.0,0.0,0.0,0.0,0,0,0
1756097711,9552,0.01,0.0,0.0,0.0,0.0,0.0,0.0,0.0,0,0,0
1756097711,9553,0.15,0.0,-0.02,0.0,0.0,0.0,0.0,0.0,0,0,0
1756097711,9554,0.21,0.0,0.0,0.0,0.0,0.0,0.0,0.0,0,0,0
1756097711,9555,0.05,0.0,-0.02,0.0,0.0,0.0,0.0,0.0,0,0,0
1756097711,9556,0.1,0.0,-0.05,0.0,0.0,0.0,0.0,0.0,0,0,0
1756097711,9557,0.1,0.0,0.0,0.0,0.0,0.0,0.0,0.0,0,0,0
1756097711,9558,0.15,0.0,0.0,0.0,0.0,0.0,0.0,0.0,0,0,0
1756097711,9559,0.11,0.0,-0.01,0.0,0.0,0.0,0.0,0.0,0,0,0
1756097711,9560,0.14,0.0,-0.02,0.0,0.0,0.0,0.0,0.0,0,0,0
1756097711,9561,0.15,0.0,0.0,0.0,0.0,0.0,0.0,0.0,0,0,0
1756097711,9562,0.14,0.0,-0.03,0.0,0.0,0.0,0.0,0.0,0,0,0
1756097711,9563,0.14,0.0,-0.01,0.0,0.0,0.0,0.0,0.0,0,0,0
1756097711,9564,0.1,0.0,-0.03,0.0,0.0,0.0,0.0,0.0,0,0,0
1756097711,9565,0.1,0.0,0.02,0.0,0.0,0.0,0.0,0.0,0,0,0
1756097711,9566,0.2,0.0,-0.01,0.0,0.0,0.0,0.0,0.0,0,0,0
1756097711,9567,0.14,0.0,0.0,0.0,0.0,0.0,0.0,0.0,0,0,0
1756097711,9568,0.07,0.0,0.07,0.0,0.0,0.0,0.0,0.0,0,0,0
1756097711,9569,0.15,0.0,0.0,0.0,0.0,0.0,0.0,0.0,0,0,0
1756097711,9570,0.15,0.0,0.0,0.0,0.0,0.0,0.0,0.0,0,0,0
1756097711,9571,0.14,0.0,0.02,0.0,0.0,0.0,0.0,0.0,0,0,0
1756097711,9572,0.1,0.0,0.0,0.0,0.0,0.0,0.0,0.0,0,0,0
1756097711,9573,0.15,0.0,0.0,0.0,0.0,0.0,0.0,0.0,0,0,0
1756097711,9574,0.11,0.0,0.01,0.0,0.0,0.0,0.0,0.0,0,0,0
1756097712,9575,0.11,0.0,0.0,0.0,0.0,0.0,0.0,0.0,0,0,0
1756097712,9576,0.14,0.0,0.0,0.0,0.0,0.0,0.0,0.0,0,0,0
1756097712,9577,0.15,0.0,0.0,0.0,0.0,0.0,0.0,0.0,0,0,0
1756097712,9578,0.1,0.0,-0.02,0.0,0.0,0.0,0.0,0.0,0,0,0
1756097712,9579,0.15,0.0,0.0,0.0,0.0,0.0,0.0,0.0,0,0,0
1756097712,9580,0.15,0.0,0.0,0.0,0.0,0.0,0.0,0.0,0,0,0
1756097712,9581,0.12,0.0,-0.02,0.0,0.0,0.0,0.0,0.0,0,0,0
1756097712,9582,0.11,0.0,0.0,0.0,0.0,0.0,0.0,0.0,0,0,0
1756097712,9583,0.05,0.0,0.0,0.0,0.0,0.0,0.0,0.0,0,0,0
1756097712,9584,0.15,0.0,-0.03,0.0,0.0,0.0,0.0,0.0,0,0,0
1756097712,9585,0.14,0.0,0.0,0.0,0.0,0.0,0.0,0.0,0,0,0
1756097712,9586,0.12,0.0,-0.02,0.0,0.0,0.0,0.0,0.0,0,0,0
1756097712,9587,0.1,0.0,0.0,0.0,0.0,0.0,0.0,0.0,0,0,0
1756097712,9588,0.14,0.0,0.0,0.0,0.0,0.0,0.0,0.0,0,0,0
1756097712,9589,0.05,0.0,0.0,0.0,0.0,0.0,0.0,0.0,0,0,0
1756097712,9590,0.11,0.0,-0.03,0.0,0.0,0.0,0.0,0.0,0,0,0
1756097712,9591,0.15,0.0,0.0,0.0,0.0,0.0,0.0,0.0,0,0,0
1756097712,9592,0.14,0.0,0.0,0.0,0.0,0.0,0.0,0.0,0,0,0
1756097712,9593,0.17,0.0,0.0,0.0,0.0,0.0,0.0,0.0,0,0,0
1756097712,9594,0.07,0.0,0.0,0.0,0.0,0.0,0.0,0.0,0,0,0
1756097712,9595,0.05,0.0,-0.01,0.0,0.0,0.0,0.0,0.0,0,0,0
1756097712,9596,0.1,0.0,0.05,0.0,0.0,0.0,0.0,0.0,0,0,0
1756097712,9597,0.14,0.0,0.0,0.0,0.0,0.0,0.0,0.0,0,0,0
1756097712,9598,0.12,0.0,0.0,0.0,0.0,0.0,0.0,0.0,0,0,0
1756097712,9599,0.12,0.0,-0.02,0.0,0.0,0.0,0.0,0.0,0,0,0
1756097712,9600,0.14,0.0,-0.01,0.0,0.0,0.0,0.0,0.0,0,0,0
1756097712,9601,0.07,0.0,-0.01,0.0,0.0,0.0,0.0,0.0,0,0,0
1756097712,9602,0.11,0.0,0.01,0.0,0.0,0.0,0.0,0.0,0,0,0
1756097712,9603,0.14,0.0,0.01,0.0,0.0,0.0,0.0,0.0,0,0,0
1756097712,9604,0.07,0.0,0.0,0.0,0.0,0.0,0.0,0.0,0,0,0
1756097712,9605,0.14,0.0,0.0,0.0,0.0,0.0,0.0,0.0,0,0,0
1756097712,9606,0.03,0.0,-0.01,0.0,0.0,0.0,0.0,0.0,0,0,0
1756097712,9607,0.07,0.0,0.0,0.0,0.0,0.0,0.0,0.0,0,0,0
1756097712,9608,0.2,0.0,0.0,0.0,0.0,0.0,0.0,0.0,0,0,0
1756097712,9609,0.1,0.0,0.0,0.0,0.0,0.0,0.0,0.0,0,0,0
1756097712,9610,0.07,0.0,0.0,0.0,0.0,0.0,0.0,0.0,0,0,0
1756097712,9611,0.11,0.0,0.0,0.0,0.0,0.0,0.0,0.0,0,0,0
1756097712,9612,0.12,0.0,-0.01,0.0,0.0,0.0,0.0,0.0,0,0,0
1756097712,9613,0.12,0.0,0.0,0.0,0.0,0.0,0.0,0.0,0,0,0
1756097712,9614,0.09,0.0,0.0,0.0,0.0,0.0,0.0,0.0,0,0,0
1756097712,9615,0.1,0.0,0.0,0.0,0.0,0.0,0.0,0.0,0,0,0
1756097712,9616,0.12,0.0,0.0,0.0,0.0,0.0,0.0,0.0,0,0,0
1756097712,9617,0.17,0.0,0.02,0.0,0.0,0.0,0.0,0.0,0,0,0
1756097712,9618,0.15,0.0,0.05,0.0,0.0,0.0,0.0,0.0,0,0,0
1756097712,9619,0.12,0.0,-0.01,0.0,0.0,0.0,0.0,0.0,0,0,0
1756097712,9620,0.07,0.0,0.01,0.0,0.0,0.0,0.0,0.0,0,0,0
1756097712,9621,0.18,0.0,0.0,0.0,0.0,0.0,0.0,0.0,0,0,0
1756097712,9622,0.11,0.0,0.0,0.0,0.0,0.0,0.0,0.0,0,0,0
1756097712,9623,0.1,0.0,-0.01,0.0,0.0,0.0,0.0,0.0,0,0,0
1756097712,9624,0.18,0.0,-0.05,0.0,0.0,0.0,0.0,0.0,0,0,0
1756097712,9625,0.11,0.0,0.05,0.0,0.0,0.0,0.0,0.0,0,0,0
1756097712,9626,0.18,0.0,0.02,0.0,0.0,0.0,0.0,0.0,0,0,0
1756097712,9627,0.1,0.0,-0.05,0.0,0.0,0.0,0.0,0.0,0,0,0
1756097712,9628,0.07,0.0,0.0,0.0,0.0,0.0,0.0,0.0,0,0,0
1756097712,9629,0.07,0.0,-0.07,0.0,0.0,0.0,0.0,0.0,0,0,0
1756097712,9630,0.14,0.0,0.0,0.0,0.0,0.0,0.0,0.0,0,0,0
1756097712,9631,0.03,0.0,-0.05,0.0,0.0,0.0,0.0,0.0,0,0,0
1756097712,9632,0.15,0.0,0.0,0.0,0.0,0.0,0.0,0.0,0,0,0
1756097712,9633,0.1,0.0,-0.03,0.0,0.0,0.0,0.0,0.0,0,0,0
1756097712,9634,0.02,0.0,-0.01,0.0,0.0,0.0,0.0,0.0,0,0,0
1756097712,9635,0.12,0.0,0.0,0.0,0.0,0.0,0.0,0.0,0,0,0
1756097712,9636,0.15,0.0,0.0,0.0,0.0,0.0,0.0,0.0,0,0,0
1756097712,9637,0.15,0.0,0.0,0.0,0.0,0.0,0.0,0.0,0,0,0
1756097713,9638,0.11,0.0,0.0,0.0,0.0,0.0,0.0,0.0,0,0,0
1756097713,9639,0.07,0.0,0.0,0.0,0.0,0.0,0.0,0.0,0,0,0
1756097713,9640,0.07,0.0,0.0,0.0,0.0,0.0,0.0,0.0,0,0,0
1756097713,9641,0.18,0.0,0.0,0.0,0.0,0.0,0.0,0.0,0,0,0
1756097713,9642,0.1,0.0,0.0,0.0,0.0,0.0,0.0,0.0,0,0,0
1756097713,9643,0.09,0.0,0.0,0.0,0.0,0.0,0.0,0.0,0,0,0
1756097713,9644,0.14,0.0,0.0,0.0,0.0,0.0,0.0,0.0,0,0,0
1756097713,9645,0.09,0.0,-0.03,0.0,0.0,0.0,0.0,0.0,0,0,0
1756097713,9646,0.09,0.0,0.0,0.0,0.0,0.0,0.0,0.0,0,0,0
1756097713,9647,0.11,0.0,0.0,0.0,0.0,0.0,0.0,0.0,0,0,0
1756097713,9648,0.1,0.0,0.0,0.0,0.0,0.0,0.0,0.0,0,0,0
1756097713,9649,0.1,0.0,0.0,0.0,0.0,0.0,0.0,0.0,0,0,0
1756097713,9650,0.15,0.0,0.0,0.0,0.0,0.0,0.0,0.0,0,0,0
1756097713,9651,0.1,0.0,0.0,0.0,0.0,0.0,0.0,0.0,0,0,0
1756097713,9652,0.11,0.0,0.0,0.0,0.0,0.0,0.0,0.0,0,0,0
1756097713,9653,0.17,0.0,0.02,0.0,0.0,0.0,0.0,0.0,0,0,0
1756097713,9654,0.09,0.0,0.0,0.0,0.0,0.0,0.0,0.0,0,0,0
1756097713,9655,0.15,0.0,0.09,0.0,0.0,0.0,0.0,0.0,0,0,0
1756097713,9656,0.14,0.0,-0.05,0.0,0.0,0.0,0.0,0.0,0,0,0
1756097713,9657,0.07,0.0,0.0,0.0,0.0,0.0,0.0,0.0,0,0,0
1756097713,9658,0.14,0.0,0.05,0.0,0.0,0.0,0.0,0.0,0,0,0
1756097713,9659,0.1,0.0,0.0,0.0,0.0,0.0,0.0,0.0,0,0,0
1756097713,9660,0.11,0.0,-0.03,0.0,0.0,0.0,0.0,0.0,0,0,0
1756097713,9661,0.14,0.0,0.0,0.0,0.0,0.0,0.0,0.0,0,0,0
1756097713,9662,0.15,0.0,-0.01,0.0,0.0,0.0,0.0,0.0,0,0,0
1756097713,9663,0.15,0.0,-0.01,0.0,0.0,0.0,0.0,0.0,0,0,0
1756097713,9664,0.1,0.0,0.0,0.0,0.0,0.0,0.0,0.0,0,0,0
1756097713,9665,0.11,0.0,0.0,0.0,0.0,0.0,0.0,0.0,0,0,0
1756097713,9666,0.12,0.0,0.0,0.0,0.0,0.0,0.0,0.0,0,0,0
1756097713,9667,0.09,0.0,-0.03,0.0,0.0,0.0,0.0,0.0,0,0,0
1756097713,9668,0.07,0.0,0.0,0.0,0.0,0.0,0.0,0.0,0,0,0
1756097713,9669,0.1,0.0,-0.02,0.0,0.0,0.0,0.0,0.0,0,0,0
1756097713,9670,0.09,0.0,-0.02,0.0,0.0,0.0,0.0,0.0,0,0,0
1756097713,9671,0.11,0.0,0.0,0.0,0.0,0.0,0.0,0.0,0,0,0
1756097713,9672,0.12,0.0,0.05,0.0,0.0,0.0,0.0,0.0,0,0,0
1756097713,9673,0.15,0.0,0.0,0.0,0.0,0.0,0.0,0.0,0,0,0
1756097713,9674,0.15,0.0,0.0,0.0,0.0,0.0,0.0,0.0,0,0,0
1756097713,9675,0.07,0.0,0.0,0.0,0.0,0.0,0.0,0.0,0,0,0
1756097713,9676,0.1,0.0,0.0,0.0,0.0,0.0,0.0,0.0,0,0,0
1756097713,9677,0.14,0.0,0.01,0.0,0.0,0.0,0.0,0.0,0,0,0
1756097713,9678,0.31,0.0,0.0,0.0,0.0,0.0,0.0,0.0,0,0,0
1756097713,9679,0.09,0.0,-0.03,0.0,0.0,0.0,0.0,0.0,0,0,0
1756097713,9680,0.05,0.0,-0.02,0.0,0.0,0.0,0.0,0.0,0,0,0
1756097713,9681,0.1,0.0,0.0,0.0,0.0,0.0,0.0,0.0,0,0,0
1756097713,9682,0.03,0.0,0.0,0.0,0.0,0.0,0.0,0.0,0,0,0
1756097713,9683,0.0,0.0,0.0,0.0,0.0,0.0,0.0,0.0,0,0,0
1756097713,9684,0.12,0.0,0.0,0.0,0.0,0.0,0.0,0.0,0,0,0
1756097713,9685,0.15,0.0,0.0,0.0,0.0,0.0,0.0,0.0,0,0,0
1756097713,9686,0.1,0.0,0.0,0.0,0.0,0.0,0.0,0.0,0,0,0
1756097713,9687,0.14,0.0,-0.01,0.0,0.0,0.0,0.0,0.0,0,0,0
1756097713,9688,0.14,0.0,0.0,0.0,0.0,0.0,0.0,0.0,0,0,0
1756097713,9689,0.12,0.0,-0.01,0.0,0.0,0.0,0.0,0.0,0,0,0
1756097713,9690,0.15,0.0,0.0,0.0,0.0,0.0,0.0,0.0,0,0,0
1756097713,9691,0.07,0.0,0.0,0.0,0.0,0.0,0.0,0.0,0,0,0
1756097713,9692,0.17,0.0,-0.09,0.0,0.0,0.0,0.0,0.0,0,0,0
1756097713,9693,0.14,0.0,-0.01,0.0,0.0,0.0,0.0,0.0,0,0,0
1756097713,9694,0.17,0.0,0.0,0.0,0.0,0.0,0.0,0.0,0,0,0
1756097713,9695,0.09,0.0,0.0,0.0,0.0,0.0,0.0,0.0,0,0,0
1756097713,9696,0.15,0.0,-0.01,0.0,0.0,0.0,0.0,0.0,0,0,0
1756097713,9697,0.14,0.0,-0.03,0.0,0.0,0.0,0.0,0.0,0,0,0
1756097713,9698,0.12,0.0,-0.09,0.0,0.0,0.0,0.0,0.0,0,0,0
1756097713,9699,0.15,0.0,0.0,0.0,0.0,0.0,0.0,0.0,0,0,0
1756097713,9700,0.15,0.0,0.0,0.0,0.0,0.0,0.0,0.0,0,0,0
1756097713,9701,0.14,0.0,-0.03,0.0,0.0,0.0,0.0,0.0,0,0,0
1756097713,9702,0.15,0.0,0.05,0.0,0.0,0.0,0.0,0.0,0,0,0
1756097714,9703,0.14,0.0,0.03,0.0,0.0,0.0,0.0,0.0,0,0,0
1756097714,9704,0.25,0.0,-0.02,0.0,0.0,0.0,0.0,0.0,0,0,0
1756097714,9705,0.07,0.0,0.05,0.0,0.0,0.0,0.0,0.0,0,0,0
1756097714,9706,0.09,0.0,-0.07,0.0,0.0,0.0,0.0,0.0,0,0,0
1756097714,9707,0.1,0.0,0.0,0.0,0.0,0.0,0.0,0.0,0,0,0
1756097714,9708,0.1,0.0,0.0,0.0,0.0,0.0,0.0,0.0,0,0,0
1756097714,9709,0.1,0.0,0.0,0.0,0.0,0.0,0.0,0.0,0,0,0
1756097714,9710,0.09,0.0,0.02,0.0,0.0,0.0,0.0,0.0,0,0,0
1756097714,9711,0.1,0.0,-0.01,0.0,0.0,0.0,0.0,0.0,0,0,0
1756097714,9712,0.15,0.0,0.0,0.0,0.0,0.0,0.0,0.0,0,0,0
1756097714,9713,0.12,0.0,0.0,0.0,0.0,0.0,0.0,0.0,0,0,0
1756097714,9714,0.07,0.0,0.0,0.0,0.0,0.0,0.0,0.0,0,0,0
1756097714,9715,0.18,0.0,-0.01,0.0,0.0,0.0,0.0,0.0,0,0,0
1756097714,9716,0.14,0.0,-0.07,0.0,0.0,0.0,0.0,0.0,0,0,0
1756097714,9717,0.14,0.0,0.0,0.0,0.0,0.0,0.0,0.0,0,0,0
1756097714,9718,0.14,0.0,0.02,0.0,0.0,0.0,0.0,0.0,0,0,0
1756097714,9719,0.1,0.0,0.05,0.0,0.0,0.0,0.0,0.0,0,0,0
1756097714,9720,0.15,0.0,0.0,0.0,0.0,0.0,0.0,0.0,0,0,0
1756097714,9721,0.12,0.0,0.05,0.0,0.0,0.0,0.0,0.0,0,0,0
1756097714,9722,0.1,0.0,0.01,0.0,0.0,0.0,0.0,0.0,0,0,0
1756097714,9723,0.2,0.0,-0.01,0.0,0.0,0.0,0.0,0.0,0,0,0
1756097714,9724,0.1,0.0,0.0,0.0,0.0,0.0,0.0,0.0,0,0,0
1756097714,9725,0.1,0.0,0.01,0.0,0.0,0.0,0.0,0.0,0,0,0
1756097714,9726,0.17,0.0,0.0,0.0,0.0,0.0,0.0,0.0,0,0,0
1756097714,9727,0.15,0.0,0.0,0.0,0.0,0.0,0.0,0.0,0,0,0
1756097714,9728,0.14,0.0,0.02,0.0,0.0,0.0,0.0,0.0,0,0,0
1756097714,9729,0.12,0.0,0.0,0.0,0.0,0.0,0.0,0.0,0,0,0
1756097714,9730,0.11,0.0,0.0,0.0,0.0,0.0,0.0,0.0,0,0,0
1756097714,9731,0.15,0.0,0.03,0.0,0.0,0.0,0.0,0.0,0,0,0
1756097714,9732,0.18,0.0,0.0,0.0,0.0,0.0,0.0,0.0,0,0,0
1756097714,9733,0.14,0.0,0.01,0.0,0.0,0.0,0.0,0.0,0,0,0
1756097714,9734,0.1,0.0,0.01,0.0,0.0,0.0,0.0,0.0,0,0,0
1756097714,9735,0.17,0.0,0.0,0.0,0.0,0.0,0.0,0.0,0,0,0
1756097714,9736,0.1,0.0,0.0,0.0,0.0,0.0,0.0,0.0,0,0,0
1756097714,9737,0.1,0.0,0.0,0.0,0.0,0.0,0.0,0.0,0,0,0
1756097714,9738,0.18,0.0,0.01,0.0,0.0,0.0,0.0,0.0,0,0,0
1756097714,9739,0.15,0.0,-0.1,0.0,0.0,0.0,0.0,0.0,0,0,0
1756097714,9740,0.23,0.0,0.0,0.0,0.0,0.0,0.0,0.0,0,0,0
1756097714,9741,0.05,0.0,0.03,0.0,0.0,0.0,0.0,0.0,0,0,0
1756097714,9742,0.12,0.0,0.0,0.0,0.0,0.0,0.0,0.0,0,0,0
1756097714,9743,0.1,0.0,0.0,0.0,0.0,0.0,0.0,0.0,0,0,0
1756097714,9744,0.07,0.0,0.0,0.0,0.0,0.0,0.0,0.0,0,0,0
1756097714,9745,0.11,0.0,0.0,0.0,0.0,0.0,0.0,0.0,0,0,0
1756097714,9746,0.09,0.0,-0.12,0.0,0.0,0.0,0.0,0.0,0,0,0
1756097714,9747,0.12,0.0,-0.07,0.0,0.0,0.0,0.0,0.0,0,0,0
1756097714,9748,0.02,0.0,0.01,0.0,0.0,0.0,0.0,0.0,0,0,0
1756097714,9749,0.15,0.0,0.01,0.0,0.0,0.0,0.0,0.0,0,0,0
1756097714,9750,0.15,0.0,0.0,0.0,0.0,0.0,0.0,0.0,0,0,0
1756097714,9751,0.17,0.0,0.0,0.0,0.0,0.0,0.0,0.0,0,0,0
1756097714,9752,0.15,0.0,0.0,0.0,0.0,0.0,0.0,0.0,0,0,0
1756097714,9753,0.1,0.0,0.0,0.0,0.0,0.0,0.0,0.0,0,0,0
1756097714,9754,0.11,0.0,0.0,0.0,0.0,0.0,0.0,0.0,0,0,0
1756097714,9755,0.12,0.0,0.0,0.0,0.0,0.0,0.0,0.0,0,0,0
1756097714,9756,0.12,0.0,-0.02,0.0,0.0,0.0,0.0,0.0,0,0,0
1756097714,9757,0.1,0.0,0.0,0.0,0.0,0.0,0.0,0.0,0,0,0
1756097714,9758,0.14,0.0,-0.03,0.0,0.0,0.0,0.0,0.0,0,0,0
1756097714,9759,0.09,0.0,0.0,0.0,0.0,0.0,0.0,0.0,0,0,0
1756097714,9760,0.14,0.0,0.0,0.0,0.0,0.0,0.0,0.0,0,0,0
1756097714,9761,0.2,0.0,0.0,0.0,0.0,0.0,0.0,0.0,0,0,0
1756097714,9762,0.1,0.0,0.0,0.0,0.0,0.0,0.0,0.0,0,0,0
1756097714,9763,0.12,0.0,0.0,0.0,0.0,0.0,0.0,0.0,0,0,0
1756097714,9764,0.12,0.0,0.0,0.0,0.0,0.0,0.0,0.0,0,0,0
1756097714,9765,0.05,0.0,0.0,0.0,0.0,0.0,0.0,0.0,0,0,0
1756097714,9766,0.14,0.0,0.0,0.0,0.0,0.0,0.0,0.0,0,0,0
1756097714,9767,0.18,0.0,-0.1,0.0,0.0,0.0,0.0,0.0,0,0,0
1756097714,9768,0.1,0.0,0.0,0.0,0.0,0.0,0.0,0.0,0,0,0
1756097714,9769,0.09,0.0,0.0,0.0,0.0,0.0,0.0,0.0,0,0,0
1756097714,9770,0.14,0.0,0.0,0.0,0.0,0.0,0.0,0.0,0,0,0
1756097714,9771,0.07,0.0,0.0,0.0,0.0,0.0,0.0,0.0,0,0,0
1756097715,9772,0.1,0.0,0.0,0.0,0.0,0.0,0.0,0.0,0,0,0
1756097715,9773,0.11,0.0,-0.01,0.0,0.0,0.0,0.0,0.0,0,0,0
1756097715,9774,0.12,0.0,-0.02,0.0,0.0,0.0,0.0,0.0,0,0,0
1756097715,9775,0.07,0.0,0.0,0.0,0.0,0.0,0.0,0.0,0,0,0
1756097715,9776,0.18,0.0,-0.05,0.0,0.0,0.0,0.0,0.0,0,0,0
1756097715,9777,0.15,0.0,0.0,0.0,0.0,0.0,0.0,0.0,0,0,0
1756097715,9778,0.1,0.0,0.01,0.0,0.0,0.0,0.0,0.0,0,0,0
1756097715,9779,0.05,0.0,0.01,0.0,0.0,0.0,0.0,0.0,0,0,0
1756097715,9780,0.18,0.0,0.02,0.0,0.0,0.0,0.0,0.0,0,0,0
1756097715,9781,0.2,0.0,0.02,0.0,0.0,0.0,0.0,0.0,0,0,0
1756097715,9782,0.14,0.0,-0.05,0.0,0.0,0.0,0.0,0.0,0,0,0
1756097715,9783,0.1,0.0,0.0,0.0,0.0,0.0,0.0,0.0,0,0,0
1756097715,9784,0.1,0.0,-0.01,0.0,0.0,0.0,0.0,0.0,0,0,0
1756097715,9785,0.1,0.0,-0.02,0.0,0.0,0.0,0.0,0.0,0,0,0
1756097715,9786,0.1,0.0,0.02,0.0,0.0,0.0,0.0,0.0,0,0,0
1756097715,9787,0.14,0.0,0.0,0.0,0.0,0.0,0.0,0.0,0,0,0
1756097715,9788,0.05,0.0,0.0,0.0,0.0,0.0,0.0,0.0,0,0,0
1756097715,9789,0.18,0.0,0.0,0.0,0.0,0.0,0.0,0.0,0,0,0
1756097715,9790,0.15,0.0,0.0,0.0,0.0,0.0,0.0,0.0,0,0,0
1756097715,9791,0.11,0.0,0.01,0.0,0.0,0.0,0.0,0.0,0,0,0
1756097715,9792,0.12,0.0,-0.03,0.0,0.0,0.0,0.0,0.0,0,0,0
1756097715,9793,0.1,0.0,0.0,0.0,0.0,0.0,0.0,0.0,0,0,0
1756097715,9794,0.14,0.0,0.0,0.0,0.0,0.0,0.0,0.0,0,0,0
1756097715,9795,0.1,0.0,0.01,0.0,0.0,0.0,0.0,0.0,0,0,0
1756097715,9796,0.09,0.0,0.0,0.0,0.0,0.0,0.0,0.0,0,0,0
1756097715,9797,0.07,0.0,0.0,0.0,0.0,0.0,0.0,0.0,0,0,0
1756097715,9798,0.12,0.0,0.0,0.0,0.0,0.0,0.0,0.0,0,0,0
1756097715,9799,0.11,0.0,-0.07,0.0,0.0,0.0,0.0,0.0,0,0,0
1756097715,9800,0.1,0.0,0.0,0.0,0.0,0.0,0.0,0.0,0,0,0
1756097715,9801,0.09,0.0,-0.05,0.0,0.0,0.0,0.0,0.0,0,0,0
1756097715,9802,0.1,0.0,0.0,0.0,0.0,0.0,0.0,0.0,0,0,0
1756097715,9803,0.1,0.0,0.0,0.0,0.0,0.0,0.0,0.0,0,0,0
1756097715,9804,0.1,0.0,0.01,0.0,0.0,0.0,0.0,0.0,0,0,0
1756097715,9805,0.17,0.0,0.0,0.0,0.0,0.0,0.0,0.0,0,0,0
1756097715,9806,0.09,0.0,-0.07,0.0,0.0,0.0,0.0,0.0,0,0,0
1756097715,9807,0.03,0.0,0.0,0.0,0.0,0.0,0.0,0.0,0,0,0
1756097715,9808,0.15,0.0,0.0,0.0,0.0,0.0,0.0,0.0,0,0,0
1756097715,9809,0.15,0.0,0.0,0.0,0.0,0.0,0.0,0.0,0,0,0
1756097715,9810,0.05,0.0,0.0,0.0,0.0,0.0,0.0,0.0,0,0,0
1756097715,9811,0.12,0.0,0.0,0.0,0.0,0.0,0.0,0.0,0,0,0
1756097715,9812,0.2,0.0,-0.01,0.0,0.0,0.0,0.0,0.0,0,0,0
1756097715,9813,0.12,0.0,-0.01,0.0,0.0,0.0,0.0,0.0,0,0,0
1756097715,9814,0.09,0.0,0.0,0.0,0.0,0.0,0.0,0.0,0,0,0
1756097715,9815,0.07,0.0,0.0,0.0,0.0,0.0,0.0,0.0,0,0,0
1756097715,9816,0.11,0.0,-0.02,0.0,0.0,0.0,0.0,0.0,0,0,0
1756097715,9817,0.1,0.0,0.02,0.0,0.0,0.0,0.0,0.0,0,0,0
1756097715,9818,0.12,0.0,0.0,0.0,0.0,0.0,0.0,0.0,0,0,0
1756097715,9819,0.12,0.0,-0.02,0.0,0.0,0.0,0.0,0.0,0,0,0
1756097715,9820,0.1,0.0,0.0,0.0,0.0,0.0,0.0,0.0,0,0,0
1756097715,9821,0.15,0.0,-0.01,0.0,0.0,0.0,0.0,0.0,0,0,0
1756097715,9822,0.14,0.0,-0.02,0.0,0.0,0.0,0.0,0.0,0,0,0
1756097715,9823,0.05,0.0,0.0,0.0,0.0,0.0,0.0,0.0,0,0,0
1756097715,9824,0.12,0.0,0.0,0.0,0.0,0.0,0.0,0.0,0,0,0
1756097715,9825,0.17,0.0,0.0,0.0,0.0,0.0,0.0,0.0,0,0,0
1756097715,9826,0.11,0.0,0.0,0.0,0.0,0.0,0.0,0.0,0,0,0
1756097715,9827,0.12,0.0,0.0,0.0,0.0,0.0,0.0,0.0,0,0,0
1756097715,9828,0.11,0.0,0.0,0.0,0.0,0.0,0.0,0.0,0,0,0
1756097715,9829,0.15,0.0,-0.03,0.0,0.0,0.0,0.0,0.0,0,0,0
1756097715,9830,0.14,0.0,0.0,0.0,0.0,0.0,0.0,0.0,0,0,0
1756097715,9831,0.14,0.0,0.0,0.0,0.0,0.0,0.0,0.0,0,0,0
1756097715,9832,0.18,0.0,0.02,0.0,0.0,0.0,0.0,0.0,0,0,0
1756097715,9833,0.09,0.0,-0.01,0.0,0.0,0.0,0.0,0.0,0,0,0
1756097715,9834,0.15,0.0,0.05,0.0,0.0,0.0,0.0,0.0,0,0,0
1756097715,9835,0.09,0.0,0.0,0.0,0.0,0.0,0.0,0.0,0,0,0
1756097716,9836,0.02,0.0,0.05,0.0,0.0,0.0,0.0,0.0,0,0,0
1756097716,9837,0.18,0.0,0.0,0.0,0.0,0.0,0.0,0.0,0,0,0
1756097716,9838,0.15,0.0,0.0,0.0,0.0,0.0,0.0,0.0,0,0,0
1756097716,9839,0.1,0.0,0.03,0.0,0.0,0.0,0.0,0.0,0,0,0
1756097716,9840,0.14,0.0,0.0,0.0,0.0,0.0,0.0,0.0,0,0,0
1756097716,9841,0.12,0.0,0.0,0.0,0.0,0.0,0.0,0.0,0,0,0
1756097716,9842,0.07,0.0,0.0,0.0,0.0,0.0,0.0,0.0,0,0,0
1756097716,9843,0.07,0.0,0.0,0.0,0.0,0.0,0.0,0.0,0,0,0
1756097716,9844,0.18,0.0,-0.01,0.0,0.0,0.0,0.0,0.0,0,0,0
1756097716,9845,0.1,0.0,0.0,0.0,0.0,0.0,0.0,0.0,0,0,0
1756097716,9846,0.14,0.0,0.03,0.0,0.0,0.0,0.0,0.0,0,0,0
1756097716,9847,0.11,0.0,0.0,0.0,0.0,0.0,0.0,0.0,0,0,0
1756097716,9848,0.15,0.0,0.0,0.0,0.0,0.0,0.0,0.0,0,0,0
1756097716,9849,0.11,0.0,0.01,0.0,0.0,0.0,0.0,0.0,0,0,0
1756097716,9850,0.14,0.0,-0.02,0.0,0.0,0.0,0.0,0.0,0,0,0
1756097716,9851,0.14,0.0,0.0,0.0,0.0,0.0,0.0,0.0,0,0,0
1756097716,9852,0.18,0.0,0.01,0.0,0.0,0.0,0.0,0.0,0,0,0
1756097716,9853,0.15,0.0,-0.01,0.0,0.0,0.0,0.0,0.0,0,0,0
1756097716,9854,0.1,0.0,0.0,0.0,0.0,0.0,0.0,0.0,0,0,0
1756097716,9855,0.07,0.0,0.0,0.0,0.0,0.0,0.0,0.0,0,0,0
1756097716,9856,0.14,0.0,0.0,0.0,0.0,0.0,0.0,0.0,0,0,0
1756097716,9857,0.12,0.0,0.0,0.0,0.0,0.0,0.0,0.0,0,0,0
1756097716,9858,0.1,0.0,0.0,0.0,0.0,0.0,0.0,0.0,0,0,0
1756097716,9859,0.1,0.0,-0.02,0.0,0.0,0.0,0.0,0.0,0,0,0
1756097716,9860,0.15,0.0,0.0,0.0,0.0,0.0,0.0,0.0,0,0,0
1756097716,9861,0.11,0.0,0.02,0.0,0.0,0.0,0.0,0.0,0,0,0
1756097716,9862,0.15,0.0,0.0,0.0,0.0,0.0,0.0,0.0,0,0,0
1756097716,9863,0.11,0.0,0.0,0.0,0.0,0.0,0.0,0.0,0,0,0
1756097716,9864,0.12,0.0,0.0,0.0,0.0,0.0,0.0,0.0,0,0,0
1756097716,9865,0.1,0.0,0.0,0.0,0.0,0.0,0.0,0.0,0,0,0
1756097716,9866,0.11,0.0,-0.01,0.0,0.0,0.0,0.0,0.0,0,0,0
1756097716,9867,0.12,0.0,-0.01,0.0,0.0,0.0,0.0,0.0,0,0,0
1756097716,9868,0.09,0.0,0.0,0.0,0.0,0.0,0.0,0.0,0,0,0
1756097716,9869,0.1,0.0,-0.05,0.0,0.0,0.0,0.0,0.0,0,0,0
1756097716,9870,0.1,0.0,0.0,0.0,0.0,0.0,0.0,0.0,0,0,0
1756097716,9871,0.12,0.0,-0.02,0.0,0.0,0.0,0.0,0.0,0,0,0
1756097716,9872,0.15,0.0,0.05,0.0,0.0,0.0,0.0,0.0,0,0,0
1756097716,9873,0.05,0.0,0.0,0.0,0.0,0.0,0.0,0.0,0,0,0
1756097716,9874,0.12,0.0,0.0,0.0,0.0,0.0,0.0,0.0,0,0,0
1756097716,9875,0.07,0.0,0.0,0.0,0.0,0.0,0.0,0.0,0,0,0
1756097716,9876,0.14,0.0,0.0,0.0,0.0,0.0,0.0,0.0,0,0,0
1756097716,9877,0.03,0.0,0.0,0.0,0.0,0.0,0.0,0.0,0,0,0
1756097716,9878,0.18,0.0,0.0,0.0,0.0,0.0,0.0,0.0,0,0,0
1756097716,9879,0.15,0.0,0.0,0.0,0.0,0.0,0.0,0.0,0,0,0
1756097716,9880,0.15,0.0,-0.01,0.0,0.0,0.0,0.0,0.0,0,0,0
1756097716,9881,0.14,0.0,0.01,0.0,0.0,0.0,0.0,0.0,0,0,0
1756097716,9882,0.14,0.0,0.0,0.0,0.0,0.0,0.0,0.0,0,0,0
1756097716,9883,0.1,0.0,0.02,0.0,0.0,0.0,0.0,0.0,0,0,0
1756097716,9884,0.1,0.0,0.0,0.0,0.0,0.0,0.0,0.0,0,0,0
1756097716,9885,0.15,0.0,0.0,0.0,0.0,0.0,0.0,0.0,0,0,0
1756097716,9886,0.12,0.0,0.0,0.0,0.0,0.0,0.0,0.0,0,0,0
1756097716,9887,0.15,0.0,0.0,0.0,0.0,0.0,0.0,0.0,0,0,0
1756097716,9888,0.03,0.0,0.0,0.0,0.0,0.0,0.0,0.0,0,0,0
1756097716,9889,0.15,0.0,0.0,0.0,0.0,0.0,0.0,0.0,0,0,0
1756097716,9890,0.07,0.0,0.03,0.0,0.0,0.0,0.0,0.0,0,0,0
1756097716,9891,0.07,0.0,-0.05,0.0,0.0,0.0,0.0,0.0,0,0,0
1756097716,9892,0.1,0.0,0.0,0.0,0.0,0.0,0.0,0.0,0,0,0
1756097716,9893,0.15,0.0,0.0,0.0,0.0,0.0,0.0,0.0,0,0,0
1756097716,9894,0.1,0.0,0.01,0.0,0.0,0.0,0.0,0.0,0,0,0
1756097716,9895,0.11,0.0,0.0,0.0,0.0,0.0,0.0,0.0,0,0,0
1756097716,9896,0.18,0.0,-0.01,0.0,0.0,0.0,0.0,0.0,0,0,0
1756097716,9897,0.15,0.0,0.0,0.0,0.0,0.0,0.0,0.0,0,0,0
1756097716,9898,0.03,0.0,0.0,0.0,0.0,0.0,0.0,0.0,0,0,0
1756097716,9899,0.09,0.0,0.0,0.0,0.0,0.0,0.0,0.0,0,0,0
1756097716,9900,0.17,0.0,0.0,0.0,0.0,0.0,0.0,0.0,0,0,0
1756097717,9901,0.15,0.0,0.0,0.0,0.0,0.0,0.0,0.0,0,0,0
1756097717,9902,0.14,0.0,0.0,0.0,0.0,0.0,0.0,0.0,0,0,0
1756097717,9903,0.15,0.0,0.0,0.0,0.0,0.0,0.0,0.0,0,0,0
1756097717,9904,0.15,0.0,0.0,0.0,0.0,0.0,0.0,0.0,0,0,0
1756097717,9905,0.17,0.0,0.01,0.0,0.0,0.0,0.0,0.0,0,0,0
1756097717,9906,0.1,0.0,0.0,0.0,0.0,0.0,0.0,0.0,0,0,0
1756097717,9907,0.12,0.0,0.0,0.0,0.0,0.0,0.0,0.0,0,0,0
1756097717,9908,0.15,0.0,0.0,0.0,0.0,0.0,0.0,0.0,0,0,0
1756097717,9909,0.09,0.0,0.03,0.0,0.0,0.0,0.0,0.0,0,0,0
1756097717,9910,0.14,0.0,0.01,0.0,0.0,0.0,0.0,0.0,0,0,0
1756097717,9911,0.1,0.0,0.0,0.0,0.0,0.0,0.0,0.0,0,0,0
1756097717,9912,0.11,0.0,-0.02,0.0,0.0,0.0,0.0,0.0,0,0,0
1756097717,9913,0.11,0.0,0.0,0.0,0.0,0.0,0.0,0.0,0,0,0
1756097717,9914,0.07,0.0,0.0,0.0,0.0,0.0,0.0,0.0,0,0,0
1756097717,9915,0.1,0.0,0.0,0.0,0.0,0.0,0.0,0.0,0,0,0
1756097717,9916,0.15,0.0,0.0,0.0,0.0,0.0,0.0,0.0,0,0,0
1756097717,9917,0.14,0.0,0.0,0.0,0.0,0.0,0.0,0.0,0,0,0
1756097717,9918,0.14,0.0,0.0,0.0,0.0,0.0,0.0,0.0,0,0,0
1756097717,9919,0.15,0.0,0.0,0.0,0.0,0.0,0.0,0.0,0,0,0
1756097717,9920,0.18,0.0,0.0,0.0,0.0,0.0,0.0,0.0,0,0,0
1756097717,9921,0.1,0.0,0.05,0.0,0.0,0.0,0.0,0.0,0,0,0
1756097717,9922,0.07,0.0,0.0,0.0,0.0,0.0,0.0,0.0,0,0,0
1756097717,9923,0.15,0.0,-0.02,0.0,0.0,0.0,0.0,0.0,0,0,0
1756097717,9924,0.1,0.0,0.0,0.0,0.0,0.0,0.0,0.0,0,0,0
1756097717,9925,0.11,0.0,0.0,0.0,0.0,0.0,0.0,0.0,0,0,0
1756097717,9926,0.07,0.0,0.0,0.0,0.0,0.0,0.0,0.0,0,0,0
1756097717,9927,0.15,0.0,0.05,0.0,0.0,0.0,0.0,0.0,0,0,0
1756097717,9928,0.12,0.0,-0.02,0.0,0.0,0.0,0.0,0.0,0,0,0
1756097717,9929,0.09,0.0,0.0,0.0,0.0,0.0,0.0,0.0,0,0,0
1756097717,9930,0.07,0.0,0.03,0.0,0.0,0.0,0.0,0.0,0,0,0
1756097717,9931,0.11,0.0,-0.05,0.0,0.0,0.0,0.0,0.0,0,0,0
1756097717,9932,0.2,0.0,0.07,0.0,0.0,0.0,0.0,0.0,0,0,0
1756097717,9933,0.15,0.0,0.01,0.0,0.0,0.0,0.0,0.0,0,0,0
1756097717,9934,0.07,0.0,0.0,0.0,0.0,0.0,0.0,0.0,0,0,0
1756097717,9935,0.15,0.0,0.01,0.0,0.0,0.0,0.0,0.0,0,0,0
1756097717,9936,0.14,0.0,0.0,0.0,0.0,0.0,0.0,0.0,0,0,0
1756097717,9937,0.14,0.0,0.0,0.0,0.0,0.0,0.0,0.0,0,0,0
1756097717,9938,0.15,0.0,0.01,0.0,0.0,0.0,0.0,0.0,0,0,0
1756097717,9939,0.11,0.0,0.01,0.0,0.0,0.0,0.0,0.0,0,0,0
1756097717,9940,0.12,0.0,0.02,0.0,0.0,0.0,0.0,0.0,0,0,0
1756097717,9941,0.12,0.0,0.0,0.0,0.0,0.0,0.0,0.0,0,0,0
1756097717,9942,0.11,0.0,0.0,0.0,0.0,0.0,0.0,0.0,0,0,0
1756097717,9943,0.11,0.0,0.05,0.0,0.0,0.0,0.0,0.0,0,0,0
1756097717,9944,0.1,0.0,0.0,0.0,0.0,0.0,0.0,0.0,0,0,0
1756097717,9945,0.07,0.0,0.0,0.0,0.0,0.0,0.0,0.0,0,0,0
1756097717,9946,0.1,0.0,0.0,0.0,0.0,0.0,0.0,0.0,0,0,0
1756097717,9947,0.11,0.0,0.0,0.0,0.0,0.0,0.0,0.0,0,0,0
1756097717,9948,0.14,0.0,0.0,0.0,0.0,0.0,0.0,0.0,0,0,0
1756097717,9949,0.1,0.0,0.0,0.0,0.0,0.0,0.0,0.0,0,0,0
1756097717,9950,0.14,0.0,-0.05,0.0,0.0,0.0,0.0,0.0,0,0,0
1756097717,9951,0.17,0.0,0.0,0.0,0.0,0.0,0.0,0.0,0,0,0
1756097717,9952,0.23,0.0,0.03,0.0,0.0,0.0,0.0,0.0,0,0,0
1756097717,9953,0.05,0.0,0.0,0.0,0.0,0.0,0.0,0.0,0,0,0
1756097717,9954,0.1,0.0,0.0,0.0,0.0,0.0,0.0,0.0,0,0,0
1756097717,9955,0.05,0.0,-0.07,0.0,0.0,0.0,0.0,0.0,0,0,0
1756097717,9956,0.15,0.0,0.0,0.0,0.0,0.0,0.0,0.0,0,0,0
1756097717,9957,0.2,0.0,0.0,0.0,0.0,0.0,0.0,0.0,0,0,0
1756097717,9958,0.14,0.0,0.0,0.0,0.0,0.0,0.0,0.0,0,0,0
1756097717,9959,0.1,0.0,-0.01,0.0,0.0,0.0,0.0,0.0,0,0,0
1756097717,9960,0.12,0.0,0.0,0.0,0.0,0.0,0.0,0.0,0,0,0
1756097717,9961,0.15,0.0,-0.01,0.0,0.0,0.0,0.0,0.0,0,0,0
1756097717,9962,0.1,0.0,0.0,0.0,0.0,0.0,0.0,0.0,0,0,0
1756097717,9963,0.17,0.0,-0.01,0.0,0.0,0.0,0.0,0.0,0,0,0
1756097717,9964,0.12,0.0,0.0,0.0,0.0,0.0,0.0,0.0,0,0,0
1756097717,9965,0.1,0.0,0.0,0.0,0.0,0.0,0.0,0.0,0,0,0
1756097717,9966,0.12,0.0,0.0,0.0,0.0,0.0,0.0,0.0,0,0,0
1756097717,9967,0.12,0.0,0.0,0.0,0.0,0.0,0.0,0.0,0,0,0
1756097717,9968,0.11,0.0,0.01,0.0,0.0,0.0,0.0,0.0,0,0,0
1756097718,9969,0.18,0.0,0.0,0.0,0.0,0.0,0.0,0.0,0,0,0
1756097718,9970,0.15,0.0,-0.07,0.0,0.0,0.0,0.0,0.0,0,0,0
1756097718,9971,0.1,0.0,0.0,0.0,0.0,0.0,0.0,0.0,0,0,0
1756097718,9972,0.09,0.0,0.03,0.0,0.0,0.0,0.0,0.0,0,0,0
1756097718,9973,0.12,0.0,0.0,0.0,0.0,0.0,0.0,0.0,0,0,0
1756097718,9974,0.11,0.0,0.0,0.0,0.0,0.0,0.0,0.0,0,0,0
1756097718,9975,0.14,0.0,0.0,0.0,0.0,0.0,0.0,0.0,0,0,0
1756097718,9976,0.09,0.0,-0.01,0.0,0.0,0.0,0.0,0.0,0,0,0
1756097718,9977,0.14,0.0,0.02,0.0,0.0,0.0,0.0,0.0,0,0,0
1756097718,9978,0.03,0.0,-0.03,0.0,0.0,0.0,0.0,0.0,0,0,0
1756097718,9979,0.11,0.0,0.01,0.0,0.0,0.0,0.0,0.0,0,0,0
1756097718,9980,0.07,0.0,0.0,0.0,0.0,0.0,0.0,0.0,0,0,0
1756097718,9981,0.17,0.0,0.0,0.0,0.0,0.0,0.0,0.0,0,0,0
1756097718,9982,0.15,0.0,0.0,0.0,0.0,0.0,0.0,0.0,0,0,0
1756097718,9983,0.12,0.0,-0.05,0.0,0.0,0.0,0.0,0.0,0,0,0
1756097718,9984,0.09,0.0,0.0,0.0,0.0,0.0,0.0,0.0,0,0,0
1756097718,9985,0.0,0.0,0.0,0.0,0.0,0.0,0.0,0.0,0,0,0
1756097718,9986,0.23,0.0,-0.02,0.0,0.0,0.0,0.0,0.0,0,0,0
1756097718,9987,0.1,0.0,0.0,0.0,0.0,0.0,0.0,0.0,0,0,0
1756097718,9988,0.07,0.0,-0.02,0.0,0.0,0.0,0.0,0.0,0,0,0
1756097718,9989,0.1,0.0,0.0,0.0,0.0,0.0,0.0,0.0,0,0,0
1756097718,9990,0.12,0.0,0.0,0.0,0.0,0.0,0.0,0.0,0,0,0
1756097718,9991,0.1,0.0,0.0,0.0,0.0,0.0,0.0,0.0,0,0,0
1756097718,9992,0.14,0.0,0.0,0.0,0.0,0.0,0.0,0.0,0,0,0
1756097718,9993,0.1,0.0,0.0,0.0,0.0,0.0,0.0,0.0,0,0,0
1756097718,9994,0.17,0.0,0.0,0.0,0.0,0.0,0.0,0.0,0,0,0
1756097718,9995,0.1,0.0,0.0,0.0,0.0,0.0,0.0,0.0,0,0,0
1756097718,9996,0.05,0.0,0.02,0.0,0.0,0.0,0.0,0.0,0,0,0
1756097718,9997,0.18,0.0,0.0,0.0,0.0,0.0,0.0,0.0,0,0,0
1756097718,9998,0.12,0.0,0.0,0.0,0.0,0.0,0.0,0.0,0,0,0
1756097718,9999,0.11,0.0,0.0,0.0,0.0,0.0,0.0,0.0,0,0,0
1756097718,10000,0.07,0.0,-0.01,0.0,0.0,0.0,0.0,0.0,0,0,0
1756097718,10001,0.15,0.0,-0.01,0.0,0.0,0.0,0.0,0.0,0,0,0
1756097718,10002,0.11,0.0,0.0,0.0,0.0,0.0,0.0,0.0,0,0,0
1756097718,10003,0.14,0.0,0.0,0.0,0.0,0.0,0.0,0.0,0,0,0
1756097718,10004,0.1,0.0,0.01,0.0,0.0,0.0,0.0,0.0,0,0,0
1756097718,10005,0.1,0.0,0.03,0.0,0.0,0.0,0.0,0.0,0,0,0
1756097718,10006,0.11,0.0,-0.02,0.0,0.0,0.0,0.0,0.0,0,0,0
1756097718,10007,0.17,0.0,0.0,0.0,0.0,0.0,0.0,0.0,0,0,0
1756097718,10008,0.17,0.0,0.0,0.0,0.0,0.0,0.0,0.0,0,0,0
1756097718,10009,0.07,0.0,0.0,0.0,0.0,0.0,0.0,0.0,0,0,0
1756097718,10010,0.17,0.0,-0.05,0.0,0.0,0.0,0.0,0.0,0,0,0
1756097718,10011,0.09,0.0,0.0,0.0,0.0,0.0,0.0,0.0,0,0,0
1756097718,10012,0.09,0.0,0.01,0.0,0.0,0.0,0.0,0.0,0,0,0
1756097718,10013,0.17,0.0,0.0,0.0,0.0,0.0,0.0,0.0,0,0,0
1756097718,10014,0.15,0.0,-0.01,0.0,0.0,0.0,0.0,0.0,0,0,0
1756097718,10015,0.09,0.0,0.0,0.0,0.0,0.0,0.0,0.0,0,0,0
1756097718,10016,0.12,0.0,-0.1,0.0,0.0,0.0,0.0,0.0,0,0,0
1756097718,10017,0.15,0.0,0.0,0.0,0.0,0.0,0.0,0.0,0,0,0
1756097718,10018,0.12,0.0,-0.02,0.0,0.0,0.0,0.0,0.0,0,0,0
1756097718,10019,0.11,0.0,0.0,0.0,0.0,0.0,0.0,0.0,0,0,0
1756097718,10020,0.11,0.0,0.0,0.0,0.0,0.0,0.0,0.0,0,0,0
1756097718,10021,0.05,0.0,0.0,0.0,0.0,0.0,0.0,0.0,0,0,0
1756097718,10022,0.15,0.0,0.0,0.0,0.0,0.0,0.0,0.0,0,0,0
1756097718,10023,0.14,0.0,0.01,0.0,0.0,0.0,0.0,0.0,0,0,0
1756097718,10024,0.03,0.0,-0.1,0.0,0.0,0.0,0.0,0.0,0,0,0
1756097718,10025,0.1,0.0,0.03,0.0,0.0,0.0,0.0,0.0,0,0,0
1756097718,10026,0.15,0.0,0.0,0.0,0.0,0.0,0.0,0.0,0,0,0
1756097718,10027,0.1,0.0,-0.02,0.0,0.0,0.0,0.0,0.0,0,0,0
1756097718,10028,0.15,0.0,0.0,0.0,0.0,0.0,0.0,0.0,0,0,0
1756097718,10029,0.17,0.0,0.0,0.0,0.0,0.0,0.0,0.0,0,0,0
1756097718,10030,0.12,0.0,0.02,0.0,0.0,0.0,0.0,0.0,0,0,0
1756097718,10031,0.14,0.0,0.0,0.0,0.0,0.0,0.0,0.0,0,0,0
1756097719,10032,0.2,0.0,-0.07,0.0,0.0,0.0,0.0,0.0,0,0,0
1756097719,10033,0.11,0.0,0.0,0.0,0.0,0.0,0.0,0.0,0,0,0
1756097719,10034,0.07,0.0,0.0,0.0,0.0,0.0,0.0,0.0,0,0,0
1756097719,10035,0.03,0.0,-0.02,0.0,0.0,0.0,0.0,0.0,0,0,0
1756097719,10036,0.11,0.0,0.0,0.0,0.0,0.0,0.0,0.0,0,0,0
1756097719,10037,0.12,0.0,0.01,0.0,0.0,0.0,0.0,0.0,0,0,0
1756097719,10038,0.07,0.0,0.0,0.0,0.0,0.0,0.0,0.0,0,0,0
1756097719,10039,0.11,0.0,0.0,0.0,0.0,0.0,0.0,0.0,0,0,0
1756097719,10040,0.11,0.0,0.05,0.0,0.0,0.0,0.0,0.0,0,0,0
1756097719,10041,0.07,0.0,0.01,0.0,0.0,0.0,0.0,0.0,0,0,0
1756097719,10042,0.11,0.0,0.0,0.0,0.0,0.0,0.0,0.0,0,0,0
1756097719,10043,0.12,0.0,0.0,0.0,0.0,0.0,0.0,0.0,0,0,0
1756097719,10044,0.12,0.0,-0.03,0.0,0.0,0.0,0.0,0.0,0,0,0
1756097719,10045,0.1,0.0,-0.01,0.0,0.0,0.0,0.0,0.0,0,0,0
1756097719,10046,0.15,0.0,0.0,0.0,0.0,0.0,0.0,0.0,0,0,0
1756097719,10047,0.15,0.0,0.0,0.0,0.0,0.0,0.0,0.0,0,0,0
1756097719,10048,0.1,0.0,0.0,0.0,0.0,0.0,0.0,0.0,0,0,0
1756097719,10049,0.1,0.0,0.0,0.0,0.0,0.0,0.0,0.0,0,0,0
1756097719,10050,0.12,0.0,0.0,0.0,0.0,0.0,0.0,0.0,0,0,0
1756097719,10051,0.15,0.0,0.07,0.0,0.0,0.0,0.0,0.0,0,0,0
1756097719,10052,0.14,0.0,0.1,0.0,0.0,0.0,0.0,0.0,0,0,0
1756097719,10053,0.1,0.0,0.0,0.0,0.0,0.0,0.0,0.0,0,0,0
1756097719,10054,0.07,0.0,0.05,0.0,0.0,0.0,0.0,0.0,0,0,0
1756097719,10055,0.09,0.0,-0.01,0.0,0.0,0.0,0.0,0.0,0,0,0
1756097719,10056,0.1,0.0,-0.01,0.0,0.0,0.0,0.0,0.0,0,0,0
1756097719,10057,0.12,0.0,0.0,0.0,0.0,0.0,0.0,0.0,0,0,0
1756097719,10058,0.11,0.0,0.02,0.0,0.0,0.0,0.0,0.0,0,0,0
1756097719,10059,0.17,0.0,-0.02,0.0,0.0,0.0,0.0,0.0,0,0,0
1756097719,10060,0.12,0.0,0.01,0.0,0.0,0.0,0.0,0.0,0,0,0
1756097719,10061,0.11,0.0,0.07,0.0,0.0,0.0,0.0,0.0,0,0,0
1756097719,10062,0.11,0.0,-0.02,0.0,0.0,0.0,0.0,0.0,0,0,0
1756097719,10063,0.1,0.0,0.0,0.0,0.0,0.0,0.0,0.0,0,0,0
1756097719,10064,0.05,0.0,-0.01,0.0,0.0,0.0,0.0,0.0,0,0,0
1756097719,10065,0.14,0.0,0.0,0.0,0.0,0.0,0.0,0.0,0,0,0
1756097719,10066,0.12,0.0,0.01,0.0,0.0,0.0,0.0,0.0,0,0,0
1756097719,10067,0.14,0.0,0.0,0.0,0.0,0.0,0.0,0.0,0,0,0
1756097719,10068,0.18,0.0,0.0,0.0,0.0,0.0,0.0,0.0,0,0,0
1756097719,10069,0.1,0.0,0.0,0.0,0.0,0.0,0.0,0.0,0,0,0
1756097719,10070,0.15,0.0,-0.03,0.0,0.0,0.0,0.0,0.0,0,0,0
1756097719,10071,0.1,0.0,0.0,0.0,0.0,0.0,0.0,0.0,0,0,0
1756097719,10072,0.11,0.0,0.0,0.0,0.0,0.0,0.0,0.0,0,0,0
1756097719,10073,0.15,0.0,0.0,0.0,0.0,0.0,0.0,0.0,0,0,0
1756097719,10074,0.12,0.0,0.01,0.0,0.0,0.0,0.0,0.0,0,0,0
1756097719,10075,0.07,0.0,0.01,0.0,0.0,0.0,0.0,0.0,0,0,0
1756097719,10076,0.1,0.0,0.0,0.0,0.0,0.0,0.0,0.0,0,0,0
1756097719,10077,0.12,0.0,-0.02,0.0,0.0,0.0,0.0,0.0,0,0,0
1756097719,10078,0.07,0.0,0.0,0.0,0.0,0.0,0.0,0.0,0,0,0
1756097719,10079,0.09,0.0,-0.15,0.0,0.0,0.0,0.0,0.0,0,0,0
1756097719,10080,0.1,0.0,-0.02,0.0,0.0,0.0,0.0,0.0,0,0,0
1756097719,10081,0.15,0.0,-0.01,0.0,0.0,0.0,0.0,0.0,0,0,0
1756097719,10082,0.11,0.0,0.02,0.0,0.0,0.0,0.0,0.0,0,0,0
1756097719,10083,0.05,0.0,0.0,0.0,0.0,0.0,0.0,0.0,0,0,0
1756097719,10084,0.28,0.0,0.05,0.0,0.0,0.0,0.0,0.0,0,0,0
1756097719,10085,0.0,0.0,0.01,0.0,0.0,0.0,0.0,0.0,0,0,0
1756097719,10086,0.05,0.0,0.0,0.0,0.0,0.0,0.0,0.0,0,0,0
1756097719,10087,0.07,0.0,0.02,0.0,0.0,0.0,0.0,0.0,0,0,0
1756097719,10088,0.2,0.0,0.01,0.0,0.0,0.0,0.0,0.0,0,0,0
1756097719,10089,0.0,0.0,0.01,0.0,0.0,0.0,0.0,0.0,0,0,0
1756097719,10090,0.1,0.0,0.0,0.0,0.0,0.0,0.0,0.0,0,0,0
1756097719,10091,0.15,0.0,0.0,0.0,0.0,0.0,0.0,0.0,0,0,0
1756097719,10092,0.1,0.0,0.0,0.0,0.0,0.0,0.0,0.0,0,0,0
1756097719,10093,0.12,0.0,0.0,0.0,0.0,0.0,0.0,0.0,0,0,0
1756097719,10094,0.07,0.0,-0.01,0.0,0.0,0.0,0.0,0.0,0,0,0
1756097719,10095,0.1,0.0,0.0,0.0,0.0,0.0,0.0,0.0,0,0,0
1756097719,10096,0.18,0.0,0.0,0.0,0.0,0.0,0.0,0.0,0,0,0
1756097719,10097,0.07,0.0,0.0,0.0,0.0,0.0,0.0,0.0,0,0,0
1756097719,10098,0.11,0.0,0.0,0.0,0.0,0.0,0.0,0.0,0,0,0
1756097719,10099,0.09,0.0,0.0,0.0,0.0,0.0,0.0,0.0,0,0,0
1756097720,10100,0.11,0.0,0.0,0.0,0.0,0.0,0.0,0.0,0,0,0
1756097720,10101,0.15,0.0,0.0,0.0,0.0,0.0,0.0,0.0,0,0,0
1756097720,10102,0.1,0.0,-0.01,0.0,0.0,0.0,0.0,0.0,0,0,0
1756097720,10103,0.07,0.0,0.0,0.0,0.0,0.0,0.0,0.0,0,0,0
1756097720,10104,0.07,0.0,0.02,0.0,0.0,0.0,0.0,0.0,0,0,0
1756097720,10105,0.17,0.0,0.0,0.0,0.0,0.0,0.0,0.0,0,0,0
1756097720,10106,0.09,0.0,0.0,0.0,0.0,0.0,0.0,0.0,0,0,0
1756097720,10107,0.09,0.0,0.0,0.0,0.0,0.0,0.0,0.0,0,0,0
1756097720,10108,0.11,0.0,0.0,0.0,0.0,0.0,0.0,0.0,0,0,0
1756097720,10109,0.05,0.0,0.0,0.0,0.0,0.0,0.0,0.0,0,0,0
1756097720,10110,0.07,0.0,0.0,0.0,0.0,0.0,0.0,0.0,0,0,0
1756097720,10111,0.1,0.0,0.0,0.0,0.0,0.0,0.0,0.0,0,0,0
1756097720,10112,0.11,0.0,0.05,0.0,0.0,0.0,0.0,0.0,0,0,0
1756097720,10113,0.1,0.0,-0.01,0.0,0.0,0.0,0.0,0.0,0,0,0
1756097720,10114,0.1,0.0,0.0,0.0,0.0,0.0,0.0,0.0,0,0,0
1756097720,10115,0.05,0.0,0.0,0.0,0.0,0.0,0.0,0.0,0,0,0
1756097720,10116,0.07,0.0,0.03,0.0,0.0,0.0,0.0,0.0,0,0,0
1756097720,10117,0.14,0.0,0.0,0.0,0.0,0.0,0.0,0.0,0,0,0
1756097720,10118,0.12,0.0,0.0,0.0,0.0,0.0,0.0,0.0,0,0,0
1756097720,10119,0.11,0.0,0.0,0.0,0.0,0.0,0.0,0.0,0,0,0
1756097720,10120,0.07,0.0,0.0,0.0,0.0,0.0,0.0,0.0,0,0,0
1756097720,10121,0.1,0.0,0.0,0.0,0.0,0.0,0.0,0.0,0,0,0
1756097720,10122,0.12,0.0,0.05,0.0,0.0,0.0,0.0,0.0,0,0,0
1756097720,10123,0.07,0.0,0.0,0.0,0.0,0.0,0.0,0.0,0,0,0
1756097720,10124,0.17,0.0,0.0,0.0,0.0,0.0,0.0,0.0,0,0,0
1756097720,10125,0.15,0.0,0.03,0.0,0.0,0.0,0.0,0.0,0,0,0
1756097720,10126,0.07,0.0,0.0,0.0,0.0,0.0,0.0,0.0,0,0,0
1756097720,10127,0.07,0.0,-0.05,0.0,0.0,0.0,0.0,0.0,0,0,0
1756097720,10128,0.07,0.0,0.0,0.0,0.0,0.0,0.0,0.0,0,0,0
1756097720,10129,0.17,0.0,0.0,0.0,0.0,0.0,0.0,0.0,0,0,0
1756097720,10130,0.15,0.0,0.0,0.0,0.0,0.0,0.0,0.0,0,0,0
1756097720,10131,0.05,0.0,0.0,0.0,0.0,0.0,0.0,0.0,0,0,0
1756097720,10132,0.15,0.0,0.01,0.0,0.0,0.0,0.0,0.0,0,0,0
1756097720,10133,0.09,0.0,0.0,0.0,0.0,0.0,0.0,0.0,0,0,0
1756097720,10134,0.09,0.0,0.03,0.0,0.0,0.0,0.0,0.0,0,0,0
1756097720,10135,0.1,0.0,0.07,0.0,0.0,0.0,0.0,0.0,0,0,0
1756097720,10136,0.12,0.0,0.01,0.0,0.0,0.0,0.0,0.0,0,0,0
1756097720,10137,0.1,0.0,0.0,0.0,0.0,0.0,0.0,0.0,0,0,0
1756097720,10138,0.15,0.0,0.0,0.0,0.0,0.0,0.0,0.0,0,0,0
1756097720,10139,0.07,0.0,0.0,0.0,0.0,0.0,0.0,0.0,0,0,0
1756097720,10140,0.12,0.0,-0.01,0.0,0.0,0.0,0.0,0.0,0,0,0
1756097720,10141,0.1,0.0,0.0,0.0,0.0,0.0,0.0,0.0,0,0,0
1756097720,10142,0.12,0.0,0.0,0.0,0.0,0.0,0.0,0.0,0,0,0
1756097720,10143,0.12,0.0,0.07,0.0,0.0,0.0,0.0,0.0,0,0,0
1756097720,10144,0.1,0.0,0.0,0.0,0.0,0.0,0.0,0.0,0,0,0
1756097720,10145,0.1,0.0,0.0,0.0,0.0,0.0,0.0,0.0,0,0,0
1756097720,10146,0.14,0.0,0.0,0.0,0.0,0.0,0.0,0.0,0,0,0
1756097720,10147,0.09,0.0,-0.01,0.0,0.0,0.0,0.0,0.0,0,0,0
1756097720,10148,0.14,0.0,0.0,0.0,0.0,0.0,0.0,0.0,0,0,0
1756097720,10149,0.1,0.0,0.0,0.0,0.0,0.0,0.0,0.0,0,0,0
1756097720,10150,0.07,0.0,0.0,0.0,0.0,0.0,0.0,0.0,0,0,0
1756097720,10151,0.1,0.0,-0.03,0.0,0.0,0.0,0.0,0.0,0,0,0
1756097720,10152,0.1,0.0,-0.01,0.0,0.0,0.0,0.0,0.0,0,0,0
1756097720,10153,0.07,0.0,0.0,0.0,0.0,0.0,0.0,0.0,0,0,0
1756097720,10154,0.1,0.0,-0.05,0.0,0.0,0.0,0.0,0.0,0,0,0
1756097720,10155,0.12,0.0,-0.02,0.0,0.0,0.0,0.0,0.0,0,0,0
1756097720,10156,0.09,0.0,0.0,0.0,0.0,0.0,0.0,0.0,0,0,0
1756097720,10157,0.11,0.0,-0.05,0.0,0.0,0.0,0.0,0.0,0,0,0
1756097720,10158,0.15,0.0,-0.01,0.0,0.0,0.0,0.0,0.0,0,0,0
1756097720,10159,0.1,0.0,0.0,0.0,0.0,0.0,0.0,0.0,0,0,0
1756097720,10160,0.07,0.0,0.07,0.0,0.0,0.0,0.0,0.0,0,0,0
1756097720,10161,0.17,0.0,0.01,0.0,0.0,0.0,0.0,0.0,0,0,0
1756097720,10162,0.09,0.0,0.0,0.0,0.0,0.0,0.0,0.0,0,0,0
1756097720,10163,0.12,0.0,0.0,0.0,0.0,0.0,0.0,0.0,0,0,0
1756097720,10164,0.03,0.0,-0.01,0.0,0.0,0.0,0.0,0.0,0,0,0
1756097720,10165,0.15,0.0,0.0,0.0,0.0,0.0,0.0,0.0,0,0,0
1756097720,10166,0.1,0.0,0.0,0.0,0.0,0.0,0.0,0.0,0,0,0
1756097720,10167,0.1,0.0,0.01,0.0,0.0,0.0,0.0,0.0,0,0,0
1756097721,10168,0.05,0.0,-0.01,0.0,0.0,0.0,0.0,0.0,0,0,0
1756097721,10169,0.12,0.0,0.01,0.0,0.0,0.0,0.0,0.0,0,0,0
1756097721,10170,0.1,0.0,0.0,0.0,0.0,0.0,0.0,0.0,0,0,0
1756097721,10171,0.05,0.0,0.01,0.0,0.0,0.0,0.0,0.0,0,0,0
1756097721,10172,0.07,0.0,0.0,0.0,0.0,0.0,0.0,0.0,0,0,0
1756097721,10173,0.18,0.0,0.0,0.0,0.0,0.0,0.0,0.0,0,0,0
1756097721,10174,0.05,0.0,0.03,0.0,0.0,0.0,0.0,0.0,0,0,0
1756097721,10175,0.15,0.0,0.0,0.0,0.0,0.0,0.0,0.0,0,0,0
1756097721,10176,0.18,0.0,-0.03,0.0,0.0,0.0,0.0,0.0,0,0,0
1756097721,10177,0.07,0.0,0.0,0.0,0.0,0.0,0.0,0.0,0,0,0
1756097721,10178,0.07,0.0,-0.09,0.0,0.0,0.0,0.0,0.0,0,0,0
1756097721,10179,0.1,0.0,0.0,0.0,0.0,0.0,0.0,0.0,0,0,0
1756097721,10180,0.1,0.0,0.0,0.0,0.0,0.0,0.0,0.0,0,0,0
1756097721,10181,0.14,0.0,0.01,0.0,0.0,0.0,0.0,0.0,0,0,0
1756097721,10182,0.11,0.0,0.0,0.0,0.0,0.0,0.0,0.0,0,0,0
1756097721,10183,0.15,0.0,0.0,0.0,0.0,0.0,0.0,0.0,0,0,0
1756097721,10184,0.1,0.0,0.0,0.0,0.0,0.0,0.0,0.0,0,0,0
1756097721,10185,0.03,0.0,0.03,0.0,0.0,0.0,0.0,0.0,0,0,0
1756097721,10186,0.09,0.0,-0.01,0.0,0.0,0.0,0.0,0.0,0,0,0
1756097721,10187,0.11,0.0,0.0,0.0,0.0,0.0,0.0,0.0,0,0,0
1756097721,10188,0.1,0.0,-0.02,0.0,0.0,0.0,0.0,0.0,0,0,0
1756097721,10189,0.09,0.0,0.03,0.0,0.0,0.0,0.0,0.0,0,0,0
1756097721,10190,0.11,0.0,0.0,0.0,0.0,0.0,0.0,0.0,0,0,0
1756097721,10191,0.15,0.0,0.0,0.0,0.0,0.0,0.0,0.0,0,0,0
1756097721,10192,0.09,0.0,-0.01,0.0,0.0,0.0,0.0,0.0,0,0,0
1756097721,10193,0.11,0.0,0.0,0.0,0.0,0.0,0.0,0.0,0,0,0
1756097721,10194,0.1,0.0,0.0,0.0,0.0,0.0,0.0,0.0,0,0,0
1756097721,10195,0.17,0.0,0.0,0.0,0.0,0.0,0.0,0.0,0,0,0
1756097721,10196,0.07,0.0,0.0,0.0,0.0,0.0,0.0,0.0,0,0,0
1756097721,10197,0.07,0.0,-0.14,0.0,0.0,0.0,0.0,0.0,0,0,0
1756097721,10198,0.1,0.0,0.0,0.0,0.0,0.0,0.0,0.0,0,0,0
1756097721,10199,0.11,0.0,0.0,0.0,0.0,0.0,0.0,0.0,0,0,0
1756097721,10200,0.14,0.0,0.0,0.0,0.0,0.0,0.0,0.0,0,0,0
1756097721,10201,0.1,0.0,0.0,0.0,0.0,0.0,0.0,0.0,0,0,0
1756097721,10202,0.1,0.0,0.0,0.0,0.0,0.0,0.0,0.0,0,0,0
1756097721,10203,0.1,0.0,0.01,0.0,0.0,0.0,0.0,0.0,0,0,0
1756097721,10204,0.1,0.0,0.0,0.0,0.0,0.0,0.0,0.0,0,0,0
1756097721,10205,0.07,0.0,0.0,0.0,0.0,0.0,0.0,0.0,0,0,0
1756097721,10206,0.1,0.0,0.01,0.0,0.0,0.0,0.0,0.0,0,0,0
1756097721,10207,0.1,0.0,-0.01,0.0,0.0,0.0,0.0,0.0,0,0,0
1756097721,10208,0.12,0.0,0.0,0.0,0.0,0.0,0.0,0.0,0,0,0
1756097721,10209,0.11,0.0,0.0,0.0,0.0,0.0,0.0,0.0,0,0,0
1756097721,10210,0.15,0.0,0.05,0.0,0.0,0.0,0.0,0.0,0,0,0
1756097721,10211,0.09,0.0,0.0,0.0,0.0,0.0,0.0,0.0,0,0,0
1756097721,10212,0.11,0.0,-0.02,0.0,0.0,0.0,0.0,0.0,0,0,0
1756097721,10213,0.1,0.0,-0.03,0.0,0.0,0.0,0.0,0.0,0,0,0
1756097721,10214,0.1,0.0,0.0,0.0,0.0,0.0,0.0,0.0,0,0,0
1756097721,10215,0.15,0.0,-0.05,0.0,0.0,0.0,0.0,0.0,0,0,0
1756097721,10216,0.02,0.0,0.0,0.0,0.0,0.0,0.0,0.0,0,0,0
1756097721,10217,0.12,0.0,-0.05,0.0,0.0,0.0,0.0,0.0,0,0,0
1756097721,10218,0.11,0.0,-0.02,0.0,0.0,0.0,0.0,0.0,0,0,0
1756097721,10219,0.12,0.0,0.0,0.0,0.0,0.0,0.0,0.0,0,0,0
1756097721,10220,0.15,0.0,-0.02,0.0,0.0,0.0,0.0,0.0,0,0,0
1756097721,10221,0.1,0.0,0.0,0.0,0.0,0.0,0.0,0.0,0,0,0
1756097721,10222,0.09,0.0,0.03,0.0,0.0,0.0,0.0,0.0,0,0,0
1756097721,10223,0.07,0.0,0.0,0.0,0.0,0.0,0.0,0.0,0,0,0
1756097721,10224,0.17,0.0,0.0,0.0,0.0,0.0,0.0,0.0,0,0,0
1756097721,10225,0.1,0.0,0.0,0.0,0.0,0.0,0.0,0.0,0,0,0
1756097721,10226,0.07,0.0,0.0,0.0,0.0,0.0,0.0,0.0,0,0,0
1756097721,10227,0.07,0.0,0.0,0.0,0.0,0.0,0.0,0.0,0,0,0
1756097721,10228,0.09,0.0,0.0,0.0,0.0,0.0,0.0,0.0,0,0,0
1756097721,10229,0.11,0.0,0.02,0.0,0.0,0.0,0.0,0.0,0,0,0
1756097721,10230,0.11,0.0,0.1,0.0,0.0,0.0,0.0,0.0,0,0,0
1756097722,10231,0.1,0.0,0.02,0.0,0.0,0.0,0.0,0.0,0,0,0
1756097722,10232,0.15,0.0,0.03,0.0,0.0,0.0,0.0,0.0,0,0,0
1756097722,10233,0.11,0.0,0.0,0.0,0.0,0.0,0.0,0.0,0,0,0
1756097722,10234,0.1,0.0,0.0,0.0,0.0,0.0,0.0,0.0,0,0,0
1756097722,10235,0.05,0.0,0.0,0.0,0.0,0.0,0.0,0.0,0,0,0
1756097722,10236,0.14,0.0,0.0,0.0,0.0,0.0,0.0,0.0,0,0,0
1756097722,10237,0.09,0.0,0.0,0.0,0.0,0.0,0.0,0.0,0,0,0
1756097722,10238,0.14,0.0,0.0,0.0,0.0,0.0,0.0,0.0,0,0,0
1756097722,10239,0.05,0.0,0.0,0.0,0.0,0.0,0.0,0.0,0,0,0
1756097722,10240,0.18,0.0,0.02,0.0,0.0,0.0,0.0,0.0,0,0,0
1756097722,10241,0.07,0.0,-0.05,0.0,0.0,0.0,0.0,0.0,0,0,0
1756097722,10242,0.14,0.0,-0.01,0.0,0.0,0.0,0.0,0.0,0,0,0
1756097722,10243,0.05,0.0,0.0,0.0,0.0,0.0,0.0,0.0,0,0,0
1756097722,10244,0.09,0.0,-0.01,0.0,0.0,0.0,0.0,0.0,0,0,0
1756097722,10245,0.2,0.0,-0.01,0.0,0.0,0.0,0.0,0.0,0,0,0
1756097722,10246,0.05,0.0,0.0,0.0,0.0,0.0,0.0,0.0,0,0,0
1756097722,10247,0.1,0.0,0.0,0.0,0.0,0.0,0.0,0.0,0,0,0
1756097722,10248,0.09,0.0,-0.09,0.0,0.0,0.0,0.0,0.0,0,0,0
1756097722,10249,0.03,0.0,0.0,0.0,0.0,0.0,0.0,0.0,0,0,0
1756097722,10250,0.14,0.0,0.0,0.0,0.0,0.0,0.0,0.0,0,0,0
1756097722,10251,0.2,0.0,-0.02,0.0,0.0,0.0,0.0,0.0,0,0,0
1756097722,10252,0.12,0.0,0.01,0.0,0.0,0.0,0.0,0.0,0,0,0
1756097722,10253,0.09,0.0,-0.02,0.0,0.0,0.0,0.0,0.0,0,0,0
1756097722,10254,0.09,0.0,0.01,0.0,0.0,0.0,0.0,0.0,0,0,0
1756097722,10255,0.1,0.0,0.0,0.0,0.0,0.0,0.0,0.0,0,0,0
1756097722,10256,0.12,0.0,0.0,0.0,0.0,0.0,0.0,0.0,0,0,0
1756097722,10257,0.18,0.0,0.1,0.0,0.0,0.0,0.0,0.0,0,0,0
1756097722,10258,0.12,0.0,0.0,0.0,0.0,0.0,0.0,0.0,0,0,0
1756097722,10259,0.11,0.0,0.0,0.0,0.0,0.0,0.0,0.0,0,0,0
1756097722,10260,0.11,0.0,0.0,0.0,0.0,0.0,0.0,0.0,0,0,0
1756097722,10261,0.1,0.0,0.0,0.0,0.0,0.0,0.0,0.0,0,0,0
1756097722,10262,0.1,0.0,0.0,0.0,0.0,0.0,0.0,0.0,0,0,0
1756097722,10263,0.07,0.0,0.0,0.0,0.0,0.0,0.0,0.0,0,0,0
1756097722,10264,0.1,0.0,0.0,0.0,0.0,0.0,0.0,0.0,0,0,0
1756097722,10265,0.1,0.0,0.0,0.0,0.0,0.0,0.0,0.0,0,0,0
1756097722,10266,0.12,0.0,0.0,0.0,0.0,0.0,0.0,0.0,0,0,0
1756097722,10267,0.11,0.0,0.0,0.0,0.0,0.0,0.0,0.0,0,0,0
1756097722,10268,0.15,0.0,0.0,0.0,0.0,0.0,0.0,0.0,0,0,0
1756097722,10269,0.1,0.0,-0.05,0.0,0.0,0.0,0.0,0.0,0,0,0
1756097722,10270,0.09,0.0,-0.01,0.0,0.0,0.0,0.0,0.0,0,0,0
1756097722,10271,0.12,0.0,0.0,0.0,0.0,0.0,0.0,0.0,0,0,0
1756097722,10272,0.09,0.0,0.0,0.0,0.0,0.0,0.0,0.0,0,0,0
1756097722,10273,0.02,0.0,0.0,0.0,0.0,0.0,0.0,0.0,0,0,0
1756097722,10274,0.18,0.0,0.0,0.0,0.0,0.0,0.0,0.0,0,0,0
1756097722,10275,0.2,0.0,-0.11,0.0,0.0,0.0,0.0,0.0,0,0,0
1756097722,10276,0.1,0.0,0.07,0.0,0.0,0.0,0.0,0.0,0,0,0
1756097722,10277,0.09,0.0,0.01,0.0,0.0,0.0,0.0,0.0,0,0,0
1756097722,10278,0.15,0.0,0.0,0.0,0.0,0.0,0.0,0.0,0,0,0
1756097722,10279,0.15,0.0,0.02,0.0,0.0,0.0,0.0,0.0,0,0,0
1756097722,10280,0.12,0.0,0.0,0.0,0.0,0.0,0.0,0.0,0,0,0
1756097722,10281,0.17,0.0,-0.03,0.0,0.0,0.0,0.0,0.0,0,0,0
1756097722,10282,0.15,0.0,0.0,0.0,0.0,0.0,0.0,0.0,0,0,0
1756097722,10283,0.1,0.0,0.0,0.0,0.0,0.0,0.0,0.0,0,0,0
1756097722,10284,0.11,0.0,0.01,0.0,0.0,0.0,0.0,0.0,0,0,0
1756097722,10285,0.01,0.0,0.0,0.0,0.0,0.0,0.0,0.0,0,0,0
1756097722,10286,0.14,0.0,0.01,0.0,0.0,0.0,0.0,0.0,0,0,0
1756097722,10287,0.15,0.0,0.0,0.0,0.0,0.0,0.0,0.0,0,0,0
1756097722,10288,0.05,0.0,-0.01,0.0,0.0,0.0,0.0,0.0,0,0,0
1756097722,10289,0.11,0.0,0.0,0.0,0.0,0.0,0.0,0.0,0,0,0
1756097722,10290,0.15,0.0,-0.01,0.0,0.0,0.0,0.0,0.0,0,0,0
1756097722,10291,0.12,0.0,0.0,0.0,0.0,0.0,0.0,0.0,0,0,0
1756097722,10292,0.14,0.0,0.0,0.0,0.0,0.0,0.0,0.0,0,0,0
1756097722,10293,0.11,0.0,0.0,0.0,0.0,0.0,0.0,0.0,0,0,0
1756097722,10294,0.1,0.0,0.0,0.0,0.0,0.0,0.0,0.0,0,0,0
1756097722,10295,0.12,0.0,0.0,0.0,0.0,0.0,0.0,0.0,0,0,0
1756097723,10296,0.11,0.0,0.0,0.0,0.0,0.0,0.0,0.0,0,0,0
1756097723,10297,0.2,0.0,-0.01,0.0,0.0,0.0,0.0,0.0,0,0,0
1756097723,10298,0.07,0.0,-0.02,0.0,0.0,0.0,0.0,0.0,0,0,0
1756097723,10299,0.07,0.0,0.0,0.0,0.0,0.0,0.0,0.0,0,0,0
1756097723,10300,0.11,0.0,-0.05,0.0,0.0,0.0,0.0,0.0,0,0,0
1756097723,10301,0.12,0.0,0.0,0.0,0.0,0.0,0.0,0.0,0,0,0
1756097723,10302,0.18,0.0,0.0,0.0,0.0,0.0,0.0,0.0,0,0,0
1756097723,10303,0.1,0.0,0.0,0.0,0.0,0.0,0.0,0.0,0,0,0
1756097723,10304,0.1,0.0,0.0,0.0,0.0,0.0,0.0,0.0,0,0,0
1756097723,10305,0.05,0.0,0.0,0.0,0.0,0.0,0.0,0.0,0,0,0
1756097723,10306,0.1,0.0,0.01,0.0,0.0,0.0,0.0,0.0,0,0,0
1756097723,10307,0.15,0.0,-0.02,0.0,0.0,0.0,0.0,0.0,0,0,0
1756097723,10308,0.1,0.0,-0.03,0.0,0.0,0.0,0.0,0.0,0,0,0
1756097723,10309,0.12,0.0,0.0,0.0,0.0,0.0,0.0,0.0,0,0,0
1756097723,10310,0.05,0.0,0.0,0.0,0.0,0.0,0.0,0.0,0,0,0
1756097723,10311,0.11,0.0,0.01,0.0,0.0,0.0,0.0,0.0,0,0,0
1756097723,10312,0.1,0.0,0.02,0.0,0.0,0.0,0.0,0.0,0,0,0
