EpochTimestamp,TStep,Data 0,Data 1,Data 2,Data 3,Data 4,Data 5,Data 6,Data 7,Data 8,Data 9,Mark
1756703742,1,0.0,0.0,-0.02,0.0,0.0,0.0,0.0,0.0,0,0,0
1756703742,2,0.0,0.0,0.02,0.0,0.0,0.0,0.0,0.0,0,0,0
1756703742,3,-0.05,0.0,-0.02,0.0,0.0,0.0,0.0,0.0,0,0,0
1756703742,4,-0.01,0.0,0.0,0.0,0.0,0.0,0.0,0.0,0,0,0
1756703742,5,0.02,0.0,0.0,0.0,0.0,0.0,0.0,0.0,0,0,0
1756703742,6,-0.02,0.0,0.0,0.0,0.0,0.0,0.0,0.0,0,0,0
1756703742,7,0.02,0.0,0.0,0.0,0.0,0.0,0.0,0.0,0,0,0
1756703742,8,0.0,0.0,-0.03,0.0,0.0,0.0,0.0,0.0,0,0,0
1756703742,9,0.05,0.0,0.0,0.0,0.0,0.0,0.0,0.0,0,0,0
1756703742,10,0.0,0.0,-0.02,0.0,0.0,0.0,0.0,0.0,0,0,0
1756703742,11,-0.01,0.0,-0.02,0.0,0.0,0.0,0.0,0.0,0,0,0
1756703742,12,0.01,0.0,0.0,0.0,0.0,0.0,0.0,0.0,0,0,0
1756703742,13,0.0,0.0,0.0,0.0,0.0,0.0,0.0,0.0,0,0,0
1756703742,14,0.0,0.0,-0.05,0.0,0.0,0.0,0.0,0.0,0,0,0
1756703742,15,0.0,0.0,0.03,0.0,0.0,0.0,0.0,0.0,0,0,0
1756703742,16,0.01,0.0,0.0,0.0,0.0,0.0,0.0,0.0,0,0,0
1756703742,17,0.05,0.0,0.0,0.0,0.0,0.0,0.0,0.0,0,0,0
1756703742,18,-0.01,0.0,-0.01,0.0,0.0,0.0,0.0,0.0,0,0,0
1756703742,19,0.0,0.0,-0.01,0.0,0.0,0.0,0.0,0.0,0,0,0
1756703742,20,0.0,0.0,0.0,0.0,0.0,0.0,0.0,0.0,0,0,0
1756703742,21,0.0,0.0,0.03,0.0,0.0,0.0,0.0,0.0,0,0,0
1756703742,22,-0.03,0.0,-0.02,0.0,0.0,0.0,0.0,0.0,0,0,0
1756703742,23,0.02,0.0,0.02,0.0,0.0,0.0,0.0,0.0,0,0,0
1756703742,24,0.01,0.0,-0.01,0.0,0.0,0.0,0.0,0.0,0,0,0
1756703742,25,0.01,0.0,0.0,0.0,0.0,0.0,0.0,0.0,0,0,0
1756703742,26,0.01,0.0,0.0,0.0,0.0,0.0,0.0,0.0,0,0,0
1756703742,27,0.03,0.0,0.0,0.0,0.0,0.0,0.0,0.0,0,0,0
1756703742,28,0.02,0.0,0.0,0.0,0.0,0.0,0.0,0.0,0,0,0
1756703742,29,-0.01,0.0,-0.07,0.0,0.0,0.0,0.0,0.0,0,0,0
1756703742,30,0.01,0.0,-0.01,0.0,0.0,0.0,0.0,0.0,0,0,0
1756703742,31,0.03,0.0,-0.01,0.0,0.0,0.0,0.0,0.0,0,0,0
1756703742,32,0.02,0.0,0.02,0.0,0.0,0.0,0.0,0.0,0,0,0
1756703742,33,0.02,0.0,0.0,0.0,0.0,0.0,0.0,0.0,0,0,0
1756703742,34,0.0,0.0,0.0,0.0,0.0,0.0,0.0,0.0,0,0,0
1756703742,35,-0.05,0.0,0.01,0.0,0.0,0.0,0.0,0.0,0,0,0
1756703743,36,0.05,0.0,0.0,0.0,0.0,0.0,0.0,0.0,0,0,0
1756703743,37,0.01,0.0,0.0,0.0,0.0,0.0,0.0,0.0,0,0,0
1756703743,38,0.0,0.0,0.0,0.0,0.0,0.0,0.0,0.0,0,0,0
1756703743,39,0.01,0.0,0.07,0.0,0.0,0.0,0.0,0.0,0,0,0
1756703743,40,0.0,0.0,-0.01,0.0,0.0,0.0,0.0,0.0,0,0,0
1756703743,41,-0.02,0.0,-0.01,0.0,0.0,0.0,0.0,0.0,0,0,0
1756703743,42,0.05,0.0,-0.05,0.0,0.0,0.0,0.0,0.0,0,0,0
1756703743,43,0.03,0.0,0.0,0.0,0.0,0.0,0.0,0.0,0,0,0
1756703743,44,0.03,0.0,0.05,0.0,0.0,0.0,0.0,0.0,0,0,0
1756703743,45,0.0,0.0,-0.07,0.0,0.0,0.0,0.0,0.0,0,0,0
1756703743,46,-0.01,0.0,0.0,0.0,0.0,0.0,0.0,0.0,0,0,0
1756703743,47,0.05,0.0,-0.15,0.0,0.0,0.0,0.0,0.0,0,0,0
1756703743,48,0.0,0.0,0.01,0.0,0.0,0.0,0.0,0.0,0,0,0
1756703743,49,0.03,0.0,-0.02,0.0,0.0,0.0,0.0,0.0,0,0,0
1756703743,50,0.03,0.0,0.0,0.0,0.0,0.0,0.0,0.0,0,0,0
1756703743,51,0.02,0.0,0.0,0.0,0.0,0.0,0.0,0.0,0,0,0
1756703743,52,-0.03,0.0,0.0,0.0,0.0,0.0,0.0,0.0,0,0,0
1756703743,53,0.0,0.0,0.01,0.0,0.0,0.0,0.0,0.0,0,0,0
1756703743,54,-0.03,0.0,0.02,0.0,0.0,0.0,0.0,0.0,0,0,0
1756703743,55,0.07,0.0,0.0,0.0,0.0,0.0,0.0,0.0,0,0,0
1756703743,56,-0.02,0.0,-0.02,0.0,0.0,0.0,0.0,0.0,0,0,0
1756703743,57,-0.01,0.0,0.0,0.0,0.0,0.0,0.0,0.0,0,0,0
1756703743,58,0.09,0.0,0.01,0.0,0.0,0.0,0.0,0.0,0,0,0
1756703743,59,0.01,0.0,0.0,0.0,0.0,0.0,0.0,0.0,0,0,0
1756703743,60,0.0,0.0,-0.03,0.0,0.0,0.0,0.0,0.0,0,0,0
1756703743,61,0.05,0.0,0.0,0.0,0.0,0.0,0.0,0.0,0,0,0
1756703743,62,0.0,0.0,0.0,0.0,0.0,0.0,0.0,0.0,0,0,0
1756703743,63,0.01,0.0,-0.1,0.0,0.0,0.0,0.0,0.0,0,0,0
1756703743,64,-0.07,0.0,0.03,0.0,0.0,0.0,0.0,0.0,0,0,0
1756703743,65,0.0,0.0,0.01,0.0,0.0,0.0,0.0,0.0,0,0,0
1756703743,66,0.0,0.0,0.0,0.0,0.0,0.0,0.0,0.0,0,0,0
1756703743,67,0.0,0.0,-0.02,0.0,0.0,0.0,0.0,0.0,0,0,0
1756703743,68,0.01,0.0,0.0,0.0,0.0,0.0,0.0,0.0,0,0,0
1756703743,69,0.07,0.0,0.0,0.0,0.0,0.0,0.0,0.0,0,0,0
1756703743,70,0.01,0.0,0.1,0.0,0.0,0.0,0.0,0.0,0,0,0
1756703743,71,-0.03,0.0,-0.01,0.0,0.0,0.0,0.0,0.0,0,0,0
1756703743,72,-0.02,0.0,0.0,0.0,0.0,0.0,0.0,0.0,0,0,0
1756703743,73,0.02,0.0,0.0,0.0,0.0,0.0,0.0,0.0,0,0,0
1756703743,74,0.0,0.0,0.0,0.0,0.0,0.0,0.0,0.0,0,0,0
1756703743,75,-0.02,0.0,-0.03,0.0,0.0,0.0,0.0,0.0,0,0,0
1756703743,76,0.01,0.0,-0.05,0.0,0.0,0.0,0.0,0.0,0,0,0
1756703743,77,0.05,0.0,-0.01,0.0,0.0,0.0,0.0,0.0,0,0,0
1756703743,78,0.0,0.0,-0.03,0.0,0.0,0.0,0.0,0.0,0,0,0
1756703743,79,0.01,0.0,0.0,0.0,0.0,0.0,0.0,0.0,0,0,0
1756703743,80,0.0,0.0,-0.02,0.0,0.0,0.0,0.0,0.0,0,0,0
1756703743,81,0.0,0.0,-0.05,0.0,0.0,0.0,0.0,0.0,0,0,0
1756703743,82,0.0,0.0,0.01,0.0,0.0,0.0,0.0,0.0,0,0,0
1756703743,83,0.02,0.0,0.0,0.0,0.0,0.0,0.0,0.0,0,0,0
1756703743,84,0.0,0.0,0.01,0.0,0.0,0.0,0.0,0.0,0,0,0
1756703743,85,0.0,0.0,0.0,0.0,0.0,0.0,0.0,0.0,0,0,0
1756703743,86,0.0,0.0,0.0,0.0,0.0,0.0,0.0,0.0,0,0,0
1756703743,87,0.0,0.0,-0.02,0.0,0.0,0.0,0.0,0.0,0,0,0
1756703743,88,0.05,0.0,-0.01,0.0,0.0,0.0,0.0,0.0,0,0,0
1756703743,89,0.0,0.0,-0.02,0.0,0.0,0.0,0.0,0.0,0,0,0
1756703743,90,0.02,0.0,-0.01,0.0,0.0,0.0,0.0,0.0,0,0,0
1756703743,91,0.0,0.0,-0.01,0.0,0.0,0.0,0.0,0.0,0,0,0
1756703743,92,0.0,0.0,-0.05,0.0,0.0,0.0,0.0,0.0,0,0,0
1756703743,93,0.0,0.0,-0.05,0.0,0.0,0.0,0.0,0.0,0,0,0
1756703743,94,0.02,0.0,-0.09,0.0,0.0,0.0,0.0,0.0,0,0,0
1756703743,95,0.03,0.0,-0.02,0.0,0.0,0.0,0.0,0.0,0,0,0
1756703743,96,0.05,0.0,-0.03,0.0,0.0,0.0,0.0,0.0,0,0,0
1756703743,97,0.02,0.0,-0.07,0.0,0.0,0.0,0.0,0.0,0,0,0
1756703744,98,-0.01,0.0,-0.03,0.0,0.0,0.0,0.0,0.0,0,0,0
1756703744,99,0.05,0.0,0.0,0.0,0.0,0.0,0.0,0.0,0,0,0
1756703744,100,0.0,0.0,0.0,0.0,0.0,0.0,0.0,0.0,0,0,0
1756703744,101,-0.02,0.0,-0.03,0.0,0.0,0.0,0.0,0.0,0,0,0
1756703744,102,-0.03,0.0,0.0,0.0,0.0,0.0,0.0,0.0,0,0,0
1756703744,103,0.0,0.0,-0.05,0.0,0.0,0.0,0.0,0.0,0,0,0
1756703744,104,-0.01,0.0,0.0,0.0,0.0,0.0,0.0,0.0,0,0,0
1756703744,105,0.0,0.0,-0.01,0.0,0.0,0.0,0.0,0.0,0,0,0
1756703744,106,0.0,0.0,-0.02,0.0,0.0,0.0,0.0,0.0,0,0,0
1756703744,107,0.0,0.0,-0.03,0.0,0.0,0.0,0.0,0.0,0,0,0
1756703744,108,0.0,0.0,0.0,0.0,0.0,0.0,0.0,0.0,0,0,0
1756703744,109,0.0,0.0,-0.02,0.0,0.0,0.0,0.0,0.0,0,0,0
1756703744,110,0.02,0.0,0.0,0.0,0.0,0.0,0.0,0.0,0,0,0
1756703744,111,0.0,0.0,0.0,0.0,0.0,0.0,0.0,0.0,0,0,0
1756703744,112,0.03,0.0,0.0,0.0,0.0,0.0,0.0,0.0,0,0,0
1756703744,113,0.03,0.0,-0.01,0.0,0.0,0.0,0.0,0.0,0,0,0
1756703744,114,0.03,0.0,-0.05,0.0,0.0,0.0,0.0,0.0,0,0,0
1756703744,115,-0.03,0.0,0.01,0.0,0.0,0.0,0.0,0.0,0,0,0
1756703744,116,-0.01,0.0,-0.09,0.0,0.0,0.0,0.0,0.0,0,0,0
1756703744,117,0.02,0.0,0.1,0.0,0.0,0.0,0.0,0.0,0,0,0
1756703744,118,-0.05,0.0,0.01,0.0,0.0,0.0,0.0,0.0,0,0,0
1756703744,119,0.03,0.0,-0.02,0.0,0.0,0.0,0.0,0.0,0,0,0
1756703744,120,0.02,0.0,-0.02,0.0,0.0,0.0,0.0,0.0,0,0,0
1756703744,121,-0.05,0.0,0.01,0.0,0.0,0.0,0.0,0.0,0,0,0
1756703744,122,0.0,0.0,-0.05,0.0,0.0,0.0,0.0,0.0,0,0,0
1756703744,123,0.0,0.0,0.0,0.0,0.0,0.0,0.0,0.0,0,0,0
1756703744,124,0.01,0.0,-0.1,0.0,0.0,0.0,0.0,0.0,0,0,0
1756703744,125,0.0,0.0,-0.05,0.0,0.0,0.0,0.0,0.0,0,0,0
1756703744,126,0.0,0.0,-0.02,0.0,0.0,0.0,0.0,0.0,0,0,0
1756703744,127,0.03,0.0,-0.05,0.0,0.0,0.0,0.0,0.0,0,0,0
1756703744,128,0.0,0.0,-0.07,0.0,0.0,0.0,0.0,0.0,0,0,0
1756703744,129,-0.09,0.0,0.0,0.0,0.0,0.0,0.0,0.0,0,0,0
1756703744,130,0.0,0.0,0.0,0.0,0.0,0.0,0.0,0.0,0,0,0
1756703744,131,-0.01,0.0,-0.01,0.0,0.0,0.0,0.0,0.0,0,0,0
1756703744,132,-0.02,0.0,0.0,0.0,0.0,0.0,0.0,0.0,0,0,0
1756703744,133,0.02,0.0,0.0,0.0,0.0,0.0,0.0,0.0,0,0,0
1756703744,134,0.03,0.0,0.0,0.0,0.0,0.0,0.0,0.0,0,0,0
1756703744,135,0.01,0.0,-0.05,0.0,0.0,0.0,0.0,0.0,0,0,0
1756703744,136,0.02,0.0,0.03,0.0,0.0,0.0,0.0,0.0,0,0,0
1756703744,137,0.01,0.0,0.05,0.0,0.0,0.0,0.0,0.0,0,0,0
1756703744,138,0.0,0.0,0.0,0.0,0.0,0.0,0.0,0.0,0,0,0
1756703744,139,-0.01,0.0,0.0,0.0,0.0,0.0,0.0,0.0,0,0,0
1756703744,140,0.01,0.0,0.0,0.0,0.0,0.0,0.0,0.0,0,0,0
1756703744,141,0.05,0.0,-0.01,0.0,0.0,0.0,0.0,0.0,0,0,0
1756703744,142,0.0,0.0,0.0,0.0,0.0,0.0,0.0,0.0,0,0,0
1756703744,143,0.07,0.0,-0.02,0.0,0.0,0.0,0.0,0.0,0,0,0
1756703744,144,0.0,0.0,-0.01,0.0,0.0,0.0,0.0,0.0,0,0,0
1756703744,145,0.02,0.0,-0.01,0.0,0.0,0.0,0.0,0.0,0,0,0
1756703744,146,0.05,0.0,0.0,0.0,0.0,0.0,0.0,0.0,0,0,0
1756703744,147,0.0,0.0,-0.02,0.0,0.0,0.0,0.0,0.0,0,0,0
1756703744,148,0.01,0.0,0.01,0.0,0.0,0.0,0.0,0.0,0,0,0
1756703744,149,0.01,0.0,-0.05,0.0,0.0,0.0,0.0,0.0,0,0,0
1756703744,150,0.0,0.0,-0.07,0.0,0.0,0.0,0.0,0.0,0,0,0
1756703744,151,0.0,0.0,-0.07,0.0,0.0,0.0,0.0,0.0,0,0,0
1756703744,152,0.0,0.0,0.0,0.0,0.0,0.0,0.0,0.0,0,0,0
1756703744,153,0.0,0.0,0.0,0.0,0.0,0.0,0.0,0.0,0,0,0
1756703744,154,0.02,0.0,0.0,0.0,0.0,0.0,0.0,0.0,0,0,0
1756703744,155,-0.05,0.0,0.0,0.0,0.0,0.0,0.0,0.0,0,0,0
1756703744,156,0.0,0.0,-0.02,0.0,0.0,0.0,0.0,0.0,0,0,0
1756703744,157,0.03,0.0,-0.03,0.0,0.0,0.0,0.0,0.0,0,0,0
1756703744,158,0.07,0.0,-0.05,0.0,0.0,0.0,0.0,0.0,0,0,0
1756703744,159,0.0,0.0,0.0,0.0,0.0,0.0,0.0,0.0,0,0,0
1756703744,160,-0.02,0.0,-0.01,0.0,0.0,0.0,0.0,0.0,0,0,0
1756703744,161,-0.01,0.0,-0.03,0.0,0.0,0.0,0.0,0.0,0,0,0
1756703744,162,-0.05,0.0,0.0,0.0,0.0,0.0,0.0,0.0,0,0,0
1756703744,163,0.03,0.0,-0.05,0.0,0.0,0.0,0.0,0.0,0,0,0
1756703744,164,0.1,0.0,0.01,0.0,0.0,0.0,0.0,0.0,0,0,0
1756703744,165,0.02,0.0,0.0,0.0,0.0,0.0,0.0,0.0,0,0,0
1756703745,166,0.01,0.0,-0.09,0.0,0.0,0.0,0.0,0.0,0,0,0
1756703745,167,0.03,0.0,0.0,0.0,0.0,0.0,0.0,0.0,0,0,0
1756703745,168,0.01,0.0,0.0,0.0,0.0,0.0,0.0,0.0,0,0,0
1756703745,169,0.0,0.0,0.0,0.0,0.0,0.0,0.0,0.0,0,0,0
1756703745,170,0.02,0.0,-0.01,0.0,0.0,0.0,0.0,0.0,0,0,0
1756703745,171,0.0,0.0,0.0,0.0,0.0,0.0,0.0,0.0,0,0,0
1756703745,172,0.01,0.0,0.0,0.0,0.0,0.0,0.0,0.0,0,0,0
1756703745,173,0.02,0.0,-0.03,0.0,0.0,0.0,0.0,0.0,0,0,0
1756703745,174,0.0,0.0,0.0,0.0,0.0,0.0,0.0,0.0,0,0,0
1756703745,175,0.0,0.0,-0.02,0.0,0.0,0.0,0.0,0.0,0,0,0
1756703745,176,-0.01,0.0,0.0,0.0,0.0,0.0,0.0,0.0,0,0,0
1756703745,177,0.0,0.0,-0.01,0.0,0.0,0.0,0.0,0.0,0,0,0
1756703745,178,-0.02,0.0,-0.01,0.0,0.0,0.0,0.0,0.0,0,0,0
1756703745,179,0.0,0.0,-0.02,0.0,0.0,0.0,0.0,0.0,0,0,0
1756703745,180,0.0,0.0,0.0,0.0,0.0,0.0,0.0,0.0,0,0,0
1756703745,181,0.0,0.0,0.0,0.0,0.0,0.0,0.0,0.0,0,0,0
1756703745,182,0.0,0.0,-0.02,0.0,0.0,0.0,0.0,0.0,0,0,0
1756703745,183,-0.03,0.0,-0.01,0.0,0.0,0.0,0.0,0.0,0,0,0
1756703745,184,-0.05,0.0,-0.07,0.0,0.0,0.0,0.0,0.0,0,0,0
1756703745,185,0.0,0.0,-0.02,0.0,0.0,0.0,0.0,0.0,0,0,0
1756703745,186,0.0,0.0,0.0,0.0,0.0,0.0,0.0,0.0,0,0,0
1756703745,187,0.01,0.0,-0.07,0.0,0.0,0.0,0.0,0.0,0,0,0
1756703745,188,-0.02,0.0,0.0,0.0,0.0,0.0,0.0,0.0,0,0,0
1756703745,189,0.0,0.0,-0.02,0.0,0.0,0.0,0.0,0.0,0,0,0
1756703745,190,0.03,0.0,-0.09,0.0,0.0,0.0,0.0,0.0,0,0,0
1756703745,191,0.02,0.0,0.0,0.0,0.0,0.0,0.0,0.0,0,0,0
1756703745,192,0.0,0.0,0.0,0.0,0.0,0.0,0.0,0.0,0,0,0
1756703745,193,0.0,0.0,-0.01,0.0,0.0,0.0,0.0,0.0,0,0,0
1756703745,194,0.0,0.0,0.0,0.0,0.0,0.0,0.0,0.0,0,0,0
1756703745,195,0.0,0.0,0.0,0.0,0.0,0.0,0.0,0.0,0,0,0
1756703745,196,0.05,0.0,0.0,0.0,0.0,0.0,0.0,0.0,0,0,0
1756703745,197,0.0,0.0,0.0,0.0,0.0,0.0,0.0,0.0,0,0,0
1756703745,198,0.0,0.0,-0.01,0.0,0.0,0.0,0.0,0.0,0,0,0
1756703745,199,0.0,0.0,0.0,0.0,0.0,0.0,0.0,0.0,0,0,0
1756703745,200,0.01,0.0,0.0,0.0,0.0,0.0,0.0,0.0,0,0,0
1756703745,201,-0.05,0.0,0.0,0.0,0.0,0.0,0.0,0.0,0,0,0
1756703745,202,0.02,0.0,0.0,0.0,0.0,0.0,0.0,0.0,0,0,0
1756703745,203,0.0,0.0,-0.05,0.0,0.0,0.0,0.0,0.0,0,0,0
1756703745,204,0.0,0.0,0.0,0.0,0.0,0.0,0.0,0.0,0,0,0
1756703745,205,-0.05,0.0,0.0,0.0,0.0,0.0,0.0,0.0,0,0,0
1756703745,206,0.0,0.0,0.0,0.0,0.0,0.0,0.0,0.0,0,0,0
1756703745,207,0.0,0.0,-0.02,0.0,0.0,0.0,0.0,0.0,0,0,0
1756703745,208,0.0,0.0,0.0,0.0,0.0,0.0,0.0,0.0,0,0,0
1756703745,209,0.0,0.0,-0.01,0.0,0.0,0.0,0.0,0.0,0,0,0
1756703745,210,0.0,0.0,-0.07,0.0,0.0,0.0,0.0,0.0,0,0,0
1756703745,211,0.0,0.0,0.0,0.0,0.0,0.0,0.0,0.0,0,0,0
1756703745,212,0.05,0.0,0.0,0.0,0.0,0.0,0.0,0.0,0,0,0
1756703745,213,0.0,0.0,0.0,0.0,0.0,0.0,0.0,0.0,0,0,0
1756703745,214,0.0,0.0,-0.02,0.0,0.0,0.0,0.0,0.0,0,0,0
1756703745,215,0.0,0.0,0.0,0.0,0.0,0.0,0.0,0.0,0,0,0
1756703745,216,-0.01,0.0,-0.02,0.0,0.0,0.0,0.0,0.0,0,0,0
1756703745,217,0.0,0.0,0.0,0.0,0.0,0.0,0.0,0.0,0,0,0
1756703745,218,0.0,0.0,-0.01,0.0,0.0,0.0,0.0,0.0,0,0,0
1756703745,219,-0.01,0.0,0.0,0.0,0.0,0.0,0.0,0.0,0,0,0
1756703745,220,0.0,0.0,-0.01,0.0,0.0,0.0,0.0,0.0,0,0,0
1756703745,221,-0.01,0.0,0.0,0.0,0.0,0.0,0.0,0.0,0,0,0
1756703745,222,0.0,0.0,0.0,0.0,0.0,0.0,0.0,0.0,0,0,0
1756703745,223,0.01,0.0,-0.1,0.0,0.0,0.0,0.0,0.0,0,0,0
1756703745,224,0.0,0.0,0.0,0.0,0.0,0.0,0.0,0.0,0,0,0
1756703745,225,0.01,0.0,-0.02,0.0,0.0,0.0,0.0,0.0,0,0,0
1756703745,226,0.0,0.0,0.0,0.0,0.0,0.0,0.0,0.0,0,0,0
1756703745,227,0.05,0.0,0.03,0.0,0.0,0.0,0.0,0.0,0,0,0
1756703745,228,-0.02,0.0,0.0,0.0,0.0,0.0,0.0,0.0,0,0,0
1756703745,229,-0.07,0.0,0.0,0.0,0.0,0.0,0.0,0.0,0,0,0
1756703745,230,0.0,0.0,0.0,0.0,0.0,0.0,0.0,0.0,0,0,0
1756703745,231,0.0,0.0,0.0,0.0,0.0,0.0,0.0,0.0,0,0,0
1756703745,232,0.0,0.0,-0.01,0.0,0.0,0.0,0.0,0.0,0,0,0
1756703745,233,-0.05,0.0,0.0,0.0,0.0,0.0,0.0,0.0,0,0,0
1756703746,234,0.0,0.0,-0.05,0.0,0.0,0.0,0.0,0.0,0,0,0
1756703746,235,0.0,0.0,0.0,0.0,0.0,0.0,0.0,0.0,0,0,0
1756703746,236,0.0,0.0,-0.05,0.0,0.0,0.0,0.0,0.0,0,0,0
1756703746,237,-0.01,0.0,-0.01,0.0,0.0,0.0,0.0,0.0,0,0,0
1756703746,238,0.0,0.0,0.0,0.0,0.0,0.0,0.0,0.0,0,0,0
1756703746,239,0.03,0.0,-0.01,0.0,0.0,0.0,0.0,0.0,0,0,0
1756703746,240,0.0,0.0,-0.03,0.0,0.0,0.0,0.0,0.0,0,0,0
1756703746,241,0.0,0.0,-0.05,0.0,0.0,0.0,0.0,0.0,0,0,0
1756703746,242,0.0,0.0,-0.02,0.0,0.0,0.0,0.0,0.0,0,0,0
1756703746,243,0.01,0.0,-0.03,0.0,0.0,0.0,0.0,0.0,0,0,0
1756703746,244,-0.02,0.0,0.0,0.0,0.0,0.0,0.0,0.0,0,0,0
1756703746,245,0.0,0.0,-0.02,0.0,0.0,0.0,0.0,0.0,0,0,0
1756703746,246,0.0,0.0,-0.07,0.0,0.0,0.0,0.0,0.0,0,0,0
1756703746,247,0.0,0.0,0.0,0.0,0.0,0.0,0.0,0.0,0,0,0
1756703746,248,0.01,0.0,0.0,0.0,0.0,0.0,0.0,0.0,0,0,0
1756703746,249,0.05,0.0,0.09,0.0,0.0,0.0,0.0,0.0,0,0,0
1756703746,250,0.07,0.0,-0.07,0.0,0.0,0.0,0.0,0.0,0,0,0
1756703746,251,-0.07,0.0,-0.02,0.0,0.0,0.0,0.0,0.0,0,0,0
1756703746,252,0.05,0.0,0.0,0.0,0.0,0.0,0.0,0.0,0,0,0
1756703746,253,0.0,0.0,-0.07,0.0,0.0,0.0,0.0,0.0,0,0,0
1756703746,254,0.03,0.0,-0.07,0.0,0.0,0.0,0.0,0.0,0,0,0
1756703746,255,0.02,0.0,-0.05,0.0,0.0,0.0,0.0,0.0,0,0,0
1756703746,256,0.07,0.0,-0.01,0.0,0.0,0.0,0.0,0.0,0,0,0
1756703746,257,0.0,0.0,0.0,0.0,0.0,0.0,0.0,0.0,0,0,0
1756703746,258,0.0,0.0,-0.01,0.0,0.0,0.0,0.0,0.0,0,0,0
1756703746,259,0.01,0.0,-0.01,0.0,0.0,0.0,0.0,0.0,0,0,0
1756703746,260,-0.01,0.0,-0.01,0.0,0.0,0.0,0.0,0.0,0,0,0
1756703746,261,0.0,0.0,-0.02,0.0,0.0,0.0,0.0,0.0,0,0,0
1756703746,262,-0.05,0.0,0.0,0.0,0.0,0.0,0.0,0.0,0,0,0
1756703746,263,0.0,0.0,0.0,0.0,0.0,0.0,0.0,0.0,0,0,0
1756703746,264,0.0,0.0,-0.01,0.0,0.0,0.0,0.0,0.0,0,0,0
1756703746,265,0.0,0.0,-0.01,0.0,0.0,0.0,0.0,0.0,0,0,0
1756703746,266,-0.02,0.0,0.0,0.0,0.0,0.0,0.0,0.0,0,0,0
1756703746,267,0.0,0.0,0.02,0.0,0.0,0.0,0.0,0.0,0,0,0
1756703746,268,0.0,0.0,-0.03,0.0,0.0,0.0,0.0,0.0,0,0,0
1756703746,269,0.0,0.0,-0.02,0.0,0.0,0.0,0.0,0.0,0,0,0
1756703746,270,0.0,0.0,0.0,0.0,0.0,0.0,0.0,0.0,0,0,0
1756703746,271,0.0,0.0,-0.05,0.0,0.0,0.0,0.0,0.0,0,0,0
1756703746,272,0.0,0.0,-0.02,0.0,0.0,0.0,0.0,0.0,0,0,0
1756703746,273,0.0,0.0,0.0,0.0,0.0,0.0,0.0,0.0,0,0,0
1756703746,274,0.02,0.0,-0.01,0.0,0.0,0.0,0.0,0.0,0,0,0
1756703746,275,0.05,0.0,-0.03,0.0,0.0,0.0,0.0,0.0,0,0,0
1756703746,276,0.02,0.0,-0.05,0.0,0.0,0.0,0.0,0.0,0,0,0
1756703746,277,-0.07,0.0,0.0,0.0,0.0,0.0,0.0,0.0,0,0,0
1756703746,278,0.0,0.0,0.0,0.0,0.0,0.0,0.0,0.0,0,0,0
1756703746,279,0.02,0.0,0.0,0.0,0.0,0.0,0.0,0.0,0,0,0
1756703746,280,-0.05,0.0,-0.02,0.0,0.0,0.0,0.0,0.0,0,0,0
1756703746,281,0.0,0.0,0.0,0.0,0.0,0.0,0.0,0.0,0,0,0
1756703746,282,0.0,0.0,0.0,0.0,0.0,0.0,0.0,0.0,0,0,0
1756703746,283,0.0,0.0,0.0,0.0,0.0,0.0,0.0,0.0,0,0,0
1756703746,284,-0.01,0.0,0.0,0.0,0.0,0.0,0.0,0.0,0,0,0
1756703746,285,0.0,0.0,-0.01,0.0,0.0,0.0,0.0,0.0,0,0,0
1756703746,286,0.02,0.0,-0.01,0.0,0.0,0.0,0.0,0.0,0,0,0
1756703746,287,-0.02,0.0,0.02,0.0,0.0,0.0,0.0,0.0,0,0,0
1756703746,288,0.0,0.0,0.0,0.0,0.0,0.0,0.0,0.0,0,0,0
1756703746,289,0.01,0.0,0.0,0.0,0.0,0.0,0.0,0.0,0,0,0
1756703746,290,0.0,0.0,0.0,0.0,0.0,0.0,0.0,0.0,0,0,0
1756703746,291,0.03,0.0,0.0,0.0,0.0,0.0,0.0,0.0,0,0,0
1756703746,292,0.0,0.0,0.0,0.0,0.0,0.0,0.0,0.0,0,0,0
1756703746,293,0.0,0.0,0.05,0.0,0.0,0.0,0.0,0.0,0,0,0
1756703746,294,0.0,0.0,0.03,0.0,0.0,0.0,0.0,0.0,0,0,0
1756703746,295,0.02,0.0,-0.01,0.0,0.0,0.0,0.0,0.0,0,0,0
1756703746,296,0.0,0.0,-0.11,0.0,0.0,0.0,0.0,0.0,0,0,0
1756703746,297,-0.01,0.0,-0.05,0.0,0.0,0.0,0.0,0.0,0,0,0
1756703746,298,0.0,0.0,-0.02,0.0,0.0,0.0,0.0,0.0,0,0,0
1756703747,299,0.01,0.0,-0.05,0.0,0.0,0.0,0.0,0.0,0,0,0
1756703747,300,0.0,0.0,-0.05,0.0,0.0,0.0,0.0,0.0,0,0,0
1756703747,301,0.01,0.0,0.0,0.0,0.0,0.0,0.0,0.0,0,0,0
1756703747,302,0.0,0.0,-0.07,0.0,0.0,0.0,0.0,0.0,0,0,0
1756703747,303,0.05,0.0,0.0,0.0,0.0,0.0,0.0,0.0,0,0,0
1756703747,304,0.0,0.0,-0.05,0.0,0.0,0.0,0.0,0.0,0,0,0
1756703747,305,0.05,0.0,-0.03,0.0,0.0,0.0,0.0,0.0,0,0,0
1756703747,306,0.0,0.0,-0.01,0.0,0.0,0.0,0.0,0.0,0,0,0
1756703747,307,0.0,0.0,0.0,0.0,0.0,0.0,0.0,0.0,0,0,0
1756703747,308,-0.02,0.0,0.01,0.0,0.0,0.0,0.0,0.0,0,0,0
1756703747,309,0.05,0.0,0.0,0.0,0.0,0.0,0.0,0.0,0,0,0
1756703747,310,0.02,0.0,0.0,0.0,0.0,0.0,0.0,0.0,0,0,0
1756703747,311,-0.01,0.0,-0.05,0.0,0.0,0.0,0.0,0.0,0,0,0
1756703747,312,0.01,0.0,-0.02,0.0,0.0,0.0,0.0,0.0,0,0,0
1756703747,313,0.0,0.0,-0.05,0.0,0.0,0.0,0.0,0.0,0,0,0
1756703747,314,0.0,0.0,0.0,0.0,0.0,0.0,0.0,0.0,0,0,0
1756703747,315,0.0,0.0,0.0,0.0,0.0,0.0,0.0,0.0,0,0,0
1756703747,316,0.0,0.0,-0.11,0.0,0.0,0.0,0.0,0.0,0,0,0
1756703747,317,0.0,0.0,-0.02,0.0,0.0,0.0,0.0,0.0,0,0,0
1756703747,318,0.03,0.0,-0.03,0.0,0.0,0.0,0.0,0.0,0,0,0
1756703747,319,0.0,0.0,0.03,0.0,0.0,0.0,0.0,0.0,0,0,0
1756703747,320,0.03,0.0,-0.01,0.0,0.0,0.0,0.0,0.0,0,0,0
1756703747,321,0.0,0.0,-0.02,0.0,0.0,0.0,0.0,0.0,0,0,0
1756703747,322,0.02,0.0,0.0,0.0,0.0,0.0,0.0,0.0,0,0,0
1756703747,323,0.0,0.0,0.0,0.0,0.0,0.0,0.0,0.0,0,0,0
1756703747,324,0.0,0.0,-0.02,0.0,0.0,0.0,0.0,0.0,0,0,0
1756703747,325,-0.02,0.0,-0.1,0.0,0.0,0.0,0.0,0.0,0,0,0
1756703747,326,-0.05,0.0,0.0,0.0,0.0,0.0,0.0,0.0,0,0,0
1756703747,327,0.02,0.0,0.0,0.0,0.0,0.0,0.0,0.0,0,0,0
1756703747,328,0.0,0.0,-0.05,0.0,0.0,0.0,0.0,0.0,0,0,0
1756703747,329,0.0,0.0,0.0,0.0,0.0,0.0,0.0,0.0,0,0,0
1756703747,330,0.03,0.0,0.0,0.0,0.0,0.0,0.0,0.0,0,0,0
1756703747,331,0.0,0.0,0.0,0.0,0.0,0.0,0.0,0.0,0,0,0
1756703747,332,-0.1,0.0,-0.01,0.0,0.0,0.0,0.0,0.0,0,0,0
1756703747,333,0.0,0.0,-0.02,0.0,0.0,0.0,0.0,0.0,0,0,0
1756703747,334,0.0,0.0,0.0,0.0,0.0,0.0,0.0,0.0,0,0,0
1756703747,335,0.0,0.0,-0.05,0.0,0.0,0.0,0.0,0.0,0,0,0
1756703747,336,-0.05,0.0,-0.01,0.0,0.0,0.0,0.0,0.0,0,0,0
1756703747,337,-0.01,0.0,0.0,0.0,0.0,0.0,0.0,0.0,0,0,0
1756703747,338,0.0,0.0,0.0,0.0,0.0,0.0,0.0,0.0,0,0,0
1756703747,339,0.05,0.0,0.0,0.0,0.0,0.0,0.0,0.0,0,0,0
1756703747,340,0.0,0.0,-0.05,0.0,0.0,0.0,0.0,0.0,0,0,0
1756703747,341,0.0,0.0,-0.03,0.0,0.0,0.0,0.0,0.0,0,0,0
1756703747,342,0.03,0.0,0.0,0.0,0.0,0.0,0.0,0.0,0,0,0
1756703747,343,0.0,0.0,0.0,0.0,0.0,0.0,0.0,0.0,0,0,0
1756703747,344,0.0,0.0,-0.01,0.0,0.0,0.0,0.0,0.0,0,0,0
1756703747,345,-0.02,0.0,-0.02,0.0,0.0,0.0,0.0,0.0,0,0,0
1756703747,346,0.05,0.0,0.0,0.0,0.0,0.0,0.0,0.0,0,0,0
1756703747,347,0.03,0.0,-0.05,0.0,0.0,0.0,0.0,0.0,0,0,0
1756703747,348,0.02,0.0,-0.01,0.0,0.0,0.0,0.0,0.0,0,0,0
1756703747,349,0.03,0.0,-0.03,0.0,0.0,0.0,0.0,0.0,0,0,0
1756703747,350,0.0,0.0,0.0,0.0,0.0,0.0,0.0,0.0,0,0,0
1756703747,351,0.02,0.0,-0.01,0.0,0.0,0.0,0.0,0.0,0,0,0
1756703747,352,0.0,0.0,0.0,0.0,0.0,0.0,0.0,0.0,0,0,0
1756703747,353,-0.02,0.0,0.0,0.0,0.0,0.0,0.0,0.0,0,0,0
1756703747,354,0.01,0.0,0.0,0.0,0.0,0.0,0.0,0.0,0,0,0
1756703747,355,0.0,0.0,0.02,0.0,0.0,0.0,0.0,0.0,0,0,0
1756703747,356,0.02,0.0,0.05,0.0,0.0,0.0,0.0,0.0,0,0,0
1756703747,357,0.05,0.0,0.0,0.0,0.0,0.0,0.0,0.0,0,0,0
1756703747,358,0.0,0.0,0.0,0.0,0.0,0.0,0.0,0.0,0,0,0
1756703747,359,0.01,0.0,-0.01,0.0,0.0,0.0,0.0,0.0,0,0,0
1756703747,360,0.0,0.0,0.0,0.0,0.0,0.0,0.0,0.0,0,0,0
1756703747,361,0.0,0.0,0.0,0.0,0.0,0.0,0.0,0.0,0,0,0
1756703747,362,0.0,0.0,-0.03,0.0,0.0,0.0,0.0,0.0,0,0,0
1756703747,363,0.0,0.0,0.02,0.0,0.0,0.0,0.0,0.0,0,0,0
1756703748,364,0.0,0.0,0.0,0.0,0.0,0.0,0.0,0.0,0,0,0
1756703748,365,0.03,0.0,-0.02,0.0,0.0,0.0,0.0,0.0,0,0,0
1756703748,366,0.0,0.0,-0.03,0.0,0.0,0.0,0.0,0.0,0,0,0
1756703748,367,0.03,0.0,-0.03,0.0,0.0,0.0,0.0,0.0,0,0,0
1756703748,368,0.0,0.0,-0.01,0.0,0.0,0.0,0.0,0.0,0,0,0
1756703748,369,0.01,0.0,0.0,0.0,0.0,0.0,0.0,0.0,0,0,0
1756703748,370,0.03,0.0,0.01,0.0,0.0,0.0,0.0,0.0,0,0,0
1756703748,371,0.0,0.0,-0.03,0.0,0.0,0.0,0.0,0.0,0,0,0
1756703748,372,0.0,0.0,0.0,0.0,0.0,0.0,0.0,0.0,0,0,0
1756703748,373,0.0,0.0,0.0,0.0,0.0,0.0,0.0,0.0,0,0,0
1756703748,374,0.01,0.0,-0.02,0.0,0.0,0.0,0.0,0.0,0,0,0
1756703748,375,0.0,0.0,0.0,0.0,0.0,0.0,0.0,0.0,0,0,0
1756703748,376,0.01,0.0,-0.01,0.0,0.0,0.0,0.0,0.0,0,0,0
1756703748,377,-0.02,0.0,0.0,0.0,0.0,0.0,0.0,0.0,0,0,0
1756703748,378,0.03,0.0,-0.02,0.0,0.0,0.0,0.0,0.0,0,0,0
1756703748,379,0.0,0.0,0.0,0.0,0.0,0.0,0.0,0.0,0,0,0
1756703748,380,0.0,0.0,0.0,0.0,0.0,0.0,0.0,0.0,0,0,0
1756703748,381,0.0,0.0,-0.01,0.0,0.0,0.0,0.0,0.0,0,0,0
1756703748,382,-0.03,0.0,0.05,0.0,0.0,0.0,0.0,0.0,0,0,0
1756703748,383,0.0,0.0,0.0,0.0,0.0,0.0,0.0,0.0,0,0,0
1756703748,384,0.0,0.0,-0.05,0.0,0.0,0.0,0.0,0.0,0,0,0
1756703748,385,0.05,0.0,-0.1,0.0,0.0,0.0,0.0,0.0,0,0,0
1756703748,386,-0.01,0.0,-0.01,0.0,0.0,0.0,0.0,0.0,0,0,0
1756703748,387,0.0,0.0,-0.02,0.0,0.0,0.0,0.0,0.0,0,0,0
1756703748,388,0.03,0.0,0.0,0.0,0.0,0.0,0.0,0.0,0,0,0
1756703748,389,0.0,0.0,0.0,0.0,0.0,0.0,0.0,0.0,0,0,0
1756703748,390,0.0,0.0,-0.01,0.0,0.0,0.0,0.0,0.0,0,0,0
1756703748,391,-0.03,0.0,-0.05,0.0,0.0,0.0,0.0,0.0,0,0,0
1756703748,392,0.01,0.0,0.0,0.0,0.0,0.0,0.0,0.0,0,0,0
1756703748,393,-0.01,0.0,0.0,0.0,0.0,0.0,0.0,0.0,0,0,0
1756703748,394,0.0,0.0,-0.03,0.0,0.0,0.0,0.0,0.0,0,0,0
1756703748,395,0.0,0.0,0.0,0.0,0.0,0.0,0.0,0.0,0,0,0
1756703748,396,0.02,0.0,0.0,0.0,0.0,0.0,0.0,0.0,0,0,0
1756703748,397,-0.01,0.0,0.0,0.0,0.0,0.0,0.0,0.0,0,0,0
1756703748,398,0.0,0.0,0.0,0.0,0.0,0.0,0.0,0.0,0,0,0
1756703748,399,0.0,0.0,0.0,0.0,0.0,0.0,0.0,0.0,0,0,0
1756703748,400,0.01,0.0,0.0,0.0,0.0,0.0,0.0,0.0,0,0,0
1756703748,401,-0.03,0.0,-0.05,0.0,0.0,0.0,0.0,0.0,0,0,0
1756703748,402,-0.05,0.0,-0.02,0.0,0.0,0.0,0.0,0.0,0,0,0
1756703748,403,0.01,0.0,-0.09,0.0,0.0,0.0,0.0,0.0,0,0,0
1756703748,404,0.0,0.0,0.05,0.0,0.0,0.0,0.0,0.0,0,0,0
1756703748,405,0.0,0.0,0.02,0.0,0.0,0.0,0.0,0.0,0,0,0
1756703748,406,0.0,0.0,-0.01,0.0,0.0,0.0,0.0,0.0,0,0,0
1756703748,407,0.01,0.0,-0.05,0.0,0.0,0.0,0.0,0.0,0,0,0
1756703748,408,0.01,0.0,-0.01,0.0,0.0,0.0,0.0,0.0,0,0,0
1756703748,409,0.02,0.0,-0.07,0.0,0.0,0.0,0.0,0.0,0,0,0
1756703748,410,0.02,0.0,0.0,0.0,0.0,0.0,0.0,0.0,0,0,0
1756703748,411,-0.02,0.0,0.0,0.0,0.0,0.0,0.0,0.0,0,0,0
1756703748,412,-0.01,0.0,-0.03,0.0,0.0,0.0,0.0,0.0,0,0,0
1756703748,413,0.0,0.0,0.0,0.0,0.0,0.0,0.0,0.0,0,0,0
1756703748,414,-0.02,0.0,0.0,0.0,0.0,0.0,0.0,0.0,0,0,0
1756703748,415,0.0,0.0,0.0,0.0,0.0,0.0,0.0,0.0,0,0,0
1756703748,416,0.0,0.0,-0.07,0.0,0.0,0.0,0.0,0.0,0,0,0
1756703748,417,0.0,0.0,-0.01,0.0,0.0,0.0,0.0,0.0,0,0,0
1756703748,418,-0.03,0.0,-0.07,0.0,0.0,0.0,0.0,0.0,0,0,0
1756703748,419,0.07,0.0,-0.02,0.0,0.0,0.0,0.0,0.0,0,0,0
1756703748,420,0.0,0.0,-0.07,0.0,0.0,0.0,0.0,0.0,0,0,0
1756703748,421,0.03,0.0,-0.03,0.0,0.0,0.0,0.0,0.0,0,0,0
1756703748,422,0.0,0.0,0.0,0.0,0.0,0.0,0.0,0.0,0,0,0
1756703748,423,0.0,0.0,-0.02,0.0,0.0,0.0,0.0,0.0,0,0,0
1756703748,424,0.0,0.0,-0.01,0.0,0.0,0.0,0.0,0.0,0,0,0
1756703748,425,0.0,0.0,-0.01,0.0,0.0,0.0,0.0,0.0,0,0,0
1756703748,426,0.02,0.0,-0.03,0.0,0.0,0.0,0.0,0.0,0,0,0
1756703748,427,0.02,0.0,0.0,0.0,0.0,0.0,0.0,0.0,0,0,0
1756703748,428,0.0,0.0,-0.01,0.0,0.0,0.0,0.0,0.0,0,0,0
1756703748,429,0.0,0.0,-0.03,0.0,0.0,0.0,0.0,0.0,0,0,0
1756703748,430,0.0,0.0,-0.05,0.0,0.0,0.0,0.0,0.0,0,0,0
1756703748,431,0.0,0.0,-0.02,0.0,0.0,0.0,0.0,0.0,0,0,0
1756703749,432,0.01,0.0,-0.05,0.0,0.0,0.0,0.0,0.0,0,0,0
1756703749,433,-0.05,0.0,0.0,0.0,0.0,0.0,0.0,0.0,0,0,0
1756703749,434,-0.01,0.0,-0.03,0.0,0.0,0.0,0.0,0.0,0,0,0
1756703749,435,0.0,0.0,-0.03,0.0,0.0,0.0,0.0,0.0,0,0,0
1756703749,436,0.01,0.0,-0.03,0.0,0.0,0.0,0.0,0.0,0,0,0
1756703749,437,0.0,0.0,0.0,0.0,0.0,0.0,0.0,0.0,0,0,0
1756703749,438,0.0,0.0,-0.05,0.0,0.0,0.0,0.0,0.0,0,0,0
1756703749,439,0.02,0.0,0.0,0.0,0.0,0.0,0.0,0.0,0,0,0
1756703749,440,0.03,0.0,-0.05,0.0,0.0,0.0,0.0,0.0,0,0,0
1756703749,441,-0.02,0.0,0.0,0.0,0.0,0.0,0.0,0.0,0,0,0
1756703749,442,0.0,0.0,0.0,0.0,0.0,0.0,0.0,0.0,0,0,0
1756703749,443,0.03,0.0,0.0,0.0,0.0,0.0,0.0,0.0,0,0,0
1756703749,444,0.0,0.0,0.0,0.0,0.0,0.0,0.0,0.0,0,0,0
1756703749,445,0.0,0.0,-0.03,0.0,0.0,0.0,0.0,0.0,0,0,0
1756703749,446,0.02,0.0,-0.02,0.0,0.0,0.0,0.0,0.0,0,0,0
1756703749,447,0.0,0.0,-0.07,0.0,0.0,0.0,0.0,0.0,0,0,0
1756703749,448,-0.05,0.0,0.0,0.0,0.0,0.0,0.0,0.0,0,0,0
1756703749,449,-0.03,0.0,-0.01,0.0,0.0,0.0,0.0,0.0,0,0,0
1756703749,450,0.0,0.0,-0.05,0.0,0.0,0.0,0.0,0.0,0,0,0
1756703749,451,0.05,0.0,-0.02,0.0,0.0,0.0,0.0,0.0,0,0,0
1756703749,452,-0.01,0.0,-0.01,0.0,0.0,0.0,0.0,0.0,0,0,0
1756703749,453,0.05,0.0,-0.02,0.0,0.0,0.0,0.0,0.0,0,0,0
1756703749,454,-0.02,0.0,0.0,0.0,0.0,0.0,0.0,0.0,0,0,0
1756703749,455,0.05,0.0,0.0,0.0,0.0,0.0,0.0,0.0,0,0,0
1756703749,456,0.05,0.0,0.02,0.0,0.0,0.0,0.0,0.0,0,0,0
1756703749,457,0.0,0.0,0.0,0.0,0.0,0.0,0.0,0.0,0,0,0
1756703749,458,0.01,0.0,-0.03,0.0,0.0,0.0,0.0,0.0,0,0,0
1756703749,459,0.02,0.0,-0.01,0.0,0.0,0.0,0.0,0.0,0,0,0
1756703749,460,-0.05,0.0,-0.03,0.0,0.0,0.0,0.0,0.0,0,0,0
1756703749,461,0.0,0.0,0.0,0.0,0.0,0.0,0.0,0.0,0,0,0
1756703749,462,0.05,0.0,-0.15,0.0,0.0,0.0,0.0,0.0,0,0,0
1756703749,463,0.0,0.0,-0.05,0.0,0.0,0.0,0.0,0.0,0,0,0
1756703749,464,0.01,0.0,-0.05,0.0,0.0,0.0,0.0,0.0,0,0,0
1756703749,465,0.02,0.0,-0.09,0.0,0.0,0.0,0.0,0.0,0,0,0
1756703749,466,0.01,0.0,-0.05,0.0,0.0,0.0,0.0,0.0,0,0,0
1756703749,467,-0.01,0.0,0.0,0.0,0.0,0.0,0.0,0.0,0,0,0
1756703749,468,0.0,0.0,-0.01,0.0,0.0,0.0,0.0,0.0,0,0,0
1756703749,469,0.05,0.0,-0.09,0.0,0.0,0.0,0.0,0.0,0,0,0
1756703749,470,0.05,0.0,-0.02,0.0,0.0,0.0,0.0,0.0,0,0,0
1756703749,471,0.01,0.0,0.0,0.0,0.0,0.0,0.0,0.0,0,0,0
1756703749,472,-0.01,0.0,-0.05,0.0,0.0,0.0,0.0,0.0,0,0,0
1756703749,473,-0.01,0.0,-0.02,0.0,0.0,0.0,0.0,0.0,0,0,0
1756703749,474,0.0,0.0,-0.02,0.0,0.0,0.0,0.0,0.0,0,0,0
1756703749,475,0.0,0.0,-0.02,0.0,0.0,0.0,0.0,0.0,0,0,0
1756703749,476,-0.07,0.0,0.0,0.0,0.0,0.0,0.0,0.0,0,0,0
1756703749,477,0.0,0.0,0.0,0.0,0.0,0.0,0.0,0.0,0,0,0
1756703749,478,0.02,0.0,-0.09,0.0,0.0,0.0,0.0,0.0,0,0,0
1756703749,479,-0.03,0.0,-0.05,0.0,0.0,0.0,0.0,0.0,0,0,0
1756703749,480,0.01,0.0,0.0,0.0,0.0,0.0,0.0,0.0,0,0,0
1756703749,481,-0.05,0.0,0.0,0.0,0.0,0.0,0.0,0.0,0,0,0
1756703749,482,0.05,0.0,0.0,0.0,0.0,0.0,0.0,0.0,0,0,0
1756703749,483,0.0,0.0,0.0,0.0,0.0,0.0,0.0,0.0,0,0,0
1756703749,484,0.0,0.0,-0.05,0.0,0.0,0.0,0.0,0.0,0,0,0
1756703749,485,-0.01,0.0,0.0,0.0,0.0,0.0,0.0,0.0,0,0,0
1756703749,486,0.01,0.0,-0.02,0.0,0.0,0.0,0.0,0.0,0,0,0
1756703749,487,0.01,0.0,0.0,0.0,0.0,0.0,0.0,0.0,0,0,0
1756703749,488,0.07,0.0,0.0,0.0,0.0,0.0,0.0,0.0,0,0,0
1756703749,489,0.0,0.0,-0.01,0.0,0.0,0.0,0.0,0.0,0,0,0
1756703749,490,0.0,0.0,0.0,0.0,0.0,0.0,0.0,0.0,0,0,0
1756703749,491,0.01,0.0,0.02,0.0,0.0,0.0,0.0,0.0,0,0,0
1756703749,492,0.02,0.0,0.0,0.0,0.0,0.0,0.0,0.0,0,0,0
1756703749,493,0.02,0.0,-0.01,0.0,0.0,0.0,0.0,0.0,0,0,0
1756703749,494,0.03,0.0,-0.05,0.0,0.0,0.0,0.0,0.0,0,0,0
1756703749,495,0.01,0.0,0.0,0.0,0.0,0.0,0.0,0.0,0,0,0
1756703750,496,0.0,0.0,-0.02,0.0,0.0,0.0,0.0,0.0,0,0,0
1756703750,497,0.02,0.0,-0.01,0.0,0.0,0.0,0.0,0.0,0,0,0
1756703750,498,0.05,0.0,-0.01,0.0,0.0,0.0,0.0,0.0,0,0,0
1756703750,499,0.02,0.0,0.0,0.0,0.0,0.0,0.0,0.0,0,0,0
1756703750,500,0.0,0.0,-0.05,0.0,0.0,0.0,0.0,0.0,0,0,0
1756703750,501,0.0,0.0,0.0,0.0,0.0,0.0,0.0,0.0,0,0,0
1756703750,502,0.01,0.0,-0.02,0.0,0.0,0.0,0.0,0.0,0,0,0
1756703750,503,0.0,0.0,-0.01,0.0,0.0,0.0,0.0,0.0,0,0,0
1756703750,504,0.0,0.0,-0.01,0.0,0.0,0.0,0.0,0.0,0,0,0
1756703750,505,0.01,0.0,-0.01,0.0,0.0,0.0,0.0,0.0,0,0,0
1756703750,506,0.01,0.0,-0.07,0.0,0.0,0.0,0.0,0.0,0,0,0
1756703750,507,0.0,0.0,-0.11,0.0,0.0,0.0,0.0,0.0,0,0,0
1756703750,508,0.0,0.0,-0.11,0.0,0.0,0.0,0.0,0.0,0,0,0
1756703750,509,-0.02,0.0,-0.12,0.0,0.0,0.0,0.0,0.0,0,0,0
1756703750,510,0.01,0.0,-0.14,0.0,0.0,0.0,0.0,0.0,0,0,0
1756703750,511,0.02,0.0,0.0,0.0,0.0,0.0,0.0,0.0,0,0,0
1756703750,512,0.1,0.0,0.02,0.0,0.0,0.0,0.0,0.0,0,0,0
1756703750,513,0.0,0.0,0.0,0.0,0.0,0.0,0.0,0.0,0,0,0
1756703750,514,0.0,0.0,0.0,0.0,0.0,0.0,0.0,0.0,0,0,0
1756703750,515,-0.03,0.0,0.03,0.0,0.0,0.0,0.0,0.0,0,0,0
1756703750,516,-0.03,0.0,-0.01,0.0,0.0,0.0,0.0,0.0,0,0,0
1756703750,517,0.0,0.0,0.0,0.0,0.0,0.0,0.0,0.0,0,0,0
1756703750,518,-0.05,0.0,0.0,0.0,0.0,0.0,0.0,0.0,0,0,0
1756703750,519,-0.09,0.0,0.0,0.0,0.0,0.0,0.0,0.0,0,0,0
1756703750,520,0.01,0.0,0.05,0.0,0.0,0.0,0.0,0.0,0,0,0
1756703750,521,0.0,0.0,0.0,0.0,0.0,0.0,0.0,0.0,0,0,0
1756703750,522,0.0,0.0,0.0,0.0,0.0,0.0,0.0,0.0,0,0,0
1756703750,523,0.05,0.0,-0.05,0.0,0.0,0.0,0.0,0.0,0,0,0
1756703750,524,0.05,0.0,-0.1,0.0,0.0,0.0,0.0,0.0,0,0,0
1756703750,525,0.05,0.0,0.0,0.0,0.0,0.0,0.0,0.0,0,0,0
1756703750,526,0.01,0.0,0.02,0.0,0.0,0.0,0.0,0.0,0,0,0
1756703750,527,0.03,0.0,0.0,0.0,0.0,0.0,0.0,0.0,0,0,0
1756703750,528,0.0,0.0,0.09,0.0,0.0,0.0,0.0,0.0,0,0,0
1756703750,529,-0.01,0.0,0.05,0.0,0.0,0.0,0.0,0.0,0,0,0
1756703750,530,0.01,0.0,-0.03,0.0,0.0,0.0,0.0,0.0,0,0,0
1756703750,531,0.0,0.0,0.0,0.0,0.0,0.0,0.0,0.0,0,0,0
1756703750,532,-0.03,0.0,0.02,0.0,0.0,0.0,0.0,0.0,0,0,0
1756703750,533,0.0,0.0,-0.07,0.0,0.0,0.0,0.0,0.0,0,0,0
1756703750,534,0.07,0.0,0.0,0.0,0.0,0.0,0.0,0.0,0,0,0
1756703750,535,-0.01,0.0,-0.03,0.0,0.0,0.0,0.0,0.0,0,0,0
1756703750,536,0.0,0.0,-0.05,0.0,0.0,0.0,0.0,0.0,0,0,0
1756703750,537,0.0,0.0,-0.09,0.0,0.0,0.0,0.0,0.0,0,0,0
1756703750,538,-0.07,0.0,-0.05,0.0,0.0,0.0,0.0,0.0,0,0,0
1756703750,539,0.0,0.0,-0.01,0.0,0.0,0.0,0.0,0.0,0,0,0
1756703750,540,0.0,0.0,0.0,0.0,0.0,0.0,0.0,0.0,0,0,0
1756703750,541,0.15,0.0,-0.01,0.0,0.0,0.0,0.0,0.0,0,0,0
1756703750,542,0.0,0.0,0.0,0.0,0.0,0.0,0.0,0.0,0,0,0
1756703750,543,0.01,0.0,0.0,0.0,0.0,0.0,0.0,0.0,0,0,0
1756703750,544,-0.07,0.0,-0.01,0.0,0.0,0.0,0.0,0.0,0,0,0
1756703750,545,-0.01,0.0,-0.02,0.0,0.0,0.0,0.0,0.0,0,0,0
1756703750,546,0.02,0.0,0.0,0.0,0.0,0.0,0.0,0.0,0,0,0
1756703750,547,0.0,0.0,0.0,0.0,0.0,0.0,0.0,0.0,0,0,0
1756703750,548,0.03,0.0,-0.01,0.0,0.0,0.0,0.0,0.0,0,0,0
1756703750,549,-0.01,0.0,-0.02,0.0,0.0,0.0,0.0,0.0,0,0,0
1756703750,550,0.0,0.0,0.0,0.0,0.0,0.0,0.0,0.0,0,0,0
1756703750,551,-0.11,0.0,-0.02,0.0,0.0,0.0,0.0,0.0,0,0,0
1756703750,552,0.05,0.0,-0.01,0.0,0.0,0.0,0.0,0.0,0,0,0
1756703750,553,0.0,0.0,-0.02,0.0,0.0,0.0,0.0,0.0,0,0,0
1756703750,554,0.0,0.0,-0.07,0.0,0.0,0.0,0.0,0.0,0,0,0
1756703750,555,0.03,0.0,0.02,0.0,0.0,0.0,0.0,0.0,0,0,0
1756703750,556,0.0,0.0,-0.05,0.0,0.0,0.0,0.0,0.0,0,0,0
1756703750,557,0.07,0.0,0.01,0.0,0.0,0.0,0.0,0.0,0,0,0
1756703750,558,0.0,0.0,-0.05,0.0,0.0,0.0,0.0,0.0,0,0,0
1756703750,559,0.01,0.0,0.0,0.0,0.0,0.0,0.0,0.0,0,0,0
1756703750,560,-0.03,0.0,-0.01,0.0,0.0,0.0,0.0,0.0,0,0,0
1756703750,561,0.02,0.0,0.0,0.0,0.0,0.0,0.0,0.0,0,0,0
1756703750,562,0.0,0.0,0.05,0.0,0.0,0.0,0.0,0.0,0,0,0
1756703750,563,-0.03,0.0,0.0,0.0,0.0,0.0,0.0,0.0,0,0,0
1756703751,564,-0.01,0.0,0.0,0.0,0.0,0.0,0.0,0.0,0,0,0
1756703751,565,0.01,0.0,0.0,0.0,0.0,0.0,0.0,0.0,0,0,0
1756703751,566,0.01,0.0,-0.02,0.0,0.0,0.0,0.0,0.0,0,0,0
1756703751,567,-0.02,0.0,-0.03,0.0,0.0,0.0,0.0,0.0,0,0,0
1756703751,568,0.0,0.0,-0.03,0.0,0.0,0.0,0.0,0.0,0,0,0
1756703751,569,0.0,0.0,-0.02,0.0,0.0,0.0,0.0,0.0,0,0,0
1756703751,570,0.0,0.0,0.0,0.0,0.0,0.0,0.0,0.0,0,0,0
1756703751,571,0.0,0.0,0.0,0.0,0.0,0.0,0.0,0.0,0,0,0
1756703751,572,0.02,0.0,0.0,0.0,0.0,0.0,0.0,0.0,0,0,0
1756703751,573,0.0,0.0,0.0,0.0,0.0,0.0,0.0,0.0,0,0,0
1756703751,574,0.03,0.0,-0.05,0.0,0.0,0.0,0.0,0.0,0,0,0
1756703751,575,0.0,0.0,0.07,0.0,0.0,0.0,0.0,0.0,0,0,0
1756703751,576,-0.02,0.0,0.01,0.0,0.0,0.0,0.0,0.0,0,0,0
1756703751,577,0.0,0.0,0.0,0.0,0.0,0.0,0.0,0.0,0,0,0
1756703751,578,0.0,0.0,-0.02,0.0,0.0,0.0,0.0,0.0,0,0,0
1756703751,579,0.0,0.0,-0.05,0.0,0.0,0.0,0.0,0.0,0,0,0
1756703751,580,-0.05,0.0,-0.05,0.0,0.0,0.0,0.0,0.0,0,0,0
1756703751,581,0.0,0.0,0.0,0.0,0.0,0.0,0.0,0.0,0,0,0
1756703751,582,0.02,0.0,0.0,0.0,0.0,0.0,0.0,0.0,0,0,0
1756703751,583,0.03,0.0,-0.01,0.0,0.0,0.0,0.0,0.0,0,0,0
1756703751,584,0.05,0.0,0.0,0.0,0.0,0.0,0.0,0.0,0,0,0
1756703751,585,0.0,0.0,-0.01,0.0,0.0,0.0,0.0,0.0,0,0,0
1756703751,586,0.0,0.0,-0.05,0.0,0.0,0.0,0.0,0.0,0,0,0
1756703751,587,-0.03,0.0,-0.07,0.0,0.0,0.0,0.0,0.0,0,0,0
1756703751,588,0.0,0.0,-0.05,0.0,0.0,0.0,0.0,0.0,0,0,0
1756703751,589,0.0,0.0,-0.05,0.0,0.0,0.0,0.0,0.0,0,0,0
1756703751,590,-0.01,0.0,-0.02,0.0,0.0,0.0,0.0,0.0,0,0,0
1756703751,591,0.0,0.0,-0.05,0.0,0.0,0.0,0.0,0.0,0,0,0
1756703751,592,0.0,0.0,-0.02,0.0,0.0,0.0,0.0,0.0,0,0,0
1756703751,593,0.0,0.0,0.0,0.0,0.0,0.0,0.0,0.0,0,0,0
1756703751,594,0.0,0.0,-0.1,0.0,0.0,0.0,0.0,0.0,0,0,0
1756703751,595,0.02,0.0,-0.03,0.0,0.0,0.0,0.0,0.0,0,0,0
1756703751,596,0.0,0.0,-0.07,0.0,0.0,0.0,0.0,0.0,0,0,0
1756703751,597,0.0,0.0,0.0,0.0,0.0,0.0,0.0,0.0,0,0,0
1756703751,598,0.05,0.0,0.0,0.0,0.0,0.0,0.0,0.0,0,0,0
1756703751,599,0.01,0.0,-0.01,0.0,0.0,0.0,0.0,0.0,0,0,0
1756703751,600,0.05,0.0,0.03,0.0,0.0,0.0,0.0,0.0,0,0,0
1756703751,601,0.01,0.0,0.0,0.0,0.0,0.0,0.0,0.0,0,0,0
1756703751,602,0.0,0.0,-0.02,0.0,0.0,0.0,0.0,0.0,0,0,0
1756703751,603,0.0,0.0,-0.02,0.0,0.0,0.0,0.0,0.0,0,0,0
1756703751,604,0.03,0.0,0.05,0.0,0.0,0.0,0.0,0.0,0,0,0
1756703751,605,0.01,0.0,0.0,0.0,0.0,0.0,0.0,0.0,0,0,0
1756703751,606,0.01,0.0,0.0,0.0,0.0,0.0,0.0,0.0,0,0,0
1756703751,607,0.05,0.0,-0.05,0.0,0.0,0.0,0.0,0.0,0,0,0
1756703751,608,0.02,0.0,-0.05,0.0,0.0,0.0,0.0,0.0,0,0,0
1756703751,609,0.0,0.0,-0.05,0.0,0.0,0.0,0.0,0.0,0,0,0
1756703751,610,0.0,0.0,-0.01,0.0,0.0,0.0,0.0,0.0,0,0,0
1756703751,611,0.0,0.0,-0.02,0.0,0.0,0.0,0.0,0.0,0,0,0
1756703751,612,-0.01,0.0,0.0,0.0,0.0,0.0,0.0,0.0,0,0,0
1756703751,613,0.02,0.0,0.0,0.0,0.0,0.0,0.0,0.0,0,0,0
1756703751,614,0.01,0.0,0.0,0.0,0.0,0.0,0.0,0.0,0,0,0
1756703751,615,0.0,0.0,0.0,0.0,0.0,0.0,0.0,0.0,0,0,0
1756703751,616,0.02,0.0,0.0,0.0,0.0,0.0,0.0,0.0,0,0,0
1756703751,617,0.0,0.0,0.0,0.0,0.0,0.0,0.0,0.0,0,0,0
1756703751,618,0.02,0.0,-0.05,0.0,0.0,0.0,0.0,0.0,0,0,0
1756703751,619,0.0,0.0,0.0,0.0,0.0,0.0,0.0,0.0,0,0,0
1756703751,620,0.01,0.0,-0.02,0.0,0.0,0.0,0.0,0.0,0,0,0
1756703751,621,-0.05,0.0,0.01,0.0,0.0,0.0,0.0,0.0,0,0,0
1756703751,622,0.03,0.0,0.0,0.0,0.0,0.0,0.0,0.0,0,0,0
1756703751,623,0.0,0.0,0.0,0.0,0.0,0.0,0.0,0.0,0,0,0
1756703751,624,0.0,0.0,0.0,0.0,0.0,0.0,0.0,0.0,0,0,0
1756703751,625,0.03,0.0,0.03,0.0,0.0,0.0,0.0,0.0,0,0,0
1756703751,626,-0.05,0.0,0.0,0.0,0.0,0.0,0.0,0.0,0,0,0
1756703751,627,0.0,0.0,0.0,0.0,0.0,0.0,0.0,0.0,0,0,0
1756703752,628,0.0,0.0,0.0,0.0,0.0,0.0,0.0,0.0,0,0,0
1756703752,629,0.0,0.0,0.0,0.0,0.0,0.0,0.0,0.0,0,0,0
1756703752,630,0.0,0.0,0.0,0.0,0.0,0.0,0.0,0.0,0,0,0
1756703752,631,0.0,0.0,0.0,0.0,0.0,0.0,0.0,0.0,0,0,0
1756703752,632,-0.01,0.0,0.0,0.0,0.0,0.0,0.0,0.0,0,0,0
1756703752,633,0.0,0.0,-0.01,0.0,0.0,0.0,0.0,0.0,0,0,0
1756703752,634,0.01,0.0,0.02,0.0,0.0,0.0,0.0,0.0,0,0,0
1756703752,635,0.0,0.0,0.0,0.0,0.0,0.0,0.0,0.0,0,0,0
1756703752,636,0.0,0.0,-0.02,0.0,0.0,0.0,0.0,0.0,0,0,0
1756703752,637,0.05,0.0,0.0,0.0,0.0,0.0,0.0,0.0,0,0,0
1756703752,638,0.0,0.0,-0.02,0.0,0.0,0.0,0.0,0.0,0,0,0
1756703752,639,0.01,0.0,-0.03,0.0,0.0,0.0,0.0,0.0,0,0,0
1756703752,640,0.0,0.0,-0.07,0.0,0.0,0.0,0.0,0.0,0,0,0
1756703752,641,0.02,0.0,-0.02,0.0,0.0,0.0,0.0,0.0,0,0,0
1756703752,642,0.01,0.0,-0.01,0.0,0.0,0.0,0.0,0.0,0,0,0
1756703752,643,0.0,0.0,-0.03,0.0,0.0,0.0,0.0,0.0,0,0,0
1756703752,644,0.07,0.0,-0.05,0.0,0.0,0.0,0.0,0.0,0,0,0
1756703752,645,-0.05,0.0,-0.01,0.0,0.0,0.0,0.0,0.0,0,0,0
1756703752,646,0.07,0.0,0.0,0.0,0.0,0.0,0.0,0.0,0,0,0
1756703752,647,-0.03,0.0,-0.03,0.0,0.0,0.0,0.0,0.0,0,0,0
1756703752,648,0.0,0.0,-0.03,0.0,0.0,0.0,0.0,0.0,0,0,0
1756703752,649,0.0,0.0,-0.02,0.0,0.0,0.0,0.0,0.0,0,0,0
1756703752,650,0.0,0.0,-0.03,0.0,0.0,0.0,0.0,0.23,0,0,0
1756703752,651,0.01,0.0,0.0,0.0,0.0,0.0,0.0,0.34,0,0,0
1756703752,652,0.0,0.0,-0.05,0.0,0.0,0.0,0.0,0.3,0,0,0
1756703752,653,0.02,0.0,-0.03,0.0,0.0,0.0,0.0,0.55,0,0,0
1756703752,654,0.0,0.0,-0.01,0.0,0.0,0.0,0.0,0.66,0,0,0
1756703752,655,0.07,0.0,-0.05,0.0,0.0,0.0,0.0,0.73,0,0,0
1756703752,656,0.0,0.0,-0.09,0.0,0.0,0.0,0.0,0.81,0,0,0
1756703752,657,0.02,0.0,-0.05,0.0,0.0,0.0,0.0,0.94,0,0,0
1756703752,658,0.0,0.0,-0.03,0.0,0.0,0.0,0.0,0.91,0,0,0
1756703752,659,-0.05,0.0,0.03,0.0,0.0,0.0,0.0,1.12,0,0,0
1756703752,660,0.0,0.0,-0.02,0.0,0.0,0.0,0.0,1.21,0,0,0
1756703752,661,0.1,0.0,-0.05,0.0,0.0,0.0,0.0,1.27,0,0,0
1756703752,662,0.0,0.0,0.0,0.0,0.0,0.0,0.0,1.42,0,0,0
1756703752,663,0.0,0.0,-0.03,0.0,0.0,0.0,0.0,1.61,0,0,0
1756703752,664,0.05,0.0,-0.03,0.0,0.0,0.0,0.0,1.73,0,0,0
1756703752,665,0.0,0.0,-0.01,0.0,0.0,0.0,0.0,1.69,0,0,0
1756703752,666,0.07,0.0,-0.02,0.0,0.0,0.0,0.0,1.84,0,0,0
1756703752,667,-0.05,0.0,-0.03,0.0,0.0,0.0,0.0,1.75,0,0,0
1756703752,668,-0.05,0.0,-0.05,0.0,0.0,0.0,0.0,1.87,0,0,0
1756703752,669,0.05,0.0,-0.02,0.0,0.0,0.0,0.0,1.9,0,0,0
1756703752,670,0.02,0.0,-0.03,0.0,0.0,0.0,0.0,1.84,0,0,0
1756703752,671,0.01,0.0,-0.03,0.0,0.0,0.0,0.0,1.75,0,0,0
1756703752,672,0.0,0.0,-0.03,0.0,0.0,0.0,0.0,1.75,0,0,0
1756703752,673,0.0,0.0,-0.05,0.0,0.0,0.0,0.0,1.69,0,0,0
1756703752,674,0.0,0.0,-0.05,0.0,0.0,0.0,0.0,1.69,0,0,0
1756703752,675,0.01,0.0,-0.01,0.0,0.0,0.0,0.0,1.58,0,0,0
1756703752,676,0.0,0.0,-0.03,0.0,0.0,0.0,0.0,1.58,0,0,0
1756703752,677,-0.05,0.0,-0.05,0.0,0.0,0.0,0.0,1.5,0,0,0
1756703752,678,0.0,0.0,-0.02,0.0,0.0,0.0,0.0,1.01,0,0,0
1756703752,679,0.01,0.0,-0.01,0.0,0.0,0.0,0.0,0.87,0,0,0
1756703752,680,0.0,0.0,-0.05,0.0,0.0,0.0,0.0,0.73,0,0,0
1756703752,681,0.02,0.0,-0.05,0.0,0.0,0.0,0.0,0.34,0,0,0
1756703752,682,-0.02,0.0,-0.07,0.0,0.0,0.0,0.0,0.0,0,0,0
1756703752,683,-0.07,0.0,-0.01,0.0,0.0,0.0,0.0,0.0,0,0,0
1756703752,684,-0.1,0.0,-0.05,0.0,0.0,0.0,0.0,0.0,0,0,0
1756703752,685,0.01,0.0,0.0,0.0,0.0,0.0,0.0,0.0,0,0,0
1756703752,686,-0.01,0.0,-0.01,0.0,0.0,0.0,0.0,0.0,0,0,0
1756703752,687,0.05,0.0,-0.03,0.0,0.0,0.0,0.0,0.0,0,0,0
1756703752,688,0.02,0.0,-0.02,0.0,0.0,0.0,0.0,0.0,0,0,0
1756703752,689,0.05,0.0,-0.02,0.0,0.0,0.0,0.0,0.0,0,0,0
1756703752,690,0.01,0.0,0.0,0.0,0.0,0.0,0.0,0.0,0,0,0
1756703752,691,0.0,0.0,0.0,0.0,0.0,0.0,0.0,0.0,0,0,0
1756703752,692,0.0,0.0,-0.03,0.0,0.0,0.0,0.0,0.0,0,0,0
1756703752,693,-0.02,0.0,0.0,0.0,0.0,0.0,0.0,0.0,0,0,0
1756703753,694,0.05,0.0,0.0,0.0,0.0,0.0,0.0,0.0,0,0,0
1756703753,695,0.07,0.0,-0.01,0.0,0.0,0.0,0.0,0.0,0,0,0
1756703753,696,0.14,0.0,0.0,0.0,0.0,0.0,0.0,0.0,0,0,0
1756703753,697,0.01,0.0,0.02,0.0,0.0,0.0,0.0,0.0,0,0,0
1756703753,698,0.0,0.0,0.02,0.0,0.0,0.0,0.0,0.0,0,0,0
1756703753,699,0.02,0.0,0.0,0.0,0.0,0.0,0.0,0.0,0,0,0
1756703753,700,0.0,0.0,0.0,0.0,0.0,0.0,0.0,0.0,0,0,0
1756703753,701,0.0,0.0,0.0,0.0,0.0,0.0,0.0,0.0,0,0,0
1756703753,702,-0.02,0.0,0.02,0.0,0.0,0.0,0.0,0.0,0,0,0
1756703753,703,0.0,0.0,0.0,0.0,0.0,0.0,0.0,0.0,0,0,0
1756703753,704,0.03,0.0,0.0,0.0,0.0,0.0,0.0,0.0,0,0,0
1756703753,705,0.01,0.0,-0.01,0.0,0.0,0.0,0.0,0.0,0,0,0
1756703753,706,0.0,0.0,-0.02,0.0,0.0,0.0,0.0,0.0,0,0,0
1756703753,707,-0.1,0.0,0.02,0.0,0.0,0.0,0.0,0.0,0,0,0
1756703753,708,0.03,0.0,0.01,0.0,0.0,0.0,0.0,0.0,0,0,0
1756703753,709,0.0,0.0,0.03,0.0,0.0,0.0,0.0,0.0,0,0,0
1756703753,710,0.0,0.0,0.03,0.0,0.0,0.0,0.0,0.0,0,0,0
1756703753,711,0.0,0.0,0.0,0.0,0.0,0.0,0.0,0.0,0,0,0
1756703753,712,0.0,0.0,0.0,0.0,0.0,0.0,0.0,0.0,0,0,0
1756703753,713,0.0,0.0,0.0,0.0,0.0,0.0,0.0,0.0,0,0,0
1756703753,714,-0.1,0.0,0.0,0.0,0.0,0.0,0.0,0.0,0,0,0
1756703753,715,-0.05,0.0,0.05,0.0,0.0,0.0,0.0,0.0,0,0,0
1756703753,716,0.0,0.0,-0.05,0.0,0.0,0.0,0.0,0.0,0,0,0
1756703753,717,0.0,0.0,0.0,0.0,0.0,0.0,0.0,0.0,0,0,0
1756703753,718,0.0,0.0,0.01,0.0,0.0,0.0,0.0,0.0,0,0,0
1756703753,719,0.01,0.0,-0.03,0.0,0.0,0.0,0.0,0.0,0,0,0
1756703753,720,0.0,0.0,0.0,0.0,0.0,0.0,0.0,0.0,0,0,0
1756703753,721,0.0,0.0,0.02,0.0,0.0,0.0,0.0,0.0,0,0,0
1756703753,722,0.01,0.0,0.0,0.0,0.0,0.0,0.0,0.0,0,0,0
1756703753,723,0.03,0.0,0.0,0.0,0.0,0.0,0.0,0.0,0,0,0
1756703753,724,0.0,0.0,-0.07,0.0,0.0,0.0,0.0,0.0,0,0,0
1756703753,725,-0.02,0.0,-0.01,0.0,0.0,0.0,0.0,0.0,0,0,0
1756703753,726,-0.01,0.0,0.0,0.0,0.0,0.0,0.0,0.0,0,0,0
1756703753,727,0.01,0.0,0.0,0.0,0.0,0.0,0.0,0.0,0,0,0
1756703753,728,0.0,0.0,0.0,0.0,0.0,0.0,0.0,0.0,0,0,0
1756703753,729,0.0,0.0,0.0,0.0,0.0,0.0,0.0,0.0,0,0,0
1756703753,730,0.03,0.0,0.0,0.0,0.0,0.0,0.0,0.0,0,0,0
1756703753,731,0.0,0.0,0.0,0.0,0.0,0.0,0.0,0.0,0,0,0
1756703753,732,-0.03,0.0,-0.03,0.0,0.0,0.0,0.0,0.0,0,0,0
1756703753,733,0.0,0.0,0.0,0.0,0.0,0.0,0.0,0.0,0,0,0
1756703753,734,0.03,0.0,0.01,0.0,0.0,0.0,0.0,0.0,0,0,0
1756703753,735,0.05,0.0,-0.01,0.0,0.0,0.0,0.0,0.0,0,0,0
1756703753,736,0.05,0.0,0.0,0.0,0.0,0.0,0.0,0.0,0,0,0
1756703753,737,-0.02,0.0,0.0,0.0,0.0,0.0,0.0,0.0,0,0,0
1756703753,738,0.0,0.0,0.0,0.0,0.0,0.0,0.0,0.0,0,0,0
1756703753,739,0.0,0.0,0.0,0.0,0.0,0.0,0.0,0.0,0,0,0
1756703753,740,0.0,0.0,0.0,0.0,0.0,0.0,0.0,0.0,0,0,0
1756703753,741,0.0,0.0,0.07,0.0,0.0,0.0,0.0,0.0,0,0,0
1756703753,742,0.0,0.0,0.0,0.0,0.0,0.0,0.0,0.0,0,0,0
1756703753,743,0.03,0.0,0.0,0.0,0.0,0.0,0.0,0.0,0,0,0
1756703753,744,0.02,0.0,0.0,0.0,0.0,0.0,0.0,0.0,0,0,0
1756703753,745,0.0,0.0,-0.07,0.0,0.0,0.0,0.0,0.0,0,0,0
1756703753,746,-0.01,0.0,-0.03,0.0,0.0,0.0,0.0,0.0,0,0,0
1756703753,747,-0.01,0.0,-0.05,0.0,0.0,0.0,0.0,0.0,0,0,0
1756703753,748,0.07,0.0,0.0,0.0,0.0,0.0,0.0,0.0,0,0,0
1756703753,749,0.02,0.0,-0.02,0.0,0.0,0.0,0.0,0.0,0,0,0
1756703753,750,0.01,0.0,-0.05,0.0,0.0,0.0,0.0,0.0,0,0,0
1756703753,751,0.0,0.0,-0.03,0.0,0.0,0.0,0.0,0.0,0,0,0
1756703753,752,0.03,0.0,0.0,0.0,0.0,0.0,0.0,0.0,0,0,0
1756703753,753,0.1,0.0,0.0,0.0,0.0,0.0,0.0,0.0,0,0,0
1756703753,754,0.0,0.0,-0.07,0.0,0.0,0.0,0.0,0.0,0,0,0
1756703753,755,-0.05,0.0,-0.05,0.0,0.0,0.0,0.0,0.0,0,0,0
1756703753,756,-0.01,0.0,-0.03,0.0,0.0,0.0,0.0,0.0,0,0,0
1756703753,757,-0.01,0.0,-0.09,0.0,0.0,0.0,0.0,0.0,0,0,0
1756703753,758,0.0,0.0,0.0,0.0,0.0,0.0,0.0,0.0,0,0,0
1756703753,759,-0.01,0.0,0.0,0.0,0.0,0.0,0.0,0.0,0,0,0
1756703753,760,0.0,0.0,0.02,0.0,0.0,0.0,0.0,0.0,0,0,0
1756703753,761,0.0,0.0,0.0,0.0,0.0,0.0,0.0,0.0,0,0,0
1756703754,762,0.02,0.0,0.01,0.0,0.0,0.0,0.0,0.0,0,0,0
1756703754,763,0.02,0.0,0.0,0.0,0.0,0.0,0.0,0.0,0,0,0
1756703754,764,0.01,0.0,0.1,0.0,0.0,0.0,0.0,0.0,0,0,0
1756703754,765,0.0,0.0,-0.01,0.0,0.0,0.0,0.0,0.0,0,0,0
1756703754,766,0.05,0.0,0.0,0.0,0.0,0.0,0.0,0.0,0,0,0
1756703754,767,0.0,0.0,-0.01,0.0,0.0,0.0,0.0,0.0,0,0,0
1756703754,768,0.02,0.0,0.0,0.0,0.0,0.0,0.0,0.0,0,0,0
1756703754,769,0.05,0.0,-0.05,0.0,0.0,0.0,0.0,0.0,0,0,0
1756703754,770,0.0,0.0,0.0,0.0,0.0,0.0,0.0,0.0,0,0,0
1756703754,771,0.0,0.0,-0.01,0.0,0.0,0.0,0.0,0.0,0,0,0
1756703754,772,-0.05,0.0,0.0,0.0,0.0,0.0,0.0,0.0,0,0,0
1756703754,773,0.02,0.0,-0.05,0.0,0.0,0.0,0.0,0.0,0,0,0
1756703754,774,0.0,0.0,0.0,0.0,0.0,0.0,0.0,0.0,0,0,0
1756703754,775,-0.01,0.0,-0.03,0.0,0.0,0.0,0.0,0.0,0,0,0
1756703754,776,-0.01,0.0,0.0,0.0,0.0,0.0,0.0,0.0,0,0,0
1756703754,777,0.0,0.0,0.0,0.0,0.0,0.0,0.0,0.0,0,0,0
1756703754,778,0.01,0.0,-0.07,0.0,0.0,0.0,0.0,0.0,0,0,0
1756703754,779,0.07,0.0,-0.05,0.0,0.0,0.0,0.0,0.0,0,0,0
1756703754,780,0.0,0.0,0.0,0.0,0.0,0.0,0.0,0.0,0,0,0
1756703754,781,0.09,0.0,0.0,0.0,0.0,0.0,0.0,0.0,0,0,0
1756703754,782,0.02,0.0,0.0,0.0,0.0,0.0,0.0,0.0,0,0,0
1756703754,783,0.02,0.0,0.0,0.0,0.0,0.0,0.0,0.0,0,0,0
1756703754,784,0.0,0.0,-0.05,0.0,0.0,0.0,0.0,0.0,0,0,0
1756703754,785,0.05,0.0,0.0,0.0,0.0,0.0,0.0,0.0,0,0,0
1756703754,786,-0.02,0.0,-0.07,0.0,0.0,0.0,0.0,0.0,0,0,0
1756703754,787,-0.05,0.0,-0.01,0.0,0.0,0.0,0.0,0.0,0,0,0
1756703754,788,-0.03,0.0,-0.01,0.0,0.0,0.0,0.0,0.0,0,0,0
1756703754,789,0.05,0.0,-0.02,0.0,0.0,0.0,0.0,0.0,0,0,0
1756703754,790,0.0,0.0,0.0,0.0,0.0,0.0,0.0,0.0,0,0,0
1756703754,791,0.0,0.0,-0.03,0.0,0.0,0.0,0.0,0.0,0,0,0
1756703754,792,0.01,0.0,-0.03,0.0,0.0,0.0,0.0,0.0,0,0,0
1756703754,793,0.0,0.0,0.0,0.0,0.0,0.0,0.0,0.0,0,0,0
1756703754,794,0.05,0.0,-0.05,0.0,0.0,0.0,0.0,0.0,0,0,0
1756703754,795,0.02,0.0,0.0,0.0,0.0,0.0,0.0,0.0,0,0,0
1756703754,796,0.0,0.0,-0.02,0.0,0.0,0.0,0.0,0.0,0,0,0
1756703754,797,-0.05,0.0,0.0,0.0,0.0,0.0,0.0,0.0,0,0,0
1756703754,798,0.02,0.0,-0.02,0.0,0.0,0.0,0.0,0.0,0,0,0
1756703754,799,0.0,0.0,0.0,0.0,0.0,0.0,0.0,0.0,0,0,0
1756703754,800,0.0,0.0,0.0,0.0,0.0,0.0,0.0,0.0,0,0,0
1756703754,801,-0.05,0.0,0.0,0.0,0.0,0.0,0.0,0.0,0,0,0
1756703754,802,-0.01,0.0,-0.01,0.0,0.0,0.0,0.0,0.0,0,0,0
1756703754,803,0.0,0.0,0.0,0.0,0.0,0.0,0.0,0.0,0,0,0
1756703754,804,-0.02,0.0,0.0,0.0,0.0,0.0,0.0,0.0,0,0,0
1756703754,805,-0.02,0.0,-0.05,0.0,0.0,0.0,0.0,0.0,0,0,0
1756703754,806,0.0,0.0,-0.05,0.0,0.0,0.0,0.0,0.0,0,0,0
1756703754,807,0.0,0.0,-0.01,0.0,0.0,0.0,0.0,0.0,0,0,0
1756703754,808,0.0,0.0,-0.07,0.0,0.0,0.0,0.0,0.0,0,0,0
1756703754,809,0.0,0.0,0.0,0.0,0.0,0.0,0.0,0.0,0,0,0
1756703754,810,-0.03,0.0,0.0,0.0,0.0,0.0,0.0,0.0,0,0,0
1756703754,811,0.02,0.0,-0.03,0.0,0.0,0.0,0.0,0.0,0,0,0
1756703754,812,0.1,0.0,-0.05,0.0,0.0,0.0,0.0,0.0,0,0,0
1756703754,813,0.07,0.0,-0.03,0.0,0.0,0.0,0.0,0.0,0,0,0
1756703754,814,0.05,0.0,-0.02,0.0,0.0,0.0,0.0,0.0,0,0,0
1756703754,815,0.02,0.0,-0.03,0.0,0.0,0.0,0.0,0.0,0,0,0
1756703754,816,0.03,0.0,0.0,0.0,0.0,0.0,0.0,0.0,0,0,0
1756703754,817,0.0,0.0,0.0,0.0,0.0,0.0,0.0,0.0,0,0,0
1756703754,818,0.05,0.0,0.0,0.0,0.0,0.0,0.0,0.0,0,0,0
1756703754,819,0.01,0.0,0.0,0.0,0.0,0.0,0.0,0.0,0,0,0
1756703754,820,0.18,0.0,-0.01,0.0,0.0,0.0,0.0,0.0,0,0,0
1756703754,821,0.0,0.0,-0.07,0.0,0.0,0.0,0.0,0.0,0,0,0
1756703754,822,0.09,0.0,0.0,0.0,0.0,0.0,0.0,0.0,0,0,0
1756703755,823,0.07,0.0,0.0,0.0,0.0,0.0,0.0,0.0,0,0,0
1756703755,824,0.1,0.0,0.09,0.0,0.0,0.0,0.0,0.0,0,0,0
1756703755,825,0.02,0.0,0.07,0.0,0.0,0.0,0.0,0.0,0,0,0
1756703755,826,0.05,0.0,0.03,0.0,0.0,0.0,0.0,0.0,0,0,0
1756703755,827,0.05,0.0,-0.05,0.0,0.0,0.0,0.0,0.0,0,0,0
1756703755,828,-0.05,0.0,-0.01,0.0,0.0,0.0,0.0,0.0,0,0,0
1756703755,829,0.05,0.0,-0.05,0.0,0.0,0.0,0.0,0.0,0,0,0
1756703755,830,-0.07,0.0,-0.01,0.0,0.0,0.0,0.0,0.0,0,0,0
1756703755,831,-0.01,0.0,-0.05,0.0,0.0,0.0,0.0,0.0,0,0,0
1756703755,832,-0.05,0.0,-0.02,0.0,0.0,0.0,0.0,0.0,0,0,0
1756703755,833,0.01,0.0,0.0,0.0,0.0,0.0,0.0,0.0,0,0,0
1756703755,834,0.02,0.0,-0.02,0.0,0.0,0.0,0.0,0.0,0,0,0
1756703755,835,-0.01,0.0,0.0,0.0,0.0,0.0,0.0,0.0,0,0,0
1756703755,836,-0.02,0.0,-0.01,0.0,0.0,0.0,0.0,0.0,0,0,0
1756703755,837,-0.03,0.0,0.0,0.0,0.0,0.0,0.0,0.0,0,0,0
1756703755,838,0.05,0.0,-0.05,0.0,0.0,0.0,0.0,0.0,0,0,0
1756703755,839,0.03,0.0,-0.03,0.0,0.0,0.0,0.0,0.0,0,0,0
1756703755,840,0.03,0.0,0.07,0.0,0.0,0.0,0.0,0.0,0,0,0
1756703755,841,0.0,0.0,-0.03,0.0,0.0,0.0,0.0,0.0,0,0,0
1756703755,842,0.07,0.0,-0.05,0.0,0.0,0.0,0.0,0.0,0,0,0
1756703755,843,0.02,0.0,-0.02,0.0,0.0,0.0,0.0,0.0,0,0,0
1756703755,844,0.1,0.0,-0.01,0.0,0.0,0.0,0.0,0.0,0,0,0
1756703755,845,0.0,0.0,-0.09,0.0,0.0,0.0,0.0,0.0,0,0,0
1756703755,846,0.0,0.0,-0.03,0.0,0.0,0.0,0.0,0.0,0,0,0
1756703755,847,0.0,0.0,-0.01,0.0,0.0,0.0,0.0,0.0,0,0,0
1756703755,848,0.01,0.0,-0.03,0.0,0.0,0.0,0.0,0.0,0,0,0
1756703755,849,0.03,0.0,-0.02,0.0,0.0,0.0,0.0,0.0,0,0,0
1756703755,850,0.02,0.0,-0.05,0.0,0.0,0.0,0.0,0.0,0,0,0
1756703755,851,0.0,0.0,0.0,0.0,0.0,0.0,0.0,0.0,0,0,0
1756703755,852,0.05,0.0,-0.02,0.0,0.0,0.0,0.0,0.0,0,0,0
1756703755,853,0.0,0.0,0.0,0.0,0.0,0.0,0.0,0.0,0,0,0
1756703755,854,0.0,0.0,0.0,0.0,0.0,0.0,0.0,0.0,0,0,0
1756703755,855,0.05,0.0,0.0,0.0,0.0,0.0,0.0,0.0,0,0,0
1756703755,856,0.05,0.0,0.0,0.0,0.0,0.0,0.0,0.0,0,0,0
1756703755,857,0.02,0.0,-0.01,0.0,0.0,0.0,0.0,0.0,0,0,0
1756703755,858,0.0,0.0,-0.01,0.0,0.0,0.0,0.0,0.0,0,0,0
1756703755,859,0.0,0.0,-0.02,0.0,0.0,0.0,0.0,0.0,0,0,0
1756703755,860,0.01,0.0,-0.03,0.0,0.0,0.0,0.0,0.0,0,0,0
1756703755,861,-0.09,0.0,0.0,0.0,0.0,0.0,0.0,0.0,0,0,0
1756703755,862,0.07,0.0,0.0,0.0,0.0,0.0,0.0,0.0,0,0,0
1756703755,863,0.01,0.0,-0.01,0.0,0.0,0.0,0.0,0.0,0,0,0
1756703755,864,0.01,0.0,-0.03,0.0,0.0,0.0,0.0,0.0,0,0,0
1756703755,865,-0.01,0.0,0.0,0.0,0.0,0.0,0.0,0.0,0,0,0
1756703755,866,0.0,0.0,-0.05,0.0,0.0,0.0,0.0,0.0,0,0,0
1756703755,867,0.01,0.0,-0.05,0.0,0.0,0.0,0.0,0.0,0,0,0
1756703755,868,0.0,0.0,0.0,0.0,0.0,0.0,0.0,0.0,0,0,0
1756703755,869,0.0,0.0,0.0,0.0,0.0,0.0,0.0,0.0,0,0,0
1756703755,870,-0.01,0.0,-0.01,0.0,0.0,0.0,0.0,0.0,0,0,0
1756703755,871,0.01,0.0,0.0,0.0,0.0,0.0,0.0,0.0,0,0,0
1756703755,872,0.03,0.0,0.0,0.0,0.0,0.0,0.0,0.0,0,0,0
1756703755,873,0.02,0.0,-0.03,0.0,0.0,0.0,0.0,0.0,0,0,0
1756703755,874,0.01,0.0,0.0,0.0,0.0,0.0,0.0,0.0,0,0,0
1756703755,875,0.05,0.0,-0.01,0.0,0.0,0.0,0.0,0.0,0,0,0
1756703755,876,0.0,0.0,-0.01,0.0,0.0,0.0,0.0,0.0,0,0,0
1756703755,877,-0.01,0.0,-0.12,0.0,0.0,0.0,0.0,0.0,0,0,0
1756703755,878,-0.03,0.0,-0.01,0.0,0.0,0.0,0.0,0.0,0,0,0
1756703755,879,0.03,0.0,0.0,0.0,0.0,0.0,0.0,0.0,0,0,0
1756703755,880,0.01,0.0,0.0,0.0,0.0,0.0,0.0,0.0,0,0,0
1756703755,881,0.03,0.0,-0.03,0.0,0.0,0.0,0.0,0.0,0,0,0
1756703755,882,0.07,0.0,0.0,0.0,0.0,0.0,0.0,0.0,0,0,0
1756703755,883,0.0,0.0,-0.01,0.0,0.0,0.0,0.0,0.0,0,0,0
1756703755,884,0.0,0.0,0.01,0.0,0.0,0.0,0.0,0.0,0,0,0
1756703755,885,-0.05,0.0,0.0,0.0,0.0,0.0,0.0,0.0,0,0,0
1756703755,886,0.0,0.0,0.0,0.0,0.0,0.0,0.0,0.0,0,0,0
1756703755,887,0.0,0.0,0.0,0.0,0.0,0.0,0.0,0.0,0,0,0
1756703755,888,-0.05,0.0,0.0,0.0,0.0,0.0,0.0,0.0,0,0,0
1756703755,889,0.0,0.0,0.02,0.0,0.0,0.0,0.0,0.0,0,0,0
1756703755,890,-0.1,0.0,-0.03,0.0,0.0,0.0,0.0,0.0,0,0,0
1756703755,891,0.01,0.0,0.0,0.0,0.0,0.0,0.0,0.0,0,0,0
1756703756,892,0.0,0.0,0.0,0.0,0.0,0.0,0.0,0.0,0,0,0
1756703756,893,0.05,0.0,-0.1,0.0,0.0,0.0,0.0,0.0,0,0,0
1756703756,894,0.05,0.0,0.0,0.0,0.0,0.0,0.0,0.0,0,0,0
1756703756,895,0.02,0.0,-0.1,0.0,0.0,0.0,0.0,0.0,0,0,0
1756703756,896,0.02,0.0,-0.01,0.0,0.0,0.0,0.0,0.0,0,0,0
1756703756,897,-0.05,0.0,-0.03,0.0,0.0,0.0,0.0,0.0,0,0,0
1756703756,898,0.02,0.0,-0.01,0.0,0.0,0.0,0.0,0.0,0,0,0
1756703756,899,0.0,0.0,-0.05,0.0,0.0,0.0,0.0,0.0,0,0,0
1756703756,900,0.05,0.0,0.07,0.0,0.0,0.0,0.0,0.0,0,0,0
1756703756,901,0.0,0.0,-0.02,0.0,0.0,0.0,0.0,0.0,0,0,0
1756703756,902,-0.09,0.0,-0.02,0.0,0.0,0.0,0.0,0.0,0,0,0
1756703756,903,0.05,0.0,-0.02,0.0,0.0,0.0,0.0,0.0,0,0,0
1756703756,904,0.05,0.0,0.0,0.0,0.0,0.0,0.0,0.0,0,0,0
1756703756,905,-0.01,0.0,0.0,0.0,0.0,0.0,0.0,0.0,0,0,0
1756703756,906,-0.03,0.0,0.0,0.0,0.0,0.0,0.0,0.0,0,0,0
1756703756,907,0.0,0.0,0.0,0.0,0.0,0.0,0.0,0.0,0,0,0
1756703756,908,-0.01,0.0,0.0,0.0,0.0,0.0,0.0,0.0,0,0,0
1756703756,909,0.01,0.0,-0.01,0.0,0.0,0.0,0.0,0.0,0,0,0
1756703756,910,-0.01,0.0,-0.01,0.0,0.0,0.0,0.0,0.0,0,0,0
1756703756,911,-0.01,0.0,0.0,0.0,0.0,0.0,0.0,0.0,0,0,0
1756703756,912,0.0,0.0,-0.01,0.0,0.0,0.0,0.0,0.0,0,0,0
1756703756,913,0.0,0.0,0.0,0.0,0.0,0.0,0.0,0.0,0,0,0
1756703756,914,0.0,0.0,0.0,0.0,0.0,0.0,0.0,0.0,0,0,0
1756703756,915,0.01,0.0,0.0,0.0,0.0,0.0,0.0,0.0,0,0,0
1756703756,916,0.0,0.0,0.0,0.0,0.0,0.0,0.0,0.0,0,0,0
1756703756,917,0.0,0.0,0.0,0.0,0.0,0.0,0.0,0.0,0,0,0
1756703756,918,0.0,0.0,0.0,0.0,0.0,0.0,0.0,0.0,0,0,0
1756703756,919,-0.03,0.0,-0.05,0.0,0.0,0.0,0.0,0.0,0,0,0
1756703756,920,0.0,0.0,-0.07,0.0,0.0,0.0,0.0,0.0,0,0,0
1756703756,921,0.0,0.0,0.0,0.0,0.0,0.0,0.0,0.0,0,0,0
1756703756,922,-0.01,0.0,-0.05,0.0,0.0,0.0,0.0,0.0,0,0,0
1756703756,923,0.01,0.0,-0.02,0.0,0.0,0.0,0.0,0.0,0,0,0
1756703756,924,-0.01,0.0,0.0,0.0,0.0,0.0,0.0,0.0,0,0,0
1756703756,925,-0.03,0.0,0.02,0.0,0.0,0.0,0.0,0.0,0,0,0
1756703756,926,-0.05,0.0,0.0,0.0,0.0,0.0,0.0,0.0,0,0,0
1756703756,927,-0.01,0.0,0.11,0.0,0.0,0.0,0.0,0.0,0,0,0
1756703756,928,0.0,0.0,0.0,0.0,0.0,0.0,0.0,0.0,0,0,0
1756703756,929,0.0,0.0,-0.05,0.0,0.0,0.0,0.0,0.0,0,0,0
1756703756,930,0.0,0.0,0.0,0.0,0.0,0.0,0.0,0.0,0,0,0
1756703756,931,0.05,0.0,-0.02,0.0,0.0,0.0,0.0,0.0,0,0,0
1756703756,932,0.02,0.0,-0.01,0.0,0.0,0.0,0.0,0.0,0,0,0
1756703756,933,0.0,0.0,0.0,0.0,0.0,0.0,0.0,0.0,0,0,0
1756703756,934,0.0,0.0,-0.02,0.0,0.0,0.0,0.0,0.0,0,0,0
1756703756,935,0.0,0.0,-0.01,0.0,0.0,0.0,0.0,0.0,0,0,0
1756703756,936,-0.09,0.0,-0.01,0.0,0.0,0.0,0.0,0.0,0,0,0
1756703756,937,-0.03,0.0,0.0,0.0,0.0,0.0,0.0,0.0,0,0,0
1756703756,938,0.0,0.0,-0.01,0.0,0.0,0.0,0.0,0.0,0,0,0
1756703756,939,0.03,0.0,-0.05,0.0,0.0,0.0,0.0,0.0,0,0,0
1756703756,940,-0.01,0.0,0.02,0.0,0.0,0.0,0.0,0.0,0,0,0
1756703756,941,0.02,0.0,-0.02,0.0,0.0,0.0,0.0,0.0,0,0,0
1756703756,942,0.0,0.0,-0.05,0.0,0.0,0.0,0.0,0.0,0,0,0
1756703756,943,0.02,0.0,0.0,0.0,0.0,0.0,0.0,0.0,0,0,0
1756703756,944,0.02,0.0,-0.05,0.0,0.0,0.0,0.0,0.0,0,0,0
1756703756,945,0.05,0.0,-0.09,0.0,0.0,0.0,0.0,0.0,0,0,0
1756703756,946,0.0,0.0,-0.05,0.0,0.0,0.0,0.0,0.0,0,0,0
1756703756,947,0.0,0.0,0.0,0.0,0.0,0.0,0.0,0.0,0,0,0
1756703756,948,0.01,0.0,-0.01,0.0,0.0,0.0,0.0,0.0,0,0,0
1756703756,949,-0.05,0.0,0.0,0.0,0.0,0.0,0.0,0.0,0,0,0
1756703756,950,0.05,0.0,-0.1,0.0,0.0,0.0,0.0,0.0,0,0,0
1756703756,951,0.0,0.0,-0.05,0.0,0.0,0.0,0.0,0.0,0,0,0
1756703756,952,0.03,0.0,0.0,0.0,0.0,0.0,0.0,0.0,0,0,0
1756703756,953,0.07,0.0,-0.03,0.0,0.0,0.0,0.0,0.0,0,0,0
1756703756,954,0.0,0.0,-0.02,0.0,0.0,0.0,0.0,0.0,0,0,0
1756703756,955,0.0,0.0,-0.01,0.0,0.0,0.0,0.0,0.0,0,0,0
1756703756,956,-0.01,0.0,-0.01,0.0,0.0,0.0,0.0,0.0,0,0,0
1756703757,957,0.0,0.0,-0.01,0.0,0.0,0.0,0.0,0.0,0,0,0
1756703757,958,0.07,0.0,-0.09,0.0,0.0,0.0,0.0,0.0,0,0,0
1756703757,959,0.03,0.0,0.0,0.0,0.0,0.0,0.0,0.0,0,0,0
1756703757,960,0.01,0.0,-0.09,0.0,0.0,0.0,0.0,0.0,0,0,0
1756703757,961,0.01,0.0,-0.05,0.0,0.0,0.0,0.0,0.0,0,0,0
1756703757,962,0.07,0.0,-0.01,0.0,0.0,0.0,0.0,0.0,0,0,0
1756703757,963,0.0,0.0,-0.01,0.0,0.0,0.0,0.0,0.0,0,0,0
1756703757,964,0.0,0.0,0.0,0.0,0.0,0.0,0.0,0.0,0,0,0
1756703757,965,-0.02,0.0,-0.03,0.0,0.0,0.0,0.0,0.0,0,0,0
1756703757,966,-0.05,0.0,0.0,0.0,0.0,0.0,0.0,0.0,0,0,0
1756703757,967,0.0,0.0,-0.05,0.0,0.0,0.0,0.0,0.0,0,0,0
1756703757,968,0.0,0.0,0.0,0.0,0.0,0.0,0.0,0.0,0,0,0
1756703757,969,0.0,0.0,-0.01,0.0,0.0,0.0,0.0,0.0,0,0,0
1756703757,970,-0.07,0.0,-0.01,0.0,0.0,0.0,0.0,0.0,0,0,0
1756703757,971,-0.01,0.0,-0.05,0.0,0.0,0.0,0.0,0.0,0,0,0
1756703757,972,-0.02,0.0,-0.03,0.0,0.0,0.0,0.0,0.0,0,0,0
1756703757,973,-0.05,0.0,-0.02,0.0,0.0,0.0,0.0,0.0,0,0,0
1756703757,974,0.03,0.0,-0.01,0.0,0.0,0.0,0.0,0.0,0,0,0
1756703757,975,-0.01,0.0,0.0,0.0,0.0,0.0,0.0,0.0,0,0,0
1756703757,976,0.0,0.0,-0.03,0.0,0.0,0.0,0.0,0.0,0,0,0
1756703757,977,0.0,0.0,-0.01,0.0,0.0,0.0,0.0,0.0,0,0,0
1756703757,978,0.01,0.0,-0.02,0.0,0.0,0.0,0.0,0.0,0,0,0
1756703757,979,0.02,0.0,-0.03,0.0,0.0,0.0,0.0,0.0,0,0,0
1756703757,980,0.01,0.0,-0.05,0.0,0.0,0.0,0.0,0.0,0,0,0
1756703757,981,0.01,0.0,-0.01,0.0,0.0,0.0,0.0,0.0,0,0,0
1756703757,982,0.0,0.0,-0.02,0.0,0.0,0.0,0.0,0.0,0,0,0
1756703757,983,0.0,0.0,0.0,0.0,0.0,0.0,0.0,0.0,0,0,0
1756703757,984,0.0,0.0,-0.02,0.0,0.0,0.0,0.0,0.0,0,0,0
1756703757,985,0.0,0.0,-0.09,0.0,0.0,0.0,0.0,0.0,0,0,0
1756703757,986,0.03,0.0,0.0,0.0,0.0,0.0,0.0,0.0,0,0,0
1756703757,987,0.01,0.0,0.0,0.0,0.0,0.0,0.0,0.0,0,0,0
1756703757,988,0.09,0.0,-0.01,0.0,0.0,0.0,0.0,0.0,0,0,0
1756703757,989,0.0,0.0,-0.02,0.0,0.0,0.0,0.0,0.0,0,0,0
1756703757,990,0.0,0.0,0.0,0.0,0.0,0.0,0.0,0.0,0,0,0
1756703757,991,0.0,0.0,0.0,0.0,0.0,0.0,0.0,0.0,0,0,0
1756703757,992,0.02,0.0,0.0,0.0,0.0,0.0,0.0,0.0,0,0,0
1756703757,993,0.0,0.0,-0.01,0.0,0.0,0.0,0.0,0.0,0,0,0
1756703757,994,0.05,0.0,-0.03,0.0,0.0,0.0,0.0,0.0,0,0,0
1756703757,995,0.03,0.0,-0.02,0.0,0.0,0.0,0.0,0.0,0,0,0
1756703757,996,0.02,0.0,0.0,0.0,0.0,0.0,0.0,0.0,0,0,0
1756703757,997,0.07,0.0,0.0,0.0,0.0,0.0,0.0,0.0,0,0,0
1756703757,998,0.0,0.0,0.03,0.0,0.0,0.0,0.0,0.0,0,0,0
1756703757,999,0.0,0.0,0.0,0.0,0.0,0.0,0.0,0.0,0,0,0
1756703757,1000,0.0,0.0,0.0,0.0,0.0,0.0,0.0,0.0,0,0,0
1756703757,1001,0.0,0.0,0.01,0.0,0.0,0.0,0.0,0.0,0,0,0
1756703757,1002,0.02,0.0,-0.05,0.0,0.0,0.0,0.0,0.0,0,0,0
1756703757,1003,0.0,0.0,-0.1,0.0,0.0,0.0,0.0,0.0,0,0,0
1756703757,1004,0.02,0.0,-0.02,0.0,0.0,0.0,0.0,0.0,0,0,0
1756703757,1005,0.02,0.0,0.0,0.0,0.0,0.0,0.0,0.0,0,0,0
1756703757,1006,-0.01,0.0,-0.07,0.0,0.0,0.0,0.0,0.0,0,0,0
1756703757,1007,0.01,0.0,-0.05,0.0,0.0,0.0,0.0,0.0,0,0,0
1756703757,1008,0.01,0.0,-0.02,0.0,0.0,0.0,0.0,0.0,0,0,0
1756703757,1009,0.02,0.0,-0.01,0.0,0.0,0.0,0.0,0.0,0,0,0
1756703757,1010,0.0,0.0,-0.05,0.0,0.0,0.0,0.0,0.0,0,0,0
1756703757,1011,0.07,0.0,-0.05,0.0,0.0,0.0,0.0,0.0,0,0,0
1756703757,1012,0.0,0.0,0.0,0.0,0.0,0.0,0.0,0.0,0,0,0
1756703757,1013,0.0,0.0,0.0,0.0,0.0,0.0,0.0,0.0,0,0,0
1756703757,1014,0.0,0.0,-0.07,0.0,0.0,0.0,0.0,0.0,0,0,0
1756703757,1015,0.0,0.0,-0.02,0.0,0.0,0.0,0.0,0.0,0,0,0
1756703757,1016,0.05,0.0,-0.07,0.0,0.0,0.0,0.0,0.0,0,0,0
1756703757,1017,0.0,0.0,-0.03,0.0,0.0,0.0,0.0,0.0,0,0,0
1756703757,1018,0.0,0.0,-0.05,0.0,0.0,0.0,0.0,0.0,0,0,0
1756703757,1019,0.0,0.0,-0.02,0.0,0.0,0.0,0.0,0.0,0,0,0
1756703757,1020,0.01,0.0,-0.02,0.0,0.0,0.0,0.0,0.0,0,0,0
1756703757,1021,0.0,0.0,-0.03,0.0,0.0,0.0,0.0,0.0,0,0,0
1756703757,1022,-0.02,0.0,0.0,0.0,0.0,0.0,0.0,0.0,0,0,0
1756703757,1023,0.03,0.0,-0.05,0.0,0.0,0.0,0.0,0.0,0,0,0
1756703758,1024,0.0,0.0,-0.01,0.0,0.0,0.0,0.0,0.0,0,0,0
1756703758,1025,0.0,0.0,-0.01,0.0,0.0,0.0,0.0,0.0,0,0,0
1756703758,1026,0.0,0.0,-0.03,0.0,0.0,0.0,0.0,0.0,0,0,0
1756703758,1027,0.0,0.0,0.0,0.0,0.0,0.0,0.0,0.0,0,0,0
1756703758,1028,0.05,0.0,0.0,0.0,0.0,0.0,0.0,0.0,0,0,0
1756703758,1029,0.05,0.0,-0.01,0.0,0.0,0.23,0.0,0.0,0,0,0
1756703758,1030,-0.01,0.0,-0.05,0.0,0.0,0.0,0.0,0.0,0,0,0
1756703758,1031,0.05,0.0,-0.02,0.0,0.0,0.3,0.0,0.0,0,0,0
1756703758,1032,0.0,0.0,0.0,0.0,0.0,0.34,0.0,0.0,0,0,0
1756703758,1033,0.0,0.0,-0.03,0.0,0.0,0.47,0.0,0.0,0,0,0
1756703758,1034,0.01,0.0,-0.05,0.0,0.0,0.55,0.0,0.0,0,0,0
1756703758,1035,0.0,0.0,0.0,0.0,0.0,0.58,0.0,0.0,0,0,0
1756703758,1036,0.03,0.0,-0.02,0.0,0.0,0.66,0.0,0.0,0,0,0
1756703758,1037,0.0,0.0,-0.05,0.0,0.0,0.83,0.0,0.0,0,0,0
1756703758,1038,0.0,0.0,-0.01,0.0,0.0,0.94,0.0,0.0,0,0,0
1756703758,1039,0.0,0.0,0.0,0.0,0.0,1.01,0.0,0.0,0,0,0
1756703758,1040,-0.05,0.0,-0.07,0.0,0.0,1.05,0.0,0.0,0,0,0
1756703758,1041,0.0,0.0,0.0,0.0,0.0,1.16,0.0,0.0,0,0,0
1756703758,1042,-0.1,0.0,0.0,0.0,0.0,1.42,0.0,0.0,0,0,0
1756703758,1043,0.0,0.0,0.0,0.0,0.0,1.42,0.0,0.0,0,0,0
1756703758,1044,0.0,0.0,0.0,0.0,0.0,1.5,0.0,0.0,0,0,0
1756703758,1045,0.0,0.0,0.0,0.0,0.0,1.61,0.0,0.0,0,0,0
1756703758,1046,0.0,0.0,0.0,0.0,0.0,1.64,0.0,0.0,0,0,0
1756703758,1047,-0.02,0.0,0.0,0.0,0.0,1.84,0.0,0.0,0,0,0
1756703758,1048,-0.15,0.0,-0.07,0.0,0.0,1.9,0.0,0.0,0,0,0
1756703758,1049,0.0,0.0,-0.02,0.0,0.0,1.99,0.0,0.0,0,0,0
1756703758,1050,0.05,0.0,-0.03,0.0,0.0,2.14,0.0,0.0,0,0,0
1756703758,1051,0.05,0.0,0.0,0.0,0.0,2.02,0.0,0.0,0,0,0
1756703758,1052,0.05,0.0,0.0,0.0,0.0,2.14,0.0,0.0,0,0,0
1756703758,1053,0.03,0.0,-0.02,0.0,0.0,2.28,0.0,0.0,0,0,0
1756703758,1054,0.09,0.0,0.0,0.0,0.0,2.28,0.0,0.0,0,0,0
1756703758,1055,0.02,0.0,-0.03,0.0,0.0,2.44,0.0,0.0,0,0,0
1756703758,1056,0.0,0.0,0.0,0.0,0.0,2.18,0.0,0.0,0,0,0
1756703758,1057,0.01,0.0,-0.03,0.0,0.0,2.09,0.0,0.0,0,0,0
1756703758,1058,0.05,0.0,-0.01,0.0,0.0,2.14,0.0,0.0,0,0,0
1756703758,1059,0.0,0.0,-0.01,0.0,0.0,1.99,0.0,0.0,0,0,0
1756703758,1060,0.02,0.0,-0.05,0.0,0.0,1.99,0.0,0.0,0,0,0
1756703758,1061,0.02,0.0,0.0,0.0,0.0,1.95,0.0,0.0,0,0,0
1756703758,1062,0.0,0.0,-0.01,0.0,0.0,1.87,0.0,0.0,0,0,0
1756703758,1063,0.01,0.0,0.0,0.0,0.0,1.73,0.0,0.0,0,0,0
1756703758,1064,0.0,0.0,0.0,0.0,0.0,1.47,0.0,0.0,0,0,0
1756703758,1065,0.05,0.0,-0.02,0.0,0.0,1.35,0.0,0.0,0,0,0
1756703758,1066,0.01,0.0,-0.02,0.0,0.0,1.21,0.0,0.0,0,0,0
1756703758,1067,0.01,0.0,-0.05,0.0,0.0,0.76,0.0,0.0,0,0,0
1756703758,1068,0.0,0.0,-0.02,0.0,0.0,0.0,0.0,0.0,0,0,0
1756703758,1069,0.0,0.0,-0.05,0.0,0.0,0.0,0.0,0.0,0,0,0
1756703758,1070,0.01,0.0,-0.01,0.0,0.0,0.0,0.0,0.0,0,0,0
1756703758,1071,0.1,0.0,-0.1,0.0,0.0,0.0,0.0,0.0,0,0,0
1756703758,1072,0.03,0.0,-0.05,0.0,0.0,0.0,0.0,0.0,0,0,0
1756703758,1073,0.02,0.0,0.01,0.0,0.0,0.0,0.0,0.0,0,0,0
1756703758,1074,0.0,0.0,0.0,0.0,0.0,0.0,0.0,0.0,0,0,0
1756703758,1075,0.02,0.0,0.0,0.0,0.0,0.0,0.0,0.0,0,0,0
1756703758,1076,0.01,0.0,-0.01,0.0,0.0,0.0,0.0,0.0,0,0,0
1756703758,1077,0.0,0.0,-0.05,0.0,0.0,0.0,0.0,0.0,0,0,0
1756703758,1078,-0.05,0.0,0.0,0.0,0.0,0.0,0.0,0.0,0,0,0
1756703758,1079,0.01,0.0,-0.03,0.0,0.0,0.0,0.0,0.0,0,0,0
1756703758,1080,0.01,0.0,0.0,0.0,0.0,0.0,0.0,0.0,0,0,0
1756703758,1081,0.0,0.0,0.0,0.0,0.0,0.0,0.0,0.0,0,0,0
1756703758,1082,0.0,0.0,0.0,0.0,0.0,0.0,0.0,0.0,0,0,0
1756703758,1083,0.0,0.0,-0.02,0.0,0.0,0.0,0.0,0.0,0,0,0
1756703758,1084,0.0,0.0,0.0,0.0,0.0,0.0,0.0,0.0,0,0,0
1756703758,1085,-0.01,0.0,0.0,0.0,0.0,0.0,0.0,0.0,0,0,0
1756703758,1086,0.11,0.0,0.0,0.0,0.0,0.0,0.0,0.0,0,0,0
1756703758,1087,0.07,0.0,-0.05,0.0,0.0,0.0,0.0,0.0,0,0,0
1756703758,1088,0.0,0.0,0.0,0.0,0.0,0.0,0.0,0.0,0,0,0
1756703758,1089,0.0,0.0,0.0,0.0,0.0,0.0,0.0,0.0,0,0,0
1756703758,1090,0.01,0.0,0.0,0.0,0.0,0.0,0.0,0.0,0,0,0
1756703758,1091,0.0,0.0,-0.03,0.0,0.0,0.0,0.0,0.0,0,0,0
1756703759,1092,0.0,0.0,-0.01,0.0,0.0,0.0,0.0,0.0,0,0,0
1756703759,1093,0.01,0.0,0.01,0.0,0.0,0.0,0.0,0.0,0,0,0
1756703759,1094,0.0,0.0,0.0,0.0,0.0,0.0,0.0,0.0,0,0,0
1756703759,1095,0.0,0.0,0.03,0.0,0.0,0.0,0.0,0.0,0,0,0
1756703759,1096,-0.05,0.0,-0.03,0.0,0.0,0.0,0.0,0.0,0,0,0
1756703759,1097,0.01,0.0,-0.03,0.0,0.0,0.0,0.0,0.0,0,0,0
1756703759,1098,0.02,0.0,-0.02,0.0,0.0,0.0,0.0,0.0,0,0,0
1756703759,1099,-0.01,0.0,-0.03,0.0,0.0,0.0,0.0,0.0,0,0,0
1756703759,1100,0.02,0.0,-0.02,0.0,0.0,0.0,0.0,0.0,0,0,0
1756703759,1101,-0.01,0.0,-0.02,0.0,0.0,0.0,0.0,0.0,0,0,0
1756703759,1102,0.01,0.0,-0.01,0.0,0.0,0.0,0.0,0.0,0,0,0
1756703759,1103,0.02,0.0,0.0,0.0,0.0,0.0,0.0,0.0,0,0,0
1756703759,1104,0.01,0.0,-0.01,0.0,0.0,0.0,0.0,0.0,0,0,0
1756703759,1105,0.0,0.0,-0.02,0.0,0.0,0.0,0.0,0.0,0,0,0
1756703759,1106,0.03,0.0,0.0,0.0,0.0,0.0,0.0,0.0,0,0,0
1756703759,1107,0.05,0.0,-0.01,0.0,0.0,0.0,0.0,0.0,0,0,0
1756703759,1108,0.01,0.0,0.02,0.0,0.0,0.0,0.0,0.0,0,0,0
1756703759,1109,0.01,0.0,-0.02,0.0,0.0,0.0,0.0,0.0,0,0,0
1756703759,1110,0.03,0.0,-0.07,0.0,0.0,0.0,0.0,0.0,0,0,0
1756703759,1111,0.03,0.0,-0.11,0.0,0.0,0.0,0.0,0.0,0,0,0
1756703759,1112,0.01,0.0,-0.01,0.0,0.0,0.0,0.0,0.0,0,0,0
1756703759,1113,0.07,0.0,-0.05,0.0,0.0,0.0,0.0,0.0,0,0,0
1756703759,1114,0.1,0.0,0.0,0.0,0.0,0.0,0.0,0.0,0,0,0
1756703759,1115,0.02,0.0,-0.03,0.0,0.0,0.0,0.0,0.0,0,0,0
1756703759,1116,0.02,0.0,0.0,0.0,0.0,0.0,0.0,0.0,0,0,0
1756703759,1117,0.01,0.0,-0.1,0.0,0.0,0.0,0.0,0.0,0,0,0
1756703759,1118,-0.01,0.0,-0.03,0.0,0.0,0.0,0.0,0.0,0,0,0
1756703759,1119,-0.01,0.0,-0.02,0.0,0.0,0.0,0.0,0.0,0,0,0
1756703759,1120,0.03,0.0,-0.05,0.0,0.0,0.0,0.0,0.0,0,0,0
1756703759,1121,0.05,0.0,-0.05,0.0,0.0,0.0,0.0,0.0,0,0,0
1756703759,1122,0.03,0.0,0.0,0.0,0.0,0.0,0.0,0.0,0,0,0
1756703759,1123,-0.03,0.0,-0.01,0.0,0.0,0.0,0.0,0.0,0,0,0
1756703759,1124,0.05,0.0,-0.02,0.0,0.0,0.0,0.0,0.0,0,0,0
1756703759,1125,0.0,0.0,-0.01,0.0,0.0,0.0,0.0,0.0,0,0,0
1756703759,1126,0.05,0.0,-0.01,0.0,0.0,0.0,0.0,0.0,0,0,0
1756703759,1127,0.03,0.0,-0.02,0.0,0.0,0.0,0.0,0.0,0,0,0
1756703759,1128,0.01,0.0,-0.01,0.0,0.0,0.0,0.0,0.0,0,0,0
1756703759,1129,0.0,0.0,-0.02,0.0,0.0,0.0,0.0,0.0,0,0,0
1756703759,1130,0.0,0.0,-0.02,0.0,0.0,0.0,0.0,0.0,0,0,0
1756703759,1131,0.01,0.0,-0.09,0.0,0.0,0.0,0.0,0.0,0,0,0
1756703759,1132,0.0,0.0,0.0,0.0,0.0,0.0,0.0,0.0,0,0,0
1756703759,1133,0.0,0.0,-0.01,0.0,0.0,0.0,0.0,0.0,0,0,0
1756703759,1134,0.05,0.0,-0.02,0.0,0.0,0.0,0.0,0.0,0,0,0
1756703759,1135,0.05,0.0,0.0,0.0,0.0,0.0,0.0,0.0,0,0,0
1756703759,1136,0.0,0.0,-0.07,0.0,0.0,0.0,0.0,0.0,0,0,0
1756703759,1137,0.02,0.0,-0.01,0.0,0.0,0.0,0.0,0.0,0,0,0
1756703759,1138,-0.14,0.0,-0.01,0.0,0.0,0.0,0.0,0.0,0,0,0
1756703759,1139,0.0,0.0,-0.02,0.0,0.0,0.0,0.0,0.0,0,0,0
1756703759,1140,0.03,0.0,-0.02,0.0,0.0,0.0,0.0,0.0,0,0,0
1756703759,1141,0.02,0.0,0.0,0.0,0.0,0.0,0.0,0.0,0,0,0
1756703759,1142,0.01,0.0,-0.05,0.0,0.0,0.0,0.0,0.0,0,0,0
1756703759,1143,0.03,0.0,-0.01,0.0,0.0,0.0,0.0,0.0,0,0,0
1756703759,1144,0.02,0.0,0.0,0.0,0.0,0.0,0.0,0.0,0,0,0
1756703759,1145,0.0,0.0,-0.01,0.0,0.0,0.0,0.0,0.0,0,0,0
1756703759,1146,0.02,0.0,-0.03,0.0,0.0,0.0,0.0,0.0,0,0,0
1756703759,1147,-0.05,0.0,-0.02,0.0,0.0,0.0,0.0,0.0,0,0,0
1756703759,1148,0.0,0.0,0.0,0.0,0.0,0.0,0.0,0.0,0,0,0
1756703759,1149,0.0,0.0,0.0,0.0,0.0,0.0,0.0,0.0,0,0,0
1756703759,1150,-0.01,0.0,0.0,0.0,0.0,0.0,0.0,0.0,0,0,0
1756703759,1151,0.03,0.0,-0.01,0.0,0.0,0.0,0.0,0.0,0,0,0
1756703759,1152,0.03,0.0,0.0,0.0,0.0,0.0,0.0,0.0,0,0,0
1756703759,1153,0.0,0.0,-0.02,0.0,0.0,0.0,0.0,0.0,0,0,0
1756703759,1154,0.0,0.0,-0.05,0.0,0.0,0.0,0.0,0.0,0,0,0
1756703759,1155,0.0,0.0,-0.05,0.0,0.0,0.0,0.0,0.0,0,0,0
1756703759,1156,0.0,0.0,-0.03,0.0,0.0,0.0,0.0,0.0,0,0,0
1756703759,1157,-0.03,0.0,-0.07,0.0,0.0,0.0,0.0,0.0,0,0,0
1756703759,1158,0.01,0.0,0.0,0.0,0.0,0.0,0.0,0.0,0,0,0
1756703760,1159,0.05,0.0,-0.02,0.0,0.0,0.0,0.0,0.0,0,0,0
1756703760,1160,0.01,0.0,-0.01,0.0,0.0,0.0,0.0,0.0,0,0,0
1756703760,1161,0.0,0.0,-0.01,0.0,0.0,0.0,0.0,0.0,0,0,0
1756703760,1162,0.0,0.0,-0.03,0.0,0.0,0.0,0.0,0.0,0,0,0
1756703760,1163,0.0,0.0,-0.1,0.0,0.0,0.0,0.0,0.0,0,0,0
1756703760,1164,0.01,0.0,0.0,0.0,0.0,0.0,0.0,0.0,0,0,0
1756703760,1165,0.0,0.0,0.0,0.0,0.0,0.0,0.0,0.0,0,0,0
1756703760,1166,0.0,0.0,-0.03,0.0,0.0,0.0,0.0,0.0,0,0,0
1756703760,1167,0.05,0.0,-0.01,0.0,0.0,0.0,0.0,0.0,0,0,0
1756703760,1168,0.03,0.0,-0.07,0.0,0.0,0.0,0.0,0.0,0,0,0
1756703760,1169,0.0,0.0,-0.02,0.0,0.0,0.0,0.0,0.0,0,0,0
1756703760,1170,0.0,0.0,0.0,0.0,0.0,0.0,0.0,0.0,0,0,0
1756703760,1171,0.02,0.0,0.0,0.0,0.0,0.0,0.0,0.0,0,0,0
1756703760,1172,0.0,0.0,-0.02,0.0,0.0,0.0,0.0,0.0,0,0,0
1756703760,1173,0.07,0.0,-0.01,0.0,0.0,0.0,0.0,0.0,0,0,0
1756703760,1174,0.05,0.0,0.0,0.0,0.0,0.0,0.0,0.0,0,0,0
1756703760,1175,0.01,0.0,-0.02,0.0,0.0,0.0,0.0,0.0,0,0,0
1756703760,1176,-0.01,0.0,0.0,0.0,0.0,0.0,0.0,0.0,0,0,0
1756703760,1177,0.0,0.0,0.0,0.0,0.0,0.0,0.0,0.0,0,0,0
1756703760,1178,0.05,0.0,-0.01,0.0,0.0,0.0,0.0,0.0,0,0,0
1756703760,1179,0.0,0.0,-0.05,0.0,0.0,0.0,0.0,0.0,0,0,0
1756703760,1180,0.05,0.0,0.0,0.0,0.0,0.0,0.0,0.0,0,0,0
1756703760,1181,0.02,0.0,-0.03,0.0,0.0,0.0,0.0,0.0,0,0,0
1756703760,1182,0.0,0.0,-0.02,0.0,0.0,0.0,0.0,0.0,0,0,0
1756703760,1183,0.02,0.0,-0.02,0.0,0.0,0.0,0.0,0.0,0,0,0
1756703760,1184,0.03,0.0,-0.01,0.0,0.0,0.0,0.0,0.0,0,0,0
1756703760,1185,0.03,0.0,-0.03,0.0,0.0,0.0,0.0,0.0,0,0,0
1756703760,1186,0.1,0.0,0.0,0.0,0.0,0.0,0.0,0.0,0,0,0
1756703760,1187,0.0,0.0,-0.02,0.0,0.0,0.0,0.0,0.0,0,0,0
1756703760,1188,-0.01,0.0,0.03,0.0,0.0,0.0,0.0,0.0,0,0,0
1756703760,1189,0.0,0.0,0.01,0.0,0.0,0.0,0.0,0.0,0,0,0
1756703760,1190,0.03,0.0,-0.02,0.0,0.0,0.0,0.0,0.0,0,0,0
1756703760,1191,0.0,0.0,0.0,0.0,0.0,0.0,0.0,0.0,0,0,0
1756703760,1192,0.02,0.0,-0.01,0.0,0.0,0.0,0.0,0.0,0,0,0
1756703760,1193,0.0,0.0,0.0,0.0,0.0,0.0,0.0,0.0,0,0,0
1756703760,1194,0.0,0.0,-0.02,0.0,0.0,0.0,0.0,0.0,0,0,0
1756703760,1195,-0.01,0.0,-0.03,0.0,0.0,0.0,0.0,0.0,0,0,0
1756703760,1196,0.0,0.0,-0.05,0.0,0.0,0.0,0.0,0.0,0,0,0
1756703760,1197,0.0,0.0,0.0,0.0,0.0,0.0,0.0,0.0,0,0,0
1756703760,1198,0.0,0.0,-0.03,0.0,0.0,0.0,0.0,0.0,0,0,0
1756703760,1199,0.0,0.0,-0.03,0.0,0.0,0.0,0.0,0.0,0,0,0
1756703760,1200,0.03,0.0,-0.01,0.0,0.0,0.0,0.0,0.0,0,0,0
1756703760,1201,0.01,0.0,-0.01,0.0,0.0,0.0,0.0,0.0,0,0,0
1756703760,1202,-0.01,0.0,-0.03,0.0,0.0,0.0,0.0,0.0,0,0,0
1756703760,1203,0.0,0.0,-0.01,0.0,0.0,0.0,0.0,0.0,0,0,0
1756703760,1204,0.0,0.0,-0.02,0.0,0.0,0.0,0.0,0.0,0,0,0
1756703760,1205,0.0,0.0,-0.01,0.0,0.0,0.0,0.0,0.0,0,0,0
1756703760,1206,0.0,0.0,0.0,0.0,0.0,0.0,0.0,0.0,0,0,0
1756703760,1207,0.01,0.0,0.0,0.0,0.0,0.0,0.0,0.0,0,0,0
1756703760,1208,0.0,0.0,-0.01,0.0,0.0,0.0,0.0,0.0,0,0,0
1756703760,1209,0.03,0.0,-0.07,0.0,0.0,0.0,0.0,0.0,0,0,0
1756703760,1210,0.0,0.0,-0.02,0.0,0.0,0.0,0.0,0.0,0,0,0
1756703760,1211,0.01,0.0,-0.01,0.0,0.0,0.0,0.0,0.0,0,0,0
1756703760,1212,0.01,0.0,0.0,0.0,0.0,0.0,0.0,0.0,0,0,0
1756703760,1213,0.07,0.0,0.0,0.0,0.0,0.0,0.0,0.0,0,0,0
1756703760,1214,0.0,0.0,-0.09,0.0,0.0,0.0,0.0,0.0,0,0,0
1756703760,1215,-0.09,0.0,-0.05,0.0,0.0,0.0,0.0,0.0,0,0,0
1756703760,1216,0.0,0.0,0.0,0.0,0.0,0.0,0.0,0.0,0,0,0
1756703760,1217,0.0,0.0,-0.03,0.0,0.0,0.0,0.0,0.0,0,0,0
1756703760,1218,0.03,0.0,-0.1,0.0,0.0,0.0,0.0,0.0,0,0,0
1756703760,1219,-0.01,0.0,0.0,0.0,0.0,0.0,0.0,0.0,0,0,0
1756703760,1220,0.01,0.0,0.0,0.0,0.0,0.0,0.0,0.0,0,0,0
1756703760,1221,0.0,0.0,0.0,0.0,0.0,0.0,0.0,0.0,0,0,0
1756703760,1222,0.03,0.0,-0.02,0.0,0.0,0.0,0.0,0.0,0,0,0
1756703761,1223,0.01,0.0,0.0,0.0,0.0,0.0,0.0,0.0,0,0,0
1756703761,1224,0.0,0.0,0.0,0.0,0.0,0.0,0.0,0.0,0,0,0
1756703761,1225,0.0,0.0,-0.03,0.0,0.0,0.0,0.0,0.0,0,0,0
1756703761,1226,-0.01,0.0,0.0,0.0,0.0,0.0,0.0,0.0,0,0,0
1756703761,1227,0.01,0.0,0.0,0.0,0.0,0.0,0.0,0.0,0,0,0
1756703761,1228,0.01,0.0,0.0,0.0,0.0,0.0,0.0,0.0,0,0,0
1756703761,1229,0.0,0.0,0.02,0.0,0.0,0.0,0.0,0.0,0,0,0
1756703761,1230,0.03,0.0,0.0,0.0,0.0,0.0,0.0,0.0,0,0,0
1756703761,1231,-0.02,0.0,0.0,0.0,0.0,0.0,0.0,0.0,0,0,0
1756703761,1232,0.02,0.0,0.0,0.0,0.0,0.0,0.0,0.0,0,0,0
1756703761,1233,0.03,0.0,0.0,0.0,0.0,0.0,0.0,0.0,0,0,0
1756703761,1234,0.0,0.0,-0.01,0.0,0.0,0.0,0.0,0.0,0,0,0
1756703761,1235,0.02,0.0,0.0,0.0,0.0,0.0,0.0,0.0,0,0,0
1756703761,1236,0.0,0.0,0.02,0.0,0.0,0.0,0.0,0.0,0,0,0
1756703761,1237,0.01,0.0,0.0,0.0,0.0,0.0,0.0,0.0,0,0,0
1756703761,1238,-0.01,0.0,-0.01,0.0,0.0,0.0,0.0,0.0,0,0,0
1756703761,1239,0.0,0.0,0.0,0.0,0.0,0.0,0.0,0.0,0,0,0
1756703761,1240,0.07,0.0,0.0,0.0,0.0,0.0,0.0,0.0,0,0,0
1756703761,1241,0.0,0.0,-0.03,0.0,0.0,0.0,0.0,0.0,0,0,0
1756703761,1242,0.0,0.0,-0.03,0.0,0.0,0.0,0.0,0.0,0,0,0
1756703761,1243,0.0,0.0,-0.11,0.0,0.0,0.0,0.0,0.0,0,0,0
1756703761,1244,0.01,0.0,-0.01,0.0,0.0,0.0,0.0,0.0,0,0,0
1756703761,1245,0.02,0.0,0.0,0.0,0.0,0.0,0.0,0.0,0,0,0
1756703761,1246,0.0,0.0,0.05,0.0,0.0,0.0,0.0,0.0,0,0,0
1756703761,1247,0.01,0.0,0.0,0.0,0.0,0.0,0.0,0.0,0,0,0
1756703761,1248,0.05,0.0,0.0,0.0,0.0,0.0,0.0,0.0,0,0,0
1756703761,1249,0.05,0.0,-0.01,0.0,0.0,0.0,0.0,0.0,0,0,0
1756703761,1250,0.02,0.0,-0.02,0.0,0.0,0.0,0.0,0.0,0,0,0
1756703761,1251,0.0,0.0,0.0,0.0,0.0,0.0,0.0,0.0,0,0,0
1756703761,1252,-0.01,0.0,-0.05,0.0,0.0,0.0,0.0,0.0,0,0,0
1756703761,1253,0.0,0.0,0.0,0.0,0.0,0.0,0.0,0.0,0,0,0
1756703761,1254,0.03,0.0,-0.01,0.0,0.0,0.0,0.0,0.0,0,0,0
1756703761,1255,0.02,0.0,-0.05,0.0,0.0,0.0,0.0,0.0,0,0,0
1756703761,1256,0.0,0.0,0.0,0.0,0.0,0.0,0.0,0.0,0,0,0
1756703761,1257,0.02,0.0,-0.01,0.0,0.0,0.0,0.0,0.0,0,0,0
1756703761,1258,0.0,0.0,-0.05,0.0,0.0,0.0,0.0,0.0,0,0,0
1756703761,1259,-0.01,0.0,0.0,0.0,0.0,0.0,0.0,0.0,0,0,0
1756703761,1260,0.0,0.0,0.0,0.0,0.0,0.0,0.0,0.0,0,0,0
1756703761,1261,0.0,0.0,0.0,0.0,0.0,0.0,0.0,0.0,0,0,0
1756703761,1262,0.02,0.0,-0.02,0.0,0.0,0.0,0.0,0.0,0,0,0
1756703761,1263,0.0,0.0,-0.01,0.0,0.0,0.0,0.0,0.0,0,0,0
1756703761,1264,-0.01,0.0,-0.03,0.0,0.0,0.0,0.0,0.0,0,0,0
1756703761,1265,0.01,0.0,-0.05,0.0,0.0,0.0,0.0,0.0,0,0,0
1756703761,1266,0.02,0.0,-0.02,0.0,0.0,0.0,0.0,0.0,0,0,0
1756703761,1267,0.0,0.0,0.0,0.0,0.0,0.0,0.0,0.0,0,0,0
1756703761,1268,0.0,0.0,-0.02,0.0,0.0,0.0,0.0,0.0,0,0,0
1756703761,1269,0.0,0.0,-0.01,0.0,0.0,0.0,0.0,0.0,0,0,0
1756703761,1270,0.0,0.0,0.0,0.0,0.0,0.0,0.0,0.0,0,0,0
1756703761,1271,-0.01,0.0,-0.1,0.0,0.0,0.0,0.0,0.0,0,0,0
1756703761,1272,0.0,0.0,0.0,0.0,0.0,0.0,0.0,0.0,0,0,0
1756703761,1273,0.01,0.0,-0.02,0.0,0.0,0.0,0.0,0.0,0,0,0
1756703761,1274,0.07,0.0,0.02,0.0,0.0,0.0,0.0,0.0,0,0,0
1756703761,1275,-0.01,0.0,0.0,0.0,0.0,0.0,0.0,0.0,0,0,0
1756703761,1276,0.03,0.0,-0.01,0.0,0.0,0.0,0.0,0.0,0,0,0
1756703761,1277,0.07,0.0,-0.02,0.0,0.0,0.0,0.0,0.0,0,0,0
1756703761,1278,-0.1,0.0,-0.02,0.0,0.0,0.0,0.0,0.0,0,0,0
1756703761,1279,0.03,0.0,-0.03,0.0,0.0,0.0,0.0,0.0,0,0,0
1756703761,1280,0.0,0.0,-0.01,0.0,0.0,0.0,0.0,0.0,0,0,0
1756703761,1281,0.01,0.0,0.0,0.0,0.0,0.0,0.0,0.0,0,0,0
1756703761,1282,0.0,0.0,-0.02,0.0,0.0,0.0,0.0,0.0,0,0,0
1756703761,1283,0.01,0.0,-0.07,0.0,0.0,0.0,0.0,0.0,0,0,0
1756703761,1284,0.03,0.0,-0.01,0.0,0.0,0.0,0.0,0.0,0,0,0
1756703761,1285,0.0,0.0,0.0,0.0,0.0,0.0,0.0,0.0,0,0,0
1756703761,1286,0.03,0.0,0.0,0.0,0.0,0.0,0.0,0.0,0,0,0
1756703761,1287,0.0,0.0,0.0,0.0,0.0,0.0,0.0,0.0,0,0,0
1756703762,1288,0.0,0.0,0.0,0.0,0.0,0.0,0.0,0.0,0,0,0
1756703762,1289,0.01,0.0,-0.03,0.0,0.0,0.0,0.0,0.0,0,0,0
1756703762,1290,0.0,0.0,-0.01,0.0,0.0,0.0,0.0,0.0,0,0,0
1756703762,1291,0.01,0.0,0.0,0.0,0.0,0.0,0.0,0.0,0,0,0
1756703762,1292,0.05,0.0,-0.05,0.0,0.0,0.0,0.0,0.0,0,0,0
1756703762,1293,0.07,0.0,-0.05,0.0,0.0,0.0,0.0,0.0,0,0,0
1756703762,1294,0.1,0.0,0.0,0.0,0.0,0.0,0.0,0.0,0,0,0
1756703762,1295,0.0,0.0,0.0,0.0,0.0,0.0,0.0,0.0,0,0,0
1756703762,1296,0.07,0.0,-0.03,0.0,0.0,0.0,0.0,0.0,0,0,0
1756703762,1297,0.0,0.0,-0.01,0.0,0.0,0.0,0.0,0.0,0,0,0
1756703762,1298,0.01,0.0,0.01,0.0,0.0,0.0,0.0,0.0,0,0,0
1756703762,1299,-0.01,0.0,0.0,0.0,0.0,0.0,0.0,0.0,0,0,0
1756703762,1300,0.03,0.0,-0.01,0.0,0.0,0.0,0.0,0.0,0,0,0
1756703762,1301,0.0,0.0,-0.05,0.0,0.0,0.0,0.0,0.0,0,0,0
1756703762,1302,0.01,0.0,-0.05,0.0,0.0,0.0,0.0,0.0,0,0,0
1756703762,1303,0.0,0.0,0.0,0.0,0.0,0.0,0.0,0.0,0,0,0
1756703762,1304,0.0,0.0,-0.02,0.0,0.0,0.0,0.0,0.0,0,0,0
1756703762,1305,0.03,0.0,-0.01,0.0,0.0,0.0,0.0,0.0,0,0,0
1756703762,1306,0.0,0.0,0.0,0.0,0.0,0.0,0.0,0.0,0,0,0
1756703762,1307,0.02,0.0,0.02,0.0,0.0,0.0,0.0,0.0,0,0,0
1756703762,1308,0.02,0.0,-0.03,0.0,0.0,0.0,0.0,0.0,0,0,0
1756703762,1309,0.07,0.0,-0.01,0.0,0.0,0.0,0.0,0.0,0,0,0
1756703762,1310,0.0,0.0,-0.01,0.0,0.0,0.0,0.0,0.0,0,0,0
1756703762,1311,0.01,0.0,0.0,0.0,0.0,0.0,0.0,0.0,0,0,0
1756703762,1312,0.0,0.0,0.0,0.0,0.0,0.0,0.0,0.0,0,0,0
1756703762,1313,-0.03,0.0,-0.01,0.0,0.0,0.0,0.0,0.0,0,0,0
1756703762,1314,0.0,0.0,0.02,0.0,0.0,0.0,0.0,0.0,0,0,0
1756703762,1315,0.01,0.0,0.0,0.0,0.0,0.0,0.0,0.0,0,0,0
1756703762,1316,0.0,0.0,0.0,0.0,0.0,0.0,0.0,0.0,0,0,0
1756703762,1317,0.0,0.0,-0.05,0.0,0.0,0.0,0.0,0.0,0,0,0
1756703762,1318,0.05,0.0,-0.01,0.0,0.0,0.0,0.0,0.0,0,0,0
1756703762,1319,0.0,0.0,-0.02,0.0,0.0,0.0,0.0,0.0,0,0,0
1756703762,1320,0.0,0.0,0.0,0.0,0.0,0.0,0.0,0.0,0,0,0
1756703762,1321,-0.02,0.0,-0.01,0.0,0.0,0.0,0.0,0.0,0,0,0
1756703762,1322,0.02,0.0,0.0,0.0,0.0,0.0,0.0,0.0,0,0,0
1756703762,1323,0.01,0.0,-0.01,0.0,0.0,0.0,0.0,0.0,0,0,0
1756703762,1324,0.0,0.0,-0.1,0.0,0.0,0.0,0.0,0.0,0,0,0
1756703762,1325,0.01,0.0,-0.02,0.0,0.0,0.0,0.0,0.0,0,0,0
1756703762,1326,0.0,0.0,-0.07,0.0,0.0,0.0,0.0,0.0,0,0,0
1756703762,1327,0.0,0.0,0.0,0.0,0.0,0.0,0.0,0.0,0,0,0
1756703762,1328,0.02,0.0,0.0,0.0,0.0,0.0,0.0,0.0,0,0,0
1756703762,1329,-0.01,0.0,-0.01,0.0,0.0,0.0,0.0,0.0,0,0,0
1756703762,1330,0.03,0.0,-0.02,0.0,0.0,0.0,0.0,0.0,0,0,0
1756703762,1331,0.03,0.0,0.0,0.0,0.0,0.0,0.0,0.0,0,0,0
1756703762,1332,0.02,0.0,-0.05,0.0,0.0,0.0,0.0,0.0,0,0,0
1756703762,1333,-0.05,0.0,-0.11,0.0,0.0,0.0,0.0,0.0,0,0,0
1756703762,1334,0.01,0.0,-0.05,0.0,0.0,0.0,0.0,0.0,0,0,0
1756703762,1335,-0.02,0.0,-0.03,0.0,0.0,0.0,0.0,0.0,0,0,0
1756703762,1336,-0.01,0.0,0.0,0.0,0.0,0.0,0.0,0.0,0,0,0
1756703762,1337,0.05,0.0,0.0,0.0,0.0,0.0,0.0,0.0,0,0,0
1756703762,1338,0.0,0.0,0.0,0.0,0.0,0.0,0.0,0.0,0,0,0
1756703762,1339,0.0,0.0,0.0,0.0,0.0,0.0,0.0,0.0,0,0,0
1756703762,1340,0.03,0.0,-0.02,0.0,0.0,0.0,0.0,0.0,0,0,0
1756703762,1341,0.02,0.0,0.0,0.0,0.0,0.0,0.0,0.0,0,0,0
1756703762,1342,0.0,0.0,0.07,0.0,0.0,0.0,0.0,0.0,0,0,0
1756703762,1343,0.02,0.0,-0.03,0.0,0.0,0.0,0.0,0.0,0,0,0
1756703762,1344,0.0,0.0,0.0,0.0,0.0,0.0,0.0,0.0,0,0,0
1756703762,1345,0.01,0.0,0.0,0.0,0.0,0.0,0.0,0.0,0,0,0
1756703762,1346,0.01,0.0,-0.05,0.0,0.0,0.0,0.0,0.0,0,0,0
1756703762,1347,0.03,0.0,-0.05,0.0,0.0,0.0,0.0,0.0,0,0,0
1756703762,1348,0.0,0.0,-0.05,0.0,0.0,0.0,0.0,0.0,0,0,0
1756703762,1349,0.0,0.0,-0.05,0.0,0.0,0.0,0.0,0.0,0,0,0
1756703762,1350,0.02,0.0,-0.01,0.0,0.0,0.0,0.0,0.0,0,0,0
1756703762,1351,0.0,0.0,-0.05,0.0,0.0,0.0,0.0,0.0,0,0,0
1756703762,1352,0.05,0.0,0.0,0.0,0.0,0.0,0.0,0.0,0,0,0
1756703762,1353,0.0,0.0,0.0,0.0,0.0,0.0,0.0,0.0,0,0,0
1756703762,1354,0.05,0.0,-0.05,0.0,0.0,0.0,0.0,0.0,0,0,0
1756703763,1355,0.0,0.0,0.0,0.0,0.0,0.0,0.0,0.0,0,0,0
1756703763,1356,0.0,0.0,0.0,0.0,0.0,0.0,0.0,0.0,0,0,0
1756703763,1357,0.01,0.0,0.0,0.0,0.0,0.0,0.0,0.0,0,0,0
1756703763,1358,0.0,0.0,0.01,0.0,0.0,0.0,0.0,0.0,0,0,0
1756703763,1359,0.03,0.0,-0.05,0.0,0.0,0.0,0.0,0.0,0,0,0
1756703763,1360,0.02,0.0,-0.02,0.0,0.0,0.0,0.0,0.0,0,0,0
1756703763,1361,0.0,0.0,-0.03,0.0,0.0,0.0,0.0,0.0,0,0,0
1756703763,1362,0.0,0.0,-0.02,0.0,0.0,0.0,0.0,0.0,0,0,0
1756703763,1363,0.05,0.0,-0.05,0.0,0.0,0.0,0.0,0.0,0,0,0
1756703763,1364,-0.03,0.0,0.01,0.0,0.0,0.0,0.0,0.0,0,0,0
1756703763,1365,0.02,0.0,0.0,0.0,0.0,0.0,0.0,0.0,0,0,0
1756703763,1366,-0.01,0.0,-0.02,0.0,0.0,0.0,0.0,0.0,0,0,0
1756703763,1367,0.01,0.0,0.0,0.0,0.0,0.0,0.0,0.0,0,0,0
1756703763,1368,0.0,0.0,-0.07,0.0,0.0,0.0,0.0,0.0,0,0,0
1756703763,1369,0.02,0.0,-0.03,0.0,0.0,0.0,0.0,0.0,0,0,0
1756703763,1370,0.01,0.0,0.0,0.0,0.0,0.0,0.0,0.0,0,0,0
1756703763,1371,0.0,0.0,0.0,0.0,0.0,0.0,0.0,0.0,0,0,0
1756703763,1372,0.0,0.0,0.0,0.0,0.0,0.0,0.0,0.0,0,0,0
1756703763,1373,0.01,0.0,0.0,0.0,0.0,0.0,0.0,0.0,0,0,0
1756703763,1374,0.0,0.0,-0.07,0.0,0.0,0.0,0.0,0.0,0,0,0
1756703763,1375,0.0,0.0,-0.02,0.0,0.0,0.0,0.0,0.0,0,0,0
1756703763,1376,-0.02,0.0,0.02,0.0,0.0,0.0,0.0,0.0,0,0,0
1756703763,1377,0.02,0.0,-0.03,0.0,0.0,0.0,0.0,0.0,0,0,0
1756703763,1378,0.03,0.0,-0.03,0.0,0.0,0.0,0.0,0.0,0,0,0
1756703763,1379,0.09,0.0,-0.05,0.0,0.0,0.0,0.0,0.0,0,0,0
1756703763,1380,-0.05,0.0,-0.05,0.0,0.0,0.0,0.0,0.0,0,0,0
1756703763,1381,0.0,0.0,-0.03,0.0,0.0,0.0,0.0,0.0,0,0,0
1756703763,1382,-0.02,0.0,0.01,0.0,0.0,0.0,0.0,0.0,0,0,0
1756703763,1383,0.05,0.0,0.0,0.0,0.0,0.0,0.0,0.0,0,0,0
1756703763,1384,0.07,0.0,-0.01,0.0,0.0,0.0,0.0,0.0,0,0,0
1756703763,1385,0.03,0.0,-0.03,0.0,0.0,0.0,0.0,0.0,0,0,0
1756703763,1386,0.0,0.0,-0.02,0.0,0.0,0.0,0.0,0.0,0,0,0
1756703763,1387,0.01,0.0,-0.03,0.0,0.0,0.0,0.0,0.0,0,0,0
1756703763,1388,0.0,0.0,0.0,0.0,0.0,0.0,0.0,0.0,0,0,0
1756703763,1389,0.0,0.0,0.0,0.0,0.0,0.0,0.0,0.0,0,0,0
1756703763,1390,0.0,0.0,-0.03,0.0,0.0,0.0,0.0,0.0,0,0,0
1756703763,1391,0.0,0.0,-0.01,0.0,0.0,0.0,0.0,0.0,0,0,0
1756703763,1392,0.0,0.0,0.0,0.0,0.0,0.0,0.0,0.0,0,0,0
1756703763,1393,0.0,0.0,-0.05,0.0,0.0,0.0,0.0,0.0,0,0,0
1756703763,1394,0.0,0.0,0.0,0.0,0.0,0.0,0.0,0.0,0,0,0
1756703763,1395,0.07,0.0,0.0,0.0,0.0,0.0,0.0,0.0,0,0,0
1756703763,1396,0.05,0.0,-0.03,0.0,0.0,0.0,0.0,0.0,0,0,0
1756703763,1397,0.0,0.0,-0.01,0.0,0.0,0.0,0.0,0.0,0,0,0
1756703763,1398,0.0,0.0,0.0,0.0,0.0,0.0,0.0,0.0,0,0,0
1756703763,1399,0.01,0.0,0.0,0.0,0.0,0.0,0.0,0.0,0,0,0
1756703763,1400,-0.02,0.0,-0.03,0.0,0.0,0.0,0.0,0.0,0,0,0
1756703763,1401,0.05,0.0,0.0,0.0,0.0,0.0,0.0,0.0,0,0,0
1756703763,1402,0.02,0.0,-0.03,0.0,0.0,0.0,0.0,0.0,0,0,0
1756703763,1403,0.02,0.0,-0.03,0.0,0.0,0.0,0.0,0.0,0,0,0
1756703763,1404,-0.02,0.0,0.0,0.0,0.0,0.0,0.0,0.0,0,0,0
1756703763,1405,0.02,0.0,-0.01,0.0,0.0,0.0,0.0,0.0,0,0,0
1756703763,1406,0.0,0.0,-0.09,0.0,0.0,0.0,0.0,0.0,0,0,0
1756703763,1407,0.03,0.0,-0.02,0.0,0.0,0.0,0.0,0.0,0,0,0
1756703763,1408,0.0,0.0,-0.01,0.0,0.0,0.0,0.0,0.0,0,0,0
1756703763,1409,0.03,0.0,-0.01,0.0,0.0,0.0,0.0,0.0,0,0,0
1756703763,1410,0.01,0.0,-0.01,0.0,0.0,0.0,0.0,0.0,0,0,0
1756703763,1411,0.01,0.0,0.0,0.0,0.0,0.0,0.0,0.0,0,0,0
1756703763,1412,0.0,0.0,0.0,0.0,0.0,0.0,0.0,0.0,0,0,0
1756703763,1413,0.03,0.0,0.0,0.0,0.0,0.0,0.0,0.0,0,0,0
1756703763,1414,0.05,0.0,-0.03,0.0,0.0,0.0,0.0,0.0,0,0,0
1756703763,1415,0.0,0.0,-0.07,0.0,0.0,0.0,0.0,0.0,0,0,0
1756703763,1416,0.0,0.0,-0.02,0.0,0.0,0.0,0.0,0.0,0,0,0
1756703763,1417,0.05,0.0,0.0,0.0,0.0,0.0,0.0,0.0,0,0,0
1756703763,1418,0.07,0.0,0.0,0.0,0.0,0.0,0.0,0.0,0,0,0
1756703763,1419,-0.05,0.0,0.0,0.0,0.0,0.0,0.0,0.0,0,0,0
1756703764,1420,0.0,0.0,-0.01,0.0,0.0,0.0,0.0,0.0,0,0,0
1756703764,1421,0.0,0.0,0.0,0.0,0.0,0.0,0.0,0.0,0,0,0
1756703764,1422,0.07,0.0,-0.03,0.0,0.0,0.0,0.0,0.0,0,0,0
1756703764,1423,0.0,0.0,0.0,0.0,0.0,0.0,0.0,0.0,0,0,0
1756703764,1424,0.0,0.0,-0.01,0.0,0.0,0.0,0.0,0.0,0,0,0
1756703764,1425,-0.07,0.0,-0.05,0.0,0.0,0.0,0.0,0.0,0,0,0
1756703764,1426,0.0,0.0,0.0,0.0,0.0,0.0,0.0,0.0,0,0,0
1756703764,1427,0.02,0.0,-0.01,0.0,0.0,0.0,0.0,0.0,0,0,0
1756703764,1428,0.0,0.0,-0.01,0.0,0.0,0.0,0.0,0.0,0,0,0
1756703764,1429,0.09,0.0,0.0,0.0,0.0,0.0,0.0,0.0,0,0,0
1756703764,1430,0.05,0.0,0.0,0.0,0.0,0.0,0.0,0.0,0,0,0
1756703764,1431,0.0,0.0,-0.05,0.0,0.0,0.0,0.0,0.0,0,0,0
1756703764,1432,0.0,0.0,-0.01,0.0,0.0,0.0,0.0,0.0,0,0,0
1756703764,1433,0.0,0.0,-0.02,0.0,0.0,0.0,0.0,0.0,0,0,0
1756703764,1434,-0.03,0.0,-0.01,0.0,0.0,0.0,0.0,0.0,0,0,0
1756703764,1435,0.01,0.0,0.0,0.0,0.0,0.0,0.0,0.0,0,0,0
1756703764,1436,0.03,0.0,0.0,0.0,0.0,0.0,0.0,0.0,0,0,0
1756703764,1437,-0.05,0.0,-0.02,0.0,0.0,0.0,0.0,0.0,0,0,0
1756703764,1438,0.02,0.0,0.07,0.0,0.0,0.0,0.0,0.0,0,0,0
1756703764,1439,-0.01,0.0,-0.03,0.0,0.0,0.0,0.0,0.0,0,0,0
1756703764,1440,0.07,0.0,-0.05,0.0,0.0,0.0,0.0,0.0,0,0,0
1756703764,1441,0.05,0.0,0.0,0.0,0.0,0.0,0.0,0.0,0,0,0
1756703764,1442,0.03,0.0,-0.01,0.0,0.0,0.0,0.0,0.0,0,0,0
1756703764,1443,0.01,0.0,0.0,0.0,0.0,0.0,0.0,0.0,0,0,0
1756703764,1444,0.0,0.0,-0.02,0.0,0.0,0.0,0.0,0.0,0,0,0
1756703764,1445,0.02,0.0,-0.03,0.0,0.0,0.0,0.0,0.0,0,0,0
1756703764,1446,-0.02,0.0,-0.03,0.0,0.0,0.0,0.0,0.0,0,0,0
1756703764,1447,0.0,0.0,-0.02,0.0,0.0,0.0,0.0,0.0,0,0,0
1756703764,1448,0.0,0.0,-0.01,0.0,0.0,0.0,0.0,0.0,0,0,0
1756703764,1449,0.01,0.0,0.0,0.0,0.0,0.0,0.0,0.0,0,0,0
1756703764,1450,0.0,0.0,-0.02,0.0,0.0,0.0,0.0,0.0,0,0,0
1756703764,1451,0.02,0.0,-0.05,0.0,0.0,0.0,0.0,0.0,0,0,0
1756703764,1452,-0.01,0.0,-0.02,0.0,0.0,0.0,0.0,0.0,0,0,0
1756703764,1453,0.05,0.0,0.03,0.0,0.0,0.0,0.0,0.0,0,0,0
1756703764,1454,-0.02,0.0,0.0,0.0,0.0,0.0,0.0,0.0,0,0,0
1756703764,1455,0.0,0.0,-0.03,0.0,0.0,0.0,0.0,0.0,0,0,0
1756703764,1456,0.0,0.0,-0.1,0.0,0.0,0.0,0.0,0.0,0,0,0
1756703764,1457,0.05,0.0,0.0,0.0,0.0,0.0,0.0,0.0,0,0,0
1756703764,1458,0.0,0.0,-0.03,0.0,0.0,0.0,0.0,0.0,0,0,0
1756703764,1459,0.07,0.0,0.0,0.0,0.0,0.0,0.0,0.0,0,0,0
1756703764,1460,0.0,0.0,0.0,0.0,0.0,0.0,0.0,0.0,0,0,0
1756703764,1461,0.02,0.0,-0.01,0.0,0.0,0.0,0.0,0.0,0,0,0
1756703764,1462,0.0,0.0,0.0,0.0,0.0,0.0,0.0,0.0,0,0,0
1756703764,1463,0.0,0.0,-0.03,0.0,0.0,0.0,0.0,0.0,0,0,0
1756703764,1464,0.0,0.0,-0.03,0.0,0.0,0.0,0.0,0.0,0,0,0
1756703764,1465,0.0,0.0,-0.03,0.0,0.0,0.0,0.0,0.0,0,0,0
1756703764,1466,0.0,0.0,0.0,0.0,0.0,0.0,0.0,0.0,0,0,0
1756703764,1467,0.1,0.0,0.0,0.0,0.0,0.0,0.0,0.0,0,0,0
1756703764,1468,0.05,0.0,-0.01,0.0,0.0,0.0,0.0,0.0,0,0,0
1756703764,1469,-0.01,0.0,0.0,0.0,0.0,0.0,0.0,0.0,0,0,0
1756703764,1470,0.0,0.0,0.0,0.0,0.0,0.0,0.0,0.0,0,0,0
1756703764,1471,0.0,0.0,0.02,0.0,0.0,0.0,0.0,0.0,0,0,0
1756703764,1472,0.0,0.0,-0.01,0.0,0.0,0.0,0.0,0.0,0,0,0
1756703764,1473,0.02,0.0,-0.03,0.0,0.0,0.0,0.0,0.0,0,0,0
1756703764,1474,0.03,0.0,-0.03,0.0,0.0,0.0,0.0,0.0,0,0,0
1756703764,1475,0.02,0.0,-0.03,0.0,0.0,0.0,0.0,0.0,0,0,0
1756703764,1476,0.03,0.0,0.0,0.0,0.0,0.0,0.0,0.0,0,0,0
1756703764,1477,0.02,0.0,-0.02,0.0,0.0,0.0,0.0,0.0,0,0,0
1756703764,1478,0.1,0.0,-0.02,0.0,0.0,0.0,0.0,0.0,0,0,0
1756703764,1479,0.0,0.0,-0.05,0.0,0.0,0.0,0.0,0.0,0,0,0
1756703764,1480,0.07,0.0,-0.02,0.0,0.0,0.0,0.0,0.0,0,0,0
1756703764,1481,0.0,0.0,-0.03,0.0,0.0,0.0,0.0,0.0,0,0,0
1756703764,1482,0.01,0.0,0.05,0.0,0.0,0.0,0.0,0.0,0,0,0
1756703764,1483,0.0,0.0,0.02,0.0,0.0,0.0,0.0,0.0,0,0,0
1756703764,1484,0.0,0.0,0.0,0.0,0.0,0.0,0.0,0.0,0,0,0
1756703765,1485,0.07,0.0,0.0,0.0,0.0,0.0,0.0,0.0,0,0,0
1756703765,1486,0.05,0.0,-0.05,0.0,0.0,0.0,0.0,0.0,0,0,0
1756703765,1487,0.0,0.0,-0.03,0.0,0.0,0.0,0.0,0.0,0,0,0
1756703765,1488,0.07,0.0,-0.02,0.0,0.0,0.0,0.0,0.0,0,0,0
1756703765,1489,0.11,0.0,0.0,0.0,0.0,0.0,0.0,0.0,0,0,0
1756703765,1490,0.0,0.0,-0.03,0.0,0.0,0.0,0.0,0.0,0,0,0
1756703765,1491,0.0,0.0,-0.07,0.0,0.0,0.0,0.0,0.0,0,0,0
1756703765,1492,0.01,0.0,-0.01,0.0,0.0,0.0,0.0,0.0,0,0,0
1756703765,1493,0.01,0.0,0.01,0.0,0.0,0.0,0.0,0.0,0,0,0
1756703765,1494,-0.01,0.0,-0.01,0.0,0.0,0.0,0.0,0.0,0,0,0
1756703765,1495,0.05,0.0,0.0,0.0,0.0,0.0,0.0,0.0,0,0,0
1756703765,1496,0.0,0.0,0.0,0.0,0.0,0.0,0.0,0.0,0,0,0
1756703765,1497,0.02,0.0,-0.05,0.0,0.0,0.0,0.0,0.0,0,0,0
1756703765,1498,0.0,0.0,-0.05,0.0,0.0,0.0,0.0,0.0,0,0,0
1756703765,1499,0.0,0.0,0.0,0.0,0.0,0.0,0.0,0.0,0,0,0
1756703765,1500,0.0,0.0,0.0,0.0,0.0,0.0,0.0,0.0,0,0,0
1756703765,1501,0.0,0.0,-0.05,0.0,0.0,0.0,0.0,0.0,0,0,0
1756703765,1502,0.05,0.0,-0.01,0.0,0.0,0.0,0.0,0.0,0,0,0
1756703765,1503,0.0,0.0,-0.07,0.0,0.0,0.0,0.0,0.0,0,0,0
1756703765,1504,0.02,0.0,-0.1,0.0,0.0,0.0,0.0,0.0,0,0,0
1756703765,1505,0.0,0.0,-0.01,0.0,0.0,0.0,0.0,0.0,0,0,0
1756703765,1506,0.0,0.0,-0.05,0.0,0.0,0.0,0.0,0.0,0,0,0
1756703765,1507,0.0,0.0,-0.02,0.0,0.0,0.0,0.0,0.0,0,0,0
1756703765,1508,0.0,0.0,0.0,0.0,0.0,0.0,0.0,0.0,0,0,0
1756703765,1509,-0.02,0.0,0.0,0.0,0.0,0.0,0.0,0.0,0,0,0
1756703765,1510,-0.02,0.0,-0.01,0.0,0.0,0.0,0.0,0.0,0,0,0
1756703765,1511,0.0,0.0,-0.02,0.0,0.0,0.0,0.0,0.0,0,0,0
1756703765,1512,0.07,0.0,0.0,0.0,0.0,0.0,0.0,0.0,0,0,0
1756703765,1513,-0.02,0.0,-0.01,0.0,0.0,0.0,0.0,0.0,0,0,0
1756703765,1514,0.0,0.0,0.0,0.0,0.0,0.0,0.0,0.0,0,0,0
1756703765,1515,0.0,0.0,0.03,0.0,0.0,0.0,0.0,0.0,0,0,0
1756703765,1516,0.0,0.0,-0.05,0.0,0.0,0.0,0.0,0.0,0,0,0
1756703765,1517,0.0,0.0,-0.02,0.0,0.0,0.0,0.0,0.0,0,0,0
1756703765,1518,0.03,0.0,-0.01,0.0,0.0,0.0,0.0,0.0,0,0,0
1756703765,1519,0.05,0.0,0.0,0.0,0.0,0.0,0.0,0.0,0,0,0
1756703765,1520,0.03,0.0,-0.02,0.0,0.0,0.0,0.0,0.0,0,0,0
1756703765,1521,-0.05,0.0,0.0,0.0,0.0,0.0,0.0,0.0,0,0,0
1756703765,1522,0.0,0.0,0.0,0.0,0.0,0.0,0.0,0.0,0,0,0
1756703765,1523,0.01,0.0,-0.05,0.0,0.0,0.0,0.0,0.0,0,0,0
1756703765,1524,0.05,0.0,0.0,0.0,0.0,0.0,0.0,0.0,0,0,0
1756703765,1525,0.07,0.0,-0.02,0.0,0.0,0.0,0.0,0.0,0,0,0
1756703765,1526,0.03,0.0,0.0,0.0,0.0,0.0,0.0,0.0,0,0,0
1756703765,1527,0.02,0.0,0.0,0.0,0.0,0.0,0.0,0.0,0,0,0
1756703765,1528,0.01,0.0,-0.01,0.0,0.0,0.0,0.0,0.0,0,0,0
1756703765,1529,0.0,0.0,-0.02,0.0,0.0,0.0,0.0,0.0,0,0,0
1756703765,1530,0.05,0.0,-0.02,0.0,0.0,0.0,0.0,0.0,0,0,0
1756703765,1531,0.03,0.0,0.0,0.0,0.0,0.0,0.0,0.0,0,0,0
1756703765,1532,0.0,0.0,-0.05,0.0,0.0,0.0,0.0,0.0,0,0,0
1756703765,1533,0.0,0.0,-0.01,0.0,0.0,0.0,0.0,0.0,0,0,0
1756703765,1534,0.0,0.0,-0.03,0.0,0.0,0.0,0.0,0.0,0,0,0
1756703765,1535,0.0,0.0,0.0,0.0,0.0,0.0,0.0,0.0,0,0,0
1756703765,1536,0.02,0.0,0.03,0.0,0.0,0.0,0.0,0.0,0,0,0
1756703765,1537,-0.1,0.0,-0.05,0.0,0.0,0.0,0.0,0.0,0,0,0
1756703765,1538,0.0,0.0,0.0,0.0,0.0,0.0,0.0,0.0,0,0,0
1756703765,1539,0.03,0.0,0.0,0.0,0.0,0.0,0.0,0.0,0,0,0
1756703765,1540,0.14,0.0,-0.02,0.0,0.0,0.0,0.0,0.0,0,0,0
1756703765,1541,0.0,0.0,0.0,0.0,0.0,0.0,0.0,0.0,0,0,0
1756703765,1542,0.0,0.0,0.0,0.0,0.0,0.0,0.0,0.0,0,0,0
1756703765,1543,-0.01,0.0,0.0,0.0,0.0,0.0,0.0,0.0,0,0,0
1756703765,1544,0.0,0.0,0.0,0.0,0.0,0.0,0.0,0.0,0,0,0
1756703765,1545,0.0,0.0,0.0,0.0,0.0,0.0,0.0,0.0,0,0,0
1756703765,1546,0.11,0.0,0.0,0.0,0.0,0.0,0.0,0.0,0,0,0
1756703766,1547,0.02,0.0,-0.07,0.0,0.0,0.0,0.0,0.0,0,0,0
1756703766,1548,0.05,0.0,0.0,0.0,0.0,0.0,0.0,0.0,0,0,0
1756703766,1549,0.0,0.0,0.0,0.0,0.0,0.0,0.0,0.0,0,0,0
1756703766,1550,-0.1,0.0,0.0,0.0,0.0,0.0,0.0,0.0,0,0,0
1756703766,1551,0.01,0.0,-0.01,0.0,0.0,0.0,0.0,0.0,0,0,0
1756703766,1552,0.01,0.0,0.0,0.0,0.0,0.0,0.0,0.0,0,0,0
1756703766,1553,-0.05,0.0,0.0,0.0,0.0,0.0,0.0,0.0,0,0,0
1756703766,1554,0.03,0.0,0.1,0.0,0.0,0.0,0.0,0.0,0,0,0
1756703766,1555,0.0,0.0,0.0,0.0,0.0,0.0,0.0,0.0,0,0,0
1756703766,1556,0.01,0.0,-0.02,0.0,0.0,0.0,0.0,0.0,0,0,0
1756703766,1557,0.01,0.0,-0.05,0.0,0.0,0.0,0.0,0.0,0,0,0
1756703766,1558,0.0,0.0,-0.05,0.0,0.0,0.0,0.0,0.0,0,0,0
1756703766,1559,0.02,0.0,-0.07,0.0,0.0,0.0,0.0,0.0,0,0,0
1756703766,1560,0.02,0.0,-0.03,0.0,0.0,0.0,0.0,0.0,0,0,0
1756703766,1561,0.15,0.0,-0.03,0.0,0.0,0.0,0.0,0.0,0,0,0
1756703766,1562,-0.05,0.0,-0.03,0.0,0.0,0.0,0.0,0.0,0,0,0
1756703766,1563,0.0,0.0,-0.02,0.0,0.0,0.0,0.0,0.0,0,0,0
1756703766,1564,-0.05,0.0,-0.02,0.0,0.0,0.0,0.0,0.0,0,0,0
1756703766,1565,0.0,0.0,-0.03,0.0,0.0,0.0,0.0,0.0,0,0,0
1756703766,1566,-0.07,0.0,0.0,0.0,0.0,0.0,0.0,0.0,0,0,0
1756703766,1567,0.0,0.0,-0.05,0.0,0.0,0.0,0.0,0.0,0,0,0
1756703766,1568,0.01,0.0,-0.03,0.0,0.0,0.0,0.0,0.0,0,0,0
1756703766,1569,0.03,0.0,-0.02,0.0,0.0,0.0,0.0,0.0,0,0,0
1756703766,1570,0.0,0.0,-0.01,0.0,0.0,0.0,0.0,0.0,0,0,0
1756703766,1571,0.05,0.0,-0.05,0.0,0.0,0.0,0.0,0.0,0,0,0
1756703766,1572,0.0,0.0,-0.03,0.0,0.0,0.0,0.0,0.0,0,0,0
1756703766,1573,0.07,0.0,-0.05,0.0,0.0,0.0,0.0,0.0,0,0,0
1756703766,1574,0.03,0.0,-0.05,0.0,0.0,0.0,0.0,0.0,0,0,0
1756703766,1575,-0.01,0.0,-0.02,0.0,0.0,0.0,0.0,0.0,0,0,0
1756703766,1576,0.0,0.0,-0.05,0.0,0.0,0.0,0.0,0.0,0,0,0
1756703766,1577,0.03,0.0,-0.05,0.0,0.0,0.0,0.0,0.0,0,0,0
1756703766,1578,0.01,0.0,0.0,0.0,0.0,0.0,0.0,0.0,0,0,0
1756703766,1579,0.03,0.0,0.0,0.0,0.0,0.0,0.0,0.0,0,0,0
1756703766,1580,0.0,0.0,-0.07,0.0,0.0,0.0,0.0,0.0,0,0,0
1756703766,1581,0.02,0.0,0.0,0.0,0.0,0.0,0.0,0.0,0,0,0
1756703766,1582,0.0,0.0,0.0,0.0,0.0,0.0,0.0,0.0,0,0,0
1756703766,1583,0.05,0.0,-0.01,0.0,0.0,0.0,0.0,0.0,0,0,0
1756703766,1584,0.0,0.0,0.0,0.0,0.0,0.0,0.0,0.0,0,0,0
1756703766,1585,0.09,0.0,0.0,0.0,0.0,0.0,0.0,0.0,0,0,0
1756703766,1586,0.03,0.0,-0.01,0.0,0.0,0.0,0.0,0.0,0,0,0
1756703766,1587,0.0,0.0,-0.01,0.0,0.0,0.0,0.0,0.0,0,0,0
1756703766,1588,0.0,0.0,-0.07,0.0,0.0,0.0,0.0,0.0,0,0,0
1756703766,1589,0.0,0.0,-0.03,0.0,0.0,0.0,0.0,0.0,0,0,0
1756703766,1590,-0.01,0.0,0.1,0.0,0.0,0.0,0.0,0.0,0,0,0
1756703766,1591,0.0,0.0,0.0,0.0,0.0,0.0,0.0,0.0,0,0,0
1756703766,1592,0.0,0.0,0.0,0.0,0.0,0.0,0.0,0.0,0,0,0
1756703766,1593,0.0,0.0,-0.03,0.0,0.0,0.0,0.0,0.0,0,0,0
1756703766,1594,0.0,0.0,0.0,0.0,0.0,0.0,0.0,0.0,0,0,0
1756703766,1595,0.03,0.0,-0.07,0.0,0.0,0.0,0.0,0.0,0,0,0
1756703766,1596,0.0,0.0,-0.05,0.0,0.0,0.0,0.0,0.0,0,0,0
1756703766,1597,-0.01,0.0,0.0,0.0,0.0,0.0,0.0,0.0,0,0,0
1756703766,1598,-0.01,0.0,0.0,0.0,0.0,0.0,0.0,0.0,0,0,0
1756703766,1599,0.01,0.0,-0.05,0.0,0.0,0.0,0.0,0.0,0,0,0
1756703766,1600,0.0,0.0,-0.07,0.0,0.0,0.0,0.0,0.0,0,0,0
1756703766,1601,0.03,0.0,-0.09,0.0,0.0,0.0,0.0,0.0,0,0,0
1756703766,1602,0.0,0.0,-0.02,0.0,0.0,0.0,0.0,0.0,0,0,0
1756703766,1603,0.0,0.0,-0.02,0.0,0.0,0.0,0.0,0.0,0,0,0
1756703766,1604,0.0,0.0,-0.03,0.0,0.0,0.0,0.0,0.0,0,0,0
1756703766,1605,0.02,0.0,-0.03,0.0,0.0,0.0,0.0,0.0,0,0,0
1756703766,1606,0.02,0.0,-0.01,0.0,0.0,0.0,0.0,0.0,0,0,0
1756703766,1607,0.0,0.0,-0.05,0.0,0.0,0.0,0.0,0.0,0,0,0
1756703766,1608,0.0,0.0,-0.03,0.0,0.0,0.0,0.0,0.0,0,0,0
1756703766,1609,0.05,0.0,-0.01,0.0,0.0,0.0,0.0,0.0,0,0,0
1756703766,1610,0.07,0.0,-0.03,0.0,0.0,0.0,0.0,0.0,0,0,0
1756703766,1611,0.0,0.0,-0.05,0.0,0.0,0.0,0.0,0.0,0,0,0
1756703766,1612,0.0,0.0,-0.01,0.0,0.0,0.0,0.0,0.0,0,0,0
1756703766,1613,0.05,0.0,0.0,0.0,0.0,0.0,0.0,0.0,0,0,0
1756703766,1614,0.01,0.0,-0.05,0.0,0.0,0.0,0.0,0.0,0,0,0
1756703766,1615,0.0,0.0,0.0,0.0,0.0,0.0,0.0,0.0,0,0,0
1756703766,1616,0.0,0.0,0.0,0.0,0.0,0.0,0.0,0.0,0,0,0
1756703766,1617,0.0,0.0,0.0,0.0,0.0,0.0,0.0,0.0,0,0,0
1756703766,1618,-0.01,0.0,0.0,0.0,0.0,0.0,0.0,0.0,0,0,0
1756703767,1619,0.0,0.0,-0.01,0.0,0.0,0.0,0.0,0.0,0,0,0
1756703767,1620,0.0,0.0,0.0,0.0,0.0,0.0,0.0,0.0,0,0,0
1756703767,1621,-0.03,0.0,-0.05,0.0,0.0,0.0,0.0,0.0,0,0,0
1756703767,1622,0.07,0.0,-0.03,0.0,0.0,0.0,0.0,0.0,0,0,0
1756703767,1623,0.0,0.0,0.0,0.0,0.0,0.0,0.0,0.0,0,0,0
1756703767,1624,0.01,0.0,0.0,0.0,0.0,0.0,0.0,0.0,0,0,0
1756703767,1625,0.0,0.0,-0.05,0.0,0.0,0.0,0.0,0.0,0,0,0
1756703767,1626,0.0,0.0,-0.05,0.0,0.0,0.0,0.0,0.0,0,0,0
1756703767,1627,0.0,0.0,-0.02,0.0,0.0,0.0,0.0,0.0,0,0,0
1756703767,1628,0.0,0.0,-0.02,0.0,0.0,0.0,0.0,0.0,0,0,0
1756703767,1629,0.0,0.0,-0.02,0.0,0.0,0.0,0.0,0.0,0,0,0
1756703767,1630,-0.01,0.0,0.0,0.0,0.0,0.0,0.0,0.0,0,0,0
1756703767,1631,0.02,0.0,-0.03,0.0,0.0,0.0,0.0,0.0,0,0,0
1756703767,1632,0.07,0.0,0.0,0.0,0.0,0.0,0.0,0.0,0,0,0
1756703767,1633,-0.01,0.0,-0.02,0.0,0.0,0.0,0.0,0.0,0,0,0
1756703767,1634,0.05,0.0,0.0,0.0,0.0,0.0,0.0,0.0,0,0,0
1756703767,1635,0.03,0.0,-0.01,0.0,0.0,0.0,0.0,0.0,0,0,0
1756703767,1636,0.03,0.0,-0.02,0.0,0.0,0.0,0.0,0.0,0,0,0
1756703767,1637,0.02,0.0,-0.02,0.0,0.0,0.0,0.0,0.0,0,0,0
1756703767,1638,0.0,0.0,0.0,0.0,0.0,0.0,0.0,0.0,0,0,0
1756703767,1639,0.0,0.0,-0.01,0.0,0.0,0.0,0.0,0.0,0,0,0
1756703767,1640,0.0,0.0,-0.01,0.0,0.0,0.0,0.0,0.0,0,0,0
1756703767,1641,0.02,0.0,-0.05,0.0,0.0,0.0,0.0,0.0,0,0,0
1756703767,1642,-0.03,0.0,0.0,0.0,0.0,0.0,0.0,0.0,0,0,0
1756703767,1643,0.07,0.0,0.02,0.0,0.0,0.0,0.0,0.0,0,0,0
1756703767,1644,0.03,0.0,-0.1,0.0,0.0,0.0,0.0,0.0,0,0,0
1756703767,1645,-0.02,0.0,-0.03,0.0,0.0,0.0,0.0,0.0,0,0,0
1756703767,1646,0.0,0.0,-0.03,0.0,0.0,0.0,0.0,0.0,0,0,0
1756703767,1647,0.02,0.0,-0.02,0.0,0.0,0.0,0.0,0.0,0,0,0
1756703767,1648,0.0,0.0,0.0,0.0,0.0,0.0,0.0,0.0,0,0,0
1756703767,1649,0.0,0.0,-0.03,0.0,0.0,0.0,0.0,0.0,0,0,0
1756703767,1650,0.0,0.0,-0.02,0.0,0.0,0.0,0.0,0.0,0,0,0
1756703767,1651,-0.01,0.0,0.0,0.0,0.0,0.0,0.0,0.0,0,0,0
1756703767,1652,0.03,0.0,-0.05,0.0,0.0,0.0,0.0,0.0,0,0,0
1756703767,1653,0.03,0.0,-0.07,0.0,0.0,0.0,0.0,0.0,0,0,0
1756703767,1654,0.0,0.0,0.0,0.0,0.0,0.0,0.0,0.0,0,0,0
1756703767,1655,0.0,0.0,0.0,0.0,0.0,0.0,0.0,0.0,0,0,0
1756703767,1656,-0.05,0.0,-0.01,0.0,0.0,0.0,0.0,0.0,0,0,0
1756703767,1657,0.02,0.0,-0.02,0.0,0.0,0.0,0.0,0.0,0,0,0
1756703767,1658,0.0,0.0,-0.05,0.0,0.0,0.0,0.0,0.0,0,0,0
1756703767,1659,0.0,0.0,0.0,0.0,0.0,0.0,0.0,0.0,0,0,0
1756703767,1660,0.0,0.0,0.0,0.0,0.0,0.0,0.0,0.0,0,0,0
1756703767,1661,0.0,0.0,-0.03,0.0,0.0,0.0,0.0,0.0,0,0,0
1756703767,1662,0.03,0.0,-0.01,0.0,0.0,0.0,0.0,0.0,0,0,0
1756703767,1663,0.02,0.0,-0.03,0.0,0.0,0.0,0.0,0.0,0,0,0
1756703767,1664,0.0,0.0,-0.02,0.0,0.0,0.0,0.0,0.0,0,0,0
1756703767,1665,0.0,0.0,-0.02,0.0,0.0,0.0,0.0,0.0,0,0,0
1756703767,1666,0.03,0.0,-0.05,0.0,0.0,0.0,0.0,0.0,0,0,0
1756703767,1667,0.03,0.0,-0.05,0.0,0.0,0.0,0.0,0.0,0,0,0
1756703767,1668,0.02,0.0,0.0,0.0,0.0,0.0,0.0,0.0,0,0,0
1756703767,1669,-0.01,0.0,-0.02,0.0,0.0,0.0,0.0,0.0,0,0,0
1756703767,1670,0.07,0.0,-0.05,0.0,0.0,0.0,0.0,0.0,0,0,0
1756703767,1671,-0.01,0.0,-0.07,0.0,0.0,0.0,0.0,0.0,0,0,0
1756703767,1672,0.07,0.0,0.0,0.0,0.0,0.0,0.0,0.0,0,0,0
1756703767,1673,-0.01,0.0,0.0,0.0,0.0,0.0,0.0,0.0,0,0,0
1756703767,1674,-0.01,0.0,-0.02,0.0,0.0,0.0,0.0,0.0,0,0,0
1756703767,1675,0.05,0.0,0.0,0.0,0.0,0.0,0.0,0.0,0,0,0
1756703767,1676,0.14,0.0,-0.03,0.0,0.0,0.0,0.0,0.0,0,0,0
1756703767,1677,-0.01,0.0,-0.02,0.0,0.0,0.0,0.0,0.0,0,0,0
1756703767,1678,-0.07,0.0,-0.02,0.0,0.0,0.0,0.0,0.0,0,0,0
1756703767,1679,0.0,0.0,0.0,0.0,0.0,0.0,0.0,0.0,0,0,0
1756703767,1680,0.02,0.0,-0.03,0.0,0.0,0.0,0.0,0.0,0,0,0
1756703767,1681,0.05,0.0,0.0,0.0,0.0,0.0,0.0,0.0,0,0,0
1756703767,1682,-0.01,0.0,0.0,0.0,0.0,0.0,0.0,0.0,0,0,0
1756703767,1683,0.0,0.0,0.0,0.0,0.0,0.0,0.0,0.0,0,0,0
1756703768,1684,0.02,0.0,0.01,0.0,0.0,0.0,0.0,0.0,0,0,0
1756703768,1685,0.0,0.0,0.0,0.0,0.0,0.0,0.0,0.0,0,0,0
1756703768,1686,0.0,0.0,0.0,0.0,0.0,0.0,0.0,0.0,0,0,0
1756703768,1687,0.01,0.0,-0.05,0.0,0.0,0.0,0.0,0.0,0,0,0
1756703768,1688,0.0,0.0,-0.03,0.0,0.0,0.0,0.0,0.0,0,0,0
1756703768,1689,0.0,0.0,-0.05,0.0,0.0,0.0,0.0,0.0,0,0,0
1756703768,1690,0.05,0.0,0.0,0.0,0.0,0.0,0.0,0.0,0,0,0
1756703768,1691,0.0,0.0,-0.01,0.0,0.0,0.0,0.0,0.0,0,0,0
1756703768,1692,0.0,0.0,-0.02,0.0,0.0,0.0,0.0,0.0,0,0,0
1756703768,1693,0.05,0.0,-0.01,0.0,0.0,0.0,0.0,0.0,0,0,0
1756703768,1694,0.0,0.0,-0.03,0.0,0.0,0.0,0.0,0.0,0,0,0
1756703768,1695,0.0,0.0,-0.03,0.0,0.0,0.0,0.0,0.0,0,0,0
1756703768,1696,0.0,0.0,0.0,0.0,0.0,0.0,0.0,0.0,0,0,0
1756703768,1697,0.0,0.0,-0.01,0.0,0.0,0.0,0.0,0.0,0,0,0
1756703768,1698,0.01,0.0,-0.03,0.0,0.0,0.0,0.0,0.0,0,0,0
1756703768,1699,0.0,0.0,-0.02,0.0,0.0,0.0,0.0,0.0,0,0,0
1756703768,1700,0.0,0.0,-0.01,0.0,0.0,0.0,0.0,0.0,0,0,0
1756703768,1701,0.0,0.0,0.02,0.0,0.0,0.0,0.0,0.0,0,0,0
1756703768,1702,0.0,0.0,-0.05,0.0,0.0,0.0,0.0,0.0,0,0,0
1756703768,1703,0.02,0.0,-0.01,0.0,0.0,0.0,0.0,0.0,0,0,0
1756703768,1704,0.0,0.0,0.0,0.0,0.0,0.0,0.0,0.0,0,0,0
1756703768,1705,0.0,0.0,-0.02,0.0,0.0,0.0,0.0,0.0,0,0,0
1756703768,1706,0.02,0.0,0.0,0.0,0.0,0.0,0.0,0.0,0,0,0
1756703768,1707,0.05,0.0,-0.02,0.0,0.0,0.0,0.0,0.0,0,0,0
1756703768,1708,0.0,0.0,-0.01,0.0,0.0,0.0,0.0,0.0,0,0,0
1756703768,1709,0.01,0.0,0.0,0.0,0.0,0.0,0.0,0.0,0,0,0
1756703768,1710,0.02,0.0,-0.02,0.0,0.0,0.0,0.0,0.0,0,0,0
1756703768,1711,0.01,0.0,0.0,0.0,0.0,0.0,0.0,0.0,0,0,0
1756703768,1712,-0.03,0.0,0.0,0.0,0.0,0.0,0.0,0.0,0,0,0
1756703768,1713,-0.05,0.0,-0.09,0.0,0.0,0.0,0.0,0.0,0,0,0
1756703768,1714,-0.02,0.0,0.0,0.0,0.0,0.0,0.0,0.0,0,0,0
1756703768,1715,0.07,0.0,-0.05,0.0,0.0,0.0,0.0,0.0,0,0,0
1756703768,1716,0.0,0.0,-0.02,0.0,0.0,0.0,0.0,0.0,0,0,0
1756703768,1717,0.0,0.0,-0.02,0.0,0.0,0.0,0.0,0.0,0,0,0
1756703768,1718,0.03,0.0,-0.07,0.0,0.0,0.0,0.0,0.0,0,0,0
1756703768,1719,0.01,0.0,-0.05,0.0,0.0,0.0,0.0,0.0,0,0,0
1756703768,1720,0.0,0.0,-0.05,0.0,0.0,0.0,0.0,0.0,0,0,0
1756703768,1721,0.05,0.0,-0.05,0.0,0.0,0.0,0.0,0.0,0,0,0
1756703768,1722,0.01,0.0,-0.01,0.0,0.0,0.0,0.0,0.0,0,0,0
1756703768,1723,0.0,0.0,-0.03,0.0,0.0,0.0,0.0,0.0,0,0,0
1756703768,1724,0.02,0.0,0.0,0.0,0.0,0.0,0.0,0.0,0,0,0
1756703768,1725,0.0,0.0,0.0,0.0,0.0,0.0,0.0,0.0,0,0,0
1756703768,1726,0.09,0.0,0.0,0.0,0.0,0.0,0.0,0.0,0,0,0
1756703768,1727,0.01,0.0,-0.05,0.0,0.0,0.0,0.0,0.0,0,0,0
1756703768,1728,0.02,0.0,-0.01,0.0,0.0,0.0,0.0,0.0,0,0,0
1756703768,1729,0.0,0.0,0.0,0.0,0.0,0.0,0.0,0.0,0,0,0
1756703768,1730,-0.05,0.0,-0.02,0.0,0.0,0.0,0.0,0.0,0,0,0
1756703768,1731,0.03,0.0,-0.02,0.0,0.0,0.0,0.0,0.0,0,0,0
1756703768,1732,0.0,0.0,0.0,0.0,0.0,0.0,0.0,0.0,0,0,0
1756703768,1733,0.05,0.0,-0.02,0.0,0.0,0.0,0.0,0.0,0,0,0
1756703768,1734,0.05,0.0,0.0,0.0,0.0,0.0,0.0,0.0,0,0,0
1756703768,1735,0.05,0.0,-0.02,0.0,0.0,0.0,0.0,0.0,0,0,0
1756703768,1736,0.0,0.0,0.0,0.0,0.0,0.0,0.0,0.0,0,0,0
1756703768,1737,0.03,0.0,0.0,0.0,0.0,0.0,0.0,0.0,0,0,0
1756703768,1738,0.0,0.0,0.0,0.0,0.0,0.0,0.0,0.0,0,0,0
1756703768,1739,0.03,0.0,-0.01,0.0,0.0,0.0,0.0,0.0,0,0,0
1756703768,1740,0.0,0.0,-0.03,0.0,0.0,0.0,0.0,0.0,0,0,0
1756703768,1741,0.0,0.0,-0.05,0.0,0.0,0.0,0.0,0.0,0,0,0
1756703768,1742,0.0,0.0,-0.05,0.0,0.0,0.0,0.0,0.0,0,0,0
1756703768,1743,0.03,0.0,-0.02,0.0,0.0,0.0,0.0,0.0,0,0,0
1756703768,1744,0.02,0.0,0.0,0.0,0.0,0.0,0.0,0.0,0,0,0
1756703768,1745,0.01,0.0,0.0,0.0,0.0,0.0,0.0,0.0,0,0,0
1756703769,1746,0.0,0.0,0.0,0.0,0.0,0.0,0.0,0.0,0,0,0
1756703769,1747,0.0,0.0,-0.02,0.0,0.0,0.0,0.0,0.0,0,0,0
1756703769,1748,0.09,0.0,-0.07,0.0,0.0,0.0,0.0,0.0,0,0,0
1756703769,1749,0.07,0.0,0.0,0.0,0.0,0.0,0.0,0.0,0,0,0
1756703769,1750,0.02,0.0,-0.01,0.0,0.0,0.0,0.0,0.0,0,0,0
1756703769,1751,-0.07,0.0,-0.03,0.0,0.0,0.0,0.0,0.0,0,0,0
1756703769,1752,0.02,0.0,0.0,0.0,0.0,0.0,0.0,0.0,0,0,0
1756703769,1753,0.01,0.0,0.0,0.0,0.0,0.0,0.0,0.0,0,0,0
1756703769,1754,0.03,0.0,-0.01,0.0,0.0,0.0,0.0,0.0,0,0,0
1756703769,1755,0.05,0.0,-0.02,0.0,0.0,0.0,0.0,0.0,0,0,0
1756703769,1756,0.01,0.0,-0.02,0.0,0.0,0.0,0.0,0.0,0,0,0
1756703769,1757,0.0,0.0,-0.03,0.0,0.0,0.0,0.0,0.0,0,0,0
1756703769,1758,0.03,0.0,-0.01,0.0,0.0,0.0,0.0,0.0,0,0,0
1756703769,1759,0.05,0.0,-0.03,0.0,0.0,0.0,0.0,0.0,0,0,0
1756703769,1760,0.09,0.0,0.01,0.0,0.0,0.0,0.0,0.0,0,0,0
1756703769,1761,0.0,0.0,-0.05,0.0,0.0,0.0,0.0,0.0,0,0,0
1756703769,1762,0.01,0.0,-0.01,0.0,0.0,0.0,0.0,0.0,0,0,0
1756703769,1763,0.02,0.0,-0.05,0.0,0.0,0.0,0.0,0.0,0,0,0
1756703769,1764,0.0,0.0,0.0,0.0,0.0,0.0,0.0,0.0,0,0,0
1756703769,1765,0.02,0.0,-0.05,0.0,0.0,0.0,0.0,0.0,0,0,0
1756703769,1766,-0.02,0.0,-0.02,0.0,0.0,0.0,0.0,0.0,0,0,0
1756703769,1767,0.03,0.0,-0.01,0.0,0.0,0.0,0.0,0.0,0,0,0
1756703769,1768,-0.01,0.0,-0.01,0.0,0.0,0.0,0.0,0.0,0,0,0
1756703769,1769,0.02,0.0,0.0,0.0,0.0,0.0,0.0,0.0,0,0,0
1756703769,1770,0.0,0.0,0.0,0.0,0.0,0.0,0.0,0.0,0,0,0
1756703769,1771,0.0,0.0,0.0,0.0,0.0,0.0,0.0,0.0,0,0,0
1756703769,1772,0.02,0.0,0.0,0.0,0.0,0.0,0.0,0.0,0,0,0
1756703769,1773,0.0,0.0,-0.07,0.0,0.0,0.0,0.0,0.0,0,0,0
1756703769,1774,0.03,0.0,-0.01,0.0,0.0,0.0,0.0,0.0,0,0,0
1756703769,1775,0.03,0.0,0.0,0.0,0.0,0.0,0.0,0.0,0,0,0
1756703769,1776,0.05,0.0,0.0,0.0,0.0,0.0,0.0,0.0,0,0,0
1756703769,1777,0.0,0.0,-0.02,0.0,0.0,0.0,0.0,0.0,0,0,0
1756703769,1778,0.0,0.0,0.05,0.0,0.0,0.0,0.0,0.0,0,0,0
1756703769,1779,0.0,0.0,0.0,0.0,0.0,0.0,0.0,0.0,0,0,0
1756703769,1780,0.1,0.0,-0.01,0.0,0.0,0.0,0.0,0.0,0,0,0
1756703769,1781,0.02,0.0,0.0,0.0,0.0,0.0,0.0,0.0,0,0,0
1756703769,1782,0.05,0.0,0.0,0.0,0.0,0.0,0.0,0.0,0,0,0
1756703769,1783,0.02,0.0,0.0,0.0,0.0,0.0,0.0,0.0,0,0,0
1756703769,1784,0.01,0.0,-0.03,0.0,0.0,0.0,0.0,0.0,0,0,0
1756703769,1785,0.0,0.0,-0.05,0.0,0.0,0.0,0.0,0.0,0,0,0
1756703769,1786,0.0,0.0,-0.05,0.0,0.0,0.0,0.0,0.0,0,0,0
1756703769,1787,0.02,0.0,-0.01,0.0,0.0,0.0,0.0,0.0,0,0,0
1756703769,1788,0.02,0.0,-0.02,0.0,0.0,0.0,0.0,0.0,0,0,0
1756703769,1789,0.02,0.0,-0.05,0.0,0.0,0.0,0.0,0.0,0,0,0
1756703769,1790,0.01,0.0,-0.03,0.0,0.0,0.0,0.0,0.0,0,0,0
1756703769,1791,0.03,0.0,0.1,0.0,0.0,0.0,0.0,0.0,0,0,0
1756703769,1792,0.0,0.0,-0.02,0.0,0.0,0.0,0.0,0.0,0,0,0
1756703769,1793,0.03,0.0,0.0,0.0,0.0,0.0,0.0,0.0,0,0,0
1756703769,1794,0.0,0.0,0.0,0.0,0.0,0.0,0.0,0.0,0,0,0
1756703769,1795,-0.07,0.0,0.0,0.0,0.0,0.0,0.0,0.0,0,0,0
1756703769,1796,0.0,0.0,-0.01,0.0,0.0,0.0,0.0,0.0,0,0,0
1756703769,1797,0.0,0.0,0.0,0.0,0.0,0.0,0.0,0.0,0,0,0
1756703769,1798,-0.03,0.0,-0.02,0.0,0.0,0.0,0.0,0.0,0,0,0
1756703769,1799,-0.02,0.0,0.0,0.0,0.0,0.0,0.0,0.0,0,0,0
1756703769,1800,0.0,0.0,0.0,0.0,0.0,0.0,0.0,0.0,0,0,0
1756703769,1801,0.05,0.0,-0.02,0.0,0.0,0.0,0.0,0.0,0,0,0
1756703769,1802,-0.07,0.0,-0.07,0.0,0.0,0.0,0.0,0.0,0,0,0
1756703769,1803,0.0,0.0,-0.07,0.0,0.0,0.0,0.0,0.0,0,0,0
1756703769,1804,0.07,0.0,0.0,0.0,0.0,0.0,0.0,0.0,0,0,0
1756703769,1805,0.0,0.0,-0.01,0.0,0.0,0.0,0.0,0.0,0,0,0
1756703769,1806,0.01,0.0,0.01,0.0,0.0,0.0,0.0,0.0,0,0,0
1756703769,1807,0.0,0.0,-0.02,0.0,0.0,0.0,0.0,0.0,0,0,0
1756703769,1808,0.03,0.0,0.0,0.0,0.0,0.0,0.0,0.0,0,0,0
1756703769,1809,0.12,0.0,-0.02,0.0,0.0,0.0,0.0,0.0,0,0,0
1756703769,1810,0.0,0.0,-0.11,0.0,0.0,0.0,0.0,0.0,0,0,0
1756703769,1811,0.07,0.0,0.0,0.0,0.0,0.0,0.0,0.0,0,0,0
1756703770,1812,0.03,0.0,0.0,0.0,0.0,0.0,0.0,0.0,0,0,0
1756703770,1813,0.0,0.0,-0.01,0.0,0.0,0.0,0.0,0.0,0,0,0
1756703770,1814,0.03,0.0,-0.03,0.0,0.0,0.0,0.0,0.0,0,0,0
1756703770,1815,0.0,0.0,-0.07,0.0,0.0,0.0,0.0,0.0,0,0,0
1756703770,1816,-0.02,0.0,-0.02,0.0,0.0,0.0,0.0,0.0,0,0,0
1756703770,1817,0.01,0.0,-0.03,0.0,0.0,0.0,0.0,0.0,0,0,0
1756703770,1818,0.02,0.0,-0.03,0.0,0.0,0.0,0.0,0.0,0,0,0
1756703770,1819,0.0,0.0,-0.01,0.0,0.0,0.0,0.0,0.0,0,0,0
1756703770,1820,0.0,0.0,-0.02,0.0,0.0,0.0,0.0,0.0,0,0,0
1756703770,1821,0.05,0.0,-0.02,0.0,0.0,0.0,0.0,0.0,0,0,0
1756703770,1822,-0.02,0.0,0.0,0.0,0.0,0.0,0.0,0.0,0,0,0
1756703770,1823,0.0,0.0,-0.03,0.0,0.0,0.0,0.0,0.0,0,0,0
1756703770,1824,0.01,0.0,0.0,0.0,0.0,0.0,0.0,0.0,0,0,0
1756703770,1825,0.02,0.0,0.0,0.0,0.0,0.0,0.0,0.0,0,0,0
1756703770,1826,0.01,0.0,-0.02,0.0,0.0,0.0,0.0,0.0,0,0,0
1756703770,1827,0.01,0.0,-0.02,0.0,0.0,0.0,0.0,0.0,0,0,0
1756703770,1828,0.01,0.0,-0.05,0.0,0.0,0.0,0.0,0.0,0,0,0
1756703770,1829,0.03,0.0,-0.05,0.0,0.0,0.0,0.0,0.0,0,0,0
1756703770,1830,0.0,0.0,0.0,0.0,0.0,0.0,0.0,0.0,0,0,0
1756703770,1831,-0.03,0.0,-0.01,0.0,0.0,0.0,0.0,0.0,0,0,0
1756703770,1832,0.0,0.0,-0.02,0.0,0.0,0.0,0.0,0.0,0,0,0
1756703770,1833,0.02,0.0,-0.05,0.0,0.0,0.0,0.0,0.0,0,0,0
1756703770,1834,0.05,0.0,-0.02,0.0,0.0,0.0,0.0,0.0,0,0,0
1756703770,1835,0.01,0.0,-0.01,0.0,0.0,0.0,0.0,0.0,0,0,0
1756703770,1836,0.0,0.0,-0.02,0.0,0.0,0.0,0.0,0.0,0,0,0
1756703770,1837,0.05,0.0,0.0,0.0,0.0,0.0,0.0,0.0,0,0,0
1756703770,1838,0.01,0.0,-0.05,0.0,0.0,0.0,0.0,0.0,0,0,0
1756703770,1839,0.0,0.0,-0.02,0.0,0.0,0.0,0.0,0.0,0,0,0
1756703770,1840,0.02,0.0,-0.02,0.0,0.0,0.0,0.0,0.0,0,0,0
1756703770,1841,0.05,0.0,-0.05,0.0,0.0,0.0,0.0,0.0,0,0,0
1756703770,1842,0.0,0.0,-0.02,0.0,0.0,0.0,0.0,0.0,0,0,0
1756703770,1843,0.02,0.0,-0.02,0.0,0.0,0.0,0.0,0.0,0,0,0
1756703770,1844,-0.02,0.0,-0.09,0.0,0.0,0.0,0.0,0.0,0,0,0
1756703770,1845,0.03,0.0,-0.02,0.0,0.0,0.0,0.0,0.0,0,0,0
1756703770,1846,0.05,0.0,-0.01,0.0,0.0,0.0,0.0,0.0,0,0,0
1756703770,1847,0.0,0.0,-0.02,0.0,0.0,0.0,0.0,0.0,0,0,0
1756703770,1848,0.0,0.0,-0.02,0.0,0.0,0.0,0.0,0.0,0,0,0
1756703770,1849,0.0,0.0,0.0,0.0,0.0,0.0,0.0,0.0,0,0,0
1756703770,1850,0.0,0.0,-0.05,0.0,0.0,0.0,0.0,0.0,0,0,0
1756703770,1851,0.0,0.0,0.0,0.0,0.0,0.0,0.0,0.0,0,0,0
1756703770,1852,0.01,0.0,0.0,0.0,0.0,0.0,0.0,0.0,0,0,0
1756703770,1853,0.02,0.0,-0.02,0.0,0.0,0.0,0.0,0.0,0,0,0
1756703770,1854,0.0,0.0,-0.02,0.0,0.0,0.0,0.0,0.0,0,0,0
1756703770,1855,0.01,0.0,0.0,0.0,0.0,0.0,0.0,0.0,0,0,0
1756703770,1856,0.02,0.0,-0.01,0.0,0.0,0.0,0.0,0.0,0,0,0
1756703770,1857,0.0,0.0,-0.02,0.0,0.0,0.0,0.0,0.0,0,0,0
1756703770,1858,0.03,0.0,-0.02,0.0,0.0,0.0,0.0,0.0,0,0,0
1756703770,1859,0.01,0.0,-0.02,0.0,0.0,0.0,0.0,0.0,0,0,0
1756703770,1860,-0.01,0.0,-0.03,0.0,0.0,0.0,0.0,0.0,0,0,0
1756703770,1861,0.0,0.0,0.0,0.0,0.0,0.0,0.0,0.0,0,0,0
1756703770,1862,0.0,0.0,0.0,0.0,0.0,0.0,0.0,0.0,0,0,0
1756703770,1863,-0.01,0.0,-0.02,0.0,0.0,0.0,0.0,0.0,0,0,0
1756703770,1864,0.0,0.0,0.0,0.0,0.0,0.0,0.0,0.0,0,0,0
1756703770,1865,0.09,0.0,-0.05,0.0,0.0,0.0,0.0,0.0,0,0,0
1756703770,1866,-0.03,0.0,0.0,0.0,0.0,0.0,0.0,0.0,0,0,0
1756703770,1867,0.05,0.0,0.0,0.0,0.0,0.0,0.0,0.0,0,0,0
1756703770,1868,0.02,0.0,-0.03,0.0,0.0,0.0,0.0,0.0,0,0,0
1756703770,1869,0.0,0.0,0.0,0.0,0.0,0.0,0.0,0.0,0,0,0
1756703770,1870,0.0,0.0,0.0,0.0,0.0,0.0,0.0,0.0,0,0,0
1756703770,1871,0.0,0.0,-0.02,0.0,0.0,0.0,0.0,0.0,0,0,0
1756703770,1872,0.01,0.0,0.0,0.0,0.0,0.0,0.0,0.0,0,0,0
1756703770,1873,0.0,0.0,0.0,0.0,0.0,0.0,0.0,0.0,0,0,0
1756703770,1874,0.0,0.0,0.0,0.0,0.0,0.0,0.0,0.0,0,0,0
1756703770,1875,0.05,0.0,0.0,0.0,0.0,0.0,0.0,0.0,0,0,0
1756703770,1876,0.0,0.0,-0.02,0.0,0.0,0.0,0.0,0.0,0,0,0
1756703770,1877,0.0,0.0,-0.05,0.0,0.0,0.0,0.0,0.0,0,0,0
1756703770,1878,-0.02,0.0,-0.07,0.0,0.0,0.0,0.0,0.0,0,0,0
1756703770,1879,0.01,0.0,0.0,0.0,0.0,0.0,0.0,0.0,0,0,0
1756703770,1880,0.05,0.0,0.0,0.0,0.0,0.0,0.0,0.0,0,0,0
1756703770,1881,-0.01,0.0,-0.03,0.0,0.0,0.0,0.0,0.0,0,0,0
1756703771,1882,0.0,0.0,0.0,0.0,0.0,0.0,0.0,0.0,0,0,0
1756703771,1883,0.03,0.0,-0.01,0.0,0.0,0.0,0.0,0.0,0,0,0
1756703771,1884,0.01,0.0,0.1,0.0,0.0,0.0,0.0,0.0,0,0,0
1756703771,1885,0.02,0.0,0.0,0.0,0.0,0.0,0.0,0.0,0,0,0
1756703771,1886,0.01,0.0,0.0,0.0,0.0,0.0,0.0,0.0,0,0,0
1756703771,1887,-0.01,0.0,-0.03,0.0,0.0,0.0,0.0,0.0,0,0,0
1756703771,1888,0.0,0.0,0.0,0.0,0.0,0.0,0.0,0.0,0,0,0
1756703771,1889,0.01,0.0,0.0,0.0,0.0,0.0,0.0,0.0,0,0,0
1756703771,1890,0.02,0.0,0.0,0.0,0.0,0.0,0.0,0.0,0,0,0
1756703771,1891,0.03,0.0,0.0,0.0,0.0,0.0,0.0,0.0,0,0,0
1756703771,1892,0.05,0.0,-0.02,0.0,0.0,0.0,0.0,0.0,0,0,0
1756703771,1893,0.0,0.0,0.0,0.0,0.0,0.0,0.0,0.0,0,0,0
1756703771,1894,0.05,0.0,-0.03,0.0,0.0,0.0,0.0,0.0,0,0,0
1756703771,1895,-0.02,0.0,0.0,0.0,0.0,0.0,0.0,0.0,0,0,0
1756703771,1896,0.01,0.0,0.01,0.0,0.0,0.0,0.0,0.0,0,0,0
1756703771,1897,0.05,0.0,-0.01,0.0,0.0,0.0,0.0,0.0,0,0,0
1756703771,1898,0.0,0.0,-0.01,0.0,0.0,0.0,0.0,0.0,0,0,0
1756703771,1899,-0.01,0.0,0.02,0.0,0.0,0.0,0.0,0.0,0,0,0
1756703771,1900,0.02,0.0,0.0,0.0,0.0,0.0,0.0,0.0,0,0,0
1756703771,1901,0.02,0.0,0.1,0.0,0.0,0.0,0.0,0.0,0,0,0
1756703771,1902,0.0,0.0,0.0,0.0,0.0,0.0,0.0,0.0,0,0,0
1756703771,1903,0.01,0.0,0.0,0.0,0.0,0.0,0.0,0.0,0,0,0
1756703771,1904,0.0,0.0,0.0,0.0,0.0,0.0,0.0,0.0,0,0,0
1756703771,1905,0.01,0.0,0.0,0.0,0.0,0.0,0.0,0.0,0,0,0
1756703771,1906,0.01,0.0,-0.02,0.0,0.0,0.0,0.0,0.0,0,0,0
1756703771,1907,0.03,0.0,0.0,0.0,0.0,0.0,0.0,0.0,0,0,0
1756703771,1908,0.0,0.0,0.0,0.0,0.0,0.0,0.0,0.0,0,0,0
1756703771,1909,0.01,0.0,-0.01,0.0,0.0,0.0,0.0,0.0,0,0,0
1756703771,1910,0.0,0.0,-0.01,0.0,0.0,0.0,0.0,0.0,0,0,0
1756703771,1911,0.0,0.0,-0.09,0.0,0.0,0.0,0.0,0.0,0,0,0
1756703771,1912,-0.01,0.0,-0.01,0.0,0.0,0.0,0.0,0.0,0,0,0
1756703771,1913,0.03,0.0,-0.07,0.0,0.0,0.0,0.0,0.0,0,0,0
1756703771,1914,0.01,0.0,-0.05,0.0,0.0,0.0,0.0,0.0,0,0,0
1756703771,1915,0.07,0.0,-0.01,0.0,0.0,0.0,0.0,0.0,0,0,0
1756703771,1916,0.05,0.0,-0.01,0.0,0.0,0.0,0.0,0.0,0,0,0
1756703771,1917,0.01,0.0,0.0,0.0,0.0,0.0,0.0,0.0,0,0,0
1756703771,1918,0.01,0.0,-0.01,0.0,0.0,0.0,0.0,0.0,0,0,0
1756703771,1919,0.07,0.0,0.0,0.0,0.0,0.0,0.0,0.0,0,0,0
1756703771,1920,0.0,0.0,-0.05,0.0,0.0,0.0,0.0,0.0,0,0,0
1756703771,1921,-0.02,0.0,-0.01,0.0,0.0,0.0,0.0,0.0,0,0,0
1756703771,1922,0.01,0.0,-0.02,0.0,0.0,0.0,0.0,0.0,0,0,0
1756703771,1923,-0.01,0.0,-0.05,0.0,0.0,0.0,0.0,0.0,0,0,0
1756703771,1924,0.0,0.0,0.02,0.0,0.0,0.0,0.0,0.0,0,0,0
1756703771,1925,0.0,0.0,-0.05,0.0,0.0,0.0,0.0,0.0,0,0,0
1756703771,1926,0.0,0.0,0.0,0.0,0.0,0.0,0.0,0.0,0,0,0
1756703771,1927,0.01,0.0,-0.02,0.0,0.0,0.0,0.0,0.0,0,0,0
1756703771,1928,0.0,0.0,-0.11,0.0,0.0,0.0,0.0,0.0,0,0,0
1756703771,1929,0.05,0.0,-0.02,0.0,0.0,0.0,0.0,0.0,0,0,0
1756703771,1930,0.03,0.0,-0.02,0.0,0.0,0.0,0.0,0.0,0,0,0
1756703771,1931,0.05,0.0,0.0,0.0,0.0,0.0,0.0,0.0,0,0,0
1756703771,1932,0.0,0.0,-0.01,0.0,0.0,0.0,0.0,0.0,0,0,0
1756703771,1933,0.0,0.0,0.0,0.0,0.0,0.0,0.0,0.0,0,0,0
1756703771,1934,0.0,0.0,-0.02,0.0,0.0,0.0,0.0,0.0,0,0,0
1756703771,1935,0.0,0.0,-0.02,0.0,0.0,0.0,0.0,0.0,0,0,0
1756703771,1936,0.0,0.0,0.0,0.0,0.0,0.0,0.0,0.0,0,0,0
1756703771,1937,0.01,0.0,-0.01,0.0,0.0,0.0,0.0,0.0,0,0,0
1756703771,1938,0.0,0.0,0.0,0.0,0.0,0.0,0.0,0.0,0,0,0
1756703771,1939,0.01,0.0,0.0,0.0,0.0,0.0,0.0,0.0,0,0,0
1756703771,1940,0.05,0.0,0.0,0.0,0.0,0.0,0.0,0.0,0,0,0
1756703771,1941,0.05,0.0,0.0,0.0,0.0,0.0,0.0,0.0,0,0,0
1756703771,1942,0.05,0.0,-0.01,0.0,0.0,0.0,0.0,0.0,0,0,0
1756703771,1943,0.03,0.0,-0.02,0.0,0.0,0.0,0.0,0.0,0,0,0
1756703771,1944,0.02,0.0,0.01,0.0,0.0,0.0,0.0,0.0,0,0,0
1756703772,1945,-0.02,0.0,-0.05,0.0,0.0,0.0,0.0,0.0,0,0,0
1756703772,1946,0.0,0.0,0.0,0.0,0.0,0.0,0.0,0.0,0,0,0
1756703772,1947,0.01,0.0,0.0,0.0,0.0,0.0,0.0,0.0,0,0,0
1756703772,1948,0.01,0.0,-0.07,0.0,0.0,0.0,0.0,0.0,0,0,0
1756703772,1949,-0.05,0.0,-0.02,0.0,0.0,0.0,0.0,0.0,0,0,0
1756703772,1950,0.0,0.0,0.0,0.0,0.0,0.0,0.0,0.0,0,0,0
1756703772,1951,0.02,0.0,-0.02,0.0,0.0,0.0,0.0,0.0,0,0,0
1756703772,1952,0.03,0.0,-0.05,0.0,0.0,0.0,0.0,0.0,0,0,0
1756703772,1953,0.0,0.0,-0.03,0.0,0.0,0.0,0.0,0.0,0,0,0
1756703772,1954,0.0,0.0,-0.07,0.0,0.0,0.0,0.0,0.0,0,0,0
1756703772,1955,0.0,0.0,0.02,0.0,0.0,0.0,0.0,0.0,0,0,0
1756703772,1956,0.1,0.0,0.01,0.0,0.0,0.0,0.0,0.0,0,0,0
1756703772,1957,0.0,0.0,0.0,0.0,0.0,0.0,0.0,0.0,0,0,0
1756703772,1958,-0.03,0.0,-0.01,0.0,0.0,0.0,0.0,0.0,0,0,0
1756703772,1959,-0.01,0.0,0.0,0.0,0.0,0.0,0.0,0.0,0,0,0
1756703772,1960,0.03,0.0,0.0,0.0,0.0,0.0,0.0,0.0,0,0,0
1756703772,1961,0.01,0.0,-0.03,0.0,0.0,0.0,0.0,0.0,0,0,0
1756703772,1962,0.0,0.0,0.0,0.0,0.0,0.0,0.0,0.0,0,0,0
1756703772,1963,0.0,0.0,0.0,0.0,0.0,0.0,0.0,0.0,0,0,0
1756703772,1964,0.0,0.0,-0.01,0.0,0.0,0.0,0.0,0.0,0,0,0
1756703772,1965,0.01,0.0,0.0,0.0,0.0,0.0,0.0,0.0,0,0,0
1756703772,1966,0.0,0.0,-0.02,0.0,0.0,0.0,0.0,0.0,0,0,0
1756703772,1967,0.05,0.0,-0.05,0.0,0.0,0.0,0.0,0.0,0,0,0
1756703772,1968,-0.05,0.0,-0.05,0.0,0.0,0.0,0.0,0.0,0,0,0
1756703772,1969,0.02,0.0,0.0,0.0,0.0,0.0,0.0,0.0,0,0,0
1756703772,1970,-0.05,0.0,0.0,0.0,0.0,0.0,0.0,0.0,0,0,0
1756703772,1971,0.0,0.0,-0.02,0.0,0.0,0.0,0.0,0.0,0,0,0
1756703772,1972,0.0,0.0,0.0,0.0,0.0,0.0,0.0,0.0,0,0,0
1756703772,1973,0.0,0.0,-0.01,0.0,0.0,0.0,0.0,0.0,0,0,0
1756703772,1974,0.0,0.0,-0.03,0.0,0.0,0.0,0.0,0.0,0,0,0
1756703772,1975,0.0,0.0,0.0,0.0,0.0,0.0,0.0,0.0,0,0,0
1756703772,1976,0.0,0.0,0.0,0.0,0.0,0.0,0.0,0.0,0,0,0
1756703772,1977,-0.02,0.0,-0.02,0.0,0.0,0.0,0.0,0.0,0,0,0
1756703772,1978,0.01,0.0,-0.02,0.0,0.0,0.0,0.0,0.0,0,0,0
1756703772,1979,0.0,0.0,0.0,0.0,0.0,0.0,0.0,0.0,0,0,0
1756703772,1980,0.02,0.0,-0.01,0.0,0.0,0.0,0.0,0.0,0,0,0
1756703772,1981,0.0,0.0,0.0,0.0,0.0,0.0,0.0,0.0,0,0,0
1756703772,1982,-0.01,0.0,0.0,0.0,0.0,0.0,0.0,0.0,0,0,0
1756703772,1983,0.01,0.0,-0.03,0.0,0.0,0.0,0.0,0.0,0,0,0
1756703772,1984,0.02,0.0,-0.02,0.0,0.0,0.0,0.0,0.0,0,0,0
1756703772,1985,0.02,0.0,0.0,0.0,0.0,0.0,0.0,0.0,0,0,0
1756703772,1986,0.02,0.0,-0.03,0.0,0.0,0.0,0.0,0.0,0,0,0
1756703772,1987,-0.02,0.0,0.0,0.0,0.0,0.0,0.0,0.0,0,0,0
1756703772,1988,0.03,0.0,0.0,0.0,0.0,0.0,0.0,0.0,0,0,0
1756703772,1989,0.0,0.0,-0.05,0.0,0.0,0.0,0.0,0.0,0,0,0
1756703772,1990,0.05,0.0,0.0,0.0,0.0,0.0,0.0,0.0,0,0,0
1756703772,1991,0.01,0.0,0.0,0.0,0.0,0.0,0.0,0.0,0,0,0
1756703772,1992,0.03,0.0,0.0,0.0,0.0,0.0,0.0,0.0,0,0,0
1756703772,1993,0.03,0.0,0.01,0.0,0.0,0.0,0.0,0.0,0,0,0
1756703772,1994,0.07,0.0,-0.02,0.0,0.0,0.0,0.0,0.0,0,0,0
1756703772,1995,0.0,0.0,0.0,0.0,0.0,0.0,0.0,0.0,0,0,0
1756703772,1996,-0.01,0.0,-0.07,0.0,0.0,0.0,0.0,0.0,0,0,0
1756703772,1997,0.05,0.0,0.0,0.0,0.0,0.0,0.0,0.0,0,0,0
1756703772,1998,0.0,0.0,-0.01,0.0,0.0,0.0,0.0,0.0,0,0,0
1756703772,1999,0.0,0.0,-0.07,0.0,0.0,0.0,0.0,0.0,0,0,0
1756703772,2000,0.02,0.0,0.0,0.0,0.0,0.0,0.0,0.0,0,0,0
1756703772,2001,0.03,0.0,-0.01,0.0,0.0,0.0,0.0,0.0,0,0,0
1756703772,2002,0.0,0.0,0.0,0.0,0.0,0.0,0.0,0.0,0,0,0
1756703772,2003,0.05,0.0,0.0,0.0,0.0,0.0,0.0,0.0,0,0,0
1756703772,2004,-0.09,0.0,-0.05,0.0,0.0,0.0,0.0,0.0,0,0,0
1756703772,2005,0.01,0.0,-0.02,0.0,0.0,0.0,0.0,0.0,0,0,0
1756703772,2006,0.0,0.0,-0.01,0.0,0.0,0.0,0.0,0.0,0,0,0
1756703772,2007,0.02,0.0,0.0,0.0,0.0,0.0,0.0,0.0,0,0,0
1756703772,2008,0.05,0.0,0.0,0.0,0.0,0.0,0.0,0.0,0,0,0
1756703772,2009,-0.05,0.0,0.0,0.0,0.0,0.0,0.0,0.0,0,0,0
1756703773,2010,0.0,0.0,0.0,0.0,0.0,0.0,0.0,0.0,0,0,0
1756703773,2011,-0.01,0.0,0.0,0.0,0.0,0.0,0.0,0.0,0,0,0
1756703773,2012,0.01,0.0,-0.01,0.0,0.0,0.0,0.0,0.0,0,0,0
1756703773,2013,0.0,0.0,0.0,0.0,0.0,0.0,0.0,0.0,0,0,0
1756703773,2014,0.0,0.0,0.1,0.0,0.0,0.0,0.0,0.0,0,0,0
1756703773,2015,0.01,0.0,-0.05,0.0,0.0,0.0,0.0,0.0,0,0,0
1756703773,2016,0.02,0.0,0.0,0.0,0.0,0.0,0.0,0.0,0,0,0
1756703773,2017,0.0,0.0,-0.09,0.0,0.0,0.0,0.0,0.0,0,0,0
1756703773,2018,0.0,0.0,-0.01,0.0,0.0,0.0,0.0,0.0,0,0,0
1756703773,2019,0.02,0.0,-0.07,0.0,0.0,0.0,0.0,0.0,0,0,0
1756703773,2020,0.0,0.0,-0.03,0.0,0.0,0.0,0.0,0.0,0,0,0
1756703773,2021,0.0,0.0,-0.05,0.0,0.0,0.0,0.0,0.0,0,0,0
1756703773,2022,0.01,0.0,-0.02,0.0,0.0,0.0,0.0,0.0,0,0,0
1756703773,2023,0.03,0.0,-0.02,0.0,0.0,0.0,0.0,0.0,0,0,0
1756703773,2024,0.0,0.0,0.0,0.0,0.0,0.0,0.0,0.0,0,0,0
1756703773,2025,0.0,0.0,0.0,0.0,0.0,0.0,0.0,0.0,0,0,0
1756703773,2026,0.02,0.0,0.03,0.0,0.0,0.0,0.0,0.0,0,0,0
1756703773,2027,0.0,0.0,-0.03,0.0,0.0,0.0,0.0,0.0,0,0,0
1756703773,2028,0.0,0.0,-0.01,0.0,0.0,0.0,0.0,0.0,0,0,0
1756703773,2029,0.0,0.0,0.0,0.0,0.0,0.0,0.0,0.0,0,0,0
1756703773,2030,0.05,0.0,-0.01,0.0,0.0,0.0,0.0,0.0,0,0,0
1756703773,2031,0.01,0.0,-0.07,0.0,0.0,0.0,0.0,0.0,0,0,0
1756703773,2032,0.01,0.0,0.0,0.0,0.0,0.0,0.0,0.0,0,0,0
1756703773,2033,0.0,0.0,0.0,0.0,0.0,0.0,0.0,0.0,0,0,0
1756703773,2034,0.0,0.0,-0.01,0.0,0.0,0.0,0.0,0.0,0,0,0
1756703773,2035,0.0,0.0,0.0,0.0,0.0,0.0,0.0,0.0,0,0,0
1756703773,2036,0.03,0.0,-0.02,0.0,0.0,0.0,0.0,0.0,0,0,0
1756703773,2037,0.05,0.0,0.0,0.0,0.0,0.0,0.0,0.0,0,0,0
1756703773,2038,0.01,0.0,0.0,0.0,0.0,0.0,0.0,0.0,0,0,0
1756703773,2039,0.0,0.0,0.0,0.0,0.0,0.0,0.0,0.0,0,0,0
1756703773,2040,0.0,0.0,0.0,0.0,0.0,0.0,0.0,0.0,0,0,0
1756703773,2041,0.01,0.0,0.0,0.0,0.0,0.0,0.0,0.0,0,0,0
1756703773,2042,0.0,0.0,0.0,0.0,0.0,0.0,0.0,0.0,0,0,0
1756703773,2043,0.0,0.0,0.0,0.0,0.0,0.0,0.0,0.0,0,0,0
1756703773,2044,0.0,0.0,0.0,0.0,0.0,0.0,0.0,0.0,0,0,0
1756703773,2045,-0.01,0.0,0.0,0.0,0.0,0.0,0.0,0.0,0,0,0
1756703773,2046,0.0,0.0,0.0,0.0,0.0,0.0,0.0,0.0,0,0,0
1756703773,2047,0.0,0.0,0.0,0.0,0.0,0.0,0.0,0.0,0,0,0
1756703773,2048,0.0,0.0,-0.02,0.0,0.0,0.0,0.0,0.0,0,0,0
1756703773,2049,0.01,0.0,-0.01,0.0,0.0,0.0,0.0,0.0,0,0,0
1756703773,2050,0.05,0.0,-0.02,0.0,0.0,0.0,0.0,0.0,0,0,0
1756703773,2051,0.0,0.0,0.0,0.0,0.0,0.0,0.0,0.0,0,0,0
1756703773,2052,0.03,0.0,-0.05,0.0,0.0,0.0,0.0,0.0,0,0,0
1756703773,2053,0.0,0.0,-0.01,0.0,0.0,0.0,0.0,0.0,0,0,0
1756703773,2054,0.0,0.0,-0.03,0.0,0.0,0.0,0.0,0.0,0,0,0
1756703773,2055,0.02,0.0,0.0,0.0,0.0,0.0,0.0,0.0,0,0,0
1756703773,2056,-0.01,0.0,-0.1,0.0,0.0,0.0,0.0,0.0,0,0,0
1756703773,2057,0.0,0.0,-0.09,0.0,0.0,0.0,0.0,0.0,0,0,0
1756703773,2058,0.02,0.0,0.0,0.0,0.0,0.0,0.0,0.0,0,0,0
1756703773,2059,0.01,0.0,0.0,0.0,0.0,0.0,0.0,0.0,0,0,0
1756703773,2060,0.0,0.0,0.0,0.0,0.0,0.0,0.0,0.0,0,0,0
1756703773,2061,-0.03,0.0,0.01,0.0,0.0,0.0,0.0,0.0,0,0,0
1756703773,2062,0.01,0.0,-0.1,0.0,0.0,0.0,0.0,0.0,0,0,0
1756703773,2063,0.01,0.0,0.0,0.0,0.0,0.0,0.0,0.0,0,0,0
1756703773,2064,0.0,0.0,-0.02,0.0,0.0,0.0,0.0,0.0,0,0,0
1756703773,2065,0.0,0.0,-0.05,0.0,0.0,0.0,0.0,0.0,0,0,0
1756703773,2066,0.0,0.0,-0.01,0.0,0.0,0.0,0.0,0.0,0,0,0
1756703773,2067,0.02,0.0,-0.03,0.0,0.0,0.0,0.0,0.0,0,0,0
1756703773,2068,0.02,0.0,0.0,0.0,0.0,0.0,0.0,0.0,0,0,0
1756703773,2069,0.0,0.0,-0.02,0.0,0.0,0.0,0.0,0.0,0,0,0
1756703773,2070,0.0,0.0,0.0,0.0,0.0,0.0,0.0,0.0,0,0,0
1756703773,2071,0.03,0.0,0.0,0.0,0.0,0.0,0.0,0.0,0,0,0
1756703773,2072,0.02,0.0,-0.1,0.0,0.0,0.0,0.0,0.0,0,0,0
1756703773,2073,0.01,0.0,0.0,0.0,0.0,0.0,0.0,0.0,0,0,0
1756703773,2074,0.05,0.0,0.0,0.0,0.0,0.0,0.0,0.0,0,0,0
1756703774,2075,0.0,0.0,-0.07,0.0,0.0,0.0,0.0,0.0,0,0,0
1756703774,2076,0.01,0.0,-0.02,0.0,0.0,0.0,0.0,0.0,0,0,0
1756703774,2077,0.02,0.0,0.0,0.0,0.0,0.0,0.0,0.0,0,0,0
1756703774,2078,0.0,0.0,-0.01,0.0,0.0,0.0,0.0,0.0,0,0,0
1756703774,2079,0.0,0.0,-0.07,0.0,0.0,0.0,0.0,0.0,0,0,0
1756703774,2080,0.0,0.0,0.0,0.0,0.0,0.0,0.0,0.0,0,0,0
1756703774,2081,0.0,0.0,-0.01,0.0,0.0,0.0,0.0,0.0,0,0,0
1756703774,2082,0.0,0.0,-0.03,0.0,0.0,0.0,0.0,0.0,0,0,0
1756703774,2083,0.0,0.0,0.0,0.0,0.0,0.0,0.0,0.0,0,0,0
1756703774,2084,0.07,0.0,0.0,0.0,0.0,0.0,0.0,0.0,0,0,0
1756703774,2085,0.0,0.0,0.0,0.0,0.0,0.0,0.0,0.0,0,0,0
1756703774,2086,0.0,0.0,0.0,0.0,0.0,0.0,0.0,0.0,0,0,0
1756703774,2087,-0.03,0.0,0.05,0.0,0.0,0.0,0.0,0.0,0,0,0
1756703774,2088,-0.02,0.0,0.0,0.0,0.0,0.0,0.0,0.0,0,0,0
1756703774,2089,0.02,0.0,0.0,0.0,0.0,0.0,0.0,0.0,0,0,0
1756703774,2090,0.0,0.0,0.0,0.0,0.0,0.0,0.0,0.0,0,0,0
1756703774,2091,0.0,0.0,0.0,0.0,0.0,0.0,0.0,0.0,0,0,0
1756703774,2092,0.0,0.0,0.0,0.0,0.0,0.0,0.0,0.0,0,0,0
1756703774,2093,-0.05,0.0,-0.05,0.0,0.0,0.0,0.0,0.0,0,0,0
1756703774,2094,0.01,0.0,0.0,0.0,0.0,0.0,0.0,0.0,0,0,0
1756703774,2095,0.0,0.0,0.0,0.0,0.0,0.0,0.0,0.0,0,0,0
1756703774,2096,0.0,0.0,-0.01,0.0,0.0,0.0,0.0,0.0,0,0,0
1756703774,2097,0.0,0.0,0.0,0.0,0.0,0.0,0.0,0.0,0,0,0
1756703774,2098,0.05,0.0,0.0,0.0,0.0,0.0,0.0,0.0,0,0,0
1756703774,2099,0.03,0.0,-0.14,0.0,0.0,0.0,0.0,0.0,0,0,0
1756703774,2100,0.07,0.0,0.0,0.0,0.0,0.0,0.0,0.0,0,0,0
1756703774,2101,-0.07,0.0,-0.07,0.0,0.0,0.0,0.0,0.0,0,0,0
1756703774,2102,0.01,0.0,-0.02,0.0,0.0,0.0,0.0,0.0,0,0,0
1756703774,2103,0.02,0.0,0.07,0.0,0.0,0.0,0.0,0.0,0,0,0
1756703774,2104,0.0,0.0,0.05,0.0,0.0,0.0,0.0,0.0,0,0,0
1756703774,2105,-0.03,0.0,0.0,0.0,0.0,0.0,0.0,0.0,0,0,0
1756703774,2106,0.0,0.0,-0.03,0.0,0.0,0.0,0.0,0.0,0,0,0
1756703774,2107,0.0,0.0,-0.02,0.0,0.0,0.0,0.0,0.0,0,0,0
1756703774,2108,0.01,0.0,-0.05,0.0,0.0,0.0,0.0,0.0,0,0,0
1756703774,2109,0.0,0.0,0.0,0.0,0.0,0.0,0.0,0.0,0,0,0
1756703774,2110,-0.05,0.0,0.0,0.0,0.0,0.0,0.0,0.0,0,0,0
1756703774,2111,0.0,0.0,-0.02,0.0,0.0,0.0,0.0,0.0,0,0,0
1756703774,2112,0.0,0.0,-0.02,0.0,0.0,0.0,0.0,0.0,0,0,0
1756703774,2113,0.05,0.0,0.0,0.0,0.0,0.0,0.0,0.0,0,0,0
1756703774,2114,0.02,0.0,0.01,0.0,0.0,0.0,0.0,0.0,0,0,0
1756703774,2115,0.0,0.0,0.0,0.0,0.0,0.0,0.0,0.0,0,0,0
1756703774,2116,0.02,0.0,-0.01,0.0,0.0,0.0,0.0,0.0,0,0,0
1756703774,2117,0.0,0.0,-0.05,0.0,0.0,0.0,0.0,0.0,0,0,0
1756703774,2118,0.0,0.0,-0.05,0.0,0.0,0.0,0.0,0.0,0,0,0
1756703774,2119,-0.01,0.0,-0.03,0.0,0.0,0.0,0.0,0.0,0,0,0
1756703774,2120,-0.01,0.0,0.0,0.0,0.0,0.0,0.0,0.0,0,0,0
1756703774,2121,0.0,0.0,-0.05,0.0,0.0,0.0,0.0,0.0,0,0,0
1756703774,2122,0.01,0.0,-0.03,0.0,0.0,0.0,0.0,0.0,0,0,0
1756703774,2123,0.0,0.0,-0.15,0.0,0.0,0.0,0.0,0.0,0,0,0
1756703774,2124,0.03,0.0,0.0,0.0,0.0,0.0,0.0,0.0,0,0,0
1756703774,2125,0.0,0.0,-0.01,0.0,0.0,0.0,0.0,0.0,0,0,0
1756703774,2126,0.03,0.0,0.0,0.0,0.0,0.0,0.0,0.0,0,0,0
1756703774,2127,0.01,0.0,0.01,0.0,0.0,0.0,0.0,0.0,0,0,0
1756703774,2128,0.0,0.0,0.0,0.0,0.0,0.0,0.0,0.0,0,0,0
1756703774,2129,0.0,0.0,0.0,0.0,0.0,0.0,0.0,0.0,0,0,0
1756703774,2130,0.05,0.0,-0.01,0.0,0.0,0.0,0.0,0.0,0,0,0
1756703774,2131,0.0,0.0,-0.02,0.0,0.0,0.0,0.0,0.0,0,0,0
1756703774,2132,0.03,0.0,0.0,0.0,0.0,0.0,0.0,0.0,0,0,0
1756703774,2133,0.07,0.0,0.0,0.0,0.0,0.0,0.0,0.0,0,0,0
1756703774,2134,0.01,0.0,-0.01,0.0,0.0,0.0,0.0,0.0,0,0,0
1756703774,2135,0.0,0.0,0.0,0.0,0.0,0.0,0.0,0.0,0,0,0
1756703774,2136,-0.01,0.0,-0.01,0.0,0.0,0.0,0.0,0.0,0,0,0
1756703774,2137,0.0,0.0,-0.05,0.0,0.0,0.0,0.0,0.0,0,0,0
1756703774,2138,0.05,0.0,-0.07,0.0,0.0,0.0,0.0,0.0,0,0,0
1756703774,2139,0.03,0.0,0.01,0.0,0.0,0.0,0.0,0.0,0,0,0
1756703774,2140,0.0,0.0,0.0,0.0,0.0,0.0,0.0,0.0,0,0,0
1756703774,2141,0.0,0.0,0.0,0.0,0.0,0.0,0.0,0.0,0,0,0
1756703774,2142,0.05,0.0,0.0,0.0,0.0,0.0,0.0,0.0,0,0,0
1756703774,2143,0.01,0.0,0.0,0.0,0.0,0.0,0.0,0.0,0,0,0
1756703774,2144,0.03,0.0,-0.02,0.0,0.0,0.0,0.0,0.0,0,0,0
1756703775,2145,0.0,0.0,0.0,0.0,0.0,0.0,0.0,0.0,0,0,0
1756703775,2146,0.0,0.0,0.0,0.0,0.0,0.0,0.0,0.0,0,0,0
1756703775,2147,-0.02,0.0,0.0,0.0,0.0,0.0,0.0,0.0,0,0,0
1756703775,2148,0.05,0.0,0.0,0.0,0.0,0.0,0.0,0.0,0,0,0
1756703775,2149,-0.01,0.0,-0.05,0.0,0.0,0.0,0.0,0.0,0,0,0
1756703775,2150,0.05,0.0,0.0,0.0,0.0,0.0,0.0,0.0,0,0,0
1756703775,2151,0.0,0.0,-0.01,0.0,0.0,0.0,0.0,0.0,0,0,0
1756703775,2152,0.0,0.0,0.0,0.0,0.0,0.0,0.0,0.0,0,0,0
1756703775,2153,-0.02,0.0,0.0,0.0,0.0,0.0,0.0,0.0,0,0,0
1756703775,2154,0.03,0.0,-0.01,0.0,0.0,0.0,0.0,0.0,0,0,0
1756703775,2155,0.01,0.0,0.0,0.0,0.0,0.0,0.0,0.0,0,0,0
1756703775,2156,0.0,0.0,-0.05,0.0,0.0,0.0,0.0,0.0,0,0,0
1756703775,2157,0.02,0.0,0.0,0.0,0.0,0.0,0.0,0.0,0,0,0
1756703775,2158,0.0,0.0,-0.02,0.0,0.0,0.0,0.0,0.0,0,0,0
1756703775,2159,0.02,0.0,-0.02,0.0,0.0,0.0,0.0,0.0,0,0,0
1756703775,2160,-0.03,0.0,0.0,0.0,0.0,0.0,0.0,0.0,0,0,0
1756703775,2161,-0.01,0.0,0.0,0.0,0.0,0.0,0.0,0.0,0,0,0
1756703775,2162,0.01,0.0,0.0,0.0,0.0,0.0,0.0,0.0,0,0,0
1756703775,2163,0.02,0.0,0.0,0.0,0.0,0.0,0.0,0.0,0,0,0
1756703775,2164,0.0,0.0,-0.01,0.0,0.0,0.0,0.0,0.0,0,0,0
1756703775,2165,0.0,0.0,0.0,0.0,0.0,0.0,0.0,0.0,0,0,0
1756703775,2166,0.0,0.0,0.0,0.0,0.0,0.0,0.0,0.0,0,0,0
1756703775,2167,0.0,0.0,0.0,0.0,0.0,0.0,0.0,0.0,0,0,0
1756703775,2168,0.0,0.0,0.0,0.0,0.0,0.0,0.0,0.0,0,0,0
1756703775,2169,-0.07,0.0,0.0,0.0,0.0,0.0,0.0,0.0,0,0,0
1756703775,2170,0.02,0.0,-0.01,0.0,0.0,0.0,0.0,0.0,0,0,0
1756703775,2171,0.0,0.0,0.0,0.0,0.0,0.0,0.0,0.0,0,0,0
1756703775,2172,0.0,0.0,-0.1,0.0,0.0,0.0,0.0,0.0,0,0,0
1756703775,2173,0.0,0.0,0.05,0.0,0.0,0.0,0.0,0.0,0,0,0
1756703775,2174,0.0,0.0,-0.01,0.0,0.0,0.0,0.0,0.0,0,0,0
1756703775,2175,0.0,0.0,-0.01,0.0,0.0,0.0,0.0,0.0,0,0,0
1756703775,2176,0.0,0.0,0.0,0.0,0.0,0.0,0.0,0.0,0,0,0
1756703775,2177,0.01,0.0,0.0,0.0,0.0,0.0,0.0,0.0,0,0,0
1756703775,2178,0.01,0.0,0.0,0.0,0.0,0.0,0.0,0.0,0,0,0
1756703775,2179,0.0,0.0,0.0,0.0,0.0,0.0,0.0,0.0,0,0,0
1756703775,2180,0.0,0.0,0.0,0.0,0.0,0.0,0.0,0.0,0,0,0
1756703775,2181,0.01,0.0,0.0,0.0,0.0,0.0,0.0,0.0,0,0,0
1756703775,2182,-0.01,0.0,0.0,0.0,0.0,0.0,0.0,0.0,0,0,0
1756703775,2183,0.0,0.0,-0.02,0.0,0.0,0.0,0.0,0.0,0,0,0
1756703775,2184,0.0,0.0,-0.01,0.0,0.0,0.0,0.0,0.0,0,0,0
1756703775,2185,0.02,0.0,0.01,0.0,0.0,0.0,0.0,0.0,0,0,0
1756703775,2186,0.02,0.0,-0.01,0.0,0.0,0.0,0.0,0.0,0,0,0
1756703775,2187,-0.01,0.0,0.0,0.0,0.0,0.0,0.0,0.0,0,0,0
1756703775,2188,0.0,0.0,0.0,0.0,0.0,0.0,0.0,0.0,0,0,0
1756703775,2189,0.0,0.0,-0.05,0.0,0.0,0.0,0.0,0.0,0,0,0
1756703775,2190,0.0,0.0,0.03,0.0,0.0,0.0,0.0,0.0,0,0,0
1756703775,2191,0.03,0.0,0.0,0.0,0.0,0.0,0.0,0.0,0,0,0
1756703775,2192,0.01,0.0,-0.01,0.0,0.0,0.0,0.0,0.0,0,0,0
1756703775,2193,0.0,0.0,0.0,0.0,0.0,0.0,0.0,0.0,0,0,0
1756703775,2194,0.02,0.0,-0.15,0.0,0.0,0.0,0.0,0.0,0,0,0
1756703775,2195,0.0,0.0,0.0,0.0,0.0,0.0,0.0,0.0,0,0,0
1756703775,2196,-0.05,0.0,-0.01,0.0,0.0,0.0,0.0,0.0,0,0,0
1756703775,2197,0.03,0.0,0.0,0.0,0.0,0.0,0.0,0.0,0,0,0
1756703775,2198,0.0,0.0,0.02,0.0,0.0,0.0,0.0,0.0,0,0,0
1756703775,2199,0.07,0.0,-0.02,0.0,0.0,0.0,0.0,0.0,0,0,0
1756703775,2200,0.05,0.0,-0.05,0.0,0.0,0.0,0.0,0.0,0,0,0
1756703775,2201,0.07,0.0,0.09,0.0,0.0,0.0,0.0,0.0,0,0,0
1756703775,2202,0.0,0.0,-0.01,0.0,0.0,0.0,0.0,0.0,0,0,0
1756703775,2203,0.07,0.0,-0.15,0.0,0.0,0.0,0.0,0.0,0,0,0
1756703775,2204,0.0,0.0,-0.01,0.0,0.0,0.0,0.0,0.0,0,0,0
1756703775,2205,-0.03,0.0,0.0,0.0,0.0,0.0,0.0,0.0,0,0,0
1756703775,2206,-0.02,0.0,0.0,0.0,0.0,0.0,0.0,0.0,0,0,0
1756703776,2207,-0.01,0.0,-0.02,0.0,0.0,0.0,0.0,0.0,0,0,0
1756703776,2208,0.0,0.0,0.0,0.0,0.0,0.0,0.0,0.0,0,0,0
1756703776,2209,0.0,0.0,0.0,0.0,0.0,0.0,0.0,0.0,0,0,0
1756703776,2210,0.01,0.0,0.0,0.0,0.0,0.0,0.0,0.0,0,0,0
1756703776,2211,0.01,0.0,-0.07,0.0,0.0,0.0,0.0,0.0,0,0,0
1756703776,2212,0.0,0.0,0.0,0.0,0.0,0.0,0.0,0.0,0,0,0
1756703776,2213,0.05,0.0,0.01,0.0,0.0,0.0,0.0,0.0,0,0,0
1756703776,2214,0.0,0.0,0.07,0.0,0.0,0.0,0.0,0.0,0,0,0
1756703776,2215,0.0,0.0,0.0,0.0,0.0,0.0,0.0,0.0,0,0,0
1756703776,2216,0.0,0.0,-0.01,0.0,0.0,0.0,0.0,0.0,0,0,0
1756703776,2217,0.01,0.0,-0.02,0.0,0.0,0.0,0.0,0.0,0,0,0
1756703776,2218,-0.01,0.0,0.0,0.0,0.0,0.0,0.0,0.0,0,0,0
1756703776,2219,0.03,0.0,-0.02,0.0,0.0,0.0,0.0,0.0,0,0,0
1756703776,2220,0.0,0.0,-0.01,0.0,0.0,0.0,0.0,0.0,0,0,0
1756703776,2221,0.02,0.0,-0.1,0.0,0.0,0.0,0.0,0.0,0,0,0
1756703776,2222,0.01,0.0,-0.02,0.0,0.0,0.0,0.0,0.0,0,0,0
1756703776,2223,-0.02,0.0,0.0,0.0,0.0,0.0,0.0,0.0,0,0,0
1756703776,2224,0.0,0.0,-0.09,0.0,0.0,0.0,0.0,0.0,0,0,0
1756703776,2225,0.03,0.0,0.0,0.0,0.0,0.0,0.0,0.0,0,0,0
1756703776,2226,0.0,0.0,-0.07,0.0,0.0,0.0,0.0,0.0,0,0,0
1756703776,2227,0.0,0.0,-0.01,0.0,0.0,0.0,0.0,0.0,0,0,0
1756703776,2228,0.02,0.0,0.0,0.0,0.0,0.0,0.0,0.0,0,0,0
1756703776,2229,0.03,0.0,0.0,0.0,0.0,0.0,0.0,0.0,0,0,0
1756703776,2230,-0.01,0.0,0.0,0.0,0.0,0.0,0.0,0.0,0,0,0
1756703776,2231,0.0,0.0,0.0,0.0,0.0,0.0,0.0,0.0,0,0,0
1756703776,2232,0.0,0.0,-0.03,0.0,0.0,0.0,0.0,0.0,0,0,0
1756703776,2233,0.02,0.0,-0.01,0.0,0.0,0.0,0.0,0.0,0,0,0
1756703776,2234,0.01,0.0,-0.05,0.0,0.0,0.0,0.0,0.0,0,0,0
1756703776,2235,0.0,0.0,0.02,0.0,0.0,0.0,0.0,0.0,0,0,0
1756703776,2236,0.0,0.0,0.0,0.0,0.0,0.0,0.0,0.0,0,0,0
1756703776,2237,0.05,0.0,-0.02,0.0,0.0,0.0,0.0,0.0,0,0,0
1756703776,2238,0.0,0.0,0.05,0.0,0.0,0.0,0.0,0.0,0,0,0
1756703776,2239,0.05,0.0,0.0,0.0,0.0,0.0,0.0,0.0,0,0,0
1756703776,2240,0.0,0.0,-0.01,0.0,0.0,0.0,0.0,0.0,0,0,0
1756703776,2241,0.01,0.0,-0.01,0.0,0.0,0.0,0.0,0.0,0,0,0
1756703776,2242,0.03,0.0,-0.07,0.0,0.0,0.0,0.0,0.0,0,0,0
1756703776,2243,0.09,0.0,-0.03,0.0,0.0,0.0,0.0,0.0,0,0,0
1756703776,2244,0.02,0.0,-0.03,0.0,0.0,0.0,0.0,0.0,0,0,0
1756703776,2245,0.02,0.0,-0.01,0.0,0.0,0.0,0.0,0.0,0,0,0
1756703776,2246,0.0,0.0,-0.02,0.0,0.0,0.0,0.0,0.0,0,0,0
1756703776,2247,0.0,0.0,0.0,0.0,0.0,0.0,0.0,0.0,0,0,0
1756703776,2248,0.0,0.0,0.0,0.0,0.0,0.0,0.0,0.0,0,0,0
1756703776,2249,0.0,0.0,-0.07,0.0,0.0,0.0,0.0,0.0,0,0,0
1756703776,2250,0.0,0.0,-0.02,0.0,0.0,0.0,0.0,0.0,0,0,0
1756703776,2251,0.01,0.0,-0.03,0.0,0.0,0.0,0.0,0.0,0,0,0
1756703776,2252,0.07,0.0,-0.03,0.0,0.0,0.0,0.0,0.0,0,0,0
1756703776,2253,0.03,0.0,-0.01,0.0,0.0,0.0,0.0,0.0,0,0,0
1756703776,2254,0.05,0.0,-0.01,0.0,0.0,0.0,0.0,0.0,0,0,0
1756703776,2255,0.0,0.0,0.0,0.0,0.0,0.0,0.0,0.0,0,0,0
1756703776,2256,0.01,0.0,-0.05,0.0,0.0,0.0,0.0,0.0,0,0,0
1756703776,2257,0.0,0.0,-0.03,0.0,0.0,0.0,0.0,0.0,0,0,0
1756703776,2258,-0.01,0.0,-0.02,0.0,0.0,0.0,0.0,0.0,0,0,0
1756703776,2259,0.0,0.0,0.0,0.0,0.0,0.0,0.0,0.0,0,0,0
1756703776,2260,0.03,0.0,-0.02,0.0,0.0,0.0,0.0,0.0,0,0,0
1756703776,2261,0.05,0.0,-0.02,0.0,0.0,0.0,0.0,0.0,0,0,0
1756703776,2262,0.01,0.0,-0.05,0.0,0.0,0.0,0.0,0.0,0,0,0
1756703776,2263,0.0,0.0,0.02,0.0,0.0,0.0,0.0,0.0,0,0,0
1756703776,2264,0.05,0.0,-0.07,0.0,0.0,0.0,0.0,0.0,0,0,0
1756703776,2265,0.0,0.0,0.0,0.0,0.0,0.0,0.0,0.0,0,0,0
1756703776,2266,0.0,0.0,0.0,0.0,0.0,0.0,0.0,0.0,0,0,0
1756703776,2267,0.02,0.0,-0.02,0.0,0.0,0.0,0.0,0.0,0,0,0
1756703776,2268,-0.02,0.0,0.0,0.0,0.0,0.0,0.0,0.0,0,0,0
1756703776,2269,0.0,0.0,-0.03,0.0,0.0,0.0,0.0,0.0,0,0,0
1756703776,2270,0.02,0.0,0.0,0.0,0.0,0.0,0.0,0.0,0,0,0
1756703776,2271,0.0,0.0,-0.01,0.0,0.0,0.0,0.0,0.0,0,0,0
1756703776,2272,0.03,0.0,0.0,0.0,0.0,0.0,0.0,0.0,0,0,0
1756703776,2273,0.0,0.0,0.01,0.0,0.0,0.0,0.0,0.0,0,0,0
1756703776,2274,0.09,0.0,-0.07,0.0,0.0,0.0,0.0,0.0,0,0,0
1756703777,2275,0.03,0.0,-0.02,0.0,0.0,0.0,0.0,0.0,0,0,0
1756703777,2276,0.03,0.0,-0.01,0.0,0.0,0.0,0.0,0.0,0,0,0
1756703777,2277,0.03,0.0,-0.02,0.0,0.0,0.0,0.0,0.0,0,0,0
1756703777,2278,0.05,0.0,-0.03,0.0,0.0,0.0,0.0,0.0,0,0,0
1756703777,2279,0.0,0.0,0.0,0.0,0.0,0.0,0.0,0.0,0,0,0
1756703777,2280,0.0,0.0,-0.01,0.0,0.0,0.0,0.0,0.0,0,0,0
1756703777,2281,0.0,0.0,0.0,0.0,0.0,0.0,0.0,0.0,0,0,0
1756703777,2282,-0.01,0.0,-0.02,0.0,0.0,0.0,0.0,0.0,0,0,0
1756703777,2283,-0.07,0.0,0.0,0.0,0.0,0.0,0.0,0.0,0,0,0
1756703777,2284,-0.1,0.0,-0.03,0.0,0.0,0.0,0.0,0.0,0,0,0
1756703777,2285,0.05,0.0,-0.02,0.0,0.0,0.0,0.0,0.0,0,0,0
1756703777,2286,0.02,0.0,0.0,0.0,0.0,0.0,0.0,0.0,0,0,0
1756703777,2287,0.0,0.0,0.02,0.0,0.0,0.0,0.0,0.0,0,0,0
1756703777,2288,0.03,0.0,-0.01,0.0,0.0,0.0,0.0,0.0,0,0,0
1756703777,2289,0.0,0.0,-0.05,0.0,0.0,0.0,0.0,0.0,0,0,0
1756703777,2290,0.02,0.0,-0.03,0.0,0.0,0.0,0.0,0.0,0,0,0
1756703777,2291,0.0,0.0,-0.02,0.0,0.0,0.0,0.0,0.0,0,0,0
1756703777,2292,0.02,0.0,0.0,0.0,0.0,0.0,0.0,0.0,0,0,0
1756703777,2293,-0.01,0.0,-0.05,0.0,0.0,0.0,0.0,0.0,0,0,0
1756703777,2294,0.0,0.0,0.0,0.0,0.0,0.0,0.0,0.0,0,0,0
1756703777,2295,0.05,0.0,0.0,0.0,0.0,0.0,0.0,0.0,0,0,0
1756703777,2296,0.05,0.0,0.0,0.0,0.0,0.0,0.0,0.0,0,0,0
1756703777,2297,0.0,0.0,-0.01,0.0,0.0,0.0,0.0,0.0,0,0,0
1756703777,2298,0.0,0.0,-0.02,0.0,0.0,0.0,0.0,0.0,0,0,0
1756703777,2299,0.0,0.0,0.0,0.0,0.0,0.0,0.0,0.0,0,0,0
1756703777,2300,0.01,0.0,-0.05,0.0,0.0,0.0,0.0,0.0,0,0,0
1756703777,2301,0.02,0.0,-0.02,0.0,0.0,0.0,0.0,0.0,0,0,0
1756703777,2302,0.03,0.0,-0.01,0.0,0.0,0.0,0.0,0.0,0,0,0
1756703777,2303,0.0,0.0,0.0,0.0,0.0,0.0,0.0,0.0,0,0,0
1756703777,2304,0.07,0.0,0.0,0.0,0.0,0.0,0.0,0.0,0,0,0
1756703777,2305,0.02,0.0,0.0,0.0,0.0,0.0,0.0,0.0,0,0,0
1756703777,2306,0.0,0.0,-0.02,0.0,0.0,0.0,0.0,0.0,0,0,0
1756703777,2307,0.05,0.0,0.0,0.0,0.0,0.0,0.0,0.0,0,0,0
1756703777,2308,0.02,0.0,0.0,0.0,0.0,0.0,0.0,0.0,0,0,0
1756703777,2309,0.05,0.0,0.0,0.0,0.0,0.0,0.0,0.0,0,0,0
1756703777,2310,0.03,0.0,-0.01,0.0,0.0,0.0,0.0,0.0,0,0,0
1756703777,2311,0.02,0.0,0.01,0.0,0.0,0.0,0.0,0.0,0,0,0
1756703777,2312,0.0,0.0,0.0,0.0,0.0,0.0,0.0,0.0,0,0,0
1756703777,2313,0.0,0.0,-0.01,0.0,0.0,0.0,0.0,0.0,0,0,0
1756703777,2314,-0.01,0.0,0.0,0.0,0.0,0.0,0.0,0.0,0,0,0
1756703777,2315,0.01,0.0,-0.07,0.0,0.0,0.0,0.0,0.0,0,0,0
1756703777,2316,0.0,0.0,-0.02,0.0,0.0,0.0,0.0,0.0,0,0,0
1756703777,2317,0.07,0.0,-0.05,0.0,0.0,0.0,0.0,0.0,0,0,0
1756703777,2318,-0.01,0.0,0.0,0.0,0.0,0.0,0.0,0.0,0,0,0
1756703777,2319,0.02,0.0,-0.03,0.0,0.0,0.0,0.0,0.0,0,0,0
1756703777,2320,0.01,0.0,0.0,0.0,0.0,0.0,0.0,0.0,0,0,0
1756703777,2321,0.0,0.0,-0.02,0.0,0.0,0.0,0.0,0.0,0,0,0
1756703777,2322,0.0,0.0,0.0,0.0,0.0,0.0,0.0,0.0,0,0,0
1756703777,2323,0.0,0.0,-0.01,0.0,0.0,0.0,0.0,0.0,0,0,0
1756703777,2324,0.07,0.0,-0.02,0.0,0.0,0.0,0.0,0.0,0,0,0
1756703777,2325,0.01,0.0,-0.01,0.0,0.0,0.0,0.0,0.0,0,0,0
1756703777,2326,0.0,0.0,-0.03,0.0,0.0,0.0,0.0,0.0,0,0,0
1756703777,2327,0.05,0.0,-0.05,0.0,0.0,0.0,0.0,0.0,0,0,0
1756703777,2328,0.03,0.0,0.01,0.0,0.0,0.0,0.0,0.0,0,0,0
1756703777,2329,0.0,0.0,0.0,0.0,0.0,0.0,0.0,0.0,0,0,0
1756703777,2330,0.05,0.0,-0.05,0.0,0.0,0.0,0.0,0.0,0,0,0
1756703777,2331,0.0,0.0,-0.02,0.0,0.0,0.0,0.0,0.0,0,0,0
1756703777,2332,-0.02,0.0,0.05,0.0,0.0,0.0,0.0,0.0,0,0,0
1756703777,2333,0.05,0.0,-0.05,0.0,0.0,0.0,0.0,0.0,0,0,0
1756703777,2334,-0.01,0.0,0.02,0.0,0.0,0.0,0.0,0.0,0,0,0
1756703777,2335,0.03,0.0,-0.01,0.0,0.0,0.0,0.0,0.0,0,0,0
1756703777,2336,0.03,0.0,0.0,0.0,0.0,0.0,0.0,0.0,0,0,0
1756703777,2337,0.03,0.0,0.0,0.0,0.0,0.0,0.0,0.0,0,0,0
1756703777,2338,0.03,0.0,-0.05,0.0,0.0,0.0,0.0,0.0,0,0,0
1756703777,2339,0.0,0.0,-0.01,0.0,0.0,0.0,0.0,0.0,0,0,0
1756703778,2340,0.0,0.0,-0.02,0.0,0.0,0.0,0.0,0.0,0,0,0
1756703778,2341,0.0,0.0,-0.05,0.0,0.0,0.0,0.0,0.0,0,0,0
1756703778,2342,0.0,0.0,-0.05,0.0,0.0,0.0,0.0,0.0,0,0,0
1756703778,2343,0.07,0.0,0.0,0.0,0.0,0.0,0.0,0.0,0,0,0
1756703778,2344,0.03,0.0,0.0,0.0,0.0,0.0,0.0,0.0,0,0,0
1756703778,2345,0.0,0.0,-0.03,0.0,0.0,0.0,0.0,0.0,0,0,0
1756703778,2346,0.05,0.0,-0.01,0.0,0.0,0.0,0.0,0.0,0,0,0
1756703778,2347,0.0,0.0,-0.01,0.0,0.0,0.0,0.0,0.0,0,0,0
1756703778,2348,0.03,0.0,0.0,0.0,0.0,0.0,0.0,0.0,0,0,0
1756703778,2349,0.0,0.0,-0.01,0.0,0.0,0.0,0.0,0.0,0,0,0
1756703778,2350,0.0,0.0,0.03,0.0,0.0,0.0,0.0,0.0,0,0,0
1756703778,2351,0.03,0.0,0.0,0.0,0.0,0.0,0.0,0.0,0,0,0
1756703778,2352,0.01,0.0,-0.01,0.0,0.0,0.0,0.0,0.0,0,0,0
1756703778,2353,0.01,0.0,0.0,0.0,0.0,0.0,0.0,0.0,0,0,0
1756703778,2354,0.02,0.0,0.0,0.0,0.0,0.0,0.0,0.0,0,0,0
1756703778,2355,0.01,0.0,-0.03,0.0,0.0,0.0,0.0,0.0,0,0,0
1756703778,2356,0.0,0.0,-0.01,0.0,0.0,0.0,0.0,0.0,0,0,0
1756703778,2357,0.0,0.0,0.0,0.0,0.0,0.0,0.0,0.0,0,0,0
1756703778,2358,0.05,0.0,-0.03,0.0,0.0,0.0,0.0,0.0,0,0,0
1756703778,2359,0.0,0.0,-0.01,0.0,0.0,0.0,0.0,0.0,0,0,0
1756703778,2360,0.02,0.0,-0.01,0.0,0.0,0.0,0.0,0.0,0,0,0
1756703778,2361,0.05,0.0,0.0,0.0,0.0,0.0,0.0,0.0,0,0,0
1756703778,2362,0.0,0.0,0.0,0.0,0.0,0.0,0.0,0.0,0,0,0
1756703778,2363,0.03,0.0,0.0,0.0,0.0,0.0,0.0,0.0,0,0,0
1756703778,2364,-0.02,0.0,-0.02,0.0,0.0,0.0,0.0,0.0,0,0,0
1756703778,2365,0.03,0.0,-0.01,0.0,0.0,0.0,0.0,0.0,0,0,0
1756703778,2366,0.01,0.0,-0.02,0.0,0.0,0.0,0.0,0.0,0,0,0
1756703778,2367,0.05,0.0,-0.03,0.0,0.0,0.0,0.0,0.0,0,0,0
1756703778,2368,-0.01,0.0,-0.05,0.0,0.0,0.0,0.0,0.0,0,0,0
1756703778,2369,0.01,0.0,0.0,0.0,0.0,0.0,0.0,0.0,0,0,0
1756703778,2370,0.0,0.0,-0.05,0.0,0.0,0.0,0.0,0.0,0,0,0
1756703778,2371,0.01,0.0,-0.01,0.0,0.0,0.0,0.0,0.0,0,0,0
1756703778,2372,0.01,0.0,-0.02,0.0,0.0,0.0,0.0,0.0,0,0,0
1756703778,2373,0.17,0.0,-0.07,0.0,0.0,0.0,0.0,0.0,0,0,0
1756703778,2374,0.0,0.0,-0.05,0.0,0.0,0.0,0.0,0.0,0,0,0
1756703778,2375,0.0,0.0,-0.01,0.0,0.0,0.0,0.0,0.0,0,0,0
1756703778,2376,0.0,0.0,-0.07,0.0,0.0,0.0,0.0,0.0,0,0,0
1756703778,2377,0.0,0.0,0.0,0.0,0.0,0.0,0.0,0.0,0,0,0
1756703778,2378,0.09,0.0,-0.01,0.0,0.0,0.0,0.0,0.0,0,0,0
1756703778,2379,0.0,0.0,0.0,0.0,0.0,0.0,0.0,0.0,0,0,0
1756703778,2380,0.0,0.0,0.0,0.0,0.0,0.0,0.0,0.0,0,0,0
1756703778,2381,0.0,0.0,-0.01,0.0,0.0,0.0,0.0,0.0,0,0,0
1756703778,2382,-0.21,0.0,-0.05,0.0,0.0,0.0,0.0,0.0,0,0,0
1756703778,2383,0.03,0.0,-0.01,0.0,0.0,0.0,0.0,0.0,0,0,0
1756703778,2384,0.12,0.0,-0.02,0.0,0.0,0.0,0.0,0.0,0,0,0
1756703778,2385,0.11,0.0,-0.02,0.0,0.0,0.0,0.0,0.0,0,0,0
1756703778,2386,0.0,0.0,-0.05,0.0,0.0,0.0,0.0,0.0,0,0,0
1756703778,2387,0.0,0.0,-0.05,0.0,0.0,0.0,0.0,0.0,0,0,0
1756703778,2388,0.0,0.0,-0.05,0.0,0.0,0.0,0.0,0.0,0,0,0
1756703778,2389,0.0,0.0,0.0,0.0,0.0,0.0,0.0,0.0,0,0,0
1756703778,2390,0.0,0.0,-0.01,0.0,0.0,0.0,0.0,0.0,0,0,0
1756703778,2391,0.0,0.0,0.02,0.0,0.0,0.0,0.0,0.0,0,0,0
1756703778,2392,0.02,0.0,-0.07,0.0,0.0,0.0,0.0,0.0,0,0,0
1756703778,2393,-0.02,0.0,-0.02,0.0,0.0,0.0,0.0,0.0,0,0,0
1756703778,2394,0.0,0.0,-0.03,0.0,0.0,0.0,0.0,0.0,0,0,0
1756703778,2395,0.05,0.0,-0.02,0.0,0.0,0.0,0.0,0.0,0,0,0
1756703778,2396,0.0,0.0,-0.01,0.0,0.0,0.0,0.0,0.0,0,0,0
1756703778,2397,0.01,0.0,-0.02,0.0,0.0,0.0,0.0,0.0,0,0,0
1756703778,2398,0.03,0.0,-0.02,0.0,0.0,0.0,0.0,0.0,0,0,0
1756703778,2399,0.0,0.0,0.0,0.0,0.0,0.0,0.0,0.0,0,0,0
1756703778,2400,0.05,0.0,-0.01,0.0,0.0,0.0,0.0,0.0,0,0,0
1756703778,2401,0.02,0.0,0.03,0.0,0.0,0.0,0.0,0.0,0,0,0
1756703778,2402,0.0,0.0,0.0,0.0,0.0,0.0,0.0,0.0,0,0,0
1756703778,2403,0.0,0.0,-0.01,0.0,0.0,0.0,0.0,0.0,0,0,0
1756703778,2404,0.01,0.0,-0.03,0.0,0.0,0.0,0.0,0.0,0,0,0
1756703778,2405,0.05,0.0,-0.01,0.0,0.0,0.0,0.0,0.0,0,0,0
1756703778,2406,-0.05,0.0,-0.07,0.0,0.0,0.0,0.0,0.0,0,0,0
1756703779,2407,0.01,0.0,0.0,0.0,0.0,0.0,0.0,0.0,0,0,0
1756703779,2408,0.02,0.0,0.0,0.0,0.0,0.0,0.0,0.0,0,0,0
1756703779,2409,0.0,0.0,-0.01,0.0,0.0,0.0,0.0,0.0,0,0,0
1756703779,2410,0.0,0.0,0.0,0.0,0.0,0.0,0.0,0.0,0,0,0
1756703779,2411,-0.01,0.0,0.0,0.0,0.0,0.0,0.0,0.0,0,0,0
1756703779,2412,0.0,0.0,-0.03,0.0,0.0,0.0,0.0,0.0,0,0,0
1756703779,2413,0.05,0.0,-0.1,0.0,0.0,0.0,0.0,0.0,0,0,0
1756703779,2414,0.01,0.0,0.0,0.0,0.0,0.0,0.0,0.0,0,0,0
1756703779,2415,0.03,0.0,0.0,0.0,0.0,0.0,0.0,0.0,0,0,0
1756703779,2416,0.05,0.0,0.01,0.0,0.0,0.0,0.0,0.0,0,0,0
1756703779,2417,0.0,0.0,-0.01,0.0,0.0,0.0,0.0,0.0,0,0,0
1756703779,2418,0.0,0.0,0.0,0.0,0.0,0.0,0.0,0.0,0,0,0
1756703779,2419,0.02,0.0,0.0,0.0,0.0,0.0,0.0,0.0,0,0,0
1756703779,2420,0.02,0.0,-0.02,0.0,0.0,0.0,0.0,0.0,0,0,0
1756703779,2421,0.07,0.0,0.03,0.0,0.0,0.0,0.0,0.0,0,0,0
1756703779,2422,0.0,0.0,-0.05,0.0,0.0,0.0,0.0,0.0,0,0,0
1756703779,2423,0.0,0.0,0.0,0.0,0.0,0.0,0.0,0.0,0,0,0
1756703779,2424,0.0,0.0,0.0,0.0,0.0,0.0,0.0,0.0,0,0,0
1756703779,2425,0.0,0.0,0.0,0.0,0.0,0.0,0.0,0.0,0,0,0
1756703779,2426,0.07,0.0,-0.02,0.0,0.0,0.0,0.0,0.0,0,0,0
1756703779,2427,0.0,0.0,0.02,0.0,0.0,0.0,0.0,0.0,0,0,0
1756703779,2428,0.0,0.0,0.0,0.0,0.0,0.0,0.0,0.0,0,0,0
1756703779,2429,0.05,0.0,0.03,0.0,0.0,0.0,0.0,0.0,0,0,0
1756703779,2430,0.02,0.0,0.01,0.0,0.0,0.0,0.0,0.0,0,0,0
1756703779,2431,-0.02,0.0,0.0,0.0,0.0,0.0,0.0,0.0,0,0,0
1756703779,2432,0.0,0.0,0.0,0.0,0.0,0.0,0.0,0.0,0,0,0
1756703779,2433,-0.05,0.0,0.0,0.0,0.0,0.0,0.0,0.0,0,0,0
1756703779,2434,0.05,0.0,-0.01,0.0,0.0,0.0,0.0,0.0,0,0,0
1756703779,2435,0.0,0.0,0.0,0.0,0.0,0.0,0.0,0.0,0,0,0
1756703779,2436,0.0,0.0,-0.01,0.0,0.0,0.0,0.0,0.0,0,0,0
1756703779,2437,-0.03,0.0,0.0,0.0,0.0,0.0,0.0,0.0,0,0,0
1756703779,2438,0.02,0.0,-0.02,0.0,0.0,0.0,0.0,0.0,0,0,0
1756703779,2439,-0.03,0.0,-0.02,0.0,0.0,0.0,0.0,0.0,0,0,0
1756703779,2440,0.0,0.0,-0.02,0.0,0.0,0.0,0.0,0.0,0,0,0
1756703779,2441,0.01,0.0,0.0,0.0,0.0,0.0,0.0,0.0,0,0,0
1756703779,2442,0.05,0.0,-0.03,0.0,0.0,0.0,0.0,0.0,0,0,0
1756703779,2443,0.0,0.0,-0.03,0.0,0.0,0.0,0.0,0.0,0,0,0
1756703779,2444,0.02,0.0,-0.02,0.0,0.0,0.0,0.0,0.0,0,0,0
1756703779,2445,0.0,0.0,0.0,0.0,0.0,0.0,0.0,0.0,0,0,0
1756703779,2446,0.0,0.0,-0.01,0.0,0.0,0.0,0.0,0.0,0,0,0
1756703779,2447,0.0,0.0,0.0,0.0,0.0,0.0,0.0,0.0,0,0,0
1756703779,2448,0.03,0.0,0.0,0.0,0.0,0.0,0.0,0.0,0,0,0
1756703779,2449,0.01,0.0,-0.03,0.0,0.0,0.0,0.0,0.0,0,0,0
1756703779,2450,0.05,0.0,-0.01,0.0,0.0,0.0,0.0,0.0,0,0,0
1756703779,2451,0.05,0.0,-0.03,0.0,0.0,0.0,0.0,0.0,0,0,0
1756703779,2452,0.05,0.0,0.0,0.0,0.0,0.0,0.0,0.0,0,0,0
1756703779,2453,0.03,0.0,-0.05,0.0,0.0,0.0,0.0,0.0,0,0,0
1756703779,2454,0.01,0.0,0.0,0.0,0.0,0.0,0.0,0.0,0,0,0
1756703779,2455,0.0,0.0,0.0,0.0,0.0,0.0,0.0,0.0,0,0,0
1756703779,2456,-0.03,0.0,0.0,0.0,0.0,0.0,0.0,0.0,0,0,0
1756703779,2457,0.03,0.0,-0.07,0.0,0.0,0.0,0.0,0.0,0,0,0
1756703779,2458,0.01,0.0,-0.05,0.0,0.0,0.0,0.0,0.0,0,0,0
1756703779,2459,0.01,0.0,0.0,0.0,0.0,0.0,0.0,0.0,0,0,0
1756703779,2460,0.02,0.0,0.07,0.0,0.0,0.0,0.0,0.0,0,0,0
1756703779,2461,0.03,0.0,-0.05,0.0,0.0,0.0,0.0,0.0,0,0,0
1756703779,2462,0.0,0.0,0.0,0.0,0.0,0.0,0.0,0.0,0,0,0
1756703779,2463,0.02,0.0,-0.03,0.0,0.0,0.0,0.0,0.0,0,0,0
1756703779,2464,0.0,0.0,-0.01,0.0,0.0,0.0,0.0,0.0,0,0,0
1756703779,2465,0.0,0.0,-0.03,0.0,0.0,0.0,0.0,0.0,0,0,0
1756703779,2466,0.05,0.0,-0.01,0.0,0.0,0.0,0.0,0.0,0,0,0
1756703779,2467,0.03,0.0,0.0,0.0,0.0,0.0,0.0,0.0,0,0,0
1756703779,2468,0.0,0.0,-0.02,0.0,0.0,0.0,0.0,0.0,0,0,0
1756703779,2469,0.02,0.0,0.0,0.0,0.0,0.0,0.0,0.0,0,0,0
1756703779,2470,0.01,0.0,0.0,0.0,0.0,0.0,0.0,0.0,0,0,0
1756703780,2471,0.0,0.0,-0.01,0.0,0.0,0.0,0.0,0.0,0,0,0
1756703780,2472,0.0,0.0,0.0,0.0,0.0,0.0,0.0,0.0,0,0,0
1756703780,2473,0.01,0.0,0.0,0.0,0.0,0.0,0.0,0.0,0,0,0
1756703780,2474,0.02,0.0,0.0,0.0,0.0,0.0,0.0,0.0,0,0,0
1756703780,2475,0.0,0.0,-0.01,0.0,0.0,0.0,0.0,0.0,0,0,0
1756703780,2476,0.05,0.0,-0.03,0.0,0.0,0.0,0.0,0.0,0,0,0
1756703780,2477,0.0,0.0,0.0,0.0,0.0,0.0,0.0,0.0,0,0,0
1756703780,2478,0.0,0.0,-0.03,0.0,0.0,0.0,0.0,0.0,0,0,0
1756703780,2479,0.02,0.0,-0.05,0.0,0.0,0.0,0.0,0.0,0,0,0
1756703780,2480,0.01,0.0,-0.07,0.0,0.0,0.0,0.0,0.0,0,0,0
1756703780,2481,0.01,0.0,-0.01,0.0,0.0,0.0,0.0,0.0,0,0,0
1756703780,2482,0.0,0.0,-0.05,0.0,0.0,0.0,0.0,0.0,0,0,0
1756703780,2483,0.0,0.0,0.0,0.0,0.0,0.0,0.0,0.0,0,0,0
1756703780,2484,-0.03,0.0,0.0,0.0,0.0,0.0,0.0,0.0,0,0,0
1756703780,2485,0.05,0.0,0.0,0.0,0.0,0.0,0.0,0.0,0,0,0
1756703780,2486,0.01,0.0,0.0,0.0,0.0,0.0,0.0,0.0,0,0,0
1756703780,2487,0.02,0.0,-0.05,0.0,0.0,0.0,0.0,0.0,0,0,0
1756703780,2488,-0.02,0.0,0.0,0.0,0.0,0.0,0.0,0.0,0,0,0
1756703780,2489,0.01,0.0,-0.02,0.0,0.0,0.0,0.0,0.0,0,0,0
1756703780,2490,0.03,0.0,0.03,0.0,0.0,0.0,0.0,0.0,0,0,0
1756703780,2491,0.0,0.0,-0.01,0.0,0.0,0.0,0.0,0.0,0,0,0
1756703780,2492,0.01,0.0,0.0,0.0,0.0,0.0,0.0,0.0,0,0,0
1756703780,2493,0.01,0.0,-0.03,0.0,0.0,0.0,0.0,0.0,0,0,0
1756703780,2494,0.0,0.0,-0.01,0.0,0.0,0.0,0.0,0.0,0,0,0
1756703780,2495,0.0,0.0,-0.03,0.0,0.0,0.0,0.0,0.0,0,0,0
1756703780,2496,0.05,0.0,-0.03,0.0,0.0,0.0,0.0,0.0,0,0,0
1756703780,2497,0.0,0.0,0.0,0.0,0.0,0.0,0.0,0.0,0,0,0
1756703780,2498,-0.01,0.0,-0.03,0.0,0.0,0.0,0.0,0.0,0,0,0
1756703780,2499,0.0,0.0,-0.01,0.0,0.0,0.0,0.0,0.0,0,0,0
1756703780,2500,0.0,0.0,0.0,0.0,0.0,0.0,0.0,0.0,0,0,0
1756703780,2501,0.03,0.0,-0.02,0.0,0.0,0.0,0.0,0.0,0,0,0
1756703780,2502,0.03,0.0,-0.01,0.0,0.0,0.0,0.0,0.0,0,0,0
1756703780,2503,0.01,0.0,-0.03,0.0,0.0,0.0,0.0,0.0,0,0,0
1756703780,2504,0.0,0.0,-0.01,0.0,0.0,0.0,0.0,0.0,0,0,0
1756703780,2505,0.02,0.0,-0.01,0.0,0.0,0.0,0.0,0.0,0,0,0
1756703780,2506,0.0,0.0,-0.03,0.0,0.0,0.0,0.0,0.0,0,0,0
1756703780,2507,0.03,0.0,0.0,0.0,0.0,0.0,0.0,0.0,0,0,0
1756703780,2508,0.05,0.0,-0.05,0.0,0.0,0.0,0.0,0.0,0,0,0
1756703780,2509,0.0,0.0,-0.02,0.0,0.0,0.0,0.0,0.0,0,0,0
1756703780,2510,-0.01,0.0,-0.07,0.0,0.0,0.0,0.0,0.0,0,0,0
1756703780,2511,0.0,0.0,-0.03,0.0,0.0,0.0,0.0,0.0,0,0,0
1756703780,2512,-0.02,0.0,-0.05,0.0,0.0,0.0,0.0,0.0,0,0,0
1756703780,2513,0.01,0.0,0.0,0.0,0.0,0.0,0.0,0.0,0,0,0
1756703780,2514,0.05,0.0,-0.05,0.0,0.0,0.0,0.0,0.0,0,0,0
1756703780,2515,-0.01,0.0,-0.07,0.0,0.0,0.0,0.0,0.0,0,0,0
1756703780,2516,-0.05,0.0,-0.05,0.0,0.0,0.0,0.0,0.0,0,0,0
1756703780,2517,0.01,0.0,-0.01,0.0,0.0,0.0,0.0,0.0,0,0,0
1756703780,2518,0.0,0.0,0.0,0.0,0.0,0.0,0.0,0.0,0,0,0
1756703780,2519,0.0,0.0,0.03,0.0,0.0,0.0,0.0,0.0,0,0,0
1756703780,2520,0.03,0.0,0.0,0.0,0.0,0.0,0.0,0.0,0,0,0
1756703780,2521,0.0,0.0,0.0,0.0,0.0,0.0,0.0,0.0,0,0,0
1756703780,2522,0.02,0.0,-0.01,0.0,0.0,0.0,0.0,0.0,0,0,0
1756703780,2523,0.03,0.0,-0.01,0.0,0.0,0.0,0.0,0.0,0,0,0
1756703780,2524,0.0,0.0,-0.05,0.0,0.0,0.0,0.0,0.0,0,0,0
1756703780,2525,0.0,0.0,-0.03,0.0,0.0,0.0,0.0,0.0,0,0,0
1756703780,2526,0.0,0.0,0.01,0.0,0.0,0.0,0.0,0.0,0,0,0
1756703780,2527,0.0,0.0,-0.03,0.0,0.0,0.0,0.0,0.0,0,0,0
1756703780,2528,0.0,0.0,0.0,0.0,0.0,0.0,0.0,0.0,0,0,0
1756703780,2529,0.0,0.0,-0.01,0.0,0.0,0.0,0.0,0.0,0,0,0
1756703780,2530,0.01,0.0,0.0,0.0,0.0,0.0,0.0,0.0,0,0,0
1756703780,2531,0.0,0.0,-0.03,0.0,0.0,0.0,0.0,0.0,0,0,0
1756703780,2532,0.03,0.0,-0.02,0.0,0.0,0.0,0.0,0.0,0,0,0
1756703780,2533,0.02,0.0,0.0,0.0,0.0,0.0,0.0,0.0,0,0,0
1756703780,2534,0.07,0.0,0.02,0.0,0.0,0.0,0.0,0.0,0,0,0
1756703780,2535,0.0,0.0,0.0,0.0,0.0,0.0,0.0,0.0,0,0,0
1756703780,2536,0.02,0.0,0.0,0.0,0.0,0.0,0.0,0.0,0,0,0
1756703780,2537,0.0,0.0,0.1,0.0,0.0,0.0,0.0,0.0,0,0,0
1756703781,2538,-0.03,0.0,-0.02,0.0,0.0,0.0,0.0,0.0,0,0,0
1756703781,2539,0.0,0.0,-0.01,0.0,0.0,0.0,0.0,0.0,0,0,0
1756703781,2540,0.0,0.0,-0.09,0.0,0.0,0.0,0.0,0.0,0,0,0
1756703781,2541,0.05,0.0,-0.05,0.0,0.0,0.0,0.0,0.0,0,0,0
1756703781,2542,0.02,0.0,-0.05,0.0,0.0,0.0,0.0,0.0,0,0,0
1756703781,2543,0.03,0.0,-0.03,0.0,0.0,0.0,0.0,0.0,0,0,0
1756703781,2544,0.05,0.0,-0.03,0.0,0.0,0.0,0.0,0.0,0,0,0
1756703781,2545,0.0,0.0,-0.05,0.0,0.0,0.0,0.0,0.0,0,0,0
1756703781,2546,0.03,0.0,0.0,0.0,0.0,0.0,0.0,0.0,0,0,0
1756703781,2547,0.0,0.0,0.0,0.0,0.0,0.0,0.0,0.0,0,0,0
1756703781,2548,0.05,0.0,-0.02,0.0,0.0,0.0,0.0,0.0,0,0,0
1756703781,2549,0.0,0.0,-0.03,0.0,0.0,0.0,0.0,0.0,0,0,0
1756703781,2550,-0.05,0.0,-0.07,0.0,0.0,0.0,0.0,0.0,0,0,0
1756703781,2551,0.0,0.0,-0.03,0.0,0.0,0.0,0.0,0.0,0,0,0
1756703781,2552,0.0,0.0,0.0,0.0,0.0,0.0,0.0,0.0,0,0,0
1756703781,2553,0.07,0.0,0.0,0.0,0.0,0.0,0.0,0.0,0,0,0
1756703781,2554,-0.01,0.0,0.0,0.0,0.0,0.0,0.0,0.0,0,0,0
1756703781,2555,0.02,0.0,0.0,0.0,0.0,0.0,0.0,0.0,0,0,0
1756703781,2556,0.0,0.0,0.0,0.0,0.0,0.0,0.0,0.0,0,0,0
1756703781,2557,0.0,0.0,-0.05,0.0,0.0,0.0,0.0,0.0,0,0,0
1756703781,2558,0.0,0.0,-0.02,0.0,0.0,0.0,0.0,0.0,0,0,0
1756703781,2559,0.0,0.0,0.0,0.0,0.0,0.0,0.0,0.0,0,0,0
1756703781,2560,0.01,0.0,-0.05,0.0,0.0,0.0,0.0,0.0,0,0,0
1756703781,2561,0.0,0.0,0.0,0.0,0.0,0.0,0.0,0.0,0,0,0
1756703781,2562,0.07,0.0,-0.05,0.0,0.0,0.0,0.0,0.0,0,0,0
1756703781,2563,0.01,0.0,0.0,0.0,0.0,0.0,0.0,0.0,0,0,0
1756703781,2564,0.02,0.0,-0.07,0.0,0.0,0.0,0.0,0.0,0,0,0
1756703781,2565,0.0,0.0,0.0,0.0,0.0,0.0,0.0,0.0,0,0,0
1756703781,2566,0.0,0.0,0.0,0.0,0.0,0.0,0.0,0.0,0,0,0
1756703781,2567,0.0,0.0,0.0,0.0,0.0,0.0,0.0,0.0,0,0,0
1756703781,2568,0.03,0.0,0.05,0.0,0.0,0.0,0.0,0.0,0,0,0
1756703781,2569,-0.01,0.0,0.0,0.0,0.0,0.0,0.0,0.0,0,0,0
1756703781,2570,0.01,0.0,-0.05,0.0,0.0,0.0,0.0,0.0,0,0,0
1756703781,2571,0.0,0.0,-0.01,0.0,0.0,0.0,0.0,0.0,0,0,0
1756703781,2572,0.05,0.0,-0.05,0.0,0.0,0.0,0.0,0.0,0,0,0
1756703781,2573,0.0,0.0,-0.03,0.0,0.0,0.0,0.0,0.0,0,0,0
1756703781,2574,0.01,0.0,0.0,0.0,0.0,0.0,0.0,0.0,0,0,0
1756703781,2575,-0.1,0.0,0.0,0.0,0.0,0.0,0.0,0.0,0,0,0
1756703781,2576,-0.1,0.0,0.0,0.0,0.0,0.0,0.0,0.0,0,0,0
1756703781,2577,0.0,0.0,0.0,0.0,0.0,0.0,0.0,0.0,0,0,0
1756703781,2578,0.0,0.0,-0.05,0.0,0.0,0.0,0.0,0.0,0,0,0
1756703781,2579,0.05,0.0,0.0,0.0,0.0,0.0,0.0,0.0,0,0,0
1756703781,2580,0.0,0.0,-0.02,0.0,0.0,0.0,0.0,0.0,0,0,0
1756703781,2581,0.02,0.0,0.0,0.0,0.0,0.0,0.0,0.0,0,0,0
1756703781,2582,0.0,0.0,0.01,0.0,0.0,0.0,0.0,0.0,0,0,0
1756703781,2583,0.0,0.0,0.0,0.0,0.0,0.0,0.0,0.0,0,0,0
1756703781,2584,0.0,0.0,-0.02,0.0,0.0,0.0,0.0,0.0,0,0,0
1756703781,2585,0.03,0.0,-0.05,0.0,0.0,0.0,0.0,0.0,0,0,0
1756703781,2586,0.0,0.0,-0.02,0.0,0.0,0.0,0.0,0.0,0,0,0
1756703781,2587,-0.09,0.0,-0.02,0.0,0.0,0.0,0.0,0.0,0,0,0
1756703781,2588,0.0,0.0,0.0,0.0,0.0,0.0,0.0,0.0,0,0,0
1756703781,2589,0.0,0.0,0.1,0.0,0.0,0.0,0.0,0.0,0,0,0
1756703781,2590,0.07,0.0,0.0,0.0,0.0,0.0,0.0,0.0,0,0,0
1756703781,2591,-0.05,0.0,-0.01,0.0,0.0,0.0,0.0,0.0,0,0,0
1756703781,2592,0.0,0.0,-0.03,0.0,0.0,0.0,0.0,0.0,0,0,0
1756703781,2593,0.0,0.0,-0.05,0.0,0.0,0.0,0.0,0.0,0,0,0
1756703781,2594,0.03,0.0,0.0,0.0,0.0,0.0,0.0,0.0,0,0,0
1756703781,2595,-0.01,0.0,0.09,0.0,0.0,0.0,0.0,0.0,0,0,0
1756703781,2596,0.03,0.0,0.0,0.0,0.0,0.0,0.0,0.0,0,0,0
1756703781,2597,0.0,0.0,0.0,0.0,0.0,0.0,0.0,0.0,0,0,0
1756703781,2598,0.03,0.0,-0.01,0.0,0.0,0.0,0.0,0.0,0,0,0
1756703781,2599,0.05,0.0,-0.02,0.0,0.0,0.0,0.0,0.0,0,0,0
1756703781,2600,0.01,0.0,-0.01,0.0,0.0,0.0,0.0,0.0,0,0,0
1756703781,2601,0.0,0.0,-0.02,0.0,0.0,0.0,0.0,0.0,0,0,0
1756703781,2602,-0.01,0.0,-0.02,0.0,0.0,0.0,0.0,0.0,0,0,0
1756703781,2603,0.02,0.0,-0.12,0.0,0.0,0.0,0.0,0.0,0,0,0
1756703782,2604,0.01,0.0,0.0,0.0,0.0,0.0,0.0,0.0,0,0,0
1756703782,2605,-0.01,0.0,-0.05,0.0,0.0,0.0,0.0,0.0,0,0,0
1756703782,2606,0.02,0.0,0.03,0.0,0.0,0.0,0.0,0.0,0,0,0
1756703782,2607,-0.01,0.0,-0.01,0.0,0.0,0.0,0.0,0.0,0,0,0
1756703782,2608,0.0,0.0,0.0,0.0,0.0,0.0,0.0,0.0,0,0,0
1756703782,2609,0.02,0.0,-0.01,0.0,0.0,0.0,0.0,0.0,0,0,0
1756703782,2610,0.0,0.0,0.0,0.0,0.0,0.0,0.0,0.0,0,0,0
1756703782,2611,0.01,0.0,-0.01,0.0,0.0,0.0,0.0,0.0,0,0,0
1756703782,2612,0.0,0.0,-0.01,0.0,0.0,0.0,0.0,0.0,0,0,0
1756703782,2613,0.0,0.0,-0.02,0.0,0.0,0.0,0.0,0.0,0,0,0
1756703782,2614,0.05,0.0,0.0,0.0,0.0,0.0,0.0,0.0,0,0,0
1756703782,2615,0.01,0.0,0.0,0.0,0.0,0.0,0.0,0.0,0,0,0
1756703782,2616,0.02,0.0,0.0,0.0,0.0,0.0,0.0,0.0,0,0,0
1756703782,2617,0.05,0.0,-0.05,0.0,0.0,0.0,0.0,0.0,0,0,0
1756703782,2618,0.05,0.0,-0.03,0.0,0.0,0.0,0.0,0.0,0,0,0
1756703782,2619,-0.02,0.0,-0.05,0.0,0.0,0.0,0.0,0.0,0,0,0
1756703782,2620,-0.01,0.0,-0.02,0.0,0.0,0.0,0.0,0.0,0,0,0
1756703782,2621,0.0,0.0,-0.02,0.0,0.0,0.0,0.0,0.0,0,0,0
1756703782,2622,0.02,0.0,0.01,0.0,0.0,0.0,0.0,0.0,0,0,0
1756703782,2623,0.0,0.0,0.0,0.0,0.0,0.0,0.0,0.0,0,0,0
1756703782,2624,0.0,0.0,0.0,0.0,0.0,0.0,0.0,0.0,0,0,0
1756703782,2625,0.0,0.0,0.0,0.0,0.0,0.0,0.0,0.0,0,0,0
1756703782,2626,0.03,0.0,0.0,0.0,0.0,0.0,0.0,0.0,0,0,0
1756703782,2627,0.01,0.0,-0.01,0.0,0.0,0.0,0.0,0.0,0,0,0
1756703782,2628,0.0,0.0,-0.01,0.0,0.0,0.0,0.0,0.0,0,0,0
1756703782,2629,0.0,0.0,-0.01,0.0,0.0,0.0,0.0,0.0,0,0,0
1756703782,2630,0.01,0.0,0.0,0.0,0.0,0.0,0.0,0.0,0,0,0
1756703782,2631,-0.01,0.0,-0.03,0.0,0.0,0.0,0.0,0.0,0,0,0
1756703782,2632,0.02,0.0,-0.03,0.0,0.0,0.0,0.0,0.0,0,0,0
1756703782,2633,0.07,0.0,0.0,0.0,0.0,0.0,0.0,0.0,0,0,0
1756703782,2634,-0.01,0.0,0.0,0.0,0.0,0.0,0.0,0.0,0,0,0
1756703782,2635,-0.01,0.0,0.0,0.0,0.0,0.0,0.0,0.0,0,0,0
1756703782,2636,0.0,0.0,-0.07,0.0,0.0,0.0,0.0,0.0,0,0,0
1756703782,2637,0.01,0.0,0.0,0.0,0.0,0.0,0.0,0.0,0,0,0
1756703782,2638,0.02,0.0,-0.01,0.0,0.0,0.0,0.0,0.0,0,0,0
1756703782,2639,-0.01,0.0,-0.09,0.0,0.0,0.0,0.0,0.0,0,0,0
1756703782,2640,0.01,0.0,-0.03,0.0,0.0,0.0,0.0,0.0,0,0,0
1756703782,2641,0.01,0.0,-0.01,0.0,0.0,0.0,0.0,0.0,0,0,0
1756703782,2642,0.0,0.0,0.0,0.0,0.0,0.0,0.0,0.0,0,0,0
1756703782,2643,0.02,0.0,0.0,0.0,0.0,0.0,0.0,0.0,0,0,0
1756703782,2644,0.0,0.0,-0.05,0.0,0.0,0.0,0.0,0.0,0,0,0
1756703782,2645,0.0,0.0,0.0,0.0,0.0,0.0,0.0,0.0,0,0,0
1756703782,2646,0.0,0.0,-0.02,0.0,0.0,0.0,0.0,0.0,0,0,0
1756703782,2647,0.02,0.0,-0.03,0.0,0.0,0.0,0.0,0.0,0,0,0
1756703782,2648,0.0,0.0,0.0,0.0,0.0,0.0,0.0,0.0,0,0,0
1756703782,2649,0.05,0.0,0.0,0.0,0.0,0.0,0.0,0.0,0,0,0
1756703782,2650,0.0,0.0,0.0,0.0,0.0,0.0,0.0,0.0,0,0,0
1756703782,2651,0.0,0.0,0.0,0.0,0.0,0.0,0.0,0.0,0,0,0
1756703782,2652,0.0,0.0,0.0,0.0,0.0,0.0,0.0,0.0,0,0,0
1756703782,2653,0.07,0.0,-0.01,0.0,0.0,0.0,0.0,0.0,0,0,0
1756703782,2654,-0.02,0.0,0.0,0.0,0.0,0.0,0.0,0.0,0,0,0
1756703782,2655,0.0,0.0,-0.01,0.0,0.0,0.0,0.0,0.0,0,0,0
1756703782,2656,-0.01,0.0,-0.02,0.0,0.0,0.0,0.0,0.0,0,0,0
1756703782,2657,0.0,0.0,-0.03,0.0,0.0,0.0,0.0,0.0,0,0,0
1756703782,2658,0.0,0.0,-0.03,0.0,0.0,0.0,0.0,0.0,0,0,0
1756703782,2659,0.0,0.0,-0.05,0.0,0.0,0.0,0.0,0.0,0,0,0
1756703782,2660,0.0,0.0,0.0,0.0,0.0,0.0,0.0,0.0,0,0,0
1756703782,2661,-0.02,0.0,0.03,0.0,0.0,0.0,0.0,0.0,0,0,0
1756703782,2662,0.0,0.0,-0.09,0.0,0.0,0.0,0.0,0.0,0,0,0
1756703782,2663,0.0,0.0,-0.01,0.0,0.0,0.0,0.0,0.0,0,0,0
1756703782,2664,0.05,0.0,0.0,0.0,0.0,0.0,0.0,0.0,0,0,0
1756703782,2665,0.0,0.0,0.0,0.0,0.0,0.0,0.0,0.0,0,0,0
1756703782,2666,0.02,0.0,0.0,0.0,0.0,0.0,0.0,0.0,0,0,0
1756703782,2667,0.03,0.0,0.0,0.0,0.0,0.0,0.0,0.0,0,0,0
1756703782,2668,-0.01,0.0,0.0,0.0,0.0,0.0,0.0,0.0,0,0,0
1756703783,2669,0.03,0.0,0.0,0.0,0.0,0.0,0.0,0.0,0,0,0
1756703783,2670,0.02,0.0,-0.05,0.0,0.0,0.0,0.0,0.0,0,0,0
1756703783,2671,-0.01,0.0,-0.01,0.0,0.0,0.0,0.0,0.0,0,0,0
1756703783,2672,0.0,0.0,0.0,0.0,0.0,0.0,0.0,0.0,0,0,0
1756703783,2673,-0.07,0.0,0.01,0.0,0.0,0.0,0.0,0.0,0,0,0
1756703783,2674,0.0,0.0,-0.01,0.0,0.0,0.0,0.0,0.0,0,0,0
1756703783,2675,0.01,0.0,-0.03,0.0,0.0,0.0,0.0,0.0,0,0,0
1756703783,2676,0.03,0.0,0.0,0.0,0.0,0.0,0.0,0.0,0,0,0
1756703783,2677,-0.03,0.0,0.0,0.0,0.0,0.0,0.0,0.0,0,0,0
1756703783,2678,0.02,0.0,-0.05,0.0,0.0,0.0,0.0,0.0,0,0,0
1756703783,2679,0.0,0.0,0.0,0.0,0.0,0.0,0.0,0.0,0,0,0
1756703783,2680,0.0,0.0,0.0,0.0,0.0,0.0,0.0,0.0,0,0,0
1756703783,2681,-0.01,0.0,0.0,0.0,0.0,0.0,0.0,0.0,0,0,0
1756703783,2682,0.03,0.0,0.0,0.0,0.0,0.0,0.0,0.0,0,0,0
1756703783,2683,0.0,0.0,0.0,0.0,0.0,0.0,0.0,0.0,0,0,0
1756703783,2684,0.03,0.0,-0.01,0.0,0.0,0.0,0.0,0.0,0,0,0
1756703783,2685,0.0,0.0,-0.05,0.0,0.0,0.0,0.0,0.0,0,0,0
1756703783,2686,-0.02,0.0,0.02,0.0,0.0,0.0,0.0,0.0,0,0,0
1756703783,2687,0.1,0.0,0.0,0.0,0.0,0.0,0.0,0.0,0,0,0
1756703783,2688,-0.01,0.0,-0.05,0.0,0.0,0.0,0.0,0.0,0,0,0
1756703783,2689,0.0,0.0,-0.01,0.0,0.0,0.0,0.0,0.0,0,0,0
1756703783,2690,0.05,0.0,-0.01,0.0,0.0,0.0,0.0,0.0,0,0,0
1756703783,2691,0.0,0.0,0.0,0.0,0.0,0.0,0.0,0.0,0,0,0
1756703783,2692,0.0,0.0,0.0,0.0,0.0,0.0,0.0,0.0,0,0,0
1756703783,2693,0.02,0.0,-0.02,0.0,0.0,0.0,0.0,0.0,0,0,0
1756703783,2694,-0.03,0.0,0.14,0.0,0.0,0.0,0.0,0.0,0,0,0
1756703783,2695,0.05,0.0,-0.01,0.0,0.0,0.0,0.0,0.0,0,0,0
1756703783,2696,0.0,0.0,0.0,0.0,0.0,0.0,0.0,0.0,0,0,0
1756703783,2697,0.0,0.0,-0.05,0.0,0.0,0.0,0.0,0.0,0,0,0
1756703783,2698,0.0,0.0,-0.03,0.0,0.0,0.0,0.0,0.0,0,0,0
1756703783,2699,0.05,0.0,-0.05,0.0,0.0,0.0,0.0,0.0,0,0,0
1756703783,2700,0.05,0.0,-0.05,0.0,0.0,0.0,0.0,0.0,0,0,0
1756703783,2701,0.0,0.0,-0.01,0.0,0.0,0.0,0.0,0.0,0,0,0
1756703783,2702,0.0,0.0,0.0,0.0,0.0,0.0,0.0,0.0,0,0,0
1756703783,2703,0.0,0.0,-0.05,0.0,0.0,0.0,0.0,0.0,0,0,0
1756703783,2704,0.0,0.0,-0.09,0.0,0.0,0.0,0.0,0.0,0,0,0
1756703783,2705,0.0,0.0,-0.07,0.0,0.0,0.0,0.0,0.0,0,0,0
1756703783,2706,0.0,0.0,-0.01,0.0,0.0,0.0,0.0,0.0,0,0,0
1756703783,2707,0.02,0.0,-0.03,0.0,0.0,0.0,0.0,0.0,0,0,0
1756703783,2708,0.05,0.0,0.0,0.0,0.0,0.0,0.0,0.0,0,0,0
1756703783,2709,-0.05,0.0,-0.02,0.0,0.0,0.0,0.0,0.0,0,0,0
1756703783,2710,0.0,0.0,-0.01,0.0,0.0,0.0,0.0,0.0,0,0,0
1756703783,2711,-0.03,0.0,0.0,0.0,0.0,0.0,0.0,0.0,0,0,0
1756703783,2712,-0.01,0.0,0.0,0.0,0.0,0.0,0.0,0.0,0,0,0
1756703783,2713,0.0,0.0,-0.03,0.0,0.0,0.0,0.0,0.0,0,0,0
1756703783,2714,0.0,0.0,0.0,0.0,0.0,0.0,0.0,0.0,0,0,0
1756703783,2715,0.02,0.0,0.0,0.0,0.0,0.0,0.0,0.0,0,0,0
1756703783,2716,0.01,0.0,-0.03,0.0,0.0,0.0,0.0,0.0,0,0,0
1756703783,2717,-0.02,0.0,0.0,0.0,0.0,0.0,0.0,0.0,0,0,0
1756703783,2718,0.0,0.0,-0.01,0.0,0.0,0.0,0.0,0.0,0,0,0
1756703783,2719,-0.05,0.0,0.01,0.0,0.0,0.0,0.0,0.0,0,0,0
1756703783,2720,0.02,0.0,0.0,0.0,0.0,0.0,0.0,0.0,0,0,0
1756703783,2721,0.05,0.0,-0.05,0.0,0.0,0.0,0.0,0.0,0,0,0
1756703783,2722,0.02,0.0,0.01,0.0,0.0,0.0,0.0,0.0,0,0,0
1756703783,2723,-0.07,0.0,0.0,0.0,0.0,0.0,0.0,0.0,0,0,0
1756703783,2724,0.05,0.0,0.0,0.0,0.0,0.0,0.0,0.0,0,0,0
1756703783,2725,0.02,0.0,0.01,0.0,0.0,0.0,0.0,0.0,0,0,0
1756703783,2726,0.0,0.0,-0.02,0.0,0.0,0.0,0.0,0.0,0,0,0
1756703783,2727,0.02,0.0,0.0,0.0,0.0,0.0,0.0,0.0,0,0,0
1756703783,2728,0.0,0.0,-0.01,0.0,0.0,0.0,0.0,0.0,0,0,0
1756703783,2729,-0.01,0.0,-0.03,0.0,0.0,0.0,0.0,0.0,0,0,0
1756703783,2730,0.01,0.0,0.0,0.0,0.0,0.0,0.0,0.0,0,0,0
1756703783,2731,0.02,0.0,0.0,0.0,0.0,0.0,0.0,0.0,0,0,0
1756703783,2732,0.1,0.0,-0.02,0.0,0.0,0.0,0.0,0.0,0,0,0
1756703783,2733,0.0,0.0,-0.05,0.0,0.0,0.0,0.0,0.0,0,0,0
1756703783,2734,0.05,0.0,-0.07,0.0,0.0,0.0,0.0,0.0,0,0,0
1756703784,2735,-0.05,0.0,-0.01,0.0,0.0,0.0,0.0,0.0,0,0,0
1756703784,2736,0.02,0.0,-0.03,0.0,0.0,0.0,0.0,0.0,0,0,0
1756703784,2737,-0.01,0.0,-0.02,0.0,0.0,0.0,0.0,0.0,0,0,0
1756703784,2738,0.02,0.0,-0.01,0.0,0.0,0.0,0.0,0.0,0,0,0
1756703784,2739,0.03,0.0,-0.05,0.0,0.0,0.0,0.0,0.0,0,0,0
1756703784,2740,0.03,0.0,0.0,0.0,0.0,0.0,0.0,0.0,0,0,0
1756703784,2741,0.03,0.0,-0.02,0.0,0.0,0.0,0.0,0.0,0,0,0
1756703784,2742,0.0,0.0,-0.02,0.0,0.0,0.0,0.0,0.0,0,0,0
1756703784,2743,0.05,0.0,-0.05,0.0,0.0,0.0,0.0,0.0,0,0,0
1756703784,2744,0.02,0.0,-0.01,0.0,0.0,0.0,0.0,0.0,0,0,0
1756703784,2745,0.0,0.0,-0.03,0.0,0.0,0.0,0.0,0.0,0,0,0
1756703784,2746,0.02,0.0,-0.02,0.0,0.0,0.0,0.0,0.0,0,0,0
1756703784,2747,-0.01,0.0,-0.02,0.0,0.0,0.0,0.0,0.0,0,0,0
1756703784,2748,-0.02,0.0,-0.03,0.0,0.0,0.0,0.0,0.0,0,0,0
1756703784,2749,0.01,0.0,0.0,0.0,0.0,0.0,0.0,0.0,0,0,0
1756703784,2750,-0.01,0.0,-0.05,0.0,0.0,0.0,0.0,0.0,0,0,0
1756703784,2751,0.07,0.0,0.0,0.0,0.0,0.0,0.0,0.0,0,0,0
1756703784,2752,0.1,0.0,0.0,0.0,0.0,0.0,0.0,0.0,0,0,0
1756703784,2753,0.05,0.0,-0.05,0.0,0.0,0.0,0.0,0.0,0,0,0
1756703784,2754,0.01,0.0,-0.05,0.0,0.0,0.0,0.0,0.0,0,0,0
1756703784,2755,-0.03,0.0,-0.07,0.0,0.0,0.0,0.0,0.0,0,0,0
1756703784,2756,-0.02,0.0,-0.02,0.0,0.0,0.0,0.0,0.0,0,0,0
1756703784,2757,0.0,0.0,-0.01,0.0,0.0,0.0,0.0,0.0,0,0,0
1756703784,2758,-0.01,0.0,-0.1,0.0,0.0,0.0,0.0,0.0,0,0,0
1756703784,2759,0.0,0.0,-0.02,0.0,0.0,0.0,0.0,0.0,0,0,0
1756703784,2760,0.02,0.0,0.0,0.0,0.0,0.0,0.0,0.0,0,0,0
1756703784,2761,0.01,0.0,-0.02,0.0,0.0,0.0,0.0,0.0,0,0,0
1756703784,2762,-0.02,0.0,0.01,0.0,0.0,0.0,0.0,0.0,0,0,0
1756703784,2763,0.0,0.0,-0.01,0.0,0.0,0.0,0.0,0.0,0,0,0
1756703784,2764,0.01,0.0,0.0,0.0,0.0,0.0,0.0,0.0,0,0,0
1756703784,2765,0.0,0.0,-0.05,0.0,0.0,0.0,0.0,0.0,0,0,0
1756703784,2766,0.05,0.0,0.0,0.0,0.0,0.0,0.0,0.0,0,0,0
1756703784,2767,0.01,0.0,-0.05,0.0,0.0,0.0,0.0,0.0,0,0,0
1756703784,2768,0.0,0.0,0.0,0.0,0.0,0.0,0.0,0.0,0,0,0
1756703784,2769,-0.01,0.0,0.0,0.0,0.0,0.0,0.0,0.0,0,0,0
1756703784,2770,0.03,0.0,0.02,0.0,0.0,0.0,0.0,0.0,0,0,0
1756703784,2771,-0.02,0.0,-0.01,0.0,0.0,0.0,0.0,0.0,0,0,0
1756703784,2772,-0.02,0.0,0.0,0.0,0.0,0.0,0.0,0.0,0,0,0
1756703784,2773,-0.01,0.0,0.0,0.0,0.0,0.0,0.0,0.0,0,0,0
1756703784,2774,0.02,0.0,0.0,0.0,0.0,0.0,0.0,0.0,0,0,0
1756703784,2775,0.02,0.0,0.0,0.0,0.0,0.0,0.0,0.0,0,0,0
1756703784,2776,0.0,0.0,-0.05,0.0,0.0,0.0,0.0,0.0,0,0,0
1756703784,2777,0.0,0.0,0.0,0.0,0.0,0.0,0.0,0.0,0,0,0
1756703784,2778,-0.14,0.0,0.0,0.0,0.0,0.0,0.0,0.0,0,0,0
1756703784,2779,0.0,0.0,0.0,0.0,0.0,0.0,0.0,0.0,0,0,0
1756703784,2780,-0.05,0.0,-0.01,0.0,0.0,0.0,0.0,0.0,0,0,0
1756703784,2781,0.0,0.0,0.0,0.0,0.0,0.0,0.0,0.0,0,0,0
1756703784,2782,0.03,0.0,-0.02,0.0,0.0,0.0,0.0,0.0,0,0,0
1756703784,2783,0.09,0.0,0.0,0.0,0.0,0.0,0.0,0.0,0,0,0
1756703784,2784,0.0,0.0,0.0,0.0,0.0,0.0,0.0,0.0,0,0,0
1756703784,2785,0.03,0.0,0.0,0.0,0.0,0.0,0.0,0.0,0,0,0
1756703784,2786,0.0,0.0,0.0,0.0,0.0,0.0,0.0,0.0,0,0,0
1756703784,2787,0.0,0.0,0.0,0.0,0.0,0.0,0.0,0.0,0,0,0
1756703784,2788,0.05,0.0,0.0,0.0,0.0,0.0,0.0,0.0,0,0,0
1756703784,2789,-0.02,0.0,-0.01,0.0,0.0,0.0,0.0,0.0,0,0,0
1756703784,2790,0.05,0.0,0.0,0.0,0.0,0.0,0.0,0.0,0,0,0
1756703784,2791,0.05,0.0,0.0,0.0,0.0,0.0,0.0,0.0,0,0,0
1756703784,2792,0.01,0.0,-0.03,0.0,0.0,0.0,0.0,0.0,0,0,0
1756703784,2793,0.03,0.0,0.02,0.0,0.0,0.0,0.0,0.0,0,0,0
1756703784,2794,0.0,0.0,0.0,0.0,0.0,0.0,0.0,0.0,0,0,0
1756703784,2795,0.0,0.0,-0.03,0.0,0.0,0.0,0.0,0.0,0,0,0
1756703784,2796,0.0,0.0,0.0,0.0,0.0,0.0,0.0,0.0,0,0,0
1756703784,2797,0.02,0.0,-0.03,0.0,0.0,0.0,0.0,0.0,0,0,0
1756703784,2798,0.0,0.0,-0.01,0.0,0.0,0.0,0.0,0.0,0,0,0
1756703784,2799,0.0,0.0,0.0,0.0,0.0,0.0,0.0,0.0,0,0,0
1756703784,2800,0.03,0.0,-0.03,0.0,0.0,0.0,0.0,0.0,0,0,0
1756703784,2801,0.0,0.0,0.0,0.0,0.0,0.0,0.0,0.0,0,0,0
1756703785,2802,0.01,0.0,-0.01,0.0,0.0,0.0,0.0,0.0,0,0,0
1756703785,2803,0.0,0.0,0.0,0.0,0.0,0.0,0.0,0.0,0,0,0
1756703785,2804,0.03,0.0,0.0,0.0,0.0,0.0,0.0,0.0,0,0,0
1756703785,2805,-0.01,0.0,-0.01,0.0,0.0,0.0,0.0,0.0,0,0,0
1756703785,2806,0.02,0.0,-0.01,0.0,0.0,0.0,0.0,0.0,0,0,0
1756703785,2807,0.02,0.0,-0.01,0.0,0.0,0.0,0.0,0.0,0,0,0
1756703785,2808,0.03,0.0,-0.01,0.0,0.0,0.0,0.0,0.0,0,0,0
1756703785,2809,0.0,0.0,-0.02,0.0,0.0,0.0,0.0,0.0,0,0,0
1756703785,2810,0.0,0.0,0.0,0.0,0.0,0.0,0.0,0.0,0,0,0
1756703785,2811,-0.01,0.0,-0.01,0.0,0.0,0.0,0.0,0.0,0,0,0
1756703785,2812,0.03,0.0,0.0,0.0,0.0,0.0,0.0,0.0,0,0,0
1756703785,2813,-0.02,0.0,0.0,0.0,0.0,0.0,0.0,0.0,0,0,0
1756703785,2814,0.0,0.0,0.0,0.0,0.0,0.0,0.0,0.0,0,0,0
1756703785,2815,0.03,0.0,0.0,0.0,0.0,0.0,0.0,0.0,0,0,0
1756703785,2816,0.0,0.0,-0.03,0.0,0.0,0.0,0.0,0.0,0,0,0
1756703785,2817,0.0,0.0,-0.07,0.0,0.0,0.0,0.0,0.0,0,0,0
1756703785,2818,0.02,0.0,0.0,0.0,0.0,0.0,0.0,0.0,0,0,0
1756703785,2819,0.02,0.0,0.0,0.0,0.0,0.0,0.0,0.0,0,0,0
1756703785,2820,0.0,0.0,-0.01,0.0,0.0,0.0,0.0,0.0,0,0,0
1756703785,2821,0.0,0.0,0.0,0.0,0.0,0.0,0.0,0.0,0,0,0
1756703785,2822,0.03,0.0,0.0,0.0,0.0,0.0,0.0,0.0,0,0,0
1756703785,2823,-0.07,0.0,-0.05,0.0,0.0,0.0,0.0,0.0,0,0,0
1756703785,2824,0.05,0.0,0.0,0.0,0.0,0.0,0.0,0.0,0,0,0
1756703785,2825,0.0,0.0,-0.03,0.0,0.0,0.0,0.0,0.0,0,0,0
1756703785,2826,-0.03,0.0,0.0,0.0,0.0,0.0,0.0,0.0,0,0,0
1756703785,2827,0.02,0.0,0.0,0.0,0.0,0.0,0.0,0.0,0,0,0
1756703785,2828,0.0,0.0,0.0,0.0,0.0,0.0,0.0,0.0,0,0,0
1756703785,2829,0.0,0.0,0.0,0.0,0.0,0.0,0.0,0.0,0,0,0
1756703785,2830,0.0,0.0,0.0,0.0,0.0,0.0,0.0,0.0,0,0,0
1756703785,2831,0.03,0.0,-0.05,0.0,0.0,0.0,0.0,0.0,0,0,0
1756703785,2832,0.1,0.0,-0.01,0.0,0.0,0.0,0.0,0.0,0,0,0
1756703785,2833,0.0,0.0,0.0,0.0,0.0,0.0,0.0,0.0,0,0,0
1756703785,2834,0.0,0.0,-0.01,0.0,0.0,0.0,0.0,0.0,0,0,0
1756703785,2835,0.0,0.0,0.0,0.0,0.0,0.0,0.0,0.0,0,0,0
1756703785,2836,0.05,0.0,-0.01,0.0,0.0,0.0,0.0,0.0,0,0,0
1756703785,2837,0.0,0.0,-0.02,0.0,0.0,0.0,0.0,0.0,0,0,0
1756703785,2838,0.07,0.0,0.0,0.0,0.0,0.0,0.0,0.0,0,0,0
1756703785,2839,0.07,0.0,0.0,0.0,0.0,0.0,0.0,0.0,0,0,0
1756703785,2840,0.0,0.0,-0.03,0.0,0.0,0.0,0.0,0.0,0,0,0
1756703785,2841,0.07,0.0,-0.02,0.0,0.0,0.0,0.0,0.0,0,0,0
1756703785,2842,0.05,0.0,-0.01,0.0,0.0,0.0,0.0,0.0,0,0,0
1756703785,2843,0.0,0.0,0.0,0.0,0.0,0.0,0.0,0.0,0,0,0
1756703785,2844,0.05,0.0,0.0,0.0,0.0,0.0,0.0,0.0,0,0,0
1756703785,2845,0.0,0.0,0.0,0.0,0.0,0.0,0.0,0.0,0,0,0
1756703785,2846,0.03,0.0,-0.01,0.0,0.0,0.0,0.0,0.0,0,0,0
1756703785,2847,0.01,0.0,0.01,0.0,0.0,0.0,0.0,0.0,0,0,0
1756703785,2848,0.01,0.0,-0.01,0.0,0.0,0.0,0.0,0.0,0,0,0
1756703785,2849,0.0,0.0,0.0,0.0,0.0,0.0,0.0,0.0,0,0,0
1756703785,2850,0.0,0.0,-0.09,0.0,0.0,0.0,0.0,0.0,0,0,0
1756703785,2851,0.0,0.0,-0.01,0.0,0.0,0.0,0.0,0.0,0,0,0
1756703785,2852,0.0,0.0,0.07,0.0,0.0,0.0,0.0,0.0,0,0,0
1756703785,2853,-0.01,0.0,0.01,0.0,0.0,0.0,0.0,0.0,0,0,0
1756703785,2854,0.0,0.0,-0.02,0.0,0.0,0.0,0.0,0.0,0,0,0
1756703785,2855,0.0,0.0,-0.02,0.0,0.0,0.0,0.0,0.0,0,0,0
1756703785,2856,0.0,0.0,-0.05,0.0,0.0,0.0,0.0,0.0,0,0,0
1756703785,2857,0.0,0.0,0.0,0.0,0.0,0.0,0.0,0.0,0,0,0
1756703785,2858,-0.01,0.0,-0.01,0.0,0.0,0.0,0.0,0.0,0,0,0
1756703785,2859,0.0,0.0,-0.01,0.0,0.0,0.0,0.0,0.0,0,0,0
1756703785,2860,0.02,0.0,-0.01,0.0,0.0,0.0,0.0,0.0,0,0,0
1756703785,2861,0.05,0.0,0.0,0.0,0.0,0.0,0.0,0.0,0,0,0
1756703785,2862,0.0,0.0,-0.03,0.0,0.0,0.0,0.0,0.0,0,0,0
1756703785,2863,0.0,0.0,0.0,0.0,0.0,0.0,0.0,0.0,0,0,0
1756703785,2864,0.03,0.0,-0.02,0.0,0.0,0.0,0.0,0.0,0,0,0
1756703785,2865,0.0,0.0,-0.02,0.0,0.0,0.0,0.0,0.0,0,0,0
1756703785,2866,0.05,0.0,-0.03,0.0,0.0,0.0,0.0,0.0,0,0,0
1756703785,2867,-0.07,0.0,0.0,0.0,0.0,0.0,0.0,0.0,0,0,0
1756703785,2868,-0.05,0.0,0.0,0.0,0.0,0.0,0.0,0.0,0,0,0
1756703786,2869,-0.07,0.0,0.0,0.0,0.0,0.0,0.0,0.0,0,0,0
1756703786,2870,-0.02,0.0,-0.03,0.0,0.0,0.0,0.0,0.0,0,0,0
1756703786,2871,0.03,0.0,-0.02,0.0,0.0,0.0,0.0,0.0,0,0,0
1756703786,2872,0.02,0.0,0.0,0.0,0.0,0.0,0.0,0.0,0,0,0
1756703786,2873,-0.05,0.0,0.05,0.0,0.0,0.0,0.0,0.0,0,0,0
1756703786,2874,-0.02,0.0,-0.02,0.0,0.0,0.0,0.0,0.0,0,0,0
1756703786,2875,0.01,0.0,-0.05,0.0,0.0,0.0,0.0,0.0,0,0,0
1756703786,2876,0.05,0.0,0.0,0.0,0.0,0.0,0.0,0.0,0,0,0
1756703786,2877,0.03,0.0,-0.03,0.0,0.0,0.0,0.0,0.0,0,0,0
1756703786,2878,0.03,0.0,0.0,0.0,0.0,0.0,0.0,0.0,0,0,0
1756703786,2879,0.01,0.0,-0.02,0.0,0.0,0.0,0.0,0.0,0,0,0
1756703786,2880,0.01,0.0,0.0,0.0,0.0,0.0,0.0,0.0,0,0,0
1756703786,2881,0.05,0.0,-0.01,0.0,0.0,0.0,0.0,0.0,0,0,0
1756703786,2882,0.05,0.0,0.0,0.0,0.0,0.0,0.0,0.0,0,0,0
1756703786,2883,0.0,0.0,0.0,0.0,0.0,0.0,0.0,0.0,0,0,0
1756703786,2884,0.03,0.0,-0.01,0.0,0.0,0.0,0.0,0.0,0,0,0
1756703786,2885,0.0,0.0,-0.02,0.0,0.0,0.0,0.0,0.0,0,0,0
1756703786,2886,0.03,0.0,-0.01,0.0,0.0,0.0,0.0,0.0,0,0,0
1756703786,2887,0.03,0.0,0.03,0.0,0.0,0.0,0.0,0.0,0,0,0
1756703786,2888,0.0,0.0,-0.02,0.0,0.0,0.0,0.0,0.0,0,0,0
1756703786,2889,0.01,0.0,0.0,0.0,0.0,0.0,0.0,0.0,0,0,0
1756703786,2890,0.0,0.0,-0.07,0.0,0.0,0.0,0.0,0.0,0,0,0
1756703786,2891,0.0,0.0,-0.05,0.0,0.0,0.0,0.0,0.0,0,0,0
1756703786,2892,0.09,0.0,-0.01,0.0,0.0,0.0,0.0,0.0,0,0,0
1756703786,2893,0.05,0.0,0.0,0.0,0.0,0.0,0.0,0.0,0,0,0
1756703786,2894,0.0,0.0,-0.02,0.0,0.0,0.0,0.0,0.0,0,0,0
1756703786,2895,0.0,0.0,0.0,0.0,0.0,0.0,0.0,0.0,0,0,0
1756703786,2896,-0.01,0.0,-0.02,0.0,0.0,0.0,0.0,0.0,0,0,0
1756703786,2897,0.0,0.0,-0.01,0.0,0.0,0.0,0.0,0.0,0,0,0
1756703786,2898,0.0,0.0,-0.02,0.0,0.0,0.0,0.0,0.0,0,0,0
1756703786,2899,0.02,0.0,0.0,0.0,0.0,0.0,0.0,0.0,0,0,0
1756703786,2900,0.02,0.0,0.0,0.0,0.0,0.0,0.0,0.0,0,0,0
1756703786,2901,0.05,0.0,-0.01,0.0,0.0,0.0,0.0,0.0,0,0,0
1756703786,2902,0.0,0.0,-0.02,0.0,0.0,0.0,0.0,0.0,0,0,0
1756703786,2903,0.0,0.0,-0.01,0.0,0.0,0.0,0.0,0.0,0,0,0
1756703786,2904,0.0,0.0,-0.03,0.0,0.0,0.0,0.0,0.0,0,0,0
1756703786,2905,0.02,0.0,-0.05,0.0,0.0,0.0,0.0,0.0,0,0,0
1756703786,2906,-0.02,0.0,-0.01,0.0,0.0,0.0,0.0,0.0,0,0,0
1756703786,2907,0.05,0.0,-0.01,0.0,0.0,0.0,0.0,0.0,0,0,0
1756703786,2908,0.03,0.0,-0.03,0.0,0.0,0.0,0.0,0.0,0,0,0
1756703786,2909,0.02,0.0,-0.05,0.0,0.0,0.0,0.0,0.0,0,0,0
1756703786,2910,0.02,0.0,-0.01,0.0,0.0,0.0,0.0,0.0,0,0,0
1756703786,2911,0.0,0.0,-0.01,0.0,0.0,0.0,0.0,0.0,0,0,0
1756703786,2912,0.0,0.0,0.0,0.0,0.0,0.0,0.0,0.0,0,0,0
1756703786,2913,0.02,0.0,-0.05,0.0,0.0,0.0,0.0,0.0,0,0,0
1756703786,2914,0.07,0.0,-0.02,0.0,0.0,0.0,0.0,0.0,0,0,0
1756703786,2915,0.0,0.0,-0.05,0.0,0.0,0.0,0.0,0.0,0,0,0
1756703786,2916,0.0,0.0,-0.02,0.0,0.0,0.0,0.0,0.0,0,0,0
1756703786,2917,0.07,0.0,-0.03,0.0,0.0,0.0,0.0,0.0,0,0,0
1756703786,2918,0.09,0.0,0.01,0.0,0.0,0.0,0.0,0.0,0,0,0
1756703786,2919,0.0,0.0,0.0,0.0,0.0,0.0,0.0,0.0,0,0,0
1756703786,2920,0.0,0.0,-0.01,0.0,0.0,0.0,0.0,0.0,0,0,0
1756703786,2921,-0.03,0.0,0.0,0.0,0.0,0.0,0.0,0.0,0,0,0
1756703786,2922,0.03,0.0,-0.03,0.0,0.0,0.0,0.0,0.0,0,0,0
1756703786,2923,0.0,0.0,-0.01,0.0,0.0,0.0,0.0,0.0,0,0,0
1756703786,2924,0.0,0.0,0.01,0.0,0.0,0.0,0.0,0.0,0,0,0
1756703786,2925,0.07,0.0,-0.09,0.0,0.0,0.0,0.0,0.0,0,0,0
1756703786,2926,-0.03,0.0,-0.02,0.0,0.0,0.0,0.0,0.0,0,0,0
1756703786,2927,0.02,0.0,-0.05,0.0,0.0,0.0,0.0,0.0,0,0,0
1756703786,2928,0.0,0.0,-0.01,0.0,0.0,0.0,0.0,0.0,0,0,0
1756703786,2929,0.0,0.0,-0.03,0.0,0.0,0.0,0.0,0.0,0,0,0
1756703786,2930,0.0,0.0,0.0,0.0,0.0,0.0,0.0,0.0,0,0,0
1756703786,2931,-0.01,0.0,-0.02,0.0,0.0,0.0,0.0,0.0,0,0,0
1756703786,2932,0.03,0.0,-0.01,0.0,0.0,0.0,0.0,0.0,0,0,0
1756703787,2933,0.0,0.0,0.0,0.0,0.0,0.0,0.0,0.0,0,0,0
1756703787,2934,0.0,0.0,-0.02,0.0,0.0,0.0,0.0,0.0,0,0,0
1756703787,2935,0.07,0.0,-0.03,0.0,0.0,0.0,0.0,0.0,0,0,0
1756703787,2936,0.0,0.0,-0.01,0.0,0.0,0.0,0.0,0.0,0,0,0
1756703787,2937,-0.03,0.0,-0.01,0.0,0.0,0.0,0.0,0.0,0,0,0
1756703787,2938,-0.01,0.0,-0.03,0.0,0.0,0.0,0.0,0.0,0,0,0
1756703787,2939,0.02,0.0,-0.02,0.0,0.0,0.0,0.0,0.0,0,0,0
1756703787,2940,0.02,0.0,-0.03,0.0,0.0,0.0,0.0,0.0,0,0,0
1756703787,2941,0.07,0.0,0.0,0.0,0.0,0.0,0.0,0.0,0,0,0
1756703787,2942,0.0,0.0,-0.05,0.0,0.0,0.0,0.0,0.0,0,0,0
1756703787,2943,0.03,0.0,-0.05,0.0,0.0,0.0,0.0,0.0,0,0,0
1756703787,2944,0.0,0.0,-0.03,0.0,0.0,0.0,0.0,0.0,0,0,0
1756703787,2945,0.02,0.0,-0.05,0.0,0.0,0.0,0.0,0.0,0,0,0
1756703787,2946,0.03,0.0,0.0,0.0,0.0,0.0,0.0,0.0,0,0,0
1756703787,2947,0.02,0.0,-0.01,0.0,0.0,0.0,0.0,0.0,0,0,0
1756703787,2948,0.1,0.0,-0.03,0.0,0.0,0.0,0.0,0.0,0,0,0
1756703787,2949,0.01,0.0,-0.03,0.0,0.0,0.0,0.0,0.0,0,0,0
1756703787,2950,-0.01,0.0,0.0,0.0,0.0,0.0,0.0,0.0,0,0,0
1756703787,2951,0.0,0.0,-0.02,0.0,0.0,0.0,0.0,0.0,0,0,0
1756703787,2952,0.01,0.0,-0.02,0.0,0.0,0.0,0.0,0.0,0,0,0
1756703787,2953,0.0,0.0,0.0,0.0,0.0,0.0,0.0,0.0,0,0,0
1756703787,2954,0.02,0.0,0.0,0.0,0.0,0.0,0.0,0.0,0,0,0
1756703787,2955,0.0,0.0,0.0,0.0,0.0,0.0,0.0,0.0,0,0,0
1756703787,2956,0.0,0.0,0.0,0.0,0.0,0.0,0.0,0.0,0,0,0
1756703787,2957,0.0,0.0,-0.02,0.0,0.0,0.0,0.0,0.0,0,0,0
1756703787,2958,0.03,0.0,-0.02,0.0,0.0,0.0,0.0,0.0,0,0,0
1756703787,2959,0.02,0.0,-0.07,0.0,0.0,0.0,0.0,0.0,0,0,0
1756703787,2960,-0.02,0.0,-0.07,0.0,0.0,0.0,0.0,0.0,0,0,0
1756703787,2961,-0.03,0.0,0.02,0.0,0.0,0.0,0.0,0.0,0,0,0
1756703787,2962,0.03,0.0,0.0,0.0,0.0,0.0,0.0,0.0,0,0,0
1756703787,2963,0.0,0.0,-0.03,0.0,0.0,0.0,0.0,0.0,0,0,0
1756703787,2964,-0.05,0.0,-0.01,0.0,0.0,0.0,0.0,0.0,0,0,0
1756703787,2965,0.0,0.0,-0.03,0.0,0.0,0.0,0.0,0.0,0,0,0
1756703787,2966,0.01,0.0,-0.05,0.0,0.0,0.0,0.0,0.0,0,0,0
1756703787,2967,-0.02,0.0,0.0,0.0,0.0,0.0,0.0,0.0,0,0,0
1756703787,2968,0.03,0.0,-0.07,0.0,0.0,0.0,0.0,0.0,0,0,0
1756703787,2969,0.01,0.0,0.0,0.0,0.0,0.0,0.0,0.0,0,0,0
1756703787,2970,0.01,0.0,-0.01,0.0,0.0,0.0,0.0,0.0,0,0,0
1756703787,2971,0.0,0.0,0.0,0.0,0.0,0.0,0.0,0.0,0,0,0
1756703787,2972,0.0,0.0,0.0,0.0,0.0,0.0,0.0,0.0,0,0,0
1756703787,2973,0.01,0.0,0.0,0.0,0.0,0.0,0.0,0.0,0,0,0
1756703787,2974,0.01,0.0,-0.03,0.0,0.0,0.0,0.0,0.0,0,0,0
1756703787,2975,0.05,0.0,-0.01,0.0,0.0,0.0,0.0,0.0,0,0,0
1756703787,2976,0.03,0.0,0.02,0.0,0.0,0.0,0.0,0.0,0,0,0
1756703787,2977,-0.09,0.0,-0.05,0.0,0.0,0.0,0.0,0.0,0,0,0
1756703787,2978,0.01,0.0,0.0,0.0,0.0,0.0,0.0,0.0,0,0,0
1756703787,2979,0.03,0.0,-0.02,0.0,0.0,0.0,0.0,0.0,0,0,0
1756703787,2980,0.03,0.0,-0.01,0.0,0.0,0.0,0.0,0.0,0,0,0
1756703787,2981,0.07,0.0,-0.1,0.0,0.0,0.0,0.0,0.0,0,0,0
1756703787,2982,0.0,0.0,-0.03,0.0,0.0,0.0,0.0,0.0,0,0,0
1756703787,2983,-0.02,0.0,-0.03,0.0,0.0,0.0,0.0,0.0,0,0,0
1756703787,2984,0.02,0.0,0.02,0.0,0.0,0.0,0.0,0.0,0,0,0
1756703787,2985,0.01,0.0,-0.02,0.0,0.0,0.0,0.0,0.0,0,0,0
1756703787,2986,0.0,0.0,0.0,0.0,0.0,0.0,0.0,0.0,0,0,0
1756703787,2987,0.0,0.0,-0.01,0.0,0.0,0.0,0.0,0.0,0,0,0
1756703787,2988,0.0,0.0,0.01,0.0,0.0,0.0,0.0,0.0,0,0,0
1756703787,2989,0.05,0.0,-0.01,0.0,0.0,0.0,0.0,0.0,0,0,0
1756703787,2990,0.0,0.0,0.0,0.0,0.0,0.0,0.0,0.0,0,0,0
1756703787,2991,0.01,0.0,0.0,0.0,0.0,0.0,0.0,0.0,0,0,0
1756703787,2992,-0.03,0.0,0.0,0.0,0.0,0.0,0.0,0.0,0,0,0
1756703787,2993,0.01,0.0,0.0,0.0,0.0,0.0,0.0,0.0,0,0,0
1756703787,2994,0.01,0.0,0.0,0.0,0.0,0.0,0.0,0.0,0,0,0
1756703787,2995,0.02,0.0,0.0,0.0,0.0,0.0,0.0,0.0,0,0,0
1756703787,2996,0.02,0.0,0.0,0.0,0.0,0.0,0.0,0.0,0,0,0
1756703787,2997,0.01,0.0,0.0,0.0,0.0,0.0,0.0,0.0,0,0,0
1756703787,2998,0.02,0.0,-0.01,0.0,0.0,0.0,0.0,0.0,0,0,0
1756703788,2999,0.0,0.0,0.0,0.0,0.0,0.0,0.0,0.0,0,0,0
1756703788,3000,0.05,0.0,-0.01,0.0,0.0,0.0,0.0,0.0,0,0,0
1756703788,3001,0.01,0.0,0.0,0.0,0.0,0.0,0.0,0.0,0,0,0
1756703788,3002,0.03,0.0,0.0,0.0,0.0,0.0,0.0,0.0,0,0,0
1756703788,3003,0.01,0.0,-0.01,0.0,0.0,0.0,0.0,0.0,0,0,0
1756703788,3004,0.07,0.0,0.0,0.0,0.0,0.0,0.0,0.0,0,0,0
1756703788,3005,0.0,0.0,0.0,0.0,0.0,0.0,0.0,0.0,0,0,0
1756703788,3006,0.05,0.0,-0.05,0.0,0.0,0.0,0.0,0.0,0,0,0
1756703788,3007,0.0,0.0,0.0,0.0,0.0,0.0,0.0,0.0,0,0,0
1756703788,3008,0.0,0.0,0.0,0.0,0.0,0.0,0.0,0.0,0,0,0
1756703788,3009,0.03,0.0,0.0,0.0,0.0,0.0,0.0,0.0,0,0,0
1756703788,3010,0.0,0.0,-0.01,0.0,0.0,0.0,0.0,0.0,0,0,0
1756703788,3011,0.02,0.0,-0.02,0.0,0.0,0.0,0.0,0.0,0,0,0
1756703788,3012,0.0,0.0,-0.02,0.0,0.0,0.0,0.0,0.0,0,0,0
1756703788,3013,0.0,0.0,0.0,0.0,0.0,0.0,0.0,0.0,0,0,0
1756703788,3014,-0.01,0.0,0.0,0.0,0.0,0.0,0.0,0.0,0,0,0
1756703788,3015,0.02,0.0,-0.01,0.0,0.0,0.0,0.0,0.0,0,0,0
1756703788,3016,0.0,0.0,0.0,0.0,0.0,0.0,0.0,0.0,0,0,0
1756703788,3017,0.05,0.0,0.0,0.0,0.0,0.0,0.0,0.0,0,0,0
1756703788,3018,0.0,0.0,0.0,0.0,0.0,0.0,0.0,0.0,0,0,0
1756703788,3019,0.0,0.0,-0.01,0.0,0.0,0.0,0.0,0.0,0,0,0
1756703788,3020,0.03,0.0,0.0,0.0,0.0,0.0,0.0,0.0,0,0,0
1756703788,3021,0.02,0.0,-0.03,0.0,0.0,0.0,0.0,0.0,0,0,0
1756703788,3022,0.01,0.0,0.0,0.0,0.0,0.0,0.0,0.0,0,0,0
1756703788,3023,0.0,0.0,-0.02,0.0,0.0,0.0,0.0,0.0,0,0,0
1756703788,3024,0.0,0.0,0.0,0.0,0.0,0.0,0.0,0.0,0,0,0
1756703788,3025,0.03,0.0,0.0,0.0,0.0,0.0,0.0,0.0,0,0,0
1756703788,3026,0.0,0.0,0.0,0.0,0.0,0.0,0.0,0.0,0,0,0
1756703788,3027,0.01,0.0,0.0,0.0,0.0,0.0,0.0,0.0,0,0,0
1756703788,3028,0.0,0.0,0.0,0.0,0.0,0.0,0.0,0.0,0,0,0
1756703788,3029,0.0,0.0,0.0,0.0,0.0,0.0,0.0,0.0,0,0,0
1756703788,3030,0.0,0.0,0.0,0.0,0.0,0.0,0.0,0.0,0,0,0
1756703788,3031,0.03,0.0,-0.07,0.0,0.0,0.0,0.0,0.0,0,0,0
1756703788,3032,0.0,0.0,0.0,0.0,0.0,0.0,0.0,0.0,0,0,0
1756703788,3033,0.03,0.0,0.01,0.0,0.0,0.0,0.0,0.0,0,0,0
1756703788,3034,0.0,0.0,0.0,0.0,0.0,0.0,0.0,0.0,0,0,0
1756703788,3035,0.0,0.0,0.0,0.0,0.0,0.0,0.0,0.0,0,0,0
1756703788,3036,0.03,0.0,0.05,0.0,0.0,0.0,0.0,0.0,0,0,0
1756703788,3037,0.03,0.0,0.0,0.0,0.0,0.0,0.0,0.0,0,0,0
1756703788,3038,0.0,0.0,-0.02,0.0,0.0,0.0,0.0,0.0,0,0,0
1756703788,3039,0.05,0.0,-0.1,0.0,0.0,0.0,0.0,0.0,0,0,0
1756703788,3040,0.0,0.0,-0.07,0.0,0.0,0.0,0.0,0.0,0,0,0
1756703788,3041,0.03,0.0,0.0,0.0,0.0,0.0,0.0,0.0,0,0,0
1756703788,3042,0.0,0.0,0.0,0.0,0.0,0.0,0.0,0.0,0,0,0
1756703788,3043,0.0,0.0,-0.03,0.0,0.0,0.0,0.0,0.0,0,0,0
1756703788,3044,0.0,0.0,0.03,0.0,0.0,0.0,0.0,0.0,0,0,0
1756703788,3045,0.01,0.0,0.0,0.0,0.0,0.0,0.0,0.0,0,0,0
1756703788,3046,0.02,0.0,0.0,0.0,0.0,0.0,0.0,0.0,0,0,0
1756703788,3047,-0.02,0.0,0.03,0.0,0.0,0.0,0.0,0.0,0,0,0
1756703788,3048,0.09,0.0,0.0,0.0,0.0,0.0,0.0,0.0,0,0,0
1756703788,3049,0.02,0.0,-0.03,0.0,0.0,0.0,0.0,0.0,0,0,0
1756703788,3050,0.02,0.0,-0.03,0.0,0.0,0.0,0.0,0.0,0,0,0
1756703788,3051,0.03,0.0,0.01,0.0,0.0,0.0,0.0,0.0,0,0,0
1756703788,3052,0.02,0.0,-0.01,0.0,0.0,0.0,0.0,0.0,0,0,0
1756703788,3053,0.0,0.0,0.0,0.0,0.0,0.0,0.0,0.0,0,0,0
1756703788,3054,0.03,0.0,0.0,0.0,0.0,0.0,0.0,0.0,0,0,0
1756703788,3055,0.0,0.0,0.0,0.0,0.0,0.0,0.0,0.0,0,0,0
1756703788,3056,0.01,0.0,0.0,0.0,0.0,0.0,0.0,0.0,0,0,0
1756703788,3057,0.0,0.0,-0.01,0.0,0.0,0.0,0.0,0.0,0,0,0
1756703788,3058,0.0,0.0,-0.01,0.0,0.0,0.0,0.0,0.0,0,0,0
1756703788,3059,0.0,0.0,0.0,0.0,0.0,0.0,0.0,0.0,0,0,0
1756703788,3060,0.02,0.0,-0.05,0.0,0.0,0.0,0.0,0.0,0,0,0
1756703788,3061,0.05,0.0,-0.01,0.0,0.0,0.0,0.0,0.0,0,0,0
1756703788,3062,0.02,0.0,-0.03,0.0,0.0,0.0,0.0,0.0,0,0,0
1756703788,3063,0.0,0.0,-0.05,0.0,0.0,0.0,0.0,0.0,0,0,0
1756703788,3064,0.01,0.0,0.0,0.0,0.0,0.0,0.0,0.0,0,0,0
1756703788,3065,0.03,0.0,0.0,0.0,0.0,0.0,0.0,0.0,0,0,0
1756703789,3066,0.01,0.0,0.0,0.0,0.0,0.0,0.0,0.0,0,0,0
1756703789,3067,0.0,0.0,0.0,0.0,0.0,0.0,0.0,0.0,0,0,0
1756703789,3068,0.0,0.0,-0.02,0.0,0.0,0.0,0.0,0.0,0,0,0
1756703789,3069,0.0,0.0,-0.05,0.0,0.0,0.0,0.0,0.0,0,0,0
1756703789,3070,0.05,0.0,-0.03,0.0,0.0,0.0,0.0,0.0,0,0,0
1756703789,3071,0.07,0.0,0.0,0.0,0.0,0.0,0.0,0.0,0,0,0
1756703789,3072,-0.05,0.0,0.0,0.0,0.0,0.0,0.0,0.0,0,0,0
1756703789,3073,0.0,0.0,-0.02,0.0,0.0,0.0,0.0,0.0,0,0,0
1756703789,3074,-0.03,0.0,-0.02,0.0,0.0,0.0,0.0,0.0,0,0,0
1756703789,3075,-0.05,0.0,0.0,0.0,0.0,0.0,0.0,0.0,0,0,0
1756703789,3076,0.0,0.0,0.0,0.0,0.0,0.0,0.0,0.0,0,0,0
1756703789,3077,0.03,0.0,0.0,0.0,0.0,0.0,0.0,0.0,0,0,0
1756703789,3078,0.01,0.0,-0.02,0.0,0.0,0.0,0.0,0.0,0,0,0
1756703789,3079,0.07,0.0,-0.01,0.0,0.0,0.0,0.0,0.0,0,0,0
1756703789,3080,0.03,0.0,-0.03,0.0,0.0,0.0,0.0,0.0,0,0,0
1756703789,3081,0.0,0.0,0.0,0.0,0.0,0.0,0.0,0.0,0,0,0
1756703789,3082,0.01,0.0,0.0,0.0,0.0,0.0,0.0,0.0,0,0,0
1756703789,3083,0.0,0.0,-0.01,0.0,0.0,0.0,0.0,0.0,0,0,0
1756703789,3084,0.01,0.0,0.0,0.0,0.0,0.0,0.0,0.0,0,0,0
1756703789,3085,0.0,0.0,-0.01,0.0,0.0,0.0,0.0,0.0,0,0,0
1756703789,3086,0.02,0.0,-0.02,0.0,0.0,0.0,0.0,0.0,0,0,0
1756703789,3087,0.0,0.0,-0.01,0.0,0.0,0.0,0.0,0.0,0,0,0
1756703789,3088,0.0,0.0,-0.03,0.0,0.0,0.0,0.0,0.0,0,0,0
1756703789,3089,0.01,0.0,-0.03,0.0,0.0,0.0,0.0,0.0,0,0,0
1756703789,3090,-0.01,0.0,0.0,0.0,0.0,0.0,0.0,0.0,0,0,0
1756703789,3091,0.0,0.0,0.0,0.0,0.0,0.0,0.0,0.0,0,0,0
1756703789,3092,0.0,0.0,0.0,0.0,0.0,0.0,0.0,0.0,0,0,0
1756703789,3093,0.07,0.0,-0.02,0.0,0.0,0.0,0.0,0.0,0,0,0
1756703789,3094,0.0,0.0,0.0,0.0,0.0,0.0,0.0,0.0,0,0,0
1756703789,3095,0.0,0.0,-0.02,0.0,0.0,0.0,0.0,0.0,0,0,0
1756703789,3096,0.02,0.0,0.0,0.0,0.0,0.0,0.0,0.0,0,0,0
1756703789,3097,0.0,0.0,-0.02,0.0,0.0,0.0,0.0,0.0,0,0,0
1756703789,3098,0.02,0.0,-0.01,0.0,0.0,0.0,0.0,0.0,0,0,0
1756703789,3099,0.02,0.0,0.0,0.0,0.0,0.0,0.0,0.0,0,0,0
1756703789,3100,0.03,0.0,-0.03,0.0,0.0,0.0,0.0,0.0,0,0,0
1756703789,3101,0.1,0.0,-0.05,0.0,0.0,0.0,0.0,0.0,0,0,0
1756703789,3102,0.1,0.0,0.0,0.0,0.0,0.0,0.0,0.0,0,0,0
1756703789,3103,-0.03,0.0,0.03,0.0,0.0,0.0,0.0,0.0,0,0,0
1756703789,3104,0.0,0.0,0.0,0.0,0.0,0.0,0.0,0.0,0,0,0
1756703789,3105,0.05,0.0,0.0,0.0,0.0,0.0,0.0,0.0,0,0,0
1756703789,3106,0.02,0.0,-0.01,0.0,0.0,0.0,0.0,0.0,0,0,0
1756703789,3107,0.03,0.0,0.0,0.0,0.0,0.0,0.0,0.0,0,0,0
1756703789,3108,0.05,0.0,0.0,0.0,0.0,0.0,0.0,0.0,0,0,0
1756703789,3109,0.0,0.0,-0.01,0.0,0.0,0.0,0.0,0.0,0,0,0
1756703789,3110,0.05,0.0,-0.01,0.0,0.0,0.0,0.0,0.0,0,0,0
1756703789,3111,0.0,0.0,0.0,0.0,0.0,0.0,0.0,0.0,0,0,0
1756703789,3112,0.15,0.0,-0.09,0.0,0.0,0.0,0.0,0.0,0,0,0
1756703789,3113,0.03,0.0,0.0,0.0,0.0,0.0,0.0,0.0,0,0,0
1756703789,3114,0.0,0.0,0.0,0.0,0.0,0.0,0.0,0.0,0,0,0
1756703789,3115,0.0,0.0,-0.03,0.0,0.0,0.0,0.0,0.0,0,0,0
1756703789,3116,-0.05,0.0,-0.02,0.0,0.0,0.0,0.0,0.0,0,0,0
1756703789,3117,0.0,0.0,-0.05,0.0,0.0,0.0,0.0,0.0,0,0,0
1756703789,3118,0.05,0.0,-0.05,0.0,0.0,0.0,0.0,0.0,0,0,0
1756703789,3119,0.05,0.0,0.0,0.0,0.0,0.0,0.0,0.0,0,0,0
1756703789,3120,0.01,0.0,0.0,0.0,0.0,0.0,0.0,0.0,0,0,0
1756703789,3121,0.0,0.0,0.05,0.0,0.0,0.0,0.0,0.0,0,0,0
1756703789,3122,-0.02,0.0,-0.1,0.0,0.0,0.0,0.0,0.0,0,0,0
1756703789,3123,0.0,0.0,-0.07,0.0,0.0,0.0,0.0,0.0,0,0,0
1756703789,3124,-0.05,0.0,-0.03,0.0,0.0,0.0,0.0,0.0,0,0,0
1756703789,3125,0.0,0.0,-0.03,0.0,0.0,0.0,0.0,0.0,0,0,0
1756703789,3126,0.0,0.0,0.0,0.0,0.0,0.0,0.0,0.0,0,0,0
1756703789,3127,0.1,0.0,0.0,0.0,0.0,0.0,0.0,0.0,0,0,0
1756703789,3128,0.0,0.0,0.0,0.0,0.0,0.0,0.0,0.0,0,0,0
1756703789,3129,0.0,0.0,-0.01,0.0,0.0,0.0,0.0,0.0,0,0,0
1756703789,3130,0.02,0.0,0.0,0.0,0.0,0.0,0.0,0.0,0,0,0
1756703789,3131,0.0,0.0,-0.01,0.0,0.0,0.0,0.0,0.0,0,0,0
1756703790,3132,0.0,0.0,0.0,0.0,0.0,0.0,0.0,0.0,0,0,0
1756703790,3133,0.03,0.0,0.0,0.0,0.0,0.0,0.0,0.0,0,0,0
1756703790,3134,0.0,0.0,0.0,0.0,0.0,0.0,0.0,0.0,0,0,0
1756703790,3135,0.0,0.0,-0.07,0.0,0.0,0.0,0.0,0.0,0,0,0
1756703790,3136,0.03,0.0,-0.03,0.0,0.0,0.0,0.0,0.0,0,0,0
1756703790,3137,0.01,0.0,0.0,0.0,0.0,0.0,0.0,0.0,0,0,0
1756703790,3138,0.0,0.0,-0.02,0.0,0.0,0.0,0.0,0.0,0,0,0
1756703790,3139,0.03,0.0,-0.05,0.0,0.0,0.0,0.0,0.0,0,0,0
1756703790,3140,0.02,0.0,0.0,0.0,0.0,0.0,0.0,0.0,0,0,0
1756703790,3141,-0.03,0.0,0.0,0.0,0.0,0.0,0.0,0.0,0,0,0
1756703790,3142,0.0,0.0,0.0,0.0,0.0,0.0,0.0,0.0,0,0,0
1756703790,3143,0.0,0.0,0.09,0.0,0.0,0.0,0.0,0.0,0,0,0
1756703790,3144,-0.01,0.0,-0.05,0.0,0.0,0.0,0.0,0.0,0,0,0
1756703790,3145,0.0,0.0,0.0,0.0,0.0,0.0,0.0,0.0,0,0,0
1756703790,3146,0.02,0.0,-0.02,0.0,0.0,0.0,0.0,0.0,0,0,0
1756703790,3147,0.02,0.0,0.0,0.0,0.0,0.0,0.0,0.0,0,0,0
1756703790,3148,0.01,0.0,0.05,0.0,0.0,0.0,0.0,0.0,0,0,0
1756703790,3149,0.0,0.0,0.0,0.0,0.0,0.0,0.0,0.0,0,0,0
1756703790,3150,0.0,0.0,-0.03,0.0,0.0,0.0,0.0,0.0,0,0,0
1756703790,3151,0.1,0.0,-0.05,0.0,0.0,0.0,0.0,0.0,0,0,0
1756703790,3152,0.02,0.0,0.0,0.0,0.0,0.0,0.0,0.0,0,0,0
1756703790,3153,0.0,0.0,-0.01,0.0,0.0,0.0,0.0,0.0,0,0,0
1756703790,3154,0.0,0.0,0.0,0.0,0.0,0.0,0.0,0.0,0,0,0
1756703790,3155,0.0,0.0,0.0,0.0,0.0,0.0,0.0,0.0,0,0,0
1756703790,3156,0.02,0.0,0.0,0.0,0.0,0.0,0.0,0.0,0,0,0
1756703790,3157,0.0,0.0,-0.01,0.0,0.0,0.0,0.0,0.0,0,0,0
1756703790,3158,0.0,0.0,0.0,0.0,0.0,0.0,0.0,0.0,0,0,0
1756703790,3159,0.03,0.0,0.0,0.0,0.0,0.0,0.0,0.0,0,0,0
1756703790,3160,0.02,0.0,-0.02,0.0,0.0,0.0,0.0,0.0,0,0,0
1756703790,3161,-0.05,0.0,0.0,0.0,0.0,0.0,0.0,0.0,0,0,0
1756703790,3162,0.0,0.0,0.0,0.0,0.0,0.0,0.0,0.0,0,0,0
1756703790,3163,0.0,0.0,-0.01,0.0,0.0,0.0,0.0,0.0,0,0,0
1756703790,3164,0.01,0.0,-0.03,0.0,0.0,0.0,0.0,0.0,0,0,0
1756703790,3165,0.01,0.0,-0.07,0.0,0.0,0.0,0.0,0.0,0,0,0
1756703790,3166,0.03,0.0,0.0,0.0,0.0,0.0,0.0,0.0,0,0,0
1756703790,3167,0.0,0.0,0.0,0.0,0.0,0.0,0.0,0.0,0,0,0
1756703790,3168,0.0,0.0,-0.01,0.0,0.0,0.0,0.0,0.0,0,0,0
1756703790,3169,0.07,0.0,0.0,0.0,0.0,0.0,0.0,0.0,0,0,0
1756703790,3170,0.0,0.0,0.0,0.0,0.0,0.0,0.0,0.0,0,0,0
1756703790,3171,-0.01,0.0,-0.05,0.0,0.0,0.0,0.0,0.0,0,0,0
1756703790,3172,0.0,0.0,0.0,0.0,0.0,0.0,0.0,0.0,0,0,0
1756703790,3173,0.0,0.0,-0.05,0.0,0.0,0.0,0.0,0.0,0,0,0
1756703790,3174,0.05,0.0,-0.03,0.0,0.0,0.0,0.0,0.0,0,0,0
1756703790,3175,0.02,0.0,0.0,0.0,0.0,0.0,0.0,0.0,0,0,0
1756703790,3176,0.0,0.0,0.0,0.0,0.0,0.0,0.0,0.0,0,0,0
1756703790,3177,0.01,0.0,0.0,0.0,0.0,0.0,0.0,0.0,0,0,0
1756703790,3178,0.03,0.0,0.0,0.0,0.0,0.0,0.0,0.0,0,0,0
1756703790,3179,0.0,0.0,0.01,0.0,0.0,0.0,0.0,0.0,0,0,0
1756703790,3180,0.0,0.0,-0.02,0.0,0.0,0.0,0.0,0.0,0,0,0
1756703790,3181,0.0,0.0,-0.02,0.0,0.0,0.0,0.0,0.0,0,0,0
1756703790,3182,0.0,0.0,0.0,0.0,0.0,0.0,0.0,0.0,0,0,0
1756703790,3183,0.02,0.0,-0.02,0.0,0.0,0.0,0.0,0.0,0,0,0
1756703790,3184,0.01,0.0,0.05,0.0,0.0,0.0,0.0,0.0,0,0,0
1756703790,3185,0.01,0.0,0.0,0.0,0.0,0.0,0.0,0.0,0,0,0
1756703790,3186,0.01,0.0,0.0,0.0,0.0,0.0,0.0,0.0,0,0,0
1756703790,3187,0.02,0.0,0.0,0.0,0.0,0.0,0.0,0.0,0,0,0
1756703790,3188,0.0,0.0,0.0,0.0,0.0,0.0,0.0,0.0,0,0,0
1756703790,3189,0.01,0.0,0.0,0.0,0.0,0.0,0.0,0.0,0,0,0
1756703790,3190,0.01,0.0,0.0,0.0,0.0,0.0,0.0,0.0,0,0,0
1756703790,3191,0.03,0.0,-0.07,0.0,0.0,0.0,0.0,0.0,0,0,0
1756703790,3192,0.0,0.0,-0.01,0.0,0.0,0.0,0.0,0.0,0,0,0
1756703790,3193,-0.01,0.0,-0.02,0.0,0.0,0.0,0.0,0.0,0,0,0
1756703791,3194,0.02,0.0,-0.01,0.0,0.0,0.0,0.0,0.0,0,0,0
1756703791,3195,0.01,0.0,-0.02,0.0,0.0,0.0,0.0,0.0,0,0,0
1756703791,3196,0.0,0.0,-0.01,0.0,0.0,0.0,0.0,0.0,0,0,0
1756703791,3197,0.0,0.0,-0.01,0.0,0.0,0.0,0.0,0.0,0,0,0
1756703791,3198,0.03,0.0,0.0,0.0,0.0,0.0,0.0,0.0,0,0,0
1756703791,3199,0.0,0.0,-0.07,0.0,0.0,0.0,0.0,0.0,0,0,0
1756703791,3200,0.0,0.0,-0.02,0.0,0.0,0.0,0.0,0.0,0,0,0
1756703791,3201,0.0,0.0,-0.07,0.0,0.0,0.0,0.0,0.0,0,0,0
1756703791,3202,-0.01,0.0,-0.02,0.0,0.0,0.0,0.0,0.0,0,0,0
1756703791,3203,0.0,0.0,0.0,0.0,0.0,0.0,0.0,0.0,0,0,0
1756703791,3204,0.05,0.0,-0.07,0.0,0.0,0.0,0.0,0.0,0,0,0
1756703791,3205,0.0,0.0,-0.09,0.0,0.0,0.0,0.0,0.0,0,0,0
1756703791,3206,0.01,0.0,-0.03,0.0,0.0,0.0,0.0,0.0,0,0,0
1756703791,3207,0.01,0.0,0.02,0.0,0.0,0.0,0.0,0.0,0,0,0
1756703791,3208,0.0,0.0,0.0,0.0,0.0,0.0,0.0,0.0,0,0,0
1756703791,3209,0.0,0.0,-0.03,0.0,0.0,0.0,0.0,0.0,0,0,0
1756703791,3210,0.0,0.0,-0.01,0.0,0.0,0.0,0.0,0.0,0,0,0
1756703791,3211,0.0,0.0,0.0,0.0,0.0,0.0,0.0,0.0,0,0,0
1756703791,3212,0.0,0.0,0.0,0.0,0.0,0.0,0.0,0.0,0,0,0
1756703791,3213,0.02,0.0,-0.01,0.0,0.0,0.0,0.0,0.0,0,0,0
1756703791,3214,0.05,0.0,0.0,0.0,0.0,0.0,0.0,0.0,0,0,0
1756703791,3215,0.0,0.0,0.0,0.0,0.0,0.0,0.0,0.0,0,0,0
1756703791,3216,0.05,0.0,-0.01,0.0,0.0,0.0,0.0,0.0,0,0,0
1756703791,3217,0.0,0.0,-0.01,0.0,0.0,0.0,0.0,0.0,0,0,0
1756703791,3218,0.09,0.0,-0.02,0.0,0.0,0.0,0.0,0.0,0,0,0
1756703791,3219,0.0,0.0,0.0,0.0,0.0,0.0,0.0,0.0,0,0,0
1756703791,3220,-0.01,0.0,0.0,0.0,0.0,0.0,0.0,0.0,0,0,0
1756703791,3221,0.0,0.0,-0.02,0.0,0.0,0.0,0.0,0.0,0,0,0
1756703791,3222,0.0,0.0,-0.02,0.0,0.0,0.0,0.0,0.0,0,0,0
1756703791,3223,0.0,0.0,-0.05,0.0,0.0,0.0,0.0,0.0,0,0,0
1756703791,3224,0.0,0.0,-0.03,0.0,0.0,0.0,0.0,0.0,0,0,0
1756703791,3225,0.0,0.0,0.0,0.0,0.0,0.0,0.0,0.0,0,0,0
1756703791,3226,0.02,0.0,-0.01,0.0,0.0,0.0,0.0,0.0,0,0,0
1756703791,3227,0.05,0.0,-0.01,0.0,0.0,0.0,0.0,0.0,0,0,0
1756703791,3228,0.0,0.0,-0.01,0.0,0.0,0.0,0.0,0.0,0,0,0
1756703791,3229,-0.03,0.0,-0.1,0.0,0.0,0.0,0.0,0.0,0,0,0
1756703791,3230,0.03,0.0,-0.05,0.0,0.0,0.0,0.0,0.0,0,0,0
1756703791,3231,0.01,0.0,-0.01,0.0,0.0,0.0,0.0,0.0,0,0,0
1756703791,3232,0.07,0.0,0.0,0.0,0.0,0.0,0.0,0.0,0,0,0
1756703791,3233,0.0,0.0,0.0,0.0,0.0,0.0,0.0,0.0,0,0,0
1756703791,3234,-0.01,0.0,0.11,0.0,0.0,0.0,0.0,0.0,0,0,0
1756703791,3235,-0.03,0.0,-0.05,0.0,0.0,0.0,0.0,0.0,0,0,0
1756703791,3236,0.0,0.0,-0.03,0.0,0.0,0.0,0.0,0.0,0,0,0
1756703791,3237,0.02,0.0,0.0,0.0,0.0,0.0,0.0,0.0,0,0,0
1756703791,3238,0.0,0.0,-0.02,0.0,0.0,0.0,0.0,0.0,0,0,0
1756703791,3239,0.0,0.0,-0.02,0.0,0.0,0.0,0.0,0.0,0,0,0
1756703791,3240,0.0,0.0,0.0,0.0,0.0,0.0,0.0,0.0,0,0,0
1756703791,3241,0.0,0.0,-0.01,0.0,0.0,0.0,0.0,0.0,0,0,0
1756703791,3242,0.03,0.0,-0.01,0.0,0.0,0.0,0.0,0.0,0,0,0
1756703791,3243,0.0,0.0,-0.01,0.0,0.0,0.0,0.0,0.0,0,0,0
1756703791,3244,0.0,0.0,0.0,0.0,0.0,0.0,0.0,0.0,0,0,0
1756703791,3245,0.03,0.0,-0.07,0.0,0.0,0.0,0.0,0.0,0,0,0
1756703791,3246,0.03,0.0,-0.05,0.0,0.0,0.0,0.0,0.0,0,0,0
1756703791,3247,0.0,0.0,-0.02,0.0,0.0,0.0,0.0,0.0,0,0,0
1756703791,3248,0.0,0.0,-0.07,0.0,0.0,0.0,0.0,0.0,0,0,0
1756703791,3249,0.0,0.0,0.0,0.0,0.0,0.0,0.0,0.0,0,0,0
1756703791,3250,0.05,0.0,-0.01,0.0,0.0,0.0,0.0,0.0,0,0,0
1756703791,3251,0.0,0.0,-0.05,0.0,0.0,0.0,0.0,0.0,0,0,0
1756703791,3252,0.02,0.0,-0.03,0.0,0.0,0.0,0.0,0.0,0,0,0
1756703791,3253,0.1,0.0,0.01,0.0,0.0,0.0,0.0,0.0,0,0,0
1756703791,3254,0.01,0.0,0.0,0.0,0.0,0.0,0.0,0.0,0,0,0
1756703791,3255,-0.01,0.0,0.0,0.0,0.0,0.0,0.0,0.0,0,0,0
1756703791,3256,0.0,0.0,0.0,0.0,0.0,0.0,0.0,0.0,0,0,0
1756703791,3257,0.0,0.0,-0.01,0.0,0.0,0.0,0.0,0.0,0,0,0
1756703791,3258,0.0,0.0,0.0,0.0,0.0,0.0,0.0,0.0,0,0,0
1756703791,3259,0.05,0.0,-0.07,0.0,0.0,0.0,0.0,0.0,0,0,0
1756703792,3260,-0.03,0.0,-0.02,0.0,0.0,0.0,0.0,0.0,0,0,0
1756703792,3261,0.09,0.0,-0.05,0.0,0.0,0.0,0.0,0.0,0,0,0
1756703792,3262,0.0,0.0,-0.03,0.0,0.0,0.0,0.0,0.0,0,0,0
1756703792,3263,0.03,0.0,0.0,0.0,0.0,0.0,0.0,0.0,0,0,0
1756703792,3264,-0.01,0.0,0.0,0.0,0.0,0.0,0.0,0.0,0,0,0
1756703792,3265,0.0,0.0,-0.02,0.0,0.0,0.0,0.0,0.0,0,0,0
1756703792,3266,0.03,0.0,0.0,0.0,0.0,0.0,0.0,0.0,0,0,0
1756703792,3267,0.0,0.0,0.0,0.0,0.0,0.0,0.0,0.0,0,0,0
1756703792,3268,0.0,0.0,0.0,0.0,0.0,0.0,0.0,0.0,0,0,0
1756703792,3269,0.01,0.0,-0.03,0.0,0.0,0.0,0.0,0.0,0,0,0
1756703792,3270,0.0,0.0,-0.03,0.0,0.0,0.0,0.0,0.0,0,0,0
1756703792,3271,0.03,0.0,0.0,0.0,0.0,0.0,0.0,0.0,0,0,0
1756703792,3272,0.0,0.0,-0.07,0.0,0.0,0.0,0.0,0.0,0,0,0
1756703792,3273,0.0,0.0,0.0,0.0,0.0,0.0,0.0,0.0,0,0,0
1756703792,3274,0.0,0.0,-0.01,0.0,0.0,0.0,0.0,0.0,0,0,0
1756703792,3275,-0.02,0.0,0.0,0.0,0.0,0.0,0.0,0.0,0,0,0
1756703792,3276,0.0,0.0,-0.01,0.0,0.0,0.0,0.0,0.0,0,0,0
1756703792,3277,0.03,0.0,-0.05,0.0,0.0,0.0,0.0,0.0,0,0,0
1756703792,3278,0.0,0.0,-0.01,0.0,0.0,0.0,0.0,0.0,0,0,0
1756703792,3279,0.02,0.0,-0.05,0.0,0.0,0.0,0.0,0.0,0,0,0
1756703792,3280,-0.01,0.0,-0.01,0.0,0.0,0.0,0.0,0.0,0,0,0
1756703792,3281,0.05,0.0,0.0,0.0,0.0,0.0,0.0,0.0,0,0,0
1756703792,3282,0.03,0.0,0.0,0.0,0.0,0.0,0.0,0.0,0,0,0
1756703792,3283,0.0,0.0,0.0,0.0,0.0,0.0,0.0,0.0,0,0,0
1756703792,3284,0.05,0.0,0.0,0.0,0.0,0.0,0.0,0.0,0,0,0
1756703792,3285,0.01,0.0,0.0,0.0,0.0,0.0,0.0,0.0,0,0,0
1756703792,3286,0.0,0.0,0.0,0.0,0.0,0.0,0.0,0.0,0,0,0
1756703792,3287,0.01,0.0,-0.01,0.0,0.0,0.0,0.0,0.0,0,0,0
1756703792,3288,0.0,0.0,-0.02,0.0,0.0,0.0,0.0,0.0,0,0,0
1756703792,3289,-0.01,0.0,-0.02,0.0,0.0,0.0,0.0,0.0,0,0,0
1756703792,3290,0.03,0.0,0.0,0.0,0.0,0.0,0.0,0.0,0,0,0
1756703792,3291,0.0,0.0,-0.01,0.0,0.0,0.0,0.0,0.0,0,0,0
1756703792,3292,0.0,0.0,0.0,0.0,0.0,0.0,0.0,0.0,0,0,0
1756703792,3293,0.0,0.0,-0.01,0.0,0.0,0.0,0.0,0.0,0,0,0
1756703792,3294,0.02,0.0,-0.03,0.0,0.0,0.0,0.0,0.0,0,0,0
1756703792,3295,0.05,0.0,-0.01,0.0,0.0,0.0,0.0,0.0,0,0,0
1756703792,3296,-0.03,0.0,0.0,0.0,0.0,0.0,0.0,0.0,0,0,0
1756703792,3297,0.0,0.0,-0.02,0.0,0.0,0.0,0.0,0.0,0,0,0
1756703792,3298,0.02,0.0,0.0,0.0,0.0,0.0,0.0,0.0,0,0,0
1756703792,3299,0.0,0.0,0.0,0.0,0.0,0.0,0.0,0.0,0,0,0
1756703792,3300,-0.01,0.0,-0.01,0.0,0.0,0.0,0.0,0.0,0,0,0
1756703792,3301,0.0,0.0,-0.03,0.0,0.0,0.0,0.0,0.0,0,0,0
1756703792,3302,0.0,0.0,-0.07,0.0,0.0,0.0,0.0,0.0,0,0,0
1756703792,3303,0.0,0.0,0.0,0.0,0.0,0.0,0.0,0.0,0,0,0
1756703792,3304,0.02,0.0,-0.02,0.0,0.0,0.0,0.0,0.0,0,0,0
1756703792,3305,0.0,0.0,0.0,0.0,0.0,0.0,0.0,0.0,0,0,0
1756703792,3306,0.0,0.0,-0.02,0.0,0.0,0.0,0.0,0.0,0,0,0
1756703792,3307,0.03,0.0,-0.01,0.0,0.0,0.0,0.0,0.0,0,0,0
1756703792,3308,0.0,0.0,0.02,0.0,0.0,0.0,0.0,0.0,0,0,0
1756703792,3309,0.0,0.0,0.0,0.0,0.0,0.0,0.0,0.0,0,0,0
1756703792,3310,0.01,0.0,0.0,0.0,0.0,0.0,0.0,0.0,0,0,0
1756703792,3311,-0.05,0.0,0.0,0.0,0.0,0.0,0.0,0.0,0,0,0
1756703792,3312,0.05,0.0,-0.01,0.0,0.0,0.0,0.0,0.0,0,0,0
1756703792,3313,0.0,0.0,0.0,0.0,0.0,0.0,0.0,0.0,0,0,0
1756703792,3314,0.03,0.0,-0.05,0.0,0.0,0.0,0.0,0.0,0,0,0
1756703792,3315,0.03,0.0,-0.01,0.0,0.0,0.0,0.0,0.0,0,0,0
1756703792,3316,0.0,0.0,-0.01,0.0,0.0,0.0,0.0,0.0,0,0,0
1756703792,3317,0.01,0.0,-0.02,0.0,0.0,0.0,0.0,0.0,0,0,0
1756703792,3318,0.01,0.0,0.0,0.0,0.0,0.0,0.0,0.0,0,0,0
1756703792,3319,0.0,0.0,-0.02,0.0,0.0,0.0,0.0,0.0,0,0,0
1756703792,3320,0.01,0.0,0.0,0.0,0.0,0.0,0.0,0.0,0,0,0
1756703792,3321,0.0,0.0,-0.03,0.0,0.0,0.0,0.0,0.0,0,0,0
1756703792,3322,0.02,0.0,-0.05,0.0,0.0,0.0,0.0,0.0,0,0,0
1756703792,3323,0.0,0.0,0.0,0.0,0.0,0.0,0.0,0.0,0,0,0
1756703792,3324,0.01,0.0,0.0,0.0,0.0,0.0,0.0,0.0,0,0,0
1756703792,3325,0.0,0.0,-0.01,0.0,0.0,0.0,0.0,0.0,0,0,0
1756703792,3326,-0.02,0.0,-0.05,0.0,0.0,0.0,0.0,0.0,0,0,0
1756703792,3327,0.0,0.0,0.0,0.0,0.0,0.0,0.0,0.0,0,0,0
1756703792,3328,-0.03,0.0,-0.01,0.0,0.0,0.0,0.0,0.0,0,0,0
1756703793,3329,0.03,0.0,-0.03,0.0,0.0,0.0,0.0,0.0,0,0,0
1756703793,3330,0.05,0.0,-0.01,0.0,0.0,0.0,0.0,0.0,0,0,0
1756703793,3331,0.03,0.0,-0.01,0.0,0.0,0.0,0.0,0.0,0,0,0
1756703793,3332,0.07,0.0,-0.02,0.0,0.0,0.0,0.0,0.0,0,0,0
1756703793,3333,0.0,0.0,0.0,0.0,0.0,0.0,0.0,0.0,0,0,0
1756703793,3334,0.0,0.0,0.0,0.0,0.0,0.0,0.0,0.0,0,0,0
1756703793,3335,0.0,0.0,0.01,0.0,0.0,0.0,0.0,0.0,0,0,0
1756703793,3336,0.01,0.0,0.0,0.0,0.0,0.0,0.0,0.0,0,0,0
1756703793,3337,-0.01,0.0,0.02,0.0,0.0,0.0,0.0,0.0,0,0,0
1756703793,3338,0.0,0.0,0.0,0.0,0.0,0.0,0.0,0.0,0,0,0
1756703793,3339,0.0,0.0,-0.05,0.0,0.0,0.0,0.0,0.0,0,0,0
1756703793,3340,-0.01,0.0,-0.03,0.0,0.0,0.0,0.0,0.0,0,0,0
1756703793,3341,-0.01,0.0,-0.05,0.0,0.0,0.0,0.0,0.0,0,0,0
1756703793,3342,0.05,0.0,0.02,0.0,0.0,0.0,0.0,0.0,0,0,0
1756703793,3343,0.03,0.0,0.0,0.0,0.0,0.0,0.0,0.0,0,0,0
1756703793,3344,0.0,0.0,-0.01,0.0,0.0,0.0,0.0,0.0,0,0,0
1756703793,3345,0.0,0.0,-0.03,0.0,0.0,0.0,0.0,0.0,0,0,0
1756703793,3346,0.0,0.0,0.0,0.0,0.0,0.0,0.0,0.0,0,0,0
1756703793,3347,0.02,0.0,0.0,0.0,0.0,0.0,0.0,0.0,0,0,0
1756703793,3348,-0.02,0.0,0.0,0.0,0.0,0.0,0.0,0.0,0,0,0
1756703793,3349,-0.01,0.0,-0.02,0.0,0.0,0.0,0.0,0.0,0,0,0
1756703793,3350,0.03,0.0,0.1,0.0,0.0,0.0,0.0,0.0,0,0,0
1756703793,3351,0.0,0.0,0.0,0.0,0.0,0.0,0.0,0.0,0,0,0
1756703793,3352,0.0,0.0,-0.01,0.0,0.0,0.0,0.0,0.0,0,0,0
1756703793,3353,0.03,0.0,0.0,0.0,0.0,0.0,0.0,0.0,0,0,0
1756703793,3354,0.02,0.0,-0.02,0.0,0.0,0.0,0.0,0.0,0,0,0
1756703793,3355,0.0,0.0,0.01,0.0,0.0,0.0,0.0,0.0,0,0,0
1756703793,3356,0.0,0.0,-0.01,0.0,0.0,0.0,0.0,0.0,0,0,0
1756703793,3357,0.0,0.0,-0.01,0.0,0.0,0.0,0.0,0.0,0,0,0
1756703793,3358,0.07,0.0,0.0,0.0,0.0,0.0,0.0,0.0,0,0,0
1756703793,3359,-0.05,0.0,-0.02,0.0,0.0,0.0,0.0,0.0,0,0,0
1756703793,3360,0.0,0.0,0.0,0.0,0.0,0.0,0.0,0.0,0,0,0
1756703793,3361,0.0,0.0,-0.01,0.0,0.0,0.0,0.0,0.0,0,0,0
1756703793,3362,0.03,0.0,0.0,0.0,0.0,0.0,0.0,0.0,0,0,0
1756703793,3363,0.02,0.0,-0.05,0.0,0.0,0.0,0.0,0.0,0,0,0
1756703793,3364,-0.02,0.0,-0.05,0.0,0.0,0.0,0.0,0.0,0,0,0
1756703793,3365,0.0,0.0,0.01,0.0,0.0,0.0,0.0,0.0,0,0,0
1756703793,3366,-0.02,0.0,0.0,0.0,0.0,0.0,0.0,0.0,0,0,0
1756703793,3367,0.01,0.0,-0.05,0.0,0.0,0.0,0.0,0.0,0,0,0
1756703793,3368,0.02,0.0,0.0,0.0,0.0,0.0,0.0,0.0,0,0,0
1756703793,3369,-0.03,0.0,0.0,0.0,0.0,0.0,0.0,0.0,0,0,0
1756703793,3370,0.01,0.0,0.0,0.0,0.0,0.0,0.0,0.0,0,0,0
1756703793,3371,0.0,0.0,0.0,0.0,0.0,0.0,0.0,0.0,0,0,0
1756703793,3372,0.0,0.0,0.05,0.0,0.0,0.0,0.0,0.0,0,0,0
1756703793,3373,0.01,0.0,0.0,0.0,0.0,0.0,0.0,0.0,0,0,0
1756703793,3374,-0.01,0.0,-0.03,0.0,0.0,0.0,0.0,0.0,0,0,0
1756703793,3375,0.0,0.0,0.0,0.0,0.0,0.0,0.0,0.0,0,0,0
1756703793,3376,0.01,0.0,-0.07,0.0,0.0,0.0,0.0,0.0,0,0,0
1756703793,3377,0.0,0.0,-0.03,0.0,0.0,0.0,0.0,0.0,0,0,0
1756703793,3378,0.01,0.0,-0.01,0.0,0.0,0.0,0.0,0.0,0,0,0
1756703793,3379,0.0,0.0,0.0,0.0,0.0,0.0,0.0,0.0,0,0,0
1756703793,3380,0.07,0.0,0.0,0.0,0.0,0.0,0.0,0.0,0,0,0
1756703793,3381,0.03,0.0,0.0,0.0,0.0,0.0,0.0,0.0,0,0,0
1756703793,3382,0.0,0.0,-0.02,0.0,0.0,0.0,0.0,0.0,0,0,0
1756703793,3383,0.0,0.0,0.0,0.0,0.0,0.0,0.0,0.0,0,0,0
1756703793,3384,0.03,0.0,0.0,0.0,0.0,0.0,0.0,0.0,0,0,0
1756703793,3385,0.0,0.0,0.01,0.0,0.0,0.0,0.0,0.0,0,0,0
1756703793,3386,0.0,0.0,-0.01,0.0,0.0,0.0,0.0,0.0,0,0,0
1756703793,3387,0.01,0.0,0.0,0.0,0.0,0.0,0.0,0.0,0,0,0
1756703793,3388,0.05,0.0,-0.05,0.0,0.0,0.0,0.0,0.0,0,0,0
1756703793,3389,0.0,0.0,0.0,0.0,0.0,0.0,0.0,0.0,0,0,0
1756703793,3390,0.0,0.0,0.01,0.0,0.0,0.0,0.0,0.0,0,0,0
1756703793,3391,0.01,0.0,0.0,0.0,0.0,0.0,0.0,0.0,0,0,0
1756703793,3392,0.02,0.0,-0.02,0.0,0.0,0.0,0.0,0.0,0,0,0
1756703793,3393,0.05,0.0,-0.03,0.0,0.0,0.0,0.0,0.0,0,0,0
1756703794,3394,0.0,0.0,0.07,0.0,0.0,0.0,0.0,0.0,0,0,0
1756703794,3395,0.0,0.0,0.0,0.0,0.0,0.0,0.0,0.0,0,0,0
1756703794,3396,0.0,0.0,0.0,0.0,0.0,0.0,0.0,0.0,0,0,0
1756703794,3397,0.03,0.0,-0.05,0.0,0.0,0.0,0.0,0.0,0,0,0
1756703794,3398,0.0,0.0,-0.05,0.0,0.0,0.0,0.0,0.0,0,0,0
1756703794,3399,0.0,0.0,-0.05,0.0,0.0,0.0,0.0,0.0,0,0,0
1756703794,3400,0.02,0.0,-0.05,0.0,0.0,0.0,0.0,0.0,0,0,0
1756703794,3401,0.0,0.0,0.0,0.0,0.0,0.0,0.0,0.0,0,0,0
1756703794,3402,0.01,0.0,-0.02,0.0,0.0,0.0,0.0,0.0,0,0,0
1756703794,3403,0.03,0.0,-0.03,0.0,0.0,0.0,0.0,0.0,0,0,0
1756703794,3404,0.0,0.0,-0.01,0.0,0.0,0.0,0.0,0.0,0,0,0
1756703794,3405,0.02,0.0,0.0,0.0,0.0,0.0,0.0,0.0,0,0,0
1756703794,3406,0.01,0.0,-0.01,0.0,0.0,0.0,0.0,0.0,0,0,0
1756703794,3407,0.05,0.0,-0.02,0.0,0.0,0.0,0.0,0.0,0,0,0
1756703794,3408,0.03,0.0,-0.01,0.0,0.0,0.0,0.0,0.0,0,0,0
1756703794,3409,0.01,0.0,-0.03,0.0,0.0,0.0,0.0,0.0,0,0,0
1756703794,3410,0.0,0.0,0.0,0.0,0.0,0.0,0.0,0.0,0,0,0
1756703794,3411,-0.01,0.0,-0.07,0.0,0.0,0.0,0.0,0.0,0,0,0
1756703794,3412,0.0,0.0,-0.01,0.0,0.0,0.0,0.0,0.0,0,0,0
1756703794,3413,0.0,0.0,0.0,0.0,0.0,0.0,0.0,0.0,0,0,0
1756703794,3414,0.0,0.0,0.0,0.0,0.0,0.0,0.0,0.0,0,0,0
1756703794,3415,0.07,0.0,0.0,0.0,0.0,0.0,0.0,0.0,0,0,0
1756703794,3416,0.01,0.0,0.01,0.0,0.0,0.0,0.0,0.0,0,0,0
1756703794,3417,0.01,0.0,-0.05,0.0,0.0,0.0,0.0,0.0,0,0,0
1756703794,3418,0.02,0.0,0.0,0.0,0.0,0.0,0.0,0.0,0,0,0
1756703794,3419,0.0,0.0,0.0,0.0,0.0,0.0,0.0,0.0,0,0,0
1756703794,3420,0.0,0.0,0.0,0.0,0.0,0.0,0.0,0.0,0,0,0
1756703794,3421,0.0,0.0,0.0,0.0,0.0,0.0,0.0,0.0,0,0,0
1756703794,3422,0.0,0.0,0.0,0.0,0.0,0.0,0.0,0.0,0,0,0
1756703794,3423,0.03,0.0,-0.01,0.0,0.0,0.0,0.0,0.0,0,0,0
1756703794,3424,0.02,0.0,0.0,0.0,0.0,0.0,0.0,0.0,0,0,0
1756703794,3425,-0.01,0.0,0.07,0.0,0.0,0.0,0.0,0.0,0,0,0
1756703794,3426,0.0,0.0,-0.05,0.0,0.0,0.0,0.0,0.0,0,0,0
1756703794,3427,-0.01,0.0,0.0,0.0,0.0,0.0,0.0,0.0,0,0,0
