EpochTimestamp,TStep,Data 0,Data 1,Data 2,Data 3,Data 4,Data 5,Data 6,Data 7,Data 8,Data 9,Mark
1756702233,1,0.0,0.0,0.0,0.0,0.0,0.0,0.0,0.0,0,0,0
1756702233,2,0.0,0.0,0.0,0.0,0.0,0.0,0.0,0.0,0,0,0
1756702233,3,-0.05,0.0,0.0,0.0,0.0,0.0,0.0,0.0,0,0,0
1756702233,4,0.02,0.0,0.0,0.0,0.0,0.0,0.0,0.0,0,0,0
1756702233,5,-0.01,0.0,0.07,0.0,0.0,0.0,0.0,0.0,0,0,0
1756702233,6,0.01,0.0,-0.05,0.0,0.0,0.0,0.0,0.0,0,0,0
1756702233,7,0.0,0.0,-0.01,0.0,0.0,0.0,0.0,0.0,0,0,0
1756702233,8,0.01,0.0,0.0,0.0,0.0,0.0,0.0,0.0,0,0,0
1756702233,9,0.0,0.0,-0.01,0.0,0.0,0.0,0.0,0.0,0,0,0
1756702233,10,0.0,0.0,0.0,0.0,0.0,0.0,0.0,0.0,0,0,0
1756702233,11,0.02,0.0,-0.02,0.0,0.0,0.0,0.0,0.0,0,0,0
1756702233,12,-0.02,0.0,-0.01,0.0,0.0,0.0,0.0,0.0,0,0,0
1756702233,13,0.0,0.0,0.0,0.0,0.0,0.0,0.0,0.0,0,0,0
1756702233,14,0.0,0.0,-0.01,0.0,0.0,0.0,0.0,0.0,0,0,0
1756702233,15,0.0,0.0,0.0,0.0,0.0,0.0,0.0,0.0,0,0,0
1756702233,16,-0.05,0.0,0.0,0.0,0.0,0.0,0.0,0.0,0,0,0
1756702233,17,-0.02,0.0,0.0,0.0,0.0,0.0,0.0,0.0,0,0,0
1756702233,18,0.02,0.0,0.0,0.0,0.0,0.0,0.0,0.0,0,0,0
1756702233,19,0.0,0.0,0.0,0.0,0.0,0.0,0.0,0.0,0,0,0
1756702233,20,0.0,0.0,-0.05,0.0,0.0,0.0,0.0,0.0,0,0,0
1756702233,21,0.0,0.0,0.0,0.0,0.0,0.0,0.0,0.0,0,0,0
1756702233,22,0.0,0.0,0.01,0.0,0.0,0.0,0.0,0.0,0,0,0
1756702233,23,0.0,0.0,0.02,0.0,0.0,0.0,0.0,0.0,0,0,0
1756702233,24,0.0,0.0,-0.01,0.0,0.0,0.0,0.0,0.0,0,0,0
1756702233,25,0.0,0.0,-0.05,0.0,0.0,0.0,0.0,0.0,0,0,0
1756702233,26,0.0,0.0,-0.05,0.0,0.0,0.0,0.0,0.0,0,0,0
1756702233,27,0.0,0.0,0.02,0.0,0.0,0.0,0.0,0.0,0,0,0
1756702233,28,0.0,0.0,0.0,0.0,0.0,0.0,0.0,0.0,0,0,0
1756702233,29,0.02,0.0,0.0,0.0,0.0,0.0,0.0,0.0,0,0,0
1756702233,30,0.03,0.0,0.0,0.0,0.0,0.0,0.0,0.0,0,0,0
1756702233,31,-0.05,0.0,-0.01,0.0,0.0,0.0,0.0,0.0,0,0,0
1756702233,32,0.0,0.0,0.0,0.0,0.0,0.0,0.0,0.0,0,0,0
1756702233,33,0.01,0.0,-0.01,0.0,0.0,0.0,0.0,0.0,0,0,0
1756702233,34,-0.01,0.0,0.0,0.0,0.0,0.0,0.0,0.0,0,0,0
1756702233,35,0.01,0.0,0.0,0.0,0.0,0.0,0.0,0.0,0,0,0
1756702233,36,0.0,0.0,0.0,0.0,0.0,0.0,0.0,0.0,0,0,0
1756702233,37,-0.03,0.0,0.0,0.0,0.0,0.0,0.0,0.0,0,0,0
1756702233,38,0.0,0.0,-0.01,0.0,0.0,0.0,0.0,0.0,0,0,0
1756702233,39,-0.02,0.0,0.0,0.0,0.0,0.0,0.0,0.0,0,0,0
1756702233,40,0.01,0.0,0.0,0.0,0.0,0.0,0.0,0.0,0,0,0
1756702233,41,0.0,0.0,-0.03,0.0,0.0,0.0,0.0,0.0,0,0,0
1756702233,42,0.02,0.0,0.0,0.0,0.0,0.0,0.0,0.0,0,0,0
1756702233,43,0.01,0.0,-0.01,0.0,0.0,0.0,0.0,0.0,0,0,0
1756702233,44,0.0,0.0,-0.07,0.0,0.0,0.0,0.0,0.0,0,0,0
1756702233,45,0.02,0.0,-0.05,0.0,0.0,0.0,0.0,0.0,0,0,0
1756702233,46,0.01,0.0,0.05,0.0,0.0,0.0,0.0,0.0,0,0,0
1756702233,47,0.0,0.0,0.0,0.0,0.0,0.0,0.0,0.0,0,0,0
1756702233,48,-0.02,0.0,0.0,0.0,0.0,0.0,0.0,0.0,0,0,0
1756702233,49,-0.02,0.0,0.0,0.0,0.0,0.0,0.0,0.0,0,0,0
1756702233,50,0.0,0.0,-0.03,0.0,0.0,0.0,0.0,0.0,0,0,0
1756702233,51,0.0,0.0,-0.01,0.0,0.0,0.0,0.0,0.0,0,0,0
1756702233,52,0.0,0.0,0.0,0.0,0.0,0.0,0.0,0.0,0,0,0
1756702233,53,0.0,0.0,0.0,0.0,0.0,0.0,0.0,0.0,0,0,0
1756702233,54,0.0,0.0,0.0,0.0,0.0,0.0,0.0,0.0,0,0,0
1756702233,55,0.0,0.0,-0.05,0.0,0.0,0.0,0.0,0.0,0,0,0
1756702233,56,0.03,0.0,0.0,0.0,0.0,0.0,0.0,0.0,0,0,0
1756702233,57,0.0,0.0,0.0,0.0,0.0,0.0,0.0,0.0,0,0,0
1756702233,58,0.0,0.0,-0.02,0.0,0.0,0.0,0.0,0.0,0,0,0
1756702233,59,-0.01,0.0,0.0,0.0,0.0,0.0,0.0,0.0,0,0,0
1756702233,60,0.0,0.0,0.01,0.0,0.0,0.0,0.0,0.0,0,0,0
1756702233,61,-0.01,0.0,-0.05,0.0,0.0,0.0,0.0,0.0,0,0,0
1756702233,62,0.07,0.0,0.0,0.0,0.0,0.0,0.0,0.0,0,0,0
1756702233,63,0.0,0.0,0.0,0.0,0.0,0.0,0.0,0.0,0,0,0
1756702233,64,0.0,0.0,0.0,0.0,0.0,0.0,0.0,0.0,0,0,0
1756702234,65,0.0,0.0,-0.01,0.0,0.0,0.0,0.0,0.0,0,0,0
1756702234,66,0.0,0.0,0.05,0.0,0.0,0.0,0.0,0.0,0,0,0
1756702234,67,0.0,0.0,-0.02,0.0,0.0,0.0,0.0,0.0,0,0,0
1756702234,68,-0.02,0.0,-0.02,0.0,0.0,0.0,0.0,0.0,0,0,0
1756702234,69,0.0,0.0,0.0,0.0,0.0,0.0,0.0,0.0,0,0,0
1756702234,70,0.0,0.0,0.0,0.0,0.0,0.0,0.0,0.0,0,0,0
1756702234,71,-0.05,0.0,0.0,0.0,0.0,0.0,0.0,0.0,0,0,0
1756702234,72,0.0,0.0,0.0,0.0,0.0,0.0,0.0,0.0,0,0,0
1756702234,73,0.05,0.0,0.0,0.0,0.0,0.0,0.0,0.0,0,0,0
1756702234,74,-0.01,0.0,-0.01,0.0,0.0,0.0,0.0,0.0,0,0,0
1756702234,75,0.01,0.0,0.0,0.0,0.0,0.0,0.0,0.0,0,0,0
1756702234,76,0.0,0.0,0.0,0.0,0.0,0.0,0.0,0.0,0,0,0
1756702234,77,0.02,0.0,-0.01,0.0,0.0,0.0,0.0,0.0,0,0,0
1756702234,78,0.0,0.0,-0.07,0.0,0.0,0.0,0.0,0.0,0,0,0
1756702234,79,0.0,0.0,0.0,0.0,0.0,0.0,0.0,0.0,0,0,0
1756702234,80,0.0,0.0,0.0,0.0,0.0,0.0,0.0,0.0,0,0,0
1756702234,81,0.03,0.0,-0.07,0.0,0.0,0.0,0.0,0.0,0,0,0
1756702234,82,0.0,0.0,-0.02,0.0,0.0,0.0,0.0,0.0,0,0,0
1756702234,83,0.0,0.0,0.0,0.0,0.0,0.0,0.0,0.0,0,0,0
1756702234,84,0.15,0.0,0.0,0.0,0.0,0.0,0.0,0.0,0,0,0
1756702234,85,0.0,0.0,0.0,0.0,0.0,0.0,0.0,0.0,0,0,0
1756702234,86,0.02,0.0,-0.01,0.0,0.0,0.0,0.0,0.0,0,0,0
1756702234,87,-0.01,0.0,-0.01,0.0,0.0,0.0,0.0,0.0,0,0,0
1756702234,88,-0.1,0.0,-0.07,0.0,0.0,0.0,0.0,0.0,0,0,0
1756702234,89,-0.07,0.0,0.01,0.0,0.0,0.0,0.0,0.0,0,0,0
1756702234,90,0.02,0.0,-0.01,0.0,0.0,0.0,0.0,0.0,0,0,0
1756702234,91,0.05,0.0,-0.07,0.0,0.0,0.0,0.0,0.0,0,0,0
1756702234,92,0.05,0.0,0.0,0.0,0.0,0.0,0.0,0.0,0,0,0
1756702234,93,0.01,0.0,-0.02,0.0,0.0,0.0,0.0,0.0,0,0,0
1756702234,94,-0.01,0.0,-0.07,0.0,0.0,0.0,0.0,0.0,0,0,0
1756702234,95,-0.07,0.0,0.0,0.0,0.0,0.0,0.0,0.0,0,0,0
1756702234,96,-0.01,0.0,0.05,0.0,0.0,0.0,0.0,0.0,0,0,0
1756702234,97,0.07,0.0,-0.02,0.0,0.0,0.0,0.0,0.0,0,0,0
1756702234,98,0.0,0.0,-0.02,0.0,0.0,0.0,0.0,0.0,0,0,0
1756702234,99,0.02,0.0,-0.01,0.0,0.0,0.0,0.0,0.0,0,0,0
1756702234,100,-0.01,0.0,-0.05,0.0,0.0,0.0,0.0,0.0,0,0,0
1756702234,101,0.0,0.0,-0.05,0.0,0.0,0.0,0.0,0.0,0,0,0
1756702234,102,0.0,0.0,0.0,0.0,0.0,0.0,0.0,0.0,0,0,0
1756702234,103,0.0,0.0,0.02,0.0,0.0,0.0,0.0,0.0,0,0,0
1756702234,104,0.01,0.0,-0.02,0.0,0.0,0.0,0.0,0.0,0,0,0
1756702234,105,-0.05,0.0,0.0,0.0,0.0,0.0,0.0,0.0,0,0,0
1756702234,106,-0.01,0.0,0.0,0.0,0.0,0.0,0.0,0.0,0,0,0
1756702234,107,0.0,0.0,-0.05,0.0,0.0,0.0,0.0,0.0,0,0,0
1756702234,108,0.03,0.0,0.2,0.0,0.0,0.0,0.0,0.0,0,0,0
1756702234,109,0.0,0.0,-0.05,0.0,0.0,0.0,0.0,0.0,0,0,0
1756702234,110,0.0,0.0,-0.01,0.0,0.0,0.0,0.0,0.0,0,0,0
1756702234,111,0.0,0.0,-0.02,0.0,0.0,0.0,0.0,0.0,0,0,0
1756702234,112,0.0,0.0,0.05,0.0,0.0,0.0,0.0,0.0,0,0,0
1756702234,113,0.0,0.0,0.0,0.0,0.0,0.0,0.0,0.0,0,0,0
1756702234,114,0.01,0.0,0.01,0.0,0.0,0.0,0.0,0.0,0,0,0
1756702234,115,-0.05,0.0,0.05,0.0,0.0,0.0,0.0,0.0,0,0,0
1756702234,116,0.0,0.0,-0.01,0.0,0.0,0.0,0.0,0.0,0,0,0
1756702234,117,0.0,0.0,0.0,0.0,0.0,0.0,0.0,0.0,0,0,0
1756702234,118,0.01,0.0,0.0,0.0,0.0,0.0,0.0,0.0,0,0,0
1756702234,119,0.0,0.0,-0.05,0.0,0.0,0.0,0.0,0.0,0,0,0
1756702234,120,0.0,0.0,0.01,0.0,0.0,0.0,0.0,0.0,0,0,0
1756702234,121,-0.05,0.0,0.0,0.0,0.0,0.0,0.0,0.0,0,0,0
1756702234,122,-0.07,0.0,0.0,0.0,0.0,0.0,0.0,0.0,0,0,0
1756702234,123,0.0,0.0,-0.02,0.0,0.0,0.0,0.0,0.0,0,0,0
1756702234,124,0.02,0.0,0.0,0.0,0.0,0.0,0.0,0.0,0,0,0
1756702234,125,0.03,0.0,0.0,0.0,0.0,0.0,0.0,0.0,0,0,0
1756702234,126,0.0,0.0,-0.02,0.0,0.0,0.0,0.0,0.0,0,0,0
1756702234,127,0.05,0.0,-0.03,0.0,0.0,0.0,0.0,0.0,0,0,0
1756702235,128,0.0,0.0,-0.02,0.0,0.0,0.0,0.0,0.0,0,0,0
1756702235,129,0.02,0.0,-0.01,0.0,0.0,0.0,0.0,0.0,0,0,0
1756702235,130,0.0,0.0,0.0,0.0,0.0,0.0,0.0,0.0,0,0,0
1756702235,131,0.0,0.0,-0.01,0.0,0.0,0.0,0.0,0.0,0,0,0
1756702235,132,0.0,0.0,0.07,0.0,0.0,0.0,0.0,0.0,0,0,0
1756702235,133,0.07,0.0,0.0,0.0,0.0,0.0,0.0,0.0,0,0,0
1756702235,134,0.01,0.0,-0.01,0.0,0.0,0.0,0.0,0.0,0,0,0
1756702235,135,0.0,0.0,-0.05,0.0,0.0,0.0,0.0,0.0,0,0,0
1756702235,136,-0.01,0.0,-0.01,0.0,0.0,0.0,0.0,0.0,0,0,0
1756702235,137,-0.05,0.0,0.0,0.0,0.0,0.0,0.0,0.0,0,0,0
1756702235,138,0.0,0.0,-0.02,0.0,0.0,0.0,0.0,0.0,0,0,0
1756702235,139,0.0,0.0,-0.05,0.0,0.0,0.0,0.0,0.0,0,0,0
1756702235,140,0.05,0.0,-0.07,0.0,0.0,0.0,0.0,0.0,0,0,0
1756702235,141,-0.03,0.0,-0.15,0.0,0.0,0.0,0.0,0.0,0,0,0
1756702235,142,0.05,0.0,-0.23,0.0,0.0,0.0,0.0,0.0,0,0,0
1756702235,143,0.0,0.0,-0.21,0.0,0.0,0.0,0.0,0.0,0,0,0
1756702235,144,0.03,0.0,-0.31,0.0,0.0,0.0,0.0,0.0,0,0,0
1756702235,145,0.0,0.0,-0.38,0.0,0.0,0.0,0.0,0.0,0,0,0
1756702235,146,0.0,0.0,-0.34,0.0,0.0,0.0,0.0,0.0,0,0,0
1756702235,147,0.02,0.0,-0.31,0.0,0.0,0.0,0.0,0.0,0,0,0
1756702235,148,-0.03,0.0,-0.41,0.0,0.0,0.0,0.0,0.0,0,0,0
1756702235,149,0.02,0.0,-0.36,0.0,0.0,0.0,0.0,0.0,0,0,0
1756702235,150,0.0,0.0,-0.37,0.0,0.0,0.0,0.0,0.0,0,0,0
1756702235,151,0.05,0.0,-0.28,0.0,0.0,0.0,0.0,0.0,0,0,0
1756702235,152,-0.01,0.0,-0.34,0.0,0.0,0.0,0.0,0.0,0,0,0
1756702235,153,-0.03,0.0,-0.31,0.0,0.0,0.0,0.0,0.0,0,0,0
1756702235,154,0.0,0.0,-0.25,0.0,0.0,0.0,0.0,0.0,0,0,0
1756702235,155,0.01,0.0,-0.25,0.0,0.0,0.0,0.0,0.0,0,0,0
1756702235,156,-0.03,0.0,-0.25,0.0,0.0,0.0,0.0,0.0,0,0,0
1756702235,157,0.0,0.0,-0.15,0.0,0.0,0.0,0.0,0.0,0,0,0
1756702235,158,-0.01,0.0,-0.17,0.0,0.0,0.0,0.0,0.0,0,0,0
1756702235,159,0.0,0.0,-0.14,0.0,0.0,0.0,0.0,0.0,0,0,0
1756702235,160,-0.03,0.0,-0.11,0.0,0.0,0.0,0.0,0.0,0,0,0
1756702235,161,-0.03,0.0,-0.12,0.0,0.0,0.0,0.0,0.0,0,0,0
1756702235,162,-0.07,0.0,-0.1,0.0,0.0,0.0,0.0,0.0,0,0,0
1756702235,163,0.0,0.0,-0.01,0.0,0.0,0.0,0.0,0.0,0,0,0
1756702235,164,-0.03,0.0,-0.05,0.0,0.0,0.0,0.0,0.0,0,0,0
1756702235,165,-0.05,0.0,-0.02,0.0,0.0,0.0,0.0,0.0,0,0,0
1756702235,166,-0.09,0.0,0.0,0.0,0.0,0.0,0.0,0.0,0,0,0
1756702235,167,-0.02,0.0,0.0,0.0,0.0,0.0,0.0,0.0,0,0,0
1756702235,168,0.0,0.0,0.0,0.0,0.0,0.0,0.0,0.0,0,0,0
1756702235,169,-0.07,0.0,0.05,0.0,0.0,0.0,0.0,0.0,0,0,0
1756702235,170,-0.02,0.0,0.05,0.0,0.0,0.0,0.0,0.0,0,0,0
1756702235,171,-0.01,0.0,0.1,0.0,0.0,0.0,0.0,0.0,0,0,0
1756702235,172,0.0,0.0,0.1,0.0,0.0,0.0,0.0,0.0,0,0,0
1756702235,173,0.03,0.0,0.1,0.0,0.0,0.0,0.0,0.0,0,0,0
1756702235,174,0.0,0.0,0.01,0.0,0.0,0.0,0.0,0.0,0,0,0
1756702235,175,0.02,0.0,0.18,0.0,0.0,0.0,0.0,0.0,0,0,0
1756702235,176,0.0,0.0,0.14,0.0,0.0,0.0,0.0,0.0,0,0,0
1756702235,177,-0.02,0.0,0.18,0.0,0.0,0.0,0.0,0.0,0,0,0
1756702235,178,0.07,0.0,0.2,0.0,0.0,0.0,0.0,0.0,0,0,0
1756702235,179,0.07,0.0,0.18,0.0,0.0,0.0,0.0,0.0,0,0,0
1756702235,180,0.0,0.0,0.23,0.0,0.0,0.0,0.0,0.0,0,0,0
1756702235,181,0.0,0.0,0.18,0.0,0.0,0.0,0.0,0.0,0,0,0
1756702235,182,-0.01,0.0,0.25,0.0,0.0,0.0,0.0,0.0,0,0,0
1756702235,183,0.0,0.0,0.23,0.0,0.0,0.0,0.0,0.0,0,0,0
1756702235,184,-0.01,0.0,0.2,0.0,0.0,0.0,0.0,0.0,0,0,0
1756702235,185,0.07,0.0,0.12,0.0,0.0,0.0,0.0,0.0,0,0,0
1756702235,186,0.05,0.0,0.21,0.0,0.0,0.0,0.0,0.0,0,0,0
1756702235,187,0.0,0.0,0.21,0.0,0.0,0.0,0.0,0.0,0,0,0
1756702235,188,-0.02,0.0,0.21,0.0,0.0,0.0,0.0,0.0,0,0,0
1756702235,189,0.0,0.0,0.07,0.0,0.0,0.0,0.0,0.0,0,0,0
1756702235,190,0.01,0.0,0.23,0.0,0.0,0.0,0.0,0.0,0,0,0
1756702235,191,0.07,0.0,0.23,0.0,0.0,0.0,0.0,0.0,0,0,0
1756702235,192,0.03,0.0,0.18,0.0,0.0,0.0,0.0,0.0,0,0,0
1756702235,193,0.03,0.0,0.15,0.0,0.0,0.0,0.0,0.0,0,0,0
1756702235,194,0.03,0.0,0.15,0.0,0.0,0.0,0.0,0.0,0,0,0
1756702235,195,0.0,0.0,0.1,0.0,0.0,0.0,0.0,0.0,0,0,0
1756702235,196,0.02,0.0,0.12,0.0,0.0,0.0,0.0,0.0,0,0,0
1756702235,197,0.07,0.0,0.1,0.0,0.0,0.0,0.0,0.0,0,0,0
1756702236,198,0.02,0.0,0.1,0.0,0.0,0.0,0.0,0.0,0,0,0
1756702236,199,-0.03,0.0,0.07,0.0,0.0,0.0,0.0,0.0,0,0,0
1756702236,200,0.0,0.0,0.14,0.0,0.0,0.0,0.0,0.0,0,0,0
1756702236,201,-0.01,0.0,0.11,0.0,0.0,0.0,0.0,0.0,0,0,0
1756702236,202,0.02,0.0,0.07,0.0,0.0,0.0,0.0,0.0,0,0,0
1756702236,203,0.02,0.0,0.07,0.0,0.0,0.0,0.0,0.0,0,0,0
1756702236,204,0.0,0.0,0.03,0.0,0.0,0.0,0.0,0.0,0,0,0
1756702236,205,0.0,0.0,0.02,0.0,0.0,0.0,0.0,0.0,0,0,0
1756702236,206,-0.02,0.0,0.02,0.0,0.0,0.0,0.0,0.0,0,0,0
1756702236,207,0.03,0.0,0.0,0.0,0.0,0.0,0.0,0.0,0,0,0
1756702236,208,0.0,0.0,-0.01,0.0,0.0,0.0,0.0,0.0,0,0,0
1756702236,209,-0.01,0.0,-0.02,0.0,0.0,0.0,0.0,0.0,0,0,0
1756702236,210,0.07,0.0,-0.01,0.0,0.0,0.0,0.0,0.0,0,0,0
1756702236,211,-0.01,0.0,-0.05,0.0,0.0,0.0,0.0,0.0,0,0,0
1756702236,212,0.07,0.0,-0.05,0.0,0.0,0.0,0.0,0.0,0,0,0
1756702236,213,-0.03,0.0,-0.01,0.0,0.0,0.0,0.0,0.0,0,0,0
1756702236,214,-0.03,0.0,-0.07,0.0,0.0,0.0,0.0,0.0,0,0,0
1756702236,215,-0.05,0.0,-0.1,0.0,0.0,0.0,0.0,0.0,0,0,0
1756702236,216,-0.03,0.0,-0.17,0.0,0.0,0.0,0.0,0.0,0,0,0
1756702236,217,-0.01,0.0,-0.1,0.0,0.0,0.0,0.0,0.0,0,0,0
1756702236,218,-0.05,0.0,-0.25,0.0,0.0,0.0,0.0,0.0,0,0,0
1756702236,219,0.0,0.0,-0.18,0.0,0.0,0.0,0.0,0.0,0,0,0
1756702236,220,-0.09,0.0,-0.3,0.0,0.0,0.0,0.0,0.0,0,0,0
1756702236,221,0.0,0.0,-0.2,0.0,0.0,0.0,0.0,0.0,0,0,0
1756702236,222,-0.03,0.0,-0.28,0.0,0.0,0.0,0.0,0.0,0,0,0
1756702236,223,-0.02,0.0,-0.3,0.0,0.0,0.0,0.0,0.0,0,0,0
1756702236,224,-0.01,0.0,-0.25,0.0,0.0,0.0,0.0,0.0,0,0,0
1756702236,225,-0.09,0.0,-0.33,0.0,0.0,0.0,0.0,0.0,0,0,0
1756702236,226,-0.05,0.0,-0.33,0.0,0.0,0.0,0.0,0.0,0,0,0
1756702236,227,-0.01,0.0,-0.23,0.0,0.0,0.0,0.0,0.0,0,0,0
1756702236,228,0.0,0.0,-0.2,0.0,0.0,0.0,0.0,0.0,0,0,0
1756702236,229,-0.07,0.0,-0.2,0.0,0.0,0.0,0.0,0.0,0,0,0
1756702236,230,-0.05,0.0,-0.15,0.0,0.0,0.0,0.0,0.0,0,0,0
1756702236,231,-0.03,0.0,-0.18,0.0,0.0,0.0,0.0,0.0,0,0,0
1756702236,232,-0.03,0.0,-0.05,0.0,0.0,0.0,0.0,0.0,0,0,0
1756702236,233,0.0,0.0,-0.07,0.0,0.0,0.0,0.0,0.0,0,0,0
1756702236,234,-0.05,0.0,0.03,0.0,0.0,0.0,0.0,0.0,0,0,0
1756702236,235,-0.05,0.0,0.18,0.0,0.0,0.0,0.0,0.0,0,0,0
1756702236,236,0.0,0.0,0.05,0.0,0.0,0.0,0.0,0.0,0,0,0
1756702236,237,-0.14,0.0,0.11,0.0,0.0,0.0,0.0,0.0,0,0,0
1756702236,238,-0.03,0.0,0.15,0.0,0.0,0.0,0.0,0.0,0,0,0
1756702236,239,0.0,0.0,0.12,0.0,0.0,0.0,0.0,0.0,0,0,0
1756702236,240,-0.02,0.0,0.12,0.0,0.0,0.0,0.0,0.0,0,0,0
1756702236,241,0.0,0.0,0.12,0.0,0.0,0.0,0.0,0.0,0,0,0
1756702236,242,-0.01,0.0,0.07,0.0,0.0,0.0,0.0,0.0,0,0,0
1756702236,243,0.01,0.0,0.1,0.0,0.0,0.0,0.0,0.0,0,0,0
1756702236,244,0.0,0.0,0.1,0.0,0.0,0.0,0.0,0.0,0,0,0
1756702236,245,0.0,0.0,0.09,0.0,0.0,0.0,0.0,0.0,0,0,0
1756702236,246,-0.02,0.0,0.09,0.0,0.0,0.0,0.0,0.0,0,0,0
1756702236,247,-0.14,0.0,0.12,0.0,0.0,0.0,0.0,0.0,0,0,0
1756702236,248,0.01,0.0,0.01,0.0,0.0,0.0,0.0,0.0,0,0,0
1756702236,249,0.0,0.0,0.01,0.0,0.0,0.0,0.0,0.0,0,0,0
1756702236,250,0.0,0.0,0.02,0.0,0.0,0.0,0.0,0.0,0,0,0
1756702236,251,0.0,0.0,0.03,0.0,0.0,0.0,0.0,0.0,0,0,0
1756702236,252,-0.01,0.0,0.07,0.0,0.0,0.0,0.0,0.0,0,0,0
1756702236,253,0.0,0.0,0.01,0.0,0.0,0.0,0.0,0.0,0,0,0
1756702236,254,0.0,0.0,0.0,0.0,0.0,0.0,0.0,0.0,0,0,0
1756702236,255,0.0,0.0,-0.01,0.0,0.0,0.0,0.0,0.0,0,0,0
1756702236,256,0.0,0.0,0.0,0.0,0.0,0.0,0.0,0.0,0,0,0
1756702236,257,-0.01,0.0,0.02,0.0,0.0,0.0,0.0,0.0,0,0,0
1756702236,258,-0.02,0.0,0.0,0.0,0.0,0.0,0.0,0.0,0,0,0
1756702236,259,0.0,0.0,0.05,0.0,0.0,0.0,0.0,0.0,0,0,0
1756702236,260,-0.05,0.0,0.02,0.0,0.0,0.0,0.0,0.0,0,0,0
1756702236,261,-0.07,0.0,-0.05,0.0,0.0,0.0,0.0,0.0,0,0,0
1756702236,262,-0.01,0.0,0.0,0.0,0.0,0.0,0.0,0.0,0,0,0
1756702236,263,0.0,0.0,0.05,0.0,0.0,0.0,0.0,0.0,0,0,0
1756702237,264,0.0,0.0,0.1,0.0,0.0,0.0,0.0,0.0,0,0,0
1756702237,265,-0.05,0.0,0.0,0.0,0.0,0.0,0.0,0.0,0,0,0
1756702237,266,-0.01,0.0,0.02,0.0,0.0,0.0,0.0,0.0,0,0,0
1756702237,267,-0.1,0.0,0.03,0.0,0.0,0.0,0.0,0.0,0,0,0
1756702237,268,-0.01,0.0,0.05,0.0,0.0,0.0,0.0,0.0,0,0,0
1756702237,269,0.0,0.0,0.0,0.0,0.0,0.0,0.0,0.0,0,0,0
1756702237,270,0.0,0.0,0.01,0.0,0.0,0.0,0.0,0.0,0,0,0
1756702237,271,0.0,0.0,0.0,0.0,0.0,0.0,0.0,0.0,0,0,0
1756702237,272,0.0,0.0,0.0,0.0,0.0,0.0,0.0,0.0,0,0,0
1756702237,273,-0.05,0.0,0.0,0.0,0.0,0.0,0.0,0.0,0,0,0
1756702237,274,0.0,0.0,0.0,0.0,0.0,0.0,0.0,0.0,0,0,0
1756702237,275,-0.03,0.0,0.0,0.0,0.0,0.0,0.0,0.0,0,0,0
1756702237,276,-0.02,0.0,0.0,0.0,0.0,0.0,0.0,0.0,0,0,0
1756702237,277,-0.03,0.0,0.07,0.0,0.0,0.0,0.0,0.0,0,0,0
1756702237,278,-0.03,0.0,0.0,0.0,0.0,0.0,0.0,0.0,0,0,0
1756702237,279,0.0,0.0,0.0,0.0,0.0,0.0,0.0,0.0,0,0,0
1756702237,280,-0.09,0.0,0.0,0.0,0.0,0.0,0.0,0.0,0,0,0
1756702237,281,-0.02,0.0,0.05,0.0,0.0,0.0,0.0,0.0,0,0,0
1756702237,282,0.0,0.0,-0.01,0.0,0.0,0.0,0.0,0.0,0,0,0
1756702237,283,0.0,0.0,0.02,0.0,0.0,0.0,0.0,0.0,0,0,0
1756702237,284,0.0,0.0,0.0,0.0,0.0,0.0,0.0,0.0,0,0,0
1756702237,285,0.0,0.0,0.0,0.0,0.0,0.0,0.0,0.0,0,0,0
1756702237,286,-0.05,0.0,-0.07,0.0,0.0,0.0,0.0,0.0,0,0,0
1756702237,287,-0.09,0.0,-0.01,0.0,0.0,0.0,0.0,0.0,0,0,0
1756702237,288,-0.03,0.0,0.0,0.0,0.0,0.0,0.0,0.0,0,0,0
1756702237,289,-0.01,0.0,-0.01,0.0,0.0,0.0,0.0,0.0,0,0,0
1756702237,290,-0.05,0.0,0.01,0.0,0.0,0.0,0.0,0.0,0,0,0
1756702237,291,0.0,0.0,0.01,0.0,0.0,0.0,0.0,0.0,0,0,0
1756702237,292,0.0,0.0,0.0,0.0,0.0,0.0,0.0,0.0,0,0,0
1756702237,293,-0.05,0.0,0.0,0.0,0.0,0.0,0.0,0.0,0,0,0
1756702237,294,-0.05,0.0,0.07,0.0,0.0,0.0,0.0,0.0,0,0,0
1756702237,295,0.0,0.0,0.0,0.0,0.0,0.0,0.0,0.0,0,0,0
1756702237,296,-0.01,0.0,0.0,0.0,0.0,0.0,0.0,0.0,0,0,0
1756702237,297,-0.01,0.0,0.0,0.0,0.0,0.0,0.0,0.0,0,0,0
1756702237,298,-0.03,0.0,0.0,0.0,0.0,0.0,0.0,0.0,0,0,0
1756702237,299,0.0,0.0,0.0,0.0,0.0,0.0,0.0,0.0,0,0,0
1756702237,300,0.0,0.0,0.0,0.0,0.0,0.0,0.0,0.0,0,0,0
1756702237,301,0.0,0.0,0.0,0.0,0.0,0.0,0.0,0.0,0,0,0
1756702237,302,-0.01,0.0,-0.05,0.0,0.0,0.0,0.0,0.0,0,0,0
1756702237,303,-0.01,0.0,0.0,0.0,0.0,0.0,0.0,0.0,0,0,0
1756702237,304,0.02,0.0,0.0,0.0,0.0,0.0,0.0,0.0,0,0,0
1756702237,305,0.0,0.0,0.0,0.0,0.0,0.0,0.0,0.0,0,0,0
1756702237,306,-0.01,0.0,0.0,0.0,0.0,0.0,0.0,0.0,0,0,0
1756702237,307,0.05,0.0,0.0,0.0,0.0,0.0,0.0,0.0,0,0,0
1756702237,308,0.0,0.0,0.01,0.0,0.0,0.0,0.0,0.0,0,0,0
1756702237,309,-0.02,0.0,0.0,0.0,0.0,0.0,0.0,0.0,0,0,0
1756702237,310,-0.03,0.0,0.05,0.0,0.0,0.0,0.0,0.0,0,0,0
1756702237,311,-0.05,0.0,0.0,0.0,0.0,0.0,0.0,0.0,0,0,0
1756702237,312,-0.03,0.0,0.0,0.0,0.0,0.0,0.0,0.0,0,0,0
1756702237,313,-0.02,0.0,0.0,0.0,0.0,0.0,0.0,0.0,0,0,0
1756702237,314,-0.03,0.0,0.0,0.0,0.0,0.0,0.0,0.0,0,0,0
1756702237,315,0.0,0.0,0.09,0.0,0.0,0.0,0.0,0.0,0,0,0
1756702237,316,-0.03,0.0,0.02,0.0,0.0,0.0,0.0,0.0,0,0,0
1756702237,317,-0.1,0.0,0.02,0.0,0.0,0.0,0.0,0.0,0,0,0
1756702237,318,0.0,0.0,0.0,0.0,0.0,0.0,0.0,0.0,0,0,0
1756702237,319,-0.01,0.0,0.05,0.0,0.0,0.0,0.0,0.0,0,0,0
1756702237,320,-0.05,0.0,-0.05,0.0,0.0,0.0,0.0,0.0,0,0,0
1756702237,321,-0.02,0.0,0.02,0.0,0.0,0.0,0.0,0.0,0,0,0
1756702237,322,0.0,0.0,0.0,0.0,0.0,0.0,0.0,0.0,0,0,0
1756702237,323,-0.05,0.0,0.0,0.0,0.0,0.0,0.0,0.0,0,0,0
1756702237,324,-0.01,0.0,0.0,0.0,0.0,0.0,0.0,0.0,0,0,0
1756702237,325,-0.01,0.0,0.0,0.0,0.0,0.0,0.0,0.0,0,0,0
1756702237,326,-0.01,0.0,0.0,0.0,0.0,0.0,0.0,0.0,0,0,0
1756702237,327,0.0,0.0,0.01,0.0,0.0,0.0,0.0,0.0,0,0,0
1756702237,328,-0.01,0.0,0.0,0.0,0.0,0.0,0.0,0.0,0,0,0
1756702238,329,-0.02,0.0,0.0,0.0,0.0,0.0,0.0,0.0,0,0,0
1756702238,330,0.01,0.0,0.05,0.0,0.0,0.0,0.0,0.0,0,0,0
1756702238,331,-0.01,0.0,0.0,0.0,0.0,0.0,0.0,0.0,0,0,0
1756702238,332,0.0,0.0,0.0,0.0,0.0,0.0,0.0,0.0,0,0,0
1756702238,333,-0.05,0.0,0.0,0.0,0.0,0.0,0.0,0.0,0,0,0
1756702238,334,0.0,0.0,0.0,0.0,0.0,0.0,0.0,0.0,0,0,0
1756702238,335,0.02,0.0,0.0,0.0,0.0,0.0,0.0,0.0,0,0,0
1756702238,336,-0.02,0.0,0.03,0.0,0.0,0.0,0.0,0.0,0,0,0
1756702238,337,-0.01,0.0,0.0,0.0,0.0,0.0,0.0,0.0,0,0,0
1756702238,338,0.0,0.0,0.02,0.0,0.0,0.0,0.0,0.0,0,0,0
1756702238,339,0.0,0.0,0.0,0.0,0.0,0.0,0.0,0.0,0,0,0
1756702238,340,-0.05,0.0,0.0,0.0,0.0,0.0,0.0,0.0,0,0,0
1756702238,341,0.0,0.0,0.0,0.0,0.0,0.0,0.0,0.0,0,0,0
1756702238,342,0.0,0.0,0.0,0.0,0.0,0.0,0.0,0.0,0,0,0
1756702238,343,0.0,0.0,0.0,0.0,0.0,0.0,0.0,0.0,0,0,0
1756702238,344,-0.01,0.0,-0.01,0.0,0.0,0.0,0.0,0.0,0,0,0
1756702238,345,0.0,0.0,0.0,0.0,0.0,0.0,0.0,0.0,0,0,0
1756702238,346,0.0,0.0,-0.05,0.0,0.0,0.0,0.0,0.0,0,0,0
1756702238,347,-0.07,0.0,0.1,0.0,0.0,0.0,0.0,0.0,0,0,0
1756702238,348,0.0,0.0,-0.03,0.0,0.0,0.0,0.0,0.0,0,0,0
1756702238,349,-0.01,0.0,-0.02,0.0,0.0,0.0,0.0,0.0,0,0,0
1756702238,350,-0.02,0.0,0.0,0.0,0.0,0.0,0.0,0.0,0,0,0
1756702238,351,0.0,0.0,0.01,0.0,0.0,0.0,0.0,0.0,0,0,0
1756702238,352,0.0,0.0,-0.01,0.0,0.0,0.0,0.0,0.0,0,0,0
1756702238,353,0.0,0.0,0.0,0.0,0.0,0.0,0.0,0.0,0,0,0
1756702238,354,-0.05,0.0,0.01,0.0,0.0,0.0,0.0,0.0,0,0,0
1756702238,355,0.0,0.0,0.0,0.0,0.0,0.0,0.0,0.0,0,0,0
1756702238,356,-0.01,0.0,0.0,0.0,0.0,0.0,0.0,0.0,0,0,0
1756702238,357,-0.07,0.0,0.0,0.0,0.0,0.0,0.0,0.0,0,0,0
1756702238,358,0.0,0.0,0.0,0.0,0.0,0.0,0.0,0.0,0,0,0
1756702238,359,-0.03,0.0,0.02,0.0,0.0,0.0,0.0,0.0,0,0,0
1756702238,360,0.0,0.0,-0.01,0.0,0.0,0.0,0.0,0.0,0,0,0
1756702238,361,0.01,0.0,0.0,0.0,0.0,0.0,0.0,0.0,0,0,0
1756702238,362,-0.01,0.0,0.01,0.0,0.0,0.0,0.0,0.0,0,0,0
1756702238,363,0.0,0.0,0.0,0.0,0.0,0.0,0.0,0.0,0,0,0
1756702238,364,-0.05,0.0,-0.09,0.0,0.0,0.0,0.0,0.0,0,0,0
1756702238,365,0.0,0.0,-0.02,0.0,0.0,0.0,0.0,0.0,0,0,0
1756702238,366,0.07,0.0,0.0,0.0,0.0,0.0,0.0,0.0,0,0,0
1756702238,367,-0.05,0.0,0.01,0.0,0.0,0.0,0.0,0.0,0,0,0
1756702238,368,0.05,0.0,0.0,0.0,0.0,0.0,0.0,0.0,0,0,0
1756702238,369,0.0,0.0,0.02,0.0,0.0,0.0,0.0,0.0,0,0,0
1756702238,370,0.05,0.0,0.0,0.0,0.0,0.0,0.0,0.0,0,0,0
1756702238,371,0.0,0.0,-0.01,0.0,0.0,0.0,0.0,0.0,0,0,0
1756702238,372,-0.05,0.0,0.05,0.0,0.0,0.0,0.0,0.0,0,0,0
1756702238,373,-0.07,0.0,0.02,0.0,0.0,0.0,0.0,0.0,0,0,0
1756702238,374,0.0,0.0,-0.05,0.0,0.0,0.0,0.0,0.0,0,0,0
1756702238,375,-0.01,0.0,0.01,0.0,0.0,0.0,0.0,0.0,0,0,0
1756702238,376,-0.02,0.0,0.02,0.0,0.0,0.0,0.0,0.0,0,0,0
1756702238,377,0.0,0.0,0.01,0.0,0.0,0.0,0.0,0.0,0,0,0
1756702238,378,0.0,0.0,0.02,0.0,0.0,0.0,0.0,0.0,0,0,0
1756702238,379,0.0,0.0,0.02,0.0,0.0,0.0,0.0,0.0,0,0,0
1756702238,380,0.0,0.0,0.01,0.0,0.0,0.0,0.0,0.0,0,0,0
1756702238,381,0.03,0.0,0.0,0.0,0.0,0.0,0.0,0.0,0,0,0
1756702238,382,-0.01,0.0,0.0,0.0,0.0,0.0,0.0,0.0,0,0,0
1756702238,383,0.0,0.0,0.0,0.0,0.0,0.0,0.0,0.0,0,0,0
1756702238,384,-0.01,0.0,-0.01,0.0,0.0,0.0,0.0,0.0,0,0,0
1756702238,385,0.0,0.0,0.0,0.0,0.0,0.0,0.0,0.0,0,0,0
1756702238,386,0.03,0.0,0.0,0.0,0.0,0.0,0.0,0.0,0,0,0
1756702238,387,0.0,0.0,0.01,0.0,0.0,0.0,0.0,0.0,0,0,0
1756702238,388,-0.02,0.0,0.0,0.0,0.0,0.0,0.0,0.0,0,0,0
1756702238,389,0.0,0.0,0.01,0.0,0.0,0.0,0.0,0.0,0,0,0
1756702238,390,0.0,0.0,0.0,0.0,0.0,0.0,0.0,0.0,0,0,0
1756702238,391,-0.02,0.0,0.05,0.0,0.0,0.0,0.0,0.0,0,0,0
1756702238,392,-0.07,0.0,-0.01,0.0,0.0,0.0,0.0,0.0,0,0,0
1756702238,393,-0.07,0.0,0.0,0.0,0.0,0.0,0.0,0.0,0,0,0
1756702238,394,0.0,0.0,0.0,0.0,0.0,0.0,0.0,0.0,0,0,0
1756702239,395,0.02,0.0,0.0,0.0,0.0,0.0,0.0,0.0,0,0,0
1756702239,396,0.0,0.0,0.0,0.0,0.0,0.0,0.0,0.0,0,0,0
1756702239,397,0.0,0.0,0.01,0.0,0.0,0.0,0.0,0.0,0,0,0
1756702239,398,-0.07,0.0,-0.01,0.0,0.0,0.0,0.0,0.0,0,0,0
1756702239,399,-0.12,0.0,-0.01,0.0,0.0,0.0,0.0,0.0,0,0,0
1756702239,400,0.0,0.0,0.0,0.0,0.0,0.0,0.0,0.0,0,0,0
1756702239,401,-0.05,0.0,0.01,0.0,0.0,0.0,0.0,0.0,0,0,0
1756702239,402,0.0,0.0,0.0,0.0,0.0,0.0,0.0,0.0,0,0,0
1756702239,403,-0.01,0.0,0.0,0.0,0.0,0.0,0.0,0.0,0,0,0
1756702239,404,-0.09,0.0,-0.05,0.0,0.0,0.0,0.0,0.0,0,0,0
1756702239,405,0.0,0.0,0.0,0.0,0.0,0.0,0.0,0.0,0,0,0
1756702239,406,0.0,0.0,0.0,0.0,0.0,0.0,0.0,0.0,0,0,0
1756702239,407,0.0,0.0,0.01,0.0,0.0,0.0,0.0,0.0,0,0,0
1756702239,408,-0.02,0.0,0.0,0.0,0.0,0.0,0.0,0.0,0,0,0
1756702239,409,-0.07,0.0,0.0,0.0,0.0,0.0,0.0,0.0,0,0,0
1756702239,410,-0.05,0.0,0.0,0.0,0.0,0.0,0.0,0.0,0,0,0
1756702239,411,0.0,0.0,0.0,0.0,0.0,0.0,0.0,0.0,0,0,0
1756702239,412,-0.02,0.0,0.0,0.0,0.0,0.0,0.0,0.0,0,0,0
1756702239,413,0.01,0.0,0.0,0.0,0.0,0.0,0.0,0.0,0,0,0
1756702239,414,-0.02,0.0,0.0,0.0,0.0,0.0,0.0,0.0,0,0,0
1756702239,415,0.0,0.0,0.01,0.0,0.0,0.0,0.0,0.0,0,0,0
1756702239,416,-0.02,0.0,0.01,0.0,0.0,0.0,0.0,0.0,0,0,0
1756702239,417,0.0,0.0,0.0,0.0,0.0,0.0,0.0,0.0,0,0,0
1756702239,418,0.0,0.0,0.0,0.0,0.0,0.0,0.0,0.0,0,0,0
1756702239,419,0.01,0.0,0.0,0.0,0.0,0.0,0.0,0.0,0,0,0
1756702239,420,0.03,0.0,0.0,0.0,0.0,0.0,0.0,0.0,0,0,0
1756702239,421,0.02,0.0,0.0,0.0,0.0,0.0,0.0,0.0,0,0,0
1756702239,422,-0.01,0.0,0.01,0.0,0.0,0.0,0.0,0.0,0,0,0
1756702239,423,-0.05,0.0,0.11,0.0,0.0,0.0,0.0,0.0,0,0,0
1756702239,424,-0.03,0.0,0.0,0.0,0.0,0.0,0.0,0.0,0,0,0
1756702239,425,0.01,0.0,0.0,0.0,0.0,0.0,0.0,0.0,0,0,0
1756702239,426,-0.01,0.0,0.01,0.0,0.0,0.0,0.0,0.0,0,0,0
1756702239,427,0.0,0.0,0.0,0.0,0.0,0.0,0.0,0.0,0,0,0
1756702239,428,-0.01,0.0,-0.05,0.0,0.0,0.0,0.0,0.0,0,0,0
1756702239,429,-0.01,0.0,0.0,0.0,0.0,0.0,0.0,0.0,0,0,0
1756702239,430,0.0,0.0,-0.01,0.0,0.0,0.0,0.0,0.0,0,0,0
1756702239,431,-0.02,0.0,0.0,0.0,0.0,0.0,0.0,0.0,0,0,0
1756702239,432,0.0,0.0,0.07,0.0,0.0,0.0,0.0,0.0,0,0,0
1756702239,433,0.0,0.0,-0.1,0.0,0.0,0.0,0.0,0.0,0,0,0
1756702239,434,0.0,0.0,-0.01,0.0,0.0,0.0,0.0,0.0,0,0,0
1756702239,435,0.01,0.0,-0.01,0.0,0.0,0.0,0.0,0.0,0,0,0
1756702239,436,0.02,0.0,-0.05,0.0,0.0,0.0,0.0,0.0,0,0,0
1756702239,437,0.0,0.0,-0.02,0.0,0.0,0.0,0.0,0.0,0,0,0
1756702239,438,0.01,0.0,0.0,0.0,0.0,0.0,0.0,0.0,0,0,0
1756702239,439,-0.01,0.0,0.0,0.0,0.0,0.0,0.0,0.0,0,0,0
1756702239,440,-0.02,0.0,0.0,0.0,0.0,0.0,0.0,0.0,0,0,0
1756702239,441,0.03,0.0,-0.02,0.0,0.0,0.0,0.0,0.0,0,0,0
1756702239,442,0.05,0.0,-0.01,0.0,0.0,0.0,0.0,0.0,0,0,0
1756702239,443,0.0,0.0,-0.05,0.0,0.0,0.0,0.0,0.0,0,0,0
1756702239,444,0.0,0.0,0.01,0.0,0.0,0.0,0.0,0.0,0,0,0
1756702239,445,0.0,0.0,0.0,0.0,0.0,0.0,0.0,0.0,0,0,0
1756702239,446,0.03,0.0,0.02,0.0,0.0,0.0,0.0,0.0,0,0,0
1756702239,447,-0.03,0.0,0.0,0.0,0.0,0.0,0.0,0.0,0,0,0
1756702239,448,-0.05,0.0,0.0,0.0,0.0,0.0,0.0,0.0,0,0,0
1756702239,449,0.0,0.0,-0.01,0.0,0.0,0.0,0.0,0.0,0,0,0
1756702239,450,0.0,0.0,-0.01,0.0,0.0,0.0,0.0,0.0,0,0,0
1756702239,451,0.0,0.0,0.0,0.0,0.0,0.0,0.0,0.0,0,0,0
1756702239,452,0.0,0.0,-0.01,0.0,0.0,0.0,0.0,0.0,0,0,0
1756702239,453,-0.11,0.0,-0.05,0.0,0.0,0.0,0.0,0.0,0,0,0
1756702239,454,0.0,0.0,0.0,0.0,0.0,0.0,0.0,0.0,0,0,0
1756702239,455,-0.02,0.0,0.0,0.0,0.0,0.0,0.0,0.0,0,0,0
1756702239,456,-0.01,0.0,0.09,0.0,0.0,0.0,0.0,0.0,0,0,0
1756702239,457,0.0,0.0,-0.01,0.0,0.0,0.0,0.0,0.0,0,0,0
1756702239,458,0.02,0.0,0.0,0.0,0.0,0.0,0.0,0.0,0,0,0
1756702239,459,0.0,0.0,0.0,0.0,0.0,0.0,0.0,0.0,0,0,0
1756702240,460,0.0,0.0,-0.01,0.0,0.0,0.0,0.0,0.0,0,0,0
1756702240,461,-0.02,0.0,0.0,0.0,0.0,0.0,0.0,0.0,0,0,0
1756702240,462,0.01,0.0,-0.01,0.0,0.0,0.0,0.0,0.0,0,0,0
1756702240,463,0.0,0.0,0.0,0.0,0.0,0.0,0.0,0.0,0,0,0
1756702240,464,0.0,0.0,0.0,0.0,0.0,0.0,0.0,0.0,0,0,0
1756702240,465,0.0,0.0,-0.01,0.0,0.0,0.0,0.0,0.0,0,0,0
1756702240,466,0.0,0.0,0.0,0.0,0.0,0.0,0.0,0.0,0,0,0
1756702240,467,0.0,0.0,-0.07,0.0,0.0,0.0,0.0,0.0,0,0,0
1756702240,468,0.0,0.0,-0.02,0.0,0.0,0.0,0.0,0.0,0,0,0
1756702240,469,-0.01,0.0,0.0,0.0,0.0,0.0,0.0,0.0,0,0,0
1756702240,470,-0.01,0.0,-0.01,0.0,0.0,0.0,0.0,0.0,0,0,0
1756702240,471,-0.05,0.0,0.02,0.0,0.0,0.0,0.0,0.0,0,0,0
1756702240,472,0.0,0.0,-0.02,0.0,0.0,0.0,0.0,0.0,0,0,0
1756702240,473,0.0,0.0,-0.18,0.0,0.0,0.0,0.0,0.0,0,0,0
1756702240,474,-0.01,0.0,-0.01,0.0,0.0,0.0,0.0,0.0,0,0,0
1756702240,475,0.0,0.0,0.0,0.0,0.0,0.0,0.0,0.0,0,0,0
1756702240,476,0.0,0.0,-0.05,0.0,0.0,0.0,0.0,0.0,0,0,0
1756702240,477,0.0,0.0,-0.01,0.0,0.0,0.0,0.0,0.0,0,0,0
1756702240,478,-0.05,0.0,0.0,0.0,0.0,0.0,0.0,0.0,0,0,0
1756702240,479,0.0,0.0,0.0,0.0,0.0,0.0,0.0,0.0,0,0,0
1756702240,480,-0.02,0.0,0.0,0.0,0.0,0.0,0.0,0.0,0,0,0
1756702240,481,0.0,0.0,-0.05,0.0,0.0,0.0,0.0,0.0,0,0,0
1756702240,482,-0.05,0.0,0.0,0.0,0.0,0.0,0.0,0.0,0,0,0
1756702240,483,-0.03,0.0,-0.02,0.0,0.0,0.0,0.0,0.0,0,0,0
1756702240,484,0.0,0.0,0.02,0.0,0.0,0.0,0.0,0.0,0,0,0
1756702240,485,-0.05,0.0,0.0,0.0,0.0,0.0,0.0,0.0,0,0,0
1756702240,486,-0.01,0.0,0.1,0.0,0.0,0.0,0.0,0.0,0,0,0
1756702240,487,0.05,0.0,0.0,0.0,0.0,0.0,0.0,0.0,0,0,0
1756702240,488,0.0,0.0,0.09,0.0,0.0,0.0,0.0,0.0,0,0,0
1756702240,489,-0.1,0.0,-0.05,0.0,0.0,0.0,0.0,0.0,0,0,0
1756702240,490,0.0,0.0,-0.01,0.0,0.0,0.0,0.0,0.0,0,0,0
1756702240,491,0.01,0.0,-0.02,0.0,0.0,0.0,0.0,0.0,0,0,0
1756702240,492,0.0,0.0,-0.03,0.0,0.0,0.0,0.0,0.0,0,0,0
1756702240,493,0.0,0.0,-0.01,0.0,0.0,0.0,0.0,0.0,0,0,0
1756702240,494,0.0,0.0,-0.01,0.0,0.0,0.0,0.0,0.0,0,0,0
1756702240,495,0.0,0.0,-0.03,0.0,0.0,0.0,0.0,0.0,0,0,0
1756702240,496,0.0,0.0,-0.01,0.0,0.0,0.0,0.0,0.0,0,0,0
1756702240,497,-0.07,0.0,-0.02,0.0,0.0,0.0,0.0,0.0,0,0,0
1756702240,498,0.0,0.0,0.02,0.0,0.0,0.0,0.0,0.0,0,0,0
1756702240,499,0.0,0.0,-0.03,0.0,0.0,0.0,0.0,0.0,0,0,0
1756702240,500,-0.03,0.0,0.0,0.0,0.0,0.0,0.0,0.0,0,0,0
1756702240,501,0.02,0.0,-0.03,0.0,0.0,0.0,0.0,0.0,0,0,0
1756702240,502,0.0,0.0,0.02,0.0,0.0,0.0,0.0,0.0,0,0,0
1756702240,503,0.0,0.0,-0.03,0.0,0.0,0.0,0.0,0.0,0,0,0
1756702240,504,0.0,0.0,-0.05,0.0,0.0,0.0,0.0,0.0,0,0,0
1756702240,505,-0.05,0.0,0.0,0.0,0.0,0.0,0.0,0.0,0,0,0
1756702240,506,0.0,0.0,-0.03,0.0,0.0,0.0,0.0,0.0,0,0,0
1756702240,507,0.0,0.0,-0.02,0.0,0.0,0.0,0.0,0.0,0,0,0
1756702240,508,-0.02,0.0,-0.02,0.0,0.0,0.0,0.0,0.0,0,0,0
1756702240,509,0.0,0.0,-0.01,0.0,0.0,0.0,0.0,0.0,0,0,0
1756702240,510,0.01,0.0,-0.03,0.0,0.0,0.0,0.0,0.0,0,0,0
1756702240,511,0.01,0.0,-0.03,0.0,0.0,0.0,0.0,0.0,0,0,0
1756702240,512,-0.02,0.0,-0.01,0.0,0.0,0.0,0.0,0.0,0,0,0
1756702240,513,-0.05,0.0,-0.02,0.0,0.0,0.0,0.0,0.0,0,0,0
1756702240,514,0.0,0.0,0.0,0.0,0.0,0.0,0.0,0.0,0,0,0
1756702240,515,0.0,0.0,0.07,0.0,0.0,0.0,0.0,0.0,0,0,0
1756702240,516,-0.01,0.0,0.02,0.0,0.0,0.0,0.0,0.0,0,0,0
1756702240,517,0.0,0.0,-0.02,0.0,0.0,0.0,0.0,0.0,0,0,0
1756702240,518,0.0,0.0,0.0,0.0,0.0,0.0,0.0,0.0,0,0,0
1756702240,519,0.0,0.0,-0.09,0.0,0.0,0.0,0.0,0.0,0,0,0
1756702241,520,0.0,0.0,0.0,0.0,0.0,0.0,0.0,0.0,0,0,0
1756702241,521,-0.02,0.0,-0.02,0.0,0.0,0.0,0.0,0.0,0,0,0
1756702241,522,0.0,0.0,-0.02,0.0,0.0,0.0,0.0,0.0,0,0,0
1756702241,523,-0.07,0.0,0.0,0.0,0.0,0.0,0.0,0.0,0,0,0
1756702241,524,0.0,0.0,0.0,0.0,0.0,0.0,0.0,0.0,0,0,0
1756702241,525,0.0,0.0,-0.01,0.0,0.0,0.0,0.0,0.0,0,0,0
1756702241,526,0.0,0.0,-0.05,0.0,0.0,0.0,0.0,0.0,0,0,0
1756702241,527,0.02,0.0,0.0,0.0,0.0,0.0,0.0,0.0,0,0,0
1756702241,528,-0.03,0.0,0.0,0.0,0.0,0.0,0.0,0.0,0,0,0
1756702241,529,0.0,0.0,-0.1,0.0,0.0,0.0,0.0,0.0,0,0,0
1756702241,530,0.0,0.0,-0.01,0.0,0.0,0.0,0.0,0.0,0,0,0
1756702241,531,-0.03,0.0,-0.03,0.0,0.0,0.0,0.0,0.0,0,0,0
1756702241,532,0.0,0.0,-0.01,0.0,0.0,0.0,0.0,0.0,0,0,0
1756702241,533,0.0,0.0,0.0,0.0,0.0,0.0,0.0,0.0,0,0,0
1756702241,534,-0.01,0.0,-0.05,0.0,0.0,0.0,0.0,0.0,0,0,0
1756702241,535,-0.1,0.0,0.0,0.0,0.0,0.0,0.0,0.0,0,0,0
1756702241,536,-0.01,0.0,0.0,0.0,0.0,0.0,0.0,0.0,0,0,0
1756702241,537,-0.07,0.0,-0.03,0.0,0.0,0.0,0.0,0.0,0,0,0
1756702241,538,0.0,0.0,0.0,0.0,0.0,0.0,0.0,0.0,0,0,0
1756702241,539,-0.07,0.0,0.0,0.0,0.0,0.0,0.0,0.0,0,0,0
1756702241,540,-0.07,0.0,0.0,0.0,0.0,0.0,0.0,0.0,0,0,0
1756702241,541,0.0,0.0,0.0,0.0,0.0,0.0,0.0,0.0,0,0,0
1756702241,542,0.0,0.0,-0.07,0.0,0.0,0.0,0.0,0.0,0,0,0
1756702241,543,-0.01,0.0,0.0,0.0,0.0,0.0,0.0,0.0,0,0,0
1756702241,544,0.0,0.0,0.0,0.0,0.0,0.0,0.0,0.0,0,0,0
1756702241,545,0.01,0.0,0.0,0.0,0.0,0.0,0.0,0.0,0,0,0
1756702241,546,0.05,0.0,-0.03,0.0,0.0,0.0,0.0,0.0,0,0,0
1756702241,547,0.0,0.0,-0.02,0.0,0.0,0.0,0.0,0.0,0,0,0
1756702241,548,-0.07,0.0,0.0,0.0,0.0,0.0,0.0,0.0,0,0,0
1756702241,549,0.0,0.0,0.0,0.0,0.0,0.0,0.0,0.0,0,0,0
1756702241,550,0.0,0.0,-0.01,0.0,0.0,0.0,0.0,0.0,0,0,0
1756702241,551,0.0,0.0,0.0,0.0,0.0,0.0,0.0,0.0,0,0,0
1756702241,552,0.0,0.0,0.0,0.0,0.0,0.0,0.0,0.0,0,0,0
1756702241,553,-0.07,0.0,-0.09,0.0,0.0,0.0,0.0,0.0,0,0,0
1756702241,554,-0.01,0.0,-0.07,0.0,0.0,0.0,0.0,0.0,0,0,0
1756702241,555,-0.02,0.0,0.02,0.0,0.0,0.0,0.0,0.0,0,0,0
1756702241,556,0.0,0.0,0.0,0.0,0.0,0.0,0.0,0.0,0,0,0
1756702241,557,0.03,0.0,0.0,0.0,0.0,0.0,0.0,0.0,0,0,0
1756702241,558,-0.05,0.0,0.01,0.0,0.0,0.0,0.0,0.0,0,0,0
1756702241,559,0.0,0.0,0.0,0.0,0.0,0.0,0.0,0.0,0,0,0
1756702241,560,0.0,0.0,0.0,0.0,0.0,0.0,0.0,0.0,0,0,0
1756702241,561,0.0,0.0,-0.07,0.0,0.0,0.0,0.0,0.0,0,0,0
1756702241,562,0.0,0.0,-0.02,0.0,0.0,0.0,0.0,0.0,0,0,0
1756702241,563,0.0,0.0,0.0,0.0,0.0,0.0,0.0,0.0,0,0,0
1756702241,564,-0.01,0.0,0.01,0.0,0.0,0.0,0.0,0.0,0,0,0
1756702241,565,0.0,0.0,0.0,0.0,0.0,0.0,0.0,0.0,0,0,0
1756702241,566,0.0,0.0,-0.05,0.0,0.0,0.0,0.0,0.0,0,0,0
1756702241,567,0.0,0.0,0.0,0.0,0.0,0.0,0.0,0.0,0,0,0
1756702241,568,-0.03,0.0,0.0,0.0,0.0,0.0,0.0,0.0,0,0,0
1756702241,569,0.0,0.0,-0.01,0.0,0.0,0.0,0.0,0.0,0,0,0
1756702241,570,0.0,0.0,-0.01,0.0,0.0,0.0,0.0,0.0,0,0,0
1756702241,571,-0.05,0.0,0.0,0.0,0.0,0.0,0.0,0.0,0,0,0
1756702241,572,0.0,0.0,0.0,0.0,0.0,0.0,0.0,0.0,0,0,0
1756702241,573,0.0,0.0,-0.01,0.0,0.0,0.0,0.0,0.0,0,0,0
1756702241,574,-0.05,0.0,0.0,0.0,0.0,0.0,0.0,0.0,0,0,0
1756702241,575,0.0,0.0,0.01,0.0,0.0,0.0,0.0,0.0,0,0,0
1756702241,576,0.0,0.0,-0.01,0.0,0.0,0.0,0.0,0.0,0,0,0
1756702241,577,-0.01,0.0,-0.02,0.0,0.0,0.0,0.0,0.0,0,0,0
1756702241,578,0.0,0.0,-0.01,0.0,0.0,0.0,0.0,0.0,0,0,0
1756702241,579,0.07,0.0,-0.02,0.0,0.0,0.0,0.0,0.0,0,0,0
1756702241,580,-0.03,0.0,0.0,0.0,0.0,0.0,0.0,0.0,0,0,0
1756702241,581,0.0,0.0,0.0,0.0,0.0,0.0,0.0,0.0,0,0,0
1756702241,582,-0.01,0.0,0.0,0.0,0.0,0.0,0.0,0.0,0,0,0
1756702241,583,0.0,0.0,-0.07,0.0,0.0,0.0,0.0,0.0,0,0,0
1756702241,584,0.0,0.0,0.0,0.0,0.0,0.0,0.0,0.0,0,0,0
1756702241,585,-0.01,0.0,0.0,0.0,0.0,0.0,0.0,0.0,0,0,0
1756702241,586,0.0,0.0,-0.01,0.0,0.0,0.0,0.0,0.0,0,0,0
1756702241,587,0.0,0.0,0.0,0.0,0.0,0.0,0.0,0.0,0,0,0
1756702241,588,0.0,0.0,-0.05,0.0,0.0,0.0,0.0,0.0,0,0,0
1756702242,589,0.07,0.0,-0.05,0.0,0.0,0.0,0.0,0.0,0,0,0
1756702242,590,0.02,0.0,0.0,0.0,0.0,0.0,0.0,0.0,0,0,0
1756702242,591,0.0,0.0,0.0,0.0,0.0,0.0,0.0,0.0,0,0,0
1756702242,592,0.0,0.0,0.0,0.0,0.0,0.0,0.0,0.0,0,0,0
1756702242,593,0.0,0.0,-0.05,0.0,0.0,0.0,0.0,0.0,0,0,0
1756702242,594,-0.02,0.0,0.0,0.0,0.0,0.0,0.0,0.0,0,0,0
1756702242,595,-0.01,0.0,0.0,0.0,0.0,0.0,0.0,0.0,0,0,0
1756702242,596,0.01,0.0,0.0,0.0,0.0,0.0,0.0,0.0,0,0,0
1756702242,597,0.0,0.0,0.0,0.0,0.0,0.0,0.0,0.0,0,0,0
1756702242,598,-0.02,0.0,-0.01,0.0,0.0,0.0,0.0,0.0,0,0,0
1756702242,599,-0.03,0.0,0.0,0.0,0.0,0.0,0.0,0.0,0,0,0
1756702242,600,-0.03,0.0,-0.09,0.0,0.0,0.0,0.0,0.0,0,0,0
1756702242,601,0.0,0.0,0.0,0.0,0.0,0.0,0.0,0.0,0,0,0
1756702242,602,0.0,0.0,0.0,0.0,0.0,0.0,0.0,0.0,0,0,0
1756702242,603,-0.03,0.0,0.0,0.0,0.0,0.0,0.0,0.0,0,0,0
1756702242,604,0.0,0.0,0.0,0.0,0.0,0.0,0.0,0.0,0,0,0
1756702242,605,-0.01,0.0,0.0,0.0,0.0,0.0,0.0,0.0,0,0,0
1756702242,606,0.01,0.0,-0.01,0.0,0.0,0.0,0.0,0.0,0,0,0
1756702242,607,0.05,0.0,-0.03,0.0,0.0,0.0,0.0,0.0,0,0,0
1756702242,608,0.0,0.0,0.01,0.0,0.0,0.0,0.0,0.0,0,0,0
1756702242,609,-0.01,0.0,-0.02,0.0,0.0,0.0,0.0,0.0,0,0,0
1756702242,610,0.0,0.0,0.0,0.0,0.0,0.0,0.0,0.0,0,0,0
1756702242,611,-0.02,0.0,0.0,0.0,0.0,0.0,0.0,0.0,0,0,0
1756702242,612,-0.01,0.0,0.0,0.0,0.0,0.0,0.0,0.0,0,0,0
1756702242,613,0.0,0.0,-0.03,0.0,0.0,0.0,0.0,0.0,0,0,0
1756702242,614,0.0,0.0,0.0,0.0,0.0,0.0,0.0,0.0,0,0,0
1756702242,615,-0.01,0.0,0.0,0.0,0.0,0.0,0.0,0.0,0,0,0
1756702242,616,-0.02,0.0,-0.01,0.0,0.0,0.0,0.0,0.0,0,0,0
1756702242,617,0.0,0.0,0.0,0.0,0.0,0.0,0.0,0.0,0,0,0
1756702242,618,-0.03,0.0,0.0,0.0,0.0,0.0,0.0,0.0,0,0,0
1756702242,619,-0.03,0.0,0.01,0.0,0.0,0.0,0.0,0.0,0,0,0
1756702242,620,0.01,0.0,-0.01,0.0,0.0,0.0,0.0,0.0,0,0,0
1756702242,621,-0.01,0.0,0.0,0.0,0.0,0.0,0.0,0.0,0,0,0
1756702242,622,-0.1,0.0,-0.01,0.0,0.0,0.0,0.0,0.0,0,0,0
1756702242,623,0.02,0.0,0.0,0.0,0.0,0.0,0.0,0.0,0,0,0
1756702242,624,0.0,0.0,0.0,0.0,0.0,0.0,0.0,0.0,0,0,0
1756702242,625,-0.03,0.0,0.0,0.0,0.0,0.0,0.0,0.0,0,0,0
1756702242,626,0.0,0.0,0.0,0.0,0.0,0.0,0.0,0.0,0,0,0
1756702242,627,0.0,0.0,0.02,0.0,0.0,0.0,0.0,0.0,0,0,0
1756702242,628,0.01,0.0,0.0,0.0,0.0,0.0,0.0,0.0,0,0,0
1756702242,629,0.0,0.0,-0.01,0.0,0.0,0.0,0.0,0.0,0,0,0
1756702242,630,0.0,0.0,0.01,0.0,0.0,0.0,0.0,0.0,0,0,0
1756702242,631,0.01,0.0,-0.02,0.0,0.0,0.0,0.0,0.0,0,0,0
1756702242,632,0.0,0.0,0.0,0.0,0.0,0.0,0.0,0.0,0,0,0
1756702242,633,0.03,0.0,0.0,0.0,0.0,0.0,0.0,0.0,0,0,0
1756702242,634,0.0,0.0,0.0,0.0,0.0,0.0,0.0,0.0,0,0,0
1756702242,635,0.0,0.0,0.0,0.0,0.0,0.0,0.0,0.0,0,0,0
1756702242,636,0.05,0.0,0.0,0.0,0.0,0.0,0.0,0.0,0,0,0
1756702242,637,-0.02,0.0,0.0,0.0,0.0,0.0,0.0,0.0,0,0,0
1756702242,638,0.01,0.0,-0.05,0.0,0.0,0.0,0.0,0.0,0,0,0
1756702242,639,-0.02,0.0,0.01,0.0,0.0,0.0,0.0,0.0,0,0,0
1756702242,640,0.05,0.0,0.01,0.0,0.0,0.0,0.0,0.0,0,0,0
1756702242,641,-0.03,0.0,0.01,0.0,0.0,0.0,0.0,0.0,0,0,0
1756702242,642,0.0,0.0,0.0,0.0,0.0,0.0,0.0,0.0,0,0,0
1756702242,643,-0.07,0.0,-0.05,0.0,0.0,0.0,0.0,0.0,0,0,0
1756702242,644,-0.05,0.0,-0.02,0.0,0.0,0.0,0.0,0.0,0,0,0
1756702242,645,-0.01,0.0,-0.07,0.0,0.0,0.0,0.0,0.0,0,0,0
1756702242,646,0.03,0.0,-0.05,0.0,0.0,0.0,0.0,0.0,0,0,0
1756702242,647,0.01,0.0,0.0,0.0,0.0,0.0,0.0,0.0,0,0,0
1756702242,648,0.03,0.0,0.0,0.0,0.0,0.0,0.0,0.0,0,0,0
1756702242,649,0.0,0.0,-0.02,0.0,0.0,0.0,0.0,0.0,0,0,0
1756702242,650,0.01,0.0,-0.01,0.0,0.0,0.0,0.0,0.0,0,0,0
1756702242,651,0.0,0.0,-0.01,0.0,0.0,0.0,0.0,0.0,0,0,0
1756702242,652,0.02,0.0,-0.01,0.0,0.0,0.0,0.0,0.0,0,0,0
1756702242,653,0.0,0.0,0.0,0.0,0.0,0.0,0.0,0.0,0,0,0
1756702242,654,-0.07,0.0,0.02,0.0,0.0,0.0,0.0,0.0,0,0,0
1756702242,655,-0.05,0.0,-0.01,0.0,0.0,0.0,0.0,0.0,0,0,0
1756702242,656,0.0,0.0,0.0,0.0,0.0,0.0,0.0,0.0,0,0,0
1756702242,657,0.0,0.0,0.02,0.0,0.0,0.0,0.0,0.0,0,0,0
1756702242,658,0.03,0.0,0.0,0.0,0.0,0.0,0.0,0.0,0,0,0
1756702243,659,0.0,0.0,0.07,0.0,0.0,0.0,0.0,0.0,0,0,0
1756702243,660,0.1,0.0,0.0,0.0,0.0,0.0,0.0,0.0,0,0,0
1756702243,661,0.0,0.0,0.0,0.0,0.0,0.0,0.0,0.0,0,0,0
1756702243,662,-0.05,0.0,-0.03,0.0,0.0,0.0,0.0,0.0,0,0,0
1756702243,663,0.0,0.0,0.0,0.0,0.0,0.0,0.0,0.0,0,0,0
1756702243,664,0.0,0.0,-0.01,0.0,0.0,0.0,0.0,0.0,0,0,0
1756702243,665,0.0,0.0,0.0,0.0,0.0,0.0,0.0,0.0,0,0,0
1756702243,666,-0.01,0.0,0.0,0.0,0.0,0.0,0.0,0.0,0,0,0
1756702243,667,0.0,0.0,-0.01,0.0,0.0,0.0,0.0,0.0,0,0,0
1756702243,668,-0.07,0.0,-0.01,0.0,0.0,0.0,0.0,0.0,0,0,0
1756702243,669,-0.02,0.0,0.0,0.0,0.0,0.0,0.0,0.0,0,0,0
1756702243,670,0.0,0.0,-0.01,0.0,0.0,0.0,0.0,0.0,0,0,0
1756702243,671,-0.01,0.0,-0.05,0.0,0.0,0.0,0.0,0.0,0,0,0
1756702243,672,-0.01,0.0,-0.02,0.0,0.0,0.0,0.0,0.0,0,0,0
1756702243,673,0.02,0.0,-0.01,0.0,0.0,0.0,0.0,0.0,0,0,0
1756702243,674,-0.03,0.0,0.0,0.0,0.0,0.0,0.0,0.0,0,0,0
1756702243,675,-0.01,0.0,0.0,0.0,0.0,0.0,0.0,0.0,0,0,0
1756702243,676,0.03,0.0,-0.03,0.0,0.0,0.0,0.0,0.0,0,0,0
1756702243,677,0.0,0.0,-0.05,0.0,0.0,0.0,0.0,0.0,0,0,0
1756702243,678,0.03,0.0,0.0,0.0,0.0,0.0,0.0,0.0,0,0,0
1756702243,679,0.0,0.0,0.05,0.0,0.0,0.0,0.0,0.0,0,0,0
1756702243,680,0.01,0.0,-0.07,0.0,0.0,0.0,0.0,0.0,0,0,0
1756702243,681,-0.1,0.0,-0.02,0.0,0.0,0.0,0.0,0.0,0,0,0
1756702243,682,0.07,0.0,0.0,0.0,0.0,0.0,0.0,0.0,0,0,0
1756702243,683,0.0,0.0,0.0,0.0,0.0,0.0,0.0,0.0,0,0,0
1756702243,684,0.02,0.0,-0.01,0.0,0.0,0.0,0.0,0.0,0,0,0
1756702243,685,0.0,0.0,0.0,0.0,0.0,0.0,0.0,0.0,0,0,0
1756702243,686,0.0,0.0,0.05,0.0,0.0,0.0,0.0,0.0,0,0,0
1756702243,687,0.0,0.0,0.0,0.0,0.0,0.0,0.0,0.0,0,0,0
1756702243,688,-0.01,0.0,0.07,0.0,0.0,0.0,0.0,0.0,0,0,0
1756702243,689,-0.02,0.0,-0.03,0.0,0.0,0.0,0.0,0.0,0,0,0
1756702243,690,0.0,0.0,-0.02,0.0,0.0,0.0,0.0,0.0,0,0,0
1756702243,691,-0.15,0.0,-0.01,0.0,0.0,0.0,0.0,0.0,0,0,0
1756702243,692,-0.03,0.0,-0.01,0.0,0.0,0.0,0.0,0.0,0,0,0
1756702243,693,0.0,0.0,-0.03,0.0,0.0,0.0,0.0,0.0,0,0,0
1756702243,694,0.0,0.0,-0.05,0.0,0.0,0.0,0.0,0.0,0,0,0
1756702243,695,-0.05,0.0,-0.05,0.0,0.0,0.0,0.0,0.0,0,0,0
1756702243,696,0.0,0.0,0.0,0.0,0.0,0.0,0.0,0.0,0,0,0
1756702243,697,0.0,0.0,-0.02,0.0,0.0,0.0,0.0,0.0,0,0,0
1756702243,698,0.03,0.0,-0.11,0.0,0.0,0.0,0.0,0.0,0,0,0
1756702243,699,-0.01,0.0,0.0,0.0,0.0,0.0,0.0,0.0,0,0,0
1756702243,700,-0.03,0.0,0.0,0.0,0.0,0.0,0.0,0.0,0,0,0
1756702243,701,0.03,0.0,0.05,0.0,0.0,0.0,0.0,0.0,0,0,0
1756702243,702,0.0,0.0,0.0,0.0,0.0,0.0,0.0,0.0,0,0,0
1756702243,703,0.02,0.0,0.0,0.0,0.0,0.0,0.0,0.0,0,0,0
1756702243,704,-0.05,0.0,0.0,0.0,0.0,0.0,0.0,0.0,0,0,0
1756702243,705,0.01,0.0,0.0,0.0,0.0,0.0,0.0,0.0,0,0,0
1756702243,706,0.01,0.0,-0.02,0.0,0.0,0.0,0.0,0.0,0,0,0
1756702243,707,0.05,0.0,0.01,0.0,0.0,0.0,0.0,0.0,0,0,0
1756702243,708,0.0,0.0,0.0,0.0,0.0,0.0,0.0,0.0,0,0,0
1756702243,709,-0.03,0.0,-0.05,0.0,0.0,0.0,0.0,0.0,0,0,0
1756702243,710,0.0,0.0,0.01,0.0,0.0,0.0,0.0,0.0,0,0,0
1756702243,711,0.12,0.0,0.0,0.0,0.0,0.0,0.0,0.0,0,0,0
1756702243,712,0.0,0.0,-0.05,0.0,0.0,0.0,0.0,0.0,0,0,0
1756702243,713,-0.02,0.0,-0.03,0.0,0.0,0.0,0.0,0.0,0,0,0
1756702243,714,0.0,0.0,0.0,0.0,0.0,0.0,0.0,0.0,0,0,0
1756702243,715,-0.05,0.0,-0.02,0.0,0.0,0.0,0.0,0.0,0,0,0
1756702243,716,0.05,0.0,-0.03,0.0,0.0,0.0,0.0,0.0,0,0,0
1756702243,717,-0.02,0.0,0.0,0.0,0.0,0.0,0.0,0.0,0,0,0
1756702243,718,-0.01,0.0,-0.07,0.0,0.0,0.0,0.0,0.0,0,0,0
1756702243,719,-0.05,0.0,-0.02,0.0,0.0,0.0,0.0,0.0,0,0,0
1756702244,720,-0.01,0.0,0.0,0.0,0.0,0.0,0.0,0.0,0,0,0
1756702244,721,0.02,0.0,0.0,0.0,0.0,0.0,0.0,0.0,0,0,0
1756702244,722,0.01,0.0,-0.01,0.0,0.0,0.0,0.0,0.0,0,0,0
1756702244,723,0.0,0.0,0.0,0.0,0.0,0.0,0.0,0.0,0,0,0
1756702244,724,0.0,0.0,0.0,0.0,0.0,0.0,0.0,0.0,0,0,0
1756702244,725,0.01,0.0,0.0,0.0,0.0,0.0,0.0,0.0,0,0,0
1756702244,726,0.0,0.0,0.0,0.0,0.0,0.0,0.0,0.0,0,0,0
1756702244,727,0.0,0.0,0.03,0.0,0.0,0.0,0.0,0.0,0,0,0
1756702244,728,0.0,0.0,-0.02,0.0,0.0,0.0,0.0,0.0,0,0,0
1756702244,729,0.05,0.0,-0.07,0.0,0.0,0.0,0.0,0.0,0,0,0
1756702244,730,0.05,0.0,0.0,0.0,0.0,0.0,0.0,0.0,0,0,0
1756702244,731,-0.02,0.0,-0.01,0.0,0.0,0.0,0.0,0.0,0,0,0
1756702244,732,0.0,0.0,0.0,0.0,0.0,0.0,0.0,0.0,0,0,0
1756702244,733,0.0,0.0,0.0,0.0,0.0,0.0,0.0,0.0,0,0,0
1756702244,734,0.03,0.0,0.0,0.0,0.0,0.0,0.0,0.0,0,0,0
1756702244,735,-0.18,0.0,0.01,0.0,0.0,0.0,0.0,0.0,0,0,0
1756702244,736,0.0,0.0,-0.02,0.0,0.0,0.0,0.0,0.0,0,0,0
1756702244,737,0.02,0.0,0.0,0.0,0.0,0.0,0.0,0.0,0,0,0
1756702244,738,0.0,0.0,0.0,0.0,0.0,0.0,0.0,0.0,0,0,0
1756702244,739,0.0,0.0,-0.02,0.0,0.0,0.0,0.0,0.0,0,0,0
1756702244,740,0.0,0.0,-0.03,0.0,0.0,0.0,0.0,0.0,0,0,0
1756702244,741,0.0,0.0,-0.05,0.0,0.0,0.0,0.0,0.0,0,0,0
1756702244,742,-0.02,0.0,-0.05,0.0,0.0,0.0,0.0,0.0,0,0,0
1756702244,743,0.02,0.0,0.0,0.0,0.0,0.0,0.0,0.0,0,0,0
1756702244,744,0.05,0.0,-0.01,0.0,0.0,0.0,0.0,0.0,0,0,0
1756702244,745,0.0,0.0,-0.01,0.0,0.0,0.0,0.0,0.0,0,0,0
1756702244,746,0.0,0.0,-0.01,0.0,0.0,0.0,0.0,0.0,0,0,0
1756702244,747,0.0,0.0,0.0,0.0,0.0,0.0,0.0,0.0,0,0,0
1756702244,748,0.0,0.0,-0.05,0.0,0.0,0.0,0.0,0.0,0,0,0
1756702244,749,0.0,0.0,-0.01,0.0,0.0,0.0,0.0,0.0,0,0,0
1756702244,750,0.0,0.0,0.0,0.0,0.0,0.0,0.0,0.0,0,0,0
1756702244,751,0.0,0.0,-0.02,0.0,0.0,0.0,0.0,0.0,0,0,0
1756702244,752,0.0,0.0,0.0,0.0,0.0,0.0,0.0,0.0,0,0,0
1756702244,753,0.0,0.0,0.0,0.0,0.0,0.0,0.0,0.0,0,0,0
1756702244,754,0.0,0.0,-0.03,0.0,0.0,0.0,0.0,0.0,0,0,0
1756702244,755,0.01,0.0,0.0,0.0,0.0,0.0,0.0,0.0,0,0,0
1756702244,756,0.01,0.0,0.0,0.0,0.0,0.0,0.0,0.0,0,0,0
1756702244,757,0.03,0.0,-0.02,0.0,0.0,0.0,0.0,0.0,0,0,0
1756702244,758,-0.02,0.0,0.0,0.0,0.0,0.0,0.0,0.0,0,0,0
1756702244,759,0.0,0.0,-0.05,0.0,0.0,0.0,0.0,0.0,0,0,0
1756702244,760,0.01,0.0,0.0,0.0,0.0,0.0,0.0,0.0,0,0,0
1756702244,761,0.0,0.0,-0.01,0.0,0.0,0.0,0.0,0.0,0,0,0
1756702244,762,0.0,0.0,0.02,0.0,0.0,0.0,0.0,0.0,0,0,0
1756702244,763,0.03,0.0,0.0,0.0,0.0,0.0,0.0,0.0,0,0,0
1756702244,764,-0.05,0.0,-0.02,0.0,0.0,0.0,0.0,0.0,0,0,0
1756702244,765,0.0,0.0,-0.07,0.0,0.0,0.0,0.0,0.0,0,0,0
1756702244,766,0.0,0.0,0.0,0.0,0.0,0.0,0.0,0.0,0,0,0
1756702244,767,0.0,0.0,-0.02,0.0,0.0,0.0,0.0,0.0,0,0,0
1756702244,768,-0.03,0.0,-0.05,0.0,0.0,0.0,0.0,0.0,0,0,0
1756702244,769,0.05,0.0,-0.02,0.0,0.0,0.0,0.0,0.0,0,0,0
1756702244,770,0.0,0.0,-0.05,0.0,0.0,0.0,0.0,0.0,0,0,0
1756702244,771,0.01,0.0,-0.03,0.0,0.0,0.0,0.0,0.0,0,0,0
1756702244,772,0.05,0.0,0.0,0.0,0.0,0.0,0.0,0.0,0,0,0
1756702244,773,0.0,0.0,0.0,0.0,0.0,0.0,0.0,0.0,0,0,0
1756702244,774,0.02,0.0,-0.1,0.0,0.0,0.0,0.0,0.0,0,0,0
1756702244,775,0.0,0.0,0.0,0.0,0.0,0.0,0.0,0.0,0,0,0
1756702244,776,-0.02,0.0,-0.05,0.0,0.0,0.0,0.0,0.0,0,0,0
1756702244,777,0.03,0.0,-0.03,0.0,0.0,0.0,0.0,0.0,0,0,0
1756702244,778,0.1,0.0,0.0,0.0,0.0,0.0,0.0,0.0,0,0,0
1756702244,779,-0.01,0.0,0.0,0.0,0.0,0.0,0.0,0.0,0,0,0
1756702244,780,0.0,0.0,-0.01,0.0,0.0,0.0,0.0,0.0,0,0,0
1756702244,781,-0.07,0.0,0.0,0.0,0.0,0.0,0.0,0.0,0,0,0
1756702244,782,0.0,0.0,-0.05,0.0,0.0,0.0,0.0,0.0,0,0,0
1756702244,783,0.03,0.0,-0.03,0.0,0.0,0.0,0.0,0.0,0,0,0
1756702244,784,0.0,0.0,-0.01,0.0,0.0,0.0,0.0,0.0,0,0,0
1756702244,785,0.05,0.0,-0.01,0.0,0.0,0.0,0.0,0.0,0,0,0
1756702244,786,0.01,0.0,0.0,0.0,0.0,0.0,0.0,0.0,0,0,0
1756702244,787,0.01,0.0,0.0,0.0,0.0,0.0,0.0,0.0,0,0,0
1756702245,788,-0.05,0.0,-0.02,0.0,0.0,0.0,0.0,0.0,0,0,0
1756702245,789,-0.1,0.0,0.0,0.0,0.0,0.0,0.0,0.0,0,0,0
1756702245,790,-0.01,0.0,0.0,0.0,0.0,0.0,0.0,0.0,0,0,0
1756702245,791,0.0,0.0,-0.1,0.0,0.0,0.0,0.0,0.0,0,0,0
1756702245,792,0.05,0.0,0.0,0.0,0.0,0.0,0.0,0.0,0,0,0
1756702245,793,0.0,0.0,-0.11,0.0,0.0,0.0,0.0,0.0,0,0,0
1756702245,794,0.0,0.0,0.0,0.0,0.0,0.0,0.0,0.0,0,0,0
1756702245,795,0.0,0.0,-0.01,0.0,0.0,0.0,0.0,0.0,0,0,0
1756702245,796,0.02,0.0,-0.02,0.0,0.0,0.0,0.0,0.0,0,0,0
1756702245,797,0.01,0.0,-0.01,0.0,0.0,0.0,0.0,0.0,0,0,0
1756702245,798,0.0,0.0,-0.05,0.0,0.0,0.0,0.0,0.0,0,0,0
1756702245,799,0.0,0.0,-0.02,0.0,0.0,0.0,0.0,0.0,0,0,0
1756702245,800,0.02,0.0,0.1,0.0,0.0,0.0,0.0,0.0,0,0,0
1756702245,801,-0.02,0.0,0.0,0.0,0.0,0.0,0.0,0.0,0,0,0
1756702245,802,0.02,0.0,-0.05,0.0,0.0,0.0,0.0,0.0,0,0,0
1756702245,803,0.01,0.0,-0.1,0.0,0.0,0.0,0.0,0.0,0,0,0
1756702245,804,0.0,0.0,0.0,0.0,0.0,0.0,0.0,0.0,0,0,0
1756702245,805,0.01,0.0,-0.05,0.0,0.0,0.0,0.0,0.0,0,0,0
1756702245,806,0.03,0.0,-0.01,0.0,0.0,0.0,0.0,0.0,0,0,0
1756702245,807,0.05,0.0,0.0,0.0,0.0,0.0,0.0,0.0,0,0,0
1756702245,808,0.02,0.0,0.0,0.0,0.0,0.0,0.0,0.0,0,0,0
1756702245,809,0.0,0.0,-0.02,0.0,0.0,0.0,0.0,0.0,0,0,0
1756702245,810,0.0,0.0,-0.01,0.0,0.0,0.0,0.0,0.0,0,0,0
1756702245,811,0.0,0.0,0.0,0.0,0.0,0.0,0.0,0.0,0,0,0
1756702245,812,0.01,0.0,-0.02,0.0,0.0,0.0,0.0,0.0,0,0,0
1756702245,813,0.01,0.0,0.0,0.0,0.0,0.0,0.0,0.0,0,0,0
1756702245,814,0.0,0.0,0.0,0.0,0.0,0.0,0.0,0.0,0,0,0
1756702245,815,0.0,0.0,0.05,0.0,0.0,0.0,0.0,0.0,0,0,0
1756702245,816,0.0,0.0,0.0,0.0,0.0,0.0,0.0,0.0,0,0,0
1756702245,817,0.0,0.0,-0.07,0.0,0.0,0.0,0.0,0.0,0,0,0
1756702245,818,0.0,0.0,-0.03,0.0,0.0,0.0,0.0,0.0,0,0,0
1756702245,819,-0.03,0.0,-0.02,0.0,0.0,0.0,0.0,0.0,0,0,0
1756702245,820,0.0,0.0,-0.02,0.0,0.0,0.0,0.0,0.0,0,0,0
1756702245,821,-0.02,0.0,0.0,0.0,0.0,0.0,0.0,0.0,0,0,0
1756702245,822,-0.01,0.0,0.0,0.0,0.0,0.0,0.0,0.0,0,0,0
1756702245,823,0.0,0.0,0.0,0.0,0.0,0.0,0.0,0.0,0,0,0
1756702245,824,0.0,0.0,-0.01,0.0,0.0,0.0,0.0,0.0,0,0,0
1756702245,825,-0.01,0.0,0.0,0.0,0.0,0.0,0.0,0.0,0,0,0
1756702245,826,0.0,0.0,-0.02,0.0,0.0,0.0,0.0,0.0,0,0,0
1756702245,827,0.0,0.0,0.0,0.0,0.0,0.0,0.0,0.0,0,0,0
1756702245,828,0.0,0.0,0.03,0.0,0.0,0.0,0.0,0.0,0,0,0
1756702245,829,0.0,0.0,-0.05,0.0,0.0,0.0,0.0,0.0,0,0,0
1756702245,830,0.0,0.0,-0.01,0.0,0.0,0.0,0.0,0.0,0,0,0
1756702245,831,0.0,0.0,-0.02,0.0,0.0,0.0,0.0,0.0,0,0,0
1756702245,832,0.0,0.0,0.0,0.0,0.0,0.0,0.0,0.0,0,0,0
1756702245,833,0.0,0.0,-0.03,0.0,0.0,0.0,0.0,0.0,0,0,0
1756702245,834,0.0,0.0,0.0,0.0,0.0,0.0,0.0,0.0,0,0,0
1756702245,835,0.0,0.0,0.0,0.0,0.0,0.0,0.0,0.0,0,0,0
1756702245,836,-0.07,0.0,-0.01,0.0,0.0,0.0,0.0,0.0,0,0,0
1756702245,837,0.01,0.0,-0.02,0.0,0.0,0.0,0.0,0.0,0,0,0
1756702245,838,-0.01,0.0,-0.03,0.0,0.0,0.0,0.0,0.0,0,0,0
1756702245,839,0.0,0.0,0.0,0.0,0.0,0.0,0.0,0.0,0,0,0
1756702245,840,0.01,0.0,-0.01,0.0,0.0,0.0,0.0,0.0,0,0,0
1756702245,841,0.01,0.0,0.0,0.0,0.0,0.0,0.0,0.0,0,0,0
1756702245,842,0.0,0.0,0.0,0.0,0.0,0.0,0.0,0.0,0,0,0
1756702245,843,0.0,0.0,0.0,0.0,0.0,0.0,0.0,0.0,0,0,0
1756702245,844,-0.01,0.0,-0.01,0.0,0.0,0.0,0.0,0.0,0,0,0
1756702245,845,-0.02,0.0,-0.03,0.0,0.0,0.0,0.0,0.0,0,0,0
1756702245,846,0.0,0.0,-0.02,0.0,0.0,0.0,0.0,0.0,0,0,0
1756702245,847,0.01,0.0,-0.02,0.0,0.0,0.0,0.0,0.0,0,0,0
1756702245,848,0.03,0.0,-0.03,0.0,0.0,0.0,0.0,0.0,0,0,0
1756702245,849,0.0,0.0,-0.02,0.0,0.0,0.0,0.0,0.0,0,0,0
1756702245,850,0.0,0.0,-0.05,0.0,0.0,0.0,0.0,0.0,0,0,0
1756702245,851,-0.05,0.0,0.05,0.0,0.0,0.0,0.0,0.0,0,0,0
1756702245,852,0.0,0.0,0.0,0.0,0.0,0.0,0.0,0.0,0,0,0
1756702245,853,0.0,0.0,-0.01,0.0,0.0,0.0,0.0,0.0,0,0,0
1756702246,854,0.0,0.0,-0.01,0.0,0.0,0.0,0.0,0.0,0,0,0
1756702246,855,0.0,0.0,-0.05,0.0,0.0,0.0,0.0,0.0,0,0,0
1756702246,856,0.0,0.0,0.0,0.0,0.0,0.0,0.0,0.0,0,0,0
1756702246,857,0.0,0.0,0.0,0.0,0.0,0.0,0.0,0.0,0,0,0
1756702246,858,0.0,0.0,-0.01,0.0,0.0,0.0,0.0,0.0,0,0,0
1756702246,859,0.0,0.0,0.0,0.0,0.0,0.0,0.0,0.0,0,0,0
1756702246,860,-0.11,0.0,0.0,0.0,0.0,0.0,0.0,0.0,0,0,0
1756702246,861,0.0,0.0,0.05,0.0,0.0,0.0,0.0,0.0,0,0,0
1756702246,862,0.0,0.0,-0.09,0.0,0.0,0.0,0.0,0.0,0,0,0
1756702246,863,0.01,0.0,0.0,0.0,0.0,0.0,0.0,0.0,0,0,0
1756702246,864,0.0,0.0,0.0,0.0,0.0,0.0,0.0,0.0,0,0,0
1756702246,865,0.0,0.0,-0.02,0.0,0.0,0.0,0.0,0.0,0,0,0
1756702246,866,0.0,0.0,-0.01,0.0,0.0,0.0,0.0,0.0,0,0,0
1756702246,867,-0.03,0.0,0.0,0.0,0.0,0.0,0.0,0.0,0,0,0
1756702246,868,0.0,0.0,-0.03,0.0,0.0,0.0,0.0,0.0,0,0,0
1756702246,869,0.03,0.0,-0.05,0.0,0.0,0.0,0.0,0.0,0,0,0
1756702246,870,0.03,0.0,-0.07,0.0,0.0,0.0,0.0,0.0,0,0,0
1756702246,871,0.0,0.0,-0.02,0.0,0.0,0.0,0.0,0.0,0,0,0
1756702246,872,0.0,0.0,0.0,0.0,0.0,0.0,0.0,0.0,0,0,0
1756702246,873,0.05,0.0,-0.05,0.0,0.0,0.0,0.0,0.0,0,0,0
1756702246,874,0.0,0.0,-0.01,0.0,0.0,0.0,0.0,0.0,0,0,0
1756702246,875,0.0,0.0,-0.03,0.0,0.0,0.0,0.0,0.0,0,0,0
1756702246,876,0.05,0.0,-0.05,0.0,0.0,0.0,0.0,0.0,0,0,0
1756702246,877,-0.03,0.0,-0.03,0.0,0.0,0.0,0.0,0.0,0,0,0
1756702246,878,0.0,0.0,0.0,0.0,0.0,0.0,0.0,0.0,0,0,0
1756702246,879,-0.03,0.0,-0.05,0.0,0.0,0.0,0.0,0.0,0,0,0
1756702246,880,0.0,0.0,0.0,0.0,0.0,0.0,0.0,0.0,0,0,0
1756702246,881,0.0,0.0,0.0,0.0,0.0,0.0,0.0,0.0,0,0,0
1756702246,882,0.0,0.0,0.0,0.0,0.0,0.0,0.0,0.0,0,0,0
1756702246,883,0.0,0.0,-0.01,0.0,0.0,0.0,0.0,0.0,0,0,0
1756702246,884,0.01,0.0,-0.02,0.0,0.0,0.0,0.0,0.0,0,0,0
1756702246,885,-0.01,0.0,0.0,0.0,0.0,0.0,0.0,0.0,0,0,0
1756702246,886,0.0,0.0,-0.02,0.0,0.0,0.0,0.0,0.0,0,0,0
1756702246,887,-0.1,0.0,0.01,0.0,0.0,0.0,0.0,0.0,0,0,0
1756702246,888,0.01,0.0,-0.01,0.0,0.0,0.0,0.0,0.0,0,0,0
1756702246,889,0.01,0.0,0.0,0.0,0.0,0.0,0.0,0.0,0,0,0
1756702246,890,0.0,0.0,0.0,0.0,0.0,0.0,0.0,0.0,0,0,0
1756702246,891,0.03,0.0,-0.01,0.0,0.0,0.0,0.0,0.0,0,0,0
1756702246,892,0.01,0.0,0.0,0.0,0.0,0.0,0.0,0.0,0,0,0
1756702246,893,0.0,0.0,0.0,0.0,0.0,0.0,0.0,0.0,0,0,0
1756702246,894,0.0,0.0,-0.02,0.0,0.0,0.0,0.0,0.0,0,0,0
1756702246,895,0.0,0.0,-0.01,0.0,0.0,0.0,0.0,0.0,0,0,0
1756702246,896,-0.03,0.0,0.0,0.0,0.0,0.0,0.0,0.0,0,0,0
1756702246,897,0.0,0.0,0.0,0.0,0.0,0.0,0.0,0.0,0,0,0
1756702246,898,0.03,0.0,0.0,0.0,0.0,0.0,0.0,0.0,0,0,0
1756702246,899,0.01,0.0,-0.01,0.0,0.0,0.0,0.0,0.0,0,0,0
1756702246,900,-0.02,0.0,0.03,0.0,0.0,0.0,0.0,0.0,0,0,0
1756702246,901,0.0,0.0,0.0,0.0,0.0,0.0,0.0,0.0,0,0,0
1756702246,902,0.07,0.0,0.0,0.0,0.0,0.0,0.0,0.0,0,0,0
1756702246,903,0.01,0.0,-0.01,0.0,0.0,0.0,0.0,0.0,0,0,0
1756702246,904,0.0,0.0,-0.02,0.0,0.0,0.0,0.0,0.0,0,0,0
1756702246,905,0.05,0.0,0.0,0.0,0.0,0.0,0.0,0.0,0,0,0
1756702246,906,-0.03,0.0,0.0,0.0,0.0,0.0,0.0,0.0,0,0,0
1756702246,907,0.0,0.0,0.0,0.0,0.0,0.0,0.0,0.0,0,0,0
1756702246,908,0.02,0.0,0.0,0.0,0.0,0.0,0.0,0.0,0,0,0
1756702246,909,0.0,0.0,-0.01,0.0,0.0,0.0,0.0,0.0,0,0,0
1756702246,910,-0.02,0.0,-0.03,0.0,0.0,0.0,0.0,0.0,0,0,0
1756702246,911,-0.03,0.0,-0.01,0.0,0.0,0.0,0.0,0.0,0,0,0
1756702246,912,0.0,0.0,-0.1,0.0,0.0,0.0,0.0,0.0,0,0,0
1756702246,913,-0.1,0.0,0.0,0.0,0.0,0.0,0.0,0.0,0,0,0
1756702246,914,-0.01,0.0,-0.03,0.0,0.0,0.0,0.0,0.0,0,0,0
1756702246,915,0.03,0.0,-0.01,0.0,0.0,0.0,0.0,0.0,0,0,0
1756702246,916,0.0,0.0,0.02,0.0,0.0,0.0,0.0,0.0,0,0,0
1756702246,917,-0.03,0.0,-0.01,0.0,0.0,0.0,0.0,0.0,0,0,0
1756702246,918,-0.01,0.0,-0.01,0.0,0.0,0.0,0.0,0.0,0,0,0
1756702246,919,-0.02,0.0,0.0,0.0,0.0,0.0,0.0,0.0,0,0,0
1756702246,920,0.01,0.0,-0.03,0.0,0.0,0.0,0.0,0.0,0,0,0
1756702247,921,-0.01,0.0,0.0,0.0,0.0,0.0,0.0,0.0,0,0,0
1756702247,922,0.0,0.0,0.12,0.0,0.0,0.0,0.0,0.0,0,0,0
1756702247,923,-0.02,0.0,-0.01,0.0,0.0,0.0,0.0,0.0,0,0,0
1756702247,924,0.0,0.0,-0.01,0.0,0.0,0.0,0.0,0.0,0,0,0
1756702247,925,-0.05,0.0,0.02,0.0,0.0,0.0,0.0,0.0,0,0,0
1756702247,926,0.0,0.0,-0.01,0.0,0.0,0.0,0.0,0.0,0,0,0
1756702247,927,0.0,0.0,0.0,0.0,0.0,0.0,0.0,0.0,0,0,0
1756702247,928,0.0,0.0,0.0,0.0,0.0,0.0,0.0,0.0,0,0,0
1756702247,929,0.03,0.0,0.0,0.0,0.0,0.0,0.0,0.0,0,0,0
1756702247,930,0.0,0.0,-0.05,0.0,0.0,0.0,0.0,0.0,0,0,0
1756702247,931,0.01,0.0,-0.02,0.0,0.0,0.0,0.0,0.0,0,0,0
1756702247,932,0.05,0.0,0.0,0.0,0.0,0.0,0.0,0.0,0,0,0
1756702247,933,0.05,0.0,-0.07,0.0,0.0,0.0,0.0,0.0,0,0,0
1756702247,934,0.07,0.0,-0.05,0.0,0.0,0.0,0.0,0.0,0,0,0
1756702247,935,0.0,0.0,0.0,0.0,0.0,0.0,0.0,0.0,0,0,0
1756702247,936,0.0,0.0,-0.03,0.0,0.0,0.0,0.0,0.0,0,0,0
1756702247,937,-0.01,0.0,-0.07,0.0,0.0,0.0,0.0,0.0,0,0,0
1756702247,938,-0.03,0.0,0.0,0.0,0.0,0.0,0.0,0.0,0,0,0
1756702247,939,-0.05,0.0,-0.03,0.0,0.0,0.0,0.0,0.0,0,0,0
1756702247,940,0.05,0.0,-0.07,0.0,0.0,0.0,0.0,0.0,0,0,0
1756702247,941,0.0,0.0,0.0,0.0,0.0,0.0,0.0,0.0,0,0,0
1756702247,942,-0.02,0.0,0.0,0.0,0.0,0.0,0.0,0.0,0,0,0
1756702247,943,0.0,0.0,-0.01,0.0,0.0,0.0,0.0,0.0,0,0,0
1756702247,944,0.0,0.0,0.07,0.0,0.0,0.0,0.0,0.0,0,0,0
1756702247,945,-0.02,0.0,-0.03,0.0,0.0,0.0,0.0,0.0,0,0,0
1756702247,946,-0.03,0.0,0.1,0.0,0.0,0.0,0.0,0.0,0,0,0
1756702247,947,-0.01,0.0,0.0,0.0,0.0,0.0,0.0,0.0,0,0,0
1756702247,948,0.0,0.0,-0.01,0.0,0.0,0.0,0.0,0.0,0,0,0
1756702247,949,0.0,0.0,0.01,0.0,0.0,0.0,0.0,0.0,0,0,0
1756702247,950,0.0,0.0,0.0,0.0,0.0,0.0,0.0,0.0,0,0,0
1756702247,951,0.0,0.0,-0.01,0.0,0.0,0.0,0.0,0.0,0,0,0
1756702247,952,0.0,0.0,-0.02,0.0,0.0,0.0,0.0,0.0,0,0,0
1756702247,953,-0.05,0.0,0.0,0.0,0.0,0.0,0.0,0.0,0,0,0
1756702247,954,-0.05,0.0,0.0,0.0,0.0,0.0,0.0,0.0,0,0,0
1756702247,955,0.01,0.0,0.0,0.0,0.0,0.0,0.0,0.0,0,0,0
1756702247,956,0.02,0.0,0.0,0.0,0.0,0.0,0.0,0.0,0,0,0
1756702247,957,-0.07,0.0,0.0,0.0,0.0,0.0,0.0,0.0,0,0,0
1756702247,958,-0.07,0.0,-0.02,0.0,0.0,0.0,0.0,0.0,0,0,0
1756702247,959,-0.01,0.0,-0.02,0.0,0.0,0.0,0.0,0.0,0,0,0
1756702247,960,0.03,0.0,-0.02,0.0,0.0,0.0,0.0,0.0,0,0,0
1756702247,961,-0.01,0.0,0.0,0.0,0.0,0.0,0.0,0.0,0,0,0
1756702247,962,-0.07,0.0,0.02,0.0,0.0,0.0,0.0,0.0,0,0,0
1756702247,963,0.01,0.0,-0.05,0.0,0.0,0.0,0.0,0.0,0,0,0
1756702247,964,0.0,0.0,0.0,0.0,0.0,0.0,0.0,0.0,0,0,0
1756702247,965,0.02,0.0,0.0,0.0,0.0,0.0,0.0,0.0,0,0,0
1756702247,966,0.0,0.0,0.0,0.0,0.0,0.0,0.0,0.0,0,0,0
1756702247,967,0.0,0.0,-0.01,0.0,0.0,0.0,0.0,0.0,0,0,0
1756702247,968,0.0,0.0,-0.07,0.0,0.0,0.0,0.0,0.0,0,0,0
1756702247,969,0.0,0.0,-0.2,0.0,0.0,0.0,0.0,0.0,0,0,0
1756702247,970,-0.01,0.0,-0.2,0.0,0.0,0.0,0.0,0.0,0,0,0
1756702247,971,0.01,0.0,-0.21,0.0,0.0,0.0,0.0,0.0,0,0,0
1756702247,972,0.0,0.0,-0.3,0.0,0.0,0.0,0.0,0.0,0,0,0
1756702247,973,-0.01,0.0,-0.3,0.0,0.0,0.0,0.0,0.0,0,0,0
1756702247,974,-0.09,0.0,-0.38,0.0,0.0,0.0,0.0,0.0,0,0,0
1756702247,975,-0.1,0.0,-0.33,0.0,0.0,0.0,0.0,0.0,0,0,0
1756702247,976,0.0,0.0,-0.4,0.0,0.0,0.0,0.0,0.0,0,0,0
1756702247,977,-0.03,0.0,-0.4,0.0,0.0,0.0,0.0,0.0,0,0,0
1756702247,978,-0.05,0.0,-0.41,0.0,0.0,0.0,0.0,0.0,0,0,0
1756702247,979,-0.01,0.0,-0.44,0.0,0.0,0.0,0.0,0.0,0,0,0
1756702247,980,-0.02,0.0,-0.43,0.0,0.0,0.0,0.0,0.0,0,0,0
1756702247,981,-0.01,0.0,-0.37,0.0,0.0,0.0,0.0,0.0,0,0,0
1756702247,982,-0.02,0.0,-0.36,0.0,0.0,0.0,0.0,0.0,0,0,0
1756702247,983,0.0,0.0,-0.37,0.0,0.0,0.0,0.0,0.0,0,0,0
1756702247,984,-0.05,0.0,-0.37,0.0,0.0,0.0,0.0,0.0,0,0,0
1756702247,985,0.0,0.0,-0.3,0.0,0.0,0.0,0.0,0.0,0,0,0
1756702248,986,0.09,0.0,-0.21,0.0,0.0,0.0,0.0,0.0,0,0,0
1756702248,987,-0.1,0.0,-0.18,0.0,0.0,0.0,0.0,0.0,0,0,0
1756702248,988,0.0,0.0,-0.23,0.0,0.0,0.0,0.0,0.0,0,0,0
1756702248,989,-0.02,0.0,-0.15,0.0,0.0,0.0,0.0,0.0,0,0,0
1756702248,990,0.05,0.0,-0.17,0.0,0.0,0.0,0.0,0.0,0,0,0
1756702248,991,0.0,0.0,-0.07,0.0,0.0,0.0,0.0,0.0,0,0,0
1756702248,992,-0.02,0.0,-0.05,0.0,0.0,0.0,0.0,0.0,0,0,0
1756702248,993,-0.05,0.0,-0.01,0.0,0.0,0.0,0.0,0.0,0,0,0
1756702248,994,0.05,0.0,-0.05,0.0,0.0,0.0,0.0,0.0,0,0,0
1756702248,995,0.0,0.0,-0.01,0.0,0.0,0.0,0.0,0.0,0,0,0
1756702248,996,-0.05,0.0,-0.01,0.0,0.0,0.0,0.0,0.0,0,0,0
1756702248,997,-0.1,0.0,0.0,0.0,0.0,0.0,0.0,0.0,0,0,0
1756702248,998,0.0,0.0,0.1,0.0,0.0,0.0,0.0,0.0,0,0,0
1756702248,999,-0.01,0.0,0.1,0.0,0.0,0.0,0.0,0.0,0,0,0
1756702248,1000,-0.05,0.0,0.0,0.0,0.0,0.0,0.0,0.0,0,0,0
1756702248,1001,-0.05,0.0,0.12,0.0,0.0,0.0,0.0,0.0,0,0,0
1756702248,1002,0.0,0.0,0.17,0.0,0.0,0.0,0.0,0.0,0,0,0
1756702248,1003,0.0,0.0,0.2,0.0,0.0,0.0,0.0,0.0,0,0,0
1756702248,1004,0.0,0.0,0.2,0.0,0.0,0.0,0.0,0.0,0,0,0
1756702248,1005,-0.03,0.0,0.18,0.0,0.0,0.0,0.0,0.0,0,0,0
1756702248,1006,-0.02,0.0,0.25,0.0,0.0,0.0,0.0,0.0,0,0,0
1756702248,1007,0.0,0.0,0.21,0.0,0.0,0.0,0.0,0.0,0,0,0
1756702248,1008,0.0,0.0,0.21,0.0,0.0,0.0,0.0,0.0,0,0,0
1756702248,1009,0.0,0.0,0.25,0.0,0.0,0.0,0.0,0.0,0,0,0
1756702248,1010,-0.03,0.0,0.18,0.0,0.0,0.0,0.0,0.0,0,0,0
1756702248,1011,-0.07,0.0,0.25,0.0,0.0,0.0,0.0,0.0,0,0,0
1756702248,1012,0.0,0.0,0.34,0.0,0.0,0.0,0.0,0.0,0,0,0
1756702248,1013,0.0,0.0,0.25,0.0,0.0,0.0,0.0,0.0,0,0,0
1756702248,1014,0.0,0.0,0.21,0.0,0.0,0.0,0.0,0.0,0,0,0
1756702248,1015,-0.01,0.0,0.25,0.0,0.0,0.0,0.0,0.0,0,0,0
1756702248,1016,-0.02,0.0,0.2,0.0,0.0,0.0,0.0,0.0,0,0,0
1756702248,1017,-0.03,0.0,0.2,0.0,0.0,0.0,0.0,0.0,0,0,0
1756702248,1018,-0.11,0.0,0.15,0.0,0.0,0.0,0.0,0.0,0,0,0
1756702248,1019,-0.03,0.0,0.1,0.0,0.0,0.0,0.0,0.0,0,0,0
1756702248,1020,-0.09,0.0,0.07,0.0,0.0,0.0,0.0,0.0,0,0,0
1756702248,1021,0.01,0.0,0.07,0.0,0.0,0.0,0.0,0.0,0,0,0
1756702248,1022,-0.07,0.0,0.05,0.0,0.0,0.0,0.0,0.0,0,0,0
1756702248,1023,-0.01,0.0,0.05,0.0,0.0,0.0,0.0,0.0,0,0,0
1756702248,1024,0.0,0.0,0.03,0.0,0.0,0.0,0.0,0.0,0,0,0
1756702248,1025,0.0,0.0,0.07,0.0,0.0,0.0,0.0,0.0,0,0,0
1756702248,1026,-0.07,0.0,0.05,0.0,0.0,0.0,0.0,0.0,0,0,0
1756702248,1027,0.02,0.0,0.03,0.0,0.0,0.0,0.0,0.0,0,0,0
1756702248,1028,0.0,0.0,0.1,0.0,0.0,0.0,0.0,0.0,0,0,0
1756702248,1029,-0.01,0.0,0.05,0.0,0.0,0.0,0.0,0.0,0,0,0
1756702248,1030,0.01,0.0,0.0,0.0,0.0,0.0,0.0,0.0,0,0,0
1756702248,1031,-0.01,0.0,0.01,0.0,0.0,0.0,0.0,0.0,0,0,0
1756702248,1032,0.0,0.0,0.02,0.0,0.0,0.0,0.0,0.0,0,0,0
1756702248,1033,0.0,0.0,-0.01,0.0,0.0,0.0,0.0,0.0,0,0,0
1756702248,1034,0.0,0.0,-0.05,0.0,0.0,0.0,0.0,0.0,0,0,0
1756702248,1035,-0.01,0.0,-0.01,0.0,0.0,0.0,0.0,0.0,0,0,0
1756702248,1036,0.01,0.0,0.02,0.0,0.0,0.0,0.0,0.0,0,0,0
1756702248,1037,0.0,0.0,0.02,0.0,0.0,0.0,0.0,0.0,0,0,0
1756702248,1038,0.0,0.0,0.01,0.0,0.0,0.0,0.0,0.0,0,0,0
1756702248,1039,-0.03,0.0,0.05,0.0,0.0,0.0,0.0,0.0,0,0,0
1756702248,1040,-0.02,0.0,0.02,0.0,0.0,0.0,0.0,0.0,0,0,0
1756702248,1041,-0.01,0.0,0.0,0.0,0.0,0.0,0.0,0.0,0,0,0
1756702248,1042,0.1,0.0,0.0,0.0,0.0,0.0,0.0,0.0,0,0,0
1756702248,1043,0.0,0.0,0.07,0.0,0.0,0.0,0.0,0.0,0,0,0
1756702248,1044,0.0,0.0,0.03,0.0,0.0,0.0,0.0,0.0,0,0,0
1756702248,1045,0.0,0.0,0.0,0.0,0.0,0.0,0.0,0.0,0,0,0
1756702248,1046,0.0,0.0,-0.02,0.0,0.0,0.0,0.0,0.0,0,0,0
1756702248,1047,0.0,0.0,0.0,0.0,0.0,0.0,0.0,0.0,0,0,0
1756702248,1048,-0.02,0.0,0.0,0.0,0.0,0.0,0.0,0.0,0,0,0
1756702249,1049,-0.05,0.0,0.0,0.0,0.0,0.0,0.0,0.0,0,0,0
1756702249,1050,0.07,0.0,0.0,0.0,0.0,0.0,0.0,0.0,0,0,0
1756702249,1051,0.0,0.0,-0.05,0.0,0.0,0.0,0.0,0.0,0,0,0
1756702249,1052,-0.05,0.0,0.0,0.0,0.0,0.0,0.0,0.0,0,0,0
1756702249,1053,0.0,0.0,0.02,0.0,0.0,0.0,0.0,0.0,0,0,0
1756702249,1054,0.01,0.0,-0.02,0.0,0.0,0.0,0.0,0.0,0,0,0
1756702249,1055,-0.01,0.0,0.0,0.0,0.0,0.0,0.0,0.0,0,0,0
1756702249,1056,0.01,0.0,0.02,0.0,0.0,0.0,0.0,0.0,0,0,0
1756702249,1057,0.0,0.0,0.0,0.0,0.0,0.0,0.0,0.0,0,0,0
1756702249,1058,0.0,0.0,0.0,0.0,0.0,0.0,0.0,0.0,0,0,0
1756702249,1059,0.03,0.0,0.0,0.0,0.0,0.0,0.0,0.0,0,0,0
1756702249,1060,0.05,0.0,0.0,0.0,0.0,0.0,0.0,0.0,0,0,0
1756702249,1061,-0.05,0.0,0.0,0.0,0.0,0.0,0.0,0.0,0,0,0
1756702249,1062,0.0,0.0,0.05,0.0,0.0,0.0,0.0,0.0,0,0,0
1756702249,1063,-0.03,0.0,0.0,0.0,0.0,0.0,0.0,0.0,0,0,0
1756702249,1064,0.01,0.0,0.0,0.0,0.0,0.0,0.0,0.0,0,0,0
1756702249,1065,0.0,0.0,0.03,0.0,0.0,0.0,0.0,0.0,0,0,0
1756702249,1066,0.0,0.0,-0.05,0.0,0.0,0.0,0.0,0.0,0,0,0
1756702249,1067,0.0,0.0,0.0,0.0,0.0,0.0,0.0,0.0,0,0,0
1756702249,1068,0.0,0.0,0.0,0.0,0.0,0.0,0.0,0.0,0,0,0
1756702249,1069,0.01,0.0,0.01,0.0,0.0,0.0,0.0,0.0,0,0,0
1756702249,1070,-0.02,0.0,0.02,0.0,0.0,0.0,0.0,0.0,0,0,0
1756702249,1071,-0.02,0.0,0.0,0.0,0.0,0.0,0.0,0.0,0,0,0
1756702249,1072,-0.02,0.0,-0.03,0.0,0.0,0.0,0.0,0.0,0,0,0
1756702249,1073,0.0,0.0,0.0,0.0,0.0,0.0,0.0,0.0,0,0,0
1756702249,1074,-0.03,0.0,0.07,0.0,0.0,0.0,0.0,0.0,0,0,0
1756702249,1075,0.05,0.0,-0.02,0.0,0.0,0.0,0.0,0.0,0,0,0
1756702249,1076,0.0,0.0,-0.02,0.0,0.0,0.0,0.0,0.0,0,0,0
1756702249,1077,-0.01,0.0,0.0,0.0,0.0,0.0,0.0,0.0,0,0,0
1756702249,1078,0.0,0.0,0.0,0.0,0.0,0.0,0.0,0.0,0,0,0
1756702249,1079,-0.03,0.0,-0.01,0.0,0.0,0.0,0.0,0.0,0,0,0
1756702249,1080,0.0,0.0,0.01,0.0,0.0,0.0,0.0,0.0,0,0,0
1756702249,1081,0.0,0.0,0.0,0.0,0.0,0.0,0.0,0.0,0,0,0
1756702249,1082,0.0,0.0,-0.01,0.0,0.0,0.0,0.0,0.0,0,0,0
1756702249,1083,0.0,0.0,0.0,0.0,0.0,0.0,0.0,0.0,0,0,0
1756702249,1084,0.0,0.0,0.0,0.0,0.0,0.0,0.0,0.0,0,0,0
1756702249,1085,-0.01,0.0,-0.01,0.0,0.0,0.0,0.0,0.0,0,0,0
1756702249,1086,0.03,0.0,0.0,0.0,0.0,0.0,0.0,0.0,0,0,0
1756702249,1087,0.0,0.0,-0.02,0.0,0.0,0.0,0.0,0.0,0,0,0
1756702249,1088,0.0,0.0,-0.03,0.0,0.0,0.0,0.0,0.0,0,0,0
1756702249,1089,-0.01,0.0,0.05,0.0,0.0,0.0,0.0,0.0,0,0,0
1756702249,1090,0.03,0.0,0.0,0.0,0.0,0.0,0.0,0.0,0,0,0
1756702249,1091,-0.02,0.0,0.0,0.0,0.0,0.0,0.0,0.0,0,0,0
1756702249,1092,0.0,0.0,-0.01,0.0,0.0,0.0,0.0,0.0,0,0,0
1756702249,1093,-0.02,0.0,0.0,0.0,0.0,0.0,0.0,0.0,0,0,0
1756702249,1094,-0.1,0.0,-0.01,0.0,0.0,0.0,0.0,0.0,0,0,0
1756702249,1095,0.0,0.0,0.0,0.0,0.0,0.0,0.0,0.0,0,0,0
1756702249,1096,0.0,0.0,0.1,0.0,0.0,0.0,0.0,0.0,0,0,0
1756702249,1097,0.0,0.0,0.03,0.0,0.0,0.0,0.0,0.0,0,0,0
1756702249,1098,0.0,0.0,0.0,0.0,0.0,0.0,0.0,0.0,0,0,0
1756702249,1099,-0.03,0.0,-0.01,0.0,0.0,0.0,0.0,0.0,0,0,0
1756702249,1100,-0.02,0.0,-0.02,0.0,0.0,0.0,0.0,0.0,0,0,0
1756702249,1101,0.0,0.0,-0.05,0.0,0.0,0.0,0.0,0.0,0,0,0
1756702249,1102,0.03,0.0,0.0,0.0,0.0,0.0,0.0,0.0,0,0,0
1756702249,1103,0.0,0.0,0.0,0.0,0.0,0.0,0.0,0.0,0,0,0
1756702249,1104,-0.02,0.0,0.07,0.0,0.0,0.0,0.0,0.0,0,0,0
1756702249,1105,0.0,0.0,-0.01,0.0,0.0,0.0,0.0,0.0,0,0,0
1756702249,1106,-0.03,0.0,-0.01,0.0,0.0,0.0,0.0,0.0,0,0,0
1756702249,1107,0.0,0.0,-0.07,0.0,0.0,0.0,0.0,0.0,0,0,0
1756702249,1108,0.15,0.0,0.0,0.0,0.0,0.0,0.0,0.0,0,0,0
1756702249,1109,0.0,0.0,0.0,0.0,0.0,0.0,0.0,0.0,0,0,0
1756702249,1110,0.0,0.0,-0.02,0.0,0.0,0.0,0.0,0.0,0,0,0
1756702249,1111,0.0,0.0,0.0,0.0,0.0,0.0,0.0,0.0,0,0,0
1756702249,1112,-0.01,0.0,-0.01,0.0,0.0,0.0,0.0,0.0,0,0,0
1756702249,1113,-0.03,0.0,-0.11,0.0,0.0,0.0,0.0,0.0,0,0,0
1756702249,1114,-0.03,0.0,0.0,0.0,0.0,0.0,0.0,0.0,0,0,0
1756702249,1115,-0.02,0.0,0.0,0.0,0.0,0.0,0.0,0.0,0,0,0
1756702249,1116,-0.05,0.0,-0.05,0.0,0.0,0.0,0.0,0.0,0,0,0
1756702249,1117,-0.02,0.0,-0.02,0.0,0.0,0.0,0.0,0.0,0,0,0
1756702250,1118,0.0,0.0,-0.01,0.0,0.0,0.0,0.0,0.0,0,0,0
1756702250,1119,0.07,0.0,-0.03,0.0,0.0,0.0,0.0,0.0,0,0,0
1756702250,1120,-0.03,0.0,0.0,0.0,0.0,0.0,0.0,0.0,0,0,0
1756702250,1121,0.02,0.0,0.0,0.0,0.0,0.0,0.0,0.0,0,0,0
1756702250,1122,0.0,0.0,0.0,0.0,0.0,0.0,0.0,0.0,0,0,0
1756702250,1123,0.0,0.0,0.0,0.0,0.0,0.0,0.0,0.0,0,0,0
1756702250,1124,0.0,0.0,0.05,0.0,0.0,0.0,0.0,0.0,0,0,0
1756702250,1125,-0.07,0.0,0.0,0.0,0.0,0.0,0.0,0.0,0,0,0
1756702250,1126,0.0,0.0,0.05,0.0,0.0,0.0,0.0,0.0,0,0,0
1756702250,1127,0.02,0.0,0.0,0.0,0.0,0.0,0.0,0.0,0,0,0
1756702250,1128,-0.03,0.0,0.01,0.0,0.0,0.0,0.0,0.0,0,0,0
1756702250,1129,0.0,0.0,-0.05,0.0,0.0,0.0,0.0,0.0,0,0,0
1756702250,1130,0.0,0.0,0.0,0.0,0.0,0.0,0.0,0.0,0,0,0
1756702250,1131,0.03,0.0,0.0,0.0,0.0,0.0,0.0,0.0,0,0,0
1756702250,1132,0.0,0.0,0.01,0.0,0.0,0.0,0.0,0.0,0,0,0
1756702250,1133,0.0,0.0,0.0,0.0,0.0,0.0,0.0,0.0,0,0,0
1756702250,1134,0.0,0.0,0.0,0.0,0.0,0.0,0.0,0.0,0,0,0
1756702250,1135,0.01,0.0,-0.01,0.0,0.0,0.0,0.0,0.0,0,0,0
1756702250,1136,0.0,0.0,0.0,0.0,0.0,0.0,0.0,0.0,0,0,0
1756702250,1137,-0.02,0.0,0.01,0.0,0.0,0.0,0.0,0.0,0,0,0
1756702250,1138,0.0,0.0,0.0,0.0,0.0,0.0,0.0,0.0,0,0,0
1756702250,1139,-0.01,0.0,0.0,0.0,0.0,0.0,0.0,0.0,0,0,0
1756702250,1140,-0.03,0.0,0.0,0.0,0.0,0.0,0.0,0.0,0,0,0
1756702250,1141,0.0,0.0,0.0,0.0,0.0,0.0,0.0,0.0,0,0,0
1756702250,1142,0.05,0.0,0.0,0.0,0.0,0.0,0.0,0.0,0,0,0
1756702250,1143,0.02,0.0,0.0,0.0,0.0,0.0,0.0,0.0,0,0,0
1756702250,1144,0.0,0.0,0.01,0.0,0.0,0.0,0.0,0.0,0,0,0
1756702250,1145,-0.03,0.0,0.0,0.0,0.0,0.0,0.0,0.0,0,0,0
1756702250,1146,-0.03,0.0,-0.05,0.0,0.0,0.0,0.0,0.0,0,0,0
1756702250,1147,-0.02,0.0,0.0,0.0,0.0,0.0,0.0,0.0,0,0,0
1756702250,1148,-0.07,0.0,0.05,0.0,0.0,0.0,0.0,0.0,0,0,0
1756702250,1149,0.0,0.0,-0.02,0.0,0.0,0.0,0.0,0.0,0,0,0
1756702250,1150,0.03,0.0,0.0,0.0,0.0,0.0,0.0,0.0,0,0,0
1756702250,1151,-0.01,0.0,-0.01,0.0,0.0,0.0,0.0,0.0,0,0,0
1756702250,1152,-0.01,0.0,-0.01,0.0,0.0,0.0,0.0,0.0,0,0,0
1756702250,1153,-0.02,0.0,0.0,0.0,0.0,0.0,0.0,0.0,0,0,0
1756702250,1154,0.0,0.0,0.0,0.0,0.0,0.0,0.0,0.0,0,0,0
1756702250,1155,0.0,0.0,0.03,0.0,0.0,0.0,0.0,0.0,0,0,0
1756702250,1156,0.01,0.0,0.01,0.0,0.0,0.0,0.0,0.0,0,0,0
1756702250,1157,0.0,0.0,0.0,0.0,0.0,0.0,0.0,0.0,0,0,0
1756702250,1158,-0.01,0.0,-0.05,0.0,0.0,0.0,0.0,0.0,0,0,0
1756702250,1159,0.0,0.0,0.0,0.0,0.0,0.0,0.0,0.0,0,0,0
1756702250,1160,0.0,0.0,-0.1,0.0,0.0,0.0,0.0,0.0,0,0,0
1756702250,1161,0.01,0.0,0.0,0.0,0.0,0.0,0.0,0.0,0,0,0
1756702250,1162,0.0,0.0,-0.03,0.0,0.0,0.0,0.0,0.0,0,0,0
1756702250,1163,-0.01,0.0,0.0,0.0,0.0,0.0,0.0,0.0,0,0,0
1756702250,1164,0.01,0.0,0.0,0.0,0.0,0.0,0.0,0.0,0,0,0
1756702250,1165,0.0,0.0,0.0,0.0,0.0,0.0,0.0,0.0,0,0,0
1756702250,1166,-0.02,0.0,0.0,0.0,0.0,0.0,0.0,0.0,0,0,0
1756702250,1167,0.03,0.0,0.0,0.0,0.0,0.0,0.0,0.0,0,0,0
1756702250,1168,0.01,0.0,-0.02,0.0,0.0,0.0,0.0,0.0,0,0,0
1756702250,1169,0.0,0.0,0.0,0.0,0.0,0.0,0.0,0.0,0,0,0
1756702250,1170,0.0,0.0,-0.02,0.0,0.0,0.0,0.0,0.0,0,0,0
1756702250,1171,0.01,0.0,0.0,0.0,0.0,0.0,0.0,0.0,0,0,0
1756702250,1172,-0.09,0.0,-0.01,0.0,0.0,0.0,0.0,0.0,0,0,0
1756702250,1173,0.0,0.0,0.0,0.0,0.0,0.0,0.0,0.0,0,0,0
1756702250,1174,0.0,0.0,0.0,0.0,0.0,0.0,0.0,0.0,0,0,0
1756702250,1175,0.03,0.0,-0.02,0.0,0.0,0.0,0.0,0.0,0,0,0
1756702250,1176,0.07,0.0,0.0,0.0,0.0,0.0,0.0,0.0,0,0,0
1756702250,1177,0.03,0.0,0.0,0.0,0.0,0.0,0.0,0.0,0,0,0
1756702250,1178,0.0,0.0,0.0,0.0,0.0,0.0,0.0,0.0,0,0,0
1756702250,1179,0.0,0.0,-0.03,0.0,0.0,0.0,0.0,0.0,0,0,0
1756702250,1180,0.0,0.0,0.0,0.0,0.0,0.0,0.0,0.0,0,0,0
1756702250,1181,0.0,0.0,-0.02,0.0,0.0,0.0,0.0,0.0,0,0,0
1756702250,1182,0.01,0.0,-0.02,0.0,0.0,0.0,0.0,0.0,0,0,0
1756702250,1183,0.0,0.0,-0.02,0.0,0.0,0.0,0.0,0.0,0,0,0
1756702251,1184,0.0,0.0,-0.07,0.0,0.0,0.0,0.0,0.0,0,0,0
1756702251,1185,-0.1,0.0,-0.05,0.0,0.0,0.0,0.0,0.0,0,0,0
1756702251,1186,0.0,0.0,0.0,0.0,0.0,0.0,0.0,0.0,0,0,0
1756702251,1187,0.0,0.0,0.0,0.0,0.0,0.0,0.0,0.0,0,0,0
1756702251,1188,0.0,0.0,0.01,0.0,0.0,0.0,0.0,0.0,0,0,0
1756702251,1189,0.0,0.0,0.0,0.0,0.0,0.0,0.0,0.0,0,0,0
1756702251,1190,0.0,0.0,-0.01,0.0,0.0,0.0,0.0,0.0,0,0,0
1756702251,1191,-0.01,0.0,-0.05,0.0,0.0,0.0,0.0,0.0,0,0,0
1756702251,1192,-0.01,0.0,0.0,0.0,0.0,0.0,0.0,0.0,0,0,0
1756702251,1193,-0.01,0.0,-0.01,0.0,0.0,0.0,0.0,0.0,0,0,0
1756702251,1194,0.0,0.0,-0.03,0.0,0.0,0.0,0.0,0.0,0,0,0
1756702251,1195,0.0,0.0,0.0,0.0,0.0,0.0,0.0,0.0,0,0,0
1756702251,1196,0.0,0.0,0.03,0.0,0.0,0.0,0.0,0.0,0,0,0
1756702251,1197,0.02,0.0,0.0,0.0,0.0,0.0,0.0,0.0,0,0,0
1756702251,1198,0.0,0.0,-0.03,0.0,0.0,0.0,0.0,0.0,0,0,0
1756702251,1199,0.0,0.0,-0.05,0.0,0.0,0.0,0.0,0.0,0,0,0
1756702251,1200,0.0,0.0,0.0,0.0,0.0,0.0,0.0,0.0,0,0,0
1756702251,1201,-0.03,0.0,-0.02,0.0,0.0,0.0,0.0,0.0,0,0,0
1756702251,1202,0.0,0.0,0.0,0.0,0.0,0.0,0.0,0.0,0,0,0
1756702251,1203,0.0,0.0,0.0,0.0,0.0,0.0,0.0,0.0,0,0,0
1756702251,1204,0.05,0.0,-0.01,0.0,0.0,0.0,0.0,0.0,0,0,0
1756702251,1205,0.0,0.0,0.0,0.0,0.0,0.0,0.0,0.0,0,0,0
1756702251,1206,0.0,0.0,0.0,0.0,0.0,0.0,0.0,0.0,0,0,0
1756702251,1207,0.0,0.0,-0.01,0.0,0.0,0.0,0.0,0.0,0,0,0
1756702251,1208,0.0,0.0,-0.01,0.0,0.0,0.0,0.0,0.0,0,0,0
1756702251,1209,0.0,0.0,-0.03,0.0,0.0,0.0,0.0,0.0,0,0,0
1756702251,1210,-0.09,0.0,0.02,0.0,0.0,0.0,0.0,0.0,0,0,0
1756702251,1211,0.01,0.0,0.0,0.0,0.0,0.0,0.0,0.0,0,0,0
1756702251,1212,0.03,0.0,-0.01,0.0,0.0,0.0,0.0,0.0,0,0,0
1756702251,1213,0.0,0.0,0.0,0.0,0.0,0.0,0.0,0.0,0,0,0
1756702251,1214,0.01,0.0,-0.02,0.0,0.0,0.0,0.0,0.0,0,0,0
1756702251,1215,-0.09,0.0,0.01,0.0,0.0,0.0,0.0,0.0,0,0,0
1756702251,1216,0.0,0.0,-0.05,0.0,0.0,0.0,0.0,0.0,0,0,0
1756702251,1217,0.0,0.0,0.0,0.0,0.0,0.0,0.0,0.0,0,0,0
1756702251,1218,0.03,0.0,-0.02,0.0,0.0,0.0,0.0,0.0,0,0,0
1756702251,1219,-0.1,0.0,0.0,0.0,0.0,0.0,0.0,0.0,0,0,0
1756702251,1220,0.05,0.0,0.0,0.0,0.0,0.0,0.0,0.0,0,0,0
1756702251,1221,0.0,0.0,0.0,0.0,0.0,0.0,0.0,0.0,0,0,0
1756702251,1222,0.0,0.0,0.05,0.0,0.0,0.0,0.0,0.0,0,0,0
1756702251,1223,0.0,0.0,0.0,0.0,0.0,0.0,0.0,0.0,0,0,0
1756702251,1224,-0.01,0.0,-0.02,0.0,0.0,0.0,0.0,0.0,0,0,0
1756702251,1225,0.0,0.0,0.0,0.0,0.0,0.0,0.0,0.0,0,0,0
1756702251,1226,0.0,0.0,0.0,0.0,0.0,0.0,0.0,0.0,0,0,0
1756702251,1227,0.0,0.0,0.0,0.0,0.0,0.0,0.0,0.0,0,0,0
1756702251,1228,0.0,0.0,0.0,0.0,0.0,0.0,0.0,0.0,0,0,0
1756702251,1229,0.0,0.0,0.0,0.0,0.0,0.0,0.0,0.0,0,0,0
1756702251,1230,0.02,0.0,0.01,0.0,0.0,0.0,0.0,0.0,0,0,0
1756702251,1231,-0.01,0.0,-0.02,0.0,0.0,0.0,0.0,0.0,0,0,0
1756702251,1232,0.01,0.0,0.0,0.0,0.0,0.0,0.0,0.0,0,0,0
1756702251,1233,0.0,0.0,0.0,0.0,0.0,0.0,0.0,0.0,0,0,0
1756702251,1234,0.0,0.0,-0.05,0.0,0.0,0.0,0.0,0.0,0,0,0
1756702251,1235,0.0,0.0,0.0,0.0,0.0,0.0,0.0,0.0,0,0,0
1756702251,1236,0.01,0.0,0.0,0.0,0.0,0.0,0.0,0.0,0,0,0
1756702251,1237,0.02,0.0,0.05,0.0,0.0,0.0,0.0,0.0,0,0,0
1756702251,1238,0.01,0.0,-0.02,0.0,0.0,0.0,0.0,0.0,0,0,0
1756702251,1239,-0.05,0.0,0.01,0.0,0.0,0.0,0.0,0.0,0,0,0
1756702251,1240,0.0,0.0,0.05,0.0,0.0,0.0,0.0,0.0,0,0,0
1756702251,1241,0.03,0.0,-0.05,0.0,0.0,0.0,0.0,0.0,0,0,0
1756702251,1242,0.01,0.0,0.0,0.0,0.0,0.0,0.0,0.0,0,0,0
1756702251,1243,0.0,0.0,0.0,0.0,0.0,0.0,0.0,0.0,0,0,0
1756702251,1244,0.0,0.0,0.0,0.0,0.0,0.0,0.0,0.0,0,0,0
1756702251,1245,0.0,0.0,0.0,0.0,0.0,0.0,0.0,0.0,0,0,0
1756702251,1246,0.0,0.0,0.0,0.0,0.0,0.0,0.0,0.0,0,0,0
1756702251,1247,0.0,0.0,0.0,0.0,0.0,0.0,0.0,0.0,0,0,0
1756702251,1248,0.0,0.0,0.0,0.0,0.0,0.0,0.0,0.0,0,0,0
1756702251,1249,0.0,0.0,0.0,0.0,0.0,0.0,0.0,0.0,0,0,0
1756702252,1250,0.02,0.0,0.01,0.0,0.0,0.0,0.0,0.0,0,0,0
1756702252,1251,0.0,0.0,-0.01,0.0,0.0,0.0,0.0,0.0,0,0,0
1756702252,1252,-0.01,0.0,0.02,0.0,0.0,0.0,0.0,0.0,0,0,0
1756702252,1253,-0.01,0.0,-0.03,0.0,0.0,0.0,0.0,0.0,0,0,0
1756702252,1254,0.03,0.0,0.0,0.0,0.0,0.0,0.0,0.0,0,0,0
1756702252,1255,0.01,0.0,0.0,0.0,0.0,0.0,0.0,0.0,0,0,0
1756702252,1256,0.03,0.0,0.0,0.0,0.0,0.0,0.0,0.0,0,0,0
1756702252,1257,0.0,0.0,0.0,0.0,0.0,0.0,0.0,0.0,0,0,0
1756702252,1258,-0.01,0.0,0.0,0.0,0.0,0.0,0.0,0.0,0,0,0
1756702252,1259,0.0,0.0,0.05,0.0,0.0,0.0,0.0,0.0,0,0,0
1756702252,1260,0.0,0.0,0.0,0.0,0.0,0.0,0.0,0.0,0,0,0
1756702252,1261,0.0,0.0,0.0,0.0,0.0,0.0,0.0,0.0,0,0,0
1756702252,1262,-0.01,0.0,-0.01,0.0,0.0,0.0,0.0,0.0,0,0,0
1756702252,1263,0.0,0.0,0.0,0.0,0.0,0.0,0.0,0.0,0,0,0
1756702252,1264,0.0,0.0,0.0,0.0,0.0,0.0,0.0,0.0,0,0,0
1756702252,1265,-0.05,0.0,0.0,0.0,0.0,0.0,0.0,0.0,0,0,0
1756702252,1266,0.0,0.0,-0.03,0.0,0.0,0.0,0.0,0.0,0,0,0
1756702252,1267,0.03,0.0,0.0,0.0,0.0,0.0,0.0,0.0,0,0,0
1756702252,1268,0.0,0.0,-0.07,0.0,0.0,0.0,0.0,0.0,0,0,0
1756702252,1269,0.0,0.0,0.0,0.0,0.0,0.0,0.0,0.0,0,0,0
1756702252,1270,-0.01,0.0,0.0,0.0,0.0,0.0,0.0,0.0,0,0,0
1756702252,1271,0.02,0.0,0.0,0.0,0.0,0.0,0.0,0.0,0,0,0
1756702252,1272,-0.01,0.0,0.0,0.0,0.0,0.0,0.0,0.0,0,0,0
1756702252,1273,-0.02,0.0,0.01,0.0,0.0,0.0,0.0,0.0,0,0,0
1756702252,1274,0.11,0.0,0.01,0.0,0.0,0.0,0.0,0.0,0,0,0
1756702252,1275,0.02,0.0,-0.02,0.0,0.0,0.0,0.0,0.0,0,0,0
1756702252,1276,-0.02,0.0,-0.01,0.0,0.0,0.0,0.0,0.0,0,0,0
1756702252,1277,0.1,0.0,0.0,0.0,0.0,0.0,0.0,0.0,0,0,0
1756702252,1278,0.0,0.0,-0.02,0.0,0.0,0.0,0.0,0.0,0,0,0
1756702252,1279,-0.03,0.0,-0.02,0.0,0.0,0.0,0.0,0.0,0,0,0
1756702252,1280,0.0,0.0,0.0,0.0,0.0,0.0,0.0,0.0,0,0,0
1756702252,1281,0.0,0.0,0.0,0.0,0.0,0.0,0.0,0.0,0,0,0
1756702252,1282,-0.05,0.0,0.0,0.0,0.0,0.0,0.0,0.0,0,0,0
1756702252,1283,-0.01,0.0,0.01,0.0,0.0,0.0,0.0,0.0,0,0,0
1756702252,1284,0.0,0.0,-0.02,0.0,0.0,0.0,0.0,0.0,0,0,0
1756702252,1285,-0.01,0.0,0.03,0.0,0.0,0.0,0.0,0.0,0,0,0
1756702252,1286,0.0,0.0,-0.05,0.0,0.0,0.0,0.0,0.0,0,0,0
1756702252,1287,0.0,0.0,0.0,0.0,0.0,0.0,0.0,0.0,0,0,0
1756702252,1288,-0.03,0.0,0.0,0.0,0.0,0.0,0.0,0.0,0,0,0
1756702252,1289,-0.17,0.0,0.05,0.0,0.0,0.0,0.0,0.0,0,0,0
1756702252,1290,0.0,0.0,0.0,0.0,0.0,0.0,0.0,0.0,0,0,0
1756702252,1291,0.02,0.0,-0.02,0.0,0.0,0.0,0.0,0.0,0,0,0
1756702252,1292,0.03,0.0,0.0,0.0,0.0,0.0,0.0,0.0,0,0,0
1756702252,1293,0.01,0.0,0.0,0.0,0.0,0.0,0.0,0.0,0,0,0
1756702252,1294,0.02,0.0,0.0,0.0,0.0,0.0,0.0,0.0,0,0,0
1756702252,1295,0.0,0.0,0.0,0.0,0.0,0.0,0.0,0.0,0,0,0
1756702252,1296,0.05,0.0,-0.01,0.0,0.0,0.0,0.0,0.0,0,0,0
1756702252,1297,0.0,0.0,-0.02,0.0,0.0,0.0,0.0,0.0,0,0,0
1756702252,1298,0.0,0.0,0.0,0.0,0.0,0.0,0.0,0.0,0,0,0
1756702252,1299,0.02,0.0,0.0,0.0,0.0,0.0,0.0,0.0,0,0,0
1756702252,1300,0.0,0.0,-0.01,0.0,0.0,0.0,0.0,0.0,0,0,0
1756702252,1301,0.0,0.0,0.01,0.0,0.0,0.0,0.0,0.0,0,0,0
1756702252,1302,0.03,0.0,0.0,0.0,0.0,0.0,0.0,0.0,0,0,0
1756702252,1303,0.0,0.0,-0.01,0.0,0.0,0.0,0.0,0.0,0,0,0
1756702252,1304,0.0,0.0,0.03,0.0,0.0,0.0,0.0,0.0,0,0,0
1756702252,1305,0.0,0.0,0.0,0.0,0.0,0.0,0.0,0.0,0,0,0
1756702252,1306,0.0,0.0,0.0,0.0,0.0,0.0,0.0,0.0,0,0,0
1756702252,1307,0.0,0.0,-0.02,0.0,0.0,0.0,0.0,0.0,0,0,0
1756702252,1308,0.02,0.0,0.0,0.0,0.0,0.0,0.0,0.0,0,0,0
1756702252,1309,0.03,0.0,0.0,0.0,0.0,0.0,0.0,0.0,0,0,0
1756702252,1310,0.0,0.0,-0.01,0.0,0.0,0.0,0.0,0.0,0,0,0
1756702252,1311,0.0,0.0,-0.01,0.0,0.0,0.0,0.0,0.0,0,0,0
1756702252,1312,0.0,0.0,0.0,0.0,0.0,0.0,0.0,0.0,0,0,0
1756702252,1313,0.0,0.0,0.0,0.0,0.0,0.0,0.0,0.0,0,0,0
1756702252,1314,-0.05,0.0,-0.02,0.0,0.0,0.0,0.0,0.0,0,0,0
1756702253,1315,0.0,0.0,0.05,0.0,0.0,0.0,0.0,0.0,0,0,0
1756702253,1316,0.02,0.0,0.0,0.0,0.0,0.0,0.0,0.0,0,0,0
1756702253,1317,0.03,0.0,-0.02,0.0,0.0,0.0,0.0,0.0,0,0,0
1756702253,1318,-0.01,0.0,0.0,0.0,0.0,0.0,0.0,0.0,0,0,0
1756702253,1319,0.01,0.0,0.01,0.0,0.0,0.0,0.0,0.0,0,0,0
1756702253,1320,-0.02,0.0,0.05,0.0,0.0,0.0,0.0,0.0,0,0,0
1756702253,1321,0.02,0.0,0.0,0.0,0.0,0.0,0.0,0.0,0,0,0
1756702253,1322,0.0,0.0,0.0,0.0,0.0,0.0,0.0,0.0,0,0,0
1756702253,1323,0.03,0.0,0.0,0.0,0.0,0.0,0.0,0.0,0,0,0
1756702253,1324,0.0,0.0,-0.02,0.0,0.0,0.0,0.0,0.0,0,0,0
1756702253,1325,0.0,0.0,0.01,0.0,0.0,0.0,0.0,0.0,0,0,0
1756702253,1326,0.0,0.0,-0.01,0.0,0.0,0.0,0.0,0.0,0,0,0
1756702253,1327,0.0,0.0,0.0,0.0,0.0,0.0,0.0,0.0,0,0,0
1756702253,1328,0.03,0.0,0.0,0.0,0.0,0.0,0.0,0.0,0,0,0
1756702253,1329,0.03,0.0,0.05,0.0,0.0,0.0,0.0,0.0,0,0,0
1756702253,1330,-0.03,0.0,0.0,0.0,0.0,0.0,0.0,0.0,0,0,0
1756702253,1331,0.02,0.0,-0.01,0.0,0.0,0.0,0.0,0.0,0,0,0
1756702253,1332,0.0,0.0,-0.01,0.0,0.0,0.0,0.0,0.0,0,0,0
1756702253,1333,0.0,0.0,-0.02,0.0,0.0,0.0,0.0,0.0,0,0,0
1756702253,1334,-0.01,0.0,0.01,0.0,0.0,0.0,0.0,0.0,0,0,0
1756702253,1335,-0.01,0.0,0.07,0.0,0.0,0.0,0.0,0.0,0,0,0
1756702253,1336,0.0,0.0,-0.05,0.0,0.0,0.0,0.0,0.0,0,0,0
1756702253,1337,-0.05,0.0,-0.07,0.0,0.0,0.0,0.0,0.0,0,0,0
1756702253,1338,-0.11,0.0,0.0,0.0,0.0,0.0,0.0,0.0,0,0,0
1756702253,1339,0.05,0.0,0.0,0.0,0.0,0.0,0.0,0.0,0,0,0
1756702253,1340,0.0,0.0,0.0,0.0,0.0,0.0,0.0,0.0,0,0,0
1756702253,1341,-0.07,0.0,0.0,0.0,0.0,0.0,0.0,0.0,0,0,0
1756702253,1342,0.03,0.0,0.02,0.0,0.0,0.0,0.0,0.0,0,0,0
1756702253,1343,0.05,0.0,0.01,0.0,0.0,0.0,0.0,0.0,0,0,0
1756702253,1344,-0.03,0.0,0.0,0.0,0.0,0.0,0.0,0.0,0,0,0
1756702253,1345,0.0,0.0,-0.02,0.0,0.0,0.0,0.0,0.0,0,0,0
1756702253,1346,-0.02,0.0,-0.05,0.0,0.0,0.0,0.0,0.0,0,0,0
1756702253,1347,0.03,0.0,0.0,0.0,0.0,0.0,0.0,0.0,0,0,0
1756702253,1348,0.07,0.0,-0.01,0.0,0.0,0.0,0.0,0.0,0,0,0
1756702253,1349,0.02,0.0,-0.02,0.0,0.0,0.0,0.0,0.0,0,0,0
1756702253,1350,0.03,0.0,-0.02,0.0,0.0,0.0,0.0,0.0,0,0,0
1756702253,1351,-0.02,0.0,-0.07,0.0,0.0,0.0,0.0,0.0,0,0,0
1756702253,1352,0.07,0.0,0.0,0.0,0.0,0.0,0.0,0.0,0,0,0
1756702253,1353,0.03,0.0,-0.03,0.0,0.0,0.0,0.0,0.0,0,0,0
1756702253,1354,0.0,0.0,0.0,0.0,0.0,0.0,0.0,0.0,0,0,0
1756702253,1355,0.02,0.0,0.01,0.0,0.0,0.0,0.0,0.0,0,0,0
1756702253,1356,-0.03,0.0,-0.02,0.0,0.0,0.0,0.0,0.0,0,0,0
1756702253,1357,0.03,0.0,0.0,0.0,0.0,0.0,0.0,0.0,0,0,0
1756702253,1358,0.0,0.0,-0.02,0.0,0.0,0.0,0.0,0.0,0,0,0
1756702253,1359,0.01,0.0,0.0,0.0,0.0,0.0,0.0,0.0,0,0,0
1756702253,1360,0.0,0.0,0.0,0.0,0.0,0.0,0.0,0.0,0,0,0
1756702253,1361,0.09,0.0,0.0,0.0,0.0,0.0,0.0,0.0,0,0,0
1756702253,1362,-0.01,0.0,-0.05,0.0,0.0,0.0,0.0,0.0,0,0,0
1756702253,1363,-0.02,0.0,-0.03,0.0,0.0,0.0,0.0,0.0,0,0,0
1756702253,1364,0.05,0.0,-0.09,0.0,0.0,0.0,0.0,0.0,0,0,0
1756702253,1365,0.0,0.0,0.0,0.0,0.0,0.0,0.0,0.0,0,0,0
1756702253,1366,0.02,0.0,0.0,0.0,0.0,0.0,0.0,0.0,0,0,0
1756702253,1367,0.07,0.0,0.0,0.0,0.0,0.0,0.0,0.0,0,0,0
1756702253,1368,-0.02,0.0,-0.01,0.0,0.0,0.0,0.0,0.0,0,0,0
1756702253,1369,0.0,0.0,0.0,0.0,0.0,0.0,0.0,0.0,0,0,0
1756702253,1370,0.0,0.0,0.0,0.0,0.0,0.0,0.0,0.0,0,0,0
1756702253,1371,0.0,0.0,0.0,0.0,0.0,0.0,0.0,0.0,0,0,0
1756702253,1372,0.01,0.0,0.0,0.0,0.0,0.0,0.0,0.0,0,0,0
1756702253,1373,0.0,0.0,-0.05,0.0,0.0,0.0,0.0,0.0,0,0,0
1756702253,1374,0.0,0.0,-0.01,0.0,0.0,0.0,0.0,0.0,0,0,0
1756702253,1375,-0.02,0.0,0.0,0.0,0.0,0.0,0.0,0.0,0,0,0
1756702253,1376,0.01,0.0,-0.05,0.0,0.0,0.0,0.0,0.0,0,0,0
1756702253,1377,0.03,0.0,0.05,0.0,0.0,0.0,0.0,0.0,0,0,0
1756702253,1378,0.02,0.0,-0.01,0.0,0.0,0.0,0.0,0.0,0,0,0
1756702253,1379,0.02,0.0,-0.07,0.0,0.0,0.0,0.0,0.0,0,0,0
1756702253,1380,0.0,0.0,0.0,0.0,0.0,0.0,0.0,0.0,0,0,0
1756702254,1381,-0.01,0.0,0.0,0.0,0.0,0.0,0.0,0.0,0,0,0
1756702254,1382,0.05,0.0,0.0,0.0,0.0,0.0,0.0,0.0,0,0,0
1756702254,1383,0.0,0.0,-0.02,0.0,0.0,0.0,0.0,0.0,0,0,0
1756702254,1384,0.0,0.0,0.0,0.0,0.0,0.0,0.0,0.0,0,0,0
1756702254,1385,-0.01,0.0,0.0,0.0,0.0,0.0,0.0,0.0,0,0,0
1756702254,1386,0.0,0.0,-0.1,0.0,0.0,0.0,0.0,0.0,0,0,0
1756702254,1387,-0.07,0.0,-0.01,0.0,0.0,0.0,0.0,0.0,0,0,0
1756702254,1388,-0.03,0.0,0.0,0.0,0.0,0.0,0.0,0.0,0,0,0
1756702254,1389,0.0,0.0,0.0,0.0,0.0,0.0,0.0,0.0,0,0,0
1756702254,1390,0.07,0.0,-0.01,0.0,0.0,0.0,0.0,0.0,0,0,0
1756702254,1391,0.0,0.0,0.0,0.0,0.0,0.0,0.0,0.0,0,0,0
1756702254,1392,0.03,0.0,0.0,0.0,0.0,0.0,0.0,0.0,0,0,0
1756702254,1393,0.0,0.0,0.0,0.0,0.0,0.0,0.0,0.0,0,0,0
1756702254,1394,0.0,0.0,-0.05,0.0,0.0,0.0,0.0,0.0,0,0,0
1756702254,1395,-0.07,0.0,0.0,0.0,0.0,0.0,0.0,0.0,0,0,0
1756702254,1396,-0.07,0.0,0.0,0.0,0.0,0.0,0.0,0.0,0,0,0
1756702254,1397,0.0,0.0,0.0,0.0,0.0,0.0,0.0,0.0,0,0,0
1756702254,1398,-0.02,0.0,0.0,0.0,0.0,0.0,0.0,0.0,0,0,0
1756702254,1399,0.0,0.0,0.0,0.0,0.0,0.0,0.0,0.0,0,0,0
1756702254,1400,0.05,0.0,0.0,0.0,0.0,0.0,0.0,0.0,0,0,0
1756702254,1401,0.01,0.0,0.02,0.0,0.0,0.0,0.0,0.0,0,0,0
1756702254,1402,0.07,0.0,-0.01,0.0,0.0,0.0,0.0,0.0,0,0,0
1756702254,1403,-0.05,0.0,0.01,0.0,0.0,0.0,0.0,0.0,0,0,0
1756702254,1404,0.0,0.0,-0.02,0.0,0.0,0.0,0.0,0.0,0,0,0
1756702254,1405,0.0,0.0,0.05,0.0,0.0,0.0,0.0,0.0,0,0,0
1756702254,1406,-0.02,0.0,-0.01,0.0,0.0,0.0,0.0,0.0,0,0,0
1756702254,1407,0.0,0.0,0.0,0.0,0.0,0.0,0.0,0.0,0,0,0
1756702254,1408,-0.05,0.0,-0.01,0.0,0.0,0.0,0.0,0.0,0,0,0
1756702254,1409,0.0,0.0,0.0,0.0,0.0,0.0,0.0,0.0,0,0,0
1756702254,1410,0.02,0.0,0.0,0.0,0.0,0.0,0.0,0.0,0,0,0
1756702254,1411,0.02,0.0,0.0,0.0,0.0,0.0,0.0,0.0,0,0,0
1756702254,1412,0.03,0.0,-0.05,0.0,0.0,0.0,0.0,0.0,0,0,0
1756702254,1413,-0.01,0.0,-0.14,0.0,0.0,0.0,0.0,0.0,0,0,0
1756702254,1414,0.0,0.0,0.0,0.0,0.0,0.0,0.0,0.0,0,0,0
1756702254,1415,0.07,0.0,0.09,0.0,0.0,0.0,0.0,0.0,0,0,0
1756702254,1416,0.0,0.0,0.03,0.0,0.0,0.0,0.0,0.0,0,0,0
1756702254,1417,0.05,0.0,-0.01,0.0,0.0,0.0,0.0,0.0,0,0,0
1756702254,1418,-0.07,0.0,0.0,0.0,0.0,0.0,0.0,0.0,0,0,0
1756702254,1419,-0.05,0.0,0.0,0.0,0.0,0.0,0.0,0.0,0,0,0
1756702254,1420,0.2,0.0,-0.1,0.0,0.0,0.0,0.0,0.0,0,0,0
1756702254,1421,-0.09,0.0,-0.03,0.0,0.0,0.0,0.0,0.0,0,0,0
1756702254,1422,0.05,0.0,0.0,0.0,0.0,0.0,0.0,0.0,0,0,0
1756702254,1423,0.1,0.0,-0.01,0.0,0.0,0.0,0.0,0.0,0,0,0
1756702254,1424,0.0,0.0,0.0,0.0,0.0,0.0,0.0,0.0,0,0,0
1756702254,1425,0.0,0.0,-0.01,0.0,0.0,0.0,0.0,0.0,0,0,0
1756702254,1426,0.0,0.0,-0.03,0.0,0.0,0.0,0.0,0.0,0,0,0
1756702254,1427,0.0,0.0,0.0,0.0,0.0,0.0,0.0,0.0,0,0,0
1756702254,1428,0.02,0.0,0.0,0.0,0.0,0.0,0.0,0.0,0,0,0
1756702254,1429,0.0,0.0,-0.01,0.0,0.0,0.0,0.0,0.0,0,0,0
1756702254,1430,-0.05,0.0,-0.01,0.0,0.0,0.0,0.0,0.0,0,0,0
1756702254,1431,0.0,0.0,0.0,0.0,0.0,0.0,0.0,0.0,0,0,0
1756702254,1432,0.01,0.0,-0.02,0.0,0.0,0.0,0.0,0.0,0,0,0
1756702254,1433,0.03,0.0,0.0,0.0,0.0,0.0,0.0,0.0,0,0,0
1756702254,1434,0.0,0.0,0.0,0.0,0.0,0.0,0.0,0.0,0,0,0
1756702254,1435,0.05,0.0,0.0,0.0,0.0,0.0,0.0,0.0,0,0,0
1756702254,1436,0.0,0.0,-0.03,0.0,0.0,0.0,0.0,0.0,0,0,0
1756702254,1437,0.0,0.0,0.0,0.0,0.0,0.0,0.0,0.0,0,0,0
1756702254,1438,-0.01,0.0,0.0,0.0,0.0,0.0,0.0,0.0,0,0,0
1756702254,1439,0.0,0.0,0.0,0.0,0.0,0.0,0.0,0.0,0,0,0
1756702254,1440,-0.05,0.0,0.05,0.0,0.0,0.0,0.0,0.0,0,0,0
1756702254,1441,0.02,0.0,0.02,0.0,0.0,0.0,0.0,0.0,0,0,0
1756702254,1442,0.0,0.0,-0.03,0.0,0.0,0.0,0.0,0.0,0,0,0
1756702254,1443,-0.15,0.0,0.01,0.0,0.0,0.0,0.0,0.0,0,0,0
1756702254,1444,0.02,0.0,-0.03,0.0,0.0,0.0,0.0,0.0,0,0,0
1756702254,1445,0.01,0.0,0.0,0.0,0.0,0.0,0.0,0.0,0,0,0
1756702254,1446,0.0,0.0,-0.02,0.0,0.0,0.0,0.0,0.0,0,0,0
1756702254,1447,0.0,0.0,0.0,0.0,0.0,0.0,0.0,0.0,0,0,0
1756702255,1448,0.0,0.0,-0.02,0.0,0.0,0.0,0.0,0.0,0,0,0
1756702255,1449,0.0,0.0,-0.02,0.0,0.0,0.0,0.0,0.0,0,0,0
1756702255,1450,-0.01,0.0,0.0,0.0,0.0,0.0,0.0,0.0,0,0,0
1756702255,1451,0.01,0.0,0.01,0.0,0.0,0.0,0.0,0.0,0,0,0
1756702255,1452,0.0,0.0,0.0,0.0,0.0,0.0,0.0,0.0,0,0,0
1756702255,1453,0.0,0.0,0.01,0.0,0.0,0.0,0.0,0.0,0,0,0
1756702255,1454,0.0,0.0,-0.01,0.0,0.0,0.0,0.0,0.0,0,0,0
1756702255,1455,0.07,0.0,-0.03,0.0,0.0,0.0,0.0,0.0,0,0,0
1756702255,1456,0.07,0.0,-0.01,0.0,0.0,0.0,0.0,0.0,0,0,0
1756702255,1457,-0.05,0.0,0.0,0.0,0.0,0.0,0.0,0.0,0,0,0
1756702255,1458,0.0,0.0,0.0,0.0,0.0,0.0,0.0,0.0,0,0,0
1756702255,1459,0.02,0.0,0.0,0.0,0.0,0.0,0.0,0.0,0,0,0
1756702255,1460,0.0,0.0,0.0,0.0,0.0,0.0,0.0,0.0,0,0,0
1756702255,1461,0.0,0.0,0.0,0.0,0.0,0.0,0.0,0.0,0,0,0
1756702255,1462,0.0,0.0,-0.01,0.0,0.0,0.0,0.0,0.0,0,0,0
1756702255,1463,0.0,0.0,0.0,0.0,0.0,0.0,0.0,0.0,0,0,0
1756702255,1464,0.0,0.0,-0.03,0.0,0.0,0.0,0.0,0.0,0,0,0
1756702255,1465,-0.01,0.0,0.0,0.0,0.0,0.0,0.0,0.0,0,0,0
1756702255,1466,0.05,0.0,0.0,0.0,0.0,0.0,0.0,0.0,0,0,0
1756702255,1467,0.05,0.0,-0.02,0.0,0.0,0.0,0.0,0.0,0,0,0
1756702255,1468,0.05,0.0,0.0,0.0,0.0,0.0,0.0,0.0,0,0,0
1756702255,1469,0.02,0.0,0.0,0.0,0.0,0.0,0.0,0.0,0,0,0
1756702255,1470,0.0,0.0,0.0,0.0,0.0,0.0,0.0,0.0,0,0,0
1756702255,1471,0.0,0.0,0.0,0.0,0.0,0.0,0.0,0.0,0,0,0
1756702255,1472,-0.01,0.0,0.0,0.0,0.0,0.0,0.0,0.0,0,0,0
1756702255,1473,0.0,0.0,-0.03,0.0,0.0,0.0,0.0,0.0,0,0,0
1756702255,1474,0.05,0.0,0.07,0.0,0.0,0.0,0.0,0.0,0,0,0
1756702255,1475,0.05,0.0,-0.02,0.0,0.0,0.0,0.0,0.0,0,0,0
1756702255,1476,0.0,0.0,-0.03,0.0,0.0,0.0,0.0,0.0,0,0,0
1756702255,1477,0.0,0.0,-0.03,0.0,0.0,0.0,0.0,0.0,0,0,0
1756702255,1478,0.0,0.0,0.0,0.0,0.0,0.0,0.0,0.0,0,0,0
1756702255,1479,0.0,0.0,0.0,0.0,0.0,0.0,0.0,0.0,0,0,0
1756702255,1480,0.0,0.0,-0.02,0.0,0.0,0.0,0.0,0.0,0,0,0
1756702255,1481,0.0,0.0,0.0,0.0,0.0,0.0,0.0,0.0,0,0,0
1756702255,1482,0.01,0.0,0.0,0.0,0.0,0.0,0.0,0.0,0,0,0
1756702255,1483,0.05,0.0,0.02,0.0,0.0,0.0,0.0,0.0,0,0,0
1756702255,1484,0.0,0.0,-0.02,0.0,0.0,0.0,0.0,0.0,0,0,0
1756702255,1485,0.0,0.0,0.0,0.0,0.0,0.0,0.0,0.0,0,0,0
1756702255,1486,0.0,0.0,-0.02,0.0,0.0,0.0,0.0,0.0,0,0,0
1756702255,1487,0.0,0.0,-0.02,0.0,0.0,0.0,0.0,0.0,0,0,0
1756702255,1488,0.02,0.0,0.01,0.0,0.0,0.0,0.0,0.0,0,0,0
1756702255,1489,0.05,0.0,0.0,0.0,0.0,0.0,0.0,0.0,0,0,0
1756702255,1490,-0.05,0.0,-0.09,0.0,0.0,0.0,0.0,0.0,0,0,0
1756702255,1491,-0.01,0.0,0.0,0.0,0.0,0.0,0.0,0.0,0,0,0
1756702255,1492,0.01,0.0,-0.02,0.0,0.0,0.0,0.0,0.0,0,0,0
1756702255,1493,0.02,0.0,0.0,0.0,0.0,0.0,0.0,0.0,0,0,0
1756702255,1494,-0.02,0.0,-0.02,0.0,0.0,0.0,0.0,0.0,0,0,0
1756702255,1495,-0.07,0.0,0.0,0.0,0.0,0.0,0.0,0.0,0,0,0
1756702255,1496,-0.02,0.0,0.0,0.0,0.0,0.0,0.0,0.0,0,0,0
1756702255,1497,0.0,0.0,-0.14,0.0,0.0,0.0,0.0,0.0,0,0,0
1756702255,1498,0.0,0.0,0.0,0.0,0.0,0.0,0.0,0.0,0,0,0
1756702255,1499,0.01,0.0,0.0,0.0,0.0,0.0,0.0,0.0,0,0,0
1756702255,1500,0.01,0.0,0.0,0.0,0.0,0.0,0.0,0.0,0,0,0
1756702255,1501,0.0,0.0,0.0,0.0,0.0,0.0,0.0,0.0,0,0,0
1756702255,1502,0.02,0.0,-0.02,0.0,0.0,0.0,0.0,0.0,0,0,0
1756702255,1503,-0.02,0.0,0.0,0.0,0.0,0.0,0.0,0.0,0,0,0
1756702255,1504,0.07,0.0,0.05,0.0,0.0,0.0,0.0,0.0,0,0,0
1756702255,1505,-0.01,0.0,-0.01,0.0,0.0,0.0,0.0,0.0,0,0,0
1756702255,1506,0.0,0.0,-0.05,0.0,0.0,0.0,0.0,0.0,0,0,0
1756702255,1507,0.01,0.0,-0.02,0.0,0.0,0.0,0.0,0.0,0,0,0
1756702255,1508,0.01,0.0,-0.01,0.0,0.0,0.0,0.0,0.0,0,0,0
1756702255,1509,0.01,0.0,0.0,0.0,0.0,0.0,0.0,0.0,0,0,0
1756702255,1510,0.0,0.0,-0.02,0.0,0.0,0.0,0.0,0.0,0,0,0
1756702255,1511,-0.03,0.0,0.0,0.0,0.0,0.0,0.0,0.0,0,0,0
1756702255,1512,0.05,0.0,-0.02,0.0,0.0,0.0,0.0,0.0,0,0,0
1756702255,1513,0.0,0.0,-0.05,0.0,0.0,0.0,0.0,0.0,0,0,0
1756702256,1514,0.0,0.0,-0.02,0.0,0.0,0.0,0.0,0.0,0,0,0
1756702256,1515,0.09,0.0,-0.05,0.0,0.0,0.0,0.0,0.0,0,0,0
1756702256,1516,0.0,0.0,-0.03,0.0,0.0,0.0,0.0,0.0,0,0,0
1756702256,1517,-0.01,0.0,0.0,0.0,0.0,0.0,0.0,0.0,0,0,0
1756702256,1518,-0.05,0.0,0.02,0.0,0.0,0.0,0.0,0.0,0,0,0
1756702256,1519,-0.02,0.0,-0.02,0.0,0.0,0.0,0.0,0.0,0,0,0
1756702256,1520,0.05,0.0,0.0,0.0,0.0,0.0,0.0,0.0,0,0,0
1756702256,1521,0.05,0.0,-0.03,0.0,0.0,0.0,0.0,0.0,0,0,0
1756702256,1522,-0.03,0.0,0.0,0.0,0.0,0.0,0.0,0.0,0,0,0
1756702256,1523,0.03,0.0,0.0,0.0,0.0,0.0,0.0,0.0,0,0,0
1756702256,1524,0.01,0.0,0.0,0.0,0.0,0.0,0.0,0.0,0,0,0
1756702256,1525,-0.02,0.0,-0.05,0.0,0.0,0.0,0.0,0.0,0,0,0
1756702256,1526,0.0,0.0,0.0,0.0,0.0,0.0,0.0,0.0,0,0,0
1756702256,1527,0.03,0.0,-0.01,0.0,0.0,0.0,0.0,0.0,0,0,0
1756702256,1528,0.0,0.0,-0.01,0.0,0.0,0.0,0.0,0.0,0,0,0
1756702256,1529,0.01,0.0,0.0,0.0,0.0,0.0,0.0,0.0,0,0,0
1756702256,1530,0.0,0.0,0.0,0.0,0.0,0.0,0.0,0.0,0,0,0
1756702256,1531,0.0,0.0,0.0,0.0,0.0,0.0,0.0,0.0,0,0,0
1756702256,1532,0.01,0.0,0.0,0.0,0.0,0.0,0.0,0.0,0,0,0
1756702256,1533,-0.02,0.0,0.0,0.0,0.0,0.0,0.0,0.0,0,0,0
1756702256,1534,0.0,0.0,-0.03,0.0,0.0,0.0,0.0,0.0,0,0,0
1756702256,1535,0.0,0.0,-0.01,0.0,0.0,0.0,0.0,0.0,0,0,0
1756702256,1536,-0.02,0.0,0.0,0.0,0.0,0.0,0.0,0.0,0,0,0
1756702256,1537,0.0,0.0,0.01,0.0,0.0,0.0,0.0,0.0,0,0,0
1756702256,1538,0.0,0.0,-0.05,0.0,0.0,0.0,0.0,0.0,0,0,0
1756702256,1539,-0.03,0.0,-0.05,0.0,0.0,0.0,0.0,0.0,0,0,0
1756702256,1540,-0.05,0.0,0.0,0.0,0.0,0.0,0.0,0.0,0,0,0
1756702256,1541,0.05,0.0,0.0,0.0,0.0,0.0,0.0,0.0,0,0,0
1756702256,1542,-0.01,0.0,0.0,0.0,0.0,0.0,0.0,0.0,0,0,0
1756702256,1543,0.0,0.0,0.0,0.0,0.0,0.0,0.0,0.0,0,0,0
1756702256,1544,-0.05,0.0,0.0,0.0,0.0,0.0,0.0,0.0,0,0,0
1756702256,1545,0.01,0.0,0.0,0.0,0.0,0.0,0.0,0.0,0,0,0
1756702256,1546,0.03,0.0,0.0,0.0,0.0,0.0,0.0,0.0,0,0,0
1756702256,1547,-0.02,0.0,0.01,0.0,0.0,0.0,0.0,0.0,0,0,0
1756702256,1548,0.02,0.0,-0.03,0.0,0.0,0.0,0.0,0.0,0,0,0
1756702256,1549,0.02,0.0,0.15,0.0,0.0,0.0,0.0,0.0,0,0,0
1756702256,1550,0.02,0.0,0.0,0.0,0.0,0.0,0.0,0.0,0,0,0
1756702256,1551,-0.02,0.0,-0.03,0.0,0.0,0.0,0.0,0.0,0,0,0
1756702256,1552,0.02,0.0,-0.05,0.0,0.0,0.0,0.0,0.0,0,0,0
1756702256,1553,0.0,0.0,-0.03,0.0,0.0,0.0,0.0,0.0,0,0,0
1756702256,1554,0.0,0.0,-0.01,0.0,0.0,0.0,0.0,0.0,0,0,0
1756702256,1555,0.0,0.0,0.0,0.0,0.0,0.0,0.0,0.0,0,0,0
1756702256,1556,-0.01,0.0,0.07,0.0,0.0,0.0,0.0,0.0,0,0,0
1756702256,1557,0.0,0.0,-0.02,0.0,0.0,0.0,0.0,0.0,0,0,0
1756702256,1558,-0.02,0.0,-0.03,0.0,0.0,0.0,0.0,0.0,0,0,0
1756702256,1559,0.02,0.0,-0.01,0.0,0.0,0.0,0.0,0.0,0,0,0
1756702256,1560,0.0,0.0,0.0,0.0,0.0,0.0,0.0,0.0,0,0,0
1756702256,1561,0.0,0.0,0.0,0.0,0.0,0.0,0.0,0.0,0,0,0
1756702256,1562,0.0,0.0,-0.03,0.0,0.0,0.0,0.0,0.0,0,0,0
1756702256,1563,0.01,0.0,0.0,0.0,0.0,0.0,0.0,0.0,0,0,0
1756702256,1564,0.05,0.0,0.0,0.0,0.0,0.0,0.0,0.0,0,0,0
1756702256,1565,0.02,0.0,0.0,0.0,0.0,0.0,0.0,0.0,0,0,0
1756702256,1566,0.02,0.0,-0.02,0.0,0.0,0.0,0.0,0.0,0,0,0
1756702256,1567,0.0,0.0,0.0,0.0,0.0,0.0,0.0,0.0,0,0,0
1756702256,1568,0.0,0.0,0.0,0.0,0.0,0.0,0.0,0.0,0,0,0
1756702256,1569,0.01,0.0,-0.05,0.0,0.0,0.0,0.0,0.0,0,0,0
1756702256,1570,0.02,0.0,-0.05,0.0,0.0,0.0,0.0,0.0,0,0,0
1756702256,1571,0.05,0.0,-0.05,0.0,0.0,0.0,0.0,0.0,0,0,0
1756702256,1572,0.0,0.0,0.0,0.0,0.0,0.0,0.0,0.0,0,0,0
1756702256,1573,0.05,0.0,0.0,0.0,0.0,0.0,0.0,0.0,0,0,0
1756702256,1574,0.0,0.0,0.0,0.0,0.0,0.0,0.0,0.0,0,0,0
1756702256,1575,0.0,0.0,-0.01,0.0,0.0,0.0,0.0,0.0,0,0,0
1756702256,1576,-0.01,0.0,0.0,0.0,0.0,0.0,0.0,0.0,0,0,0
1756702256,1577,0.03,0.0,0.0,0.0,0.0,0.0,0.0,0.0,0,0,0
1756702256,1578,0.03,0.0,-0.01,0.0,0.0,0.0,0.0,0.0,0,0,0
1756702257,1579,0.0,0.0,-0.02,0.0,0.0,0.0,0.0,0.0,0,0,0
1756702257,1580,-0.01,0.0,-0.07,0.0,0.0,0.0,0.0,0.0,0,0,0
1756702257,1581,0.01,0.0,0.0,0.0,0.0,0.0,0.0,0.0,0,0,0
1756702257,1582,0.0,0.0,0.05,0.0,0.0,0.0,0.0,0.0,0,0,0
1756702257,1583,0.05,0.0,-0.03,0.0,0.0,0.0,0.0,0.0,0,0,0
1756702257,1584,0.0,0.0,-0.09,0.0,0.0,0.0,0.0,0.0,0,0,0
1756702257,1585,-0.01,0.0,-0.01,0.0,0.0,0.0,0.0,0.0,0,0,0
1756702257,1586,0.0,0.0,-0.01,0.0,0.0,0.0,0.0,0.0,0,0,0
1756702257,1587,0.01,0.0,0.0,0.0,0.0,0.0,0.0,0.0,0,0,0
1756702257,1588,0.0,0.0,-0.01,0.0,0.0,0.0,0.0,0.0,0,0,0
1756702257,1589,0.0,0.0,-0.02,0.0,0.0,0.0,0.0,0.0,0,0,0
1756702257,1590,0.01,0.0,-0.09,0.0,0.0,0.0,0.0,0.0,0,0,0
1756702257,1591,0.0,0.0,-0.01,0.0,0.0,0.0,0.0,0.0,0,0,0
1756702257,1592,0.05,0.0,-0.02,0.0,0.0,0.0,0.0,0.0,0,0,0
1756702257,1593,-0.05,0.0,-0.01,0.0,0.0,0.0,0.0,0.0,0,0,0
1756702257,1594,0.03,0.0,-0.03,0.0,0.0,0.0,0.0,0.0,0,0,0
1756702257,1595,-0.03,0.0,0.0,0.0,0.0,0.0,0.0,0.0,0,0,0
1756702257,1596,0.03,0.0,0.0,0.0,0.0,0.0,0.0,0.0,0,0,0
1756702257,1597,0.01,0.0,0.02,0.0,0.0,0.0,0.0,0.0,0,0,0
1756702257,1598,0.02,0.0,0.0,0.0,0.0,0.0,0.0,0.0,0,0,0
1756702257,1599,0.0,0.0,0.0,0.0,0.0,0.0,0.0,0.0,0,0,0
1756702257,1600,0.0,0.0,-0.01,0.0,0.0,0.0,0.0,0.0,0,0,0
1756702257,1601,0.02,0.0,0.0,0.0,0.0,0.0,0.0,0.0,0,0,0
1756702257,1602,0.03,0.0,-0.03,0.0,0.0,0.0,0.0,0.0,0,0,0
1756702257,1603,-0.01,0.0,-0.05,0.0,0.0,0.0,0.0,0.0,0,0,0
1756702257,1604,-0.03,0.0,0.0,0.0,0.0,0.0,0.0,0.0,0,0,0
1756702257,1605,0.0,0.0,-0.05,0.0,0.0,0.0,0.0,0.0,0,0,0
1756702257,1606,0.05,0.0,0.0,0.0,0.0,0.0,0.0,0.0,0,0,0
1756702257,1607,0.0,0.0,-0.1,0.0,0.0,0.0,0.0,0.0,0,0,0
1756702257,1608,0.03,0.0,-0.05,0.0,0.0,0.0,0.0,0.0,0,0,0
1756702257,1609,-0.01,0.0,0.0,0.0,0.0,0.0,0.0,0.0,0,0,0
1756702257,1610,0.0,0.0,-0.01,0.0,0.0,0.0,0.0,0.0,0,0,0
1756702257,1611,0.0,0.0,0.0,0.0,0.0,0.0,0.0,0.0,0,0,0
1756702257,1612,-0.03,0.0,0.0,0.0,0.0,0.0,0.0,0.0,0,0,0
1756702257,1613,0.03,0.0,-0.01,0.0,0.0,0.0,0.0,0.0,0,0,0
1756702257,1614,0.0,0.0,-0.07,0.0,0.0,0.0,0.0,0.0,0,0,0
1756702257,1615,0.03,0.0,0.05,0.0,0.0,0.0,0.0,0.0,0,0,0
1756702257,1616,0.0,0.0,0.0,0.0,0.0,0.0,0.0,0.0,0,0,0
1756702257,1617,0.07,0.0,0.0,0.0,0.0,0.0,0.0,0.0,0,0,0
1756702257,1618,0.01,0.0,0.0,0.0,0.0,0.0,0.0,0.0,0,0,0
1756702257,1619,0.0,0.0,0.0,0.0,0.0,0.0,0.0,0.0,0,0,0
1756702257,1620,0.0,0.0,0.01,0.0,0.0,0.0,0.0,0.0,0,0,0
1756702257,1621,0.05,0.0,0.0,0.0,0.0,0.0,0.0,0.0,0,0,0
1756702257,1622,0.01,0.0,-0.03,0.0,0.0,0.0,0.0,0.0,0,0,0
1756702257,1623,0.0,0.0,-0.05,0.0,0.0,0.0,0.0,0.0,0,0,0
1756702257,1624,0.0,0.0,0.0,0.0,0.0,0.0,0.0,0.0,0,0,0
1756702257,1625,0.0,0.0,0.0,0.0,0.0,0.0,0.0,0.0,0,0,0
1756702257,1626,-0.02,0.0,0.0,0.0,0.0,0.0,0.0,0.0,0,0,0
1756702257,1627,0.05,0.0,0.07,0.0,0.0,0.0,0.0,0.0,0,0,0
1756702257,1628,-0.03,0.0,0.0,0.0,0.0,0.0,0.0,0.0,0,0,0
1756702257,1629,0.03,0.0,-0.07,0.0,0.0,0.0,0.0,0.0,0,0,0
1756702257,1630,0.03,0.0,-0.07,0.0,0.0,0.0,0.0,0.0,0,0,0
1756702257,1631,0.0,0.0,-0.03,0.0,0.0,0.0,0.0,0.0,0,0,0
1756702257,1632,0.0,0.0,-0.01,0.0,0.0,0.0,0.0,0.0,0,0,0
1756702257,1633,0.0,0.0,0.05,0.0,0.0,0.0,0.0,0.0,0,0,0
1756702257,1634,0.0,0.0,0.0,0.0,0.0,0.0,0.0,0.0,0,0,0
1756702257,1635,0.0,0.0,0.0,0.0,0.0,0.0,0.0,0.0,0,0,0
1756702257,1636,-0.01,0.0,-0.05,0.0,0.0,0.0,0.0,0.0,0,0,0
1756702257,1637,0.0,0.0,-0.01,0.0,0.0,0.0,0.0,0.0,0,0,0
1756702257,1638,0.01,0.0,0.0,0.0,0.0,0.0,0.0,0.0,0,0,0
1756702257,1639,0.03,0.0,-0.05,0.0,0.0,0.0,0.0,0.0,0,0,0
1756702257,1640,-0.01,0.0,0.0,0.0,0.0,0.0,0.0,0.0,0,0,0
1756702257,1641,0.0,0.0,0.05,0.0,0.0,0.0,0.0,0.0,0,0,0
1756702257,1642,0.01,0.0,-0.01,0.0,0.0,0.0,0.0,0.0,0,0,0
1756702258,1643,0.0,0.0,0.07,0.0,0.0,0.0,0.0,0.0,0,0,0
1756702258,1644,0.0,0.0,0.0,0.0,0.0,0.0,0.0,0.0,0,0,0
1756702258,1645,0.0,0.0,0.0,0.0,0.0,0.0,0.0,0.0,0,0,0
1756702258,1646,-0.01,0.0,0.0,0.0,0.0,0.0,0.0,0.0,0,0,0
1756702258,1647,0.0,0.0,0.0,0.0,0.0,0.0,0.0,0.0,0,0,0
1756702258,1648,-0.11,0.0,0.0,0.0,0.0,0.0,0.0,0.0,0,0,0
1756702258,1649,-0.07,0.0,0.0,0.0,0.0,0.0,0.0,0.0,0,0,0
1756702258,1650,-0.01,0.0,0.1,0.0,0.0,0.0,0.0,0.0,0,0,0
1756702258,1651,0.05,0.0,0.0,0.0,0.0,0.0,0.0,0.0,0,0,0
1756702258,1652,0.0,0.0,0.01,0.0,0.0,0.0,0.0,0.0,0,0,0
1756702258,1653,-0.02,0.0,-0.03,0.0,0.0,0.0,0.0,0.0,0,0,0
1756702258,1654,0.0,0.0,0.0,0.0,0.0,0.0,0.0,0.0,0,0,0
1756702258,1655,0.0,0.0,0.0,0.0,0.0,0.0,0.0,0.0,0,0,0
1756702258,1656,0.0,0.0,0.0,0.0,0.0,0.0,0.0,0.0,0,0,0
1756702258,1657,0.0,0.0,0.0,0.0,0.0,0.0,0.0,0.0,0,0,0
1756702258,1658,-0.02,0.0,0.0,0.0,0.0,0.0,0.0,0.0,0,0,0
1756702258,1659,-0.01,0.0,-0.01,0.0,0.0,0.0,0.0,0.0,0,0,0
1756702258,1660,-0.02,0.0,0.01,0.0,0.0,0.0,0.0,0.0,0,0,0
1756702258,1661,0.01,0.0,-0.01,0.0,0.0,0.0,0.0,0.0,0,0,0
1756702258,1662,0.09,0.0,0.0,0.0,0.0,0.0,0.0,0.0,0,0,0
1756702258,1663,0.0,0.0,-0.05,0.0,0.0,0.0,0.0,0.0,0,0,0
1756702258,1664,0.0,0.0,-0.01,0.0,0.0,0.0,0.0,0.0,0,0,0
1756702258,1665,0.01,0.0,-0.03,0.0,0.0,0.0,0.0,0.0,0,0,0
1756702258,1666,0.01,0.0,-0.02,0.0,0.0,0.0,0.0,0.0,0,0,0
1756702258,1667,-0.05,0.0,0.0,0.0,0.0,0.0,0.0,0.0,0,0,0
1756702258,1668,0.01,0.0,0.03,0.0,0.0,0.0,0.0,0.0,0,0,0
1756702258,1669,0.0,0.0,-0.05,0.0,0.0,0.0,0.0,0.0,0,0,0
1756702258,1670,-0.05,0.0,-0.1,0.0,0.0,0.0,0.0,0.0,0,0,0
1756702258,1671,0.0,0.0,-0.02,0.0,0.0,0.0,0.0,0.0,0,0,0
1756702258,1672,0.0,0.0,0.05,0.0,0.0,0.0,0.0,0.0,0,0,0
1756702258,1673,-0.03,0.0,-0.03,0.0,0.0,0.0,0.0,0.0,0,0,0
1756702258,1674,0.07,0.0,-0.05,0.0,0.0,0.0,0.0,0.0,0,0,0
1756702258,1675,0.1,0.0,0.0,0.0,0.0,0.0,0.0,0.0,0,0,0
1756702258,1676,0.02,0.0,0.0,0.0,0.0,0.0,0.0,0.0,0,0,0
1756702258,1677,0.0,0.0,-0.03,0.0,0.0,0.0,0.0,0.0,0,0,0
1756702258,1678,0.02,0.0,-0.02,0.0,0.0,0.0,0.0,0.0,0,0,0
1756702258,1679,0.0,0.0,-0.02,0.0,0.0,0.0,0.0,0.0,0,0,0
1756702258,1680,0.01,0.0,-0.01,0.0,0.0,0.0,0.0,0.0,0,0,0
1756702258,1681,0.0,0.0,-0.03,0.0,0.0,0.0,0.0,0.0,0,0,0
1756702258,1682,-0.03,0.0,-0.01,0.0,0.0,0.0,0.0,0.0,0,0,0
1756702258,1683,-0.01,0.0,-0.02,0.0,0.0,0.0,0.0,0.0,0,0,0
1756702258,1684,-0.03,0.0,-0.02,0.0,0.0,0.0,0.0,0.0,0,0,0
1756702258,1685,-0.01,0.0,-0.05,0.0,0.0,0.0,0.0,0.0,0,0,0
1756702258,1686,0.0,0.0,-0.03,0.0,0.0,0.0,0.0,0.0,0,0,0
1756702258,1687,0.0,0.0,-0.02,0.0,0.0,0.0,0.0,0.0,0,0,0
1756702258,1688,0.0,0.0,0.0,0.0,0.0,0.0,0.0,0.0,0,0,0
1756702258,1689,0.0,0.0,-0.01,0.0,0.0,0.0,0.0,0.0,0,0,0
1756702258,1690,0.0,0.0,0.0,0.0,0.0,0.0,0.0,0.0,0,0,0
1756702258,1691,0.0,0.0,0.01,0.0,0.0,0.0,0.0,0.0,0,0,0
1756702258,1692,0.0,0.0,0.0,0.0,0.0,0.0,0.0,0.0,0,0,0
1756702258,1693,0.0,0.0,0.02,0.0,0.0,0.0,0.0,0.0,0,0,0
1756702258,1694,0.0,0.0,0.0,0.0,0.0,0.0,0.0,0.0,0,0,0
1756702258,1695,0.0,0.0,0.0,0.0,0.0,0.0,0.0,0.0,0,0,0
1756702258,1696,0.03,0.0,0.07,0.0,0.0,0.0,0.0,0.0,0,0,0
1756702258,1697,0.05,0.0,-0.02,0.0,0.0,0.0,0.0,0.0,0,0,0
1756702258,1698,0.0,0.0,-0.02,0.0,0.0,0.0,0.0,0.0,0,0,0
1756702258,1699,0.0,0.0,-0.01,0.0,0.0,0.0,0.0,0.0,0,0,0
1756702258,1700,0.02,0.0,-0.02,0.0,0.0,0.0,0.0,0.0,0,0,0
1756702258,1701,-0.01,0.0,0.0,0.0,0.0,0.0,0.0,0.0,0,0,0
1756702258,1702,0.0,0.0,-0.01,0.0,0.0,0.0,0.0,0.0,0,0,0
1756702258,1703,-0.02,0.0,0.0,0.0,0.0,0.0,0.0,0.0,0,0,0
1756702258,1704,0.0,0.0,0.0,0.0,0.0,0.0,0.0,0.0,0,0,0
1756702258,1705,0.0,0.0,0.02,0.0,0.0,0.0,0.0,0.0,0,0,0
1756702258,1706,-0.05,0.0,-0.02,0.0,0.0,0.0,0.0,0.0,0,0,0
1756702258,1707,0.0,0.0,0.0,0.0,0.0,0.0,0.0,0.0,0,0,0
1756702258,1708,0.07,0.0,0.03,0.0,0.0,0.0,0.0,0.0,0,0,0
1756702258,1709,0.03,0.0,-0.03,0.0,0.0,0.0,0.0,0.0,0,0,0
1756702258,1710,-0.07,0.0,0.0,0.0,0.0,0.0,0.0,0.0,0,0,0
1756702258,1711,0.01,0.0,-0.02,0.0,0.0,0.0,0.0,0.0,0,0,0
1756702258,1712,0.01,0.0,-0.05,0.0,0.0,0.0,0.0,0.0,0,0,0
1756702259,1713,-0.02,0.0,-0.02,0.0,0.0,0.0,0.0,0.0,0,0,0
1756702259,1714,-0.02,0.0,-0.03,0.0,0.0,0.0,0.0,0.0,0,0,0
1756702259,1715,-0.07,0.0,-0.02,0.0,0.0,0.0,0.0,0.0,0,0,0
1756702259,1716,0.03,0.0,0.0,0.0,0.0,0.0,0.0,0.0,0,0,0
1756702259,1717,0.0,0.0,-0.01,0.0,0.0,0.0,0.0,0.0,0,0,0
1756702259,1718,0.03,0.0,0.0,0.0,0.0,0.0,0.0,0.0,0,0,0
1756702259,1719,0.02,0.0,-0.05,0.0,0.0,0.0,0.0,0.0,0,0,0
1756702259,1720,0.1,0.0,-0.01,0.0,0.0,0.0,0.0,0.0,0,0,0
1756702259,1721,0.01,0.0,-0.05,0.0,0.0,0.0,0.0,0.0,0,0,0
1756702259,1722,0.0,0.0,-0.05,0.0,0.0,0.0,0.0,0.0,0,0,0
1756702259,1723,0.0,0.0,0.01,0.0,0.0,0.0,0.0,0.0,0,0,0
1756702259,1724,0.05,0.0,0.0,0.0,0.0,0.0,0.0,0.0,0,0,0
1756702259,1725,0.02,0.0,0.0,0.0,0.0,0.0,0.0,0.0,0,0,0
1756702259,1726,0.01,0.0,0.0,0.0,0.0,0.0,0.0,0.0,0,0,0
1756702259,1727,-0.01,0.0,0.0,0.0,0.0,0.0,0.0,0.0,0,0,0
1756702259,1728,0.0,0.0,0.0,0.0,0.0,0.0,0.0,0.0,0,0,0
1756702259,1729,0.0,0.0,-0.02,0.0,0.0,0.0,0.0,0.0,0,0,0
1756702259,1730,-0.01,0.0,-0.02,0.0,0.0,0.0,0.0,0.0,0,0,0
1756702259,1731,0.0,0.0,0.0,0.0,0.0,0.0,0.0,0.0,0,0,0
1756702259,1732,0.0,0.0,0.0,0.0,0.0,0.0,0.0,0.0,0,0,0
1756702259,1733,0.0,0.0,-0.02,0.0,0.0,0.0,0.0,0.0,0,0,0
1756702259,1734,0.1,0.0,-0.03,0.0,0.0,0.0,0.0,0.0,0,0,0
1756702259,1735,0.05,0.0,0.0,0.0,0.0,0.0,0.0,0.0,0,0,0
1756702259,1736,0.0,0.0,0.01,0.0,0.0,0.0,0.0,0.0,0,0,0
1756702259,1737,0.0,0.0,-0.07,0.0,0.0,0.0,0.0,0.0,0,0,0
1756702259,1738,0.03,0.0,-0.05,0.0,0.0,0.0,0.0,0.0,0,0,0
1756702259,1739,0.02,0.0,0.01,0.0,0.0,0.0,0.0,0.0,0,0,0
1756702259,1740,0.01,0.0,-0.01,0.0,0.0,0.0,0.0,0.0,0,0,0
1756702259,1741,0.0,0.0,0.0,0.0,0.0,0.0,0.0,0.0,0,0,0
1756702259,1742,0.0,0.0,0.05,0.0,0.0,0.0,0.0,0.0,0,0,0
1756702259,1743,0.0,0.0,0.11,0.0,0.0,0.0,0.0,0.0,0,0,0
1756702259,1744,0.0,0.0,-0.11,0.0,0.0,0.0,0.0,0.0,0,0,0
1756702259,1745,0.0,0.0,0.0,0.0,0.0,0.0,0.0,0.0,0,0,0
1756702259,1746,0.0,0.0,0.0,0.0,0.0,0.0,0.0,0.0,0,0,0
1756702259,1747,0.1,0.0,-0.03,0.0,0.0,0.0,0.0,0.0,0,0,0
1756702259,1748,0.05,0.0,-0.02,0.0,0.0,0.0,0.0,0.0,0,0,0
1756702259,1749,0.0,0.0,-0.02,0.0,0.0,0.0,0.0,0.0,0,0,0
1756702259,1750,-0.02,0.0,-0.02,0.0,0.0,0.0,0.0,0.0,0,0,0
1756702259,1751,0.03,0.0,-0.01,0.0,0.0,0.0,0.0,0.0,0,0,0
1756702259,1752,0.02,0.0,-0.05,0.0,0.0,0.0,0.0,0.0,0,0,0
1756702259,1753,0.01,0.0,0.01,0.0,0.0,0.0,0.0,0.0,0,0,0
1756702259,1754,0.11,0.0,-0.02,0.0,0.0,0.0,0.0,0.0,0,0,0
1756702259,1755,0.01,0.0,0.0,0.0,0.0,0.0,0.0,0.0,0,0,0
1756702259,1756,0.0,0.0,-0.02,0.0,0.0,0.0,0.0,0.0,0,0,0
1756702259,1757,0.0,0.0,-0.05,0.0,0.0,0.0,0.0,0.0,0,0,0
1756702259,1758,0.02,0.0,-0.01,0.0,0.0,0.0,0.0,0.0,0,0,0
1756702259,1759,0.01,0.0,-0.01,0.0,0.0,0.0,0.0,0.0,0,0,0
1756702259,1760,0.0,0.0,0.0,0.0,0.0,0.0,0.0,0.0,0,0,0
1756702259,1761,0.0,0.0,0.0,0.0,0.0,0.0,0.0,0.0,0,0,0
1756702259,1762,0.01,0.0,0.0,0.0,0.0,0.0,0.0,0.0,0,0,0
1756702259,1763,0.0,0.0,-0.02,0.0,0.0,0.0,0.0,0.0,0,0,0
1756702259,1764,0.0,0.0,0.0,0.0,0.0,0.0,0.0,0.0,0,0,0
1756702259,1765,0.0,0.0,0.0,0.0,0.0,0.0,0.0,0.0,0,0,0
1756702259,1766,0.0,0.0,-0.03,0.0,0.0,0.0,0.0,0.0,0,0,0
1756702259,1767,0.0,0.0,-0.02,0.0,0.0,0.0,0.0,0.0,0,0,0
1756702259,1768,-0.02,0.0,-0.05,0.0,0.0,0.0,0.0,0.0,0,0,0
1756702259,1769,-0.03,0.0,-0.01,0.0,0.0,0.0,0.0,0.0,0,0,0
1756702259,1770,0.02,0.0,0.07,0.0,0.0,0.0,0.0,0.0,0,0,0
1756702259,1771,-0.01,0.0,-0.03,0.0,0.0,0.0,0.0,0.0,0,0,0
1756702259,1772,-0.14,0.0,-0.01,0.0,0.0,0.0,0.0,0.0,0,0,0
1756702259,1773,-0.1,0.0,-0.03,0.0,0.0,0.0,0.0,0.0,0,0,0
1756702259,1774,0.0,0.0,0.01,0.0,0.0,0.0,0.0,0.0,0,0,0
1756702259,1775,0.02,0.0,-0.03,0.0,0.0,0.0,0.0,0.0,0,0,0
1756702259,1776,0.01,0.0,0.01,0.0,0.0,0.0,0.0,0.0,0,0,0
1756702260,1777,0.0,0.0,-0.02,0.0,0.0,0.0,0.0,0.0,0,0,0
1756702260,1778,0.01,0.0,0.0,0.0,0.0,0.0,0.0,0.0,0,0,0
1756702260,1779,0.1,0.0,-0.01,0.0,0.0,0.0,0.0,0.0,0,0,0
1756702260,1780,0.0,0.0,0.0,0.0,0.0,0.0,0.0,0.0,0,0,0
1756702260,1781,-0.05,0.0,0.0,0.0,0.0,0.0,0.0,0.0,0,0,0
1756702260,1782,0.0,0.0,0.0,0.0,0.0,0.0,0.0,0.0,0,0,0
1756702260,1783,0.0,0.0,-0.02,0.0,0.0,0.0,0.0,0.0,0,0,0
1756702260,1784,0.05,0.0,0.0,0.0,0.0,0.0,0.0,0.0,0,0,0
1756702260,1785,0.0,0.0,-0.01,0.0,0.0,0.0,0.0,0.0,0,0,0
1756702260,1786,0.05,0.0,0.0,0.0,0.0,0.0,0.0,0.0,0,0,0
1756702260,1787,0.09,0.0,-0.02,0.0,0.0,0.0,0.0,0.0,0,0,0
1756702260,1788,0.0,0.0,0.01,0.0,0.0,0.0,0.0,0.0,0,0,0
1756702260,1789,-0.07,0.0,-0.02,0.0,0.0,0.0,0.0,0.0,0,0,0
1756702260,1790,0.03,0.0,0.0,0.0,0.0,0.0,0.0,0.0,0,0,0
1756702260,1791,0.03,0.0,0.0,0.0,0.0,0.0,0.0,0.0,0,0,0
1756702260,1792,0.01,0.0,0.0,0.0,0.0,0.0,0.0,0.0,0,0,0
1756702260,1793,0.0,0.0,-0.02,0.0,0.0,0.0,0.0,0.0,0,0,0
1756702260,1794,0.01,0.0,-0.02,0.0,0.0,0.0,0.0,0.0,0,0,0
1756702260,1795,-0.03,0.0,0.0,0.0,0.0,0.0,0.0,0.0,0,0,0
1756702260,1796,0.03,0.0,0.0,0.0,0.0,0.0,0.0,0.0,0,0,0
1756702260,1797,0.05,0.0,0.01,0.0,0.0,0.0,0.0,0.0,0,0,0
1756702260,1798,-0.09,0.0,-0.07,0.0,0.0,0.0,0.0,0.0,0,0,0
1756702260,1799,0.0,0.0,0.0,0.0,0.0,0.0,0.0,0.0,0,0,0
1756702260,1800,-0.03,0.0,-0.01,0.0,0.0,0.0,0.0,0.0,0,0,0
1756702260,1801,0.0,0.0,0.05,0.0,0.0,0.0,0.0,0.0,0,0,0
1756702260,1802,0.02,0.0,-0.01,0.0,0.0,0.0,0.0,0.0,0,0,0
1756702260,1803,0.01,0.0,0.0,0.0,0.0,0.0,0.0,0.0,0,0,0
1756702260,1804,0.0,0.0,0.0,0.0,0.0,0.0,0.0,0.0,0,0,0
1756702260,1805,-0.03,0.0,-0.02,0.0,0.0,0.0,0.0,0.0,0,0,0
1756702260,1806,0.01,0.0,0.0,0.0,0.0,0.0,0.0,0.0,0,0,0
1756702260,1807,-0.01,0.0,0.0,0.0,0.0,0.0,0.0,0.0,0,0,0
1756702260,1808,0.03,0.0,-0.01,0.0,0.0,0.0,0.0,0.0,0,0,0
1756702260,1809,0.02,0.0,0.0,0.0,0.0,0.0,0.0,0.0,0,0,0
1756702260,1810,0.01,0.0,-0.02,0.0,0.0,0.0,0.0,0.0,0,0,0
1756702260,1811,0.0,0.0,0.0,0.0,0.0,0.0,0.0,0.0,0,0,0
1756702260,1812,0.0,0.0,-0.02,0.0,0.0,0.0,0.0,0.0,0,0,0
1756702260,1813,0.0,0.0,-0.01,0.0,0.0,0.0,0.0,0.0,0,0,0
1756702260,1814,0.01,0.0,-0.01,0.0,0.0,0.0,0.0,0.0,0,0,0
1756702260,1815,0.01,0.0,-0.1,0.0,0.0,0.0,0.0,0.0,0,0,0
1756702260,1816,0.0,0.0,-0.02,0.0,0.0,0.0,0.0,0.0,0,0,0
1756702260,1817,0.0,0.0,-0.02,0.0,0.0,0.0,0.0,0.0,0,0,0
1756702260,1818,0.0,0.0,0.0,0.0,0.0,0.0,0.0,0.0,0,0,0
1756702260,1819,0.0,0.0,-0.03,0.0,0.0,0.0,0.0,0.0,0,0,0
1756702260,1820,0.0,0.0,-0.01,0.0,0.0,0.0,0.0,0.0,0,0,0
1756702260,1821,0.0,0.0,0.0,0.0,0.0,0.0,0.0,0.0,0,0,0
1756702260,1822,0.0,0.0,-0.01,0.0,0.0,0.0,0.0,0.0,0,0,0
1756702260,1823,-0.02,0.0,0.0,0.0,0.0,0.0,0.0,0.0,0,0,0
1756702260,1824,0.0,0.0,0.0,0.0,0.0,0.0,0.0,0.0,0,0,0
1756702260,1825,0.01,0.0,0.0,0.0,0.0,0.0,0.0,0.0,0,0,0
1756702260,1826,0.02,0.0,0.0,0.0,0.0,0.0,0.0,0.0,0,0,0
1756702260,1827,0.02,0.0,0.0,0.0,0.0,0.0,0.0,0.0,0,0,0
1756702260,1828,0.0,0.0,0.0,0.0,0.0,0.0,0.0,0.0,0,0,0
1756702260,1829,0.03,0.0,0.0,0.0,0.0,0.0,0.0,0.0,0,0,0
1756702260,1830,0.0,0.0,-0.03,0.0,0.0,0.0,0.0,0.0,0,0,0
1756702260,1831,0.1,0.0,-0.01,0.0,0.0,0.0,0.0,0.0,0,0,0
1756702260,1832,0.0,0.0,0.0,0.0,0.0,0.0,0.0,0.0,0,0,0
1756702260,1833,0.01,0.0,-0.02,0.0,0.0,0.0,0.0,0.0,0,0,0
1756702260,1834,0.02,0.0,0.0,0.0,0.0,0.0,0.0,0.0,0,0,0
1756702260,1835,0.0,0.0,-0.07,0.0,0.0,0.0,0.0,0.0,0,0,0
1756702260,1836,0.01,0.0,0.0,0.0,0.0,0.0,0.0,0.0,0,0,0
1756702260,1837,0.0,0.0,-0.01,0.0,0.0,0.0,0.0,0.0,0,0,0
1756702260,1838,0.02,0.0,0.0,0.0,0.0,0.0,0.0,0.0,0,0,0
1756702260,1839,0.0,0.0,-0.03,0.0,0.0,0.0,0.0,0.0,0,0,0
1756702261,1840,-0.01,0.0,-0.03,0.0,0.0,0.0,0.0,0.0,0,0,0
1756702261,1841,0.02,0.0,-0.07,0.0,0.0,0.0,0.0,0.0,0,0,0
1756702261,1842,0.0,0.0,-0.05,0.0,0.0,0.0,0.0,0.0,0,0,0
1756702261,1843,0.0,0.0,-0.01,0.0,0.0,0.0,0.0,0.0,0,0,0
1756702261,1844,0.0,0.0,-0.02,0.0,0.0,0.0,0.0,0.0,0,0,0
1756702261,1845,0.03,0.0,0.0,0.0,0.0,0.0,0.0,0.0,0,0,0
1756702261,1846,0.07,0.0,0.01,0.0,0.0,0.0,0.0,0.0,0,0,0
1756702261,1847,0.0,0.0,-0.02,0.0,0.0,0.0,0.0,0.0,0,0,0
1756702261,1848,0.0,0.0,-0.02,0.0,0.0,0.0,0.0,0.0,0,0,0
1756702261,1849,0.03,0.0,0.0,0.0,0.0,0.0,0.0,0.0,0,0,0
1756702261,1850,0.03,0.0,-0.02,0.0,0.0,0.0,0.0,0.0,0,0,0
1756702261,1851,-0.05,0.0,0.0,0.0,0.0,0.0,0.0,0.0,0,0,0
1756702261,1852,-0.07,0.0,-0.05,0.0,0.0,0.0,0.0,0.0,0,0,0
1756702261,1853,-0.02,0.0,-0.02,0.0,0.0,0.0,0.0,0.0,0,0,0
1756702261,1854,0.0,0.0,-0.03,0.0,0.0,0.0,0.0,0.0,0,0,0
1756702261,1855,0.02,0.0,-0.05,0.0,0.0,0.0,0.0,0.0,0,0,0
1756702261,1856,0.0,0.0,-0.02,0.0,0.0,0.0,0.0,0.0,0,0,0
1756702261,1857,0.0,0.0,-0.07,0.0,0.0,0.0,0.0,0.0,0,0,0
1756702261,1858,0.0,0.0,-0.03,0.0,0.0,0.0,0.0,0.0,0,0,0
1756702261,1859,0.01,0.0,-0.02,0.0,0.0,0.0,0.0,0.0,0,0,0
1756702261,1860,0.03,0.0,0.0,0.0,0.0,0.0,0.0,0.0,0,0,0
1756702261,1861,0.01,0.0,0.0,0.0,0.0,0.0,0.0,0.0,0,0,0
1756702261,1862,0.0,0.0,-0.01,0.0,0.0,0.0,0.0,0.0,0,0,0
1756702261,1863,0.0,0.0,-0.05,0.0,0.0,0.0,0.0,0.0,0,0,0
1756702261,1864,0.05,0.0,0.01,0.0,0.0,0.0,0.0,0.0,0,0,0
1756702261,1865,0.0,0.0,-0.01,0.0,0.0,0.0,0.0,0.0,0,0,0
1756702261,1866,-0.07,0.0,-0.05,0.0,0.0,0.0,0.0,0.0,0,0,0
1756702261,1867,-0.01,0.0,-0.03,0.0,0.0,0.0,0.0,0.0,0,0,0
1756702261,1868,0.05,0.0,-0.02,0.0,0.0,0.0,0.0,0.0,0,0,0
1756702261,1869,0.0,0.0,0.0,0.0,0.0,0.0,0.0,0.0,0,0,0
1756702261,1870,0.0,0.0,-0.01,0.0,0.0,0.0,0.0,0.0,0,0,0
1756702261,1871,0.05,0.0,-0.03,0.0,0.0,0.0,0.0,0.0,0,0,0
1756702261,1872,0.02,0.0,-0.03,0.0,0.0,0.0,0.0,0.0,0,0,0
1756702261,1873,-0.01,0.0,-0.05,0.0,0.0,0.0,0.0,0.0,0,0,0
1756702261,1874,-0.03,0.0,0.0,0.0,0.0,0.0,0.0,0.0,0,0,0
1756702261,1875,0.0,0.0,-0.01,0.0,0.0,0.0,0.0,0.0,0,0,0
1756702261,1876,0.02,0.0,0.0,0.0,0.0,0.0,0.0,0.0,0,0,0
1756702261,1877,0.0,0.0,-0.03,0.0,0.0,0.0,0.0,0.0,0,0,0
1756702261,1878,0.0,0.0,0.0,0.0,0.0,0.0,0.0,0.0,0,0,0
1756702261,1879,0.0,0.0,0.1,0.0,0.0,0.0,0.0,0.0,0,0,0
1756702261,1880,-0.03,0.0,-0.05,0.0,0.0,0.0,0.0,0.0,0,0,0
1756702261,1881,0.0,0.0,-0.15,0.0,0.0,0.0,0.0,0.0,0,0,0
1756702261,1882,0.02,0.0,0.0,0.0,0.0,0.0,0.0,0.0,0,0,0
1756702261,1883,-0.07,0.0,0.0,0.0,0.0,0.0,0.0,0.0,0,0,0
1756702261,1884,-0.01,0.0,0.0,0.0,0.0,0.0,0.0,0.0,0,0,0
1756702261,1885,-0.01,0.0,0.0,0.0,0.0,0.0,0.0,0.0,0,0,0
1756702261,1886,0.0,0.0,0.0,0.0,0.0,0.0,0.0,0.0,0,0,0
1756702261,1887,0.0,0.0,-0.01,0.0,0.0,0.0,0.0,0.0,0,0,0
1756702261,1888,-0.05,0.0,-0.01,0.0,0.0,0.0,0.0,0.0,0,0,0
1756702261,1889,0.01,0.0,0.0,0.0,0.0,0.0,0.0,0.0,0,0,0
1756702261,1890,0.01,0.0,0.0,0.0,0.0,0.0,0.0,0.0,0,0,0
1756702261,1891,0.0,0.0,0.07,0.0,0.0,0.0,0.0,0.0,0,0,0
1756702261,1892,0.0,0.0,-0.05,0.0,0.0,0.0,0.0,0.0,0,0,0
1756702261,1893,-0.05,0.0,-0.01,0.0,0.0,0.0,0.0,0.0,0,0,0
1756702261,1894,-0.1,0.0,0.0,0.0,0.0,0.0,0.0,0.0,0,0,0
1756702261,1895,0.02,0.0,0.0,0.0,0.0,0.0,0.0,0.0,0,0,0
1756702261,1896,0.05,0.0,0.0,0.0,0.0,0.0,0.0,0.0,0,0,0
1756702261,1897,0.07,0.0,0.0,0.0,0.0,0.0,0.0,0.0,0,0,0
1756702261,1898,0.05,0.0,-0.03,0.0,0.0,0.0,0.0,0.0,0,0,0
1756702261,1899,0.0,0.0,-0.03,0.0,0.0,0.0,0.0,0.0,0,0,0
1756702261,1900,0.0,0.0,-0.01,0.0,0.0,0.0,0.0,0.0,0,0,0
1756702261,1901,0.0,0.0,-0.01,0.0,0.0,0.0,0.0,0.0,0,0,0
1756702261,1902,-0.03,0.0,0.0,0.0,0.0,0.0,0.0,0.0,0,0,0
1756702261,1903,0.0,0.0,-0.01,0.0,0.0,0.0,0.0,0.0,0,0,0
1756702261,1904,0.0,0.0,-0.02,0.0,0.0,0.0,0.0,0.0,0,0,0
1756702261,1905,-0.05,0.0,0.0,0.0,0.0,0.0,0.0,0.0,0,0,0
1756702261,1906,0.01,0.0,-0.01,0.0,0.0,0.0,0.0,0.0,0,0,0
1756702261,1907,0.07,0.0,-0.01,0.0,0.0,0.0,0.0,0.0,0,0,0
1756702261,1908,0.1,0.0,0.0,0.0,0.0,0.0,0.0,0.0,0,0,0
1756702261,1909,0.02,0.0,-0.01,0.0,0.0,0.0,0.0,0.0,0,0,0
1756702261,1910,0.02,0.0,0.01,0.0,0.0,0.0,0.0,0.0,0,0,0
1756702262,1911,0.0,0.0,0.02,0.0,0.0,0.0,0.0,0.0,0,0,0
1756702262,1912,0.0,0.0,0.0,0.0,0.0,0.0,0.0,0.0,0,0,0
1756702262,1913,0.02,0.0,-0.09,0.0,0.0,0.0,0.0,0.0,0,0,0
1756702262,1914,0.07,0.0,-0.02,0.0,0.0,0.0,0.0,0.0,0,0,0
1756702262,1915,0.01,0.0,-0.01,0.0,0.0,0.0,0.0,0.0,0,0,0
1756702262,1916,-0.05,0.0,0.0,0.0,0.0,0.0,0.0,0.0,0,0,0
1756702262,1917,0.03,0.0,0.0,0.0,0.0,0.0,0.0,0.0,0,0,0
1756702262,1918,0.0,0.0,-0.03,0.0,0.0,0.0,0.0,0.0,0,0,0
1756702262,1919,0.0,0.0,-0.03,0.0,0.0,0.0,0.0,0.0,0,0,0
1756702262,1920,0.05,0.0,0.0,0.0,0.0,0.0,0.0,0.0,0,0,0
1756702262,1921,0.0,0.0,0.02,0.0,0.0,0.0,0.0,0.0,0,0,0
1756702262,1922,0.02,0.0,0.01,0.0,0.0,0.0,0.0,0.0,0,0,0
1756702262,1923,0.02,0.0,-0.05,0.0,0.0,0.0,0.0,0.0,0,0,0
1756702262,1924,0.03,0.0,0.0,0.0,0.0,0.0,0.0,0.0,0,0,0
1756702262,1925,0.0,0.0,-0.01,0.0,0.0,0.0,0.0,0.0,0,0,0
1756702262,1926,0.0,0.0,0.0,0.0,0.0,0.0,0.0,0.0,0,0,0
1756702262,1927,0.03,0.0,-0.01,0.0,0.0,0.0,0.0,0.0,0,0,0
1756702262,1928,0.0,0.0,0.0,0.0,0.0,0.0,0.0,0.0,0,0,0
1756702262,1929,0.01,0.0,0.02,0.0,0.0,0.0,0.0,0.0,0,0,0
1756702262,1930,-0.01,0.0,-0.03,0.0,0.0,0.0,0.0,0.0,0,0,0
1756702262,1931,0.0,0.0,0.0,0.0,0.0,0.0,0.0,0.0,0,0,0
1756702262,1932,0.0,0.0,-0.02,0.0,0.0,0.0,0.0,0.0,0,0,0
1756702262,1933,0.0,0.0,0.0,0.0,0.0,0.0,0.0,0.0,0,0,0
1756702262,1934,0.03,0.0,-0.02,0.0,0.0,0.0,0.0,0.0,0,0,0
1756702262,1935,0.0,0.0,0.0,0.0,0.0,0.0,0.0,0.0,0,0,0
1756702262,1936,-0.01,0.0,-0.03,0.0,0.0,0.0,0.0,0.0,0,0,0
1756702262,1937,0.0,0.0,0.0,0.0,0.0,0.0,0.0,0.0,0,0,0
1756702262,1938,0.05,0.0,-0.01,0.0,0.0,0.0,0.0,0.0,0,0,0
1756702262,1939,-0.03,0.0,-0.1,0.0,0.0,0.0,0.0,0.0,0,0,0
1756702262,1940,-0.03,0.0,0.0,0.0,0.0,0.0,0.0,0.0,0,0,0
1756702262,1941,-0.02,0.0,0.0,0.0,0.0,0.0,0.0,0.0,0,0,0
1756702262,1942,0.0,0.0,-0.03,0.0,0.0,0.0,0.0,0.0,0,0,0
1756702262,1943,0.0,0.0,0.0,0.0,0.0,0.0,0.0,0.0,0,0,0
1756702262,1944,0.0,0.0,0.0,0.0,0.0,0.0,0.0,0.0,0,0,0
1756702262,1945,0.0,0.0,-0.09,0.0,0.0,0.0,0.0,0.0,0,0,0
1756702262,1946,0.0,0.0,0.0,0.0,0.0,0.0,0.0,0.0,0,0,0
1756702262,1947,0.02,0.0,0.0,0.0,0.0,0.0,0.0,0.0,0,0,0
1756702262,1948,0.01,0.0,0.02,0.0,0.0,0.0,0.0,0.0,0,0,0
1756702262,1949,0.03,0.0,0.0,0.0,0.0,0.0,0.0,0.0,0,0,0
1756702262,1950,-0.05,0.0,-0.01,0.0,0.0,0.0,0.0,0.0,0,0,0
1756702262,1951,0.0,0.0,0.0,0.0,0.0,0.0,0.0,0.0,0,0,0
1756702262,1952,-0.01,0.0,0.0,0.0,0.0,0.0,0.0,0.0,0,0,0
1756702262,1953,-0.02,0.0,-0.02,0.0,0.0,0.0,0.0,0.0,0,0,0
1756702262,1954,-0.03,0.0,-0.01,0.0,0.0,0.0,0.0,0.0,0,0,0
1756702262,1955,0.05,0.0,0.0,0.0,0.0,0.0,0.0,0.0,0,0,0
1756702262,1956,-0.01,0.0,0.0,0.0,0.0,0.0,0.0,0.0,0,0,0
1756702262,1957,0.01,0.0,0.0,0.0,0.0,0.0,0.0,0.0,0,0,0
1756702262,1958,0.0,0.0,0.0,0.0,0.0,0.0,0.0,0.0,0,0,0
1756702262,1959,0.0,0.0,-0.01,0.0,0.0,0.0,0.0,0.0,0,0,0
1756702262,1960,0.0,0.0,0.05,0.0,0.0,0.0,0.0,0.0,0,0,0
1756702262,1961,-0.03,0.0,-0.02,0.0,0.0,0.0,0.0,0.0,0,0,0
1756702262,1962,0.0,0.0,-0.02,0.0,0.0,0.0,0.0,0.0,0,0,0
1756702262,1963,0.05,0.0,0.01,0.0,0.0,0.0,0.0,0.0,0,0,0
1756702262,1964,0.07,0.0,0.0,0.0,0.0,0.0,0.0,0.0,0,0,0
1756702262,1965,0.0,0.0,-0.05,0.0,0.0,0.0,0.0,0.0,0,0,0
1756702262,1966,0.03,0.0,-0.02,0.0,0.0,0.0,0.0,0.0,0,0,0
1756702262,1967,0.01,0.0,-0.1,0.0,0.0,0.0,0.0,0.0,0,0,0
1756702262,1968,-0.02,0.0,-0.03,0.0,0.0,0.0,0.0,0.0,0,0,0
1756702262,1969,-0.03,0.0,-0.02,0.0,0.0,0.0,0.0,0.0,0,0,0
1756702262,1970,0.0,0.0,0.0,0.0,0.0,0.0,0.0,0.0,0,0,0
1756702262,1971,0.0,0.0,0.02,0.0,0.0,0.0,0.0,0.0,0,0,0
1756702262,1972,-0.05,0.0,-0.07,0.0,0.0,0.0,0.0,0.0,0,0,0
1756702262,1973,-0.03,0.0,-0.02,0.0,0.0,0.0,0.0,0.0,0,0,0
1756702263,1974,0.0,0.0,-0.02,0.0,0.0,0.0,0.0,0.0,0,0,0
1756702263,1975,-0.01,0.0,0.0,0.0,0.0,0.0,0.0,0.0,0,0,0
1756702263,1976,0.0,0.0,-0.05,0.0,0.0,0.0,0.0,0.0,0,0,0
1756702263,1977,0.0,0.0,0.0,0.0,0.0,0.0,0.0,0.0,0,0,0
1756702263,1978,0.0,0.0,0.0,0.0,0.0,0.0,0.0,0.0,0,0,0
1756702263,1979,0.0,0.0,0.0,0.0,0.0,0.0,0.0,0.0,0,0,0
1756702263,1980,0.02,0.0,-0.01,0.0,0.0,0.0,0.0,0.0,0,0,0
1756702263,1981,0.01,0.0,-0.01,0.0,0.0,0.0,0.0,0.0,0,0,0
1756702263,1982,-0.01,0.0,0.0,0.0,0.0,0.0,0.0,0.0,0,0,0
1756702263,1983,-0.02,0.0,-0.03,0.0,0.0,0.0,0.0,0.0,0,0,0
1756702263,1984,0.0,0.0,-0.03,0.0,0.0,0.0,0.0,0.0,0,0,0
1756702263,1985,0.01,0.0,0.0,0.0,0.0,0.0,0.0,0.0,0,0,0
1756702263,1986,0.01,0.0,0.05,0.0,0.0,0.0,0.0,0.0,0,0,0
1756702263,1987,0.0,0.0,0.0,0.0,0.0,0.0,0.0,0.0,0,0,0
1756702263,1988,0.0,0.0,-0.02,0.0,0.0,0.0,0.0,0.0,0,0,0
1756702263,1989,-0.03,0.0,0.0,0.0,0.0,0.0,0.0,0.0,0,0,0
1756702263,1990,0.0,0.0,-0.02,0.0,0.0,0.0,0.0,0.0,0,0,0
1756702263,1991,-0.02,0.0,0.0,0.0,0.0,0.0,0.0,0.0,0,0,0
1756702263,1992,0.0,0.0,0.0,0.0,0.0,0.0,0.0,0.0,0,0,0
1756702263,1993,-0.01,0.0,0.0,0.0,0.0,0.0,0.0,0.0,0,0,0
1756702263,1994,-0.01,0.0,0.0,0.0,0.0,0.0,0.0,0.0,0,0,0
1756702263,1995,-0.01,0.0,0.02,0.0,0.0,0.0,0.0,0.0,0,0,0
1756702263,1996,0.0,0.0,0.0,0.0,0.0,0.0,0.0,0.0,0,0,0
1756702263,1997,0.02,0.0,0.0,0.0,0.0,0.0,0.0,0.0,0,0,0
1756702263,1998,0.02,0.0,0.0,0.0,0.0,0.0,0.0,0.0,0,0,0
1756702263,1999,-0.05,0.0,0.0,0.0,0.0,0.0,0.0,0.0,0,0,0
1756702263,2000,0.02,0.0,0.0,0.0,0.0,0.0,0.0,0.0,0,0,0
1756702263,2001,0.0,0.0,0.0,0.0,0.0,0.0,0.0,0.0,0,0,0
1756702263,2002,-0.07,0.0,0.0,0.0,0.0,0.0,0.0,0.0,0,0,0
1756702263,2003,0.0,0.0,0.0,0.0,0.0,0.0,0.0,0.0,0,0,0
1756702263,2004,0.0,0.0,0.0,0.0,0.0,0.0,0.0,0.0,0,0,0
1756702263,2005,-0.01,0.0,-0.01,0.0,0.0,0.0,0.0,0.0,0,0,0
1756702263,2006,0.0,0.0,0.09,0.0,0.0,0.0,0.0,0.0,0,0,0
1756702263,2007,0.0,0.0,-0.05,0.0,0.0,0.0,0.0,0.0,0,0,0
1756702263,2008,0.01,0.0,0.0,0.0,0.0,0.0,0.0,0.0,0,0,0
1756702263,2009,0.0,0.0,0.0,0.0,0.0,0.0,0.0,0.0,0,0,0
1756702263,2010,0.0,0.0,-0.03,0.0,0.0,0.0,0.0,0.0,0,0,0
1756702263,2011,0.07,0.0,0.0,0.0,0.0,0.0,0.0,0.0,0,0,0
1756702263,2012,0.0,0.0,-0.05,0.0,0.0,0.0,0.0,0.0,0,0,0
1756702263,2013,0.11,0.0,-0.02,0.0,0.0,0.0,0.0,0.0,0,0,0
1756702263,2014,-0.02,0.0,0.0,0.0,0.0,0.0,0.0,0.0,0,0,0
1756702263,2015,-0.05,0.0,0.0,0.0,0.0,0.0,0.0,0.0,0,0,0
1756702263,2016,-0.02,0.0,-0.02,0.0,0.0,0.0,0.0,0.0,0,0,0
1756702263,2017,-0.03,0.0,0.01,0.0,0.0,0.0,0.0,0.0,0,0,0
1756702263,2018,0.0,0.0,0.0,0.0,0.0,0.0,0.0,0.0,0,0,0
1756702263,2019,0.0,0.0,0.0,0.0,0.0,0.0,0.0,0.0,0,0,0
1756702263,2020,-0.02,0.0,-0.01,0.0,0.0,0.0,0.0,0.0,0,0,0
1756702263,2021,0.03,0.0,-0.05,0.0,0.0,0.0,0.0,0.0,0,0,0
1756702263,2022,0.03,0.0,-0.01,0.0,0.0,0.0,0.0,0.0,0,0,0
1756702263,2023,0.03,0.0,-0.02,0.0,0.0,0.0,0.0,0.0,0,0,0
1756702263,2024,-0.03,0.0,0.05,0.0,0.0,0.0,0.0,0.0,0,0,0
1756702263,2025,0.0,0.0,0.0,0.0,0.0,0.0,0.0,0.0,0,0,0
1756702263,2026,0.0,0.0,0.07,0.0,0.0,0.0,0.0,0.0,0,0,0
1756702263,2027,0.01,0.0,0.0,0.0,0.0,0.0,0.0,0.0,0,0,0
1756702263,2028,0.05,0.0,0.0,0.0,0.0,0.0,0.0,0.0,0,0,0
1756702263,2029,0.02,0.0,-0.05,0.0,0.0,0.0,0.0,0.0,0,0,0
1756702263,2030,0.0,0.0,-0.1,0.0,0.0,0.0,0.0,0.0,0,0,0
1756702263,2031,-0.02,0.0,-0.07,0.0,0.0,0.0,0.0,0.0,0,0,0
1756702263,2032,-0.05,0.0,-0.05,0.0,0.0,0.0,0.0,0.0,0,0,0
1756702263,2033,-0.05,0.0,0.0,0.0,0.0,0.0,0.0,0.0,0,0,0
1756702263,2034,0.0,0.0,-0.01,0.0,0.0,0.0,0.0,0.0,0,0,0
1756702263,2035,-0.03,0.0,0.0,0.0,0.0,0.0,0.0,0.0,0,0,0
1756702263,2036,0.03,0.0,-0.01,0.0,0.0,0.0,0.0,0.0,0,0,0
1756702263,2037,0.0,0.0,0.0,0.0,0.0,0.0,0.0,0.0,0,0,0
1756702263,2038,0.0,0.0,-0.01,0.0,0.0,0.0,0.0,0.0,0,0,0
1756702263,2039,0.05,0.0,0.0,0.0,0.0,0.0,0.0,0.0,0,0,0
1756702264,2040,0.0,0.0,-0.05,0.0,0.0,0.0,0.0,0.0,0,0,0
1756702264,2041,0.05,0.0,0.0,0.0,0.0,0.0,0.0,0.0,0,0,0
1756702264,2042,0.07,0.0,-0.01,0.0,0.0,0.0,0.0,0.0,0,0,0
1756702264,2043,0.05,0.0,0.0,0.0,0.0,0.0,0.0,0.0,0,0,0
1756702264,2044,0.0,0.0,0.02,0.0,0.0,0.0,0.0,0.0,0,0,0
1756702264,2045,0.03,0.0,0.02,0.0,0.0,0.0,0.0,0.0,0,0,0
1756702264,2046,-0.01,0.0,0.0,0.0,0.0,0.0,0.0,0.0,0,0,0
1756702264,2047,0.03,0.0,0.0,0.0,0.0,0.0,0.0,0.0,0,0,0
1756702264,2048,0.03,0.0,0.0,0.0,0.0,0.0,0.0,0.0,0,0,0
1756702264,2049,0.01,0.0,0.0,0.0,0.0,0.0,0.0,0.0,0,0,0
1756702264,2050,0.0,0.0,0.0,0.0,0.0,0.0,0.0,0.0,0,0,0
1756702264,2051,0.0,0.0,-0.07,0.0,0.0,0.0,0.0,0.0,0,0,0
1756702264,2052,-0.01,0.0,0.01,0.0,0.0,0.0,0.0,0.0,0,0,0
1756702264,2053,-0.02,0.0,-0.03,0.0,0.0,0.0,0.0,0.0,0,0,0
1756702264,2054,0.0,0.0,-0.01,0.0,0.0,0.0,0.0,0.0,0,0,0
1756702264,2055,0.0,0.0,-0.05,0.0,0.0,0.0,0.0,0.0,0,0,0
1756702264,2056,-0.01,0.0,-0.1,0.0,0.0,0.0,0.0,0.0,0,0,0
1756702264,2057,0.03,0.0,0.0,0.0,0.0,0.0,0.0,0.0,0,0,0
1756702264,2058,-0.01,0.0,-0.03,0.0,0.0,0.0,0.0,0.0,0,0,0
1756702264,2059,0.02,0.0,0.0,0.0,0.0,0.0,0.0,0.0,0,0,0
1756702264,2060,0.0,0.0,0.0,0.0,0.0,0.0,0.0,0.0,0,0,0
1756702264,2061,0.0,0.0,0.0,0.0,0.0,0.0,0.0,0.0,0,0,0
1756702264,2062,-0.03,0.0,0.0,0.0,0.0,0.0,0.0,0.0,0,0,0
1756702264,2063,-0.05,0.0,0.0,0.0,0.0,0.0,0.0,0.0,0,0,0
1756702264,2064,0.05,0.0,-0.05,0.0,0.0,0.0,0.0,0.0,0,0,0
1756702264,2065,0.0,0.0,-0.03,0.0,0.0,0.0,0.0,0.0,0,0,0
1756702264,2066,0.0,0.0,-0.02,0.0,0.0,0.0,0.0,0.0,0,0,0
1756702264,2067,0.0,0.0,-0.03,0.0,0.0,0.0,0.0,0.0,0,0,0
1756702264,2068,0.01,0.0,-0.01,0.0,0.0,0.0,0.0,0.0,0,0,0
1756702264,2069,-0.01,0.0,-0.02,0.0,0.0,0.0,0.0,0.0,0,0,0
1756702264,2070,0.03,0.0,-0.01,0.0,0.0,0.0,0.0,0.0,0,0,0
1756702264,2071,0.02,0.0,-0.01,0.0,0.0,0.0,0.0,0.0,0,0,0
1756702264,2072,0.0,0.0,-0.01,0.0,0.0,0.0,0.0,0.0,0,0,0
1756702264,2073,0.07,0.0,0.0,0.0,0.0,0.0,0.0,0.0,0,0,0
1756702264,2074,-0.05,0.0,-0.02,0.0,0.0,0.0,0.0,0.0,0,0,0
1756702264,2075,0.03,0.0,0.0,0.0,0.0,0.0,0.0,0.0,0,0,0
1756702264,2076,0.02,0.0,-0.02,0.0,0.0,0.0,0.0,0.0,0,0,0
1756702264,2077,0.02,0.0,0.0,0.0,0.0,0.0,0.0,0.0,0,0,0
1756702264,2078,0.03,0.0,-0.02,0.0,0.0,0.0,0.0,0.0,0,0,0
1756702264,2079,0.01,0.0,-0.05,0.0,0.0,0.0,0.0,0.0,0,0,0
1756702264,2080,0.01,0.0,-0.01,0.0,0.0,0.0,0.0,0.0,0,0,0
1756702264,2081,0.01,0.0,0.0,0.0,0.0,0.0,0.0,0.0,0,0,0
1756702264,2082,0.0,0.0,-0.02,0.0,0.0,0.0,0.0,0.0,0,0,0
1756702264,2083,-0.02,0.0,-0.07,0.0,0.0,0.0,0.0,0.0,0,0,0
1756702264,2084,0.0,0.0,-0.05,0.0,0.0,0.0,0.0,0.0,0,0,0
1756702264,2085,0.02,0.0,-0.07,0.0,0.0,0.0,0.0,0.0,0,0,0
1756702264,2086,0.0,0.0,0.0,0.0,0.0,0.0,0.0,0.0,0,0,0
1756702264,2087,0.0,0.0,-0.03,0.0,0.0,0.0,0.0,0.0,0,0,0
1756702264,2088,0.01,0.0,0.0,0.0,0.0,0.0,0.0,0.0,0,0,0
1756702264,2089,0.0,0.0,-0.02,0.0,0.0,0.0,0.0,0.0,0,0,0
1756702264,2090,0.0,0.0,0.0,0.0,0.0,0.0,0.0,0.0,0,0,0
1756702264,2091,0.07,0.0,-0.01,0.0,0.0,0.0,0.0,0.0,0,0,0
1756702264,2092,0.0,0.0,0.0,0.0,0.0,0.0,0.0,0.0,0,0,0
1756702264,2093,0.01,0.0,-0.02,0.0,0.0,0.0,0.0,0.0,0,0,0
1756702264,2094,-0.03,0.0,0.0,0.0,0.0,0.0,0.0,0.0,0,0,0
1756702264,2095,0.01,0.0,-0.02,0.0,0.0,0.0,0.0,0.0,0,0,0
1756702264,2096,-0.02,0.0,0.0,0.0,0.0,0.0,0.0,0.0,0,0,0
1756702264,2097,0.01,0.0,-0.01,0.0,0.0,0.0,0.0,0.0,0,0,0
1756702264,2098,0.05,0.0,0.0,0.0,0.0,0.0,0.0,0.0,0,0,0
1756702264,2099,0.03,0.0,-0.03,0.0,0.0,0.0,0.0,0.0,0,0,0
1756702264,2100,0.0,0.0,0.0,0.0,0.0,0.0,0.0,0.0,0,0,0
1756702264,2101,0.0,0.0,0.0,0.0,0.0,0.0,0.0,0.0,0,0,0
1756702264,2102,0.03,0.0,0.0,0.0,0.0,0.0,0.0,0.0,0,0,0
1756702264,2103,0.0,0.0,0.0,0.0,0.0,0.0,0.0,0.0,0,0,0
1756702265,2104,-0.02,0.0,-0.02,0.0,0.0,0.0,0.0,0.0,0,0,0
1756702265,2105,-0.01,0.0,0.0,0.0,0.0,0.0,0.0,0.0,0,0,0
1756702265,2106,0.0,0.0,-0.02,0.0,0.0,0.0,0.0,0.0,0,0,0
1756702265,2107,0.05,0.0,-0.02,0.0,0.0,0.0,0.0,0.0,0,0,0
1756702265,2108,0.07,0.0,0.01,0.0,0.0,0.0,0.0,0.0,0,0,0
1756702265,2109,0.0,0.0,-0.01,0.0,0.0,0.0,0.0,0.0,0,0,0
1756702265,2110,0.0,0.0,0.0,0.0,0.0,0.0,0.0,0.0,0,0,0
1756702265,2111,0.0,0.0,0.01,0.0,0.0,0.0,0.0,0.0,0,0,0
1756702265,2112,0.03,0.0,0.0,0.0,0.0,0.0,0.0,0.0,0,0,0
1756702265,2113,0.0,0.0,-0.07,0.0,0.0,0.0,0.0,0.0,0,0,0
1756702265,2114,0.01,0.0,0.0,0.0,0.0,0.0,0.0,0.0,0,0,0
1756702265,2115,0.0,0.0,0.0,0.0,0.0,0.0,0.0,0.0,0,0,0
1756702265,2116,-0.05,0.0,0.0,0.0,0.0,0.0,0.0,0.0,0,0,0
1756702265,2117,-0.05,0.0,0.02,0.0,0.0,0.0,0.0,0.0,0,0,0
1756702265,2118,-0.07,0.0,-0.01,0.0,0.0,0.0,0.0,0.0,0,0,0
1756702265,2119,0.0,0.0,0.0,0.0,0.0,0.0,0.0,0.0,0,0,0
1756702265,2120,0.0,0.0,0.0,0.0,0.0,0.0,0.0,0.0,0,0,0
1756702265,2121,0.05,0.0,-0.05,0.0,0.0,0.0,0.0,0.0,0,0,0
1756702265,2122,-0.03,0.0,0.0,0.0,0.0,0.0,0.0,0.0,0,0,0
1756702265,2123,0.05,0.0,0.05,0.0,0.0,0.0,0.0,0.0,0,0,0
1756702265,2124,0.0,0.0,-0.02,0.0,0.0,0.0,0.0,0.0,0,0,0
1756702265,2125,-0.07,0.0,0.0,0.0,0.0,0.0,0.0,0.0,0,0,0
1756702265,2126,0.0,0.0,-0.01,0.0,0.0,0.0,0.0,0.0,0,0,0
1756702265,2127,0.01,0.0,-0.03,0.0,0.0,0.0,0.0,0.0,0,0,0
1756702265,2128,0.0,0.0,-0.02,0.0,0.0,0.0,0.0,0.0,0,0,0
1756702265,2129,0.0,0.0,-0.12,0.0,0.0,0.0,0.0,0.0,0,0,0
1756702265,2130,0.0,0.0,0.02,0.0,0.0,0.0,0.0,0.0,0,0,0
1756702265,2131,0.0,0.0,-0.02,0.0,0.0,0.0,0.0,0.0,0,0,0
1756702265,2132,0.0,0.0,-0.02,0.0,0.0,0.0,0.0,0.0,0,0,0
1756702265,2133,0.0,0.0,-0.01,0.0,0.0,0.0,0.0,0.0,0,0,0
1756702265,2134,-0.01,0.0,0.0,0.0,0.0,0.0,0.0,0.0,0,0,0
1756702265,2135,0.0,0.0,-0.01,0.0,0.0,0.0,0.0,0.0,0,0,0
1756702265,2136,-0.01,0.0,-0.02,0.0,0.0,0.0,0.0,0.0,0,0,0
1756702265,2137,-0.01,0.0,-0.01,0.0,0.0,0.0,0.0,0.0,0,0,0
1756702265,2138,0.0,0.0,0.0,0.0,0.0,0.0,0.0,0.0,0,0,0
1756702265,2139,-0.02,0.0,-0.01,0.0,0.0,0.0,0.0,0.0,0,0,0
1756702265,2140,0.05,0.0,0.09,0.0,0.0,0.0,0.0,0.0,0,0,0
1756702265,2141,0.0,0.0,0.0,0.0,0.0,0.0,0.0,0.0,0,0,0
1756702265,2142,0.0,0.0,-0.05,0.0,0.0,0.0,0.0,0.0,0,0,0
1756702265,2143,-0.05,0.0,0.0,0.0,0.0,0.0,0.0,0.0,0,0,0
1756702265,2144,-0.05,0.0,-0.03,0.0,0.0,0.0,0.0,0.0,0,0,0
1756702265,2145,0.0,0.0,-0.1,0.0,0.0,0.0,0.0,0.0,0,0,0
1756702265,2146,-0.03,0.0,-0.03,0.0,0.0,0.0,0.0,0.0,0,0,0
1756702265,2147,0.07,0.0,-0.03,0.0,0.0,0.0,0.0,0.0,0,0,0
1756702265,2148,0.01,0.0,-0.05,0.0,0.0,0.0,0.0,0.0,0,0,0
1756702265,2149,-0.05,0.0,0.01,0.0,0.0,0.0,0.0,0.0,0,0,0
1756702265,2150,0.05,0.0,0.0,0.0,0.0,0.0,0.0,0.0,0,0,0
1756702265,2151,0.0,0.0,-0.02,0.0,0.0,0.0,0.0,0.0,0,0,0
1756702265,2152,0.0,0.0,-0.05,0.0,0.0,0.0,0.0,0.0,0,0,0
1756702265,2153,0.02,0.0,-0.05,0.0,0.0,0.0,0.0,0.0,0,0,0
1756702265,2154,0.1,0.0,-0.02,0.0,0.0,0.0,0.0,0.0,0,0,0
1756702265,2155,0.0,0.0,0.0,0.0,0.0,0.0,0.0,0.0,0,0,0
1756702265,2156,0.0,0.0,0.03,0.0,0.0,0.0,0.0,0.0,0,0,0
1756702265,2157,0.0,0.0,-0.01,0.0,0.0,0.0,0.0,0.0,0,0,0
1756702265,2158,-0.01,0.0,-0.05,0.0,0.0,0.0,0.0,0.0,0,0,0
1756702265,2159,0.02,0.0,0.03,0.0,0.0,0.0,0.0,0.0,0,0,0
1756702265,2160,0.0,0.0,-0.05,0.0,0.0,0.0,0.0,0.0,0,0,0
1756702265,2161,0.05,0.0,0.0,0.0,0.0,0.0,0.0,0.0,0,0,0
1756702265,2162,-0.01,0.0,0.0,0.0,0.0,0.0,0.0,0.0,0,0,0
1756702265,2163,0.0,0.0,0.0,0.0,0.0,0.0,0.0,0.0,0,0,0
1756702265,2164,0.01,0.0,0.0,0.0,0.0,0.0,0.0,0.0,0,0,0
1756702265,2165,-0.12,0.0,-0.02,0.0,0.0,0.0,0.0,0.0,0,0,0
1756702265,2166,0.0,0.0,-0.02,0.0,0.0,0.0,0.0,0.0,0,0,0
1756702265,2167,0.0,0.0,-0.02,0.0,0.0,0.0,0.0,0.0,0,0,0
1756702265,2168,0.02,0.0,0.0,0.0,0.0,0.0,0.0,0.0,0,0,0
1756702266,2169,0.07,0.0,-0.03,0.0,0.0,0.0,0.0,0.0,0,0,0
1756702266,2170,0.0,0.0,-0.05,0.0,0.0,0.0,0.0,0.0,0,0,0
1756702266,2171,0.02,0.0,-0.03,0.0,0.0,0.0,0.0,0.0,0,0,0
1756702266,2172,0.01,0.0,-0.02,0.0,0.0,0.0,0.0,0.0,0,0,0
1756702266,2173,0.0,0.0,0.0,0.0,0.0,0.0,0.0,0.0,0,0,0
1756702266,2174,0.0,0.0,-0.02,0.0,0.0,0.0,0.0,0.0,0,0,0
1756702266,2175,0.0,0.0,-0.01,0.0,0.0,0.0,0.0,0.0,0,0,0
1756702266,2176,0.03,0.0,0.0,0.0,0.0,0.0,0.0,0.0,0,0,0
1756702266,2177,0.0,0.0,0.0,0.0,0.0,0.0,0.0,0.0,0,0,0
1756702266,2178,0.0,0.0,-0.02,0.0,0.0,0.0,0.0,0.0,0,0,0
1756702266,2179,0.0,0.0,-0.03,0.0,0.0,0.0,0.0,0.0,0,0,0
1756702266,2180,-0.07,0.0,0.0,0.0,0.0,0.0,0.0,0.0,0,0,0
1756702266,2181,0.02,0.0,0.0,0.0,0.0,0.0,0.0,0.0,0,0,0
1756702266,2182,0.0,0.0,0.01,0.0,0.0,0.0,0.0,0.0,0,0,0
1756702266,2183,0.0,0.0,-0.07,0.0,0.0,0.0,0.0,0.0,0,0,0
1756702266,2184,-0.01,0.0,0.0,0.0,0.0,0.0,0.0,0.0,0,0,0
