EpochTimestamp,TStep,Data 0,Data 1,Data 2,Data 3,Data 4,Data 5,Data 6,Data 7,Data 8,Data 9,Mark
1756703564,1,-0.01,0.0,0.0,0.0,0.0,0.0,0.0,0.0,0,0,0
1756703564,2,-0.01,0.0,0.0,0.0,0.0,0.0,0.0,0.0,0,0,0
1756703564,3,-0.03,0.0,-0.01,0.0,0.0,0.0,0.0,0.0,0,0,0
1756703564,4,-0.05,0.0,0.07,0.0,0.0,0.0,0.0,0.0,0,0,0
1756703564,5,0.0,0.0,0.0,0.0,0.0,0.0,0.0,0.0,0,0,0
1756703564,6,0.05,0.0,0.0,0.0,0.0,0.0,0.0,0.0,0,0,0
1756703564,7,-0.1,0.0,0.0,0.0,0.0,0.0,0.0,0.0,0,0,0
1756703564,8,0.0,0.0,0.01,0.0,0.0,0.0,0.0,0.0,0,0,0
1756703564,9,-0.02,0.0,-0.01,0.0,0.0,0.0,0.0,0.0,0,0,0
1756703564,10,0.0,0.0,0.02,0.0,0.0,0.0,0.0,0.0,0,0,0
1756703564,11,0.0,0.0,0.0,0.0,0.0,0.0,0.0,0.0,0,0,0
1756703564,12,-0.05,0.0,-0.01,0.0,0.0,0.0,0.0,0.0,0,0,0
1756703564,13,0.02,0.0,0.0,0.0,0.0,0.0,0.0,0.0,0,0,0
1756703564,14,-0.01,0.0,0.0,0.0,0.0,0.0,0.0,0.0,0,0,0
1756703564,15,0.0,0.0,-0.05,0.0,0.0,0.0,0.0,0.0,0,0,0
1756703565,16,0.0,0.0,0.0,0.0,0.0,0.0,0.0,0.0,0,0,0
1756703565,17,0.05,0.0,0.0,0.0,0.0,0.0,0.0,0.0,0,0,0
1756703565,18,-0.02,0.0,0.0,0.0,0.0,0.0,0.0,0.0,0,0,0
1756703565,19,-0.03,0.0,0.0,0.0,0.0,0.0,0.0,0.0,0,0,0
1756703565,20,0.0,0.0,0.0,0.0,0.0,0.0,0.0,0.0,0,0,0
1756703565,21,-0.09,0.0,0.0,0.0,0.0,0.0,0.0,0.0,0,0,0
1756703565,22,0.01,0.0,0.0,0.0,0.0,0.0,0.0,0.0,0,0,0
1756703565,23,0.0,0.0,0.0,0.0,0.0,0.0,0.0,0.0,0,0,0
1756703565,24,0.01,0.0,0.0,0.0,0.0,0.0,0.0,0.0,0,0,0
1756703565,25,-0.02,0.0,-0.01,0.0,0.0,0.0,0.0,0.0,0,0,0
1756703565,26,0.0,0.0,0.0,0.0,0.0,0.0,0.0,0.0,0,0,0
1756703565,27,0.0,0.0,0.0,0.0,0.0,0.0,0.0,0.0,0,0,0
1756703565,28,0.0,0.0,-0.05,0.0,0.0,0.0,0.0,0.0,0,0,0
1756703565,29,-0.01,0.0,0.0,0.0,0.0,0.0,0.0,0.0,0,0,0
1756703565,30,-0.03,0.0,0.0,0.0,0.0,0.0,0.0,0.0,0,0,0
1756703565,31,0.09,0.0,0.0,0.0,0.0,0.0,0.0,0.0,0,0,0
1756703565,32,0.0,0.0,0.0,0.0,0.0,0.0,0.0,0.0,0,0,0
1756703565,33,0.0,0.0,0.0,0.0,0.0,0.0,0.0,0.0,0,0,0
1756703565,34,-0.07,0.0,0.02,0.0,0.0,0.0,0.0,0.0,0,0,0
1756703565,35,0.01,0.0,0.0,0.0,0.0,0.0,0.0,0.0,0,0,0
1756703565,36,-0.03,0.0,-0.01,0.0,0.0,0.0,0.0,0.0,0,0,0
1756703565,37,0.0,0.0,0.0,0.0,0.0,0.0,0.0,0.0,0,0,0
1756703565,38,0.05,0.0,-0.03,0.0,0.0,0.0,0.0,0.0,0,0,0
1756703565,39,0.03,0.0,-0.01,0.0,0.0,0.0,0.0,0.0,0,0,0
1756703565,40,0.0,0.0,-0.1,0.0,0.0,0.0,0.0,0.0,0,0,0
1756703565,41,-0.03,0.0,0.0,0.0,0.0,0.0,0.0,0.0,0,0,0
1756703565,42,0.0,0.0,0.0,0.0,0.0,0.0,0.0,0.0,0,0,0
1756703565,43,0.01,0.0,0.0,0.0,0.0,0.0,0.0,0.0,0,0,0
1756703565,44,-0.01,0.0,-0.02,0.0,0.0,0.0,0.0,0.0,0,0,0
1756703565,45,0.0,0.0,0.0,0.0,0.0,0.0,0.0,0.0,0,0,0
1756703565,46,-0.01,0.0,0.0,0.0,0.0,0.0,0.0,0.0,0,0,0
1756703565,47,0.0,0.0,0.0,0.0,0.0,0.0,0.0,0.0,0,0,0
1756703565,48,0.0,0.0,-0.02,0.0,0.0,0.0,0.0,0.0,0,0,0
1756703565,49,0.0,0.0,0.0,0.0,0.0,0.0,0.0,0.0,0,0,0
1756703565,50,0.02,0.0,0.0,0.0,0.0,0.0,0.0,0.0,0,0,0
1756703565,51,-0.17,0.0,0.0,0.0,0.0,0.0,0.0,0.0,0,0,0
1756703565,52,-0.02,0.0,-0.05,0.0,0.0,0.0,0.0,0.0,0,0,0
1756703565,53,0.0,0.0,0.0,0.0,0.0,0.0,0.0,0.0,0,0,0
1756703565,54,0.05,0.0,0.0,0.0,0.0,0.0,0.0,0.0,0,0,0
1756703565,55,0.0,0.0,0.0,0.0,0.0,0.0,0.0,0.0,0,0,0
1756703565,56,0.0,0.0,-0.05,0.0,0.0,0.0,0.0,0.0,0,0,0
1756703565,57,0.03,0.0,-0.07,0.0,0.0,0.0,0.0,0.0,0,0,0
1756703565,58,0.0,0.0,-0.05,0.0,0.0,0.0,0.0,0.0,0,0,0
1756703565,59,0.03,0.0,0.0,0.0,0.0,0.0,0.0,0.0,0,0,0
1756703565,60,0.03,0.0,-0.07,0.0,0.0,0.0,0.0,0.0,0,0,0
1756703565,61,0.03,0.0,0.09,0.0,0.0,0.0,0.0,0.0,0,0,0
1756703565,62,0.03,0.0,0.01,0.0,0.0,0.0,0.0,0.0,0,0,0
1756703565,63,0.01,0.0,-0.01,0.0,0.0,0.0,0.0,0.0,0,0,0
1756703565,64,0.02,0.0,-0.02,0.0,0.0,0.0,0.0,0.0,0,0,0
1756703565,65,0.0,0.0,-0.02,0.0,0.0,0.0,0.0,0.0,0,0,0
1756703565,66,0.0,0.0,0.0,0.0,0.0,0.0,0.0,0.0,0,0,0
1756703565,67,0.0,0.0,-0.03,0.0,0.0,0.0,0.0,0.0,0,0,0
1756703565,68,0.0,0.0,-0.01,0.0,0.0,0.0,0.0,0.0,0,0,0
1756703565,69,0.0,0.0,-0.03,0.0,0.0,0.0,0.0,0.0,0,0,0
1756703565,70,0.0,0.0,0.0,0.0,0.0,0.0,0.0,0.0,0,0,0
1756703565,71,0.01,0.0,0.0,0.0,0.0,0.0,0.0,0.0,0,0,0
1756703565,72,0.01,0.0,-0.03,0.0,0.0,0.0,0.0,0.0,0,0,0
1756703565,73,0.02,0.0,0.0,0.0,0.0,0.0,0.0,0.0,0,0,0
1756703565,74,0.03,0.0,0.01,0.0,0.0,0.0,0.0,0.0,0,0,0
1756703565,75,0.01,0.0,-0.05,0.0,0.0,0.0,0.0,0.0,0,0,0
1756703565,76,0.02,0.0,0.0,0.0,0.0,0.0,0.0,0.0,0,0,0
1756703565,77,-0.05,0.0,0.0,0.0,0.0,0.0,0.0,0.0,0,0,0
1756703565,78,0.05,0.0,0.02,0.0,0.0,0.0,0.0,0.0,0,0,0
1756703565,79,0.0,0.0,0.0,0.0,0.0,0.0,0.0,0.0,0,0,0
1756703565,80,0.01,0.0,-0.05,0.0,0.0,0.0,0.0,0.0,0,0,0
1756703565,81,0.0,0.0,0.0,0.0,0.0,0.0,0.0,0.0,0,0,0
1756703565,82,0.02,0.0,-0.01,0.0,0.0,0.0,0.0,0.0,0,0,0
1756703566,83,0.02,0.0,0.0,0.0,0.0,0.0,0.0,0.0,0,0,0
1756703566,84,0.02,0.0,-0.01,0.0,0.0,0.0,0.0,0.0,0,0,0
1756703566,85,0.0,0.0,0.0,0.0,0.0,0.0,0.0,0.0,0,0,0
1756703566,86,0.01,0.0,0.0,0.0,0.0,0.0,0.0,0.0,0,0,0
1756703566,87,0.01,0.0,-0.03,0.0,0.0,0.0,0.0,0.0,0,0,0
1756703566,88,0.0,0.0,0.0,0.0,0.0,0.0,0.0,0.0,0,0,0
1756703566,89,-0.01,0.0,-0.03,0.0,0.0,0.0,0.0,0.0,0,0,0
1756703566,90,0.0,0.0,-0.01,0.0,0.0,0.0,0.0,0.0,0,0,0
1756703566,91,-0.03,0.0,-0.02,0.0,0.0,0.0,0.0,0.0,0,0,0
1756703566,92,-0.09,0.0,-0.02,0.0,0.0,0.0,0.0,0.0,0,0,0
1756703566,93,0.05,0.0,-0.07,0.0,0.0,0.0,0.0,0.0,0,0,0
1756703566,94,0.0,0.0,0.0,0.0,0.0,0.0,0.0,0.0,0,0,0
1756703566,95,-0.01,0.0,0.0,0.0,0.0,0.0,0.0,0.0,0,0,0
1756703566,96,0.0,0.0,-0.01,0.0,0.0,0.0,0.0,0.0,0,0,0
1756703566,97,0.05,0.0,-0.05,0.0,0.0,0.0,0.0,0.0,0,0,0
1756703566,98,0.03,0.0,0.0,0.0,0.0,0.0,0.0,0.0,0,0,0
1756703566,99,0.02,0.0,0.0,0.0,0.0,0.0,0.0,0.0,0,0,0
1756703566,100,0.03,0.0,-0.05,0.0,0.0,0.0,0.0,0.0,0,0,0
1756703566,101,0.02,0.0,-0.02,0.0,0.0,0.0,0.0,0.0,0,0,0
1756703566,102,0.0,0.0,0.05,0.0,0.0,0.0,0.0,0.0,0,0,0
1756703566,103,0.02,0.0,-0.05,0.0,0.0,0.0,0.0,0.0,0,0,0
1756703566,104,0.0,0.0,-0.07,0.0,0.0,0.0,0.0,0.0,0,0,0
1756703566,105,0.0,0.0,0.0,0.0,0.0,0.0,0.0,0.0,0,0,0
1756703566,106,0.0,0.0,0.0,0.0,0.0,0.0,0.0,0.0,0,0,0
1756703566,107,0.1,0.0,0.0,0.0,0.0,0.0,0.0,0.0,0,0,0
1756703566,108,0.05,0.0,0.0,0.0,0.0,0.0,0.0,0.0,0,0,0
1756703566,109,0.0,0.0,0.0,0.0,0.0,0.0,0.0,0.0,0,0,0
1756703566,110,0.01,0.0,-0.01,0.0,0.0,0.0,0.0,0.0,0,0,0
1756703566,111,0.0,0.0,0.0,0.0,0.0,0.0,0.0,0.0,0,0,0
1756703566,112,0.03,0.0,0.0,0.0,0.0,0.0,0.0,0.0,0,0,0
1756703566,113,0.01,0.0,-0.02,0.0,0.0,0.0,0.0,0.0,0,0,0
1756703566,114,0.01,0.0,-0.01,0.0,0.0,0.0,0.0,0.0,0,0,0
1756703566,115,0.05,0.0,-0.1,0.0,0.0,0.0,0.0,0.0,0,0,0
1756703566,116,0.07,0.0,-0.02,0.0,0.0,0.0,0.0,0.0,0,0,0
1756703566,117,0.0,0.0,0.0,0.0,0.0,0.0,0.0,0.0,0,0,0
1756703566,118,0.0,0.0,-0.09,0.0,0.0,0.0,0.0,0.0,0,0,0
1756703566,119,0.05,0.0,-0.02,0.0,0.0,0.0,0.0,0.0,0,0,0
1756703566,120,0.03,0.0,-0.05,0.0,0.0,0.0,0.0,0.0,0,0,0
1756703566,121,0.0,0.0,-0.03,0.0,0.0,0.0,0.0,0.0,0,0,0
1756703566,122,0.03,0.0,0.0,0.0,0.0,0.0,0.0,0.0,0,0,0
1756703566,123,0.01,0.0,0.0,0.0,0.0,0.0,0.0,0.0,0,0,0
1756703566,124,0.0,0.0,-0.01,0.0,0.0,0.0,0.0,0.0,0,0,0
1756703566,125,0.0,0.0,-0.01,0.0,0.0,0.0,0.0,0.0,0,0,0
1756703566,126,0.0,0.0,-0.01,0.0,0.0,0.0,0.0,0.0,0,0,0
1756703566,127,0.0,0.0,-0.05,0.0,0.0,0.0,0.0,0.0,0,0,0
1756703566,128,0.0,0.0,0.0,0.0,0.0,0.0,0.0,0.0,0,0,0
1756703566,129,0.0,0.0,0.0,0.0,0.0,0.0,0.0,0.0,0,0,0
1756703566,130,0.0,0.0,0.0,0.0,0.0,0.0,0.0,0.0,0,0,0
1756703566,131,0.0,0.0,0.02,0.0,0.0,0.0,0.0,0.0,0,0,0
1756703566,132,0.01,0.0,0.0,0.0,0.0,0.0,0.0,0.0,0,0,0
1756703566,133,0.0,0.0,0.05,0.0,0.0,0.0,0.0,0.0,0,0,0
1756703566,134,0.0,0.0,0.0,0.0,0.0,0.0,0.0,0.0,0,0,0
1756703566,135,0.01,0.0,-0.03,0.0,0.0,0.0,0.0,0.0,0,0,0
1756703566,136,0.0,0.0,-0.07,0.0,0.0,0.0,0.0,0.0,0,0,0
1756703566,137,0.01,0.0,-0.02,0.0,0.0,0.0,0.0,0.0,0,0,0
1756703566,138,0.02,0.0,0.0,0.0,0.0,0.0,0.0,0.0,0,0,0
1756703566,139,0.02,0.0,0.09,0.0,0.0,0.0,0.0,0.0,0,0,0
1756703566,140,0.0,0.0,-0.07,0.0,0.0,0.0,0.0,0.0,0,0,0
1756703566,141,0.0,0.0,-0.05,0.0,0.0,0.0,0.0,0.0,0,0,0
1756703566,142,0.0,0.0,0.0,0.0,0.0,0.0,0.0,0.0,0,0,0
1756703566,143,0.03,0.0,-0.05,0.0,0.0,0.0,0.0,0.0,0,0,0
1756703566,144,0.03,0.0,0.0,0.0,0.0,0.0,0.0,0.0,0,0,0
1756703566,145,0.0,0.0,0.01,0.0,0.0,0.0,0.0,0.0,0,0,0
1756703566,146,0.02,0.0,-0.03,0.0,0.0,0.0,0.0,0.0,0,0,0
1756703566,147,0.01,0.0,0.0,0.0,0.0,0.0,0.0,0.0,0,0,0
1756703566,148,0.03,0.0,-0.02,0.0,0.0,0.0,0.0,0.0,0,0,0
1756703567,149,0.01,0.0,-0.01,0.0,0.0,0.0,0.0,0.0,0,0,0
1756703567,150,0.0,0.0,0.0,0.0,0.0,0.0,0.0,0.0,0,0,0
1756703567,151,0.0,0.0,-0.03,0.0,0.0,0.0,0.0,0.0,0,0,0
1756703567,152,0.01,0.0,-0.07,0.0,0.0,0.0,0.0,0.0,0,0,0
1756703567,153,0.05,0.0,0.0,0.0,0.0,0.0,0.0,0.0,0,0,0
1756703567,154,0.03,0.0,0.0,0.0,0.0,0.0,0.0,0.0,0,0,0
1756703567,155,0.0,0.0,-0.03,0.0,0.0,0.0,0.0,0.0,0,0,0
1756703567,156,-0.05,0.0,-0.01,0.0,0.0,0.0,0.0,0.0,0,0,0
1756703567,157,0.0,0.0,-0.03,0.0,0.0,0.0,0.0,0.0,0,0,0
1756703567,158,0.0,0.0,0.0,0.0,0.0,0.0,0.0,0.0,0,0,0
1756703567,159,-0.05,0.0,-0.03,0.0,0.0,0.0,0.0,0.0,0,0,0
1756703567,160,-0.02,0.0,-0.03,0.0,0.0,0.0,0.0,0.0,0,0,0
1756703567,161,0.0,0.0,-0.05,0.0,0.0,0.0,0.0,0.0,0,0,0
1756703567,162,0.0,0.0,-0.07,0.0,0.0,0.0,0.0,0.0,0,0,0
1756703567,163,0.0,0.0,0.0,0.0,0.0,0.0,0.0,0.0,0,0,0
1756703567,164,0.01,0.0,0.0,0.0,0.0,0.0,0.0,0.0,0,0,0
1756703567,165,-0.02,0.0,-0.11,0.0,0.0,0.0,0.0,0.0,0,0,0
1756703567,166,0.03,0.0,-0.02,0.0,0.0,0.0,0.0,0.0,0,0,0
1756703567,167,0.0,0.0,0.03,0.0,0.0,0.0,0.0,0.0,0,0,0
1756703567,168,-0.1,0.0,0.02,0.0,0.0,0.0,0.0,0.0,0,0,0
1756703567,169,0.02,0.0,-0.01,0.0,0.0,0.0,0.0,0.0,0,0,0
1756703567,170,0.05,0.0,0.0,0.0,0.0,0.0,0.0,0.0,0,0,0
1756703567,171,0.03,0.0,-0.05,0.0,0.0,0.0,0.0,0.0,0,0,0
1756703567,172,0.02,0.0,0.0,0.0,0.0,0.0,0.0,0.0,0,0,0
1756703567,173,-0.02,0.0,0.05,0.0,0.0,0.0,0.0,0.0,0,0,0
1756703567,174,-0.02,0.0,-0.09,0.0,0.0,0.0,0.0,0.0,0,0,0
1756703567,175,0.14,0.0,0.01,0.0,0.0,0.0,0.0,0.0,0,0,0
1756703567,176,0.0,0.0,0.0,0.0,0.0,0.0,0.0,0.0,0,0,0
1756703567,177,0.0,0.0,0.02,0.0,0.0,0.0,0.0,0.0,0,0,0
1756703567,178,0.0,0.0,-0.02,0.0,0.0,0.0,0.0,0.0,0,0,0
1756703567,179,-0.02,0.0,-0.01,0.0,0.0,0.0,0.0,0.0,0,0,0
1756703567,180,0.0,0.0,0.0,0.0,0.0,0.0,0.0,0.0,0,0,0
1756703567,181,-0.03,0.0,0.0,0.0,0.0,0.0,0.0,0.0,0,0,0
1756703567,182,0.0,0.0,-0.03,0.0,0.0,0.0,0.0,0.0,0,0,0
1756703567,183,0.0,0.0,-0.01,0.0,0.0,0.0,0.0,0.0,0,0,0
1756703567,184,0.01,0.0,0.0,0.0,0.0,0.0,0.0,0.0,0,0,0
1756703567,185,-0.01,0.0,-0.02,0.0,0.0,0.0,0.0,0.0,0,0,0
1756703567,186,0.0,0.0,0.0,0.0,0.0,0.0,0.0,0.0,0,0,0
1756703567,187,0.07,0.0,-0.02,0.0,0.0,0.0,0.0,0.0,0,0,0
1756703567,188,0.0,0.0,-0.03,0.0,0.0,0.0,0.0,0.0,0,0,0
1756703567,189,0.03,0.0,0.0,0.0,0.0,0.0,0.0,0.0,0,0,0
1756703567,190,0.0,0.0,-0.01,0.0,0.0,0.0,0.0,0.0,0,0,0
1756703567,191,0.0,0.0,-0.01,0.0,0.0,0.0,0.0,0.0,0,0,0
1756703567,192,0.0,0.0,0.0,0.0,0.0,0.0,0.0,0.0,0,0,0
1756703567,193,0.0,0.0,0.0,0.0,0.0,0.0,0.0,0.0,0,0,0
1756703567,194,0.0,0.0,0.0,0.0,0.0,0.0,0.0,0.0,0,0,0
1756703567,195,-0.01,0.0,-0.01,0.0,0.0,0.0,0.0,0.0,0,0,0
1756703567,196,0.01,0.0,-0.05,0.0,0.0,0.0,0.0,0.0,0,0,0
1756703567,197,0.05,0.0,-0.01,0.0,0.0,0.0,0.0,0.0,0,0,0
1756703567,198,0.0,0.0,0.0,0.0,0.0,0.0,0.0,0.0,0,0,0
1756703567,199,0.01,0.0,-0.01,0.0,0.0,0.0,0.0,0.0,0,0,0
1756703567,200,0.0,0.0,-0.01,0.0,0.0,0.0,0.0,0.0,0,0,0
1756703567,201,0.05,0.0,-0.07,0.0,0.0,0.0,0.0,0.0,0,0,0
1756703567,202,0.0,0.0,0.0,0.0,0.0,0.0,0.0,0.0,0,0,0
1756703567,203,-0.02,0.0,0.0,0.0,0.0,0.0,0.0,0.0,0,0,0
1756703567,204,0.05,0.0,0.0,0.0,0.0,0.0,0.0,0.0,0,0,0
1756703567,205,0.05,0.0,-0.05,0.0,0.0,0.0,0.0,0.0,0,0,0
1756703567,206,0.0,0.0,-0.02,0.0,0.0,0.0,0.0,0.0,0,0,0
1756703567,207,0.01,0.0,0.0,0.0,0.0,0.0,0.0,0.0,0,0,0
1756703567,208,0.0,0.0,0.0,0.0,0.0,0.0,0.0,0.0,0,0,0
1756703567,209,0.0,0.0,0.0,0.0,0.0,0.0,0.0,0.0,0,0,0
1756703567,210,0.0,0.0,0.0,0.0,0.0,0.0,0.0,0.0,0,0,0
1756703567,211,0.01,0.0,0.07,0.0,0.0,0.0,0.0,0.0,0,0,0
1756703567,212,0.05,0.0,0.02,0.0,0.0,0.0,0.0,0.0,0,0,0
1756703567,213,0.01,0.0,-0.09,0.0,0.0,0.0,0.0,0.0,0,0,0
1756703567,214,0.01,0.0,0.0,0.0,0.0,0.0,0.0,0.0,0,0,0
1756703568,215,0.0,0.0,-0.01,0.0,0.0,0.0,0.0,0.0,0,0,0
1756703568,216,0.05,0.0,-0.01,0.0,0.0,0.0,0.0,0.0,0,0,0
1756703568,217,0.01,0.0,-0.01,0.0,0.0,0.0,0.0,0.0,0,0,0
1756703568,218,0.0,0.0,-0.07,0.0,0.0,0.0,0.0,0.0,0,0,0
1756703568,219,0.02,0.0,0.0,0.0,0.0,0.0,0.0,0.0,0,0,0
1756703568,220,0.0,0.0,-0.14,0.0,0.0,0.0,0.0,0.0,0,0,0
1756703568,221,-0.01,0.0,0.0,0.0,0.0,0.0,0.0,0.0,0,0,0
1756703568,222,0.0,0.0,-0.01,0.0,0.0,0.0,0.0,0.0,0,0,0
1756703568,223,0.0,0.0,-0.02,0.0,0.0,0.0,0.0,0.0,0,0,0
1756703568,224,0.0,0.0,-0.03,0.0,0.0,0.0,0.0,0.0,0,0,0
1756703568,225,0.01,0.0,-0.01,0.0,0.0,0.0,0.0,0.0,0,0,0
1756703568,226,0.01,0.0,-0.01,0.0,0.0,0.0,0.0,0.0,0,0,0
1756703568,227,0.0,0.0,-0.05,0.0,0.0,0.0,0.0,0.0,0,0,0
1756703568,228,0.07,0.0,-0.05,0.0,0.0,0.0,0.0,0.0,0,0,0
1756703568,229,0.0,0.0,0.0,0.0,0.0,0.0,0.0,0.0,0,0,0
1756703568,230,0.01,0.0,-0.03,0.0,0.0,0.0,0.0,0.0,0,0,0
1756703568,231,0.02,0.0,0.0,0.0,0.0,0.0,0.0,0.0,0,0,0
1756703568,232,-0.07,0.0,-0.03,0.0,0.0,0.0,0.0,0.0,0,0,0
1756703568,233,-0.03,0.0,0.0,0.0,0.0,0.0,0.0,0.0,0,0,0
1756703568,234,0.0,0.0,0.02,0.0,0.0,0.0,0.0,0.0,0,0,0
1756703568,235,0.0,0.0,-0.01,0.0,0.0,0.0,0.0,0.0,0,0,0
1756703568,236,0.03,0.0,0.0,0.0,0.0,0.0,0.0,0.0,0,0,0
1756703568,237,0.02,0.0,0.0,0.0,0.0,0.0,0.0,0.0,0,0,0
1756703568,238,0.0,0.0,-0.03,0.0,0.0,0.0,0.0,0.0,0,0,0
1756703568,239,0.0,0.0,0.0,0.0,0.0,0.0,0.0,0.0,0,0,0
1756703568,240,0.0,0.0,-0.02,0.0,0.0,0.0,0.0,0.0,0,0,0
1756703568,241,0.05,0.0,-0.03,0.0,0.0,0.0,0.0,0.0,0,0,0
1756703568,242,0.01,0.0,0.0,0.0,0.0,0.0,0.0,0.0,0,0,0
1756703568,243,0.01,0.0,-0.02,0.0,0.0,0.0,0.0,0.0,0,0,0
1756703568,244,-0.02,0.0,0.0,0.0,0.0,0.0,0.0,0.0,0,0,0
1756703568,245,0.0,0.0,-0.03,0.0,0.0,0.0,0.0,0.0,0,0,0
1756703568,246,0.0,0.0,-0.07,0.0,0.0,0.0,0.0,0.0,0,0,0
1756703568,247,0.0,0.0,-0.05,0.0,0.0,0.0,0.0,0.0,0,0,0
1756703568,248,0.0,0.0,0.0,0.0,0.0,0.0,0.0,0.0,0,0,0
1756703568,249,0.02,0.0,0.0,0.0,0.0,0.0,0.0,0.0,0,0,0
1756703568,250,0.05,0.0,-0.01,0.0,0.0,0.0,0.0,0.0,0,0,0
1756703568,251,0.0,0.0,0.0,0.0,0.0,0.0,0.0,0.0,0,0,0
1756703568,252,0.03,0.0,0.0,0.0,0.0,0.0,0.0,0.0,0,0,0
1756703568,253,0.02,0.0,0.0,0.0,0.0,0.0,0.0,0.0,0,0,0
1756703568,254,0.05,0.0,0.0,0.0,0.0,0.0,0.0,0.0,0,0,0
1756703568,255,0.03,0.0,0.0,0.0,0.0,0.0,0.0,0.0,0,0,0
1756703568,256,0.11,0.0,0.01,0.0,0.0,0.0,0.0,0.0,0,0,0
1756703568,257,0.0,0.0,-0.01,0.0,0.0,0.0,0.0,0.0,0,0,0
1756703568,258,0.0,0.0,-0.03,0.0,0.0,0.0,0.0,0.0,0,0,0
1756703568,259,-0.05,0.0,-0.01,0.0,0.0,0.0,0.0,0.0,0,0,0
1756703568,260,0.03,0.0,0.0,0.0,0.0,0.0,0.0,0.0,0,0,0
1756703568,261,0.0,0.0,-0.05,0.0,0.0,0.0,0.0,0.0,0,0,0
1756703568,262,-0.03,0.0,0.0,0.0,0.0,0.0,0.0,0.0,0,0,0
1756703568,263,0.0,0.0,0.0,0.0,0.0,0.0,0.0,0.0,0,0,0
1756703568,264,0.0,0.0,-0.01,0.0,0.0,0.0,0.0,0.0,0,0,0
1756703568,265,0.0,0.0,0.0,0.0,0.0,0.0,0.0,0.0,0,0,0
1756703568,266,0.0,0.0,0.0,0.0,0.0,0.0,0.0,0.0,0,0,0
1756703568,267,-0.01,0.0,-0.02,0.0,0.0,0.0,0.0,0.0,0,0,0
1756703568,268,-0.05,0.0,0.0,0.0,0.0,0.0,0.0,0.0,0,0,0
1756703568,269,0.0,0.0,0.0,0.0,0.0,0.0,0.0,0.0,0,0,0
1756703568,270,0.0,0.0,0.0,0.0,0.0,0.0,0.0,0.0,0,0,0
1756703568,271,0.0,0.0,-0.03,0.0,0.0,0.0,0.0,0.0,0,0,0
1756703568,272,0.0,0.0,0.0,0.0,0.0,0.0,0.0,0.0,0,0,0
1756703568,273,0.0,0.0,-0.01,0.0,0.0,0.0,0.0,0.0,0,0,0
1756703568,274,-0.02,0.0,-0.02,0.0,0.0,0.0,0.0,0.0,0,0,0
1756703568,275,0.0,0.0,0.0,0.0,0.0,0.0,0.0,0.0,0,0,0
1756703568,276,0.01,0.0,0.01,0.0,0.0,0.0,0.0,0.0,0,0,0
1756703568,277,-0.01,0.0,-0.01,0.0,0.0,0.0,0.0,0.0,0,0,0
1756703568,278,0.0,0.0,0.0,0.0,0.0,0.0,0.0,0.0,0,0,0
1756703569,279,0.0,0.0,-0.02,0.0,0.0,0.0,0.0,0.0,0,0,0
1756703569,280,0.0,0.0,0.0,0.0,0.0,0.0,0.0,0.0,0,0,0
1756703569,281,0.0,0.0,-0.05,0.0,0.0,0.0,0.0,0.0,0,0,0
1756703569,282,0.07,0.0,0.0,0.0,0.0,0.0,0.0,0.0,0,0,0
1756703569,283,0.0,0.0,-0.02,0.0,0.0,0.0,0.0,0.0,0,0,0
1756703569,284,0.0,0.0,-0.02,0.0,0.0,0.0,0.0,0.0,0,0,0
1756703569,285,0.0,0.0,-0.07,0.0,0.0,0.0,0.0,0.0,0,0,0
1756703569,286,0.0,0.0,-0.05,0.0,0.0,0.0,0.0,0.0,0,0,0
1756703569,287,0.0,0.0,0.0,0.0,0.0,0.0,0.0,0.0,0,0,0
1756703569,288,0.01,0.0,-0.03,0.0,0.0,0.0,0.0,0.0,0,0,0
1756703569,289,0.0,0.0,-0.01,0.0,0.0,0.0,0.0,0.0,0,0,0
1756703569,290,-0.01,0.0,0.0,0.0,0.0,0.0,0.0,0.0,0,0,0
1756703569,291,0.0,0.0,-0.05,0.0,0.0,0.0,0.0,0.0,0,0,0
1756703569,292,0.01,0.0,0.0,0.0,0.0,0.0,0.0,0.0,0,0,0
1756703569,293,-0.02,0.0,0.0,0.0,0.0,0.0,0.0,0.0,0,0,0
1756703569,294,0.0,0.0,0.0,0.0,0.0,0.0,0.0,0.0,0,0,0
1756703569,295,0.0,0.0,-0.03,0.0,0.0,0.0,0.0,0.0,0,0,0
1756703569,296,0.0,0.0,0.0,0.0,0.0,0.0,0.0,0.0,0,0,0
1756703569,297,0.01,0.0,-0.03,0.0,0.0,0.0,0.0,0.0,0,0,0
1756703569,298,0.0,0.0,0.0,0.0,0.0,0.0,0.0,0.0,0,0,0
1756703569,299,-0.09,0.0,0.0,0.0,0.0,0.0,0.0,0.0,0,0,0
1756703569,300,-0.01,0.0,-0.02,0.0,0.0,0.0,0.0,0.0,0,0,0
1756703569,301,0.0,0.0,-0.05,0.0,0.0,0.0,0.0,0.0,0,0,0
1756703569,302,0.0,0.0,-0.01,0.0,0.0,0.0,0.0,0.0,0,0,0
1756703569,303,0.0,0.0,0.0,0.0,0.0,0.0,0.0,0.0,0,0,0
1756703569,304,0.0,0.0,-0.01,0.0,0.0,0.0,0.0,0.0,0,0,0
1756703569,305,0.0,0.0,-0.05,0.0,0.0,0.0,0.0,0.0,0,0,0
1756703569,306,0.01,0.0,-0.03,0.0,0.0,0.0,0.0,0.0,0,0,0
1756703569,307,0.02,0.0,-0.03,0.0,0.0,0.0,0.0,0.0,0,0,0
1756703569,308,0.0,0.0,-0.03,0.0,0.0,0.0,0.0,0.0,0,0,0
1756703569,309,0.05,0.0,0.0,0.0,0.0,0.0,0.0,0.0,0,0,0
1756703569,310,0.0,0.0,0.0,0.0,0.0,0.0,0.0,0.0,0,0,0
1756703569,311,0.03,0.0,-0.14,0.0,0.0,0.0,0.0,0.0,0,0,0
1756703569,312,0.09,0.0,-0.1,0.0,0.0,0.0,0.0,0.0,0,0,0
1756703569,313,0.0,0.0,-0.01,0.0,0.0,0.0,0.0,0.0,0,0,0
1756703569,314,0.01,0.0,0.0,0.0,0.0,0.0,0.0,0.0,0,0,0
1756703569,315,0.02,0.0,0.0,0.0,0.0,0.0,0.0,0.0,0,0,0
1756703569,316,-0.01,0.0,0.01,0.0,0.0,0.0,0.0,0.0,0,0,0
1756703569,317,-0.07,0.0,0.07,0.0,0.0,0.0,0.0,0.0,0,0,0
1756703569,318,0.02,0.0,-0.01,0.0,0.0,0.0,0.0,0.0,0,0,0
1756703569,319,0.02,0.0,0.0,0.0,0.0,0.0,0.0,0.0,0,0,0
1756703569,320,0.02,0.0,0.0,0.0,0.0,0.0,0.0,0.0,0,0,0
1756703569,321,0.0,0.0,0.01,0.0,0.0,0.0,0.0,0.0,0,0,0
1756703569,322,0.0,0.0,0.0,0.0,0.0,0.0,0.0,0.0,0,0,0
1756703569,323,-0.05,0.0,0.0,0.0,0.0,0.0,0.0,0.0,0,0,0
1756703569,324,0.05,0.0,0.0,0.0,0.0,0.0,0.0,0.0,0,0,0
1756703569,325,0.0,0.0,-0.02,0.0,0.0,0.0,0.0,0.0,0,0,0
1756703569,326,0.0,0.0,0.0,0.0,0.0,0.0,0.0,0.0,0,0,0
1756703569,327,0.0,0.0,0.0,0.0,0.0,0.0,0.0,0.0,0,0,0
1756703569,328,-0.01,0.0,0.0,0.0,0.0,0.0,0.0,0.0,0,0,0
1756703569,329,-0.02,0.0,0.05,0.0,0.0,0.0,0.0,0.0,0,0,0
1756703569,330,0.07,0.0,0.0,0.0,0.0,0.0,0.0,0.0,0,0,0
1756703569,331,-0.01,0.0,-0.05,0.0,0.0,0.0,0.0,0.0,0,0,0
1756703569,332,-0.01,0.0,-0.01,0.0,0.0,0.0,0.0,0.0,0,0,0
1756703569,333,0.0,0.0,-0.03,0.0,0.0,0.0,0.0,0.0,0,0,0
1756703569,334,0.0,0.0,0.01,0.0,0.0,0.0,0.0,0.0,0,0,0
1756703569,335,0.0,0.0,0.0,0.0,0.0,0.0,0.0,0.0,0,0,0
1756703569,336,0.0,0.0,0.0,0.0,0.0,0.0,0.0,0.0,0,0,0
1756703569,337,0.0,0.0,0.0,0.0,0.0,0.0,0.0,0.0,0,0,0
1756703569,338,0.0,0.0,0.07,0.0,0.0,0.0,0.0,0.0,0,0,0
1756703569,339,0.01,0.0,0.0,0.0,0.0,0.0,0.0,0.0,0,0,0
1756703569,340,0.05,0.0,-0.03,0.0,0.0,0.0,0.0,0.0,0,0,0
1756703569,341,-0.02,0.0,0.0,0.0,0.0,0.0,0.0,0.0,0,0,0
1756703569,342,0.01,0.0,-0.05,0.0,0.0,0.0,0.0,0.0,0,0,0
1756703570,343,0.01,0.0,0.0,0.0,0.0,0.0,0.0,0.0,0,0,0
1756703570,344,-0.05,0.0,-0.03,0.0,0.0,0.0,0.0,0.0,0,0,0
1756703570,345,0.01,0.0,-0.02,0.0,0.0,0.0,0.0,0.0,0,0,0
1756703570,346,0.01,0.0,-0.1,0.0,0.0,0.0,0.0,0.0,0,0,0
1756703570,347,-0.01,0.0,-0.05,0.0,0.0,0.0,0.0,0.0,0,0,0
1756703570,348,-0.03,0.0,-0.03,0.0,0.0,0.0,0.0,0.0,0,0,0
1756703570,349,-0.02,0.0,0.0,0.0,0.0,0.0,0.0,0.0,0,0,0
1756703570,350,0.03,0.0,-0.01,0.0,0.0,0.0,0.0,0.0,0,0,0
1756703570,351,0.0,0.0,-0.05,0.0,0.0,0.0,0.0,0.0,0,0,0
1756703570,352,0.0,0.0,0.02,0.0,0.0,0.0,0.0,0.0,0,0,0
1756703570,353,0.0,0.0,0.0,0.0,0.0,0.0,0.0,0.0,0,0,0
1756703570,354,0.0,0.0,0.0,0.0,0.0,0.0,0.0,0.0,0,0,0
1756703570,355,0.0,0.0,0.0,0.0,0.0,0.0,0.0,0.0,0,0,0
1756703570,356,0.0,0.0,0.0,0.0,0.0,0.0,0.0,0.0,0,0,0
1756703570,357,0.01,0.0,0.01,0.0,0.0,0.0,0.0,0.0,0,0,0
1756703570,358,0.0,0.0,0.0,0.0,0.0,0.0,0.0,0.0,0,0,0
1756703570,359,0.0,0.0,0.0,0.0,0.0,0.0,0.0,0.0,0,0,0
1756703570,360,0.01,0.0,0.0,0.0,0.0,0.0,0.0,0.0,0,0,0
1756703570,361,0.0,0.0,0.0,0.0,0.0,0.0,0.0,0.0,0,0,0
1756703570,362,0.03,0.0,0.0,0.0,0.0,0.0,0.0,0.0,0,0,0
1756703570,363,0.0,0.0,-0.01,0.0,0.0,0.0,0.0,0.0,0,0,0
1756703570,364,-0.07,0.0,0.0,0.0,0.0,0.0,0.0,0.0,0,0,0
1756703570,365,0.0,0.0,-0.01,0.0,0.0,0.0,0.0,0.0,0,0,0
1756703570,366,0.05,0.0,0.0,0.0,0.0,0.0,0.0,0.0,0,0,0
1756703570,367,0.05,0.0,0.03,0.0,0.0,0.0,0.0,0.0,0,0,0
1756703570,368,0.01,0.0,-0.01,0.0,0.0,0.0,0.0,0.0,0,0,0
1756703570,369,0.01,0.0,-0.02,0.0,0.0,0.0,0.0,0.0,0,0,0
1756703570,370,0.0,0.0,-0.02,0.0,0.0,0.0,0.0,0.0,0,0,0
1756703570,371,0.0,0.0,-0.07,0.0,0.0,0.0,0.0,0.0,0,0,0
1756703570,372,0.0,0.0,-0.02,0.0,0.0,0.0,0.0,0.0,0,0,0
1756703570,373,0.03,0.0,0.0,0.0,0.0,0.0,0.0,0.0,0,0,0
1756703570,374,0.0,0.0,0.0,0.0,0.0,0.0,0.0,0.0,0,0,0
1756703570,375,0.0,0.0,0.0,0.0,0.0,0.0,0.0,0.0,0,0,0
1756703570,376,0.0,0.0,-0.01,0.0,0.0,0.0,0.0,0.0,0,0,0
1756703570,377,0.0,0.0,0.0,0.0,0.0,0.0,0.0,0.0,0,0,0
1756703570,378,0.02,0.0,0.01,0.0,0.0,0.0,0.0,0.0,0,0,0
1756703570,379,0.0,0.0,0.02,0.0,0.0,0.0,0.0,0.0,0,0,0
1756703570,380,-0.01,0.0,0.0,0.0,0.0,0.0,0.0,0.0,0,0,0
1756703570,381,0.01,0.0,0.03,0.0,0.0,0.0,0.0,0.0,0,0,0
1756703570,382,0.0,0.0,0.0,0.0,0.0,0.0,0.0,0.0,0,0,0
1756703570,383,0.0,0.0,-0.05,0.0,0.0,0.0,0.0,0.0,0,0,0
1756703570,384,0.0,0.0,0.0,0.0,0.0,0.0,0.0,0.0,0,0,0
1756703570,385,0.0,0.0,0.0,0.0,0.0,0.0,0.0,0.0,0,0,0
1756703570,386,0.05,0.0,-0.05,0.0,0.0,0.0,0.0,0.0,0,0,0
1756703570,387,0.02,0.0,-0.14,0.0,0.0,0.0,0.0,0.0,0,0,0
1756703570,388,-0.05,0.0,-0.07,0.0,0.0,0.0,0.0,0.0,0,0,0
1756703570,389,0.01,0.0,-0.1,0.0,0.0,0.0,0.0,0.0,0,0,0
1756703570,390,0.05,0.0,-0.15,0.0,0.0,0.0,0.0,0.0,0,0,0
1756703570,391,0.0,0.0,-0.15,0.0,0.0,0.0,0.0,0.0,0,0,0
1756703570,392,0.0,0.0,-0.12,0.0,0.0,0.0,0.0,0.0,0,0,0
1756703570,393,-0.01,0.0,-0.14,0.0,0.0,0.0,0.0,0.0,0,0,0
1756703570,394,0.07,0.0,-0.18,0.0,0.0,0.0,0.0,0.0,0,0,0
1756703570,395,-0.02,0.0,-0.14,0.0,0.0,0.0,0.0,0.0,0,0,0
1756703570,396,0.01,0.0,-0.2,0.0,0.0,0.0,0.0,0.0,0,0,0
1756703570,397,-0.03,0.0,-0.23,0.0,0.0,0.0,0.0,0.0,0,0,0
1756703570,398,-0.02,0.0,-0.23,0.0,0.0,0.0,0.0,0.0,0,0,0
1756703570,399,0.03,0.0,-0.11,0.0,0.0,0.0,0.0,0.0,0,0,0
1756703570,400,0.0,0.0,-0.14,0.0,0.0,0.0,0.0,0.0,0,0,0
1756703570,401,-0.03,0.0,-0.18,0.0,0.0,0.0,0.0,0.0,0,0,0
1756703570,402,0.05,0.0,-0.18,0.0,0.0,0.0,0.0,0.0,0,0,0
1756703570,403,0.0,0.0,-0.11,0.0,0.0,0.0,0.0,0.0,0,0,0
1756703570,404,-0.05,0.0,-0.12,0.0,0.0,0.0,0.0,0.0,0,0,0
1756703570,405,0.0,0.0,-0.1,0.0,0.0,0.0,0.0,0.0,0,0,0
1756703570,406,0.01,0.0,-0.14,0.0,0.0,0.0,0.0,0.0,0,0,0
1756703570,407,-0.03,0.0,-0.17,0.0,0.0,0.0,0.0,0.0,0,0,0
1756703570,408,0.0,0.0,-0.12,0.0,0.0,0.0,0.0,0.0,0,0,0
1756703570,409,0.0,0.0,-0.11,0.0,0.0,0.0,0.0,0.0,0,0,0
1756703570,410,0.0,0.0,-0.14,0.0,0.0,0.0,0.0,0.0,0,0,0
1756703570,411,0.0,0.0,-0.17,0.0,0.0,0.0,0.0,0.0,0,0,0
1756703571,412,0.0,0.0,-0.15,0.0,0.0,0.0,0.0,0.0,0,0,0
1756703571,413,0.03,0.0,-0.15,0.0,0.0,0.0,0.0,0.0,0,0,0
1756703571,414,-0.03,0.0,-0.18,0.0,0.0,0.0,0.0,0.0,0,0,0
1756703571,415,0.07,0.0,-0.18,0.0,0.0,0.0,0.0,0.0,0,0,0
1756703571,416,-0.01,0.0,-0.18,0.0,0.0,0.0,0.0,0.0,0,0,0
1756703571,417,0.0,0.0,-0.23,0.0,0.0,0.0,0.0,0.0,0,0,0
1756703571,418,0.0,0.0,-0.18,0.0,0.0,0.0,0.0,0.0,0,0,0
1756703571,419,0.01,0.0,-0.2,0.0,0.0,0.0,0.0,0.0,0,0,0
1756703571,420,0.0,0.0,-0.18,0.0,0.0,0.0,0.0,0.0,0,0,0
1756703571,421,0.0,0.0,-0.18,0.0,0.0,0.0,0.0,0.0,0,0,0
1756703571,422,0.0,0.0,-0.15,0.0,0.0,0.0,0.0,0.0,0,0,0
1756703571,423,0.0,0.0,-0.18,0.0,0.0,0.0,0.0,0.0,0,0,0
1756703571,424,0.0,0.0,-0.2,0.0,0.0,0.0,0.0,0.0,0,0,0
1756703571,425,0.01,0.0,-0.21,0.0,0.0,0.0,0.0,0.0,0,0,0
1756703571,426,-0.02,0.0,-0.14,0.0,0.0,0.0,0.0,0.0,0,0,0
1756703571,427,0.0,0.0,-0.18,0.0,0.0,0.0,0.0,0.0,0,0,0
1756703571,428,0.0,0.0,-0.15,0.0,0.0,0.0,0.0,0.0,0,0,0
1756703571,429,0.0,0.0,-0.15,0.0,0.0,0.0,0.0,0.0,0,0,0
1756703571,430,0.0,0.0,-0.27,0.0,0.0,0.0,0.0,0.0,0,0,0
1756703571,431,0.0,0.0,-0.12,0.0,0.0,0.0,0.0,0.0,0,0,0
1756703571,432,-0.02,0.0,-0.2,0.0,0.0,0.0,0.0,0.0,0,0,0
1756703571,433,-0.01,0.0,-0.2,0.0,0.0,0.0,0.0,0.0,0,0,0
1756703571,434,-0.02,0.0,-0.05,0.0,0.0,0.0,0.0,0.0,0,0,0
1756703571,435,0.0,0.0,-0.18,0.0,0.0,0.0,0.0,0.0,0,0,0
1756703571,436,-0.07,0.0,-0.17,0.0,0.0,0.0,0.0,0.0,0,0,0
1756703571,437,0.07,0.0,-0.2,0.0,0.0,0.0,0.0,0.0,0,0,0
1756703571,438,0.0,0.0,-0.2,0.0,0.0,0.0,0.0,0.0,0,0,0
1756703571,439,0.01,0.0,-0.18,0.0,0.0,0.0,0.0,0.0,0,0,0
1756703571,440,0.05,0.0,-0.17,0.0,0.0,0.0,0.0,0.0,0,0,0
1756703571,441,0.01,0.0,-0.15,0.0,0.0,0.0,0.0,0.0,0,0,0
1756703571,442,-0.05,0.0,-0.15,0.0,0.0,0.0,0.0,0.0,0,0,0
1756703571,443,0.0,0.0,-0.15,0.0,0.0,0.0,0.0,0.0,0,0,0
1756703571,444,0.0,0.0,-0.17,0.0,0.0,0.0,0.0,0.0,0,0,0
1756703571,445,0.0,0.0,-0.21,0.0,0.0,0.0,0.0,0.0,0,0,0
1756703571,446,0.01,0.0,-0.15,0.0,0.0,0.0,0.0,0.0,0,0,0
1756703571,447,0.03,0.0,-0.18,0.0,0.0,0.0,0.0,0.0,0,0,0
1756703571,448,0.0,0.0,-0.14,0.0,0.0,0.0,0.0,0.0,0,0,0
1756703571,449,0.0,0.0,-0.15,0.0,0.0,0.0,0.0,0.0,0,0,0
1756703571,450,-0.02,0.0,-0.17,0.0,0.0,0.0,0.0,0.0,0,0,0
1756703571,451,0.0,0.0,-0.18,0.0,0.0,0.0,0.0,0.0,0,0,0
1756703571,452,0.02,0.0,-0.2,0.0,0.0,0.0,0.0,0.0,0,0,0
1756703571,453,0.0,0.0,-0.18,0.0,0.0,0.0,0.0,0.0,0,0,0
1756703571,454,0.0,0.0,-0.17,0.0,0.0,0.0,0.0,0.0,0,0,0
1756703571,455,0.0,0.0,-0.14,0.0,0.0,0.0,0.0,0.0,0,0,0
1756703571,456,-0.03,0.0,-0.1,0.0,0.0,0.0,0.0,0.0,0,0,0
1756703571,457,0.0,0.0,-0.12,0.0,0.0,0.0,0.0,0.0,0,0,0
1756703571,458,0.02,0.0,-0.11,0.0,0.0,0.0,0.0,0.0,0,0,0
1756703571,459,0.0,0.0,-0.09,0.0,0.0,0.0,0.0,0.0,0,0,0
1756703571,460,0.0,0.0,-0.14,0.0,0.0,0.0,0.0,0.0,0,0,0
1756703571,461,0.05,0.0,-0.14,0.0,0.0,0.0,0.0,0.0,0,0,0
1756703571,462,0.0,0.0,-0.14,0.0,0.0,0.0,0.0,0.0,0,0,0
1756703571,463,-0.02,0.0,-0.18,0.0,0.0,0.0,0.0,0.0,0,0,0
1756703571,464,0.0,0.0,-0.15,0.0,0.0,0.0,0.0,0.0,0,0,0
1756703571,465,-0.01,0.0,-0.18,0.0,0.0,0.0,0.0,0.0,0,0,0
1756703571,466,0.01,0.0,-0.15,0.0,0.0,0.0,0.0,0.0,0,0,0
1756703571,467,0.11,0.0,-0.1,0.0,0.0,0.0,0.0,0.0,0,0,0
1756703571,468,0.01,0.0,-0.09,0.0,0.0,0.0,0.0,0.0,0,0,0
1756703571,469,0.01,0.0,-0.25,0.0,0.0,0.0,0.0,0.0,0,0,0
1756703571,470,0.0,0.0,-0.11,0.0,0.0,0.0,0.0,0.0,0,0,0
1756703571,471,0.0,0.0,-0.11,0.0,0.0,0.0,0.0,0.0,0,0,0
1756703571,472,0.0,0.0,-0.23,0.0,0.0,0.0,0.0,0.0,0,0,0
1756703571,473,-0.09,0.0,-0.07,0.0,0.0,0.0,0.0,0.0,0,0,0
1756703571,474,0.02,0.0,0.0,0.0,0.0,0.0,0.0,0.0,0,0,0
1756703571,475,0.0,0.0,-0.1,0.0,0.0,0.0,0.0,0.0,0,0,0
1756703572,476,0.0,0.0,-0.07,0.0,0.0,0.0,0.0,0.0,0,0,0
1756703572,477,-0.01,0.0,-0.05,0.0,0.0,0.0,0.0,0.0,0,0,0
1756703572,478,0.0,0.0,-0.05,0.0,0.0,0.0,0.0,0.0,0,0,0
1756703572,479,0.03,0.0,-0.1,0.0,0.0,0.0,0.0,0.0,0,0,0
1756703572,480,0.0,0.0,-0.02,0.0,0.0,0.0,0.0,0.0,0,0,0
1756703572,481,-0.05,0.0,-0.05,0.0,0.0,0.0,0.0,0.0,0,0,0
1756703572,482,0.03,0.0,-0.12,0.0,0.0,0.0,0.0,0.0,0,0,0
1756703572,483,0.0,0.0,-0.03,0.0,0.0,0.0,0.0,0.0,0,0,0
1756703572,484,0.0,0.0,-0.05,0.0,0.0,0.0,0.0,0.0,0,0,0
1756703572,485,0.01,0.0,-0.02,0.0,0.0,0.0,0.0,0.0,0,0,0
1756703572,486,-0.02,0.0,-0.07,0.0,0.0,0.0,0.0,0.0,0,0,0
1756703572,487,0.05,0.0,-0.07,0.0,0.0,0.0,0.0,0.0,0,0,0
1756703572,488,-0.01,0.0,-0.07,0.0,0.0,0.0,0.0,0.0,0,0,0
1756703572,489,-0.02,0.0,-0.07,0.0,0.0,0.0,0.0,0.0,0,0,0
1756703572,490,0.0,0.0,-0.07,0.0,0.0,0.0,0.0,0.0,0,0,0
1756703572,491,0.0,0.0,-0.03,0.0,0.0,0.0,0.0,0.0,0,0,0
1756703572,492,-0.05,0.0,-0.05,0.0,0.0,0.0,0.0,0.0,0,0,0
1756703572,493,0.01,0.0,0.05,0.0,0.0,0.0,0.0,0.0,0,0,0
1756703572,494,-0.01,0.0,-0.07,0.0,0.0,0.0,0.0,0.0,0,0,0
1756703572,495,0.0,0.0,-0.05,0.0,0.0,0.0,0.0,0.0,0,0,0
1756703572,496,0.0,0.0,-0.02,0.0,0.0,0.0,0.0,0.0,0,0,0
1756703572,497,0.0,0.0,-0.07,0.0,0.0,0.0,0.0,0.0,0,0,0
1756703572,498,0.0,0.0,-0.03,0.0,0.0,0.0,0.0,0.0,0,0,0
1756703572,499,0.0,0.0,0.0,0.0,0.0,0.0,0.0,0.0,0,0,0
1756703572,500,0.0,0.0,-0.02,0.0,0.0,0.0,0.0,0.0,0,0,0
1756703572,501,0.09,0.0,0.0,0.0,0.0,0.0,0.0,0.0,0,0,0
1756703572,502,0.0,0.0,0.0,0.0,0.0,0.0,0.0,0.0,0,0,0
1756703572,503,0.0,0.0,0.0,0.0,0.0,0.0,0.0,0.0,0,0,0
1756703572,504,0.0,0.0,0.05,0.0,0.0,0.0,0.0,0.0,0,0,0
1756703572,505,-0.05,0.0,0.07,0.0,0.0,0.0,0.0,0.0,0,0,0
1756703572,506,0.05,0.0,0.07,0.0,0.0,0.0,0.0,0.0,0,0,0
1756703572,507,0.0,0.0,0.05,0.0,0.0,0.0,0.0,0.0,0,0,0
1756703572,508,-0.02,0.0,0.07,0.0,0.0,0.0,0.0,0.0,0,0,0
1756703572,509,0.0,0.0,0.09,0.0,0.0,0.0,0.0,0.0,0,0,0
1756703572,510,0.01,0.0,0.1,0.0,0.0,0.0,0.0,0.0,0,0,0
1756703572,511,0.0,0.0,0.15,0.0,0.0,0.0,0.0,0.0,0,0,0
1756703572,512,0.0,0.0,0.14,0.0,0.0,0.0,0.0,0.0,0,0,0
1756703572,513,0.0,0.0,0.17,0.0,0.0,0.0,0.0,0.0,0,0,0
1756703572,514,0.0,0.0,0.07,0.0,0.0,0.0,0.0,0.0,0,0,0
1756703572,515,-0.01,0.0,0.23,0.0,0.0,0.0,0.0,0.0,0,0,0
1756703572,516,0.0,0.0,0.2,0.0,0.0,0.0,0.0,0.0,0,0,0
1756703572,517,0.0,0.0,0.28,0.0,0.0,0.0,0.0,0.0,0,0,0
1756703572,518,0.0,0.0,0.34,0.0,0.0,0.0,0.0,0.0,0,0,0
1756703572,519,0.0,0.0,0.31,0.0,0.0,0.0,0.0,0.0,0,0,0
1756703572,520,0.0,0.0,0.28,0.0,0.0,0.0,0.0,0.0,0,0,0
1756703572,521,0.0,0.0,0.38,0.0,0.0,0.0,0.0,0.0,0,0,0
1756703572,522,0.0,0.0,0.28,0.0,0.0,0.0,0.0,0.0,0,0,0
1756703572,523,0.0,0.0,0.34,0.0,0.0,0.0,0.0,0.0,0,0,0
1756703572,524,0.0,0.0,0.36,0.0,0.0,0.0,0.0,0.0,0,0,0
1756703572,525,0.0,0.0,0.27,0.0,0.0,0.0,0.0,0.0,0,0,0
1756703572,526,0.05,0.0,0.28,0.0,0.0,0.0,0.0,0.0,0,0,0
1756703572,527,-0.03,0.0,0.27,0.0,0.0,0.0,0.0,0.0,0,0,0
1756703572,528,0.0,0.0,0.23,0.0,0.0,0.0,0.0,0.0,0,0,0
1756703572,529,0.03,0.0,0.3,0.0,0.0,0.0,0.0,0.0,0,0,0
1756703572,530,0.03,0.0,0.21,0.0,0.0,0.0,0.0,0.0,0,0,0
1756703572,531,-0.05,0.0,0.31,0.0,0.0,0.0,0.0,0.0,0,0,0
1756703572,532,0.02,0.0,0.18,0.0,0.0,0.0,0.0,0.0,0,0,0
1756703572,533,0.0,0.0,0.09,0.0,0.0,0.0,0.0,0.0,0,0,0
1756703572,534,0.0,0.0,0.18,0.0,0.0,0.0,0.0,0.0,0,0,0
1756703572,535,0.0,0.0,0.15,0.0,0.0,0.0,0.0,0.0,0,0,0
1756703572,536,0.0,0.0,0.2,0.0,0.0,0.0,0.0,0.0,0,0,0
1756703572,537,0.0,0.0,0.07,0.0,0.0,0.0,0.0,0.0,0,0,0
1756703572,538,0.01,0.0,0.23,0.0,0.0,0.0,0.0,0.0,0,0,0
1756703572,539,0.09,0.0,0.2,0.0,0.0,0.0,0.0,0.0,0,0,0
1756703572,540,0.0,0.0,0.2,0.0,0.0,0.0,0.0,0.0,0,0,0
1756703573,541,0.0,0.0,0.28,0.0,0.0,0.0,0.0,0.0,0,0,0
1756703573,542,0.0,0.0,0.21,0.0,0.0,0.0,0.0,0.0,0,0,0
1756703573,543,0.01,0.0,0.14,0.0,0.0,0.0,0.0,0.0,0,0,0
1756703573,544,0.0,0.0,0.07,0.0,0.0,0.0,0.0,0.0,0,0,0
1756703573,545,0.0,0.0,0.1,0.0,0.0,0.0,0.0,0.0,0,0,0
1756703573,546,0.01,0.0,0.02,0.0,0.0,0.0,0.0,0.0,0,0,0
1756703573,547,-0.02,0.0,0.07,0.0,0.0,0.0,0.0,0.0,0,0,0
1756703573,548,0.0,0.0,0.05,0.0,0.0,0.0,0.0,0.0,0,0,0
1756703573,549,0.05,0.0,0.0,0.0,0.0,0.0,0.0,0.0,0,0,0
1756703573,550,0.03,0.0,0.0,0.0,0.0,0.0,0.0,0.0,0,0,0
1756703573,551,0.0,0.0,0.0,0.0,0.0,0.0,0.0,0.0,0,0,0
1756703573,552,0.0,0.0,0.01,0.0,0.0,0.0,0.0,0.0,0,0,0
1756703573,553,0.05,0.0,-0.05,0.0,0.0,0.0,0.0,0.0,0,0,0
1756703573,554,0.01,0.0,0.0,0.0,0.0,0.0,0.0,0.0,0,0,0
1756703573,555,0.0,0.0,-0.03,0.0,0.0,0.0,0.0,0.0,0,0,0
1756703573,556,-0.01,0.0,-0.01,0.0,0.0,0.0,0.0,0.0,0,0,0
1756703573,557,0.0,0.0,-0.02,0.0,0.0,0.0,0.0,0.0,0,0,0
1756703573,558,0.0,0.0,-0.05,0.0,0.0,0.0,0.0,0.0,0,0,0
1756703573,559,0.0,0.0,0.0,0.0,0.0,0.0,0.0,0.0,0,0,0
1756703573,560,-0.02,0.0,-0.07,0.0,0.0,0.0,0.0,0.0,0,0,0
1756703573,561,0.0,0.0,0.0,0.0,0.0,0.0,0.0,0.0,0,0,0
1756703573,562,0.0,0.0,-0.1,0.0,0.0,0.0,0.0,0.0,0,0,0
1756703573,563,0.03,0.0,0.0,0.0,0.0,0.0,0.0,0.0,0,0,0
1756703573,564,0.0,0.0,-0.03,0.0,0.0,0.0,0.0,0.0,0,0,0
1756703573,565,0.05,0.0,-0.05,0.0,0.0,0.0,0.0,0.0,0,0,0
1756703573,566,0.01,0.0,-0.02,0.0,0.0,0.0,0.0,0.0,0,0,0
1756703573,567,0.0,0.0,-0.01,0.0,0.0,0.0,0.0,0.0,0,0,0
1756703573,568,0.01,0.0,0.0,0.0,0.0,0.0,0.0,0.0,0,0,0
1756703573,569,0.01,0.0,-0.02,0.0,0.0,0.0,0.0,0.0,0,0,0
1756703573,570,-0.03,0.0,-0.02,0.0,0.0,0.0,0.0,0.0,0,0,0
1756703573,571,0.02,0.0,-0.01,0.0,0.0,0.0,0.0,0.0,0,0,0
1756703573,572,0.0,0.0,0.01,0.0,0.0,0.0,0.0,0.0,0,0,0
1756703573,573,0.03,0.0,0.0,0.0,0.0,0.0,0.0,0.0,0,0,0
1756703573,574,0.0,0.0,-0.07,0.0,0.0,0.0,0.0,0.0,0,0,0
1756703573,575,0.03,0.0,-0.01,0.0,0.0,0.0,0.0,0.0,0,0,0
1756703573,576,0.01,0.0,-0.01,0.0,0.0,0.0,0.0,0.0,0,0,0
1756703573,577,0.02,0.0,0.01,0.0,0.0,0.0,0.0,0.0,0,0,0
1756703573,578,0.0,0.0,0.0,0.0,0.0,0.0,0.0,0.0,0,0,0
1756703573,579,-0.03,0.0,-0.09,0.0,0.0,0.0,0.0,0.0,0,0,0
1756703573,580,0.02,0.0,-0.02,0.0,0.0,0.0,0.0,0.0,0,0,0
1756703573,581,0.0,0.0,-0.02,0.0,0.0,0.0,0.0,0.0,0,0,0
1756703573,582,0.0,0.0,-0.05,0.0,0.0,0.0,0.0,0.0,0,0,0
1756703573,583,0.1,0.0,-0.18,0.0,0.0,0.0,0.0,0.0,0,0,0
1756703573,584,0.0,0.0,-0.07,0.0,0.0,0.0,0.0,0.0,0,0,0
1756703573,585,0.01,0.0,-0.07,0.0,0.0,0.0,0.0,0.0,0,0,0
1756703573,586,0.05,0.0,-0.02,0.0,0.0,0.0,0.0,0.0,0,0,0
1756703573,587,0.05,0.0,-0.03,0.0,0.0,0.0,0.0,0.0,0,0,0
1756703573,588,0.01,0.0,-0.03,0.0,0.0,0.0,0.0,0.0,0,0,0
1756703573,589,0.0,0.0,-0.05,0.0,0.0,0.0,0.0,0.0,0,0,0
1756703573,590,-0.01,0.0,0.0,0.0,0.0,0.0,0.0,0.0,0,0,0
1756703573,591,-0.01,0.0,-0.02,0.0,0.0,0.0,0.0,0.0,0,0,0
1756703573,592,0.0,0.0,-0.01,0.0,0.0,0.0,0.0,0.0,0,0,0
1756703573,593,0.01,0.0,0.0,0.0,0.0,0.0,0.0,0.0,0,0,0
1756703573,594,0.03,0.0,-0.02,0.0,0.0,0.0,0.0,0.0,0,0,0
1756703573,595,0.0,0.0,-0.09,0.0,0.0,0.0,0.0,0.0,0,0,0
1756703573,596,0.02,0.0,-0.12,0.0,0.0,0.0,0.0,0.0,0,0,0
1756703573,597,0.01,0.0,-0.07,0.0,0.0,0.0,0.0,0.0,0,0,0
1756703573,598,0.0,0.0,0.03,0.0,0.0,0.0,0.0,0.0,0,0,0
1756703573,599,0.01,0.0,0.0,0.0,0.0,0.0,0.0,0.0,0,0,0
1756703573,600,0.0,0.0,-0.01,0.0,0.0,0.0,0.0,0.0,0,0,0
1756703573,601,0.0,0.0,-0.02,0.0,0.0,0.0,0.0,0.0,0,0,0
1756703573,602,0.1,0.0,-0.05,0.0,0.0,0.0,0.0,0.0,0,0,0
1756703573,603,-0.01,0.0,-0.1,0.0,0.0,0.0,0.0,0.0,0,0,0
1756703573,604,-0.01,0.0,0.0,0.0,0.0,0.0,0.0,0.0,0,0,0
1756703573,605,0.0,0.0,0.0,0.0,0.0,0.0,0.0,0.0,0,0,0
1756703573,606,0.01,0.0,-0.05,0.0,0.0,0.0,0.0,0.0,0,0,0
1756703573,607,0.0,0.0,0.0,0.0,0.0,0.0,0.0,0.0,0,0,0
1756703574,608,-0.03,0.0,0.0,0.0,0.0,0.0,0.0,0.0,0,0,0
1756703574,609,0.01,0.0,-0.02,0.0,0.0,0.0,0.0,0.0,0,0,0
1756703574,610,-0.01,0.0,0.14,0.0,0.0,0.0,0.0,0.0,0,0,0
1756703574,611,0.05,0.0,-0.05,0.0,0.0,0.0,0.0,0.0,0,0,0
1756703574,612,0.0,0.0,-0.01,0.0,0.0,0.0,0.0,0.0,0,0,0
1756703574,613,0.0,0.0,-0.05,0.0,0.0,0.0,0.0,0.0,0,0,0
1756703574,614,0.0,0.0,-0.07,0.0,0.0,0.0,0.0,0.0,0,0,0
1756703574,615,-0.02,0.0,-0.03,0.0,0.0,0.0,0.0,0.0,0,0,0
1756703574,616,0.0,0.0,-0.02,0.0,0.0,0.0,0.0,0.0,0,0,0
1756703574,617,0.0,0.0,0.0,0.0,0.0,0.0,0.0,0.0,0,0,0
1756703574,618,0.0,0.0,0.01,0.0,0.0,0.0,0.0,0.0,0,0,0
1756703574,619,0.0,0.0,-0.05,0.0,0.0,0.0,0.0,0.0,0,0,0
1756703574,620,0.07,0.0,-0.09,0.0,0.0,0.0,0.0,0.0,0,0,0
1756703574,621,0.03,0.0,-0.05,0.0,0.0,0.0,0.0,0.0,0,0,0
1756703574,622,0.0,0.0,-0.05,0.0,0.0,0.0,0.0,0.0,0,0,0
1756703574,623,0.0,0.0,-0.07,0.0,0.0,0.0,0.0,0.0,0,0,0
1756703574,624,0.0,0.0,-0.18,0.0,0.0,0.0,0.0,0.0,0,0,0
1756703574,625,-0.14,0.0,-0.03,0.0,0.0,0.0,0.0,0.0,0,0,0
1756703574,626,-0.01,0.0,-0.01,0.0,0.0,0.0,0.0,0.0,0,0,0
1756703574,627,0.05,0.0,0.0,0.0,0.0,0.0,0.0,0.0,0,0,0
1756703574,628,0.0,0.0,-0.05,0.0,0.0,0.0,0.0,0.0,0,0,0
1756703574,629,0.0,0.0,0.0,0.0,0.0,0.0,0.0,0.0,0,0,0
1756703574,630,0.03,0.0,0.0,0.0,0.0,0.0,0.0,0.0,0,0,0
1756703574,631,0.05,0.0,0.0,0.0,0.0,0.0,0.0,0.0,0,0,0
1756703574,632,0.0,0.0,-0.01,0.0,0.0,0.0,0.0,0.0,0,0,0
1756703574,633,0.02,0.0,-0.01,0.0,0.0,0.0,0.0,0.0,0,0,0
1756703574,634,0.0,0.0,0.0,0.0,0.0,0.0,0.0,0.0,0,0,0
1756703574,635,0.0,0.0,-0.03,0.0,0.0,0.0,0.0,0.0,0,0,0
1756703574,636,-0.01,0.0,-0.05,0.0,0.0,0.0,0.0,0.0,0,0,0
1756703574,637,-0.07,0.0,-0.02,0.0,0.0,0.0,0.0,0.0,0,0,0
1756703574,638,0.03,0.0,-0.03,0.0,0.0,0.0,0.0,0.0,0,0,0
1756703574,639,0.0,0.0,-0.05,0.0,0.0,0.0,0.0,0.0,0,0,0
1756703574,640,0.03,0.0,-0.05,0.0,0.0,0.0,0.0,0.0,0,0,0
1756703574,641,0.01,0.0,-0.18,0.0,0.0,0.0,0.0,0.0,0,0,0
1756703574,642,0.0,0.0,-0.05,0.0,0.0,0.0,0.0,0.0,0,0,0
1756703574,643,0.0,0.0,0.0,0.0,0.0,0.0,0.0,0.0,0,0,0
1756703574,644,0.0,0.0,0.0,0.0,0.0,0.0,0.0,0.0,0,0,0
1756703574,645,0.01,0.0,-0.05,0.0,0.0,0.0,0.0,0.0,0,0,0
1756703574,646,0.02,0.0,0.0,0.0,0.0,0.0,0.0,0.0,0,0,0
1756703574,647,0.01,0.0,0.0,0.0,0.0,0.0,0.0,0.0,0,0,0
1756703574,648,0.0,0.0,-0.01,0.0,0.0,0.0,0.0,0.0,0,0,0
1756703574,649,0.03,0.0,-0.01,0.0,0.0,0.0,0.0,0.0,0,0,0
1756703574,650,-0.02,0.0,-0.01,0.0,0.0,0.0,0.0,0.0,0,0,0
1756703574,651,0.02,0.0,0.0,0.0,0.0,0.0,0.0,0.0,0,0,0
1756703574,652,0.0,0.0,-0.03,0.0,0.0,0.0,0.0,0.0,0,0,0
1756703574,653,0.0,0.0,-0.01,0.0,0.0,0.0,0.0,0.0,0,0,0
1756703574,654,0.0,0.0,0.0,0.0,0.0,0.0,0.0,0.0,0,0,0
1756703574,655,0.0,0.0,0.0,0.0,0.0,0.0,0.0,0.0,0,0,0
1756703574,656,-0.05,0.0,-0.07,0.0,0.0,0.0,0.0,0.0,0,0,0
1756703574,657,0.0,0.0,0.0,0.0,0.0,0.0,0.0,0.0,0,0,0
1756703574,658,0.02,0.0,-0.12,0.0,0.0,0.0,0.0,0.0,0,0,0
1756703574,659,0.07,0.0,0.0,0.0,0.0,0.0,0.0,0.0,0,0,0
1756703574,660,0.01,0.0,-0.07,0.0,0.0,0.0,0.0,0.0,0,0,0
1756703574,661,0.0,0.0,0.0,0.0,0.0,0.0,0.0,0.0,0,0,0
1756703574,662,-0.05,0.0,0.0,0.0,0.0,0.0,0.0,0.0,0,0,0
1756703574,663,-0.02,0.0,0.0,0.0,0.0,0.0,0.0,0.0,0,0,0
1756703574,664,-0.05,0.0,0.01,0.0,0.0,0.0,0.0,0.0,0,0,0
1756703574,665,0.03,0.0,-0.1,0.0,0.0,0.0,0.0,0.0,0,0,0
1756703574,666,-0.01,0.0,-0.07,0.0,0.0,0.0,0.0,0.0,0,0,0
1756703574,667,0.01,0.0,0.0,0.0,0.0,0.0,0.0,0.0,0,0,0
1756703574,668,0.0,0.0,0.03,0.0,0.0,0.0,0.0,0.0,0,0,0
1756703574,669,0.0,0.0,0.0,0.0,0.0,0.0,0.0,0.0,0,0,0
1756703574,670,0.0,0.0,0.0,0.0,0.0,0.0,0.0,0.0,0,0,0
1756703574,671,-0.03,0.0,-0.02,0.0,0.0,0.0,0.0,0.0,0,0,0
1756703575,672,0.0,0.0,0.0,0.0,0.0,0.0,0.0,0.0,0,0,0
1756703575,673,-0.02,0.0,0.0,0.0,0.0,0.0,0.0,0.0,0,0,0
1756703575,674,0.0,0.0,-0.03,0.0,0.0,0.0,0.0,0.0,0,0,0
1756703575,675,0.03,0.0,-0.02,0.0,0.0,0.0,0.0,0.0,0,0,0
1756703575,676,0.03,0.0,-0.01,0.0,0.0,0.0,0.0,0.0,0,0,0
1756703575,677,0.0,0.0,0.0,0.0,0.0,0.0,0.0,0.0,0,0,0
1756703575,678,0.02,0.0,0.0,0.0,0.0,0.0,0.0,0.0,0,0,0
1756703575,679,0.0,0.0,0.02,0.0,0.0,0.0,0.0,0.0,0,0,0
1756703575,680,0.02,0.0,0.05,0.0,0.0,0.0,0.0,0.0,0,0,0
1756703575,681,0.05,0.0,0.0,0.0,0.0,0.0,0.0,0.0,0,0,0
1756703575,682,0.03,0.0,0.0,0.0,0.0,0.0,0.0,0.0,0,0,0
1756703575,683,0.03,0.0,0.0,0.0,0.0,0.0,0.0,0.0,0,0,0
1756703575,684,0.0,0.0,-0.23,0.0,0.0,0.0,0.0,0.0,0,0,0
1756703575,685,0.0,0.0,0.07,0.0,0.0,0.0,0.0,0.0,0,0,0
1756703575,686,0.0,0.0,-0.03,0.0,0.0,0.0,0.0,0.0,0,0,0
1756703575,687,-0.05,0.0,0.01,0.0,0.0,0.0,0.0,0.0,0,0,0
1756703575,688,0.0,0.0,-0.05,0.0,0.0,0.0,0.0,0.0,0,0,0
1756703575,689,0.01,0.0,0.0,0.0,0.0,0.0,0.0,0.0,0,0,0
1756703575,690,0.02,0.0,0.07,0.0,0.0,0.0,0.0,0.0,0,0,0
1756703575,691,0.01,0.0,-0.09,0.0,0.0,0.0,0.0,0.0,0,0,0
1756703575,692,0.01,0.0,0.0,0.0,0.0,0.0,0.0,0.0,0,0,0
1756703575,693,-0.01,0.0,-0.05,0.0,0.0,0.0,0.0,0.0,0,0,0
1756703575,694,0.0,0.0,-0.05,0.0,0.0,0.0,0.0,0.0,0,0,0
1756703575,695,0.0,0.0,-0.02,0.0,0.0,0.0,0.0,0.0,0,0,0
1756703575,696,0.03,0.0,0.0,0.0,0.0,0.0,0.0,0.0,0,0,0
1756703575,697,-0.03,0.0,-0.01,0.0,0.0,0.0,0.0,0.0,0,0,0
1756703575,698,0.02,0.0,-0.01,0.0,0.0,0.0,0.0,0.0,0,0,0
1756703575,699,0.01,0.0,0.0,0.0,0.0,0.0,0.0,0.0,0,0,0
1756703575,700,0.02,0.0,0.07,0.0,0.0,0.0,0.0,0.0,0,0,0
1756703575,701,0.03,0.0,-0.07,0.0,0.0,0.0,0.0,0.0,0,0,0
1756703575,702,0.1,0.0,0.0,0.0,0.0,0.0,0.0,0.0,0,0,0
1756703575,703,0.01,0.0,-0.01,0.0,0.0,0.0,0.0,0.0,0,0,0
1756703575,704,0.02,0.0,0.0,0.0,0.0,0.0,0.0,0.0,0,0,0
1756703575,705,0.07,0.0,-0.02,0.0,0.0,0.0,0.0,0.0,0,0,0
1756703575,706,0.03,0.0,0.0,0.0,0.0,0.0,0.0,0.0,0,0,0
1756703575,707,0.0,0.0,-0.02,0.0,0.0,0.0,0.0,0.0,0,0,0
1756703575,708,0.02,0.0,-0.01,0.0,0.0,0.0,0.0,0.0,0,0,0
1756703575,709,-0.02,0.0,0.0,0.0,0.0,0.0,0.0,0.0,0,0,0
1756703575,710,0.0,0.0,0.0,0.0,0.0,0.0,0.0,0.0,0,0,0
1756703575,711,-0.07,0.0,-0.01,0.0,0.0,0.0,0.0,0.0,0,0,0
1756703575,712,0.05,0.0,0.02,0.0,0.0,0.0,0.0,0.0,0,0,0
1756703575,713,0.0,0.0,0.01,0.0,0.0,0.0,0.0,0.0,0,0,0
1756703575,714,0.0,0.0,0.0,0.0,0.0,0.0,0.0,0.0,0,0,0
1756703575,715,0.0,0.0,-0.01,0.0,0.0,0.0,0.0,0.0,0,0,0
1756703575,716,0.02,0.0,0.01,0.0,0.0,0.0,0.0,0.0,0,0,0
1756703575,717,0.01,0.0,-0.01,0.0,0.0,0.0,0.0,0.0,0,0,0
1756703575,718,0.03,0.0,0.0,0.0,0.0,0.0,0.0,0.0,0,0,0
1756703575,719,-0.01,0.0,0.0,0.0,0.0,0.0,0.0,0.0,0,0,0
1756703575,720,-0.05,0.0,-0.01,0.0,0.0,0.0,0.0,0.0,0,0,0
1756703575,721,-0.02,0.0,0.02,0.0,0.0,0.0,0.0,0.0,0,0,0
1756703575,722,0.0,0.0,0.05,0.0,0.0,0.0,0.0,0.0,0,0,0
1756703575,723,0.07,0.0,0.03,0.0,0.0,0.0,0.0,0.0,0,0,0
1756703575,724,0.0,0.0,0.0,0.0,0.0,0.0,0.0,0.0,0,0,0
1756703575,725,-0.02,0.0,0.07,0.0,0.0,0.0,0.0,0.0,0,0,0
1756703575,726,-0.01,0.0,0.01,0.0,0.0,0.0,0.0,0.0,0,0,0
1756703575,727,0.0,0.0,0.0,0.0,0.0,0.0,0.0,0.0,0,0,0
1756703575,728,0.0,0.0,0.0,0.0,0.0,0.0,0.0,0.0,0,0,0
1756703575,729,0.0,0.0,0.02,0.0,0.0,0.0,0.0,0.0,0,0,0
1756703575,730,0.0,0.0,-0.01,0.0,0.0,0.0,0.0,0.0,0,0,0
1756703575,731,0.0,0.0,0.01,0.0,0.0,0.0,0.0,0.0,0,0,0
1756703575,732,0.0,0.0,0.0,0.0,0.0,0.0,0.0,0.0,0,0,0
1756703575,733,0.0,0.0,0.0,0.0,0.0,0.0,0.0,0.0,0,0,0
1756703575,734,0.03,0.0,0.0,0.0,0.0,0.0,0.0,0.0,0,0,0
1756703575,735,0.0,0.0,0.0,0.0,0.0,0.0,0.0,0.0,0,0,0
1756703575,736,0.0,0.0,0.0,0.0,0.0,0.0,0.0,0.0,0,0,0
1756703575,737,0.01,0.0,0.0,0.0,0.0,0.0,0.0,0.0,0,0,0
1756703575,738,0.0,0.0,-0.01,0.0,0.0,0.0,0.0,0.0,0,0,0
1756703575,739,0.0,0.0,-0.1,0.0,0.0,0.0,0.0,0.0,0,0,0
1756703575,740,0.0,0.0,0.03,0.0,0.0,0.0,0.0,0.0,0,0,0
1756703575,741,0.0,0.0,0.01,0.0,0.0,0.0,0.0,0.0,0,0,0
1756703576,742,0.02,0.0,0.0,0.0,0.0,0.0,0.0,0.0,0,0,0
1756703576,743,-0.02,0.0,0.0,0.0,0.0,0.0,0.0,0.0,0,0,0
1756703576,744,0.01,0.0,0.0,0.0,0.0,0.0,0.0,0.0,0,0,0
1756703576,745,-0.07,0.0,-0.09,0.0,0.0,0.0,0.0,0.0,0,0,0
1756703576,746,0.0,0.0,0.0,0.0,0.0,0.0,0.0,0.0,0,0,0
1756703576,747,0.0,0.0,0.0,0.0,0.0,0.0,0.0,0.0,0,0,0
1756703576,748,0.02,0.0,0.03,0.0,0.0,0.0,0.0,0.0,0,0,0
1756703576,749,0.02,0.0,0.02,0.0,0.0,0.0,0.0,0.0,0,0,0
1756703576,750,0.0,0.0,0.0,0.0,0.0,0.0,0.0,0.0,0,0,0
1756703576,751,0.0,0.0,0.0,0.0,0.0,0.0,0.0,0.0,0,0,0
1756703576,752,0.02,0.0,0.01,0.0,0.0,0.0,0.0,0.0,0,0,0
1756703576,753,0.0,0.0,0.0,0.0,0.0,0.0,0.0,0.0,0,0,0
1756703576,754,0.0,0.0,0.01,0.0,0.0,0.0,0.0,0.0,0,0,0
1756703576,755,0.0,0.0,0.0,0.0,0.0,0.0,0.0,0.0,0,0,0
1756703576,756,0.0,0.0,0.0,0.0,0.0,0.0,0.0,0.0,0,0,0
1756703576,757,0.07,0.0,0.01,0.0,0.0,0.0,0.0,0.0,0,0,0
1756703576,758,0.0,0.0,0.0,0.0,0.0,0.0,0.0,0.0,0,0,0
1756703576,759,-0.05,0.0,-0.01,0.0,0.0,0.0,0.0,0.0,0,0,0
1756703576,760,0.0,0.0,0.02,0.0,0.0,0.0,0.0,0.0,0,0,0
1756703576,761,0.05,0.0,0.0,0.0,0.0,0.0,0.0,0.0,0,0,0
1756703576,762,0.0,0.0,-0.14,0.0,0.0,0.0,0.0,0.0,0,0,0
1756703576,763,0.0,0.0,-0.05,0.0,0.0,0.0,0.0,0.0,0,0,0
1756703576,764,0.0,0.0,-0.07,0.0,0.0,0.0,0.0,0.0,0,0,0
1756703576,765,0.05,0.0,-0.07,0.0,0.0,0.0,0.0,0.0,0,0,0
1756703576,766,0.01,0.0,0.0,0.0,0.0,0.0,0.0,0.0,0,0,0
1756703576,767,0.0,0.0,-0.02,0.0,0.0,0.0,0.0,0.0,0,0,0
1756703576,768,0.0,0.0,0.0,0.0,0.0,0.0,0.0,0.0,0,0,0
1756703576,769,-0.01,0.0,-0.01,0.0,0.0,0.0,0.0,0.0,0,0,0
1756703576,770,0.0,0.0,0.0,0.0,0.0,0.0,0.0,0.0,0,0,0
1756703576,771,-0.02,0.0,-0.02,0.0,0.0,0.0,0.0,0.0,0,0,0
1756703576,772,0.15,0.0,0.02,0.0,0.0,0.0,0.0,0.0,0,0,0
1756703576,773,0.0,0.0,-0.01,0.0,0.0,0.0,0.0,0.0,0,0,0
1756703576,774,0.03,0.0,0.0,0.0,0.0,0.0,0.0,0.0,0,0,0
1756703576,775,0.0,0.0,-0.01,0.0,0.0,0.0,0.0,0.0,0,0,0
1756703576,776,-0.7,0.0,-0.03,0.0,0.0,0.0,0.0,0.0,0,0,0
1756703576,777,0.03,0.0,0.0,0.0,0.0,0.0,0.0,0.0,0,0,0
1756703576,778,0.01,0.0,0.0,0.0,0.0,0.0,0.0,0.0,0,0,0
1756703576,779,0.07,0.0,-0.02,0.0,0.0,0.0,0.0,0.0,0,0,0
1756703576,780,0.1,0.0,0.0,0.0,0.0,0.0,0.0,0.0,0,0,0
1756703576,781,0.05,0.0,0.01,0.0,0.0,0.0,0.0,0.0,0,0,0
1756703576,782,0.07,0.0,0.0,0.0,0.0,0.0,0.0,0.0,0,0,0
1756703576,783,0.01,0.0,0.01,0.0,0.0,0.0,0.0,0.0,0,0,0
1756703576,784,0.14,0.0,0.0,0.0,0.0,0.0,0.0,0.0,0,0,0
1756703576,785,0.11,0.0,0.0,0.0,0.0,0.0,0.0,0.0,0,0,0
1756703576,786,0.03,0.0,0.0,0.0,0.0,0.0,0.0,0.0,0,0,0
1756703576,787,0.05,0.0,0.01,0.0,0.0,0.0,0.0,0.0,0,0,0
1756703576,788,0.05,0.0,0.0,0.0,0.0,0.0,0.0,0.0,0,0,0
1756703576,789,0.09,0.0,0.01,0.0,0.0,0.0,0.0,0.0,0,0,0
1756703576,790,0.0,0.0,0.0,0.0,0.0,0.0,0.0,0.0,0,0,0
1756703576,791,0.01,0.0,-0.01,0.0,0.0,0.0,0.0,0.0,0,0,0
1756703576,792,0.12,0.0,-0.01,0.0,0.0,0.0,0.0,0.0,0,0,0
1756703576,793,0.09,0.0,-0.03,0.0,0.0,0.0,0.0,0.0,0,0,0
1756703576,794,0.07,0.0,-0.01,0.0,0.0,0.0,0.0,0.0,0,0,0
1756703576,795,0.0,0.0,0.0,0.0,0.0,0.0,0.0,0.0,0,0,0
1756703576,796,0.0,0.0,-0.05,0.0,0.0,0.0,0.0,0.0,0,0,0
1756703576,797,-0.1,0.0,-0.11,0.0,0.0,0.0,0.0,0.0,0,0,0
1756703576,798,0.0,0.0,0.0,0.0,0.0,0.0,0.0,0.0,0,0,0
1756703576,799,0.02,0.0,-0.1,0.0,0.0,0.0,0.0,0.0,0,0,0
1756703576,800,0.0,0.0,-0.15,0.0,0.0,0.0,0.0,0.0,0,0,0
1756703576,801,0.0,0.0,-0.21,0.0,0.0,0.0,0.0,0.0,0,0,0
1756703576,802,0.0,0.0,-0.25,0.0,0.0,0.0,0.0,0.0,0,0,0
1756703576,803,0.0,0.0,-0.25,0.0,0.0,0.0,0.0,0.0,0,0,0
1756703576,804,0.05,0.0,-0.31,0.0,0.0,0.0,0.0,0.0,0,0,0
1756703577,805,0.01,0.0,-0.34,0.0,0.0,0.0,0.0,0.0,0,0,0
1756703577,806,0.0,0.0,-0.27,0.0,0.0,0.0,0.0,0.0,0,0,0
1756703577,807,0.0,0.0,-0.3,0.0,0.0,0.0,0.0,0.0,0,0,0
1756703577,808,0.0,0.0,-0.31,0.0,0.0,0.0,0.0,0.0,0,0,0
1756703577,809,0.01,0.0,-0.25,0.0,0.0,0.0,0.0,0.0,0,0,0
1756703577,810,0.02,0.0,-0.25,0.0,0.0,0.0,0.0,0.0,0,0,0
1756703577,811,-0.03,0.0,-0.18,0.0,0.0,0.0,0.0,0.0,0,0,0
1756703577,812,0.0,0.0,-0.28,0.0,0.0,0.0,0.0,0.0,0,0,0
1756703577,813,-0.03,0.0,-0.18,0.0,0.0,0.0,0.0,0.0,0,0,0
1756703577,814,0.01,0.0,-0.27,0.0,0.0,0.0,0.0,0.0,0,0,0
1756703577,815,0.02,0.0,-0.23,0.0,0.0,0.0,0.0,0.0,0,0,0
1756703577,816,0.0,0.0,-0.2,0.0,0.0,0.0,0.0,0.0,0,0,0
1756703577,817,0.05,0.0,-0.14,0.0,0.0,0.0,0.0,0.0,0,0,0
1756703577,818,0.0,0.0,-0.3,0.0,0.0,0.0,0.0,0.0,0,0,0
1756703577,819,0.0,0.0,-0.17,0.0,0.0,0.0,0.0,0.0,0,0,0
1756703577,820,0.02,0.0,-0.17,0.0,0.0,0.0,0.0,0.0,0,0,0
1756703577,821,0.0,0.0,-0.2,0.0,0.0,0.0,0.0,0.0,0,0,0
1756703577,822,0.02,0.0,-0.23,0.0,0.0,0.0,0.0,0.0,0,0,0
1756703577,823,0.0,0.0,-0.17,0.0,0.0,0.0,0.0,0.0,0,0,0
1756703577,824,0.0,0.0,-0.23,0.0,0.0,0.0,0.0,0.0,0,0,0
1756703577,825,0.0,0.0,-0.23,0.0,0.0,0.0,0.0,0.0,0,0,0
1756703577,826,-0.01,0.0,-0.2,0.0,0.0,0.0,0.0,0.0,0,0,0
1756703577,827,-0.03,0.0,-0.15,0.0,0.0,0.0,0.0,0.0,0,0,0
1756703577,828,0.02,0.0,-0.18,0.0,0.0,0.0,0.0,0.0,0,0,0
1756703577,829,0.02,0.0,-0.23,0.0,0.0,0.0,0.0,0.0,0,0,0
1756703577,830,0.02,0.0,-0.2,0.0,0.0,0.0,0.0,0.0,0,0,0
1756703577,831,-0.05,0.0,-0.23,0.0,0.0,0.0,0.0,0.0,0,0,0
1756703577,832,0.0,0.0,-0.23,0.0,0.0,0.0,0.0,0.0,0,0,0
1756703577,833,-0.03,0.0,-0.23,0.0,0.0,0.0,0.0,0.0,0,0,0
1756703577,834,-0.01,0.0,-0.11,0.0,0.0,0.0,0.0,0.0,0,0,0
1756703577,835,0.01,0.0,-0.14,0.0,0.0,0.0,0.0,0.0,0,0,0
1756703577,836,0.01,0.0,-0.21,0.0,0.0,0.0,0.0,0.0,0,0,0
1756703577,837,0.01,0.0,-0.14,0.0,0.0,0.0,0.0,0.0,0,0,0
1756703577,838,-0.09,0.0,-0.18,0.0,0.0,0.0,0.0,0.0,0,0,0
1756703577,839,0.05,0.0,-0.15,0.0,0.0,0.0,0.0,0.0,0,0,0
1756703577,840,0.02,0.0,-0.07,0.0,0.0,0.0,0.0,0.0,0,0,0
1756703577,841,0.07,0.0,-0.14,0.0,0.0,0.0,0.0,0.0,0,0,0
1756703577,842,0.05,0.0,-0.14,0.0,0.0,0.0,0.0,0.0,0,0,0
1756703577,843,0.0,0.0,-0.14,0.0,0.0,0.0,0.0,0.0,0,0,0
1756703577,844,0.0,0.0,-0.14,0.0,0.0,0.0,0.0,0.0,0,0,0
1756703577,845,-0.02,0.0,-0.15,0.0,0.0,0.0,0.0,0.0,0,0,0
1756703577,846,0.05,0.0,-0.18,0.0,0.0,0.0,0.0,0.0,0,0,0
1756703577,847,0.05,0.0,-0.15,0.0,0.0,0.0,0.0,0.0,0,0,0
1756703577,848,0.0,0.0,-0.15,0.0,0.0,0.0,0.0,0.0,0,0,0
1756703577,849,0.0,0.0,-0.18,0.0,0.0,0.0,0.0,0.0,0,0,0
1756703577,850,0.03,0.0,-0.15,0.0,0.0,0.0,0.0,0.0,0,0,0
1756703577,851,0.05,0.0,-0.14,0.0,0.0,0.0,0.0,0.0,0,0,0
1756703577,852,0.05,0.0,-0.15,0.0,0.0,0.0,0.0,0.0,0,0,0
1756703577,853,0.0,0.0,-0.18,0.0,0.0,0.0,0.0,0.0,0,0,0
1756703577,854,0.0,0.0,-0.15,0.0,0.0,0.0,0.0,0.0,0,0,0
1756703577,855,0.02,0.0,-0.07,0.0,0.0,0.0,0.0,0.0,0,0,0
1756703577,856,0.0,0.0,-0.17,0.0,0.0,0.0,0.0,0.0,0,0,0
1756703577,857,0.01,0.0,-0.11,0.0,0.0,0.0,0.0,0.0,0,0,0
1756703577,858,0.0,0.0,-0.1,0.0,0.0,0.0,0.0,0.0,0,0,0
1756703577,859,0.0,0.0,-0.15,0.0,0.0,0.0,0.0,0.0,0,0,0
1756703577,860,0.0,0.0,-0.17,0.0,0.0,0.0,0.0,0.0,0,0,0
1756703577,861,0.0,0.0,-0.14,0.0,0.0,0.0,0.0,0.0,0,0,0
1756703577,862,0.03,0.0,-0.15,0.0,0.0,0.0,0.0,0.0,0,0,0
1756703577,863,0.02,0.0,-0.12,0.0,0.0,0.0,0.0,0.0,0,0,0
1756703577,864,0.03,0.0,-0.07,0.0,0.0,0.0,0.0,0.0,0,0,0
1756703577,865,0.01,0.0,-0.09,0.0,0.0,0.0,0.0,0.0,0,0,0
1756703577,866,-0.02,0.0,-0.15,0.0,0.0,0.0,0.0,0.0,0,0,0
1756703577,867,-0.02,0.0,-0.18,0.0,0.0,0.0,0.0,0.0,0,0,0
1756703577,868,0.0,0.0,-0.15,0.0,0.0,0.0,0.0,0.0,0,0,0
1756703577,869,-0.07,0.0,-0.1,0.0,0.0,0.0,0.0,0.0,0,0,0
1756703577,870,0.0,0.0,-0.1,0.0,0.0,0.0,0.0,0.0,0,0,0
1756703577,871,0.05,0.0,-0.09,0.0,0.0,0.0,0.0,0.0,0,0,0
1756703577,872,0.05,0.0,-0.18,0.0,0.0,0.0,0.0,0.0,0,0,0
1756703577,873,-0.03,0.0,-0.11,0.0,0.0,0.0,0.0,0.0,0,0,0
1756703578,874,0.0,0.0,-0.12,0.0,0.0,0.0,0.0,0.0,0,0,0
1756703578,875,0.0,0.0,-0.14,0.0,0.0,0.0,0.0,0.0,0,0,0
1756703578,876,0.0,0.0,-0.12,0.0,0.0,0.0,0.0,0.0,0,0,0
1756703578,877,0.0,0.0,-0.01,0.0,0.0,0.0,0.0,0.0,0,0,0
1756703578,878,0.05,0.0,-0.1,0.0,0.0,0.0,0.0,0.0,0,0,0
1756703578,879,0.07,0.0,-0.1,0.0,0.0,0.0,0.0,0.0,0,0,0
1756703578,880,0.0,0.0,-0.11,0.0,0.0,0.0,0.0,0.0,0,0,0
1756703578,881,0.05,0.0,-0.1,0.0,0.0,0.0,0.0,0.0,0,0,0
1756703578,882,0.0,0.0,-0.12,0.0,0.0,0.0,0.0,0.0,0,0,0
1756703578,883,0.0,0.0,-0.1,0.0,0.0,0.0,0.0,0.0,0,0,0
1756703578,884,0.0,0.0,-0.15,0.0,0.0,0.0,0.0,0.0,0,0,0
1756703578,885,0.0,0.0,-0.2,0.0,0.0,0.0,0.0,0.0,0,0,0
1756703578,886,-0.05,0.0,-0.15,0.0,0.0,0.0,0.0,0.0,0,0,0
1756703578,887,0.02,0.0,-0.15,0.0,0.0,0.0,0.0,0.0,0,0,0
1756703578,888,0.02,0.0,-0.07,0.0,0.0,0.0,0.0,0.0,0,0,0
1756703578,889,0.0,0.0,-0.23,0.0,0.0,0.0,0.0,0.0,0,0,0
1756703578,890,0.01,0.0,-0.18,0.0,0.0,0.0,0.0,0.0,0,0,0
1756703578,891,0.02,0.0,-0.12,0.0,0.0,0.0,0.0,0.0,0,0,0
1756703578,892,0.0,0.0,-0.14,0.0,0.0,0.0,0.0,0.0,0,0,0
1756703578,893,0.05,0.0,-0.1,0.0,0.0,0.0,0.0,0.0,0,0,0
1756703578,894,0.0,0.0,-0.11,0.0,0.0,0.0,0.0,0.0,0,0,0
1756703578,895,0.0,0.0,-0.1,0.0,0.0,0.0,0.0,0.0,0,0,0
1756703578,896,-0.03,0.0,-0.1,0.0,0.0,0.0,0.0,0.0,0,0,0
1756703578,897,0.03,0.0,-0.1,0.0,0.0,0.0,0.0,0.0,0,0,0
1756703578,898,0.0,0.0,-0.09,0.0,0.0,0.0,0.0,0.0,0,0,0
1756703578,899,-0.02,0.0,-0.11,0.0,0.0,0.0,0.0,0.0,0,0,0
1756703578,900,-0.02,0.0,-0.11,0.0,0.0,0.0,0.0,0.0,0,0,0
1756703578,901,0.03,0.0,-0.15,0.0,0.0,0.0,0.0,0.0,0,0,0
1756703578,902,0.0,0.0,-0.07,0.0,0.0,0.0,0.0,0.0,0,0,0
1756703578,903,0.05,0.0,-0.1,0.0,0.0,0.0,0.0,0.0,0,0,0
1756703578,904,0.02,0.0,-0.18,0.0,0.0,0.0,0.0,0.0,0,0,0
1756703578,905,0.07,0.0,-0.07,0.0,0.0,0.0,0.0,0.0,0,0,0
1756703578,906,0.0,0.0,-0.1,0.0,0.0,0.0,0.0,0.0,0,0,0
1756703578,907,0.01,0.0,-0.2,0.0,0.0,0.0,0.0,0.0,0,0,0
1756703578,908,-0.01,0.0,-0.18,0.0,0.0,0.0,0.0,0.0,0,0,0
1756703578,909,0.05,0.0,-0.07,0.0,0.0,0.0,0.0,0.0,0,0,0
1756703578,910,0.05,0.0,-0.1,0.0,0.0,0.0,0.0,0.0,0,0,0
1756703578,911,-0.07,0.0,-0.2,0.0,0.0,0.0,0.0,0.0,0,0,0
1756703578,912,-0.01,0.0,-0.1,0.0,0.0,0.0,0.0,0.0,0,0,0
1756703578,913,-0.07,0.0,-0.14,0.0,0.0,0.0,0.0,0.0,0,0,0
1756703578,914,0.02,0.0,-0.12,0.0,0.0,0.0,0.0,0.0,0,0,0
1756703578,915,0.02,0.0,-0.1,0.0,0.0,0.0,0.0,0.0,0,0,0
1756703578,916,0.01,0.0,-0.15,0.0,0.0,0.0,0.0,0.0,0,0,0
1756703578,917,0.02,0.0,-0.14,0.0,0.0,0.0,0.0,0.0,0,0,0
1756703578,918,-0.07,0.0,-0.15,0.0,0.0,0.0,0.0,0.0,0,0,0
1756703578,919,-0.05,0.0,-0.11,0.0,0.0,0.0,0.0,0.0,0,0,0
1756703578,920,0.02,0.0,-0.12,0.0,0.0,0.0,0.0,0.0,0,0,0
1756703578,921,0.02,0.0,-0.09,0.0,0.0,0.0,0.0,0.0,0,0,0
1756703578,922,0.02,0.0,-0.1,0.0,0.0,0.0,0.0,0.0,0,0,0
1756703578,923,0.0,0.0,-0.11,0.0,0.0,0.0,0.0,0.0,0,0,0
1756703578,924,-0.02,0.0,-0.12,0.0,0.0,0.0,0.0,0.0,0,0,0
1756703578,925,0.01,0.0,-0.07,0.0,0.0,0.0,0.0,0.0,0,0,0
1756703578,926,0.05,0.0,-0.02,0.0,0.0,0.0,0.0,0.0,0,0,0
1756703578,927,-0.02,0.0,-0.05,0.0,0.0,0.0,0.0,0.0,0,0,0
1756703578,928,0.03,0.0,-0.09,0.0,0.0,0.0,0.0,0.0,0,0,0
1756703578,929,0.0,0.0,-0.09,0.0,0.0,0.0,0.0,0.0,0,0,0
1756703578,930,0.0,0.0,-0.15,0.0,0.0,0.0,0.0,0.0,0,0,0
1756703578,931,0.01,0.0,-0.07,0.0,0.0,0.0,0.0,0.0,0,0,0
1756703578,932,0.05,0.0,-0.07,0.0,0.0,0.0,0.0,0.0,0,0,0
1756703578,933,0.02,0.0,-0.05,0.0,0.0,0.0,0.0,0.0,0,0,0
1756703578,934,0.03,0.0,-0.1,0.0,0.0,0.0,0.0,0.0,0,0,0
1756703578,935,0.05,0.0,-0.07,0.0,0.0,0.0,0.0,0.0,0,0,0
1756703578,936,-0.07,0.0,-0.07,0.0,0.0,0.0,0.0,0.0,0,0,0
1756703579,937,0.01,0.0,-0.05,0.0,0.0,0.0,0.0,0.0,0,0,0
1756703579,938,0.0,0.0,-0.03,0.0,0.0,0.0,0.0,0.0,0,0,0
1756703579,939,0.03,0.0,-0.05,0.0,0.0,0.0,0.0,0.0,0,0,0
1756703579,940,0.01,0.0,-0.1,0.0,0.0,0.0,0.0,0.0,0,0,0
1756703579,941,0.09,0.0,0.05,0.0,0.0,0.0,0.0,0.0,0,0,0
1756703579,942,0.02,0.0,-0.02,0.0,0.0,0.0,0.0,0.0,0,0,0
1756703579,943,0.02,0.0,-0.1,0.0,0.0,0.0,0.0,0.0,0,0,0
1756703579,944,0.05,0.0,-0.05,0.0,0.0,0.0,0.0,0.0,0,0,0
1756703579,945,0.03,0.0,-0.15,0.0,0.0,0.0,0.0,0.0,0,0,0
1756703579,946,0.0,0.0,-0.07,0.0,0.0,0.0,0.0,0.0,0,0,0
1756703579,947,-0.05,0.0,-0.03,0.0,0.0,0.0,0.0,0.0,0,0,0
1756703579,948,-0.02,0.0,-0.09,0.0,0.0,0.0,0.0,0.0,0,0,0
1756703579,949,-0.03,0.0,-0.09,0.0,0.0,0.0,0.0,0.0,0,0,0
1756703579,950,0.01,0.0,-0.15,0.0,0.0,0.0,0.0,0.0,0,0,0
1756703579,951,0.0,0.0,-0.05,0.0,0.0,0.0,0.0,0.0,0,0,0
1756703579,952,0.0,0.0,-0.05,0.0,0.0,0.0,0.0,0.0,0,0,0
1756703579,953,0.0,0.0,-0.05,0.0,0.0,0.0,0.0,0.0,0,0,0
1756703579,954,0.0,0.0,-0.05,0.0,0.0,0.0,0.0,0.0,0,0,0
1756703579,955,0.0,0.0,-0.09,0.0,0.0,0.0,0.0,0.0,0,0,0
1756703579,956,0.03,0.0,-0.1,0.0,0.0,0.0,0.0,0.0,0,0,0
1756703579,957,0.05,0.0,-0.07,0.0,0.0,0.0,0.0,0.0,0,0,0
1756703579,958,0.01,0.0,-0.11,0.0,0.0,0.0,0.0,0.0,0,0,0
1756703579,959,0.07,0.0,-0.15,0.0,0.0,0.0,0.0,0.0,0,0,0
1756703579,960,0.0,0.0,-0.1,0.0,0.0,0.0,0.0,0.0,0,0,0
1756703579,961,0.0,0.0,-0.1,0.0,0.0,0.0,0.0,0.0,0,0,0
1756703579,962,0.0,0.0,-0.1,0.0,0.0,0.0,0.0,0.0,0,0,0
1756703579,963,0.0,0.0,-0.05,0.0,0.0,0.0,0.0,0.0,0,0,0
1756703579,964,0.0,0.0,-0.07,0.0,0.0,0.0,0.0,0.0,0,0,0
1756703579,965,0.0,0.0,-0.14,0.0,0.0,0.0,0.0,0.0,0,0,0
1756703579,966,0.02,0.0,-0.09,0.0,0.0,0.0,0.0,0.0,0,0,0
1756703579,967,0.0,0.0,-0.05,0.0,0.0,0.0,0.0,0.0,0,0,0
1756703579,968,0.0,0.0,-0.07,0.0,0.0,0.0,0.0,0.0,0,0,0
1756703579,969,-0.01,0.0,-0.1,0.0,0.0,0.0,0.0,0.0,0,0,0
1756703579,970,0.0,0.0,-0.07,0.0,0.0,0.0,0.0,0.0,0,0,0
1756703579,971,-0.03,0.0,-0.01,0.0,0.0,0.0,0.0,0.0,0,0,0
1756703579,972,0.03,0.0,-0.05,0.0,0.0,0.0,0.0,0.0,0,0,0
1756703579,973,-0.01,0.0,-0.1,0.0,0.0,0.0,0.0,0.0,0,0,0
1756703579,974,0.05,0.0,-0.15,0.0,0.0,0.0,0.0,0.0,0,0,0
1756703579,975,0.0,0.0,-0.07,0.0,0.0,0.0,0.0,0.0,0,0,0
1756703579,976,0.0,0.0,-0.07,0.0,0.0,0.0,0.0,0.0,0,0,0
1756703579,977,0.02,0.0,-0.09,0.0,0.0,0.0,0.0,0.0,0,0,0
1756703579,978,0.0,0.0,-0.05,0.0,0.0,0.0,0.0,0.0,0,0,0
1756703579,979,0.05,0.0,-0.07,0.0,0.0,0.0,0.0,0.0,0,0,0
1756703579,980,-0.02,0.0,-0.03,0.0,0.0,0.0,0.0,0.0,0,0,0
1756703579,981,0.0,0.0,-0.07,0.0,0.0,0.0,0.0,0.0,0,0,0
1756703579,982,0.05,0.0,-0.07,0.0,0.0,0.0,0.0,0.0,0,0,0
1756703579,983,-0.07,0.0,-0.02,0.0,0.0,0.0,0.0,0.0,0,0,0
1756703579,984,0.05,0.0,-0.07,0.0,0.0,0.0,0.0,0.0,0,0,0
1756703579,985,0.0,0.0,-0.07,0.0,0.0,0.0,0.0,0.0,0,0,0
1756703579,986,0.1,0.0,-0.09,0.0,0.0,0.0,0.0,0.0,0,0,0
1756703579,987,0.02,0.0,-0.11,0.0,0.0,0.0,0.0,0.0,0,0,0
1756703579,988,0.0,0.0,-0.11,0.0,0.0,0.0,0.0,0.0,0,0,0
1756703579,989,0.02,0.0,-0.1,0.0,0.0,0.0,0.0,0.0,0,0,0
1756703579,990,0.02,0.0,-0.07,0.0,0.0,0.0,0.0,0.0,0,0,0
1756703579,991,0.01,0.0,-0.07,0.0,0.0,0.0,0.0,0.0,0,0,0
1756703579,992,-0.01,0.0,-0.1,0.0,0.0,0.0,0.0,0.0,0,0,0
1756703579,993,0.05,0.0,-0.1,0.0,0.0,0.0,0.0,0.0,0,0,0
1756703579,994,-0.02,0.0,-0.09,0.0,0.0,0.0,0.0,0.0,0,0,0
1756703579,995,0.03,0.0,-0.05,0.0,0.0,0.0,0.0,0.0,0,0,0
1756703579,996,0.01,0.0,-0.07,0.0,0.0,0.0,0.0,0.0,0,0,0
1756703579,997,0.0,0.0,-0.09,0.0,0.0,0.0,0.0,0.0,0,0,0
1756703579,998,0.0,0.0,-0.1,0.0,0.0,0.0,0.0,0.0,0,0,0
1756703579,999,0.0,0.0,-0.07,0.0,0.0,0.0,0.0,0.0,0,0,0
1756703579,1000,-0.03,0.0,-0.05,0.0,0.0,0.0,0.0,0.0,0,0,0
1756703579,1001,0.01,0.0,-0.1,0.0,0.0,0.0,0.0,0.0,0,0,0
1756703579,1002,0.0,0.0,-0.07,0.0,0.0,0.0,0.0,0.0,0,0,0
1756703579,1003,0.02,0.0,-0.09,0.0,0.0,0.0,0.0,0.0,0,0,0
1756703579,1004,0.0,0.0,-0.14,0.0,0.0,0.0,0.0,0.0,0,0,0
1756703580,1005,0.05,0.0,-0.05,0.0,0.0,0.0,0.0,0.0,0,0,0
1756703580,1006,0.02,0.0,-0.1,0.0,0.0,0.0,0.0,0.0,0,0,0
1756703580,1007,0.05,0.0,-0.05,0.0,0.0,0.0,0.0,0.0,0,0,0
1756703580,1008,0.0,0.0,-0.11,0.0,0.0,0.0,0.0,0.0,0,0,0
1756703580,1009,0.0,0.0,-0.09,0.0,0.0,0.0,0.0,0.0,0,0,0
1756703580,1010,0.01,0.0,-0.05,0.0,0.0,0.0,0.0,0.0,0,0,0
1756703580,1011,0.02,0.0,-0.07,0.0,0.0,0.0,0.0,0.0,0,0,0
1756703580,1012,0.0,0.0,-0.07,0.0,0.0,0.0,0.0,0.0,0,0,0
1756703580,1013,0.0,0.0,-0.1,0.0,0.0,0.0,0.0,0.0,0,0,0
1756703580,1014,0.01,0.0,-0.07,0.0,0.0,0.0,0.0,0.0,0,0,0
1756703580,1015,0.01,0.0,-0.11,0.0,0.0,0.0,0.0,0.0,0,0,0
1756703580,1016,0.0,0.0,-0.15,0.0,0.0,0.0,0.0,0.0,0,0,0
1756703580,1017,0.01,0.0,-0.05,0.0,0.0,0.0,0.0,0.0,0,0,0
1756703580,1018,0.02,0.0,-0.1,0.0,0.0,0.0,0.0,0.0,0,0,0
1756703580,1019,0.02,0.0,0.0,0.0,0.0,0.0,0.0,0.0,0,0,0
1756703580,1020,0.07,0.0,-0.09,0.0,0.0,0.0,0.0,0.0,0,0,0
1756703580,1021,0.01,0.0,-0.11,0.0,0.0,0.0,0.0,0.0,0,0,0
1756703580,1022,0.02,0.0,-0.07,0.0,0.0,0.0,0.0,0.0,0,0,0
1756703580,1023,0.0,0.0,0.0,0.0,0.0,0.0,0.0,0.0,0,0,0
1756703580,1024,0.02,0.0,-0.12,0.0,0.0,0.0,0.0,0.0,0,0,0
1756703580,1025,0.03,0.0,-0.09,0.0,0.0,0.0,0.0,0.0,0,0,0
1756703580,1026,0.02,0.0,-0.09,0.0,0.0,0.0,0.0,0.0,0,0,0
1756703580,1027,0.02,0.0,-0.11,0.0,0.0,0.0,0.0,0.0,0,0,0
1756703580,1028,0.0,0.0,-0.1,0.0,0.0,0.0,0.0,0.0,0,0,0
1756703580,1029,-0.02,0.0,-0.03,0.0,0.0,0.0,0.0,0.0,0,0,0
1756703580,1030,0.05,0.0,-0.05,0.0,0.0,0.0,0.0,0.0,0,0,0
1756703580,1031,0.11,0.0,-0.11,0.0,0.0,0.0,0.0,0.0,0,0,0
1756703580,1032,0.0,0.0,-0.1,0.0,0.0,0.0,0.0,0.0,0,0,0
1756703580,1033,0.03,0.0,-0.05,0.0,0.0,0.0,0.0,0.0,0,0,0
1756703580,1034,0.0,0.0,-0.09,0.0,0.0,0.0,0.0,0.0,0,0,0
1756703580,1035,0.0,0.0,-0.07,0.0,0.0,0.0,0.0,0.0,0,0,0
1756703580,1036,-0.07,0.0,-0.07,0.0,0.0,0.0,0.0,0.0,0,0,0
1756703580,1037,0.0,0.0,-0.09,0.0,0.0,0.0,0.0,0.0,0,0,0
1756703580,1038,0.0,0.0,-0.03,0.0,0.0,0.0,0.0,0.0,0,0,0
1756703580,1039,0.0,0.0,-0.05,0.0,0.0,0.0,0.0,0.0,0,0,0
1756703580,1040,0.0,0.0,-0.07,0.0,0.0,0.0,0.0,0.0,0,0,0
1756703580,1041,0.03,0.0,-0.07,0.0,0.0,0.0,0.0,0.0,0,0,0
1756703580,1042,0.0,0.0,-0.05,0.0,0.0,0.0,0.0,0.0,0,0,0
1756703580,1043,0.0,0.0,-0.1,0.0,0.0,0.0,0.0,0.0,0,0,0
1756703580,1044,0.0,0.0,-0.05,0.0,0.0,0.0,0.0,0.0,0,0,0
1756703580,1045,0.05,0.0,-0.07,0.0,0.0,0.0,0.0,0.0,0,0,0
1756703580,1046,-0.05,0.0,-0.07,0.0,0.0,0.0,0.0,0.0,0,0,0
1756703580,1047,-0.02,0.0,-0.1,0.0,0.0,0.0,0.0,0.0,0,0,0
1756703580,1048,0.07,0.0,-0.07,0.0,0.0,0.0,0.0,0.0,0,0,0
1756703580,1049,-0.01,0.0,-0.02,0.0,0.0,0.0,0.0,0.0,0,0,0
1756703580,1050,0.01,0.0,-0.05,0.0,0.0,0.0,0.0,0.0,0,0,0
1756703580,1051,0.02,0.0,-0.18,0.0,0.0,0.0,0.0,0.0,0,0,0
1756703580,1052,0.03,0.0,-0.05,0.0,0.0,0.0,0.0,0.0,0,0,0
1756703580,1053,0.0,0.0,-0.05,0.0,0.0,0.0,0.0,0.0,0,0,0
1756703580,1054,0.0,0.0,-0.07,0.0,0.0,0.0,0.0,0.0,0,0,0
1756703580,1055,0.0,0.0,-0.05,0.0,0.0,0.0,0.0,0.0,0,0,0
1756703580,1056,0.0,0.0,-0.02,0.0,0.0,0.0,0.0,0.0,0,0,0
1756703580,1057,-0.03,0.0,-0.05,0.0,0.0,0.0,0.0,0.0,0,0,0
1756703580,1058,0.0,0.0,-0.03,0.0,0.0,0.0,0.0,0.0,0,0,0
1756703580,1059,0.01,0.0,-0.03,0.0,0.0,0.0,0.0,0.0,0,0,0
1756703580,1060,-0.02,0.0,-0.09,0.0,0.0,0.0,0.0,0.0,0,0,0
1756703580,1061,0.03,0.0,-0.09,0.0,0.0,0.0,0.0,0.0,0,0,0
1756703580,1062,0.05,0.0,-0.07,0.0,0.0,0.0,0.0,0.0,0,0,0
1756703580,1063,0.01,0.0,-0.05,0.0,0.0,0.0,0.0,0.0,0,0,0
1756703580,1064,0.0,0.0,-0.05,0.0,0.0,0.0,0.0,0.0,0,0,0
1756703580,1065,-0.01,0.0,-0.01,0.0,0.0,0.0,0.0,0.0,0,0,0
1756703580,1066,0.05,0.0,-0.05,0.0,0.0,0.0,0.0,0.0,0,0,0
1756703580,1067,0.0,0.0,-0.03,0.0,0.0,0.0,0.0,0.0,0,0,0
1756703580,1068,0.0,0.0,-0.02,0.0,0.0,0.0,0.0,0.0,0,0,0
1756703580,1069,0.01,0.0,0.0,0.0,0.0,0.0,0.0,0.0,0,0,0
1756703580,1070,0.01,0.0,-0.05,0.0,0.0,0.0,0.0,0.0,0,0,0
1756703581,1071,0.01,0.0,-0.07,0.0,0.0,0.0,0.0,0.0,0,0,0
1756703581,1072,0.03,0.0,-0.01,0.0,0.0,0.0,0.0,0.0,0,0,0
1756703581,1073,0.0,0.0,-0.07,0.0,0.0,0.0,0.0,0.0,0,0,0
1756703581,1074,-0.02,0.0,-0.09,0.0,0.0,0.0,0.0,0.0,0,0,0
1756703581,1075,0.0,0.0,-0.03,0.0,0.0,0.0,0.0,0.0,0,0,0
1756703581,1076,-0.03,0.0,-0.09,0.0,0.0,0.0,0.0,0.0,0,0,0
1756703581,1077,0.0,0.0,-0.09,0.0,0.0,0.0,0.0,0.0,0,0,0
1756703581,1078,0.02,0.0,-0.02,0.0,0.0,0.0,0.0,0.0,0,0,0
1756703581,1079,0.03,0.0,-0.05,0.0,0.0,0.0,0.0,0.0,0,0,0
1756703581,1080,-0.01,0.0,-0.05,0.0,0.0,0.0,0.0,0.0,0,0,0
1756703581,1081,0.05,0.0,-0.09,0.0,0.0,0.0,0.0,0.0,0,0,0
1756703581,1082,0.0,0.0,-0.02,0.0,0.0,0.0,0.0,0.0,0,0,0
1756703581,1083,0.03,0.0,-0.01,0.0,0.0,0.0,0.0,0.0,0,0,0
1756703581,1084,0.03,0.0,-0.05,0.0,0.0,0.0,0.0,0.0,0,0,0
1756703581,1085,0.01,0.0,0.0,0.0,0.0,0.0,0.0,0.0,0,0,0
1756703581,1086,0.0,0.0,0.0,0.0,0.0,0.0,0.0,0.0,0,0,0
1756703581,1087,-0.01,0.0,0.0,0.0,0.0,0.0,0.0,0.0,0,0,0
1756703581,1088,0.0,0.0,0.21,0.0,0.0,0.0,0.0,0.0,0,0,0
1756703581,1089,0.05,0.0,0.0,0.0,0.0,0.0,0.0,0.0,0,0,0
1756703581,1090,0.0,0.0,0.0,0.0,0.0,0.0,0.0,0.0,0,0,0
1756703581,1091,0.05,0.0,0.07,0.0,0.0,0.0,0.0,0.0,0,0,0
1756703581,1092,0.01,0.0,0.1,0.0,0.0,0.0,0.0,0.0,0,0,0
1756703581,1093,-0.01,0.0,0.1,0.0,0.0,0.0,0.0,0.0,0,0,0
1756703581,1094,0.01,0.0,0.11,0.0,0.0,0.0,0.0,0.0,0,0,0
1756703581,1095,0.07,0.0,0.15,0.0,0.0,0.0,0.0,0.0,0,0,0
1756703581,1096,-0.03,0.0,0.2,0.0,0.0,0.0,0.0,0.0,0,0,0
1756703581,1097,0.0,0.0,0.21,0.0,0.0,0.0,0.0,0.0,0,0,0
1756703581,1098,0.01,0.0,0.28,0.0,0.0,0.0,0.0,0.0,0,0,0
1756703581,1099,0.03,0.0,0.2,0.0,0.0,0.0,0.0,0.0,0,0,0
1756703581,1100,0.0,0.0,0.2,0.0,0.0,0.0,0.0,0.0,0,0,0
1756703581,1101,0.0,0.0,0.23,0.0,0.0,0.0,0.0,0.0,0,0,0
1756703581,1102,0.0,0.0,0.21,0.0,0.0,0.0,0.0,0.0,0,0,0
1756703581,1103,0.0,0.0,0.23,0.0,0.0,0.0,0.0,0.0,0,0,0
1756703581,1104,0.0,0.0,0.33,0.0,0.0,0.0,0.0,0.0,0,0,0
1756703581,1105,0.0,0.0,0.27,0.0,0.0,0.0,0.0,0.0,0,0,0
1756703581,1106,0.01,0.0,0.27,0.0,0.0,0.0,0.0,0.0,0,0,0
1756703581,1107,0.03,0.0,0.25,0.0,0.0,0.0,0.0,0.0,0,0,0
1756703581,1108,0.0,0.0,0.25,0.0,0.0,0.0,0.0,0.0,0,0,0
1756703581,1109,-0.01,0.0,0.34,0.0,0.0,0.0,0.0,0.0,0,0,0
1756703581,1110,0.01,0.0,0.27,0.0,0.0,0.0,0.0,0.0,0,0,0
1756703581,1111,0.01,0.0,0.31,0.0,0.0,0.0,0.0,0.0,0,0,0
1756703581,1112,0.02,0.0,0.31,0.0,0.0,0.0,0.0,0.0,0,0,0
1756703581,1113,0.01,0.0,0.31,0.0,0.0,0.0,0.0,0.0,0,0,0
1756703581,1114,0.01,0.0,0.33,0.0,0.0,0.0,0.0,0.0,0,0,0
1756703581,1115,-0.09,0.0,0.3,0.0,0.0,0.0,0.0,0.0,0,0,0
1756703581,1116,0.01,0.0,0.28,0.0,0.0,0.0,0.0,0.0,0,0,0
1756703581,1117,0.01,0.0,0.25,0.0,0.0,0.0,0.0,0.0,0,0,0
1756703581,1118,0.05,0.0,0.2,0.0,0.0,0.0,0.0,0.0,0,0,0
1756703581,1119,0.0,0.0,0.31,0.0,0.0,0.0,0.0,0.0,0,0,0
1756703581,1120,0.0,0.0,0.23,0.0,0.0,0.0,0.0,0.0,0,0,0
1756703581,1121,-0.01,0.0,0.28,0.0,0.0,0.0,0.0,0.0,0,0,0
1756703581,1122,0.0,0.0,0.34,0.0,0.0,0.0,0.0,0.0,0,0,0
1756703581,1123,0.02,0.0,0.28,0.0,0.0,0.0,0.0,0.0,0,0,0
1756703581,1124,0.0,0.0,0.15,0.0,0.0,0.0,0.0,0.0,0,0,0
1756703581,1125,0.02,0.0,0.23,0.0,0.0,0.0,0.0,0.0,0,0,0
1756703581,1126,0.0,0.0,0.28,0.0,0.0,0.0,0.0,0.0,0,0,0
1756703581,1127,0.0,0.0,0.23,0.0,0.0,0.0,0.0,0.0,0,0,0
1756703581,1128,0.01,0.0,0.21,0.0,0.0,0.0,0.0,0.0,0,0,0
1756703581,1129,0.0,0.0,0.21,0.0,0.0,0.0,0.0,0.0,0,0,0
1756703581,1130,0.05,0.0,0.23,0.0,0.0,0.0,0.0,0.0,0,0,0
1756703581,1131,0.05,0.0,0.17,0.0,0.0,0.0,0.0,0.0,0,0,0
1756703581,1132,0.0,0.0,0.17,0.0,0.0,0.0,0.0,0.0,0,0,0
1756703581,1133,0.05,0.0,0.12,0.0,0.0,0.0,0.0,0.0,0,0,0
1756703581,1134,0.02,0.0,0.25,0.0,0.0,0.0,0.0,0.0,0,0,0
1756703581,1135,-0.07,0.0,0.18,0.0,0.0,0.0,0.0,0.0,0,0,0
1756703581,1136,0.01,0.0,0.18,0.0,0.0,0.0,0.0,0.0,0,0,0
1756703582,1137,0.07,0.0,0.05,0.0,0.0,0.0,0.0,0.0,0,0,0
1756703582,1138,0.02,0.0,-0.03,0.0,0.0,0.0,0.0,0.0,0,0,0
1756703582,1139,0.01,0.0,0.05,0.0,0.0,0.0,0.0,0.0,0,0,0
1756703582,1140,0.0,0.0,0.05,0.0,0.0,0.0,0.0,0.0,0,0,0
1756703582,1141,-0.01,0.0,0.07,0.0,0.0,0.0,0.0,0.0,0,0,0
1756703582,1142,0.01,0.0,0.03,0.0,0.0,0.0,0.0,0.0,0,0,0
1756703582,1143,0.02,0.0,0.0,0.0,0.0,0.0,0.0,0.0,0,0,0
1756703582,1144,0.05,0.0,0.05,0.0,0.0,0.0,0.0,0.0,0,0,0
1756703582,1145,0.0,0.0,0.0,0.0,0.0,0.0,0.0,0.0,0,0,0
1756703582,1146,0.07,0.0,-0.02,0.0,0.0,0.0,0.0,0.0,0,0,0
1756703582,1147,0.05,0.0,-0.03,0.0,0.0,0.0,0.0,0.0,0,0,0
1756703582,1148,0.01,0.0,-0.01,0.0,0.0,0.0,0.0,0.0,0,0,0
1756703582,1149,0.0,0.0,0.0,0.0,0.0,0.0,0.0,0.0,0,0,0
1756703582,1150,0.05,0.0,0.0,0.0,0.0,0.0,0.0,0.0,0,0,0
1756703582,1151,0.03,0.0,0.02,0.0,0.0,0.0,0.0,0.0,0,0,0
1756703582,1152,0.02,0.0,0.02,0.0,0.0,0.0,0.0,0.0,0,0,0
1756703582,1153,0.03,0.0,0.0,0.0,0.0,0.0,0.0,0.0,0,0,0
1756703582,1154,0.01,0.0,0.0,0.0,0.0,0.0,0.0,0.0,0,0,0
1756703582,1155,0.0,0.0,0.0,0.0,0.0,0.0,0.0,0.0,0,0,0
1756703582,1156,0.01,0.0,0.0,0.0,0.0,0.0,0.0,0.0,0,0,0
1756703582,1157,0.0,0.0,0.09,0.0,0.0,0.0,0.0,0.0,0,0,0
1756703582,1158,0.1,0.0,-0.01,0.0,0.0,0.0,0.0,0.0,0,0,0
1756703582,1159,0.02,0.0,0.01,0.0,0.0,0.0,0.0,0.0,0,0,0
1756703582,1160,0.02,0.0,0.0,0.0,0.0,0.0,0.0,0.0,0,0,0
1756703582,1161,0.07,0.0,0.02,0.0,0.0,0.0,0.0,0.0,0,0,0
1756703582,1162,0.05,0.0,0.03,0.0,0.0,0.0,0.0,0.0,0,0,0
1756703582,1163,0.0,0.0,0.03,0.0,0.0,0.0,0.0,0.0,0,0,0
1756703582,1164,0.01,0.0,0.01,0.0,0.0,0.0,0.0,0.0,0,0,0
1756703582,1165,0.03,0.0,0.03,0.0,0.0,0.0,0.0,0.0,0,0,0
1756703582,1166,0.05,0.0,0.05,0.0,0.0,0.0,0.0,0.0,0,0,0
1756703582,1167,0.0,0.0,0.07,0.0,0.0,0.0,0.0,0.0,0,0,0
1756703582,1168,0.01,0.0,0.0,0.0,0.0,0.0,0.0,0.0,0,0,0
1756703582,1169,0.02,0.0,0.03,0.0,0.0,0.0,0.0,0.0,0,0,0
1756703582,1170,0.03,0.0,0.07,0.0,0.0,0.0,0.0,0.0,0,0,0
1756703582,1171,0.09,0.0,0.05,0.0,0.0,0.0,0.0,0.0,0,0,0
1756703582,1172,-0.05,0.0,0.11,0.0,0.0,0.0,0.0,0.0,0,0,0
1756703582,1173,0.03,0.0,0.09,0.0,0.0,0.0,0.0,0.0,0,0,0
1756703582,1174,0.05,0.0,0.05,0.0,0.0,0.0,0.0,0.0,0,0,0
1756703582,1175,-0.02,0.0,0.05,0.0,0.0,0.0,0.0,0.0,0,0,0
1756703582,1176,0.0,0.0,0.03,0.0,0.0,0.0,0.0,0.0,0,0,0
1756703582,1177,0.03,0.0,0.05,0.0,0.0,0.0,0.0,0.0,0,0,0
1756703582,1178,0.05,0.0,0.15,0.0,0.0,0.0,0.0,0.0,0,0,0
1756703582,1179,0.0,0.0,0.05,0.0,0.0,0.0,0.0,0.0,0,0,0
1756703582,1180,0.0,0.0,0.05,0.0,0.0,0.0,0.0,0.0,0,0,0
1756703582,1181,0.05,0.0,0.05,0.0,0.0,0.0,0.0,0.0,0,0,0
1756703582,1182,0.05,0.0,0.0,0.0,0.0,0.0,0.0,0.0,0,0,0
1756703582,1183,0.02,0.0,0.02,0.0,0.0,0.0,0.0,0.0,0,0,0
1756703582,1184,0.05,0.0,0.0,0.0,0.0,0.0,0.0,0.0,0,0,0
1756703582,1185,0.0,0.0,0.05,0.0,0.0,0.0,0.0,0.0,0,0,0
1756703582,1186,0.07,0.0,-0.01,0.0,0.0,0.0,0.0,0.0,0,0,0
1756703582,1187,-0.03,0.0,0.0,0.0,0.0,0.0,0.0,0.0,0,0,0
1756703582,1188,0.0,0.0,0.0,0.0,0.0,0.0,0.0,0.0,0,0,0
1756703582,1189,0.07,0.0,0.03,0.0,0.0,0.0,0.0,0.0,0,0,0
1756703582,1190,0.05,0.0,0.03,0.0,0.0,0.0,0.0,0.0,0,0,0
1756703582,1191,0.1,0.0,0.0,0.0,0.0,0.0,0.0,0.0,0,0,0
1756703582,1192,0.0,0.0,0.03,0.0,0.0,0.0,0.0,0.0,0,0,0
1756703582,1193,0.02,0.0,0.0,0.0,0.0,0.0,0.0,0.0,0,0,0
1756703582,1194,0.01,0.0,0.0,0.0,0.0,0.0,0.0,0.0,0,0,0
1756703582,1195,0.07,0.0,0.0,0.0,0.0,0.0,0.0,0.0,0,0,0
1756703582,1196,0.0,0.0,0.05,0.0,0.0,0.0,0.0,0.0,0,0,0
1756703582,1197,0.05,0.0,0.03,0.0,0.0,0.0,0.0,0.0,0,0,0
1756703582,1198,0.05,0.0,0.0,0.0,0.0,0.0,0.0,0.0,0,0,0
1756703582,1199,0.02,0.0,0.0,0.0,0.0,0.0,0.0,0.0,0,0,0
1756703582,1200,0.0,0.0,-0.03,0.0,0.0,0.0,0.0,0.0,0,0,0
1756703582,1201,-0.02,0.0,0.0,0.0,0.0,0.0,0.0,0.0,0,0,0
1756703583,1202,0.03,0.0,0.01,0.0,0.0,0.0,0.0,0.0,0,0,0
1756703583,1203,0.03,0.0,0.0,0.0,0.0,0.0,0.0,0.0,0,0,0
1756703583,1204,0.05,0.0,0.01,0.0,0.0,0.0,0.0,0.0,0,0,0
1756703583,1205,0.05,0.0,-0.03,0.0,0.0,0.0,0.0,0.0,0,0,0
1756703583,1206,0.05,0.0,0.02,0.0,0.0,0.0,0.0,0.0,0,0,0
1756703583,1207,0.0,0.0,0.0,0.0,0.0,0.0,0.0,0.0,0,0,0
1756703583,1208,0.07,0.0,-0.01,0.0,0.0,0.0,0.0,0.0,0,0,0
1756703583,1209,0.14,0.0,-0.05,0.0,0.0,0.0,0.0,0.0,0,0,0
1756703583,1210,0.01,0.0,0.0,0.0,0.0,0.0,0.0,0.0,0,0,0
1756703583,1211,0.11,0.0,0.0,0.0,0.0,0.0,0.0,0.0,0,0,0
1756703583,1212,0.0,0.0,0.0,0.0,0.0,0.0,0.0,0.0,0,0,0
1756703583,1213,0.0,0.0,0.02,0.0,0.0,0.0,0.0,0.0,0,0,0
1756703583,1214,0.0,0.0,-0.02,0.0,0.0,0.0,0.0,0.0,0,0,0
1756703583,1215,0.05,0.0,-0.01,0.0,0.0,0.0,0.0,0.0,0,0,0
1756703583,1216,0.05,0.0,0.01,0.0,0.0,0.0,0.0,0.0,0,0,0
1756703583,1217,0.0,0.0,-0.02,0.0,0.0,0.0,0.0,0.0,0,0,0
1756703583,1218,0.03,0.0,0.0,0.0,0.0,0.0,0.0,0.0,0,0,0
1756703583,1219,0.01,0.0,0.07,0.0,0.0,0.0,0.0,0.0,0,0,0
1756703583,1220,0.03,0.0,-0.07,0.0,0.0,0.0,0.0,0.0,0,0,0
1756703583,1221,0.01,0.0,-0.01,0.0,0.0,0.0,0.0,0.0,0,0,0
1756703583,1222,0.02,0.0,0.0,0.0,0.0,0.0,0.0,0.0,0,0,0
1756703583,1223,0.0,0.0,-0.01,0.0,0.0,0.0,0.0,0.0,0,0,0
1756703583,1224,0.05,0.0,0.0,0.0,0.0,0.0,0.0,0.0,0,0,0
1756703583,1225,0.0,0.0,-0.05,0.0,0.0,0.0,0.0,0.0,0,0,0
1756703583,1226,0.1,0.0,-0.01,0.0,0.0,0.0,0.0,0.0,0,0,0
1756703583,1227,0.0,0.0,0.0,0.0,0.0,0.0,0.0,0.0,0,0,0
1756703583,1228,0.05,0.0,-0.01,0.0,0.0,0.0,0.0,0.0,0,0,0
1756703583,1229,0.05,0.0,-0.02,0.0,0.0,0.0,0.0,0.0,0,0,0
1756703583,1230,0.05,0.0,0.0,0.0,0.0,0.0,0.0,0.0,0,0,0
1756703583,1231,0.0,0.0,0.0,0.0,0.0,0.0,0.0,0.0,0,0,0
1756703583,1232,0.02,0.0,0.0,0.0,0.0,0.0,0.0,0.0,0,0,0
1756703583,1233,-0.01,0.0,-0.02,0.0,0.0,0.0,0.0,0.0,0,0,0
1756703583,1234,0.03,0.0,0.0,0.0,0.0,0.0,0.0,0.0,0,0,0
1756703583,1235,0.03,0.0,0.0,0.0,0.0,0.0,0.0,0.0,0,0,0
1756703583,1236,-0.05,0.0,0.0,0.0,0.0,0.0,0.0,0.0,0,0,0
1756703583,1237,0.03,0.0,0.0,0.0,0.0,0.0,0.0,0.0,0,0,0
1756703583,1238,0.03,0.0,0.0,0.0,0.0,0.0,0.0,0.0,0,0,0
1756703583,1239,0.03,0.0,-0.07,0.0,0.0,0.0,0.0,0.0,0,0,0
1756703583,1240,0.02,0.0,0.0,0.0,0.0,0.0,0.0,0.0,0,0,0
1756703583,1241,0.03,0.0,0.0,0.0,0.0,0.0,0.0,0.0,0,0,0
1756703583,1242,0.0,0.0,0.0,0.0,0.0,0.0,0.0,0.0,0,0,0
1756703583,1243,0.0,0.0,0.0,0.0,0.0,0.0,0.0,0.0,0,0,0
1756703583,1244,0.01,0.0,-0.05,0.0,0.0,0.0,0.0,0.0,0,0,0
1756703583,1245,0.0,0.0,0.0,0.0,0.0,0.0,0.0,0.0,0,0,0
1756703583,1246,0.0,0.0,0.01,0.0,0.0,0.0,0.0,0.0,0,0,0
1756703583,1247,-0.02,0.0,-0.03,0.0,0.0,0.0,0.0,0.0,0,0,0
1756703583,1248,0.02,0.0,0.0,0.0,0.0,0.0,0.0,0.0,0,0,0
1756703583,1249,0.03,0.0,-0.03,0.0,0.0,0.0,0.0,0.0,0,0,0
1756703583,1250,0.0,0.0,0.0,0.0,0.0,0.0,0.0,0.0,0,0,0
1756703583,1251,0.02,0.0,-0.01,0.0,0.0,0.0,0.0,0.0,0,0,0
1756703583,1252,-0.02,0.0,0.0,0.0,0.0,0.0,0.0,0.0,0,0,0
1756703583,1253,0.03,0.0,0.07,0.0,0.0,0.0,0.0,0.0,0,0,0
1756703583,1254,0.0,0.0,0.0,0.0,0.0,0.0,0.0,0.0,0,0,0
1756703583,1255,0.01,0.0,0.0,0.0,0.0,0.0,0.0,0.0,0,0,0
1756703583,1256,0.0,0.0,-0.03,0.0,0.0,0.0,0.0,0.0,0,0,0
1756703583,1257,0.0,0.0,0.0,0.0,0.0,0.0,0.0,0.0,0,0,0
1756703583,1258,-0.05,0.0,0.0,0.0,0.0,0.0,0.0,0.0,0,0,0
1756703583,1259,0.0,0.0,-0.03,0.0,0.0,0.0,0.0,0.0,0,0,0
1756703583,1260,0.02,0.0,0.0,0.0,0.0,0.0,0.0,0.0,0,0,0
1756703583,1261,0.0,0.0,-0.01,0.0,0.0,0.0,0.0,0.0,0,0,0
1756703583,1262,0.02,0.0,-0.07,0.0,0.0,0.0,0.0,0.0,0,0,0
1756703583,1263,0.02,0.0,-0.1,0.0,0.0,0.0,0.0,0.0,0,0,0
1756703583,1264,0.07,0.0,-0.03,0.0,0.0,0.0,0.0,0.0,0,0,0
1756703583,1265,0.03,0.0,0.03,0.0,0.0,0.0,0.0,0.0,0,0,0
1756703583,1266,-0.05,0.0,-0.02,0.0,0.0,0.0,0.0,0.0,0,0,0
1756703583,1267,0.07,0.0,-0.05,0.0,0.0,0.0,0.0,0.0,0,0,0
1756703584,1268,0.01,0.0,-0.02,0.0,0.0,0.0,0.0,0.0,0,0,0
1756703584,1269,0.05,0.0,-0.05,0.0,0.0,0.0,0.0,0.0,0,0,0
1756703584,1270,0.07,0.0,-0.09,0.0,0.0,0.0,0.0,0.0,0,0,0
1756703584,1271,0.0,0.0,-0.07,0.0,0.0,0.0,0.0,0.0,0,0,0
1756703584,1272,0.03,0.0,-0.1,0.0,0.0,0.0,0.0,0.0,0,0,0
1756703584,1273,0.07,0.0,0.0,0.0,0.0,0.0,0.0,0.0,0,0,0
1756703584,1274,0.0,0.0,-0.02,0.0,0.0,0.0,0.0,0.0,0,0,0
1756703584,1275,0.01,0.0,-0.01,0.0,0.0,0.0,0.0,0.0,0,0,0
1756703584,1276,0.05,0.0,-0.03,0.0,0.0,0.0,0.0,0.0,0,0,0
1756703584,1277,0.1,0.0,-0.02,0.0,0.0,0.0,0.0,0.0,0,0,0
1756703584,1278,0.02,0.0,-0.07,0.0,0.0,0.0,0.0,0.0,0,0,0
1756703584,1279,0.0,0.0,-0.11,0.0,0.0,0.0,0.0,0.0,0,0,0
1756703584,1280,0.05,0.0,-0.05,0.0,0.0,0.0,0.0,0.0,0,0,0
1756703584,1281,-0.02,0.0,-0.02,0.0,0.0,0.0,0.0,0.0,0,0,0
1756703584,1282,0.0,0.0,-0.05,0.0,0.0,0.0,0.0,0.0,0,0,0
1756703584,1283,0.0,0.0,-0.07,0.0,0.0,0.0,0.0,0.0,0,0,0
1756703584,1284,-0.01,0.0,-0.01,0.0,0.0,0.0,0.0,0.0,0,0,0
1756703584,1285,0.0,0.0,-0.03,0.0,0.0,0.0,0.0,0.0,0,0,0
1756703584,1286,0.05,0.0,-0.01,0.0,0.0,0.0,0.0,0.0,0,0,0
1756703584,1287,0.0,0.0,-0.05,0.0,0.0,0.0,0.0,0.0,0,0,0
1756703584,1288,0.0,0.0,-0.11,0.0,0.0,0.0,0.0,0.0,0,0,0
1756703584,1289,0.01,0.0,-0.05,0.0,0.0,0.0,0.0,0.0,0,0,0
1756703584,1290,0.02,0.0,0.0,0.0,0.0,0.0,0.0,0.0,0,0,0
1756703584,1291,0.0,0.0,-0.05,0.0,0.0,0.0,0.0,0.0,0,0,0
1756703584,1292,0.0,0.0,-0.01,0.0,0.0,0.0,0.0,0.0,0,0,0
1756703584,1293,0.03,0.0,0.02,0.0,0.0,0.0,0.0,0.0,0,0,0
1756703584,1294,0.05,0.0,-0.03,0.0,0.0,0.0,0.0,0.0,0,0,0
1756703584,1295,0.02,0.0,-0.03,0.0,0.0,0.0,0.0,0.0,0,0,0
1756703584,1296,0.0,0.0,0.0,0.0,0.0,0.0,0.0,0.0,0,0,0
1756703584,1297,0.0,0.0,0.0,0.0,0.0,0.0,0.0,0.0,0,0,0
1756703584,1298,0.01,0.0,-0.07,0.0,0.0,0.0,0.0,0.0,0,0,0
1756703584,1299,0.02,0.0,-0.03,0.0,0.0,0.0,0.0,0.0,0,0,0
1756703584,1300,0.07,0.0,-0.07,0.0,0.0,0.0,0.0,0.0,0,0,0
1756703584,1301,0.0,0.0,-0.01,0.0,0.0,0.0,0.0,0.0,0,0,0
1756703584,1302,0.05,0.0,0.0,0.0,0.0,0.0,0.0,0.0,0,0,0
1756703584,1303,0.0,0.0,0.0,0.0,0.0,0.0,0.0,0.0,0,0,0
1756703584,1304,0.0,0.0,-0.01,0.0,0.0,0.0,0.0,0.0,0,0,0
1756703584,1305,-0.01,0.0,-0.02,0.0,0.0,0.0,0.0,0.0,0,0,0
1756703584,1306,0.0,0.0,-0.03,0.0,0.0,0.0,0.0,0.0,0,0,0
1756703584,1307,0.0,0.0,0.01,0.0,0.0,0.0,0.0,0.0,0,0,0
1756703584,1308,0.0,0.0,-0.03,0.0,0.0,0.0,0.0,0.0,0,0,0
1756703584,1309,0.0,0.0,-0.05,0.0,0.0,0.0,0.0,0.0,0,0,0
1756703584,1310,0.02,0.0,-0.01,0.0,0.0,0.0,0.0,0.0,0,0,0
1756703584,1311,0.02,0.0,-0.02,0.0,0.0,0.0,0.0,0.0,0,0,0
1756703584,1312,0.1,0.0,0.02,0.0,0.0,0.0,0.0,0.0,0,0,0
1756703584,1313,0.02,0.0,0.0,0.0,0.0,0.0,0.0,0.0,0,0,0
1756703584,1314,0.0,0.0,-0.02,0.0,0.0,0.0,0.0,0.0,0,0,0
1756703584,1315,0.0,0.0,-0.03,0.0,0.0,0.0,0.0,0.0,0,0,0
1756703584,1316,0.14,0.0,0.0,0.0,0.0,0.0,0.0,0.0,0,0,0
1756703584,1317,0.14,0.0,-0.05,0.0,0.0,0.0,0.0,0.0,0,0,0
1756703584,1318,0.0,0.0,-0.05,0.0,0.0,0.0,0.0,0.0,0,0,0
1756703584,1319,-0.01,0.0,-0.03,0.0,0.0,0.0,0.0,0.0,0,0,0
1756703584,1320,-0.07,0.0,0.0,0.0,0.0,0.0,0.0,0.0,0,0,0
1756703584,1321,0.0,0.0,-0.09,0.0,0.0,0.0,0.0,0.0,0,0,0
1756703584,1322,0.0,0.0,-0.05,0.0,0.0,0.0,0.0,0.0,0,0,0
1756703584,1323,0.0,0.0,-0.05,0.0,0.0,0.0,0.0,0.0,0,0,0
1756703584,1324,0.0,0.0,-0.05,0.0,0.0,0.0,0.0,0.0,0,0,0
1756703584,1325,0.0,0.0,-0.07,0.0,0.0,0.0,0.0,0.0,0,0,0
1756703584,1326,0.0,0.0,-0.07,0.0,0.0,0.0,0.0,0.0,0,0,0
1756703584,1327,0.0,0.0,0.0,0.0,0.0,0.0,0.0,0.0,0,0,0
1756703584,1328,0.02,0.0,-0.02,0.0,0.0,0.0,0.0,0.0,0,0,0
1756703584,1329,0.0,0.0,-0.07,0.0,0.0,0.0,0.0,0.0,0,0,0
1756703584,1330,0.0,0.0,-0.03,0.0,0.0,0.0,0.0,0.0,0,0,0
1756703584,1331,0.0,0.0,-0.1,0.0,0.0,0.0,0.0,0.0,0,0,0
1756703584,1332,0.0,0.0,-0.1,0.0,0.0,0.0,0.0,0.0,0,0,0
1756703584,1333,-0.05,0.0,-0.07,0.0,0.0,0.0,0.0,0.0,0,0,0
1756703585,1334,0.0,0.0,-0.11,0.0,0.0,0.0,0.0,0.0,0,0,0
1756703585,1335,0.02,0.0,-0.12,0.0,0.0,0.0,0.0,0.0,0,0,0
1756703585,1336,0.01,0.0,-0.09,0.0,0.0,0.0,0.0,0.0,0,0,0
1756703585,1337,-0.05,0.0,-0.11,0.0,0.0,0.0,0.0,0.0,0,0,0
1756703585,1338,0.0,0.0,0.02,0.0,0.0,0.0,0.0,0.0,0,0,0
1756703585,1339,0.0,0.0,-0.05,0.0,0.0,0.0,0.0,0.0,0,0,0
1756703585,1340,0.0,0.0,-0.1,0.0,0.0,0.0,0.0,0.0,0,0,0
1756703585,1341,-0.05,0.0,-0.11,0.0,0.0,0.0,0.0,0.0,0,0,0
1756703585,1342,0.01,0.0,-0.09,0.0,0.0,0.0,0.0,0.0,0,0,0
1756703585,1343,-0.01,0.0,-0.09,0.0,0.0,0.0,0.0,0.0,0,0,0
1756703585,1344,0.0,0.0,-0.05,0.0,0.0,0.0,0.0,0.0,0,0,0
1756703585,1345,-0.01,0.0,-0.07,0.0,0.0,0.0,0.0,0.0,0,0,0
1756703585,1346,-0.01,0.0,-0.03,0.0,0.0,0.0,0.0,0.0,0,0,0
1756703585,1347,0.0,0.0,-0.15,0.0,0.0,0.0,0.0,0.0,0,0,0
1756703585,1348,0.03,0.0,-0.05,0.0,0.0,0.0,0.0,0.0,0,0,0
1756703585,1349,0.02,0.0,-0.01,0.0,0.0,0.0,0.0,0.0,0,0,0
1756703585,1350,0.05,0.0,-0.07,0.0,0.0,0.0,0.0,0.0,0,0,0
1756703585,1351,-0.01,0.0,-0.05,0.0,0.0,0.0,0.0,0.0,0,0,0
1756703585,1352,-0.02,0.0,0.01,0.0,0.0,0.0,0.0,0.0,0,0,0
1756703585,1353,-0.05,0.0,-0.05,0.0,0.0,0.0,0.0,0.0,0,0,0
1756703585,1354,0.0,0.0,-0.07,0.0,0.0,0.0,0.0,0.0,0,0,0
1756703585,1355,-0.01,0.0,-0.05,0.0,0.0,0.0,0.0,0.0,0,0,0
1756703585,1356,0.02,0.0,-0.01,0.0,0.0,0.0,0.0,0.0,0,0,0
1756703585,1357,0.01,0.0,-0.09,0.0,0.0,0.0,0.0,0.0,0,0,0
1756703585,1358,-0.03,0.0,-0.01,0.0,0.0,0.0,0.0,0.0,0,0,0
1756703585,1359,0.0,0.0,-0.05,0.0,0.0,0.0,0.0,0.0,0,0,0
1756703585,1360,0.0,0.0,0.0,0.0,0.0,0.0,0.0,0.0,0,0,0
1756703585,1361,0.0,0.0,-0.01,0.0,0.0,0.0,0.0,0.0,0,0,0
1756703585,1362,0.0,0.0,-0.03,0.0,0.0,0.0,0.0,0.0,0,0,0
1756703585,1363,0.03,0.0,-0.01,0.0,0.0,0.0,0.0,0.0,0,0,0
1756703585,1364,0.0,0.0,-0.03,0.0,0.0,0.0,0.0,0.0,0,0,0
1756703585,1365,0.0,0.0,-0.01,0.0,0.0,0.0,0.0,0.0,0,0,0
1756703585,1366,0.0,0.0,-0.05,0.0,0.0,0.0,0.0,0.0,0,0,0
1756703585,1367,0.0,0.0,-0.1,0.0,0.0,0.0,0.0,0.0,0,0,0
1756703585,1368,-0.02,0.0,0.0,0.0,0.0,0.0,0.0,0.0,0,0,0
1756703585,1369,0.0,0.0,-0.05,0.0,0.0,0.0,0.0,0.0,0,0,0
1756703585,1370,0.02,0.0,-0.05,0.0,0.0,0.0,0.0,0.0,0,0,0
1756703585,1371,0.0,0.0,-0.05,0.0,0.0,0.0,0.0,0.0,0,0,0
1756703585,1372,-0.05,0.0,-0.05,0.0,0.0,0.0,0.0,0.0,0,0,0
1756703585,1373,0.01,0.0,-0.07,0.0,0.0,0.0,0.0,0.0,0,0,0
1756703585,1374,-0.01,0.0,-0.05,0.0,0.0,0.0,0.0,0.0,0,0,0
1756703585,1375,0.07,0.0,-0.05,0.0,0.0,0.0,0.0,0.0,0,0,0
1756703585,1376,0.0,0.0,-0.05,0.0,0.0,0.0,0.0,0.0,0,0,0
1756703585,1377,-0.03,0.0,-0.05,0.0,0.0,0.0,0.0,0.0,0,0,0
1756703585,1378,0.0,0.0,-0.02,0.0,0.0,0.0,0.0,0.0,0,0,0
1756703585,1379,0.0,0.0,-0.05,0.0,0.0,0.0,0.0,0.0,0,0,0
1756703585,1380,0.0,0.0,-0.01,0.0,0.0,0.0,0.0,0.0,0,0,0
1756703585,1381,0.0,0.0,-0.07,0.0,0.0,0.0,0.0,0.0,0,0,0
1756703585,1382,-0.01,0.0,-0.05,0.0,0.0,0.0,0.0,0.0,0,0,0
1756703585,1383,-0.1,0.0,-0.03,0.0,0.0,0.0,0.0,0.0,0,0,0
1756703585,1384,0.05,0.0,-0.07,0.0,0.0,0.0,0.0,0.0,0,0,0
1756703585,1385,0.0,0.0,-0.1,0.0,0.0,0.0,0.0,0.0,0,0,0
1756703585,1386,0.0,0.0,-0.09,0.0,0.0,0.0,0.0,0.0,0,0,0
1756703585,1387,0.0,0.0,-0.05,0.0,0.0,0.0,0.0,0.0,0,0,0
1756703585,1388,0.02,0.0,-0.01,0.0,0.0,0.0,0.0,0.0,0,0,0
1756703585,1389,0.0,0.0,0.0,0.0,0.0,0.0,0.0,0.0,0,0,0
1756703585,1390,0.01,0.0,-0.07,0.0,0.0,0.0,0.0,0.0,0,0,0
1756703585,1391,0.03,0.0,-0.07,0.0,0.0,0.0,0.0,0.0,0,0,0
1756703585,1392,0.11,0.0,-0.05,0.0,0.0,0.0,0.0,0.0,0,0,0
1756703585,1393,0.05,0.0,-0.02,0.0,0.0,0.0,0.0,0.0,0,0,0
1756703585,1394,0.0,0.0,-0.05,0.0,0.0,0.0,0.0,0.0,0,0,0
1756703585,1395,0.0,0.0,-0.01,0.0,0.0,0.0,0.0,0.0,0,0,0
1756703586,1396,-0.07,0.0,-0.1,0.0,0.0,0.0,0.0,0.0,0,0,0
1756703586,1397,-0.03,0.0,-0.02,0.0,0.0,0.0,0.0,0.0,0,0,0
1756703586,1398,0.0,0.0,-0.07,0.0,0.0,0.0,0.0,0.0,0,0,0
1756703586,1399,0.0,0.0,-0.05,0.0,0.0,0.0,0.0,0.0,0,0,0
1756703586,1400,0.0,0.0,0.0,0.0,0.0,0.0,0.0,0.0,0,0,0
1756703586,1401,0.05,0.0,-0.05,0.0,0.0,0.0,0.0,0.0,0,0,0
1756703586,1402,0.01,0.0,-0.05,0.0,0.0,0.0,0.0,0.0,0,0,0
1756703586,1403,0.03,0.0,-0.02,0.0,0.0,0.0,0.0,0.0,0,0,0
1756703586,1404,0.02,0.0,-0.05,0.0,0.0,0.0,0.0,0.0,0,0,0
1756703586,1405,-0.02,0.0,-0.07,0.0,0.0,0.0,0.0,0.0,0,0,0
1756703586,1406,0.02,0.0,-0.09,0.0,0.0,0.0,0.0,0.0,0,0,0
1756703586,1407,-0.02,0.0,-0.07,0.0,0.0,0.0,0.0,0.0,0,0,0
1756703586,1408,0.05,0.0,0.0,0.0,0.0,0.0,0.0,0.0,0,0,0
1756703586,1409,0.0,0.0,-0.01,0.0,0.0,0.0,0.0,0.0,0,0,0
1756703586,1410,0.14,0.0,-0.03,0.0,0.0,0.0,0.0,0.0,0,0,0
1756703586,1411,0.0,0.0,-0.07,0.0,0.0,0.0,0.0,0.0,0,0,0
1756703586,1412,0.0,0.0,-0.03,0.0,0.0,0.0,0.0,0.0,0,0,0
1756703586,1413,-0.02,0.0,-0.03,0.0,0.0,0.0,0.0,0.0,0,0,0
1756703586,1414,-0.02,0.0,-0.05,0.0,0.0,0.0,0.0,0.0,0,0,0
1756703586,1415,-0.01,0.0,-0.05,0.0,0.0,0.0,0.0,0.0,0,0,0
1756703586,1416,0.0,0.0,-0.09,0.0,0.0,0.0,0.0,0.0,0,0,0
1756703586,1417,-0.05,0.0,-0.07,0.0,0.0,0.0,0.0,0.0,0,0,0
1756703586,1418,0.0,0.0,-0.05,0.0,0.0,0.0,0.0,0.0,0,0,0
1756703586,1419,-0.01,0.0,-0.02,0.0,0.0,0.0,0.0,0.0,0,0,0
1756703586,1420,0.0,0.0,0.0,0.0,0.0,0.0,0.0,0.0,0,0,0
1756703586,1421,0.05,0.0,0.0,0.0,0.0,0.0,0.0,0.0,0,0,0
1756703586,1422,0.0,0.0,-0.05,0.0,0.0,0.0,0.0,0.0,0,0,0
1756703586,1423,0.0,0.0,-0.05,0.0,0.0,0.0,0.0,0.0,0,0,0
1756703586,1424,0.0,0.0,-0.05,0.0,0.0,0.0,0.0,0.0,0,0,0
1756703586,1425,0.1,0.0,0.0,0.0,0.0,0.0,0.0,0.0,0,0,0
1756703586,1426,0.0,0.0,-0.03,0.0,0.0,0.0,0.0,0.0,0,0,0
1756703586,1427,0.03,0.0,-0.07,0.0,0.0,0.0,0.0,0.0,0,0,0
1756703586,1428,0.0,0.0,-0.01,0.0,0.0,0.0,0.0,0.0,0,0,0
1756703586,1429,0.02,0.0,-0.07,0.0,0.0,0.0,0.0,0.0,0,0,0
1756703586,1430,-0.01,0.0,-0.03,0.0,0.0,0.0,0.0,0.0,0,0,0
1756703586,1431,-0.03,0.0,-0.03,0.0,0.0,0.0,0.0,0.0,0,0,0
1756703586,1432,0.0,0.0,-0.07,0.0,0.0,0.0,0.0,0.0,0,0,0
1756703586,1433,0.05,0.0,-0.05,0.0,0.0,0.0,0.0,0.0,0,0,0
1756703586,1434,0.02,0.0,-0.02,0.0,0.0,0.0,0.0,0.0,0,0,0
1756703586,1435,-0.05,0.0,-0.07,0.0,0.0,0.0,0.0,0.0,0,0,0
1756703586,1436,0.0,0.0,-0.07,0.0,0.0,0.0,0.0,0.0,0,0,0
1756703586,1437,0.02,0.0,-0.1,0.0,0.0,0.0,0.0,0.0,0,0,0
1756703586,1438,0.0,0.0,-0.1,0.0,0.0,0.0,0.0,0.0,0,0,0
1756703586,1439,-0.03,0.0,-0.05,0.0,0.0,0.0,0.0,0.0,0,0,0
1756703586,1440,-0.1,0.0,-0.05,0.0,0.0,0.0,0.0,0.0,0,0,0
1756703586,1441,-0.17,0.0,-0.1,0.0,0.0,0.0,0.0,0.0,0,0,0
1756703586,1442,-0.14,0.0,-0.07,0.0,0.0,0.0,0.0,0.0,0,0,0
1756703586,1443,-0.2,0.0,-0.1,0.0,0.0,0.0,0.0,0.0,0,0,0
1756703586,1444,-0.23,0.0,-0.01,0.0,0.0,0.0,0.0,0.0,0,0,0
1756703586,1445,-0.33,0.0,-0.03,0.0,0.0,0.0,0.0,0.0,0,0,0
1756703586,1446,-0.33,0.0,-0.07,0.0,0.0,0.0,0.0,0.0,0,0,0
1756703586,1447,-0.37,0.0,-0.05,0.0,0.0,0.0,0.0,0.0,0,0,0
1756703586,1448,-0.34,0.0,0.03,0.0,0.0,0.0,0.0,0.0,0,0,0
1756703586,1449,-0.33,0.0,-0.07,0.0,0.0,0.0,0.0,0.0,0,0,0
1756703586,1450,-0.36,0.0,-0.05,0.0,0.0,0.0,0.0,0.0,0,0,0
1756703586,1451,-0.31,0.0,-0.11,0.0,0.0,0.0,0.0,0.0,0,0,0
1756703586,1452,-0.25,0.0,-0.05,0.0,0.0,0.0,0.0,0.0,0,0,0
1756703586,1453,-0.27,0.0,-0.02,0.0,0.0,0.0,0.0,0.0,0,0,0
1756703586,1454,-0.31,0.0,-0.05,0.0,0.0,0.0,0.0,0.0,0,0,0
1756703586,1455,-0.25,0.0,-0.02,0.0,0.0,0.0,0.0,0.0,0,0,0
1756703586,1456,-0.2,0.0,-0.12,0.0,0.0,0.0,0.0,0.0,0,0,0
1756703586,1457,-0.17,0.0,-0.05,0.0,0.0,0.0,0.0,0.0,0,0,0
1756703586,1458,-0.18,0.0,-0.1,0.0,0.0,0.0,0.0,0.0,0,0,0
1756703586,1459,-0.15,0.0,-0.05,0.0,0.0,0.0,0.0,0.0,0,0,0
1756703586,1460,-0.17,0.0,-0.05,0.0,0.0,0.0,0.0,0.0,0,0,0
1756703586,1461,-0.17,0.0,-0.05,0.0,0.0,0.0,0.0,0.0,0,0,0
1756703587,1462,-0.15,0.0,-0.05,0.0,0.0,0.0,0.0,0.0,0,0,0
1756703587,1463,-0.2,0.0,-0.09,0.0,0.0,0.0,0.0,0.0,0,0,0
1756703587,1464,-0.18,0.0,-0.05,0.0,0.0,0.0,0.0,0.0,0,0,0
1756703587,1465,-0.12,0.0,-0.02,0.0,0.0,0.0,0.0,0.0,0,0,0
1756703587,1466,-0.12,0.0,-0.09,0.0,0.0,0.0,0.0,0.0,0,0,0
1756703587,1467,-0.15,0.0,-0.03,0.0,0.0,0.0,0.0,0.0,0,0,0
1756703587,1468,-0.14,0.0,-0.07,0.0,0.0,0.0,0.0,0.0,0,0,0
1756703587,1469,-0.1,0.0,-0.09,0.0,0.0,0.0,0.0,0.0,0,0,0
1756703587,1470,-0.11,0.0,-0.07,0.0,0.0,0.0,0.0,0.0,0,0,0
1756703587,1471,-0.1,0.0,-0.05,0.0,0.0,0.0,0.0,0.0,0,0,0
1756703587,1472,-0.11,0.0,-0.07,0.0,0.0,0.0,0.0,0.0,0,0,0
1756703587,1473,-0.1,0.0,-0.05,0.0,0.0,0.0,0.0,0.0,0,0,0
1756703587,1474,-0.14,0.0,-0.03,0.0,0.0,0.0,0.0,0.0,0,0,0
1756703587,1475,-0.11,0.0,-0.1,0.0,0.0,0.0,0.0,0.0,0,0,0
1756703587,1476,-0.15,0.0,-0.07,0.0,0.0,0.0,0.0,0.0,0,0,0
1756703587,1477,-0.11,0.0,-0.07,0.0,0.0,0.0,0.0,0.0,0,0,0
1756703587,1478,-0.12,0.0,-0.01,0.0,0.0,0.0,0.0,0.0,0,0,0
1756703587,1479,-0.15,0.0,-0.07,0.0,0.0,0.0,0.0,0.0,0,0,0
1756703587,1480,-0.15,0.0,-0.03,0.0,0.0,0.0,0.0,0.0,0,0,0
1756703587,1481,-0.1,0.0,-0.03,0.0,0.0,0.0,0.0,0.0,0,0,0
1756703587,1482,-0.12,0.0,-0.02,0.0,0.0,0.0,0.0,0.0,0,0,0
1756703587,1483,-0.18,0.0,-0.03,0.0,0.0,0.0,0.0,0.0,0,0,0
1756703587,1484,-0.2,0.0,-0.09,0.0,0.0,0.0,0.0,0.0,0,0,0
1756703587,1485,-0.1,0.0,-0.05,0.0,0.0,0.0,0.0,0.0,0,0,0
1756703587,1486,-0.1,0.0,-0.05,0.0,0.0,0.0,0.0,0.0,0,0,0
1756703587,1487,-0.15,0.0,-0.09,0.0,0.0,0.0,0.0,0.0,0,0,0
1756703587,1488,-0.11,0.0,-0.07,0.0,0.0,0.0,0.0,0.0,0,0,0
1756703587,1489,-0.21,0.0,-0.1,0.0,0.0,0.0,0.0,0.0,0,0,0
1756703587,1490,-0.12,0.0,-0.11,0.0,0.0,0.0,0.0,0.0,0,0,0
1756703587,1491,-0.15,0.0,-0.1,0.0,0.0,0.0,0.0,0.0,0,0,0
1756703587,1492,-0.15,0.0,-0.05,0.0,0.0,0.0,0.0,0.0,0,0,0
1756703587,1493,-0.09,0.0,-0.01,0.0,0.0,0.0,0.0,0.0,0,0,0
1756703587,1494,-0.11,0.0,-0.11,0.0,0.0,0.0,0.0,0.0,0,0,0
1756703587,1495,-0.15,0.0,-0.07,0.0,0.0,0.0,0.0,0.0,0,0,0
1756703587,1496,-0.07,0.0,-0.07,0.0,0.0,0.0,0.0,0.0,0,0,0
1756703587,1497,-0.1,0.0,-0.1,0.0,0.0,0.0,0.0,0.0,0,0,0
1756703587,1498,-0.1,0.0,-0.05,0.0,0.0,0.0,0.0,0.0,0,0,0
1756703587,1499,-0.11,0.0,-0.15,0.0,0.0,0.0,0.0,0.0,0,0,0
1756703587,1500,-0.15,0.0,-0.11,0.0,0.0,0.0,0.0,0.0,0,0,0
1756703587,1501,-0.09,0.0,0.0,0.0,0.0,0.0,0.0,0.0,0,0,0
1756703587,1502,-0.1,0.0,-0.07,0.0,0.0,0.0,0.0,0.0,0,0,0
1756703587,1503,-0.12,0.0,-0.07,0.0,0.0,0.0,0.0,0.0,0,0,0
1756703587,1504,-0.12,0.0,-0.09,0.0,0.0,0.0,0.0,0.0,0,0,0
1756703587,1505,-0.07,0.0,-0.05,0.0,0.0,0.0,0.0,0.0,0,0,0
1756703587,1506,-0.07,0.0,-0.1,0.0,0.0,0.0,0.0,0.0,0,0,0
1756703587,1507,-0.03,0.0,-0.03,0.0,0.0,0.0,0.0,0.0,0,0,0
1756703587,1508,-0.1,0.0,-0.05,0.0,0.0,0.0,0.0,0.0,0,0,0
1756703587,1509,-0.05,0.0,-0.12,0.0,0.0,0.0,0.0,0.0,0,0,0
1756703587,1510,-0.05,0.0,-0.05,0.0,0.0,0.0,0.0,0.0,0,0,0
1756703587,1511,-0.07,0.0,-0.11,0.0,0.0,0.0,0.0,0.0,0,0,0
1756703587,1512,-0.09,0.0,-0.05,0.0,0.0,0.0,0.0,0.0,0,0,0
1756703587,1513,-0.05,0.0,-0.07,0.0,0.0,0.0,0.0,0.0,0,0,0
1756703587,1514,-0.12,0.0,-0.07,0.0,0.0,0.0,0.0,0.0,0,0,0
1756703587,1515,-0.1,0.0,-0.07,0.0,0.0,0.0,0.0,0.0,0,0,0
1756703587,1516,-0.07,0.0,-0.05,0.0,0.0,0.0,0.0,0.0,0,0,0
1756703587,1517,-0.09,0.0,-0.1,0.0,0.0,0.0,0.0,0.0,0,0,0
1756703587,1518,-0.03,0.0,-0.05,0.0,0.0,0.0,0.0,0.0,0,0,0
1756703587,1519,-0.07,0.0,-0.05,0.0,0.0,0.0,0.0,0.0,0,0,0
1756703587,1520,-0.03,0.0,-0.05,0.0,0.0,0.0,0.0,0.0,0,0,0
1756703587,1521,-0.02,0.0,-0.05,0.0,0.0,0.0,0.0,0.0,0,0,0
1756703587,1522,-0.03,0.0,-0.05,0.0,0.0,0.0,0.0,0.0,0,0,0
1756703587,1523,-0.14,0.0,0.0,0.0,0.0,0.0,0.0,0.0,0,0,0
1756703587,1524,-0.02,0.0,-0.02,0.0,0.0,0.0,0.0,0.0,0,0,0
1756703587,1525,-0.02,0.0,0.0,0.0,0.0,0.0,0.0,0.0,0,0,0
1756703587,1526,-0.07,0.0,-0.02,0.0,0.0,0.0,0.0,0.0,0,0,0
1756703587,1527,-0.07,0.0,-0.1,0.0,0.0,0.0,0.0,0.0,0,0,0
1756703587,1528,0.0,0.0,-0.07,0.0,0.0,0.0,0.0,0.0,0,0,0
1756703587,1529,-0.01,0.0,-0.05,0.0,0.0,0.0,0.0,0.0,0,0,0
1756703587,1530,-0.07,0.0,-0.05,0.0,0.0,0.0,0.0,0.0,0,0,0
1756703588,1531,-0.02,0.0,-0.01,0.0,0.0,0.0,0.0,0.0,0,0,0
1756703588,1532,0.0,0.0,-0.03,0.0,0.0,0.0,0.0,0.0,0,0,0
1756703588,1533,-0.14,0.0,-0.05,0.0,0.0,0.0,0.0,0.0,0,0,0
1756703588,1534,-0.05,0.0,-0.01,0.0,0.0,0.0,0.0,0.0,0,0,0
1756703588,1535,-0.03,0.0,-0.02,0.0,0.0,0.0,0.0,0.0,0,0,0
1756703588,1536,-0.1,0.0,-0.07,0.0,0.0,0.0,0.0,0.0,0,0,0
1756703588,1537,0.0,0.0,-0.07,0.0,0.0,0.0,0.0,0.0,0,0,0
1756703588,1538,0.02,0.0,0.03,0.0,0.0,0.0,0.0,0.0,0,0,0
1756703588,1539,-0.03,0.0,-0.05,0.0,0.0,0.0,0.0,0.0,0,0,0
1756703588,1540,-0.01,0.0,-0.03,0.0,0.0,0.0,0.0,0.0,0,0,0
1756703588,1541,0.0,0.0,-0.05,0.0,0.0,0.0,0.0,0.0,0,0,0
1756703588,1542,0.0,0.0,-0.03,0.0,0.0,0.0,0.0,0.0,0,0,0
1756703588,1543,-0.07,0.0,-0.01,0.0,0.0,0.0,0.0,0.0,0,0,0
1756703588,1544,0.0,0.0,-0.1,0.0,0.0,0.0,0.0,0.0,0,0,0
1756703588,1545,-0.02,0.0,-0.01,0.0,0.0,0.0,0.0,0.0,0,0,0
1756703588,1546,-0.07,0.0,-0.01,0.0,0.0,0.0,0.0,0.0,0,0,0
1756703588,1547,-0.02,0.0,-0.03,0.0,0.0,0.0,0.0,0.0,0,0,0
1756703588,1548,-0.02,0.0,-0.05,0.0,0.0,0.0,0.0,0.0,0,0,0
1756703588,1549,-0.03,0.0,-0.09,0.0,0.0,0.0,0.0,0.0,0,0,0
1756703588,1550,-0.01,0.0,0.0,0.0,0.0,0.0,0.0,0.0,0,0,0
1756703588,1551,-0.02,0.0,0.02,0.0,0.0,0.0,0.0,0.0,0,0,0
1756703588,1552,-0.05,0.0,-0.01,0.0,0.0,0.0,0.0,0.0,0,0,0
1756703588,1553,-0.09,0.0,-0.05,0.0,0.0,0.0,0.0,0.0,0,0,0
1756703588,1554,-0.07,0.0,0.0,0.0,0.0,0.0,0.0,0.0,0,0,0
1756703588,1555,-0.03,0.0,0.07,0.0,0.0,0.0,0.0,0.0,0,0,0
1756703588,1556,-0.02,0.0,-0.03,0.0,0.0,0.0,0.0,0.0,0,0,0
1756703588,1557,0.0,0.0,-0.01,0.0,0.0,0.0,0.0,0.0,0,0,0
1756703588,1558,-0.05,0.0,-0.02,0.0,0.0,0.0,0.0,0.0,0,0,0
1756703588,1559,-0.05,0.0,-0.15,0.0,0.0,0.0,0.0,0.0,0,0,0
1756703588,1560,-0.01,0.0,-0.07,0.0,0.0,0.0,0.0,0.0,0,0,0
1756703588,1561,0.01,0.0,-0.07,0.0,0.0,0.0,0.0,0.0,0,0,0
1756703588,1562,0.0,0.0,0.0,0.0,0.0,0.0,0.0,0.0,0,0,0
1756703588,1563,0.0,0.0,-0.01,0.0,0.0,0.0,0.0,0.0,0,0,0
1756703588,1564,0.03,0.0,-0.02,0.0,0.0,0.0,0.0,0.0,0,0,0
1756703588,1565,-0.07,0.0,0.0,0.0,0.0,0.0,0.0,0.0,0,0,0
1756703588,1566,-0.07,0.0,-0.01,0.0,0.0,0.0,0.0,0.0,0,0,0
1756703588,1567,0.0,0.0,0.0,0.0,0.0,0.0,0.0,0.0,0,0,0
1756703588,1568,-0.01,0.0,-0.02,0.0,0.0,0.0,0.0,0.0,0,0,0
1756703588,1569,-0.02,0.0,-0.01,0.0,0.0,0.0,0.0,0.0,0,0,0
1756703588,1570,-0.09,0.0,-0.01,0.0,0.0,0.0,0.0,0.0,0,0,0
1756703588,1571,0.0,0.0,-0.07,0.0,0.0,0.0,0.0,0.0,0,0,0
1756703588,1572,-0.03,0.0,-0.02,0.0,0.0,0.0,0.0,0.0,0,0,0
1756703588,1573,0.01,0.0,-0.03,0.0,0.0,0.0,0.0,0.0,0,0,0
1756703588,1574,0.0,0.0,-0.03,0.0,0.0,0.0,0.0,0.0,0,0,0
1756703588,1575,-0.02,0.0,0.0,0.0,0.0,0.0,0.0,0.0,0,0,0
1756703588,1576,0.0,0.0,-0.02,0.0,0.0,0.0,0.0,0.0,0,0,0
1756703588,1577,0.0,0.0,-0.03,0.0,0.0,0.0,0.0,0.0,0,0,0
1756703588,1578,0.0,0.0,-0.03,0.0,0.0,0.0,0.0,0.0,0,0,0
1756703588,1579,-0.02,0.0,-0.02,0.0,0.0,0.0,0.0,0.0,0,0,0
1756703588,1580,0.03,0.0,-0.01,0.0,0.0,0.0,0.0,0.0,0,0,0
1756703588,1581,-0.01,0.0,-0.02,0.0,0.0,0.0,0.0,0.0,0,0,0
1756703588,1582,-0.01,0.0,0.0,0.0,0.0,0.0,0.0,0.0,0,0,0
1756703588,1583,0.0,0.0,-0.07,0.0,0.0,0.0,0.0,0.0,0,0,0
1756703588,1584,0.03,0.0,-0.05,0.0,0.0,0.0,0.0,0.0,0,0,0
1756703588,1585,0.0,0.0,-0.05,0.0,0.0,0.0,0.0,0.0,0,0,0
1756703588,1586,0.01,0.0,-0.03,0.0,0.0,0.0,0.0,0.0,0,0,0
1756703588,1587,-0.03,0.0,0.0,0.0,0.0,0.0,0.0,0.0,0,0,0
1756703588,1588,-0.02,0.0,-0.05,0.0,0.0,0.0,0.0,0.0,0,0,0
1756703588,1589,0.0,0.0,-0.03,0.0,0.0,0.0,0.0,0.0,0,0,0
1756703588,1590,0.0,0.0,-0.05,0.0,0.0,0.0,0.0,0.0,0,0,0
1756703588,1591,0.05,0.0,-0.02,0.0,0.0,0.0,0.0,0.0,0,0,0
1756703588,1592,0.0,0.0,-0.03,0.0,0.0,0.0,0.0,0.0,0,0,0
1756703588,1593,0.0,0.0,-0.07,0.0,0.0,0.0,0.0,0.0,0,0,0
1756703588,1594,0.0,0.0,0.0,0.0,0.0,0.0,0.0,0.0,0,0,0
1756703588,1595,-0.07,0.0,-0.05,0.0,0.0,0.0,0.0,0.0,0,0,0
1756703588,1596,-0.05,0.0,-0.07,0.0,0.0,0.0,0.0,0.0,0,0,0
1756703589,1597,0.0,0.0,-0.07,0.0,0.0,0.0,0.0,0.0,0,0,0
1756703589,1598,0.0,0.0,-0.05,0.0,0.0,0.0,0.0,0.0,0,0,0
1756703589,1599,0.0,0.0,-0.07,0.0,0.0,0.0,0.0,0.0,0,0,0
1756703589,1600,0.0,0.0,0.02,0.0,0.0,0.0,0.0,0.0,0,0,0
1756703589,1601,-0.05,0.0,0.0,0.0,0.0,0.0,0.0,0.0,0,0,0
1756703589,1602,0.0,0.0,-0.05,0.0,0.0,0.0,0.0,0.0,0,0,0
1756703589,1603,-0.01,0.0,-0.07,0.0,0.0,0.0,0.0,0.0,0,0,0
1756703589,1604,0.0,0.0,-0.02,0.0,0.0,0.0,0.0,0.0,0,0,0
1756703589,1605,-0.01,0.0,-0.03,0.0,0.0,0.0,0.0,0.0,0,0,0
1756703589,1606,-0.01,0.0,-0.02,0.0,0.0,0.0,0.0,0.0,0,0,0
1756703589,1607,-0.01,0.0,-0.01,0.0,0.0,0.0,0.0,0.0,0,0,0
1756703589,1608,0.02,0.0,0.0,0.0,0.0,0.0,0.0,0.0,0,0,0
1756703589,1609,-0.07,0.0,-0.02,0.0,0.0,0.0,0.0,0.0,0,0,0
1756703589,1610,0.0,0.0,-0.01,0.0,0.0,0.0,0.0,0.0,0,0,0
1756703589,1611,0.0,0.0,-0.01,0.0,0.0,0.0,0.0,0.0,0,0,0
1756703589,1612,-0.05,0.0,-0.01,0.0,0.0,0.0,0.0,0.0,0,0,0
1756703589,1613,0.0,0.0,0.0,0.0,0.0,0.0,0.0,0.0,0,0,0
1756703589,1614,0.0,0.0,-0.1,0.0,0.0,0.0,0.0,0.0,0,0,0
1756703589,1615,0.0,0.0,-0.02,0.0,0.0,0.0,0.0,0.0,0,0,0
1756703589,1616,-0.03,0.0,-0.02,0.0,0.0,0.0,0.0,0.0,0,0,0
1756703589,1617,-0.01,0.0,-0.01,0.0,0.0,0.0,0.0,0.0,0,0,0
1756703589,1618,0.0,0.0,-0.05,0.0,0.0,0.0,0.0,0.0,0,0,0
1756703589,1619,-0.05,0.0,-0.03,0.0,0.0,0.0,0.0,0.0,0,0,0
1756703589,1620,0.01,0.0,0.0,0.0,0.0,0.0,0.0,0.0,0,0,0
1756703589,1621,-0.05,0.0,-0.02,0.0,0.0,0.0,0.0,0.0,0,0,0
1756703589,1622,0.0,0.0,-0.01,0.0,0.0,0.0,0.0,0.0,0,0,0
1756703589,1623,-0.01,0.0,-0.01,0.0,0.0,0.0,0.0,0.0,0,0,0
1756703589,1624,0.03,0.0,0.0,0.0,0.0,0.0,0.0,0.0,0,0,0
1756703589,1625,-0.03,0.0,0.0,0.0,0.0,0.0,0.0,0.0,0,0,0
1756703589,1626,-0.02,0.0,0.0,0.0,0.0,0.0,0.0,0.0,0,0,0
1756703589,1627,0.0,0.0,-0.05,0.0,0.0,0.0,0.0,0.0,0,0,0
1756703589,1628,-0.03,0.0,-0.05,0.0,0.0,0.0,0.0,0.0,0,0,0
1756703589,1629,-0.05,0.0,-0.02,0.0,0.0,0.0,0.0,0.0,0,0,0
1756703589,1630,0.0,0.0,-0.03,0.0,0.0,0.0,0.0,0.0,0,0,0
1756703589,1631,0.01,0.0,-0.05,0.0,0.0,0.0,0.0,0.0,0,0,0
1756703589,1632,-0.01,0.0,-0.05,0.0,0.0,0.0,0.0,0.0,0,0,0
1756703589,1633,0.0,0.0,-0.03,0.0,0.0,0.0,0.0,0.0,0,0,0
1756703589,1634,0.01,0.0,-0.07,0.0,0.0,0.0,0.0,0.0,0,0,0
1756703589,1635,0.01,0.0,-0.02,0.0,0.0,0.0,0.0,0.0,0,0,0
1756703589,1636,-0.02,0.0,-0.1,0.0,0.0,0.0,0.0,0.0,0,0,0
1756703589,1637,-0.05,0.0,-0.1,0.0,0.0,0.0,0.0,0.0,0,0,0
1756703589,1638,-0.03,0.0,-0.02,0.0,0.0,0.0,0.0,0.0,0,0,0
1756703589,1639,-0.07,0.0,0.0,0.0,0.0,0.0,0.0,0.0,0,0,0
1756703589,1640,0.02,0.0,-0.01,0.0,0.0,0.0,0.0,0.0,0,0,0
1756703589,1641,-0.01,0.0,-0.02,0.0,0.0,0.0,0.0,0.0,0,0,0
1756703589,1642,0.0,0.0,-0.01,0.0,0.0,0.0,0.0,0.0,0,0,0
1756703589,1643,-0.01,0.0,-0.01,0.0,0.0,0.0,0.0,0.0,0,0,0
1756703589,1644,0.05,0.0,-0.03,0.0,0.0,0.0,0.0,0.0,0,0,0
1756703589,1645,-0.05,0.0,-0.02,0.0,0.0,0.0,0.0,0.0,0,0,0
1756703589,1646,-0.07,0.0,-0.01,0.0,0.0,0.0,0.0,0.0,0,0,0
1756703589,1647,-0.02,0.0,-0.1,0.0,0.0,0.0,0.0,0.0,0,0,0
1756703589,1648,0.02,0.0,-0.01,0.0,0.0,0.0,0.0,0.0,0,0,0
1756703589,1649,0.01,0.0,-0.05,0.0,0.0,0.0,0.0,0.0,0,0,0
1756703589,1650,0.0,0.0,-0.01,0.0,0.0,0.0,0.0,0.0,0,0,0
1756703589,1651,-0.01,0.0,-0.02,0.0,0.0,0.0,0.0,0.0,0,0,0
1756703589,1652,-0.02,0.0,-0.05,0.0,0.0,0.0,0.0,0.0,0,0,0
1756703589,1653,-0.01,0.0,-0.01,0.0,0.0,0.0,0.0,0.0,0,0,0
1756703589,1654,-0.05,0.0,-0.02,0.0,0.0,0.0,0.0,0.0,0,0,0
1756703589,1655,-0.05,0.0,-0.01,0.0,0.0,0.0,0.0,0.0,0,0,0
1756703589,1656,-0.01,0.0,-0.05,0.0,0.0,0.0,0.0,0.0,0,0,0
1756703589,1657,-0.05,0.0,-0.01,0.0,0.0,0.0,0.0,0.0,0,0,0
1756703589,1658,0.0,0.0,0.0,0.0,0.0,0.0,0.0,0.0,0,0,0
1756703589,1659,-0.01,0.0,-0.05,0.0,0.0,0.0,0.0,0.0,0,0,0
1756703589,1660,0.0,0.0,0.0,0.0,0.0,0.0,0.0,0.0,0,0,0
1756703589,1661,-0.01,0.0,0.0,0.0,0.0,0.0,0.0,0.0,0,0,0
1756703589,1662,0.0,0.0,-0.15,0.0,0.0,0.0,0.0,0.0,0,0,0
1756703590,1663,0.0,0.0,-0.03,0.0,0.0,0.0,0.0,0.0,0,0,0
1756703590,1664,-0.01,0.0,-0.05,0.0,0.0,0.0,0.0,0.0,0,0,0
1756703590,1665,-0.01,0.0,0.0,0.0,0.0,0.0,0.0,0.0,0,0,0
1756703590,1666,0.0,0.0,0.0,0.0,0.0,0.0,0.0,0.0,0,0,0
1756703590,1667,-0.02,0.0,0.0,0.0,0.0,0.0,0.0,0.0,0,0,0
1756703590,1668,-0.05,0.0,0.0,0.0,0.0,0.0,0.0,0.0,0,0,0
1756703590,1669,-0.01,0.0,-0.01,0.0,0.0,0.0,0.0,0.0,0,0,0
1756703590,1670,-0.02,0.0,0.0,0.0,0.0,0.0,0.0,0.0,0,0,0
1756703590,1671,0.0,0.0,0.0,0.0,0.0,0.0,0.0,0.0,0,0,0
1756703590,1672,-0.02,0.0,0.0,0.0,0.0,0.0,0.0,0.0,0,0,0
1756703590,1673,-0.07,0.0,-0.05,0.0,0.0,0.0,0.0,0.0,0,0,0
1756703590,1674,-0.05,0.0,-0.03,0.0,0.0,0.0,0.0,0.0,0,0,0
1756703590,1675,-0.05,0.0,0.0,0.0,0.0,0.0,0.0,0.0,0,0,0
1756703590,1676,-0.03,0.0,0.0,0.0,0.0,0.0,0.0,0.0,0,0,0
1756703590,1677,-0.05,0.0,0.02,0.0,0.0,0.0,0.0,0.0,0,0,0
1756703590,1678,-0.05,0.0,-0.09,0.0,0.0,0.0,0.0,0.0,0,0,0
1756703590,1679,-0.01,0.0,-0.02,0.0,0.0,0.0,0.0,0.0,0,0,0
1756703590,1680,-0.01,0.0,-0.01,0.0,0.0,0.0,0.0,0.0,0,0,0
1756703590,1681,-0.02,0.0,-0.02,0.0,0.0,0.0,0.0,0.0,0,0,0
1756703590,1682,-0.02,0.0,0.0,0.0,0.0,0.0,0.0,0.0,0,0,0
1756703590,1683,-0.02,0.0,-0.03,0.0,0.0,0.0,0.0,0.0,0,0,0
1756703590,1684,-0.03,0.0,-0.09,0.0,0.0,0.0,0.0,0.0,0,0,0
1756703590,1685,-0.07,0.0,-0.05,0.0,0.0,0.0,0.0,0.0,0,0,0
1756703590,1686,0.0,0.0,-0.03,0.0,0.0,0.0,0.0,0.0,0,0,0
1756703590,1687,0.0,0.0,-0.05,0.0,0.0,0.0,0.0,0.0,0,0,0
1756703590,1688,-0.07,0.0,-0.05,0.0,0.0,0.0,0.0,0.0,0,0,0
1756703590,1689,0.0,0.0,0.0,0.0,0.0,0.0,0.0,0.0,0,0,0
1756703590,1690,0.0,0.0,0.0,0.0,0.0,0.0,0.0,0.0,0,0,0
1756703590,1691,0.0,0.0,-0.05,0.0,0.0,0.0,0.0,0.0,0,0,0
1756703590,1692,-0.05,0.0,0.0,0.0,0.0,0.0,0.0,0.0,0,0,0
1756703590,1693,-0.03,0.0,0.0,0.0,0.0,0.0,0.0,0.0,0,0,0
1756703590,1694,-0.07,0.0,-0.02,0.0,0.0,0.0,0.0,0.0,0,0,0
1756703590,1695,-0.03,0.0,-0.01,0.0,0.0,0.0,0.0,0.0,0,0,0
1756703590,1696,-0.03,0.0,-0.07,0.0,0.0,0.0,0.0,0.0,0,0,0
1756703590,1697,-0.03,0.0,0.07,0.0,0.0,0.0,0.0,0.0,0,0,0
1756703590,1698,-0.01,0.0,-0.09,0.0,0.0,0.0,0.0,0.0,0,0,0
1756703590,1699,0.0,0.0,-0.03,0.0,0.0,0.0,0.0,0.0,0,0,0
1756703590,1700,0.0,0.0,-0.01,0.0,0.0,0.0,0.0,0.0,0,0,0
1756703590,1701,-0.05,0.0,-0.02,0.0,0.0,0.0,0.0,0.0,0,0,0
1756703590,1702,-0.03,0.0,-0.01,0.0,0.0,0.0,0.0,0.0,0,0,0
1756703590,1703,-0.01,0.0,0.0,0.0,0.0,0.0,0.0,0.0,0,0,0
1756703590,1704,-0.01,0.0,-0.03,0.0,0.0,0.0,0.0,0.0,0,0,0
1756703590,1705,-0.02,0.0,-0.05,0.0,0.0,0.0,0.0,0.0,0,0,0
1756703590,1706,-0.03,0.0,-0.01,0.0,0.0,0.0,0.0,0.0,0,0,0
1756703590,1707,-0.03,0.0,-0.09,0.0,0.0,0.0,0.0,0.0,0,0,0
1756703590,1708,-0.01,0.0,0.0,0.0,0.0,0.0,0.0,0.0,0,0,0
1756703590,1709,0.0,0.0,-0.02,0.0,0.0,0.0,0.0,0.0,0,0,0
1756703590,1710,-0.07,0.0,-0.01,0.0,0.0,0.0,0.0,0.0,0,0,0
1756703590,1711,0.0,0.0,-0.03,0.0,0.0,0.0,0.0,0.0,0,0,0
1756703590,1712,0.0,0.0,0.0,0.0,0.0,0.0,0.0,0.0,0,0,0
1756703590,1713,-0.01,0.0,0.0,0.0,0.0,0.0,0.0,0.0,0,0,0
1756703590,1714,-0.05,0.0,-0.01,0.0,0.0,0.0,0.0,0.0,0,0,0
1756703590,1715,-0.05,0.0,-0.07,0.0,0.0,0.0,0.0,0.0,0,0,0
1756703590,1716,-0.05,0.0,0.0,0.0,0.0,0.0,0.0,0.0,0,0,0
1756703590,1717,-0.07,0.0,-0.01,0.0,0.0,0.0,0.0,0.0,0,0,0
1756703590,1718,-0.05,0.0,-0.03,0.0,0.0,0.0,0.0,0.0,0,0,0
1756703590,1719,0.0,0.0,-0.02,0.0,0.0,0.0,0.0,0.0,0,0,0
1756703590,1720,-0.02,0.0,-0.07,0.0,0.0,0.0,0.0,0.0,0,0,0
1756703590,1721,0.0,0.0,-0.01,0.0,0.0,0.0,0.0,0.0,0,0,0
1756703590,1722,0.0,0.0,-0.07,0.0,0.0,0.0,0.0,0.0,0,0,0
1756703590,1723,-0.01,0.0,-0.05,0.0,0.0,0.0,0.0,0.0,0,0,0
1756703590,1724,-0.05,0.0,-0.07,0.0,0.0,0.0,0.0,0.0,0,0,0
1756703590,1725,-0.01,0.0,0.0,0.0,0.0,0.0,0.0,0.0,0,0,0
1756703590,1726,-0.05,0.0,0.0,0.0,0.0,0.0,0.0,0.0,0,0,0
1756703590,1727,0.0,0.0,-0.02,0.0,0.0,0.0,0.0,0.0,0,0,0
1756703590,1728,-0.02,0.0,0.0,0.0,0.0,0.0,0.0,0.0,0,0,0
1756703590,1729,-0.05,0.0,0.0,0.0,0.0,0.0,0.0,0.0,0,0,0
1756703591,1730,0.0,0.0,-0.01,0.0,0.0,0.0,0.0,0.0,0,0,0
1756703591,1731,-0.01,0.0,-0.05,0.0,0.0,0.0,0.0,0.0,0,0,0
1756703591,1732,0.0,0.0,-0.03,0.0,0.0,0.0,0.0,0.0,0,0,0
1756703591,1733,0.0,0.0,-0.05,0.0,0.0,0.0,0.0,0.0,0,0,0
1756703591,1734,0.0,0.0,-0.05,0.0,0.0,0.0,0.0,0.0,0,0,0
1756703591,1735,-0.02,0.0,0.0,0.0,0.0,0.0,0.0,0.0,0,0,0
1756703591,1736,0.0,0.0,-0.02,0.0,0.0,0.0,0.0,0.0,0,0,0
1756703591,1737,0.0,0.0,-0.01,0.0,0.0,0.0,0.0,0.0,0,0,0
1756703591,1738,-0.01,0.0,0.0,0.0,0.0,0.0,0.0,0.0,0,0,0
1756703591,1739,0.0,0.0,-0.01,0.0,0.0,0.0,0.0,0.0,0,0,0
1756703591,1740,-0.05,0.0,0.0,0.0,0.0,0.0,0.0,0.0,0,0,0
1756703591,1741,0.01,0.0,-0.1,0.0,0.0,0.0,0.0,0.0,0,0,0
1756703591,1742,0.0,0.0,-0.02,0.0,0.0,0.0,0.0,0.0,0,0,0
1756703591,1743,-0.03,0.0,-0.01,0.0,0.0,0.0,0.0,0.0,0,0,0
1756703591,1744,-0.01,0.0,0.05,0.0,0.0,0.0,0.0,0.0,0,0,0
1756703591,1745,-0.01,0.0,-0.01,0.0,0.0,0.0,0.0,0.0,0,0,0
1756703591,1746,0.0,0.0,-0.05,0.0,0.0,0.0,0.0,0.0,0,0,0
1756703591,1747,-0.18,0.0,-0.02,0.0,0.0,0.0,0.0,0.0,0,0,0
1756703591,1748,0.05,0.0,-0.03,0.0,0.0,0.0,0.0,0.0,0,0,0
1756703591,1749,0.0,0.0,-0.03,0.0,0.0,0.0,0.0,0.0,0,0,0
1756703591,1750,0.01,0.0,0.0,0.0,0.0,0.0,0.0,0.0,0,0,0
1756703591,1751,0.05,0.0,-0.01,0.0,0.0,0.0,0.0,0.0,0,0,0
1756703591,1752,0.05,0.0,-0.05,0.0,0.0,0.0,0.0,0.0,0,0,0
1756703591,1753,0.01,0.0,0.0,0.0,0.0,0.0,0.0,0.0,0,0,0
1756703591,1754,0.07,0.0,-0.01,0.0,0.0,0.0,0.0,0.0,0,0,0
1756703591,1755,0.07,0.0,-0.02,0.0,0.0,0.0,0.0,0.0,0,0,0
1756703591,1756,0.03,0.0,-0.01,0.0,0.0,0.0,0.0,0.0,0,0,0
1756703591,1757,0.09,0.0,-0.05,0.0,0.0,0.0,0.0,0.0,0,0,0
1756703591,1758,0.09,0.0,0.02,0.0,0.0,0.0,0.0,0.0,0,0,0
1756703591,1759,0.1,0.0,0.0,0.0,0.0,0.0,0.0,0.0,0,0,0
1756703591,1760,0.1,0.0,0.0,0.0,0.0,0.0,0.0,0.0,0,0,0
1756703591,1761,0.03,0.0,-0.05,0.0,0.0,0.0,0.0,0.0,0,0,0
1756703591,1762,0.17,0.0,0.0,0.0,0.0,0.0,0.0,0.0,0,0,0
1756703591,1763,0.2,0.0,0.0,0.0,0.0,0.0,0.0,0.0,0,0,0
1756703591,1764,0.2,0.0,0.0,0.0,0.0,0.0,0.0,0.0,0,0,0
1756703591,1765,0.21,0.0,0.0,0.0,0.0,0.0,0.0,0.0,0,0,0
1756703591,1766,0.23,0.0,0.0,0.0,0.0,0.0,0.0,0.0,0,0,0
1756703591,1767,0.21,0.0,0.0,0.0,0.0,0.0,0.0,0.0,0,0,0
1756703591,1768,0.15,0.0,0.0,0.0,0.0,0.0,0.0,0.0,0,0,0
1756703591,1769,0.28,0.0,0.03,0.0,0.0,0.0,0.0,0.0,0,0,0
1756703591,1770,0.2,0.0,0.0,0.0,0.0,0.0,0.0,0.0,0,0,0
1756703591,1771,0.15,0.0,0.0,0.0,0.0,0.0,0.0,0.0,0,0,0
1756703591,1772,0.18,0.0,0.0,0.0,0.0,0.0,0.0,0.0,0,0,0
1756703591,1773,0.2,0.0,0.0,0.0,0.0,0.0,0.0,0.0,0,0,0
1756703591,1774,0.21,0.0,0.07,0.0,0.0,0.0,0.0,0.0,0,0,0
1756703591,1775,0.15,0.0,0.0,0.0,0.0,0.0,0.0,0.0,0,0,0
1756703591,1776,0.14,0.0,0.0,0.0,0.0,0.0,0.0,0.0,0,0,0
1756703591,1777,0.2,0.0,-0.07,0.0,0.0,0.0,0.0,0.0,0,0,0
1756703591,1778,0.18,0.0,0.0,0.0,0.0,0.0,0.0,0.0,0,0,0
1756703591,1779,0.2,0.0,0.0,0.0,0.0,0.0,0.0,0.0,0,0,0
1756703591,1780,0.23,0.0,-0.02,0.0,0.0,0.0,0.0,0.0,0,0,0
1756703591,1781,0.18,0.0,0.0,0.0,0.0,0.0,0.0,0.0,0,0,0
1756703591,1782,0.17,0.0,0.0,0.0,0.0,0.0,0.0,0.0,0,0,0
1756703591,1783,0.2,0.0,0.0,0.0,0.0,0.0,0.0,0.0,0,0,0
1756703591,1784,0.25,0.0,0.0,0.0,0.0,0.0,0.0,0.0,0,0,0
1756703591,1785,0.25,0.0,0.01,0.0,0.0,0.0,0.0,0.0,0,0,0
1756703591,1786,0.18,0.0,-0.01,0.0,0.0,0.0,0.0,0.0,0,0,0
1756703591,1787,0.17,0.0,0.0,0.0,0.0,0.0,0.0,0.0,0,0,0
1756703591,1788,0.2,0.0,-0.01,0.0,0.0,0.0,0.0,0.0,0,0,0
1756703591,1789,0.17,0.0,0.0,0.0,0.0,0.0,0.0,0.0,0,0,0
1756703591,1790,0.17,0.0,-0.01,0.0,0.0,0.0,0.0,0.0,0,0,0
1756703592,1791,0.2,0.0,-0.01,0.0,0.0,0.0,0.0,0.0,0,0,0
1756703592,1792,0.18,0.0,0.0,0.0,0.0,0.0,0.0,0.0,0,0,0
1756703592,1793,0.2,0.0,0.01,0.0,0.0,0.0,0.0,0.0,0,0,0
1756703592,1794,0.1,0.0,0.0,0.0,0.0,0.0,0.0,0.0,0,0,0
1756703592,1795,0.2,0.0,0.0,0.0,0.0,0.0,0.0,0.0,0,0,0
1756703592,1796,0.18,0.0,-0.03,0.0,0.0,0.0,0.0,0.0,0,0,0
1756703592,1797,0.17,0.0,0.01,0.0,0.0,0.0,0.0,0.0,0,0,0
1756703592,1798,0.2,0.0,-0.09,0.0,0.0,0.0,0.0,0.0,0,0,0
1756703592,1799,0.23,0.0,0.0,0.0,0.0,0.0,0.0,0.0,0,0,0
1756703592,1800,0.17,0.0,0.0,0.0,0.0,0.0,0.0,0.0,0,0,0
1756703592,1801,0.15,0.0,0.0,0.0,0.0,0.0,0.0,0.0,0,0,0
1756703592,1802,0.18,0.0,-0.03,0.0,0.0,0.0,0.0,0.0,0,0,0
1756703592,1803,0.14,0.0,0.0,0.0,0.0,0.0,0.0,0.0,0,0,0
1756703592,1804,0.15,0.0,0.0,0.0,0.0,0.0,0.0,0.0,0,0,0
1756703592,1805,0.15,0.0,0.0,0.0,0.0,0.0,0.0,0.0,0,0,0
1756703592,1806,0.15,0.0,-0.01,0.0,0.0,0.0,0.0,0.0,0,0,0
1756703592,1807,0.18,0.0,0.01,0.0,0.0,0.0,0.0,0.0,0,0,0
1756703592,1808,0.15,0.0,0.02,0.0,0.0,0.0,0.0,0.0,0,0,0
1756703592,1809,0.14,0.0,0.0,0.0,0.0,0.0,0.0,0.0,0,0,0
1756703592,1810,0.18,0.0,0.0,0.0,0.0,0.0,0.0,0.0,0,0,0
1756703592,1811,0.11,0.0,-0.03,0.0,0.0,0.0,0.0,0.0,0,0,0
1756703592,1812,0.15,0.0,0.0,0.0,0.0,0.0,0.0,0.0,0,0,0
1756703592,1813,0.07,0.0,-0.01,0.0,0.0,0.0,0.0,0.0,0,0,0
1756703592,1814,0.15,0.0,0.0,0.0,0.0,0.0,0.0,0.0,0,0,0
1756703592,1815,0.15,0.0,-0.01,0.0,0.0,0.0,0.0,0.0,0,0,0
1756703592,1816,0.15,0.0,-0.01,0.0,0.0,0.0,0.0,0.0,0,0,0
1756703592,1817,0.1,0.0,0.0,0.0,0.0,0.0,0.0,0.0,0,0,0
1756703592,1818,0.1,0.0,0.0,0.0,0.0,0.0,0.0,0.0,0,0,0
1756703592,1819,0.07,0.0,-0.02,0.0,0.0,0.0,0.0,0.0,0,0,0
1756703592,1820,0.09,0.0,0.0,0.0,0.0,0.0,0.0,0.0,0,0,0
1756703592,1821,0.15,0.0,0.0,0.0,0.0,0.0,0.0,0.0,0,0,0
1756703592,1822,0.05,0.0,0.0,0.0,0.0,0.0,0.0,0.0,0,0,0
1756703592,1823,0.02,0.0,0.0,0.0,0.0,0.0,0.0,0.0,0,0,0
1756703592,1824,0.03,0.0,0.0,0.0,0.0,0.0,0.0,0.0,0,0,0
1756703592,1825,0.1,0.0,0.01,0.0,0.0,0.0,0.0,0.0,0,0,0
1756703592,1826,0.01,0.0,0.05,0.0,0.0,0.0,0.0,0.0,0,0,0
1756703592,1827,0.09,0.0,0.0,0.0,0.0,0.0,0.0,0.0,0,0,0
1756703592,1828,0.07,0.0,0.0,0.0,0.0,0.0,0.0,0.0,0,0,0
1756703592,1829,0.0,0.0,0.0,0.0,0.0,0.0,0.0,0.0,0,0,0
1756703592,1830,0.09,0.0,0.01,0.0,0.0,0.0,0.0,0.0,0,0,0
1756703592,1831,0.09,0.0,0.0,0.0,0.0,0.0,0.0,0.0,0,0,0
1756703592,1832,0.07,0.0,0.0,0.0,0.0,0.0,0.0,0.0,0,0,0
1756703592,1833,0.01,0.0,0.0,0.0,0.0,0.0,0.0,0.0,0,0,0
1756703592,1834,0.07,0.0,0.0,0.0,0.0,0.0,0.0,0.0,0,0,0
1756703592,1835,0.01,0.0,0.01,0.0,0.0,0.0,0.0,0.0,0,0,0
1756703592,1836,0.01,0.0,0.0,0.0,0.0,0.0,0.0,0.0,0,0,0
1756703592,1837,0.0,0.0,-0.01,0.0,0.0,0.0,0.0,0.0,0,0,0
1756703592,1838,0.0,0.0,0.0,0.0,0.0,0.0,0.0,0.0,0,0,0
1756703592,1839,0.02,0.0,0.0,0.0,0.0,0.0,0.0,0.0,0,0,0
1756703592,1840,0.05,0.0,-0.01,0.0,0.0,0.0,0.0,0.0,0,0,0
1756703592,1841,0.0,0.0,0.0,0.0,0.0,0.0,0.0,0.0,0,0,0
1756703592,1842,0.0,0.0,-0.02,0.0,0.0,0.0,0.0,0.0,0,0,0
1756703592,1843,0.0,0.0,-0.01,0.0,0.0,0.0,0.0,0.0,0,0,0
1756703592,1844,0.0,0.0,-0.09,0.0,0.0,0.0,0.0,0.0,0,0,0
1756703592,1845,0.0,0.0,0.0,0.0,0.0,0.0,0.0,0.0,0,0,0
1756703592,1846,0.0,0.0,0.0,0.0,0.0,0.0,0.0,0.0,0,0,0
1756703592,1847,0.03,0.0,0.01,0.0,0.0,0.0,0.0,0.0,0,0,0
1756703592,1848,0.01,0.0,0.01,0.0,0.0,0.0,0.0,0.0,0,0,0
1756703592,1849,0.0,0.0,0.0,0.0,0.0,0.0,0.0,0.0,0,0,0
1756703592,1850,0.05,0.0,-0.02,0.0,0.0,0.0,0.0,0.0,0,0,0
1756703592,1851,0.05,0.0,0.0,0.0,0.0,0.0,0.0,0.0,0,0,0
1756703592,1852,0.0,0.0,0.0,0.0,0.0,0.0,0.0,0.0,0,0,0
1756703592,1853,0.05,0.0,-0.01,0.0,0.0,0.0,0.0,0.0,0,0,0
1756703592,1854,-0.01,0.0,-0.01,0.0,0.0,0.0,0.0,0.0,0,0,0
1756703592,1855,0.0,0.0,0.0,0.0,0.0,0.0,0.0,0.0,0,0,0
1756703592,1856,0.05,0.0,0.0,0.0,0.0,0.0,0.0,0.0,0,0,0
1756703592,1857,-0.01,0.0,-0.01,0.0,0.0,0.0,0.0,0.0,0,0,0
1756703592,1858,-0.02,0.0,0.0,0.0,0.0,0.0,0.0,0.0,0,0,0
1756703592,1859,0.0,0.0,0.01,0.0,0.0,0.0,0.0,0.0,0,0,0
1756703593,1860,0.07,0.0,0.0,0.0,0.0,0.0,0.0,0.0,0,0,0
1756703593,1861,-0.09,0.0,-0.01,0.0,0.0,0.0,0.0,0.0,0,0,0
1756703593,1862,0.0,0.0,-0.01,0.0,0.0,0.0,0.0,0.0,0,0,0
1756703593,1863,0.0,0.0,0.0,0.0,0.0,0.0,0.0,0.0,0,0,0
1756703593,1864,0.03,0.0,0.07,0.0,0.0,0.0,0.0,0.0,0,0,0
1756703593,1865,0.03,0.0,-0.01,0.0,0.0,0.0,0.0,0.0,0,0,0
1756703593,1866,0.02,0.0,0.0,0.0,0.0,0.0,0.0,0.0,0,0,0
1756703593,1867,-0.02,0.0,-0.01,0.0,0.0,0.0,0.0,0.0,0,0,0
1756703593,1868,0.02,0.0,0.0,0.0,0.0,0.0,0.0,0.0,0,0,0
1756703593,1869,0.0,0.0,0.0,0.0,0.0,0.0,0.0,0.0,0,0,0
1756703593,1870,-0.02,0.0,-0.05,0.0,0.0,0.0,0.0,0.0,0,0,0
1756703593,1871,0.02,0.0,0.0,0.0,0.0,0.0,0.0,0.0,0,0,0
1756703593,1872,0.07,0.0,0.0,0.0,0.0,0.0,0.0,0.0,0,0,0
1756703593,1873,-0.02,0.0,0.0,0.0,0.0,0.0,0.0,0.0,0,0,0
1756703593,1874,-0.02,0.0,0.0,0.0,0.0,0.0,0.0,0.0,0,0,0
1756703593,1875,0.01,0.0,-0.01,0.0,0.0,0.0,0.0,0.0,0,0,0
1756703593,1876,0.01,0.0,-0.01,0.0,0.0,0.0,0.0,0.0,0,0,0
1756703593,1877,0.05,0.0,0.0,0.0,0.0,0.0,0.0,0.0,0,0,0
1756703593,1878,0.02,0.0,0.0,0.0,0.0,0.0,0.0,0.0,0,0,0
1756703593,1879,0.07,0.0,0.0,0.0,0.0,0.0,0.0,0.0,0,0,0
1756703593,1880,0.0,0.0,-0.01,0.0,0.0,0.0,0.0,0.0,0,0,0
1756703593,1881,0.1,0.0,0.0,0.0,0.0,0.0,0.0,0.0,0,0,0
1756703593,1882,-0.01,0.0,-0.01,0.0,0.0,0.0,0.0,0.0,0,0,0
1756703593,1883,0.02,0.0,0.0,0.0,0.0,0.0,0.0,0.0,0,0,0
1756703593,1884,0.02,0.0,-0.02,0.0,0.0,0.0,0.0,0.0,0,0,0
1756703593,1885,0.0,0.0,0.03,0.0,0.0,0.0,0.0,0.0,0,0,0
1756703593,1886,0.02,0.0,-0.02,0.0,0.0,0.0,0.0,0.0,0,0,0
1756703593,1887,0.0,0.0,0.0,0.0,0.0,0.0,0.0,0.0,0,0,0
1756703593,1888,0.0,0.0,0.0,0.0,0.0,0.0,0.0,0.0,0,0,0
1756703593,1889,0.02,0.0,0.0,0.0,0.0,0.0,0.0,0.0,0,0,0
1756703593,1890,0.05,0.0,-0.05,0.0,0.0,0.0,0.0,0.0,0,0,0
1756703593,1891,0.0,0.0,-0.05,0.0,0.0,0.0,0.0,0.0,0,0,0
1756703593,1892,0.0,0.0,0.0,0.0,0.0,0.0,0.0,0.0,0,0,0
1756703593,1893,0.0,0.0,0.0,0.0,0.0,0.0,0.0,0.0,0,0,0
1756703593,1894,0.01,0.0,-0.01,0.0,0.0,0.0,0.0,0.0,0,0,0
1756703593,1895,0.0,0.0,0.0,0.0,0.0,0.0,0.0,0.0,0,0,0
1756703593,1896,0.05,0.0,-0.02,0.0,0.0,0.0,0.0,0.0,0,0,0
1756703593,1897,-0.05,0.0,-0.01,0.0,0.0,0.0,0.0,0.0,0,0,0
1756703593,1898,0.05,0.0,0.0,0.0,0.0,0.0,0.0,0.0,0,0,0
1756703593,1899,0.05,0.0,0.0,0.0,0.0,0.0,0.0,0.0,0,0,0
1756703593,1900,0.05,0.0,-0.1,0.0,0.0,0.0,0.0,0.0,0,0,0
1756703593,1901,0.01,0.0,0.0,0.0,0.0,0.0,0.0,0.0,0,0,0
1756703593,1902,-0.02,0.0,0.0,0.0,0.0,0.0,0.0,0.0,0,0,0
1756703593,1903,0.05,0.0,0.0,0.0,0.0,0.0,0.0,0.0,0,0,0
1756703593,1904,0.02,0.0,0.0,0.0,0.0,0.0,0.0,0.0,0,0,0
1756703593,1905,-0.01,0.0,0.0,0.0,0.0,0.0,0.0,0.0,0,0,0
1756703593,1906,0.0,0.0,0.01,0.0,0.0,0.0,0.0,0.0,0,0,0
1756703593,1907,0.0,0.0,0.01,0.0,0.0,0.0,0.0,0.0,0,0,0
1756703593,1908,0.0,0.0,0.02,0.0,0.0,0.0,0.0,0.0,0,0,0
1756703593,1909,0.0,0.0,0.02,0.0,0.0,0.0,0.0,0.0,0,0,0
1756703593,1910,-0.01,0.0,-0.02,0.0,0.0,0.0,0.0,0.0,0,0,0
1756703593,1911,-0.02,0.0,0.0,0.0,0.0,0.0,0.0,0.0,0,0,0
1756703593,1912,0.0,0.0,0.0,0.0,0.0,0.0,0.0,0.0,0,0,0
1756703593,1913,0.0,0.0,-0.05,0.0,0.0,0.0,0.0,0.0,0,0,0
1756703593,1914,0.0,0.0,-0.03,0.0,0.0,0.0,0.0,0.0,0,0,0
1756703593,1915,-0.02,0.0,-0.02,0.0,0.0,0.0,0.0,0.0,0,0,0
1756703593,1916,0.03,0.0,0.0,0.0,0.0,0.0,0.0,0.0,0,0,0
1756703593,1917,0.07,0.0,0.09,0.0,0.0,0.0,0.0,0.0,0,0,0
1756703593,1918,-0.02,0.0,0.03,0.0,0.0,0.0,0.0,0.0,0,0,0
1756703593,1919,-0.01,0.0,0.0,0.0,0.0,0.0,0.0,0.0,0,0,0
1756703593,1920,-0.07,0.0,0.0,0.0,0.0,0.0,0.0,0.0,0,0,0
1756703593,1921,-0.05,0.0,-0.03,0.0,0.0,0.0,0.0,0.0,0,0,0
1756703593,1922,0.01,0.0,0.0,0.0,0.0,0.0,0.0,0.0,0,0,0
1756703593,1923,-0.03,0.0,-0.02,0.0,0.0,0.0,0.0,0.0,0,0,0
1756703593,1924,-0.02,0.0,-0.02,0.0,0.0,0.0,0.0,0.0,0,0,0
1756703593,1925,-0.1,0.0,-0.05,0.0,0.0,0.0,0.0,0.0,0,0,0
1756703593,1926,-0.09,0.0,-0.07,0.0,0.0,0.0,0.0,0.0,0,0,0
1756703594,1927,-0.05,0.0,-0.01,0.0,0.0,0.0,0.0,0.0,0,0,0
1756703594,1928,-0.03,0.0,-0.07,0.0,0.0,0.0,0.0,0.0,0,0,0
1756703594,1929,-0.03,0.0,-0.01,0.0,0.0,0.0,0.0,0.0,0,0,0
1756703594,1930,-0.02,0.0,0.0,0.0,0.0,0.0,0.0,0.0,0,0,0
1756703594,1931,-0.03,0.0,0.0,0.0,0.0,0.0,0.0,0.0,0,0,0
1756703594,1932,0.01,0.0,-0.03,0.0,0.0,0.0,0.0,0.0,0,0,0
1756703594,1933,-0.01,0.0,0.0,0.0,0.0,0.0,0.0,0.0,0,0,0
1756703594,1934,0.01,0.0,-0.02,0.0,0.0,0.0,0.0,0.0,0,0,0
1756703594,1935,0.0,0.0,0.0,0.0,0.0,0.0,0.0,0.0,0,0,0
1756703594,1936,0.0,0.0,-0.01,0.0,0.0,0.0,0.0,0.0,0,0,0
1756703594,1937,0.0,0.0,0.05,0.0,0.0,0.0,0.0,0.0,0,0,0
1756703594,1938,0.01,0.0,0.0,0.0,0.0,0.0,0.0,0.0,0,0,0
1756703594,1939,0.0,0.0,0.0,0.0,0.0,0.0,0.0,0.0,0,0,0
1756703594,1940,0.01,0.0,-0.02,0.0,0.0,0.0,0.0,0.0,0,0,0
1756703594,1941,0.0,0.0,-0.01,0.0,0.0,0.0,0.0,0.0,0,0,0
1756703594,1942,0.0,0.0,-0.01,0.0,0.0,0.0,0.0,0.0,0,0,0
1756703594,1943,0.0,0.0,-0.02,0.0,0.0,0.0,0.0,0.0,0,0,0
1756703594,1944,0.0,0.0,-0.05,0.0,0.0,0.0,0.0,0.0,0,0,0
1756703594,1945,-0.01,0.0,0.0,0.0,0.0,0.0,0.0,0.0,0,0,0
1756703594,1946,0.0,0.0,0.0,0.0,0.0,0.0,0.0,0.0,0,0,0
1756703594,1947,0.0,0.0,-0.02,0.0,0.0,0.0,0.0,0.0,0,0,0
1756703594,1948,0.01,0.0,0.0,0.0,0.0,0.0,0.0,0.0,0,0,0
1756703594,1949,0.0,0.0,-0.05,0.0,0.0,0.0,0.0,0.0,0,0,0
1756703594,1950,0.0,0.0,-0.01,0.0,0.0,0.0,0.0,0.0,0,0,0
1756703594,1951,0.0,0.0,-0.01,0.0,0.0,0.0,0.0,0.0,0,0,0
1756703594,1952,0.0,0.0,0.0,0.0,0.0,0.0,0.0,0.0,0,0,0
1756703594,1953,0.0,0.0,0.0,0.0,0.0,0.0,0.0,0.0,0,0,0
1756703594,1954,0.0,0.0,0.0,0.0,0.0,0.0,0.0,0.0,0,0,0
1756703594,1955,-0.02,0.0,0.0,0.0,0.0,0.0,0.0,0.0,0,0,0
1756703594,1956,-0.07,0.0,-0.02,0.0,0.0,0.0,0.0,0.0,0,0,0
1756703594,1957,0.0,0.0,-0.01,0.0,0.0,0.0,0.0,0.0,0,0,0
1756703594,1958,0.0,0.0,-0.03,0.0,0.0,0.0,0.0,0.0,0,0,0
1756703594,1959,0.03,0.0,-0.02,0.0,0.0,0.0,0.0,0.0,0,0,0
1756703594,1960,0.0,0.0,0.0,0.0,0.0,0.0,0.0,0.0,0,0,0
1756703594,1961,0.0,0.0,0.0,0.0,0.0,0.0,0.0,0.0,0,0,0
1756703594,1962,0.0,0.0,0.0,0.0,0.0,0.0,0.0,0.0,0,0,0
1756703594,1963,0.01,0.0,-0.01,0.0,0.0,0.0,0.0,0.0,0,0,0
1756703594,1964,-0.05,0.0,-0.05,0.0,0.0,0.0,0.0,0.0,0,0,0
1756703594,1965,0.03,0.0,0.02,0.0,0.0,0.0,0.0,0.0,0,0,0
1756703594,1966,0.0,0.0,0.0,0.0,0.0,0.0,0.0,0.0,0,0,0
1756703594,1967,0.0,0.0,-0.01,0.0,0.0,0.0,0.0,0.0,0,0,0
1756703594,1968,0.0,0.0,0.0,0.0,0.0,0.0,0.0,0.0,0,0,0
1756703594,1969,0.0,0.0,0.0,0.0,0.0,0.0,0.0,0.0,0,0,0
1756703594,1970,-0.05,0.0,-0.01,0.0,0.0,0.0,0.0,0.0,0,0,0
1756703594,1971,0.0,0.0,-0.02,0.0,0.0,0.0,0.0,0.0,0,0,0
1756703594,1972,0.0,0.0,0.0,0.0,0.0,0.0,0.0,0.0,0,0,0
1756703594,1973,0.0,0.0,0.0,0.0,0.0,0.0,0.0,0.0,0,0,0
1756703594,1974,0.03,0.0,-0.05,0.0,0.0,0.0,0.0,0.0,0,0,0
1756703594,1975,0.0,0.0,0.07,0.0,0.0,0.0,0.0,0.0,0,0,0
1756703594,1976,0.0,0.0,0.0,0.0,0.0,0.0,0.0,0.0,0,0,0
1756703594,1977,-0.05,0.0,-0.02,0.0,0.0,0.0,0.0,0.0,0,0,0
1756703594,1978,-0.07,0.0,0.0,0.0,0.0,0.0,0.0,0.0,0,0,0
1756703594,1979,0.0,0.0,-0.01,0.0,0.0,0.0,0.0,0.0,0,0,0
1756703594,1980,0.0,0.0,-0.03,0.0,0.0,0.0,0.0,0.0,0,0,0
1756703594,1981,0.0,0.0,0.0,0.0,0.0,0.0,0.0,0.0,0,0,0
1756703594,1982,0.0,0.0,0.0,0.0,0.0,0.0,0.0,0.0,0,0,0
1756703594,1983,0.05,0.0,-0.01,0.0,0.0,0.0,0.0,0.0,0,0,0
1756703594,1984,-0.03,0.0,-0.01,0.0,0.0,0.0,0.0,0.0,0,0,0
1756703594,1985,0.05,0.0,0.0,0.0,0.0,0.0,0.0,0.0,0,0,0
1756703594,1986,-0.01,0.0,-0.02,0.0,0.0,0.0,0.0,0.0,0,0,0
1756703594,1987,0.01,0.0,-0.03,0.0,0.0,0.0,0.0,0.0,0,0,0
1756703594,1988,0.07,0.0,-0.01,0.0,0.0,0.0,0.0,0.0,0,0,0
1756703594,1989,-0.02,0.0,0.0,0.0,0.0,0.0,0.0,0.0,0,0,0
1756703594,1990,-0.01,0.0,0.0,0.0,0.0,0.0,0.0,0.0,0,0,0
1756703594,1991,-0.01,0.0,0.0,0.0,0.0,0.0,0.0,0.0,0,0,0
1756703594,1992,-0.01,0.0,-0.05,0.0,0.0,0.0,0.0,0.0,0,0,0
1756703595,1993,0.0,0.0,-0.03,0.0,0.0,0.0,0.0,0.0,0,0,0
1756703595,1994,0.02,0.0,-0.03,0.0,0.0,0.0,0.0,0.0,0,0,0
1756703595,1995,0.02,0.0,0.0,0.0,0.0,0.0,0.0,0.0,0,0,0
1756703595,1996,-0.03,0.0,-0.05,0.0,0.0,0.0,0.0,0.0,0,0,0
1756703595,1997,0.02,0.0,0.0,0.0,0.0,0.0,0.0,0.0,0,0,0
1756703595,1998,0.02,0.0,-0.01,0.0,0.0,0.0,0.0,0.0,0,0,0
1756703595,1999,-0.01,0.0,0.0,0.0,0.0,0.0,0.0,0.0,0,0,0
1756703595,2000,0.0,0.0,0.0,0.0,0.0,0.0,0.0,0.0,0,0,0
1756703595,2001,0.0,0.0,0.01,0.0,0.0,0.0,0.0,0.0,0,0,0
1756703595,2002,-0.01,0.0,-0.03,0.0,0.0,0.0,0.0,0.0,0,0,0
1756703595,2003,0.03,0.0,0.0,0.0,0.0,0.0,0.0,0.0,0,0,0
1756703595,2004,0.0,0.0,0.0,0.0,0.0,0.0,0.0,0.0,0,0,0
1756703595,2005,-0.01,0.0,0.0,0.0,0.0,0.0,0.0,0.0,0,0,0
1756703595,2006,-0.05,0.0,0.0,0.0,0.0,0.0,0.0,0.0,0,0,0
1756703595,2007,0.0,0.0,-0.03,0.0,0.0,0.0,0.0,0.0,0,0,0
1756703595,2008,0.0,0.0,-0.01,0.0,0.0,0.0,0.0,0.0,0,0,0
1756703595,2009,0.02,0.0,0.0,0.0,0.0,0.0,0.0,0.0,0,0,0
1756703595,2010,0.0,0.0,0.0,0.0,0.0,0.0,0.0,0.0,0,0,0
1756703595,2011,0.0,0.0,-0.01,0.0,0.0,0.0,0.0,0.0,0,0,0
1756703595,2012,0.05,0.0,-0.02,0.0,0.0,0.0,0.0,0.0,0,0,0
1756703595,2013,0.0,0.0,0.0,0.0,0.0,0.0,0.0,0.0,0,0,0
1756703595,2014,0.01,0.0,-0.01,0.0,0.0,0.0,0.0,0.0,0,0,0
1756703595,2015,-0.03,0.0,0.07,0.0,0.0,0.0,0.0,0.0,0,0,0
1756703595,2016,0.0,0.0,0.0,0.0,0.0,0.0,0.0,0.0,0,0,0
1756703595,2017,-0.02,0.0,-0.02,0.0,0.0,0.0,0.0,0.0,0,0,0
1756703595,2018,-0.02,0.0,-0.01,0.0,0.0,0.0,0.0,0.0,0,0,0
1756703595,2019,0.03,0.0,0.0,0.0,0.0,0.0,0.0,0.0,0,0,0
1756703595,2020,0.0,0.0,0.0,0.0,0.0,0.0,0.0,0.0,0,0,0
1756703595,2021,-0.05,0.0,0.0,0.0,0.0,0.0,0.0,0.0,0,0,0
1756703595,2022,0.0,0.0,0.0,0.0,0.0,0.0,0.0,0.0,0,0,0
1756703595,2023,-0.01,0.0,0.0,0.0,0.0,0.0,0.0,0.0,0,0,0
1756703595,2024,0.03,0.0,0.0,0.0,0.0,0.0,0.0,0.0,0,0,0
1756703595,2025,-0.01,0.0,-0.02,0.0,0.0,0.0,0.0,0.0,0,0,0
1756703595,2026,0.0,0.0,-0.03,0.0,0.0,0.0,0.0,0.0,0,0,0
1756703595,2027,0.01,0.0,-0.07,0.0,0.0,0.0,0.0,0.0,0,0,0
1756703595,2028,0.0,0.0,-0.02,0.0,0.0,0.0,0.0,0.0,0,0,0
1756703595,2029,-0.03,0.0,0.0,0.0,0.0,0.0,0.0,0.0,0,0,0
1756703595,2030,0.0,0.0,-0.01,0.0,0.0,0.0,0.0,0.0,0,0,0
1756703595,2031,0.0,0.0,-0.01,0.0,0.0,0.0,0.0,0.0,0,0,0
1756703595,2032,0.0,0.0,0.02,0.0,0.0,0.0,0.0,0.0,0,0,0
1756703595,2033,0.05,0.0,0.0,0.0,0.0,0.0,0.0,0.0,0,0,0
1756703595,2034,-0.02,0.0,0.0,0.0,0.0,0.0,0.0,0.0,0,0,0
1756703595,2035,0.05,0.0,-0.02,0.0,0.0,0.0,0.0,0.0,0,0,0
1756703595,2036,0.0,0.0,0.0,0.0,0.0,0.0,0.0,0.0,0,0,0
1756703595,2037,-0.01,0.0,-0.15,0.0,0.0,0.0,0.0,0.0,0,0,0
1756703595,2038,0.03,0.0,0.01,0.0,0.0,0.0,0.0,0.0,0,0,0
1756703595,2039,0.0,0.0,-0.03,0.0,0.0,0.0,0.0,0.0,0,0,0
1756703595,2040,0.05,0.0,0.0,0.0,0.0,0.0,0.0,0.0,0,0,0
1756703595,2041,0.0,0.0,-0.05,0.0,0.0,0.0,0.0,0.0,0,0,0
1756703595,2042,0.01,0.0,0.0,0.0,0.0,0.0,0.0,0.0,0,0,0
1756703595,2043,0.02,0.0,0.0,0.0,0.0,0.0,0.0,0.0,0,0,0
1756703595,2044,-0.03,0.0,-0.02,0.0,0.0,0.0,0.0,0.0,0,0,0
1756703595,2045,0.03,0.0,-0.01,0.0,0.0,0.0,0.0,0.0,0,0,0
1756703595,2046,0.0,0.0,-0.03,0.0,0.0,0.0,0.0,0.0,0,0,0
1756703595,2047,0.03,0.0,0.0,0.0,0.0,0.0,0.0,0.0,0,0,0
1756703595,2048,-0.03,0.0,0.0,0.0,0.0,0.0,0.0,0.0,0,0,0
1756703595,2049,0.01,0.0,0.02,0.0,0.0,0.0,0.0,0.0,0,0,0
1756703595,2050,0.0,0.0,-0.03,0.0,0.0,0.0,0.0,0.0,0,0,0
1756703595,2051,0.0,0.0,0.0,0.0,0.0,0.0,0.0,0.0,0,0,0
1756703595,2052,0.01,0.0,0.03,0.0,0.0,0.0,0.0,0.0,0,0,0
1756703595,2053,0.0,0.0,-0.05,0.0,0.0,0.0,0.0,0.0,0,0,0
1756703595,2054,0.0,0.0,0.0,0.0,0.0,0.0,0.0,0.0,0,0,0
1756703595,2055,0.0,0.0,-0.02,0.0,0.0,0.0,0.0,0.0,0,0,0
1756703596,2056,-0.01,0.0,-0.02,0.0,0.0,0.0,0.0,0.0,0,0,0
1756703596,2057,0.01,0.0,-0.12,0.0,0.0,0.0,0.0,0.0,0,0,0
1756703596,2058,0.0,0.0,-0.01,0.0,0.0,0.0,0.0,0.0,0,0,0
1756703596,2059,0.0,0.0,-0.05,0.0,0.0,0.0,0.0,0.0,0,0,0
1756703596,2060,0.01,0.0,-0.01,0.0,0.0,0.0,0.0,0.0,0,0,0
1756703596,2061,0.0,0.0,-0.03,0.0,0.0,0.0,0.0,0.0,0,0,0
1756703596,2062,0.0,0.0,-0.02,0.0,0.0,0.0,0.0,0.0,0,0,0
1756703596,2063,0.07,0.0,0.0,0.0,0.0,0.0,0.0,0.0,0,0,0
1756703596,2064,0.0,0.0,-0.01,0.0,0.0,0.0,0.0,0.0,0,0,0
1756703596,2065,0.0,0.0,-0.05,0.0,0.0,0.0,0.0,0.0,0,0,0
1756703596,2066,0.0,0.0,-0.05,0.0,0.0,0.0,0.0,0.0,0,0,0
1756703596,2067,-0.01,0.0,-0.01,0.0,0.0,0.0,0.0,0.0,0,0,0
1756703596,2068,0.01,0.0,-0.02,0.0,0.0,0.0,0.0,0.0,0,0,0
1756703596,2069,0.0,0.0,-0.01,0.0,0.0,0.0,0.0,0.0,0,0,0
1756703596,2070,0.01,0.0,-0.01,0.0,0.0,0.0,0.0,0.0,0,0,0
1756703596,2071,0.01,0.0,-0.01,0.0,0.0,0.0,0.0,0.0,0,0,0
1756703596,2072,0.0,0.0,0.0,0.0,0.0,0.0,0.0,0.0,0,0,0
1756703596,2073,0.01,0.0,-0.03,0.0,0.0,0.0,0.0,0.0,0,0,0
1756703596,2074,-0.01,0.0,0.0,0.0,0.0,0.0,0.0,0.0,0,0,0
1756703596,2075,0.02,0.0,0.0,0.0,0.0,0.0,0.0,0.0,0,0,0
1756703596,2076,0.02,0.0,-0.03,0.0,0.0,0.0,0.0,0.0,0,0,0
1756703596,2077,0.02,0.0,-0.02,0.0,0.0,0.0,0.0,0.0,0,0,0
1756703596,2078,0.0,0.0,0.0,0.0,0.0,0.0,0.0,0.0,0,0,0
1756703596,2079,0.0,0.0,-0.07,0.0,0.0,0.0,0.0,0.0,0,0,0
1756703596,2080,-0.01,0.0,0.0,0.0,0.0,0.0,0.0,0.0,0,0,0
1756703596,2081,0.01,0.0,0.0,0.0,0.0,0.0,0.0,0.0,0,0,0
1756703596,2082,-0.01,0.0,0.0,0.0,0.0,0.0,0.0,0.0,0,0,0
1756703596,2083,-0.01,0.0,-0.01,0.0,0.0,0.0,0.0,0.0,0,0,0
1756703596,2084,-0.01,0.0,0.0,0.0,0.0,0.0,0.0,0.0,0,0,0
1756703596,2085,0.03,0.0,-0.02,0.0,0.0,0.0,0.0,0.0,0,0,0
1756703596,2086,-0.03,0.0,-0.05,0.0,0.0,0.0,0.0,0.0,0,0,0
1756703596,2087,-0.01,0.0,-0.05,0.0,0.0,0.0,0.0,0.0,0,0,0
1756703596,2088,0.0,0.0,0.0,0.0,0.0,0.0,0.0,0.0,0,0,0
1756703596,2089,0.0,0.0,-0.01,0.0,0.0,0.0,0.0,0.0,0,0,0
1756703596,2090,0.0,0.0,-0.01,0.0,0.0,0.0,0.0,0.0,0,0,0
1756703596,2091,-0.07,0.0,-0.05,0.0,0.0,0.0,0.0,0.0,0,0,0
1756703596,2092,-0.05,0.0,-0.02,0.0,0.0,0.0,0.0,0.0,0,0,0
1756703596,2093,0.0,0.0,0.0,0.0,0.0,0.0,0.0,0.0,0,0,0
1756703596,2094,0.03,0.0,-0.02,0.0,0.0,0.0,0.0,0.0,0,0,0
1756703596,2095,-0.03,0.0,-0.05,0.0,0.0,0.0,0.0,0.0,0,0,0
1756703596,2096,0.0,0.0,-0.05,0.0,0.0,0.0,0.0,0.0,0,0,0
1756703596,2097,0.07,0.0,-0.03,0.0,0.0,0.0,0.0,0.0,0,0,0
1756703596,2098,0.0,0.0,-0.01,0.0,0.0,0.0,0.0,0.0,0,0,0
1756703596,2099,0.0,0.0,0.0,0.0,0.0,0.0,0.0,0.0,0,0,0
1756703596,2100,-0.01,0.0,0.0,0.0,0.0,0.0,0.0,0.0,0,0,0
1756703596,2101,0.05,0.0,-0.02,0.0,0.0,0.0,0.0,0.0,0,0,0
1756703596,2102,-0.01,0.0,0.0,0.0,0.0,0.0,0.0,0.0,0,0,0
1756703596,2103,0.01,0.0,0.0,0.0,0.0,0.0,0.0,0.0,0,0,0
1756703596,2104,0.03,0.0,-0.01,0.0,0.0,0.0,0.0,0.0,0,0,0
1756703596,2105,-0.05,0.0,-0.02,0.0,0.0,0.0,0.0,0.0,0,0,0
1756703596,2106,-0.02,0.0,-0.03,0.0,0.0,0.0,0.0,0.0,0,0,0
1756703596,2107,-0.03,0.0,0.0,0.0,0.0,0.0,0.0,0.0,0,0,0
1756703596,2108,0.05,0.0,0.0,0.0,0.0,0.0,0.0,0.0,0,0,0
1756703596,2109,0.05,0.0,0.0,0.0,0.0,0.0,0.0,0.0,0,0,0
1756703596,2110,0.0,0.0,-0.03,0.0,0.0,0.0,0.0,0.0,0,0,0
1756703596,2111,0.03,0.0,-0.01,0.0,0.0,0.0,0.0,0.0,0,0,0
1756703596,2112,0.01,0.0,-0.02,0.0,0.0,0.0,0.0,0.0,0,0,0
1756703596,2113,-0.05,0.0,0.0,0.0,0.0,0.0,0.0,0.0,0,0,0
1756703596,2114,0.0,0.0,-0.03,0.0,0.0,0.0,0.0,0.0,0,0,0
1756703596,2115,0.03,0.0,0.0,0.0,0.0,0.0,0.0,0.0,0,0,0
1756703596,2116,0.0,0.0,0.0,0.0,0.0,0.0,0.0,0.0,0,0,0
1756703596,2117,0.01,0.0,-0.01,0.0,0.0,0.0,0.0,0.0,0,0,0
1756703596,2118,0.05,0.0,-0.01,0.0,0.0,0.0,0.0,0.0,0,0,0
1756703596,2119,0.0,0.0,0.0,0.0,0.0,0.0,0.0,0.0,0,0,0
1756703596,2120,0.0,0.0,-0.03,0.0,0.0,0.0,0.0,0.0,0,0,0
1756703596,2121,0.0,0.0,-0.02,0.0,0.0,0.0,0.0,0.0,0,0,0
1756703596,2122,0.0,0.0,-0.07,0.0,0.0,0.0,0.0,0.0,0,0,0
1756703596,2123,-0.05,0.0,0.0,0.0,0.0,0.0,0.0,0.0,0,0,0
1756703597,2124,0.05,0.0,0.0,0.0,0.0,0.0,0.0,0.0,0,0,0
1756703597,2125,0.0,0.0,0.0,0.0,0.0,0.0,0.0,0.0,0,0,0
1756703597,2126,0.0,0.0,-0.05,0.0,0.0,0.0,0.0,0.0,0,0,0
1756703597,2127,0.0,0.0,-0.02,0.0,0.0,0.0,0.0,0.0,0,0,0
1756703597,2128,-0.02,0.0,0.0,0.0,0.0,0.0,0.0,0.0,0,0,0
1756703597,2129,-0.01,0.0,-0.02,0.0,0.0,0.0,0.0,0.0,0,0,0
1756703597,2130,0.0,0.0,-0.02,0.0,0.0,0.0,0.0,0.0,0,0,0
1756703597,2131,0.0,0.0,-0.02,0.0,0.0,0.0,0.0,0.0,0,0,0
1756703597,2132,0.05,0.0,-0.01,0.0,0.0,0.0,0.0,0.0,0,0,0
1756703597,2133,0.0,0.0,-0.01,0.0,0.0,0.0,0.0,0.0,0,0,0
1756703597,2134,0.0,0.0,-0.01,0.0,0.0,0.0,0.0,0.0,0,0,0
1756703597,2135,0.03,0.0,0.0,0.0,0.0,0.0,0.0,0.0,0,0,0
1756703597,2136,-0.05,0.0,0.0,0.0,0.0,0.0,0.0,0.0,0,0,0
1756703597,2137,0.0,0.0,-0.01,0.0,0.0,0.0,0.0,0.0,0,0,0
1756703597,2138,0.0,0.0,-0.1,0.0,0.0,0.0,0.0,0.0,0,0,0
1756703597,2139,0.0,0.0,0.0,0.0,0.0,0.0,0.0,0.0,0,0,0
1756703597,2140,0.02,0.0,0.0,0.0,0.0,0.0,0.0,0.0,0,0,0
1756703597,2141,0.0,0.0,0.0,0.0,0.0,0.0,0.0,0.0,0,0,0
1756703597,2142,0.0,0.0,-0.03,0.0,0.0,0.0,0.0,0.0,0,0,0
1756703597,2143,0.0,0.0,0.03,0.0,0.0,0.0,0.0,0.0,0,0,0
1756703597,2144,-0.01,0.0,0.03,0.0,0.0,0.0,0.0,0.0,0,0,0
1756703597,2145,0.0,0.0,0.0,0.0,0.0,0.0,0.0,0.0,0,0,0
1756703597,2146,0.0,0.0,0.0,0.0,0.0,0.0,0.0,0.0,0,0,0
1756703597,2147,0.0,0.0,-0.02,0.0,0.0,0.0,0.0,0.0,0,0,0
1756703597,2148,0.0,0.0,-0.02,0.0,0.0,0.0,0.0,0.0,0,0,0
1756703597,2149,0.03,0.0,-0.03,0.0,0.0,0.0,0.0,0.0,0,0,0
1756703597,2150,0.0,0.0,-0.01,0.0,0.0,0.0,0.0,0.0,0,0,0
1756703597,2151,0.0,0.0,0.0,0.0,0.0,0.0,0.0,0.0,0,0,0
1756703597,2152,0.07,0.0,0.0,0.0,0.0,0.0,0.0,0.0,0,0,0
1756703597,2153,0.03,0.0,-0.03,0.0,0.0,0.0,0.0,0.0,0,0,0
1756703597,2154,0.02,0.0,0.0,0.0,0.0,0.0,0.0,0.0,0,0,0
1756703597,2155,0.01,0.0,0.0,0.0,0.0,0.0,0.0,0.0,0,0,0
1756703597,2156,0.0,0.0,0.0,0.0,0.0,0.0,0.0,0.0,0,0,0
1756703597,2157,0.03,0.0,-0.01,0.0,0.0,0.0,0.0,0.0,0,0,0
1756703597,2158,-0.01,0.0,0.0,0.0,0.0,0.0,0.0,0.0,0,0,0
1756703597,2159,-0.02,0.0,-0.02,0.0,0.0,0.0,0.0,0.0,0,0,0
1756703597,2160,0.02,0.0,0.0,0.0,0.0,0.0,0.0,0.0,0,0,0
1756703597,2161,0.01,0.0,-0.01,0.0,0.0,0.0,0.0,0.0,0,0,0
1756703597,2162,0.0,0.0,-0.1,0.0,0.0,0.0,0.0,0.0,0,0,0
1756703597,2163,0.0,0.0,-0.01,0.0,0.0,0.0,0.0,0.0,0,0,0
1756703597,2164,0.01,0.0,0.03,0.0,0.0,0.0,0.0,0.0,0,0,0
1756703597,2165,0.03,0.0,0.0,0.0,0.0,0.0,0.0,0.0,0,0,0
1756703597,2166,0.05,0.0,0.0,0.0,0.0,0.0,0.0,0.0,0,0,0
1756703597,2167,-0.01,0.0,0.0,0.0,0.0,0.0,0.0,0.0,0,0,0
1756703597,2168,-0.01,0.0,0.0,0.0,0.0,0.0,0.0,0.0,0,0,0
1756703597,2169,0.0,0.0,-0.05,0.0,0.0,0.0,0.0,0.0,0,0,0
1756703597,2170,0.02,0.0,-0.02,0.0,0.0,0.0,0.0,0.0,0,0,0
1756703597,2171,0.02,0.0,-0.03,0.0,0.0,0.0,0.0,0.0,0,0,0
1756703597,2172,0.0,0.0,0.0,0.0,0.0,0.0,0.0,0.0,0,0,0
1756703597,2173,-0.07,0.0,0.0,0.0,0.0,0.0,0.0,0.0,0,0,0
1756703597,2174,0.0,0.0,-0.02,0.0,0.0,0.0,0.0,0.0,0,0,0
1756703597,2175,0.0,0.0,-0.01,0.0,0.0,0.0,0.0,0.0,0,0,0
1756703597,2176,0.01,0.0,0.0,0.0,0.0,0.0,0.0,0.0,0,0,0
1756703597,2177,0.0,0.0,-0.01,0.0,0.0,0.0,0.0,0.0,0,0,0
1756703597,2178,0.05,0.0,-0.01,0.0,0.0,0.0,0.0,0.0,0,0,0
1756703597,2179,-0.01,0.0,-0.03,0.0,0.0,0.0,0.0,0.0,0,0,0
1756703597,2180,0.01,0.0,0.01,0.0,0.0,0.0,0.0,0.0,0,0,0
1756703597,2181,0.03,0.0,0.01,0.0,0.0,0.0,0.0,0.0,0,0,0
1756703597,2182,0.0,0.0,0.02,0.0,0.0,0.0,0.0,0.0,0,0,0
1756703597,2183,0.0,0.0,0.01,0.0,0.0,0.0,0.0,0.0,0,0,0
1756703597,2184,0.03,0.0,-0.03,0.0,0.0,0.0,0.0,0.0,0,0,0
1756703597,2185,0.01,0.0,-0.05,0.0,0.0,0.0,0.0,0.0,0,0,0
1756703597,2186,0.0,0.0,-0.05,0.0,0.0,0.0,0.0,0.0,0,0,0
1756703597,2187,0.0,0.0,0.0,0.0,0.0,0.0,0.0,0.0,0,0,0
1756703597,2188,-0.05,0.0,0.02,0.0,0.0,0.0,0.0,0.0,0,0,0
1756703597,2189,0.0,0.0,-0.05,0.0,0.0,0.0,0.0,0.0,0,0,0
1756703597,2190,0.01,0.0,0.0,0.0,0.0,0.0,0.0,0.0,0,0,0
1756703598,2191,-0.05,0.0,0.0,0.0,0.0,0.0,0.0,0.0,0,0,0
1756703598,2192,0.01,0.0,0.02,0.0,0.0,0.0,0.0,0.0,0,0,0
1756703598,2193,-0.01,0.0,0.0,0.0,0.0,0.0,0.0,0.0,0,0,0
1756703598,2194,0.0,0.0,-0.02,0.0,0.0,0.0,0.0,0.0,0,0,0
1756703598,2195,0.0,0.0,-0.07,0.0,0.0,0.0,0.0,0.0,0,0,0
1756703598,2196,0.03,0.0,-0.01,0.0,0.0,0.0,0.0,0.0,0,0,0
1756703598,2197,-0.05,0.0,-0.02,0.0,0.0,0.0,0.0,0.0,0,0,0
1756703598,2198,0.14,0.0,-0.02,0.0,0.0,0.0,0.0,0.0,0,0,0
1756703598,2199,0.01,0.0,0.0,0.0,0.0,0.0,0.0,0.0,0,0,0
1756703598,2200,0.0,0.0,-0.05,0.0,0.0,0.0,0.0,0.0,0,0,0
1756703598,2201,0.0,0.0,-0.02,0.0,0.0,0.0,0.0,0.0,0,0,0
1756703598,2202,-0.02,0.0,-0.03,0.0,0.0,0.0,0.0,0.0,0,0,0
1756703598,2203,-0.03,0.0,-0.03,0.0,0.0,0.0,0.0,0.0,0,0,0
1756703598,2204,-0.03,0.0,-0.01,0.0,0.0,0.0,0.0,0.0,0,0,0
1756703598,2205,0.0,0.0,0.0,0.0,0.0,0.0,0.0,0.0,0,0,0
1756703598,2206,0.0,0.0,-0.02,0.0,0.0,0.0,0.0,0.0,0,0,0
1756703598,2207,0.0,0.0,-0.05,0.0,0.0,0.0,0.0,0.0,0,0,0
1756703598,2208,0.01,0.0,0.0,0.0,0.0,0.0,0.0,0.0,0,0,0
1756703598,2209,0.01,0.0,0.0,0.0,0.0,0.0,0.0,0.0,0,0,0
1756703598,2210,0.05,0.0,-0.01,0.0,0.0,0.0,0.0,0.0,0,0,0
1756703598,2211,0.02,0.0,0.0,0.0,0.0,0.0,0.0,0.0,0,0,0
1756703598,2212,0.0,0.0,-0.05,0.0,0.0,0.0,0.0,0.0,0,0,0
1756703598,2213,0.0,0.0,0.0,0.0,0.0,0.0,0.0,0.0,0,0,0
1756703598,2214,0.0,0.0,0.0,0.0,0.0,0.0,0.0,0.0,0,0,0
1756703598,2215,-0.01,0.0,0.01,0.0,0.0,0.0,0.0,0.0,0,0,0
1756703598,2216,0.0,0.0,-0.05,0.0,0.0,0.0,0.0,0.0,0,0,0
1756703598,2217,0.0,0.0,-0.05,0.0,0.0,0.0,0.0,0.0,0,0,0
1756703598,2218,0.0,0.0,0.0,0.0,0.0,0.0,0.0,0.0,0,0,0
1756703598,2219,0.05,0.0,0.01,0.0,0.0,0.0,0.0,0.0,0,0,0
1756703598,2220,0.0,0.0,-0.01,0.0,0.0,0.0,0.0,0.0,0,0,0
1756703598,2221,0.0,0.0,-0.03,0.0,0.0,0.0,0.0,0.0,0,0,0
1756703598,2222,0.01,0.0,-0.02,0.0,0.0,0.0,0.0,0.0,0,0,0
1756703598,2223,-0.07,0.0,-0.01,0.0,0.0,0.0,0.0,0.0,0,0,0
1756703598,2224,0.05,0.0,-0.07,0.0,0.0,0.0,0.0,0.0,0,0,0
1756703598,2225,0.01,0.0,0.0,0.0,0.0,0.0,0.0,0.0,0,0,0
1756703598,2226,0.01,0.0,0.0,0.0,0.0,0.0,0.0,0.0,0,0,0
1756703598,2227,-0.01,0.0,0.0,0.0,0.0,0.0,0.0,0.0,0,0,0
1756703598,2228,0.0,0.0,0.0,0.0,0.0,0.0,0.0,0.0,0,0,0
1756703598,2229,0.02,0.0,-0.02,0.0,0.0,0.0,0.0,0.0,0,0,0
1756703598,2230,0.01,0.0,-0.03,0.0,0.0,0.0,0.0,0.0,0,0,0
1756703598,2231,0.0,0.0,0.0,0.0,0.0,0.0,0.0,0.0,0,0,0
1756703598,2232,0.0,0.0,-0.02,0.0,0.0,0.0,0.0,0.0,0,0,0
1756703598,2233,0.0,0.0,-0.01,0.0,0.0,0.0,0.0,0.0,0,0,0
1756703598,2234,0.02,0.0,-0.02,0.0,0.0,0.0,0.0,0.0,0,0,0
1756703598,2235,0.0,0.0,-0.01,0.0,0.0,0.0,0.0,0.0,0,0,0
1756703598,2236,0.02,0.0,0.0,0.0,0.0,0.0,0.0,0.0,0,0,0
1756703598,2237,-0.01,0.0,0.0,0.0,0.0,0.0,0.0,0.0,0,0,0
1756703598,2238,-0.01,0.0,-0.03,0.0,0.0,0.0,0.0,0.0,0,0,0
1756703598,2239,0.02,0.0,-0.07,0.0,0.0,0.0,0.0,0.0,0,0,0
1756703598,2240,0.0,0.0,0.0,0.0,0.0,0.0,0.0,0.0,0,0,0
1756703598,2241,0.03,0.0,0.09,0.0,0.0,0.0,0.0,0.0,0,0,0
1756703598,2242,0.02,0.0,-0.02,0.0,0.0,0.0,0.0,0.0,0,0,0
1756703598,2243,-0.02,0.0,-0.03,0.0,0.0,0.0,0.0,0.0,0,0,0
1756703598,2244,0.0,0.0,-0.05,0.0,0.0,0.0,0.0,0.0,0,0,0
1756703598,2245,0.01,0.0,-0.07,0.0,0.0,0.0,0.0,0.0,0,0,0
1756703598,2246,0.0,0.0,-0.05,0.0,0.0,0.0,0.0,0.0,0,0,0
1756703598,2247,0.0,0.0,0.0,0.0,0.0,0.0,0.0,0.0,0,0,0
1756703598,2248,-0.01,0.0,-0.05,0.0,0.0,0.0,0.0,0.0,0,0,0
1756703598,2249,0.02,0.0,-0.03,0.0,0.0,0.0,0.0,0.0,0,0,0
1756703598,2250,0.01,0.0,-0.01,0.0,0.0,0.0,0.0,0.0,0,0,0
1756703598,2251,0.0,0.0,-0.05,0.0,0.0,0.0,0.0,0.0,0,0,0
1756703598,2252,-0.01,0.0,0.0,0.0,0.0,0.0,0.0,0.0,0,0,0
1756703598,2253,0.0,0.0,-0.01,0.0,0.0,0.0,0.0,0.0,0,0,0
1756703598,2254,0.01,0.0,0.0,0.0,0.0,0.0,0.0,0.0,0,0,0
1756703598,2255,-0.02,0.0,-0.01,0.0,0.0,0.0,0.0,0.0,0,0,0
1756703599,2256,0.0,0.0,-0.01,0.0,0.0,0.0,0.0,0.0,0,0,0
1756703599,2257,0.0,0.0,-0.02,0.0,0.0,0.0,0.0,0.0,0,0,0
1756703599,2258,-0.02,0.0,0.0,0.0,0.0,0.0,0.0,0.0,0,0,0
1756703599,2259,0.0,0.0,-0.02,0.0,0.0,0.0,0.0,0.0,0,0,0
1756703599,2260,0.11,0.0,-0.01,0.0,0.0,0.0,0.0,0.0,0,0,0
1756703599,2261,0.05,0.0,-0.02,0.0,0.0,0.0,0.0,0.0,0,0,0
1756703599,2262,0.0,0.0,-0.03,0.0,0.0,0.0,0.0,0.0,0,0,0
1756703599,2263,-0.15,0.0,0.0,0.0,0.0,0.0,0.0,0.0,0,0,0
1756703599,2264,0.02,0.0,-0.03,0.0,0.0,0.0,0.0,0.0,0,0,0
1756703599,2265,0.0,0.0,-0.03,0.0,0.0,0.0,0.0,0.0,0,0,0
1756703599,2266,0.0,0.0,0.0,0.0,0.0,0.0,0.0,0.0,0,0,0
1756703599,2267,0.0,0.0,-0.03,0.0,0.0,0.0,0.0,0.0,0,0,0
1756703599,2268,0.03,0.0,-0.02,0.0,0.0,0.0,0.0,0.0,0,0,0
1756703599,2269,-0.09,0.0,-0.05,0.0,0.0,0.0,0.0,0.0,0,0,0
1756703599,2270,0.01,0.0,-0.02,0.0,0.0,0.0,0.0,0.0,0,0,0
1756703599,2271,0.0,0.0,0.0,0.0,0.0,0.0,0.0,0.0,0,0,0
1756703599,2272,0.01,0.0,0.0,0.0,0.0,0.0,0.0,0.0,0,0,0
1756703599,2273,0.0,0.0,-0.03,0.0,0.0,0.0,0.0,0.0,0,0,0
1756703599,2274,0.0,0.0,-0.03,0.0,0.0,0.0,0.0,0.0,0,0,0
1756703599,2275,0.07,0.0,-0.05,0.0,0.0,0.0,0.0,0.0,0,0,0
1756703599,2276,0.0,0.0,-0.07,0.0,0.0,0.0,0.0,0.0,0,0,0
1756703599,2277,0.03,0.0,-0.01,0.0,0.0,0.0,0.0,0.0,0,0,0
1756703599,2278,0.0,0.0,-0.03,0.0,0.0,0.0,0.0,0.0,0,0,0
1756703599,2279,0.0,0.0,-0.02,0.0,0.0,0.0,0.0,0.0,0,0,0
1756703599,2280,0.07,0.0,-0.01,0.0,0.0,0.0,0.0,0.0,0,0,0
1756703599,2281,0.0,0.0,-0.03,0.0,0.0,0.0,0.0,0.0,0,0,0
1756703599,2282,0.0,0.0,-0.1,0.0,0.0,0.0,0.0,0.0,0,0,0
1756703599,2283,0.05,0.0,-0.01,0.0,0.0,0.0,0.0,0.0,0,0,0
1756703599,2284,-0.01,0.0,0.0,0.0,0.0,0.0,0.0,0.0,0,0,0
1756703599,2285,0.05,0.0,-0.02,0.0,0.0,0.0,0.0,0.0,0,0,0
1756703599,2286,0.05,0.0,0.0,0.0,0.0,0.0,0.0,0.0,0,0,0
1756703599,2287,0.0,0.0,-0.03,0.0,0.0,0.0,0.0,0.0,0,0,0
1756703599,2288,0.0,0.0,0.0,0.0,0.0,0.0,0.0,0.0,0,0,0
1756703599,2289,0.0,0.0,0.0,0.0,0.0,0.0,0.0,0.0,0,0,0
1756703599,2290,0.02,0.0,0.0,0.0,0.0,0.0,0.0,0.0,0,0,0
1756703599,2291,0.0,0.0,0.0,0.0,0.0,0.0,0.0,0.0,0,0,0
1756703599,2292,-0.01,0.0,0.0,0.0,0.0,0.0,0.0,0.0,0,0,0
1756703599,2293,-0.09,0.0,-0.05,0.0,0.0,0.0,0.0,0.0,0,0,0
1756703599,2294,-0.01,0.0,0.0,0.0,0.0,0.0,0.0,0.0,0,0,0
1756703599,2295,0.01,0.0,0.0,0.0,0.0,0.0,0.0,0.0,0,0,0
1756703599,2296,-0.01,0.0,-0.01,0.0,0.0,0.0,0.0,0.0,0,0,0
1756703599,2297,0.05,0.0,-0.02,0.0,0.0,0.0,0.0,0.0,0,0,0
1756703599,2298,0.07,0.0,-0.02,0.0,0.0,0.0,0.0,0.0,0,0,0
1756703599,2299,0.0,0.0,0.0,0.0,0.0,0.0,0.0,0.0,0,0,0
1756703599,2300,0.0,0.0,0.0,0.0,0.0,0.0,0.0,0.0,0,0,0
1756703599,2301,0.0,0.0,-0.01,0.0,0.0,0.0,0.0,0.0,0,0,0
1756703599,2302,0.01,0.0,-0.01,0.0,0.0,0.0,0.0,0.0,0,0,0
1756703599,2303,0.02,0.0,0.0,0.0,0.0,0.0,0.0,0.0,0,0,0
1756703599,2304,0.03,0.0,0.0,0.0,0.0,0.0,0.0,0.0,0,0,0
1756703599,2305,0.0,0.0,0.0,0.0,0.0,0.0,0.0,0.0,0,0,0
1756703599,2306,0.0,0.0,0.0,0.0,0.0,0.0,0.0,0.0,0,0,0
1756703599,2307,0.0,0.0,0.0,0.0,0.0,0.0,0.0,0.0,0,0,0
1756703599,2308,0.0,0.0,0.0,0.0,0.0,0.0,0.0,0.0,0,0,0
1756703599,2309,0.05,0.0,0.0,0.0,0.0,0.0,0.0,0.0,0,0,0
1756703599,2310,0.09,0.0,-0.02,0.0,0.0,0.0,0.0,0.0,0,0,0
1756703599,2311,0.0,0.0,0.0,0.0,0.0,0.0,0.0,0.0,0,0,0
1756703599,2312,0.05,0.0,0.0,0.0,0.0,0.0,0.0,0.0,0,0,0
1756703599,2313,0.01,0.0,-0.07,0.0,0.0,0.0,0.0,0.0,0,0,0
1756703599,2314,0.05,0.0,-0.01,0.0,0.0,0.0,0.0,0.0,0,0,0
1756703599,2315,0.01,0.0,0.0,0.0,0.0,0.0,0.0,0.0,0,0,0
1756703599,2316,0.02,0.0,-0.05,0.0,0.0,0.0,0.0,0.0,0,0,0
1756703599,2317,0.0,0.0,0.0,0.0,0.0,0.0,0.0,0.0,0,0,0
1756703600,2318,0.02,0.0,0.0,0.0,0.0,0.0,0.0,0.0,0,0,0
1756703600,2319,0.0,0.0,-0.02,0.0,0.0,0.0,0.0,0.0,0,0,0
1756703600,2320,0.0,0.0,-0.05,0.0,0.0,0.0,0.0,0.0,0,0,0
1756703600,2321,0.0,0.0,-0.02,0.0,0.0,0.0,0.0,0.0,0,0,0
1756703600,2322,0.0,0.0,0.03,0.0,0.0,0.0,0.0,0.0,0,0,0
1756703600,2323,0.0,0.0,0.0,0.0,0.0,0.0,0.0,0.0,0,0,0
1756703600,2324,0.0,0.0,-0.07,0.0,0.0,0.0,0.0,0.0,0,0,0
1756703600,2325,0.0,0.0,0.0,0.0,0.0,0.0,0.0,0.0,0,0,0
1756703600,2326,-0.03,0.0,0.0,0.0,0.0,0.0,0.0,0.0,0,0,0
1756703600,2327,0.0,0.0,0.01,0.0,0.0,0.0,0.0,0.0,0,0,0
1756703600,2328,0.0,0.0,0.0,0.0,0.0,0.0,0.0,0.0,0,0,0
1756703600,2329,-0.03,0.0,-0.14,0.0,0.0,0.0,0.0,0.0,0,0,0
1756703600,2330,0.0,0.0,-0.05,0.0,0.0,0.0,0.0,0.0,0,0,0
1756703600,2331,0.01,0.0,0.0,0.0,0.0,0.0,0.0,0.0,0,0,0
1756703600,2332,0.0,0.0,-0.05,0.0,0.0,0.0,0.0,0.0,0,0,0
1756703600,2333,0.01,0.0,-0.01,0.0,0.0,0.0,0.0,0.0,0,0,0
1756703600,2334,0.0,0.0,0.0,0.0,0.0,0.0,0.0,0.0,0,0,0
1756703600,2335,-0.02,0.0,0.0,0.0,0.0,0.0,0.0,0.0,0,0,0
1756703600,2336,0.0,0.0,0.0,0.0,0.0,0.0,0.0,0.0,0,0,0
1756703600,2337,0.0,0.0,-0.01,0.0,0.0,0.0,0.0,0.0,0,0,0
1756703600,2338,-0.02,0.0,0.0,0.0,0.0,0.0,0.0,0.0,0,0,0
1756703600,2339,0.0,0.0,0.03,0.0,0.0,0.0,0.0,0.0,0,0,0
1756703600,2340,0.01,0.0,0.0,0.0,0.0,0.0,0.0,0.0,0,0,0
1756703600,2341,-0.09,0.0,0.0,0.0,0.0,0.0,0.0,0.0,0,0,0
1756703600,2342,0.01,0.0,0.02,0.0,0.0,0.0,0.0,0.0,0,0,0
1756703600,2343,-0.07,0.0,0.0,0.0,0.0,0.0,0.0,0.0,0,0,0
1756703600,2344,0.03,0.0,-0.05,0.0,0.0,0.0,0.0,0.0,0,0,0
1756703600,2345,0.0,0.0,-0.03,0.0,0.0,0.0,0.0,0.0,0,0,0
1756703600,2346,-0.05,0.0,0.0,0.0,0.0,0.0,0.0,0.0,0,0,0
1756703600,2347,0.0,0.0,-0.07,0.0,0.0,0.0,0.0,0.0,0,0,0
1756703600,2348,-0.02,0.0,0.05,0.0,0.0,0.0,0.0,0.0,0,0,0
1756703600,2349,0.01,0.0,-0.01,0.0,0.0,0.0,0.0,0.0,0,0,0
1756703600,2350,0.07,0.0,0.0,0.0,0.0,0.0,0.0,0.0,0,0,0
1756703600,2351,0.02,0.0,0.0,0.0,0.0,0.0,0.0,0.0,0,0,0
1756703600,2352,0.01,0.0,0.02,0.0,0.0,0.0,0.0,0.0,0,0,0
1756703600,2353,-0.02,0.0,0.0,0.0,0.0,0.0,0.0,0.0,0,0,0
1756703600,2354,0.01,0.0,0.0,0.0,0.0,0.0,0.0,0.0,0,0,0
1756703600,2355,0.03,0.0,-0.01,0.0,0.0,0.0,0.0,0.0,0,0,0
1756703600,2356,0.0,0.0,0.0,0.0,0.0,0.0,0.0,0.0,0,0,0
1756703600,2357,0.0,0.0,0.0,0.0,0.0,0.0,0.0,0.0,0,0,0
1756703600,2358,0.05,0.0,-0.02,0.0,0.0,0.0,0.0,0.0,0,0,0
1756703600,2359,0.0,0.0,-0.01,0.0,0.0,0.0,0.0,0.0,0,0,0
1756703600,2360,0.0,0.0,-0.03,0.0,0.0,0.0,0.0,0.0,0,0,0
1756703600,2361,-0.01,0.0,0.0,0.0,0.0,0.0,0.0,0.0,0,0,0
1756703600,2362,0.14,0.0,0.0,0.0,0.0,0.0,0.0,0.0,0,0,0
1756703600,2363,0.0,0.0,-0.05,0.0,0.0,0.0,0.0,0.0,0,0,0
1756703600,2364,-0.03,0.0,0.0,0.0,0.0,0.0,0.0,0.0,0,0,0
1756703600,2365,0.0,0.0,-0.02,0.0,0.0,0.0,0.0,0.0,0,0,0
1756703600,2366,-0.01,0.0,0.0,0.0,0.0,0.0,0.0,0.0,0,0,0
1756703600,2367,0.01,0.0,0.0,0.0,0.0,0.0,0.0,0.0,0,0,0
1756703600,2368,0.02,0.0,-0.02,0.0,0.0,0.0,0.0,0.0,0,0,0
1756703600,2369,0.0,0.0,0.0,0.0,0.0,0.0,0.0,0.0,0,0,0
1756703600,2370,0.02,0.0,-0.05,0.0,0.0,0.0,0.0,0.0,0,0,0
1756703600,2371,-0.05,0.0,0.0,0.0,0.0,0.0,0.0,0.0,0,0,0
1756703600,2372,0.03,0.0,0.0,0.0,0.0,0.0,0.0,0.0,0,0,0
1756703600,2373,-0.05,0.0,-0.02,0.0,0.0,0.0,0.0,0.0,0,0,0
1756703600,2374,0.07,0.0,-0.03,0.0,0.0,0.0,0.0,0.0,0,0,0
1756703600,2375,0.11,0.0,0.0,0.0,0.0,0.0,0.0,0.0,0,0,0
1756703600,2376,0.0,0.0,-0.02,0.0,0.0,0.0,0.0,0.0,0,0,0
1756703600,2377,-0.02,0.0,0.0,0.0,0.0,0.0,0.0,0.0,0,0,0
1756703600,2378,0.01,0.0,0.02,0.0,0.0,0.0,0.0,0.0,0,0,0
1756703600,2379,0.02,0.0,-0.02,0.0,0.0,0.0,0.0,0.0,0,0,0
1756703600,2380,0.0,0.0,-0.01,0.0,0.0,0.0,0.0,0.0,0,0,0
1756703600,2381,0.05,0.0,-0.05,0.0,0.0,0.0,0.0,0.0,0,0,0
1756703600,2382,0.0,0.0,0.0,0.0,0.0,0.0,0.0,0.0,0,0,0
1756703600,2383,0.0,0.0,-0.02,0.0,0.0,0.0,0.0,0.0,0,0,0
1756703600,2384,0.02,0.0,-0.05,0.0,0.0,0.0,0.0,0.0,0,0,0
1756703600,2385,0.05,0.0,-0.05,0.0,0.0,0.0,0.0,0.0,0,0,0
1756703601,2386,0.0,0.0,0.01,0.0,0.0,0.0,0.0,0.0,0,0,0
1756703601,2387,0.0,0.0,-0.01,0.0,0.0,0.0,0.0,0.0,0,0,0
1756703601,2388,-0.05,0.0,0.0,0.0,0.0,0.0,0.0,0.0,0,0,0
1756703601,2389,0.0,0.0,-0.05,0.0,0.0,0.0,0.0,0.0,0,0,0
1756703601,2390,0.0,0.0,-0.01,0.0,0.0,0.0,0.0,0.0,0,0,0
1756703601,2391,0.0,0.0,-0.03,0.0,0.0,0.0,0.0,0.0,0,0,0
1756703601,2392,-0.03,0.0,-0.03,0.0,0.0,0.0,0.0,0.0,0,0,0
1756703601,2393,0.01,0.0,-0.01,0.0,0.0,0.0,0.0,0.0,0,0,0
1756703601,2394,0.0,0.0,0.0,0.0,0.0,0.0,0.0,0.0,0,0,0
1756703601,2395,0.03,0.0,-0.01,0.0,0.0,0.0,0.0,0.0,0,0,0
1756703601,2396,0.03,0.0,-0.02,0.0,0.0,0.0,0.0,0.0,0,0,0
1756703601,2397,-0.01,0.0,-0.01,0.0,0.0,0.0,0.0,0.0,0,0,0
1756703601,2398,0.0,0.0,0.0,0.0,0.0,0.0,0.0,0.0,0,0,0
1756703601,2399,0.07,0.0,-0.02,0.0,0.0,0.0,0.0,0.0,0,0,0
1756703601,2400,0.0,0.0,0.0,0.0,0.0,0.0,0.0,0.0,0,0,0
1756703601,2401,0.0,0.0,-0.05,0.0,0.0,0.0,0.0,0.0,0,0,0
1756703601,2402,-0.05,0.0,-0.02,0.0,0.0,0.0,0.0,0.0,0,0,0
1756703601,2403,0.0,0.0,-0.03,0.0,0.0,0.0,0.0,0.0,0,0,0
1756703601,2404,0.0,0.0,0.0,0.0,0.0,0.0,0.0,0.0,0,0,0
1756703601,2405,0.01,0.0,-0.03,0.0,0.0,0.0,0.0,0.0,0,0,0
1756703601,2406,0.0,0.0,-0.03,0.0,0.0,0.0,0.0,0.0,0,0,0
1756703601,2407,-0.05,0.0,0.03,0.0,0.0,0.0,0.0,0.0,0,0,0
1756703601,2408,-0.02,0.0,0.0,0.0,0.0,0.0,0.0,0.0,0,0,0
1756703601,2409,0.0,0.0,-0.02,0.0,0.0,0.0,0.0,0.0,0,0,0
1756703601,2410,0.01,0.0,0.0,0.0,0.0,0.0,0.0,0.0,0,0,0
1756703601,2411,-0.01,0.0,-0.01,0.0,0.0,0.0,0.0,0.0,0,0,0
1756703601,2412,-0.01,0.0,-0.05,0.0,0.0,0.0,0.0,0.0,0,0,0
1756703601,2413,0.01,0.0,-0.02,0.0,0.0,0.0,0.0,0.0,0,0,0
1756703601,2414,0.0,0.0,-0.02,0.0,0.0,0.0,0.0,0.0,0,0,0
1756703601,2415,-0.01,0.0,0.0,0.0,0.0,0.0,0.0,0.0,0,0,0
1756703601,2416,0.02,0.0,-0.02,0.0,0.0,0.0,0.0,0.0,0,0,0
1756703601,2417,0.0,0.0,-0.03,0.0,0.0,0.0,0.0,0.0,0,0,0
1756703601,2418,0.03,0.0,-0.02,0.0,0.0,0.0,0.0,0.0,0,0,0
1756703601,2419,-0.02,0.0,0.0,0.0,0.0,0.0,0.0,0.0,0,0,0
1756703601,2420,0.0,0.0,-0.01,0.0,0.0,0.0,0.0,0.0,0,0,0
1756703601,2421,0.01,0.0,-0.01,0.0,0.0,0.0,0.0,0.0,0,0,0
1756703601,2422,0.02,0.0,0.0,0.0,0.0,0.0,0.0,0.0,0,0,0
1756703601,2423,0.02,0.0,-0.01,0.0,0.0,0.0,0.0,0.0,0,0,0
1756703601,2424,0.0,0.0,0.0,0.0,0.0,0.0,0.0,0.0,0,0,0
1756703601,2425,0.03,0.0,-0.03,0.0,0.0,0.0,0.0,0.0,0,0,0
1756703601,2426,0.03,0.0,-0.01,0.0,0.0,0.0,0.0,0.0,0,0,0
1756703601,2427,0.02,0.0,-0.03,0.0,0.0,0.0,0.0,0.0,0,0,0
1756703601,2428,0.0,0.0,-0.03,0.0,0.0,0.0,0.0,0.0,0,0,0
1756703601,2429,0.0,0.0,0.0,0.0,0.0,0.0,0.0,0.0,0,0,0
1756703601,2430,0.0,0.0,-0.02,0.0,0.0,0.0,0.0,0.0,0,0,0
1756703601,2431,0.0,0.0,0.0,0.0,0.0,0.0,0.0,0.0,0,0,0
1756703601,2432,0.0,0.0,-0.03,0.0,0.0,0.0,0.0,0.0,0,0,0
1756703601,2433,0.01,0.0,0.0,0.0,0.0,0.0,0.0,0.0,0,0,0
1756703601,2434,0.0,0.0,0.0,0.0,0.0,0.0,0.0,0.0,0,0,0
1756703601,2435,0.0,0.0,0.0,0.0,0.0,0.0,0.0,0.0,0,0,0
1756703601,2436,0.07,0.0,0.0,0.0,0.0,0.0,0.0,0.0,0,0,0
1756703601,2437,0.0,0.0,-0.03,0.0,0.0,0.0,0.0,0.0,0,0,0
1756703601,2438,0.0,0.0,0.01,0.0,0.0,0.0,0.0,0.0,0,0,0
1756703601,2439,0.03,0.0,0.0,0.0,0.0,0.0,0.0,0.0,0,0,0
1756703601,2440,0.0,0.0,-0.01,0.0,0.0,0.0,0.0,0.0,0,0,0
1756703601,2441,0.0,0.0,-0.05,0.0,0.0,0.0,0.0,0.0,0,0,0
1756703601,2442,0.02,0.0,-0.02,0.0,0.0,0.0,0.0,0.0,0,0,0
1756703601,2443,0.0,0.0,-0.03,0.0,0.0,0.0,0.0,0.0,0,0,0
1756703601,2444,0.05,0.0,0.01,0.0,0.0,0.0,0.0,0.0,0,0,0
1756703601,2445,0.0,0.0,0.0,0.0,0.0,0.0,0.0,0.0,0,0,0
1756703601,2446,0.0,0.0,-0.05,0.0,0.0,0.0,0.0,0.0,0,0,0
1756703601,2447,0.0,0.0,-0.02,0.0,0.0,0.0,0.0,0.0,0,0,0
1756703601,2448,0.0,0.0,-0.07,0.0,0.0,0.0,0.0,0.0,0,0,0
1756703601,2449,0.0,0.0,0.05,0.0,0.0,0.0,0.0,0.0,0,0,0
1756703601,2450,0.03,0.0,-0.02,0.0,0.0,0.0,0.0,0.0,0,0,0
1756703601,2451,0.02,0.0,0.0,0.0,0.0,0.0,0.0,0.0,0,0,0
1756703602,2452,0.0,0.0,-0.02,0.0,0.0,0.0,0.0,0.0,0,0,0
1756703602,2453,-0.05,0.0,-0.02,0.0,0.0,0.0,0.0,0.0,0,0,0
1756703602,2454,0.0,0.0,-0.02,0.0,0.0,0.0,0.0,0.0,0,0,0
1756703602,2455,0.02,0.0,-0.1,0.0,0.0,0.0,0.0,0.0,0,0,0
1756703602,2456,0.03,0.0,-0.03,0.0,0.0,0.0,0.0,0.0,0,0,0
1756703602,2457,0.05,0.0,0.0,0.0,0.0,0.0,0.0,0.0,0,0,0
1756703602,2458,0.03,0.0,0.0,0.0,0.0,0.0,0.0,0.0,0,0,0
1756703602,2459,0.0,0.0,0.0,0.0,0.0,0.0,0.0,0.0,0,0,0
1756703602,2460,0.0,0.0,0.0,0.0,0.0,0.0,0.0,0.0,0,0,0
1756703602,2461,-0.07,0.0,0.05,0.0,0.0,0.0,0.0,0.0,0,0,0
1756703602,2462,0.01,0.0,-0.01,0.0,0.0,0.0,0.0,0.0,0,0,0
1756703602,2463,0.03,0.0,-0.05,0.0,0.0,0.0,0.0,0.0,0,0,0
1756703602,2464,0.07,0.0,-0.05,0.0,0.0,0.0,0.0,0.0,0,0,0
1756703602,2465,-0.02,0.0,-0.02,0.0,0.0,0.0,0.0,0.0,0,0,0
1756703602,2466,0.0,0.0,-0.03,0.0,0.0,0.0,0.0,0.0,0,0,0
1756703602,2467,-0.03,0.0,-0.05,0.0,0.0,0.0,0.0,0.0,0,0,0
1756703602,2468,-0.01,0.0,0.0,0.0,0.0,0.0,0.0,0.0,0,0,0
1756703602,2469,0.0,0.0,0.0,0.0,0.0,0.0,0.0,0.0,0,0,0
1756703602,2470,-0.01,0.0,0.0,0.0,0.0,0.0,0.0,0.0,0,0,0
1756703602,2471,0.0,0.0,-0.05,0.0,0.0,0.0,0.0,0.0,0,0,0
1756703602,2472,-0.02,0.0,-0.05,0.0,0.0,0.0,0.0,0.0,0,0,0
1756703602,2473,0.05,0.0,-0.05,0.0,0.0,0.0,0.0,0.0,0,0,0
1756703602,2474,-0.05,0.0,-0.02,0.0,0.0,0.0,0.0,0.0,0,0,0
1756703602,2475,0.0,0.0,-0.02,0.0,0.0,0.0,0.0,0.0,0,0,0
1756703602,2476,0.0,0.0,-0.01,0.0,0.0,0.0,0.0,0.0,0,0,0
1756703602,2477,0.0,0.0,-0.03,0.0,0.0,0.0,0.0,0.0,0,0,0
1756703602,2478,0.0,0.0,-0.02,0.0,0.0,0.0,0.0,0.0,0,0,0
1756703602,2479,0.05,0.0,-0.03,0.0,0.0,0.0,0.0,0.0,0,0,0
1756703602,2480,0.0,0.0,0.0,0.0,0.0,0.0,0.0,0.0,0,0,0
1756703602,2481,-0.1,0.0,-0.02,0.0,0.0,0.0,0.0,0.0,0,0,0
1756703602,2482,0.0,0.0,0.0,0.0,0.0,0.0,0.0,0.0,0,0,0
1756703602,2483,0.0,0.0,-0.03,0.0,0.0,0.0,0.0,0.0,0,0,0
1756703602,2484,0.0,0.0,0.0,0.0,0.0,0.0,0.0,0.0,0,0,0
1756703602,2485,0.0,0.0,-0.02,0.0,0.0,0.0,0.0,0.0,0,0,0
1756703602,2486,0.0,0.0,-0.01,0.0,0.0,0.0,0.0,0.0,0,0,0
1756703602,2487,0.0,0.0,0.0,0.0,0.0,0.0,0.0,0.0,0,0,0
1756703602,2488,-0.05,0.0,0.03,0.0,0.0,0.0,0.0,0.0,0,0,0
1756703602,2489,0.0,0.0,0.0,0.0,0.0,0.0,0.0,0.0,0,0,0
1756703602,2490,0.02,0.0,0.07,0.0,0.0,0.0,0.0,0.0,0,0,0
1756703602,2491,0.0,0.0,-0.1,0.0,0.0,0.0,0.0,0.0,0,0,0
1756703602,2492,0.01,0.0,-0.14,0.0,0.0,0.0,0.0,0.0,0,0,0
1756703602,2493,0.03,0.0,-0.01,0.0,0.0,0.0,0.0,0.0,0,0,0
1756703602,2494,0.02,0.0,-0.07,0.0,0.0,0.0,0.0,0.0,0,0,0
1756703602,2495,-0.03,0.0,-0.03,0.0,0.0,0.0,0.0,0.0,0,0,0
1756703602,2496,0.0,0.0,-0.05,0.0,0.0,0.0,0.0,0.0,0,0,0
1756703602,2497,0.0,0.0,0.0,0.0,0.0,0.0,0.0,0.0,0,0,0
1756703602,2498,0.01,0.0,-0.02,0.0,0.0,0.0,0.0,0.0,0,0,0
1756703602,2499,0.0,0.0,-0.02,0.0,0.0,0.0,0.0,0.0,0,0,0
1756703602,2500,-0.02,0.0,0.0,0.0,0.0,0.0,0.0,0.0,0,0,0
1756703602,2501,0.02,0.0,0.0,0.0,0.0,0.0,0.0,0.0,0,0,0
1756703602,2502,-0.01,0.0,-0.01,0.0,0.0,0.0,0.0,0.0,0,0,0
1756703602,2503,0.0,0.0,0.0,0.0,0.0,0.0,0.0,0.0,0,0,0
1756703602,2504,0.02,0.0,-0.03,0.0,0.0,0.0,0.0,0.0,0,0,0
1756703602,2505,-0.01,0.0,0.0,0.0,0.0,0.0,0.0,0.0,0,0,0
1756703602,2506,0.0,0.0,-0.01,0.0,0.0,0.0,0.0,0.0,0,0,0
1756703602,2507,-0.02,0.0,0.0,0.0,0.0,0.0,0.0,0.0,0,0,0
1756703602,2508,0.0,0.0,-0.02,0.0,0.0,0.0,0.0,0.0,0,0,0
1756703602,2509,0.02,0.0,-0.01,0.0,0.0,0.0,0.0,0.0,0,0,0
1756703602,2510,0.02,0.0,0.0,0.0,0.0,0.0,0.0,0.0,0,0,0
1756703602,2511,-0.01,0.0,0.0,0.0,0.0,0.0,0.0,0.0,0,0,0
1756703602,2512,0.03,0.0,0.0,0.0,0.0,0.0,0.0,0.0,0,0,0
1756703602,2513,0.05,0.0,-0.05,0.0,0.0,0.0,0.0,0.0,0,0,0
1756703602,2514,0.0,0.0,0.0,0.0,0.0,0.0,0.0,0.0,0,0,0
1756703602,2515,0.1,0.0,0.0,0.0,0.0,0.0,0.0,0.0,0,0,0
1756703602,2516,-0.02,0.0,-0.05,0.0,0.0,0.0,0.0,0.0,0,0,0
1756703602,2517,-0.01,0.0,0.0,0.0,0.0,0.0,0.0,0.0,0,0,0
1756703603,2518,0.0,0.0,0.0,0.0,0.0,0.0,0.0,0.0,0,0,0
1756703603,2519,0.01,0.0,-0.01,0.0,0.0,0.0,0.0,0.0,0,0,0
1756703603,2520,0.01,0.0,0.0,0.0,0.0,0.0,0.0,0.0,0,0,0
1756703603,2521,-0.05,0.0,0.0,0.0,0.0,0.0,0.0,0.0,0,0,0
1756703603,2522,0.07,0.0,0.0,0.0,0.0,0.0,0.0,0.0,0,0,0
1756703603,2523,0.0,0.0,0.0,0.0,0.0,0.0,0.0,0.0,0,0,0
1756703603,2524,0.0,0.0,-0.09,0.0,0.0,0.0,0.0,0.0,0,0,0
1756703603,2525,0.0,0.0,0.0,0.0,0.0,0.0,0.0,0.0,0,0,0
1756703603,2526,-0.03,0.0,-0.09,0.0,0.0,0.0,0.0,0.0,0,0,0
1756703603,2527,0.03,0.0,-0.02,0.0,0.0,0.0,0.0,0.0,0,0,0
1756703603,2528,0.01,0.0,0.0,0.0,0.0,0.0,0.0,0.0,0,0,0
1756703603,2529,0.0,0.0,-0.01,0.0,0.0,0.0,0.0,0.0,0,0,0
1756703603,2530,0.0,0.0,0.0,0.0,0.0,0.0,0.0,0.0,0,0,0
1756703603,2531,-0.07,0.0,-0.02,0.0,0.0,0.0,0.0,0.0,0,0,0
1756703603,2532,0.0,0.0,-0.01,0.0,0.0,0.0,0.0,0.0,0,0,0
1756703603,2533,-0.07,0.0,0.0,0.0,0.0,0.0,0.0,0.0,0,0,0
1756703603,2534,0.0,0.0,0.0,0.0,0.0,0.0,0.0,0.0,0,0,0
1756703603,2535,0.0,0.0,0.0,0.0,0.0,0.0,0.0,0.0,0,0,0
1756703603,2536,0.0,0.0,0.0,0.0,0.0,0.0,0.0,0.0,0,0,0
1756703603,2537,0.01,0.0,0.0,0.0,0.0,0.0,0.0,0.0,0,0,0
1756703603,2538,0.01,0.0,0.0,0.0,0.0,0.0,0.0,0.0,0,0,0
1756703603,2539,0.05,0.0,-0.01,0.0,0.0,0.0,0.0,0.0,0,0,0
1756703603,2540,0.0,0.0,-0.05,0.0,0.0,0.0,0.0,0.0,0,0,0
1756703603,2541,-0.02,0.0,-0.01,0.0,0.0,0.0,0.0,0.0,0,0,0
1756703603,2542,0.03,0.0,0.0,0.0,0.0,0.0,0.0,0.0,0,0,0
1756703603,2543,0.01,0.0,-0.03,0.0,0.0,0.0,0.0,0.0,0,0,0
1756703603,2544,0.0,0.0,0.03,0.0,0.0,0.0,0.0,0.0,0,0,0
1756703603,2545,0.07,0.0,0.0,0.0,0.0,0.0,0.0,0.0,0,0,0
1756703603,2546,-0.01,0.0,0.0,0.0,0.0,0.0,0.0,0.0,0,0,0
1756703603,2547,-0.02,0.0,-0.05,0.0,0.0,0.0,0.0,0.0,0,0,0
1756703603,2548,0.01,0.0,0.0,0.0,0.0,0.0,0.0,0.0,0,0,0
1756703603,2549,0.0,0.0,-0.01,0.0,0.0,0.0,0.0,0.0,0,0,0
1756703603,2550,-0.09,0.0,-0.01,0.0,0.0,0.0,0.0,0.0,0,0,0
1756703603,2551,0.0,0.0,-0.01,0.0,0.0,0.0,0.0,0.0,0,0,0
1756703603,2552,0.0,0.0,-0.03,0.0,0.0,0.0,0.0,0.0,0,0,0
1756703603,2553,0.03,0.0,-0.03,0.0,0.0,0.0,0.0,0.0,0,0,0
1756703603,2554,0.01,0.0,0.0,0.0,0.0,0.0,0.0,0.0,0,0,0
1756703603,2555,-0.02,0.0,-0.03,0.0,0.0,0.0,0.0,0.0,0,0,0
1756703603,2556,-0.02,0.0,-0.03,0.0,0.0,0.0,0.0,0.0,0,0,0
1756703603,2557,-0.01,0.0,0.0,0.0,0.0,0.0,0.0,0.0,0,0,0
1756703603,2558,0.0,0.0,-0.01,0.0,0.0,0.0,0.0,0.0,0,0,0
1756703603,2559,0.01,0.0,-0.05,0.0,0.0,0.0,0.0,0.0,0,0,0
1756703603,2560,0.07,0.0,0.0,0.0,0.0,0.0,0.0,0.0,0,0,0
1756703603,2561,0.03,0.0,-0.07,0.0,0.0,0.0,0.0,0.0,0,0,0
1756703603,2562,0.01,0.0,-0.05,0.0,0.0,0.0,0.0,0.0,0,0,0
1756703603,2563,0.07,0.0,0.0,0.0,0.0,0.0,0.0,0.0,0,0,0
1756703603,2564,0.0,0.0,-0.02,0.0,0.0,0.0,0.0,0.0,0,0,0
1756703603,2565,0.0,0.0,0.0,0.0,0.0,0.0,0.0,0.0,0,0,0
1756703603,2566,0.03,0.0,-0.01,0.0,0.0,0.0,0.0,0.0,0,0,0
1756703603,2567,0.02,0.0,-0.05,0.0,0.0,0.0,0.0,0.0,0,0,0
1756703603,2568,0.05,0.0,0.0,0.0,0.0,0.0,0.0,0.0,0,0,0
1756703603,2569,0.02,0.0,-0.02,0.0,0.0,0.0,0.0,0.0,0,0,0
1756703603,2570,0.0,0.0,0.0,0.0,0.0,0.0,0.0,0.0,0,0,0
1756703603,2571,0.07,0.0,-0.07,0.0,0.0,0.0,0.0,0.0,0,0,0
1756703603,2572,0.01,0.0,-0.03,0.0,0.0,0.0,0.0,0.0,0,0,0
1756703603,2573,0.01,0.0,-0.03,0.0,0.0,0.0,0.0,0.0,0,0,0
1756703603,2574,0.0,0.0,0.0,0.0,0.0,0.0,0.0,0.0,0,0,0
1756703603,2575,-0.01,0.0,-0.01,0.0,0.0,0.0,0.0,0.0,0,0,0
1756703603,2576,0.0,0.0,-0.07,0.0,0.0,0.0,0.0,0.0,0,0,0
1756703603,2577,0.02,0.0,-0.02,0.0,0.0,0.0,0.0,0.0,0,0,0
1756703603,2578,0.0,0.0,0.0,0.0,0.0,0.0,0.0,0.0,0,0,0
1756703603,2579,0.07,0.0,0.0,0.0,0.0,0.0,0.0,0.0,0,0,0
1756703603,2580,0.0,0.0,-0.02,0.0,0.0,0.0,0.0,0.0,0,0,0
1756703603,2581,0.0,0.0,0.0,0.0,0.0,0.0,0.0,0.0,0,0,0
1756703603,2582,0.01,0.0,-0.05,0.0,0.0,0.0,0.0,0.0,0,0,0
1756703604,2583,0.0,0.0,-0.05,0.0,0.0,0.0,0.0,0.0,0,0,0
1756703604,2584,0.02,0.0,0.03,0.0,0.0,0.0,0.0,0.0,0,0,0
1756703604,2585,0.0,0.0,-0.02,0.0,0.0,0.0,0.0,0.0,0,0,0
1756703604,2586,0.0,0.0,0.0,0.0,0.0,0.0,0.0,0.0,0,0,0
1756703604,2587,0.15,0.0,-0.03,0.0,0.0,0.0,0.0,0.0,0,0,0
1756703604,2588,0.0,0.0,-0.05,0.0,0.0,0.0,0.0,0.0,0,0,0
1756703604,2589,0.02,0.0,0.0,0.0,0.0,0.0,0.0,0.0,0,0,0
1756703604,2590,0.0,0.0,0.0,0.0,0.0,0.0,0.0,0.0,0,0,0
1756703604,2591,-0.03,0.0,-0.05,0.0,0.0,0.0,0.0,0.0,0,0,0
1756703604,2592,-0.09,0.0,0.0,0.0,0.0,0.0,0.0,0.0,0,0,0
1756703604,2593,0.05,0.0,0.0,0.0,0.0,0.0,0.0,0.0,0,0,0
1756703604,2594,0.0,0.0,0.0,0.0,0.0,0.0,0.0,0.0,0,0,0
1756703604,2595,0.01,0.0,-0.01,0.0,0.0,0.0,0.0,0.0,0,0,0
1756703604,2596,0.0,0.0,-0.03,0.0,0.0,0.0,0.0,0.0,0,0,0
1756703604,2597,0.0,0.0,0.0,0.0,0.0,0.0,0.0,0.0,0,0,0
1756703604,2598,0.0,0.0,-0.05,0.0,0.0,0.0,0.0,0.0,0,0,0
1756703604,2599,0.0,0.0,0.0,0.0,0.0,0.0,0.0,0.0,0,0,0
1756703604,2600,0.05,0.0,-0.02,0.0,0.0,0.0,0.0,0.0,0,0,0
1756703604,2601,0.0,0.0,-0.05,0.0,0.0,0.0,0.0,0.0,0,0,0
1756703604,2602,0.0,0.0,0.0,0.0,0.0,0.0,0.0,0.0,0,0,0
1756703604,2603,-0.03,0.0,-0.03,0.0,0.0,0.0,0.0,0.0,0,0,0
1756703604,2604,0.0,0.0,-0.01,0.0,0.0,0.0,0.0,0.0,0,0,0
1756703604,2605,-0.01,0.0,0.0,0.0,0.0,0.0,0.0,0.0,0,0,0
1756703604,2606,0.01,0.0,-0.01,0.0,0.0,0.0,0.0,0.0,0,0,0
1756703604,2607,-0.02,0.0,0.0,0.0,0.0,0.0,0.0,0.0,0,0,0
1756703604,2608,0.01,0.0,-0.01,0.0,0.0,0.0,0.0,0.0,0,0,0
1756703604,2609,0.0,0.0,0.0,0.0,0.0,0.0,0.0,0.0,0,0,0
1756703604,2610,0.0,0.0,-0.03,0.0,0.0,0.0,0.0,0.0,0,0,0
1756703604,2611,0.0,0.0,0.0,0.0,0.0,0.0,0.0,0.0,0,0,0
1756703604,2612,0.02,0.0,-0.07,0.0,0.0,0.0,0.0,0.0,0,0,0
1756703604,2613,0.01,0.0,-0.03,0.0,0.0,0.0,0.0,0.0,0,0,0
1756703604,2614,0.0,0.0,-0.02,0.0,0.0,0.0,0.0,0.0,0,0,0
1756703604,2615,0.07,0.0,-0.01,0.0,0.0,0.0,0.0,0.0,0,0,0
1756703604,2616,0.05,0.0,-0.02,0.0,0.0,0.0,0.0,0.0,0,0,0
1756703604,2617,-0.02,0.0,-0.01,0.0,0.0,0.0,0.0,0.0,0,0,0
1756703604,2618,-0.02,0.0,0.0,0.0,0.0,0.0,0.0,0.0,0,0,0
1756703604,2619,0.0,0.0,0.0,0.0,0.0,0.0,0.0,0.0,0,0,0
1756703604,2620,-0.01,0.0,0.0,0.0,0.0,0.0,0.0,0.0,0,0,0
1756703604,2621,0.0,0.0,-0.03,0.0,0.0,0.0,0.0,0.0,0,0,0
1756703604,2622,-0.03,0.0,-0.05,0.0,0.0,0.0,0.0,0.0,0,0,0
1756703604,2623,0.0,0.0,-0.01,0.0,0.0,0.0,0.0,0.0,0,0,0
1756703604,2624,-0.03,0.0,-0.03,0.0,0.0,0.0,0.0,0.0,0,0,0
1756703604,2625,0.07,0.0,-0.07,0.0,0.0,0.0,0.0,0.0,0,0,0
1756703604,2626,0.0,0.0,-0.02,0.0,0.0,0.0,0.0,0.0,0,0,0
1756703604,2627,0.01,0.0,-0.01,0.0,0.0,0.0,0.0,0.0,0,0,0
1756703604,2628,0.0,0.0,-0.02,0.0,0.0,0.0,0.0,0.0,0,0,0
1756703604,2629,0.0,0.0,0.0,0.0,0.0,0.0,0.0,0.0,0,0,0
1756703604,2630,-0.02,0.0,-0.01,0.0,0.0,0.0,0.0,0.0,0,0,0
1756703604,2631,0.0,0.0,0.0,0.0,0.0,0.0,0.0,0.0,0,0,0
1756703604,2632,0.0,0.0,-0.03,0.0,0.0,0.0,0.0,0.0,0,0,0
1756703604,2633,-0.02,0.0,-0.01,0.0,0.0,0.0,0.0,0.0,0,0,0
1756703604,2634,0.02,0.0,0.0,0.0,0.0,0.0,0.0,0.0,0,0,0
1756703604,2635,0.0,0.0,-0.03,0.0,0.0,0.0,0.0,0.0,0,0,0
1756703604,2636,0.0,0.0,0.0,0.0,0.0,0.0,0.0,0.0,0,0,0
1756703604,2637,0.0,0.0,-0.01,0.0,0.0,0.0,0.0,0.0,0,0,0
1756703604,2638,-0.11,0.0,-0.01,0.0,0.0,0.0,0.0,0.0,0,0,0
1756703604,2639,-0.01,0.0,-0.02,0.0,0.0,0.0,0.0,0.0,0,0,0
1756703604,2640,0.05,0.0,0.0,0.0,0.0,0.0,0.0,0.0,0,0,0
1756703604,2641,0.01,0.0,-0.05,0.0,0.0,0.0,0.0,0.0,0,0,0
1756703604,2642,0.0,0.0,-0.01,0.0,0.0,0.0,0.0,0.0,0,0,0
1756703604,2643,0.0,0.0,-0.02,0.0,0.0,0.0,0.0,0.0,0,0,0
1756703604,2644,0.09,0.0,-0.01,0.0,0.0,0.0,0.0,0.0,0,0,0
1756703604,2645,0.03,0.0,-0.01,0.0,0.0,0.0,0.0,0.0,0,0,0
1756703604,2646,0.03,0.0,-0.03,0.0,0.0,0.0,0.0,0.0,0,0,0
1756703604,2647,0.0,0.0,0.0,0.0,0.0,0.0,0.0,0.0,0,0,0
1756703605,2648,0.05,0.0,-0.09,0.0,0.0,0.0,0.0,0.0,0,0,0
1756703605,2649,0.0,0.0,-0.03,0.0,0.0,0.0,0.0,0.0,0,0,0
1756703605,2650,0.0,0.0,-0.07,0.0,0.0,0.0,0.0,0.0,0,0,0
1756703605,2651,0.0,0.0,-0.09,0.0,0.0,0.0,0.0,0.0,0,0,0
1756703605,2652,0.02,0.0,-0.03,0.0,0.0,0.0,0.0,0.0,0,0,0
1756703605,2653,0.0,0.0,-0.02,0.0,0.0,0.0,0.0,0.0,0,0,0
1756703605,2654,0.0,0.0,-0.07,0.0,0.0,0.0,0.0,0.0,0,0,0
1756703605,2655,0.0,0.0,-0.01,0.0,0.0,0.0,0.0,0.0,0,0,0
1756703605,2656,0.0,0.0,0.01,0.0,0.0,0.0,0.0,0.0,0,0,0
1756703605,2657,0.03,0.0,0.0,0.0,0.0,0.0,0.0,0.0,0,0,0
1756703605,2658,0.0,0.0,0.0,0.0,0.0,0.0,0.0,0.0,0,0,0
1756703605,2659,0.01,0.0,0.0,0.0,0.0,0.0,0.0,0.0,0,0,0
1756703605,2660,-0.07,0.0,0.0,0.0,0.0,0.0,0.0,0.0,0,0,0
1756703605,2661,0.0,0.0,-0.05,0.0,0.0,0.0,0.0,0.0,0,0,0
1756703605,2662,0.02,0.0,0.09,0.0,0.0,0.0,0.0,0.0,0,0,0
1756703605,2663,0.03,0.0,0.05,0.0,0.0,0.0,0.0,0.0,0,0,0
1756703605,2664,-0.02,0.0,0.03,0.0,0.0,0.0,0.0,0.0,0,0,0
1756703605,2665,0.03,0.0,0.0,0.0,0.0,0.0,0.0,0.0,0,0,0
1756703605,2666,0.0,0.0,0.0,0.0,0.0,0.0,0.0,0.0,0,0,0
1756703605,2667,-0.03,0.0,0.0,0.0,0.0,0.0,0.0,0.0,0,0,0
1756703605,2668,-0.01,0.0,0.0,0.0,0.0,0.0,0.0,0.0,0,0,0
1756703605,2669,0.01,0.0,-0.01,0.0,0.0,0.0,0.0,0.0,0,0,0
1756703605,2670,0.0,0.0,0.0,0.0,0.0,0.0,0.0,0.0,0,0,0
1756703605,2671,0.0,0.0,0.0,0.0,0.0,0.0,0.0,0.0,0,0,0
1756703605,2672,0.0,0.0,0.0,0.0,0.0,0.0,0.0,1.12,0,0,0
1756703605,2673,0.0,0.0,0.0,0.0,0.0,0.0,0.0,2.18,0,0,0
1756703605,2674,-0.03,0.0,0.0,0.0,0.0,0.0,0.0,3.04,0,0,0
1756703605,2675,0.02,0.0,0.0,0.0,0.0,0.0,0.0,3.48,0,0,0
1756703605,2676,0.0,0.0,0.01,0.0,0.0,0.0,0.0,3.68,0,0,0
1756703605,2677,0.0,0.0,0.0,0.0,0.0,0.0,0.0,3.64,0,0,0
1756703605,2678,0.05,0.0,-0.05,0.0,0.0,0.0,0.0,3.44,0,0,0
1756703605,2679,0.0,0.0,-0.03,0.0,0.0,0.0,0.0,3.55,0,0,0
1756703605,2680,0.01,0.0,0.01,0.0,0.0,0.0,0.0,3.72,0,0,0
1756703605,2681,0.0,0.0,0.01,0.0,0.0,0.0,0.0,3.68,0,0,0
1756703605,2682,0.0,0.0,0.0,0.0,0.0,0.0,0.0,3.64,0,0,0
1756703605,2683,0.0,0.0,-0.09,0.0,0.0,0.0,0.0,3.68,0,0,0
1756703605,2684,0.0,0.0,-0.01,0.0,0.0,0.0,0.0,3.64,0,0,0
1756703605,2685,0.02,0.0,-0.02,0.0,0.0,0.0,0.0,3.51,0,0,0
1756703605,2686,0.0,0.0,0.0,0.0,0.0,0.0,0.0,3.04,0,0,0
1756703605,2687,0.0,0.0,0.0,0.0,0.0,0.0,0.0,2.32,0,0,0
1756703605,2688,0.01,0.0,0.0,0.0,0.0,0.0,0.0,1.47,0,0,0
1756703605,2689,0.0,0.0,0.03,0.0,0.0,0.0,0.0,0.0,0,0,0
1756703605,2690,-0.01,0.0,0.02,0.0,0.0,0.0,0.0,0.0,0,0,0
1756703605,2691,-0.03,0.0,0.03,0.0,0.0,0.0,0.0,0.0,0,0,0
1756703605,2692,-0.05,0.0,-0.02,0.0,0.0,0.0,0.0,0.0,0,0,0
1756703605,2693,0.0,0.0,0.03,0.0,0.0,0.0,0.0,0.0,0,0,0
1756703605,2694,0.0,0.0,0.0,0.0,0.0,0.0,0.0,0.0,0,0,0
1756703605,2695,0.05,0.0,-0.01,0.0,0.0,0.0,0.0,0.0,0,0,0
1756703605,2696,0.02,0.0,-0.01,0.0,0.0,0.0,0.0,0.0,0,0,0
1756703605,2697,0.07,0.0,-0.01,0.0,0.0,0.0,0.0,0.0,0,0,0
1756703605,2698,0.0,0.0,-0.01,0.0,0.0,0.0,0.0,0.0,0,0,0
1756703605,2699,0.01,0.0,-0.07,0.0,0.0,0.0,0.0,0.0,0,0,0
1756703605,2700,-0.03,0.0,-0.05,0.0,0.0,0.0,0.0,0.0,0,0,0
1756703605,2701,0.0,0.0,-0.01,0.0,0.0,0.0,0.0,0.0,0,0,0
1756703605,2702,-0.05,0.0,-0.07,0.0,0.0,0.0,0.0,0.0,0,0,0
1756703605,2703,0.0,0.0,-0.05,0.0,0.0,0.0,0.0,0.0,0,0,0
1756703605,2704,-0.01,0.0,0.02,0.0,0.0,0.0,0.0,0.0,0,0,0
1756703605,2705,0.0,0.0,-0.05,0.0,0.0,0.0,0.0,0.0,0,0,0
1756703605,2706,0.02,0.0,-0.05,0.0,0.0,0.0,0.0,0.0,0,0,0
1756703605,2707,0.0,0.0,-0.09,0.0,0.0,0.0,0.0,0.0,0,0,0
1756703605,2708,0.07,0.0,-0.11,0.0,0.0,0.0,0.0,0.0,0,0,0
1756703605,2709,0.0,0.0,0.0,0.0,0.0,0.0,0.0,0.0,0,0,0
1756703605,2710,0.0,0.0,-0.05,0.0,0.0,0.0,0.0,0.0,0,0,0
1756703605,2711,0.01,0.0,-0.02,0.0,0.0,0.0,0.0,0.0,0,0,0
1756703605,2712,0.0,0.0,-0.03,0.0,0.0,0.0,0.0,0.0,0,0,0
1756703605,2713,-0.01,0.0,0.0,0.0,0.0,0.0,0.0,0.0,0,0,0
1756703605,2714,0.0,0.0,0.0,0.0,0.0,0.0,0.0,0.0,0,0,0
1756703605,2715,0.03,0.0,-0.05,0.0,0.0,0.0,0.0,0.0,0,0,0
1756703606,2716,0.05,0.0,0.0,0.0,0.0,0.0,0.0,0.0,0,0,0
1756703606,2717,0.0,0.0,-0.01,0.0,0.0,0.0,0.0,0.0,0,0,0
1756703606,2718,0.02,0.0,-0.01,0.0,0.0,0.0,0.0,0.0,0,0,0
1756703606,2719,0.0,0.0,0.0,0.0,0.0,0.0,0.0,0.0,0,0,0
1756703606,2720,0.0,0.0,0.05,0.0,0.0,0.0,0.0,0.0,0,0,0
1756703606,2721,-0.01,0.0,-0.03,0.0,0.0,0.0,0.0,0.0,0,0,0
1756703606,2722,0.02,0.0,0.01,0.0,0.0,0.0,0.0,0.0,0,0,0
1756703606,2723,0.0,0.0,-0.03,0.0,0.0,0.0,0.0,0.0,0,0,0
1756703606,2724,0.02,0.0,0.0,0.0,0.0,0.0,0.0,0.0,0,0,0
1756703606,2725,0.0,0.0,0.0,0.0,0.0,0.0,0.0,0.0,0,0,0
1756703606,2726,0.0,0.0,0.0,0.0,0.0,0.0,0.0,0.0,0,0,0
1756703606,2727,0.01,0.0,0.0,0.0,0.0,0.0,0.0,0.0,0,0,0
1756703606,2728,0.0,0.0,-0.05,0.0,0.0,0.0,0.0,0.0,0,0,0
1756703606,2729,0.0,0.0,-0.03,0.0,0.0,0.0,0.0,0.0,0,0,0
1756703606,2730,0.01,0.0,-0.09,0.0,0.0,0.0,0.0,0.0,0,0,0
1756703606,2731,0.0,0.0,-0.05,0.0,0.0,0.0,0.0,0.0,0,0,0
1756703606,2732,0.03,0.0,0.0,0.0,0.0,0.0,0.0,0.0,0,0,0
1756703606,2733,0.0,0.0,0.0,0.0,0.0,0.0,0.0,0.0,0,0,0
1756703606,2734,0.1,0.0,0.0,0.0,0.0,0.0,0.0,0.0,0,0,0
1756703606,2735,0.01,0.0,-0.05,0.0,0.0,0.0,0.0,0.0,0,0,0
1756703606,2736,0.0,0.0,-0.01,0.0,0.0,0.0,0.0,0.0,0,0,0
1756703606,2737,-0.05,0.0,-0.02,0.0,0.0,0.0,0.0,0.0,0,0,0
1756703606,2738,0.0,0.0,0.02,0.0,0.0,0.0,0.0,0.0,0,0,0
1756703606,2739,0.01,0.0,0.01,0.0,0.0,0.0,0.0,0.0,0,0,0
1756703606,2740,0.05,0.0,0.0,0.0,0.0,0.0,0.0,0.0,0,0,0
1756703606,2741,0.01,0.0,-0.01,0.0,0.0,0.0,0.0,0.0,0,0,0
1756703606,2742,-0.11,0.0,0.0,0.0,0.0,0.0,0.0,0.0,0,0,0
1756703606,2743,-0.01,0.0,-0.03,0.0,0.0,0.0,0.0,0.0,0,0,0
1756703606,2744,0.0,0.0,0.0,0.0,0.0,0.0,0.0,0.0,0,0,0
1756703606,2745,0.0,0.0,-0.1,0.0,0.0,0.0,0.0,0.0,0,0,0
1756703606,2746,-0.05,0.0,-0.02,0.0,0.0,0.0,0.0,0.0,0,0,0
1756703606,2747,0.05,0.0,-0.03,0.0,0.0,0.0,0.0,0.0,0,0,0
1756703606,2748,0.0,0.0,0.05,0.0,0.0,0.0,0.0,0.0,0,0,0
1756703606,2749,0.05,0.0,-0.01,0.0,0.0,0.0,0.0,0.0,0,0,0
1756703606,2750,0.02,0.0,-0.07,0.0,0.0,0.0,0.0,0.0,0,0,0
1756703606,2751,0.0,0.0,-0.01,0.0,0.0,0.0,0.0,0.0,0,0,0
1756703606,2752,0.05,0.0,0.0,0.0,0.0,0.0,0.0,0.0,0,0,0
1756703606,2753,0.03,0.0,-0.01,0.0,0.0,0.0,0.0,0.0,0,0,0
1756703606,2754,0.0,0.0,-0.02,0.0,0.0,0.0,0.0,0.0,0,0,0
1756703606,2755,0.0,0.0,0.0,0.0,0.0,0.0,0.0,0.0,0,0,0
1756703606,2756,0.0,0.0,0.0,0.0,0.0,0.0,0.0,0.0,0,0,0
1756703606,2757,-0.01,0.0,0.0,0.0,0.0,0.0,0.0,0.0,0,0,0
1756703606,2758,0.0,0.0,-0.02,0.0,0.0,0.0,0.0,0.0,0,0,0
1756703606,2759,-0.07,0.0,0.0,0.0,0.0,0.0,0.0,0.0,0,0,0
1756703606,2760,0.0,0.0,0.0,0.0,0.0,0.0,0.0,0.0,0,0,0
1756703606,2761,0.01,0.0,-0.09,0.0,0.0,0.0,0.0,0.0,0,0,0
1756703606,2762,0.01,0.0,0.0,0.0,0.0,0.0,0.0,0.0,0,0,0
1756703606,2763,0.0,0.0,-0.09,0.0,0.0,0.0,0.0,0.0,0,0,0
1756703606,2764,0.0,0.0,0.0,0.0,0.0,0.0,0.0,0.0,0,0,0
1756703606,2765,0.0,0.0,0.0,0.0,0.0,0.0,0.0,0.0,0,0,0
1756703606,2766,0.03,0.0,0.0,0.0,0.0,0.0,0.0,0.0,0,0,0
1756703606,2767,0.0,0.0,0.0,0.0,0.0,0.0,0.0,0.0,0,0,0
1756703606,2768,0.09,0.0,-0.01,0.0,0.0,0.0,0.0,0.0,0,0,0
1756703606,2769,0.0,0.0,0.0,0.0,0.0,0.0,0.0,0.0,0,0,0
1756703606,2770,0.0,0.0,-0.01,0.0,0.0,0.0,0.0,0.0,0,0,0
1756703606,2771,0.01,0.0,0.0,0.0,0.0,0.0,0.0,0.0,0,0,0
1756703606,2772,0.0,0.0,0.0,0.0,0.0,0.0,0.0,0.0,0,0,0
1756703606,2773,0.0,0.0,0.0,0.0,0.0,0.0,0.0,0.0,0,0,0
1756703606,2774,0.0,0.0,-0.01,0.0,0.0,0.0,0.0,0.0,0,0,0
1756703606,2775,0.0,0.0,0.0,0.0,0.0,0.0,0.0,0.0,0,0,0
1756703606,2776,0.01,0.0,0.03,0.0,0.0,0.0,0.0,0.0,0,0,0
1756703606,2777,0.0,0.0,-0.01,0.0,0.0,0.0,0.0,0.0,0,0,0
1756703606,2778,0.0,0.0,0.0,0.0,0.0,0.0,0.0,0.0,0,0,0
1756703606,2779,-0.01,0.0,-0.01,0.0,0.0,0.0,0.0,0.0,0,0,0
1756703607,2780,0.0,0.0,-0.01,0.0,0.0,0.0,0.0,0.0,0,0,0
1756703607,2781,0.0,0.0,0.0,0.0,0.0,0.0,0.0,0.0,0,0,0
1756703607,2782,0.0,0.0,0.0,0.0,0.0,0.0,0.0,0.0,0,0,0
1756703607,2783,0.03,0.0,-0.02,0.0,0.0,0.0,0.0,0.0,0,0,0
1756703607,2784,0.0,0.0,0.0,0.0,0.0,0.0,0.0,0.0,0,0,0
1756703607,2785,0.0,0.0,-0.01,0.0,0.0,0.0,0.0,0.0,0,0,0
1756703607,2786,0.01,0.0,0.0,0.0,0.0,0.0,0.0,0.0,0,0,0
1756703607,2787,0.05,0.0,-0.03,0.0,0.0,0.0,0.0,0.0,0,0,0
1756703607,2788,0.05,0.0,0.0,0.0,0.0,0.0,0.0,0.0,0,0,0
1756703607,2789,0.0,0.0,0.0,0.0,0.0,0.0,0.0,0.0,0,0,0
1756703607,2790,0.0,0.0,-0.02,0.0,0.0,0.0,0.0,0.0,0,0,0
1756703607,2791,-0.01,0.0,-0.05,0.0,0.0,0.0,0.0,0.0,0,0,0
1756703607,2792,0.05,0.0,-0.07,0.0,0.0,0.0,0.0,0.0,0,0,0
1756703607,2793,0.01,0.0,-0.05,0.0,0.0,0.0,0.0,0.0,0,0,0
1756703607,2794,-0.02,0.0,-0.05,0.0,0.0,0.0,0.0,0.0,0,0,0
1756703607,2795,0.02,0.0,-0.01,0.0,0.0,0.0,0.0,0.0,0,0,0
1756703607,2796,-0.01,0.0,0.0,0.0,0.0,0.0,0.0,0.0,0,0,0
1756703607,2797,0.0,0.0,0.0,0.0,0.0,0.0,0.0,0.0,0,0,0
1756703607,2798,0.0,0.0,0.0,0.0,0.0,0.0,0.0,0.0,0,0,0
1756703607,2799,0.0,0.0,-0.02,0.0,0.0,0.0,0.0,0.0,0,0,0
1756703607,2800,0.03,0.0,0.01,0.0,0.0,0.0,0.0,0.0,0,0,0
1756703607,2801,-0.01,0.0,-0.05,0.0,0.0,0.0,0.0,0.0,0,0,0
1756703607,2802,0.02,0.0,0.0,0.0,0.0,0.0,0.0,0.0,0,0,0
1756703607,2803,0.1,0.0,0.0,0.0,0.0,0.0,0.0,0.0,0,0,0
1756703607,2804,0.07,0.0,0.0,0.0,0.0,0.0,0.0,0.0,0,0,0
1756703607,2805,0.0,0.0,0.0,0.0,0.0,0.0,0.0,0.0,0,0,0
1756703607,2806,-0.01,0.0,0.0,0.0,0.0,0.0,0.0,0.0,0,0,0
1756703607,2807,-0.02,0.0,0.0,0.0,0.0,0.0,0.0,0.0,0,0,0
1756703607,2808,0.0,0.0,-0.01,0.0,0.0,0.0,0.0,0.0,0,0,0
1756703607,2809,0.0,0.0,0.0,0.0,0.0,0.0,0.0,0.0,0,0,0
1756703607,2810,-0.05,0.0,0.0,0.0,0.0,0.0,0.0,0.0,0,0,0
1756703607,2811,0.03,0.0,0.0,0.0,0.0,0.0,0.0,0.0,0,0,0
1756703607,2812,0.0,0.0,0.0,0.0,0.0,0.0,0.0,0.0,0,0,0
1756703607,2813,0.03,0.0,-0.02,0.0,0.0,0.0,0.0,0.0,0,0,0
1756703607,2814,0.0,0.0,0.0,0.0,0.0,0.0,0.0,0.0,0,0,0
1756703607,2815,0.0,0.0,0.0,0.0,0.0,0.0,0.0,0.0,0,0,0
1756703607,2816,0.02,0.0,-0.01,0.0,0.0,0.0,0.0,0.0,0,0,0
1756703607,2817,0.0,0.0,0.0,0.0,0.0,0.0,0.0,0.0,0,0,0
1756703607,2818,0.05,0.0,-0.01,0.0,0.0,0.0,0.0,0.0,0,0,0
1756703607,2819,0.0,0.0,0.0,0.0,0.0,0.0,0.0,0.0,0,0,0
1756703607,2820,0.03,0.0,-0.02,0.0,0.0,0.0,0.0,0.0,0,0,0
1756703607,2821,0.0,0.0,-0.02,0.0,0.0,0.0,0.0,0.0,0,0,0
1756703607,2822,0.03,0.0,0.0,0.0,0.0,0.0,0.0,0.0,0,0,0
1756703607,2823,0.0,0.0,-0.03,0.0,0.0,0.0,0.0,0.0,0,0,0
1756703607,2824,0.05,0.0,-0.03,0.0,0.0,0.0,0.0,0.0,0,0,0
1756703607,2825,0.03,0.0,0.0,0.0,0.0,0.0,0.0,0.0,0,0,0
1756703607,2826,0.0,0.0,0.0,0.0,0.0,0.0,0.0,0.0,0,0,0
1756703607,2827,0.02,0.0,0.0,0.0,0.0,0.0,0.0,0.0,0,0,0
1756703607,2828,0.02,0.0,0.01,0.0,0.0,0.0,0.0,0.0,0,0,0
1756703607,2829,0.01,0.0,0.0,0.0,0.0,0.0,0.0,0.0,0,0,0
1756703607,2830,0.0,0.0,0.0,0.0,0.0,0.0,0.0,0.0,0,0,0
1756703607,2831,0.0,0.0,-0.01,0.0,0.0,0.0,0.0,0.0,0,0,0
1756703607,2832,0.0,0.0,0.0,0.0,0.0,0.0,0.0,0.0,0,0,0
1756703607,2833,0.0,0.0,-0.03,0.0,0.0,0.0,0.0,0.0,0,0,0
1756703607,2834,-0.01,0.0,0.07,0.0,0.0,0.0,0.0,0.0,0,0,0
1756703607,2835,0.01,0.0,-0.01,0.0,0.0,0.0,0.0,0.0,0,0,0
1756703607,2836,0.0,0.0,0.0,0.0,0.0,0.0,0.0,0.0,0,0,0
1756703607,2837,0.0,0.0,0.0,0.0,0.0,0.0,0.0,0.0,0,0,0
1756703607,2838,0.05,0.0,-0.03,0.0,0.0,0.0,0.0,0.0,0,0,0
1756703607,2839,0.0,0.0,0.0,0.0,0.0,0.0,0.0,0.0,0,0,0
1756703607,2840,0.05,0.0,0.0,0.0,0.0,0.0,0.0,0.0,0,0,0
1756703607,2841,0.0,0.0,-0.03,0.0,0.0,0.0,0.0,0.0,0,0,0
1756703607,2842,0.02,0.0,0.0,0.0,0.0,0.0,0.0,0.0,0,0,0
1756703607,2843,0.07,0.0,0.0,0.0,0.0,0.0,0.0,0.0,0,0,0
1756703607,2844,0.0,0.0,-0.01,0.0,0.0,0.0,0.0,0.0,0,0,0
1756703607,2845,0.0,0.0,-0.05,0.0,0.0,0.0,0.0,0.0,0,0,0
1756703607,2846,0.01,0.0,0.0,0.0,0.0,0.0,0.0,0.0,0,0,0
1756703607,2847,0.02,0.0,0.0,0.0,0.0,0.0,0.0,0.0,0,0,0
1756703608,2848,0.0,0.0,-0.02,0.0,0.0,0.0,0.0,0.0,0,0,0
1756703608,2849,-0.03,0.0,-0.03,0.0,0.0,0.0,0.0,0.0,0,0,0
1756703608,2850,0.0,0.0,-0.02,0.0,0.0,0.0,0.0,0.0,0,0,0
1756703608,2851,0.02,0.0,-0.03,0.0,0.0,0.0,0.0,0.0,0,0,0
1756703608,2852,-0.01,0.0,-0.07,0.0,0.0,0.0,0.0,0.0,0,0,0
1756703608,2853,-0.02,0.0,-0.05,0.0,0.0,0.0,0.0,0.0,0,0,0
1756703608,2854,0.0,0.0,0.03,0.0,0.0,0.0,0.0,0.0,0,0,0
1756703608,2855,0.0,0.0,-0.05,0.0,0.0,0.0,0.0,0.0,0,0,0
1756703608,2856,0.01,0.0,0.01,0.0,0.0,0.0,0.0,0.0,0,0,0
1756703608,2857,0.0,0.0,-0.05,0.0,0.0,0.0,0.0,0.0,0,0,0
1756703608,2858,0.02,0.0,-0.05,0.0,0.0,0.0,0.0,0.0,0,0,0
1756703608,2859,0.0,0.0,-0.01,0.0,0.0,0.0,0.0,0.0,0,0,0
1756703608,2860,0.01,0.0,0.0,0.0,0.0,0.0,0.0,0.0,0,0,0
1756703608,2861,0.07,0.0,0.0,0.0,0.0,0.0,0.0,0.0,0,0,0
1756703608,2862,0.0,0.0,0.01,0.0,0.0,0.0,0.0,0.0,0,0,0
1756703608,2863,0.0,0.0,-0.02,0.0,0.0,0.0,0.0,0.0,0,0,0
1756703608,2864,-0.01,0.0,-0.03,0.0,0.0,0.0,0.0,0.0,0,0,0
1756703608,2865,0.01,0.0,-0.02,0.0,0.0,0.0,0.0,0.0,0,0,0
1756703608,2866,0.01,0.0,-0.03,0.0,0.0,0.0,0.0,0.0,0,0,0
1756703608,2867,-0.01,0.0,-0.05,0.0,0.0,0.0,0.0,0.0,0,0,0
1756703608,2868,0.03,0.0,-0.01,0.0,0.0,0.0,0.0,0.0,0,0,0
1756703608,2869,0.0,0.0,-0.07,0.0,0.0,0.0,0.0,0.0,0,0,0
1756703608,2870,-0.02,0.0,-0.02,0.0,0.0,0.0,0.0,0.0,0,0,0
1756703608,2871,0.05,0.0,0.0,0.0,0.0,0.0,0.0,0.0,0,0,0
1756703608,2872,0.0,0.0,-0.03,0.0,0.0,0.0,0.0,0.0,0,0,0
1756703608,2873,0.0,0.0,0.01,0.0,0.0,0.0,0.0,0.0,0,0,0
1756703608,2874,0.02,0.0,0.0,0.0,0.0,0.0,0.0,0.0,0,0,0
1756703608,2875,0.01,0.0,0.0,0.0,0.0,0.0,0.0,0.0,0,0,0
1756703608,2876,0.03,0.0,0.02,0.0,0.0,0.0,0.0,0.0,0,0,0
1756703608,2877,-0.02,0.0,-0.01,0.0,0.0,0.0,0.0,0.0,0,0,0
1756703608,2878,0.0,0.0,0.07,0.0,0.0,0.0,0.0,0.0,0,0,0
1756703608,2879,0.05,0.0,0.01,0.0,0.0,0.0,0.0,0.0,0,0,0
1756703608,2880,0.0,0.0,-0.05,0.0,0.0,0.0,0.0,0.0,0,0,0
1756703608,2881,-0.02,0.0,0.0,0.0,0.0,0.0,0.0,0.0,0,0,0
1756703608,2882,0.02,0.0,-0.02,0.0,0.0,0.0,0.0,0.0,0,0,0
1756703608,2883,0.03,0.0,-0.05,0.0,0.0,0.0,0.0,0.0,0,0,0
1756703608,2884,0.01,0.0,0.0,0.0,0.0,0.0,0.0,0.0,0,0,0
1756703608,2885,0.0,0.0,-0.05,0.0,0.0,0.0,0.0,0.0,0,0,0
1756703608,2886,0.0,0.0,-0.07,0.0,0.0,0.0,0.0,0.0,0,0,0
1756703608,2887,0.01,0.0,-0.02,0.0,0.0,0.0,0.0,0.0,0,0,0
1756703608,2888,-0.01,0.0,-0.05,0.0,0.0,0.0,0.0,0.0,0,0,0
1756703608,2889,-0.05,0.0,-0.1,0.0,0.0,0.0,0.0,0.0,0,0,0
1756703608,2890,-0.01,0.0,0.0,0.0,0.0,0.0,0.0,0.0,0,0,0
1756703608,2891,0.02,0.0,-0.03,0.0,0.0,0.0,0.0,0.0,0,0,0
1756703608,2892,-0.05,0.0,0.0,0.0,0.0,0.0,0.0,0.0,0,0,0
1756703608,2893,-0.01,0.0,0.0,0.0,0.0,0.0,0.0,0.0,0,0,0
1756703608,2894,0.0,0.0,0.05,0.0,0.0,0.0,0.0,0.0,0,0,0
1756703608,2895,0.05,0.0,-0.01,0.0,0.0,0.0,0.0,0.0,0,0,0
1756703608,2896,0.02,0.0,-0.01,0.0,0.0,0.0,0.0,0.0,0,0,0
1756703608,2897,-0.05,0.0,-0.01,0.0,0.0,0.0,0.0,0.0,0,0,0
1756703608,2898,-0.02,0.0,0.0,0.0,0.0,0.0,0.0,0.0,0,0,0
1756703608,2899,0.0,0.0,0.0,0.0,0.0,0.0,0.0,0.0,0,0,0
1756703608,2900,0.0,0.0,-0.02,0.0,0.0,0.0,0.0,0.0,0,0,0
1756703608,2901,0.03,0.0,-0.02,0.0,0.0,0.0,0.0,0.0,0,0,0
1756703608,2902,0.02,0.0,0.0,0.0,0.0,0.0,0.0,0.0,0,0,0
1756703608,2903,0.05,0.0,-0.01,0.0,0.0,0.0,0.0,0.0,0,0,0
1756703608,2904,-0.03,0.0,-0.07,0.0,0.0,0.0,0.0,0.0,0,0,0
1756703608,2905,0.01,0.0,0.0,0.0,0.0,0.0,0.0,0.0,0,0,0
1756703608,2906,0.0,0.0,0.0,0.0,0.0,0.0,0.0,0.0,0,0,0
1756703608,2907,0.0,0.0,-0.05,0.0,0.0,0.0,0.0,0.0,0,0,0
1756703608,2908,0.1,0.0,-0.02,0.0,0.0,0.0,0.0,0.0,0,0,0
1756703608,2909,0.01,0.0,-0.03,0.0,0.0,0.0,0.0,0.0,0,0,0
1756703608,2910,0.0,0.0,0.0,0.0,0.0,0.0,0.0,0.0,0,0,0
1756703608,2911,0.0,0.0,-0.01,0.0,0.0,0.0,0.0,0.0,0,0,0
1756703608,2912,0.0,0.0,0.02,0.0,0.0,0.0,0.0,0.0,0,0,0
1756703608,2913,0.0,0.0,-0.02,0.0,0.0,0.0,0.0,0.0,0,0,0
1756703608,2914,0.0,0.0,0.0,0.0,0.0,0.0,0.0,0.0,0,0,0
1756703609,2915,-0.03,0.0,-0.05,0.0,0.0,0.0,0.0,0.0,0,0,0
1756703609,2916,0.0,0.0,0.0,0.0,0.0,0.0,0.0,0.0,0,0,0
1756703609,2917,0.0,0.0,-0.01,0.0,0.0,0.0,0.0,0.0,0,0,0
1756703609,2918,0.0,0.0,0.0,0.0,0.0,0.0,0.0,0.0,0,0,0
1756703609,2919,0.01,0.0,0.0,0.0,0.0,0.0,0.0,0.0,0,0,0
1756703609,2920,-0.01,0.0,0.0,0.0,0.0,0.0,0.0,0.0,0,0,0
1756703609,2921,-0.03,0.0,0.0,0.0,0.0,0.0,0.0,0.0,0,0,0
1756703609,2922,0.0,0.0,-0.01,0.0,0.0,0.0,0.0,0.0,0,0,0
1756703609,2923,0.0,0.0,-0.03,0.0,0.0,0.0,0.0,0.0,0,0,0
1756703609,2924,0.0,0.0,-0.07,0.0,0.0,0.0,0.0,0.0,0,0,0
1756703609,2925,0.01,0.0,0.0,0.0,0.0,0.0,0.0,0.0,0,0,0
1756703609,2926,0.0,0.0,-0.01,0.0,0.0,0.0,0.0,0.0,0,0,0
1756703609,2927,0.02,0.0,0.01,0.0,0.0,0.0,0.0,0.0,0,0,0
1756703609,2928,0.03,0.0,0.0,0.0,0.0,0.0,0.0,0.0,0,0,0
1756703609,2929,0.0,0.0,-0.02,0.0,0.0,0.0,0.0,0.0,0,0,0
1756703609,2930,0.05,0.0,-0.05,0.0,0.0,0.0,0.0,0.0,0,0,0
1756703609,2931,0.0,0.0,0.0,0.0,0.0,0.0,0.0,0.0,0,0,0
1756703609,2932,0.0,0.0,0.0,0.0,0.0,0.0,0.0,0.0,0,0,0
1756703609,2933,0.0,0.0,0.0,0.0,0.0,0.0,0.0,0.0,0,0,0
1756703609,2934,0.03,0.0,-0.01,0.0,0.0,0.0,0.0,0.0,0,0,0
1756703609,2935,0.05,0.0,0.0,0.0,0.0,0.0,0.0,0.0,0,0,0
1756703609,2936,0.0,0.0,-0.01,0.0,0.0,0.0,0.0,0.0,0,0,0
1756703609,2937,0.0,0.0,0.0,0.0,0.0,0.0,0.0,0.0,0,0,0
1756703609,2938,0.01,0.0,-0.01,0.0,0.0,0.0,0.0,0.0,0,0,0
1756703609,2939,0.0,0.0,0.0,0.0,0.0,0.0,0.0,0.0,0,0,0
1756703609,2940,0.0,0.0,-0.01,0.0,0.0,0.0,0.0,0.0,0,0,0
1756703609,2941,0.0,0.0,-0.01,0.0,0.0,0.0,0.0,0.0,0,0,0
1756703609,2942,0.0,0.0,-0.05,0.0,0.0,0.0,0.0,0.0,0,0,0
1756703609,2943,-0.02,0.0,-0.05,0.0,0.0,0.0,0.0,0.0,0,0,0
1756703609,2944,-0.02,0.0,0.07,0.0,0.0,0.0,0.0,0.0,0,0,0
1756703609,2945,-0.03,0.0,-0.01,0.0,0.0,0.0,0.0,0.0,0,0,0
1756703609,2946,-0.03,0.0,-0.01,0.0,0.0,0.0,0.0,0.0,0,0,0
1756703609,2947,-0.01,0.0,0.0,0.0,0.0,0.0,0.0,0.0,0,0,0
1756703609,2948,0.0,0.0,-0.03,0.0,0.0,0.0,0.0,0.0,0,0,0
1756703609,2949,0.0,0.0,0.0,0.0,0.0,0.0,0.0,0.0,0,0,0
1756703609,2950,-0.02,0.0,0.0,0.0,0.0,0.0,0.0,0.0,0,0,0
1756703609,2951,0.01,0.0,0.07,0.0,0.0,0.0,0.0,0.0,0,0,0
1756703609,2952,0.0,0.0,-0.05,0.0,0.0,0.0,0.0,0.0,0,0,0
1756703609,2953,-0.05,0.0,-0.02,0.0,0.0,0.0,0.0,0.0,0,0,0
1756703609,2954,0.0,0.0,-0.05,0.0,0.0,0.0,0.0,0.0,0,0,0
1756703609,2955,0.07,0.0,-0.02,0.0,0.0,0.0,0.0,0.0,0,0,0
1756703609,2956,0.05,0.0,-0.05,0.0,0.0,0.0,0.0,0.0,0,0,0
1756703609,2957,0.0,0.0,-0.05,0.0,0.0,0.0,0.0,0.0,0,0,0
1756703609,2958,0.07,0.0,-0.02,0.0,0.0,0.0,0.0,0.0,0,0,0
1756703609,2959,0.05,0.0,0.0,0.0,0.0,0.0,0.0,0.0,0,0,0
1756703609,2960,0.07,0.0,-0.01,0.0,0.0,0.0,0.0,0.0,0,0,0
1756703609,2961,0.0,0.0,0.11,0.0,0.0,0.0,0.0,0.0,0,0,0
1756703609,2962,0.01,0.0,-0.01,0.0,0.0,0.0,0.0,0.0,0,0,0
1756703609,2963,0.0,0.0,-0.03,0.0,0.0,0.0,0.0,0.0,0,0,0
1756703609,2964,0.05,0.0,0.0,0.0,0.0,0.0,0.0,0.0,0,0,0
1756703609,2965,0.02,0.0,0.0,0.0,0.0,0.0,0.0,0.0,0,0,0
1756703609,2966,0.07,0.0,-0.01,0.0,0.0,0.0,0.0,0.0,0,0,0
1756703609,2967,0.07,0.0,-0.01,0.0,0.0,0.0,0.0,0.0,0,0,0
1756703609,2968,0.0,0.0,0.0,0.0,0.0,0.0,0.0,0.0,0,0,0
1756703609,2969,0.02,0.0,0.01,0.0,0.0,0.0,0.0,0.0,0,0,0
1756703609,2970,0.07,0.0,-0.05,0.0,0.0,0.0,0.0,0.0,0,0,0
1756703609,2971,0.12,0.0,-0.03,0.0,0.0,0.0,0.0,0.0,0,0,0
1756703609,2972,0.02,0.0,0.0,0.0,0.0,0.0,0.0,0.0,0,0,0
1756703609,2973,0.02,0.0,-0.01,0.0,0.0,0.0,0.0,0.0,0,0,0
1756703609,2974,0.02,0.0,0.0,0.0,0.0,0.0,0.0,0.0,0,0,0
1756703609,2975,0.0,0.0,0.0,0.0,0.0,0.0,0.0,0.0,0,0,0
1756703609,2976,0.0,0.0,-0.01,0.0,0.0,0.0,0.0,0.0,0,0,0
1756703609,2977,0.01,0.0,-0.05,0.0,0.0,0.0,0.0,0.0,0,0,0
1756703609,2978,0.0,0.0,0.02,0.0,0.0,0.0,0.0,0.0,0,0,0
1756703609,2979,0.03,0.0,-0.05,0.0,0.0,0.0,0.0,0.0,0,0,0
1756703610,2980,0.01,0.0,0.0,0.0,0.0,0.0,0.0,0.0,0,0,0
1756703610,2981,0.02,0.0,0.0,0.0,0.0,0.0,0.0,0.0,0,0,0
1756703610,2982,0.0,0.0,0.0,0.0,0.0,0.0,0.0,0.0,0,0,0
1756703610,2983,0.07,0.0,0.01,0.0,0.0,0.0,0.0,0.0,0,0,0
1756703610,2984,0.05,0.0,0.0,0.0,0.0,0.0,0.0,0.0,0,0,0
1756703610,2985,0.0,0.0,0.0,0.0,0.0,0.0,0.0,0.0,0,0,0
1756703610,2986,0.03,0.0,0.05,0.0,0.0,0.0,0.0,0.0,0,0,0
1756703610,2987,0.0,0.0,-0.03,0.0,0.0,0.0,0.0,0.0,0,0,0
1756703610,2988,0.0,0.0,-0.01,0.0,0.0,0.0,0.0,0.0,0,0,0
1756703610,2989,0.03,0.0,0.0,0.0,0.0,0.0,0.0,0.0,0,0,0
1756703610,2990,0.03,0.0,-0.07,0.0,0.0,0.0,0.0,0.0,0,0,0
1756703610,2991,0.0,0.0,0.02,0.0,0.0,0.0,0.0,0.0,0,0,0
1756703610,2992,0.01,0.0,-0.07,0.0,0.0,0.0,0.0,0.0,0,0,0
1756703610,2993,0.0,0.0,-0.02,0.0,0.0,0.0,0.0,0.0,0,0,0
1756703610,2994,0.05,0.0,0.0,0.0,0.0,0.0,0.0,0.0,0,0,0
1756703610,2995,-0.01,0.0,0.0,0.0,0.0,0.0,0.0,0.0,0,0,0
1756703610,2996,0.05,0.0,-0.02,0.0,0.0,0.0,0.0,0.0,0,0,0
1756703610,2997,-0.02,0.0,-0.01,0.0,0.0,0.0,0.0,0.0,0,0,0
1756703610,2998,-0.01,0.0,-0.1,0.0,0.0,0.0,0.0,0.0,0,0,0
1756703610,2999,0.0,0.0,-0.01,0.0,0.0,0.0,0.0,0.0,0,0,0
1756703610,3000,-0.03,0.0,-0.02,0.0,0.0,0.0,0.0,0.0,0,0,0
1756703610,3001,0.0,0.0,-0.05,0.0,0.0,0.0,0.0,0.0,0,0,0
1756703610,3002,0.02,0.0,-0.05,0.0,0.0,0.0,0.0,0.0,0,0,0
1756703610,3003,0.0,0.0,0.0,0.0,0.0,0.0,0.0,0.0,0,0,0
1756703610,3004,0.0,0.0,-0.01,0.0,0.0,0.0,0.0,0.0,0,0,0
1756703610,3005,-0.02,0.0,0.0,0.0,0.0,0.0,0.0,0.0,0,0,0
1756703610,3006,-0.02,0.0,0.0,0.0,0.0,0.0,0.0,0.0,0,0,0
1756703610,3007,0.02,0.0,-0.01,0.0,0.0,0.0,0.0,0.0,0,0,0
1756703610,3008,-0.02,0.0,0.0,0.0,0.0,0.0,0.0,0.0,0,0,0
1756703610,3009,0.0,0.0,0.0,0.0,0.0,0.0,0.0,0.0,0,0,0
1756703610,3010,0.0,0.0,0.1,0.0,0.0,0.0,0.0,0.0,0,0,0
1756703610,3011,-0.01,0.0,0.0,0.0,0.0,0.0,0.0,0.0,0,0,0
1756703610,3012,0.0,0.0,0.0,0.0,0.0,0.0,0.0,0.0,0,0,0
1756703610,3013,0.01,0.0,0.0,0.0,0.0,0.0,0.0,0.0,0,0,0
1756703610,3014,0.0,0.0,-0.05,0.0,0.0,0.0,0.0,0.0,0,0,0
1756703610,3015,0.0,0.0,-0.02,0.0,0.0,0.0,0.0,0.0,0,0,0
1756703610,3016,0.02,0.0,-0.09,0.0,0.0,0.0,0.0,0.0,0,0,0
1756703610,3017,0.07,0.0,-0.02,0.0,0.0,0.0,0.0,0.0,0,0,0
1756703610,3018,0.1,0.0,-0.05,0.0,0.0,0.0,0.0,0.0,0,0,0
1756703610,3019,0.0,0.0,-0.09,0.0,0.0,0.0,0.0,0.0,0,0,0
1756703610,3020,0.0,0.0,-0.05,0.0,0.0,0.0,0.0,0.0,0,0,0
1756703610,3021,-0.12,0.0,-0.05,0.0,0.0,0.0,0.0,0.0,0,0,0
1756703610,3022,-0.05,0.0,0.02,0.0,0.0,0.0,0.0,0.0,0,0,0
1756703610,3023,0.0,0.0,0.0,0.0,0.0,0.0,0.0,0.0,0,0,0
1756703610,3024,0.0,0.0,0.0,0.0,0.0,0.0,0.0,0.0,0,0,0
1756703610,3025,-0.01,0.0,0.0,0.0,0.0,0.0,0.0,0.0,0,0,0
1756703610,3026,-0.05,0.0,0.0,0.0,0.0,0.0,0.0,0.0,0,0,0
1756703610,3027,-0.02,0.0,-0.03,0.0,0.0,0.0,0.0,0.0,0,0,0
1756703610,3028,0.0,0.0,-0.01,0.0,0.0,0.0,0.0,0.0,0,0,0
1756703610,3029,0.05,0.0,-0.01,0.0,0.0,0.0,0.0,0.0,0,0,0
1756703610,3030,0.03,0.0,-0.05,0.0,0.0,0.0,0.0,0.0,0,0,0
1756703610,3031,0.05,0.0,0.05,0.0,0.0,0.0,0.0,0.0,0,0,0
1756703610,3032,0.0,0.0,-0.01,0.0,0.0,0.0,0.0,0.0,0,0,0
1756703610,3033,0.02,0.0,0.0,0.0,0.0,0.0,0.0,0.0,0,0,0
1756703610,3034,0.0,0.0,-0.02,0.0,0.0,0.0,0.0,0.0,0,0,0
1756703610,3035,-0.03,0.0,0.03,0.0,0.0,0.0,0.0,0.0,0,0,0
1756703610,3036,0.0,0.0,0.0,0.0,0.0,0.0,0.0,0.0,0,0,0
1756703610,3037,-0.03,0.0,-0.02,0.0,0.0,0.0,0.0,0.0,0,0,0
1756703610,3038,0.02,0.0,-0.05,0.0,0.0,0.0,0.0,0.0,0,0,0
1756703610,3039,0.05,0.0,0.0,0.0,0.0,0.0,0.0,0.0,0,0,0
1756703610,3040,0.01,0.0,-0.03,0.0,0.0,0.0,0.0,0.0,0,0,0
1756703610,3041,0.0,0.0,-0.02,0.0,0.0,0.0,0.0,0.0,0,0,0
1756703610,3042,0.0,0.0,-0.02,0.0,0.0,0.0,0.0,0.0,0,0,0
1756703611,3043,0.0,0.0,0.0,0.0,0.0,0.4,0.0,0.0,0,0,0
1756703611,3044,0.01,0.0,-0.02,0.0,0.0,0.69,0.0,0.0,0,0,0
1756703611,3045,0.0,0.0,-0.09,0.0,0.0,0.94,0.0,0.0,0,0,0
1756703611,3046,-0.01,0.0,0.0,0.0,0.0,1.16,0.0,0.0,0,0,0
1756703611,3047,0.02,0.0,0.0,0.0,0.0,1.42,0.0,0.0,0,0,0
1756703611,3048,0.03,0.0,-0.03,0.0,0.0,1.64,0.0,0.0,0,0,0
1756703611,3049,0.07,0.0,-0.05,0.0,0.0,1.73,0.0,0.0,0,0,0
1756703611,3050,0.07,0.0,0.0,0.0,0.0,1.84,0.0,0.0,0,0,0
1756703611,3051,0.02,0.0,-0.02,0.0,0.0,1.95,0.0,0.0,0,0,0
1756703611,3052,0.0,0.0,0.0,0.0,0.0,2.18,0.0,0.0,0,0,0
1756703611,3053,-0.01,0.0,-0.05,0.0,0.0,2.32,0.0,0.0,0,0,0
1756703611,3054,0.05,0.0,-0.02,0.0,0.0,2.44,0.0,0.0,0,0,0
1756703611,3055,-0.02,0.0,-0.03,0.0,0.0,2.48,0.0,0.0,0,0,0
1756703611,3056,0.02,0.0,0.0,0.0,0.0,2.63,0.0,0.0,0,0,0
1756703611,3057,-0.07,0.0,0.0,0.0,0.0,2.98,0.0,0.0,0,0,0
1756703611,3058,0.02,0.0,-0.03,0.0,0.0,2.85,0.0,0.0,0,0,0
1756703611,3059,0.07,0.0,-0.05,0.0,0.0,3.35,0.0,0.0,0,0,0
1756703611,3060,0.09,0.0,-0.03,0.0,0.0,3.4,0.0,0.0,0,0,0
1756703611,3061,0.1,0.0,0.0,0.0,0.0,3.51,0.0,0.0,0,0,0
1756703611,3062,0.0,0.0,-0.01,0.0,0.0,3.75,0.0,0.0,0,0,0
1756703611,3063,0.0,0.0,-0.05,0.0,0.0,4.07,0.0,0.0,0,0,0
1756703611,3064,-0.02,0.0,-0.02,0.0,0.0,4.07,0.0,0.0,0,0,0
1756703611,3065,0.05,0.0,-0.05,0.0,0.0,3.91,0.0,0.0,0,0,0
1756703611,3066,0.0,0.0,0.0,0.0,0.0,3.72,0.0,0.0,0,0,0
1756703611,3067,0.03,0.0,-0.02,0.0,0.0,3.48,0.0,0.0,0,0,0
1756703611,3068,0.0,0.0,-0.02,0.0,0.0,3.44,0.0,0.0,0,0,0
1756703611,3069,0.02,0.0,0.0,0.0,0.0,3.28,0.0,0.0,0,0,0
1756703611,3070,0.0,0.0,0.01,0.0,0.0,3.31,0.0,0.0,0,0,0
1756703611,3071,0.02,0.0,0.0,0.0,0.0,3.13,0.0,0.0,0,0,0
1756703611,3072,0.01,0.0,-0.03,0.0,0.0,3.0,0.0,0.0,0,0,0
1756703611,3073,0.02,0.0,-0.03,0.0,0.0,2.98,0.0,0.0,0,0,0
1756703611,3074,0.03,0.0,-0.02,0.0,0.0,2.9,0.0,0.0,0,0,0
1756703611,3075,0.05,0.0,0.0,0.0,0.0,2.81,0.0,0.0,0,0,0
1756703611,3076,0.05,0.0,0.0,0.0,0.0,2.4,0.0,0.0,0,0,0
1756703611,3077,0.0,0.0,-0.02,0.0,0.0,2.28,0.0,0.0,0,0,0
1756703611,3078,0.0,0.0,-0.03,0.0,0.0,2.14,0.0,0.0,0,0,0
1756703611,3079,0.02,0.0,0.0,0.0,0.0,2.02,0.0,0.0,0,0,0
1756703611,3080,0.05,0.0,-0.01,0.0,0.0,1.95,0.0,0.0,0,0,0
1756703611,3081,0.03,0.0,-0.07,0.0,0.0,1.79,0.0,0.0,0,0,0
1756703611,3082,0.05,0.0,-0.01,0.0,0.0,1.38,0.0,0.0,0,0,0
1756703611,3083,0.02,0.0,0.01,0.0,0.0,0.83,0.0,0.0,0,0,0
1756703611,3084,0.02,0.0,-0.02,0.0,0.0,0.58,0.0,0.0,0,0,0
1756703611,3085,0.01,0.0,-0.02,0.0,0.0,0.51,0.0,0.0,0,0,0
1756703611,3086,0.05,0.0,0.0,0.0,0.0,0.34,0.0,0.0,0,0,0
1756703611,3087,-0.02,0.0,0.0,0.0,0.0,0.0,0.0,0.0,0,0,0
1756703611,3088,0.07,0.0,0.0,0.0,0.0,0.0,0.0,0.0,0,0,0
1756703611,3089,0.01,0.0,-0.02,0.0,0.0,0.0,0.0,0.0,0,0,0
1756703611,3090,0.0,0.0,0.0,0.0,0.0,0.0,0.0,0.0,0,0,0
1756703611,3091,0.03,0.0,-0.01,0.0,0.0,0.0,0.0,0.0,0,0,0
1756703611,3092,0.03,0.0,-0.03,0.0,0.0,0.0,0.0,0.0,0,0,0
1756703611,3093,0.07,0.0,-0.03,0.0,0.0,0.0,0.0,0.0,0,0,0
1756703611,3094,0.07,0.0,0.0,0.0,0.0,0.0,0.0,0.0,0,0,0
1756703611,3095,0.1,0.0,0.0,0.0,0.0,0.0,0.0,0.0,0,0,0
1756703611,3096,0.0,0.0,-0.02,0.0,0.0,0.0,0.0,0.0,0,0,0
1756703611,3097,0.0,0.0,-0.02,0.0,0.0,0.0,0.0,0.0,0,0,0
1756703611,3098,0.03,0.0,0.0,0.0,0.0,0.0,0.0,0.0,0,0,0
1756703611,3099,0.0,0.0,-0.01,0.0,0.0,0.0,0.0,0.0,0,0,0
1756703611,3100,0.0,0.0,-0.02,0.0,0.0,0.0,0.0,0.0,0,0,0
1756703611,3101,-0.01,0.0,0.0,0.0,0.0,0.0,0.0,0.0,0,0,0
1756703611,3102,0.02,0.0,0.03,0.0,0.0,0.0,0.0,0.0,0,0,0
1756703611,3103,0.02,0.0,0.0,0.0,0.0,0.0,0.0,0.0,0,0,0
1756703611,3104,-0.02,0.0,0.0,0.0,0.0,0.0,0.0,0.0,0,0,0
1756703611,3105,0.0,0.0,-0.1,0.0,0.0,0.0,0.0,0.0,0,0,0
1756703611,3106,0.0,0.0,-0.15,0.0,0.0,0.0,0.0,0.0,0,0,0
1756703611,3107,-0.05,0.0,-0.02,0.0,0.0,0.0,0.0,0.0,0,0,0
1756703611,3108,0.0,0.0,-0.02,0.0,0.0,0.0,0.0,0.0,0,0,0
1756703611,3109,0.07,0.0,-0.03,0.0,0.0,0.0,0.0,0.0,0,0,0
1756703611,3110,-0.01,0.0,-0.03,0.0,0.0,0.0,0.0,0.0,0,0,0
1756703612,3111,-0.03,0.0,-0.02,0.0,0.0,0.0,0.0,0.0,0,0,0
1756703612,3112,-0.05,0.0,0.0,0.0,0.0,0.0,0.0,0.0,0,0,0
1756703612,3113,0.03,0.0,0.0,0.0,0.0,0.0,0.0,0.0,0,0,0
1756703612,3114,-0.03,0.0,0.03,0.0,0.0,0.0,0.0,0.0,0,0,0
1756703612,3115,0.0,0.0,0.0,0.0,0.0,0.0,0.0,0.0,0,0,0
1756703612,3116,-0.07,0.0,0.01,0.0,0.0,0.0,0.0,0.0,0,0,0
1756703612,3117,0.0,0.0,-0.02,0.0,0.0,0.0,0.0,0.0,0,0,0
1756703612,3118,0.0,0.0,0.0,0.0,0.0,0.0,0.0,0.0,0,0,0
1756703612,3119,0.0,0.0,-0.05,0.0,0.0,0.0,0.0,0.0,0,0,0
1756703612,3120,0.02,0.0,-0.05,0.0,0.0,0.0,0.0,0.0,0,0,0
1756703612,3121,0.0,0.0,-0.02,0.0,0.0,0.0,0.0,0.0,0,0,0
1756703612,3122,0.02,0.0,-0.1,0.0,0.0,0.0,0.0,0.0,0,0,0
1756703612,3123,-0.01,0.0,0.0,0.0,0.0,0.0,0.0,0.0,0,0,0
1756703612,3124,0.0,0.0,0.0,0.0,0.0,0.0,0.0,0.0,0,0,0
1756703612,3125,-0.12,0.0,-0.02,0.0,0.0,0.0,0.0,0.0,0,0,0
1756703612,3126,-0.01,0.0,-0.01,0.0,0.0,0.0,0.0,0.0,0,0,0
1756703612,3127,-0.09,0.0,0.0,0.0,0.0,0.0,0.0,0.0,0,0,0
1756703612,3128,0.0,0.0,0.0,0.0,0.0,0.0,0.0,0.0,0,0,0
1756703612,3129,0.0,0.0,-0.02,0.0,0.0,0.0,0.0,0.0,0,0,0
1756703612,3130,0.01,0.0,-0.01,0.0,0.0,0.0,0.0,0.0,0,0,0
1756703612,3131,0.02,0.0,0.0,0.0,0.0,0.0,0.0,0.0,0,0,0
1756703612,3132,0.0,0.0,-0.01,0.0,0.0,0.0,0.0,0.0,0,0,0
1756703612,3133,0.02,0.0,0.0,0.0,0.0,0.0,0.0,0.0,0,0,0
1756703612,3134,0.01,0.0,0.0,0.0,0.0,0.0,0.0,0.0,0,0,0
1756703612,3135,0.0,0.0,0.0,0.0,0.0,0.0,0.0,0.0,0,0,0
1756703612,3136,0.03,0.0,-0.01,0.0,0.0,0.0,0.0,0.0,0,0,0
1756703612,3137,0.0,0.0,-0.03,0.0,0.0,0.0,0.0,0.0,0,0,0
1756703612,3138,0.0,0.0,-0.05,0.0,0.0,0.0,0.0,0.0,0,0,0
1756703612,3139,-0.03,0.0,0.0,0.0,0.0,0.0,0.0,0.0,0,0,0
1756703612,3140,0.05,0.0,0.0,0.0,0.0,0.0,0.0,0.0,0,0,0
1756703612,3141,0.02,0.0,0.0,0.0,0.0,0.0,0.0,0.0,0,0,0
1756703612,3142,0.0,0.0,0.0,0.0,0.0,0.0,0.0,0.0,0,0,0
1756703612,3143,0.0,0.0,-0.02,0.0,0.0,0.0,0.0,0.0,0,0,0
1756703612,3144,-0.07,0.0,-0.02,0.0,0.0,0.0,0.0,0.0,0,0,0
1756703612,3145,0.03,0.0,0.0,0.0,0.0,0.0,0.0,0.0,0,0,0
1756703612,3146,0.0,0.0,-0.03,0.0,0.0,0.0,0.0,0.0,0,0,0
1756703612,3147,0.0,0.0,-0.02,0.0,0.0,0.0,0.0,0.0,0,0,0
1756703612,3148,0.1,0.0,0.0,0.0,0.0,0.0,0.0,0.0,0,0,0
1756703612,3149,0.0,0.0,0.0,0.0,0.0,0.0,0.0,0.0,0,0,0
1756703612,3150,0.05,0.0,0.0,0.0,0.0,0.0,0.0,0.0,0,0,0
1756703612,3151,-0.01,0.0,0.0,0.0,0.0,0.0,0.0,0.0,0,0,0
1756703612,3152,0.07,0.0,0.0,0.0,0.0,0.0,0.0,0.0,0,0,0
1756703612,3153,0.01,0.0,0.0,0.0,0.0,0.0,0.0,0.0,0,0,0
1756703612,3154,0.1,0.0,0.0,0.0,0.0,0.0,0.0,0.0,0,0,0
1756703612,3155,0.0,0.0,0.0,0.0,0.0,0.0,0.0,0.0,0,0,0
1756703612,3156,0.0,0.0,0.01,0.0,0.0,0.0,0.0,0.0,0,0,0
1756703612,3157,-0.01,0.0,-0.02,0.0,0.0,0.0,0.0,0.0,0,0,0
1756703612,3158,-0.05,0.0,-0.02,0.0,0.0,0.0,0.0,0.0,0,0,0
1756703612,3159,-0.03,0.0,0.18,0.0,0.0,0.0,0.0,0.0,0,0,0
1756703612,3160,0.0,0.0,-0.05,0.0,0.0,0.0,0.0,0.0,0,0,0
1756703612,3161,0.01,0.0,0.0,0.0,0.0,0.0,0.0,0.0,0,0,0
1756703612,3162,0.0,0.0,0.0,0.0,0.0,0.0,0.0,0.0,0,0,0
1756703612,3163,0.01,0.0,0.0,0.0,0.0,0.0,0.0,0.0,0,0,0
1756703612,3164,0.01,0.0,-0.02,0.0,0.0,0.0,0.0,0.0,0,0,0
1756703612,3165,-0.01,0.0,0.0,0.0,0.0,0.0,0.0,0.0,0,0,0
1756703612,3166,-0.02,0.0,-0.05,0.0,0.0,0.0,0.0,0.0,0,0,0
1756703612,3167,0.0,0.0,-0.05,0.0,0.0,0.0,0.0,0.0,0,0,0
1756703612,3168,-0.01,0.0,-0.09,0.0,0.0,0.0,0.0,0.0,0,0,0
1756703612,3169,-0.01,0.0,-0.07,0.0,0.0,0.0,0.0,0.0,0,0,0
1756703612,3170,0.0,0.0,-0.1,0.0,0.0,0.0,0.0,0.0,0,0,0
1756703612,3171,0.03,0.0,0.05,0.0,0.0,0.0,0.0,0.0,0,0,0
1756703612,3172,0.03,0.0,0.0,0.0,0.0,0.0,0.0,0.0,0,0,0
1756703612,3173,0.02,0.0,-0.03,0.0,0.0,0.0,0.0,0.0,0,0,0
1756703612,3174,-0.02,0.0,0.0,0.0,0.0,0.0,0.0,0.0,0,0,0
1756703612,3175,0.0,0.0,-0.01,0.0,0.0,0.0,0.0,0.0,0,0,0
1756703612,3176,0.0,0.0,-0.02,0.0,0.0,0.0,0.0,0.0,0,0,0
1756703612,3177,-0.02,0.0,-0.03,0.0,0.0,0.0,0.0,0.0,0,0,0
1756703612,3178,0.0,0.0,0.0,0.0,0.0,0.0,0.0,0.0,0,0,0
1756703613,3179,-0.07,0.0,-0.01,0.0,0.0,0.0,0.0,0.0,0,0,0
1756703613,3180,0.05,0.0,0.0,0.0,0.0,0.0,0.0,0.0,0,0,0
1756703613,3181,-0.01,0.0,-0.05,0.0,0.0,0.0,0.0,0.0,0,0,0
1756703613,3182,0.05,0.0,0.0,0.0,0.0,0.0,0.0,0.0,0,0,0
1756703613,3183,0.0,0.0,-0.02,0.0,0.0,0.0,0.0,0.0,0,0,0
1756703613,3184,0.0,0.0,0.0,0.0,0.0,0.0,0.0,0.0,0,0,0
1756703613,3185,0.0,0.0,-0.02,0.0,0.0,0.0,0.0,0.0,0,0,0
1756703613,3186,0.0,0.0,0.0,0.0,0.0,0.0,0.0,0.0,0,0,0
1756703613,3187,0.05,0.0,-0.03,0.0,0.0,0.0,0.0,0.0,0,0,0
1756703613,3188,0.02,0.0,0.0,0.0,0.0,0.0,0.0,0.0,0,0,0
1756703613,3189,-0.01,0.0,-0.09,0.0,0.0,0.0,0.0,0.0,0,0,0
1756703613,3190,0.0,0.0,0.0,0.0,0.0,0.0,0.0,0.0,0,0,0
1756703613,3191,0.01,0.0,-0.02,0.0,0.0,0.0,0.0,0.0,0,0,0
1756703613,3192,0.01,0.0,0.0,0.0,0.0,0.0,0.0,0.0,0,0,0
1756703613,3193,0.05,0.0,-0.02,0.0,0.0,0.0,0.0,0.0,0,0,0
1756703613,3194,0.05,0.0,0.1,0.0,0.0,0.0,0.0,0.0,0,0,0
1756703613,3195,0.0,0.0,-0.02,0.0,0.0,0.0,0.0,0.0,0,0,0
1756703613,3196,0.05,0.0,0.0,0.0,0.0,0.0,0.0,0.0,0,0,0
1756703613,3197,-0.01,0.0,-0.01,0.0,0.0,0.0,0.0,0.0,0,0,0
1756703613,3198,0.0,0.0,0.0,0.0,0.0,0.0,0.0,0.0,0,0,0
1756703613,3199,0.0,0.0,-0.02,0.0,0.0,0.0,0.0,0.0,0,0,0
1756703613,3200,0.0,0.0,-0.02,0.0,0.0,0.0,0.0,0.0,0,0,0
1756703613,3201,0.0,0.0,-0.01,0.0,0.0,0.0,0.0,0.0,0,0,0
1756703613,3202,-0.01,0.0,-0.01,0.0,0.0,0.0,0.0,0.0,0,0,0
1756703613,3203,-0.02,0.0,-0.07,0.0,0.0,0.0,0.0,0.0,0,0,0
1756703613,3204,0.0,0.0,-0.02,0.0,0.0,0.0,0.0,0.0,0,0,0
1756703613,3205,-0.02,0.0,0.0,0.0,0.0,0.0,0.0,0.0,0,0,0
1756703613,3206,0.0,0.0,0.0,0.0,0.0,0.0,0.0,0.0,0,0,0
1756703613,3207,0.0,0.0,-0.01,0.0,0.0,0.0,0.0,0.0,0,0,0
1756703613,3208,0.0,0.0,0.0,0.0,0.0,0.0,0.0,0.0,0,0,0
1756703613,3209,0.0,0.0,-0.02,0.0,0.0,0.0,0.0,0.0,0,0,0
1756703613,3210,0.02,0.0,0.01,0.0,0.0,0.0,0.0,0.0,0,0,0
1756703613,3211,0.12,0.0,0.0,0.0,0.0,0.0,0.0,0.0,0,0,0
1756703613,3212,0.03,0.0,-0.09,0.0,0.0,0.0,0.0,0.0,0,0,0
1756703613,3213,0.0,0.0,-0.01,0.0,0.0,0.0,0.0,0.0,0,0,0
1756703613,3214,0.0,0.0,0.0,0.0,0.0,0.0,0.0,0.0,0,0,0
1756703613,3215,-0.01,0.0,0.0,0.0,0.0,0.0,0.0,0.0,0,0,0
1756703613,3216,0.1,0.0,0.0,0.0,0.0,0.0,0.0,0.0,0,0,0
1756703613,3217,0.0,0.0,-0.01,0.0,0.0,0.0,0.0,0.0,0,0,0
1756703613,3218,0.01,0.0,0.0,0.0,0.0,0.0,0.0,0.0,0,0,0
1756703613,3219,0.03,0.0,0.0,0.0,0.0,0.0,0.0,0.0,0,0,0
1756703613,3220,0.0,0.0,0.0,0.0,0.0,0.0,0.0,0.0,0,0,0
1756703613,3221,0.0,0.0,-0.01,0.0,0.0,0.0,0.0,0.0,0,0,0
1756703613,3222,0.0,0.0,0.0,0.0,0.0,0.0,0.0,0.0,0,0,0
1756703613,3223,0.01,0.0,0.01,0.0,0.0,0.0,0.0,0.0,0,0,0
1756703613,3224,0.0,0.0,-0.05,0.0,0.0,0.0,0.0,0.0,0,0,0
1756703613,3225,0.01,0.0,-0.07,0.0,0.0,0.0,0.0,0.0,0,0,0
1756703613,3226,0.01,0.0,0.0,0.0,0.0,0.0,0.0,0.0,0,0,0
1756703613,3227,0.01,0.0,0.0,0.0,0.0,0.0,0.0,0.0,0,0,0
1756703613,3228,0.0,0.0,0.0,0.0,0.0,0.0,0.0,0.0,0,0,0
1756703613,3229,0.0,0.0,0.0,0.0,0.0,0.0,0.0,0.0,0,0,0
1756703613,3230,0.0,0.0,-0.05,0.0,0.0,0.0,0.0,0.0,0,0,0
1756703613,3231,-0.03,0.0,-0.02,0.0,0.0,0.0,0.0,0.0,0,0,0
1756703613,3232,-0.03,0.0,-0.02,0.0,0.0,0.0,0.0,0.0,0,0,0
1756703613,3233,0.0,0.0,0.0,0.0,0.0,0.0,0.0,0.0,0,0,0
1756703613,3234,0.01,0.0,-0.02,0.0,0.0,0.0,0.0,0.0,0,0,0
1756703613,3235,0.0,0.0,-0.05,0.0,0.0,0.0,0.0,0.0,0,0,0
1756703613,3236,0.01,0.0,-0.01,0.0,0.0,0.0,0.0,0.0,0,0,0
1756703613,3237,0.01,0.0,-0.02,0.0,0.0,0.0,0.0,0.0,0,0,0
1756703613,3238,-0.02,0.0,0.0,0.0,0.0,0.0,0.0,0.0,0,0,0
1756703613,3239,0.0,0.0,0.0,0.0,0.0,0.0,0.0,0.0,0,0,0
1756703613,3240,0.0,0.0,0.0,0.0,0.0,0.0,0.0,0.0,0,0,0
1756703614,3241,0.0,0.0,0.0,0.0,0.0,0.0,0.0,0.0,0,0,0
1756703614,3242,0.0,0.0,0.05,0.0,0.0,0.0,0.0,0.0,0,0,0
1756703614,3243,0.0,0.0,0.07,0.0,0.0,0.0,0.0,0.0,0,0,0
1756703614,3244,0.0,0.0,0.0,0.0,0.0,0.0,0.0,0.0,0,0,0
1756703614,3245,0.01,0.0,-0.09,0.0,0.0,0.0,0.0,0.0,0,0,0
1756703614,3246,0.0,0.0,0.02,0.0,0.0,0.0,0.0,0.0,0,0,0
1756703614,3247,0.0,0.0,0.0,0.0,0.0,0.0,0.0,0.0,0,0,0
1756703614,3248,0.0,0.0,0.07,0.0,0.0,0.0,0.0,0.0,0,0,0
1756703614,3249,-0.07,0.0,0.0,0.0,0.0,0.0,0.0,0.0,0,0,0
1756703614,3250,0.05,0.0,-0.01,0.0,0.0,0.0,0.0,0.0,0,0,0
1756703614,3251,0.0,0.0,-0.01,0.0,0.0,0.0,0.0,0.0,0,0,0
1756703614,3252,0.05,0.0,-0.01,0.0,0.0,0.0,0.0,0.0,0,0,0
1756703614,3253,0.0,0.0,-0.02,0.0,0.0,0.0,0.0,0.0,0,0,0
1756703614,3254,-0.05,0.0,-0.02,0.0,0.0,0.0,0.0,0.0,0,0,0
1756703614,3255,0.01,0.0,-0.02,0.0,0.0,0.0,0.0,0.0,0,0,0
1756703614,3256,0.01,0.0,0.07,0.0,0.0,0.0,0.0,0.0,0,0,0
1756703614,3257,0.02,0.0,-0.1,0.0,0.0,0.0,0.0,0.0,0,0,0
1756703614,3258,0.0,0.0,-0.01,0.0,0.0,0.0,0.0,0.0,0,0,0
1756703614,3259,0.0,0.0,-0.1,0.0,0.0,0.0,0.0,0.0,0,0,0
1756703614,3260,0.0,0.0,-0.02,0.0,0.0,0.0,0.0,0.0,0,0,0
1756703614,3261,0.01,0.0,-0.01,0.0,0.0,0.0,0.0,0.0,0,0,0
1756703614,3262,-0.01,0.0,-0.05,0.0,0.0,0.0,0.0,0.0,0,0,0
1756703614,3263,0.05,0.0,0.0,0.0,0.0,0.0,0.0,0.0,0,0,0
1756703614,3264,-0.02,0.0,-0.02,0.0,0.0,0.0,0.0,0.0,0,0,0
1756703614,3265,0.0,0.0,-0.05,0.0,0.0,0.0,0.0,0.0,0,0,0
1756703614,3266,0.0,0.0,-0.07,0.0,0.0,0.0,0.0,0.0,0,0,0
1756703614,3267,-0.01,0.0,0.0,0.0,0.0,0.0,0.0,0.0,0,0,0
1756703614,3268,0.1,0.0,-0.05,0.0,0.0,0.0,0.0,0.0,0,0,0
1756703614,3269,0.02,0.0,-0.02,0.0,0.0,0.0,0.0,0.0,0,0,0
1756703614,3270,0.12,0.0,-0.02,0.0,0.0,0.0,0.0,0.0,0,0,0
1756703614,3271,0.03,0.0,-0.01,0.0,0.0,0.0,0.0,0.0,0,0,0
1756703614,3272,0.0,0.0,-0.07,0.0,0.0,0.0,0.0,0.0,0,0,0
1756703614,3273,0.0,0.0,-0.03,0.0,0.0,0.0,0.0,0.0,0,0,0
1756703614,3274,0.0,0.0,-0.09,0.0,0.0,0.0,0.0,0.0,0,0,0
1756703614,3275,0.0,0.0,-0.03,0.0,0.0,0.0,0.0,0.0,0,0,0
1756703614,3276,0.0,0.0,0.0,0.0,0.0,0.0,0.0,0.0,0,0,0
1756703614,3277,0.0,0.0,-0.01,0.0,0.0,0.0,0.0,0.0,0,0,0
1756703614,3278,0.0,0.0,-0.03,0.0,0.0,0.0,0.0,0.0,0,0,0
1756703614,3279,-0.02,0.0,-0.05,0.0,0.0,0.0,0.0,0.0,0,0,0
1756703614,3280,-0.03,0.0,-0.03,0.0,0.0,0.0,0.0,0.0,0,0,0
1756703614,3281,0.0,0.0,-0.02,0.0,0.0,0.0,0.0,0.0,0,0,0
1756703614,3282,0.0,0.0,-0.01,0.0,0.0,0.0,0.0,0.0,0,0,0
1756703614,3283,0.03,0.0,0.0,0.0,0.0,0.0,0.0,0.0,0,0,0
1756703614,3284,0.0,0.0,-0.03,0.0,0.0,0.0,0.0,0.0,0,0,0
1756703614,3285,0.0,0.0,0.0,0.0,0.0,0.0,0.0,0.0,0,0,0
1756703614,3286,0.0,0.0,0.0,0.0,0.0,0.0,0.0,0.0,0,0,0
1756703614,3287,0.01,0.0,0.0,0.0,0.0,0.0,0.0,0.0,0,0,0
1756703614,3288,0.0,0.0,-0.07,0.0,0.0,0.0,0.0,0.0,0,0,0
1756703614,3289,0.0,0.0,0.0,0.0,0.0,0.0,0.0,0.0,0,0,0
1756703614,3290,-0.05,0.0,0.0,0.0,0.0,0.0,0.0,0.0,0,0,0
1756703614,3291,0.05,0.0,-0.01,0.0,0.0,0.0,0.0,0.0,0,0,0
1756703614,3292,0.0,0.0,0.0,0.0,0.0,0.0,0.0,0.0,0,0,0
1756703614,3293,0.0,0.0,-0.05,0.0,0.0,0.0,0.0,0.0,0,0,0
1756703614,3294,0.02,0.0,-0.05,0.0,0.0,0.0,0.0,0.0,0,0,0
1756703614,3295,0.01,0.0,-0.02,0.0,0.0,0.0,0.0,0.0,0,0,0
1756703614,3296,-0.05,0.0,0.0,0.0,0.0,0.0,0.0,0.0,0,0,0
1756703614,3297,0.0,0.0,-0.1,0.0,0.0,0.0,0.0,0.0,0,0,0
1756703614,3298,0.0,0.0,0.0,0.0,0.0,0.0,0.0,0.0,0,0,0
1756703614,3299,0.02,0.0,-0.09,0.0,0.0,0.0,0.0,0.0,0,0,0
1756703614,3300,-0.02,0.0,0.0,0.0,0.0,0.0,0.0,0.0,0,0,0
1756703614,3301,0.0,0.0,-0.03,0.0,0.0,0.0,0.0,0.0,0,0,0
1756703614,3302,0.0,0.0,0.0,0.0,0.0,0.0,0.0,0.0,0,0,0
1756703614,3303,0.0,0.0,-0.01,0.0,0.0,0.0,0.0,0.0,0,0,0
1756703614,3304,0.02,0.0,-0.01,0.0,0.0,0.0,0.0,0.0,0,0,0
1756703614,3305,0.0,0.0,0.0,0.0,0.0,0.0,0.0,0.0,0,0,0
1756703614,3306,-0.01,0.0,0.0,0.0,0.0,0.0,0.0,0.0,0,0,0
1756703615,3307,-0.03,0.0,-0.01,0.0,0.0,0.0,0.0,0.0,0,0,0
1756703615,3308,0.07,0.0,-0.01,0.0,0.0,0.0,0.0,0.0,0,0,0
1756703615,3309,0.05,0.0,-0.01,0.0,0.0,0.0,0.0,0.0,0,0,0
1756703615,3310,0.0,0.0,-0.03,0.0,0.0,0.0,0.0,0.0,0,0,0
1756703615,3311,0.05,0.0,0.0,0.0,0.0,0.0,0.0,0.0,0,0,0
1756703615,3312,-0.01,0.0,-0.01,0.0,0.0,0.0,0.0,0.0,0,0,0
1756703615,3313,0.01,0.0,-0.07,0.0,0.0,0.0,0.0,0.0,0,0,0
1756703615,3314,0.0,0.0,0.0,0.0,0.0,0.0,0.0,0.0,0,0,0
1756703615,3315,0.02,0.0,-0.01,0.0,0.0,0.0,0.0,0.0,0,0,0
1756703615,3316,0.05,0.0,-0.03,0.0,0.0,0.0,0.0,0.0,0,0,0
1756703615,3317,0.0,0.0,0.01,0.0,0.0,0.0,0.0,0.0,0,0,0
1756703615,3318,0.0,0.0,0.0,0.0,0.0,0.0,0.0,0.0,0,0,0
1756703615,3319,0.0,0.0,-0.01,0.0,0.0,0.0,0.0,0.0,0,0,0
1756703615,3320,-0.05,0.0,-0.02,0.0,0.0,0.0,0.0,0.0,0,0,0
1756703615,3321,0.0,0.0,0.0,0.0,0.0,0.0,0.0,0.0,0,0,0
1756703615,3322,0.0,0.0,-0.07,0.0,0.0,0.0,0.0,0.0,0,0,0
1756703615,3323,-0.01,0.0,0.0,0.0,0.0,0.0,0.0,0.0,0,0,0
1756703615,3324,0.01,0.0,0.0,0.0,0.0,0.0,0.0,0.0,0,0,0
1756703615,3325,0.0,0.0,-0.15,0.0,0.0,0.0,0.0,0.0,0,0,0
1756703615,3326,0.05,0.0,0.0,0.0,0.0,0.0,0.0,0.0,0,0,0
1756703615,3327,0.14,0.0,-0.02,0.0,0.0,0.0,0.0,0.0,0,0,0
1756703615,3328,0.01,0.0,0.0,0.0,0.0,0.0,0.0,0.0,0,0,0
1756703615,3329,0.05,0.0,-0.05,0.0,0.0,0.0,0.0,0.0,0,0,0
1756703615,3330,-0.01,0.0,0.02,0.0,0.0,0.0,0.0,0.0,0,0,0
1756703615,3331,-0.15,0.0,0.0,0.0,0.0,0.0,0.0,0.0,0,0,0
1756703615,3332,-0.02,0.0,0.0,0.0,0.0,0.0,0.0,0.0,0,0,0
1756703615,3333,0.0,0.0,-0.01,0.0,0.0,0.0,0.0,0.0,0,0,0
1756703615,3334,0.03,0.0,-0.01,0.0,0.0,0.0,0.0,0.0,0,0,0
1756703615,3335,0.01,0.0,-0.02,0.0,0.0,0.0,0.0,0.0,0,0,0
1756703615,3336,0.01,0.0,0.0,0.0,0.0,0.0,0.0,0.0,0,0,0
1756703615,3337,0.0,0.0,-0.01,0.0,0.0,0.0,0.0,0.0,0,0,0
1756703615,3338,0.07,0.0,0.0,0.0,0.0,0.0,0.0,0.0,0,0,0
1756703615,3339,-0.01,0.0,-0.02,0.0,0.0,0.0,0.0,0.0,0,0,0
1756703615,3340,0.02,0.0,0.0,0.0,0.0,0.0,0.0,0.0,0,0,0
1756703615,3341,0.0,0.0,-0.02,0.0,0.0,0.0,0.0,0.0,0,0,0
1756703615,3342,0.0,0.0,0.0,0.0,0.0,0.0,0.0,0.0,0,0,0
1756703615,3343,0.0,0.0,0.0,0.0,0.0,0.0,0.0,0.0,0,0,0
1756703615,3344,0.01,0.0,0.0,0.0,0.0,0.0,0.0,0.0,0,0,0
1756703615,3345,0.03,0.0,0.0,0.0,0.0,0.0,0.0,0.0,0,0,0
1756703615,3346,0.01,0.0,-0.05,0.0,0.0,0.0,0.0,0.0,0,0,0
1756703615,3347,0.03,0.0,0.0,0.0,0.0,0.0,0.0,0.0,0,0,0
1756703615,3348,0.0,0.0,-0.03,0.0,0.0,0.0,0.0,0.0,0,0,0
1756703615,3349,0.0,0.0,0.0,0.0,0.0,0.0,0.0,0.0,0,0,0
1756703615,3350,0.0,0.0,-0.03,0.0,0.0,0.0,0.0,0.0,0,0,0
1756703615,3351,0.0,0.0,-0.02,0.0,0.0,0.0,0.0,0.0,0,0,0
1756703615,3352,0.0,0.0,-0.05,0.0,0.0,0.0,0.0,0.0,0,0,0
1756703615,3353,-0.05,0.0,-0.01,0.0,0.0,0.0,0.0,0.0,0,0,0
1756703615,3354,0.02,0.0,0.0,0.0,0.0,0.0,0.0,0.0,0,0,0
1756703615,3355,0.05,0.0,0.0,0.0,0.0,0.0,0.0,0.0,0,0,0
1756703615,3356,0.0,0.0,-0.07,0.0,0.0,0.0,0.0,0.0,0,0,0
1756703615,3357,0.0,0.0,-0.01,0.0,0.0,0.0,0.0,0.0,0,0,0
1756703615,3358,0.0,0.0,-0.03,0.0,0.0,0.0,0.0,0.0,0,0,0
1756703615,3359,0.0,0.0,0.0,0.0,0.0,0.0,0.0,0.0,0,0,0
1756703615,3360,0.0,0.0,-0.01,0.0,0.0,0.0,0.0,0.0,0,0,0
1756703615,3361,-0.03,0.0,0.0,0.0,0.0,0.0,0.0,0.0,0,0,0
1756703615,3362,0.03,0.0,0.0,0.0,0.0,0.0,0.0,0.0,0,0,0
1756703615,3363,0.0,0.0,-0.01,0.0,0.0,0.0,0.0,0.0,0,0,0
1756703615,3364,0.0,0.0,0.0,0.0,0.0,0.0,0.0,0.0,0,0,0
1756703615,3365,-0.57,0.0,0.0,0.0,0.0,0.0,0.0,0.0,0,0,0
1756703615,3366,0.05,0.0,0.02,0.0,0.0,0.0,0.0,0.0,0,0,0
1756703615,3367,0.07,0.0,-0.07,0.0,0.0,0.0,0.0,0.0,0,0,0
1756703615,3368,0.09,0.0,-0.03,0.0,0.0,0.0,0.0,0.0,0,0,0
1756703615,3369,0.07,0.0,-0.02,0.0,0.0,0.0,0.0,0.0,0,0,0
1756703615,3370,0.07,0.0,-0.07,0.0,0.0,0.0,0.0,0.0,0,0,0
1756703615,3371,0.02,0.0,-0.07,0.0,0.0,0.0,0.0,0.0,0,0,0
1756703615,3372,0.0,0.0,-0.05,0.0,0.0,0.0,0.0,0.0,0,0,0
1756703615,3373,0.03,0.0,0.0,0.0,0.0,0.0,0.0,0.0,0,0,0
1756703615,3374,0.02,0.0,-0.01,0.0,0.0,0.0,0.0,0.0,0,0,0
1756703616,3375,0.1,0.0,0.0,0.0,0.0,0.0,0.0,0.0,0,0,0
1756703616,3376,0.05,0.0,-0.02,0.0,0.0,0.0,0.0,0.0,0,0,0
1756703616,3377,0.05,0.0,-0.05,0.0,0.0,0.0,0.0,0.0,0,0,0
1756703616,3378,0.03,0.0,-0.03,0.0,0.0,0.0,0.0,0.0,0,0,0
1756703616,3379,0.0,0.0,-0.01,0.0,0.0,0.0,0.0,0.0,0,0,0
1756703616,3380,0.1,0.0,-0.03,0.0,0.0,0.0,0.0,0.0,0,0,0
1756703616,3381,0.07,0.0,-0.03,0.0,0.0,0.0,0.0,0.0,0,0,0
1756703616,3382,-0.05,0.0,-0.03,0.0,0.0,0.0,0.0,0.0,0,0,0
1756703616,3383,0.0,0.0,-0.01,0.0,0.0,0.0,0.0,0.0,0,0,0
1756703616,3384,0.07,0.0,0.0,0.0,0.0,0.0,0.0,0.0,0,0,0
1756703616,3385,0.0,0.0,0.0,0.0,0.0,0.0,0.0,0.0,0,0,0
1756703616,3386,0.0,0.0,-0.02,0.0,0.0,0.0,0.0,0.0,0,0,0
1756703616,3387,0.0,0.0,0.0,0.0,0.0,0.0,0.0,0.0,0,0,0
1756703616,3388,0.01,0.0,-0.02,0.0,0.0,0.0,0.0,0.0,0,0,0
1756703616,3389,0.05,0.0,-0.01,0.0,0.0,0.0,0.0,0.0,0,0,0
1756703616,3390,0.0,0.0,-0.01,0.0,0.0,0.0,0.0,0.0,0,0,0
1756703616,3391,0.0,0.0,-0.02,0.0,0.0,0.0,0.0,0.0,0,0,0
1756703616,3392,0.0,0.0,0.0,0.0,0.0,0.0,0.0,0.0,0,0,0
1756703616,3393,0.02,0.0,0.0,0.0,0.0,0.0,0.0,0.0,0,0,0
1756703616,3394,0.05,0.0,-0.01,0.0,0.0,0.0,0.0,0.0,0,0,0
1756703616,3395,-0.05,0.0,0.0,0.0,0.0,0.0,0.0,0.0,0,0,0
1756703616,3396,0.0,0.0,-0.01,0.0,0.0,0.0,0.0,0.0,0,0,0
1756703616,3397,0.05,0.0,-0.1,0.0,0.0,0.0,0.0,0.0,0,0,0
1756703616,3398,0.01,0.0,-0.02,0.0,0.0,0.0,0.0,0.0,0,0,0
1756703616,3399,0.05,0.0,0.0,0.0,0.0,0.0,0.0,0.0,0,0,0
1756703616,3400,0.03,0.0,0.0,0.0,0.0,0.0,0.0,0.0,0,0,0
1756703616,3401,0.0,0.0,-0.02,0.0,0.0,0.0,0.0,0.0,0,0,0
1756703616,3402,0.0,0.0,-0.03,0.0,0.0,0.0,0.0,0.0,0,0,0
1756703616,3403,-0.03,0.0,0.0,0.0,0.0,0.0,0.0,0.0,0,0,0
1756703616,3404,-0.02,0.0,-0.01,0.0,0.0,0.0,0.0,0.0,0,0,0
1756703616,3405,0.0,0.0,-0.05,0.0,0.0,0.0,0.0,0.0,0,0,0
1756703616,3406,0.02,0.0,-0.01,0.0,0.0,0.0,0.0,0.0,0,0,0
1756703616,3407,0.01,0.0,-0.01,0.0,0.0,0.0,0.0,0.0,0,0,0
1756703616,3408,0.01,0.0,-0.05,0.0,0.0,0.0,0.0,0.0,0,0,0
1756703616,3409,0.05,0.0,0.01,0.0,0.0,0.0,0.0,0.0,0,0,0
1756703616,3410,0.05,0.0,0.0,0.0,0.0,0.0,0.0,0.0,0,0,0
1756703616,3411,0.01,0.0,-0.03,0.0,0.0,0.0,0.0,0.0,0,0,0
1756703616,3412,-0.02,0.0,-0.03,0.0,0.0,0.0,0.0,0.0,0,0,0
1756703616,3413,0.03,0.0,0.0,0.0,0.0,0.0,0.0,0.0,0,0,0
1756703616,3414,-0.02,0.0,0.0,0.0,0.0,0.0,0.0,0.0,0,0,0
1756703616,3415,0.05,0.0,0.0,0.0,0.0,0.0,0.0,0.0,0,0,0
1756703616,3416,0.0,0.0,-0.03,0.0,0.0,0.0,0.0,0.0,0,0,0
1756703616,3417,0.0,0.0,-0.07,0.0,0.0,0.0,0.0,0.0,0,0,0
1756703616,3418,0.05,0.0,0.0,0.0,0.0,0.0,0.0,0.0,0,0,0
1756703616,3419,0.0,0.0,-0.03,0.0,0.0,0.0,0.0,0.0,0,0,0
1756703616,3420,0.0,0.0,-0.02,0.0,0.0,0.0,0.0,0.0,0,0,0
1756703616,3421,0.01,0.0,0.0,0.0,0.0,0.0,0.0,0.0,0,0,0
1756703616,3422,0.0,0.0,-0.03,0.0,0.0,0.0,0.0,0.0,0,0,0
1756703616,3423,0.0,0.0,0.0,0.0,0.0,0.0,0.0,0.0,0,0,0
1756703616,3424,0.0,0.0,-0.05,0.0,0.0,0.0,0.0,0.0,0,0,0
1756703616,3425,0.0,0.0,-0.02,0.0,0.0,0.0,0.0,0.0,0,0,0
1756703616,3426,0.0,0.0,-0.01,0.0,0.0,0.0,0.0,0.0,0,0,0
1756703616,3427,0.0,0.0,0.01,0.0,0.0,0.0,0.0,0.0,0,0,0
1756703616,3428,0.0,0.0,-0.01,0.0,0.0,0.0,0.0,0.0,0,0,0
1756703616,3429,-0.02,0.0,0.0,0.0,0.0,0.0,0.0,0.0,0,0,0
1756703616,3430,0.0,0.0,0.0,0.0,0.0,0.0,0.0,0.0,0,0,0
1756703616,3431,0.0,0.0,0.0,0.0,0.0,0.0,0.0,0.0,0,0,0
1756703616,3432,0.0,0.0,0.0,0.0,0.0,0.0,0.0,0.0,0,0,0
1756703616,3433,0.0,0.0,0.0,0.0,0.0,0.0,0.0,0.0,0,0,0
1756703616,3434,-0.01,0.0,-0.01,0.0,0.0,0.0,0.0,0.0,0,0,0
1756703616,3435,0.01,0.0,0.0,0.0,0.0,0.0,0.0,0.0,0,0,0
1756703616,3436,0.02,0.0,-0.02,0.0,0.0,0.0,0.0,0.0,0,0,0
1756703616,3437,0.0,0.0,0.0,0.0,0.0,0.0,0.0,0.0,0,0,0
1756703616,3438,0.0,0.0,0.0,0.0,0.0,0.0,0.0,0.0,0,0,0
1756703616,3439,0.0,0.0,-0.05,0.0,0.0,0.0,0.0,0.0,0,0,0
1756703616,3440,0.0,0.0,0.0,0.0,0.0,0.0,0.0,0.0,0,0,0
1756703616,3441,0.02,0.0,-0.01,0.0,0.0,0.0,0.0,0.0,0,0,0
1756703617,3442,-0.01,0.0,0.0,0.0,0.0,0.0,0.0,0.0,0,0,0
1756703617,3443,-0.02,0.0,-0.05,0.0,0.0,0.0,0.0,0.0,0,0,0
1756703617,3444,0.05,0.0,0.0,0.0,0.0,0.0,0.0,0.0,0,0,0
1756703617,3445,0.02,0.0,0.0,0.0,0.0,0.0,0.0,0.0,0,0,0
1756703617,3446,0.0,0.0,-0.02,0.0,0.0,0.0,0.0,0.0,0,0,0
1756703617,3447,0.09,0.0,0.0,0.0,0.0,0.0,0.0,0.0,0,0,0
1756703617,3448,0.0,0.0,-0.02,0.0,0.0,0.0,0.0,0.0,0,0,0
1756703617,3449,0.0,0.0,-0.02,0.0,0.0,0.0,0.0,0.0,0,0,0
1756703617,3450,0.0,0.0,0.05,0.0,0.0,0.0,0.0,0.0,0,0,0
1756703617,3451,0.05,0.0,-0.09,0.0,0.0,0.0,0.0,0.0,0,0,0
1756703617,3452,0.01,0.0,-0.05,0.0,0.0,0.0,0.0,0.0,0,0,0
1756703617,3453,0.01,0.0,0.0,0.0,0.0,0.0,0.0,0.0,0,0,0
1756703617,3454,0.03,0.0,-0.05,0.0,0.0,0.0,0.0,0.0,0,0,0
1756703617,3455,0.01,0.0,-0.01,0.0,0.0,0.0,0.0,0.0,0,0,0
1756703617,3456,0.0,0.0,0.0,0.0,0.0,0.0,0.0,0.0,0,0,0
1756703617,3457,0.05,0.0,-0.01,0.0,0.0,0.0,0.0,0.0,0,0,0
1756703617,3458,0.0,0.0,0.0,0.0,0.0,0.0,0.0,0.0,0,0,0
1756703617,3459,0.0,0.0,-0.02,0.0,0.0,0.0,0.0,0.0,0,0,0
1756703617,3460,-0.02,0.0,-0.03,0.0,0.0,0.0,0.0,0.0,0,0,0
1756703617,3461,-0.01,0.0,0.0,0.0,0.0,0.0,0.0,0.0,0,0,0
1756703617,3462,0.01,0.0,0.0,0.0,0.0,0.0,0.0,0.0,0,0,0
1756703617,3463,0.02,0.0,-0.05,0.0,0.0,0.0,0.0,0.0,0,0,0
1756703617,3464,0.01,0.0,-0.1,0.0,0.0,0.0,0.0,0.0,0,0,0
1756703617,3465,0.01,0.0,-0.01,0.0,0.0,0.0,0.0,0.0,0,0,0
1756703617,3466,0.03,0.0,-0.01,0.0,0.0,0.0,0.0,0.0,0,0,0
1756703617,3467,0.01,0.0,0.0,0.0,0.0,0.0,0.0,0.0,0,0,0
1756703617,3468,0.0,0.0,0.0,0.0,0.0,0.0,0.0,0.0,0,0,0
1756703617,3469,0.0,0.0,-0.05,0.0,0.0,0.0,0.0,0.0,0,0,0
1756703617,3470,0.0,0.0,-0.07,0.0,0.0,0.0,0.0,0.0,0,0,0
1756703617,3471,-0.01,0.0,-0.02,0.0,0.0,0.0,0.0,0.0,0,0,0
1756703617,3472,0.01,0.0,0.0,0.0,0.0,0.0,0.0,0.0,0,0,0
1756703617,3473,0.02,0.0,0.0,0.0,0.0,0.0,0.0,0.0,0,0,0
1756703617,3474,0.07,0.0,-0.02,0.0,0.0,0.0,0.0,0.0,0,0,0
1756703617,3475,0.01,0.0,-0.03,0.0,0.0,0.0,0.0,0.0,0,0,0
1756703617,3476,0.03,0.0,-0.01,0.0,0.0,0.0,0.0,0.0,0,0,0
1756703617,3477,-0.05,0.0,-0.01,0.0,0.0,0.0,0.0,0.0,0,0,0
1756703617,3478,0.01,0.0,0.05,0.0,0.0,0.0,0.0,0.0,0,0,0
1756703617,3479,-0.02,0.0,0.0,0.0,0.0,0.0,0.0,0.0,0,0,0
1756703617,3480,0.01,0.0,0.0,0.0,0.0,0.0,0.0,0.0,0,0,0
1756703617,3481,0.0,0.0,0.05,0.0,0.0,0.0,0.0,0.0,0,0,0
1756703617,3482,0.0,0.0,0.0,0.0,0.0,0.0,0.0,0.0,0,0,0
1756703617,3483,0.05,0.0,0.0,0.0,0.0,0.0,0.0,0.0,0,0,0
1756703617,3484,0.01,0.0,0.0,0.0,0.0,0.0,0.0,0.0,0,0,0
1756703617,3485,0.01,0.0,-0.01,0.0,0.0,0.0,0.0,0.0,0,0,0
1756703617,3486,0.0,0.0,-0.02,0.0,0.0,0.0,0.0,0.0,0,0,0
1756703617,3487,0.01,0.0,0.0,0.0,0.0,0.0,0.0,0.0,0,0,0
1756703617,3488,0.0,0.0,0.0,0.0,0.0,0.0,0.0,0.0,0,0,0
1756703617,3489,0.0,0.0,-0.05,0.0,0.0,0.0,0.0,0.0,0,0,0
1756703617,3490,0.0,0.0,0.0,0.0,0.0,0.0,0.0,0.0,0,0,0
1756703617,3491,0.01,0.0,-0.17,0.0,0.0,0.0,0.0,0.0,0,0,0
1756703617,3492,-0.07,0.0,-0.02,0.0,0.0,0.0,0.0,0.0,0,0,0
1756703617,3493,0.0,0.0,0.01,0.0,0.0,0.0,0.0,0.0,0,0,0
1756703617,3494,0.05,0.0,-0.07,0.0,0.0,0.0,0.0,0.0,0,0,0
1756703617,3495,0.01,0.0,-0.03,0.0,0.0,0.0,0.0,0.0,0,0,0
1756703617,3496,0.0,0.0,0.0,0.0,0.0,0.0,0.0,0.0,0,0,0
1756703617,3497,0.0,0.0,0.0,0.0,0.0,0.0,0.0,0.0,0,0,0
1756703617,3498,0.0,0.0,0.05,0.0,0.0,0.0,0.0,0.0,0,0,0
1756703617,3499,0.02,0.0,0.0,0.0,0.0,0.0,0.0,0.0,0,0,0
1756703617,3500,-0.02,0.0,-0.03,0.0,0.0,0.0,0.0,0.0,0,0,0
1756703617,3501,0.0,0.0,0.0,0.0,0.0,0.0,0.0,0.0,0,0,0
1756703617,3502,0.0,0.0,-0.02,0.0,0.0,0.0,0.0,0.0,0,0,0
1756703617,3503,0.02,0.0,0.0,0.0,0.0,0.0,0.0,0.0,0,0,0
1756703617,3504,0.0,0.0,0.0,0.0,0.0,0.0,0.0,0.0,0,0,0
1756703617,3505,0.0,0.0,-0.05,0.0,0.0,0.0,0.0,0.0,0,0,0
1756703617,3506,0.0,0.0,-0.01,0.0,0.0,0.0,0.0,0.0,0,0,0
1756703618,3507,0.03,0.0,-0.05,0.0,0.0,0.0,0.0,0.0,0,0,0
1756703618,3508,0.01,0.0,-0.01,0.0,0.0,0.0,0.0,0.0,0,0,0
1756703618,3509,0.0,0.0,-0.05,0.0,0.0,0.0,0.0,0.0,0,0,0
1756703618,3510,0.05,0.0,0.0,0.0,0.0,0.0,0.0,0.0,0,0,0
1756703618,3511,-0.07,0.0,0.0,0.0,0.0,0.0,0.0,0.0,0,0,0
1756703618,3512,0.0,0.0,-0.05,0.0,0.0,0.0,0.0,0.0,0,0,0
1756703618,3513,0.0,0.0,-0.02,0.0,0.0,0.0,0.0,0.0,0,0,0
1756703618,3514,0.0,0.0,-0.01,0.0,0.0,0.0,0.0,0.0,0,0,0
1756703618,3515,0.0,0.0,0.01,0.0,0.0,0.0,0.0,0.0,0,0,0
1756703618,3516,-0.03,0.0,-0.05,0.0,0.0,0.0,0.0,0.0,0,0,0
1756703618,3517,0.05,0.0,0.0,0.0,0.0,0.0,0.0,0.0,0,0,0
1756703618,3518,0.05,0.0,0.0,0.0,0.0,0.0,0.0,0.0,0,0,0
1756703618,3519,0.0,0.0,0.0,0.0,0.0,0.0,0.0,0.0,0,0,0
1756703618,3520,0.01,0.0,0.0,0.0,0.0,0.0,0.0,0.0,0,0,0
1756703618,3521,0.05,0.0,-0.03,0.0,0.0,0.0,0.0,0.0,0,0,0
1756703618,3522,0.01,0.0,0.0,0.0,0.0,0.0,0.0,0.0,0,0,0
1756703618,3523,0.05,0.0,0.0,0.0,0.0,0.0,0.0,0.0,0,0,0
1756703618,3524,0.0,0.0,-0.01,0.0,0.0,0.0,0.0,0.0,0,0,0
1756703618,3525,0.0,0.0,0.0,0.0,0.0,0.0,0.0,0.0,0,0,0
1756703618,3526,-0.11,0.0,-0.01,0.0,0.0,0.0,0.0,0.0,0,0,0
1756703618,3527,-0.03,0.0,-0.01,0.0,0.0,0.0,0.0,0.0,0,0,0
1756703618,3528,0.02,0.0,-0.03,0.0,0.0,0.0,0.0,0.0,0,0,0
1756703618,3529,0.02,0.0,-0.07,0.0,0.0,0.0,0.0,0.0,0,0,0
1756703618,3530,0.01,0.0,0.0,0.0,0.0,0.0,0.0,0.0,0,0,0
1756703618,3531,-0.02,0.0,-0.05,0.0,0.0,0.0,0.0,0.0,0,0,0
1756703618,3532,0.0,0.0,0.0,0.0,0.0,0.0,0.0,0.0,0,0,0
1756703618,3533,0.0,0.0,-0.05,0.0,0.0,0.0,0.0,0.0,0,0,0
1756703618,3534,0.01,0.0,0.0,0.0,0.0,0.0,0.0,0.0,0,0,0
1756703618,3535,0.0,0.0,-0.02,0.0,0.0,0.0,0.0,0.0,0,0,0
1756703618,3536,0.03,0.0,-0.02,0.0,0.0,0.0,0.0,0.0,0,0,0
1756703618,3537,0.0,0.0,-0.01,0.0,0.0,0.0,0.0,0.0,0,0,0
1756703618,3538,0.0,0.0,0.0,0.0,0.0,0.0,0.0,0.0,0,0,0
1756703618,3539,0.01,0.0,0.0,0.0,0.0,0.0,0.0,0.0,0,0,0
1756703618,3540,0.05,0.0,-0.02,0.0,0.0,0.0,0.0,0.0,0,0,0
1756703618,3541,0.02,0.0,-0.01,0.0,0.0,0.0,0.0,0.0,0,0,0
1756703618,3542,0.0,0.0,0.02,0.0,0.0,0.0,0.0,0.0,0,0,0
1756703618,3543,-0.02,0.0,0.0,0.0,0.0,0.0,0.0,0.0,0,0,0
1756703618,3544,0.03,0.0,-0.05,0.0,0.0,0.0,0.0,0.0,0,0,0
1756703618,3545,0.0,0.0,-0.1,0.0,0.0,0.0,0.0,0.0,0,0,0
1756703618,3546,0.0,0.0,0.0,0.0,0.0,0.0,0.0,0.0,0,0,0
1756703618,3547,0.07,0.0,0.0,0.0,0.0,0.0,0.0,0.0,0,0,0
1756703618,3548,0.05,0.0,0.0,0.0,0.0,0.0,0.0,0.0,0,0,0
1756703618,3549,0.05,0.0,0.0,0.0,0.0,0.0,0.0,0.0,0,0,0
1756703618,3550,0.0,0.0,0.01,0.0,0.0,0.0,0.0,0.0,0,0,0
1756703618,3551,0.0,0.0,0.0,0.0,0.0,0.0,0.0,0.0,0,0,0
1756703618,3552,-0.02,0.0,-0.01,0.0,0.0,0.0,0.0,0.0,0,0,0
1756703618,3553,0.0,0.0,-0.01,0.0,0.0,0.0,0.0,0.0,0,0,0
1756703618,3554,-0.02,0.0,0.0,0.0,0.0,0.0,0.0,0.0,0,0,0
1756703618,3555,0.01,0.0,-0.03,0.0,0.0,0.0,0.0,0.0,0,0,0
1756703618,3556,0.0,0.0,-0.02,0.0,0.0,0.0,0.0,0.0,0,0,0
1756703618,3557,0.0,0.0,0.0,0.0,0.0,0.0,0.0,0.0,0,0,0
1756703618,3558,0.0,0.0,-0.01,0.0,0.0,0.0,0.0,0.0,0,0,0
1756703618,3559,-0.05,0.0,0.02,0.0,0.0,0.0,0.0,0.0,0,0,0
1756703618,3560,-0.01,0.0,-0.01,0.0,0.0,0.0,0.0,0.0,0,0,0
1756703618,3561,0.0,0.0,0.0,0.0,0.0,0.0,0.0,0.0,0,0,0
1756703618,3562,0.0,0.0,-0.03,0.0,0.0,0.0,0.0,0.0,0,0,0
1756703618,3563,0.0,0.0,-0.02,0.0,0.0,0.0,0.0,0.0,0,0,0
1756703618,3564,0.01,0.0,0.0,0.0,0.0,0.0,0.0,0.0,0,0,0
1756703618,3565,0.0,0.0,0.0,0.0,0.0,0.0,0.0,0.0,0,0,0
1756703618,3566,0.07,0.0,0.0,0.0,0.0,0.0,0.0,0.0,0,0,0
1756703618,3567,0.02,0.0,0.0,0.0,0.0,0.0,0.0,0.0,0,0,0
1756703618,3568,0.0,0.0,-0.01,0.0,0.0,0.0,0.0,0.0,0,0,0
1756703618,3569,0.0,0.0,-0.03,0.0,0.0,0.0,0.0,0.0,0,0,0
1756703618,3570,0.0,0.0,-0.01,0.0,0.0,0.0,0.0,0.0,0,0,0
1756703618,3571,0.0,0.0,0.0,0.0,0.0,0.0,0.0,0.0,0,0,0
1756703618,3572,0.03,0.0,0.0,0.0,0.0,0.0,0.0,0.0,0,0,0
1756703619,3573,-0.02,0.0,-0.03,0.0,0.0,0.0,0.0,0.0,0,0,0
1756703619,3574,-0.05,0.0,0.0,0.0,0.0,0.0,0.0,0.0,0,0,0
1756703619,3575,0.0,0.0,0.0,0.0,0.0,0.0,0.0,0.0,0,0,0
1756703619,3576,-0.01,0.0,0.0,0.0,0.0,0.0,0.0,0.0,0,0,0
1756703619,3577,-0.01,0.0,0.0,0.0,0.0,0.0,0.0,0.0,0,0,0
1756703619,3578,0.09,0.0,-0.02,0.0,0.0,0.0,0.0,0.0,0,0,0
1756703619,3579,0.07,0.0,0.0,0.0,0.0,0.0,0.0,0.0,0,0,0
1756703619,3580,0.02,0.0,0.0,0.0,0.0,0.0,0.0,0.0,0,0,0
1756703619,3581,0.03,0.0,0.0,0.0,0.0,0.0,0.0,0.0,0,0,0
1756703619,3582,0.03,0.0,0.0,0.0,0.0,0.0,0.0,0.0,0,0,0
1756703619,3583,0.0,0.0,0.02,0.0,0.0,0.0,0.0,0.0,0,0,0
1756703619,3584,-0.01,0.0,-0.02,0.0,0.0,0.0,0.0,0.0,0,0,0
1756703619,3585,-0.02,0.0,0.0,0.0,0.0,0.0,0.0,0.0,0,0,0
1756703619,3586,-0.01,0.0,0.0,0.0,0.0,0.0,0.0,0.0,0,0,0
1756703619,3587,0.0,0.0,-0.03,0.0,0.0,0.0,0.0,0.0,0,0,0
1756703619,3588,0.0,0.0,0.0,0.0,0.0,0.0,0.0,0.0,0,0,0
1756703619,3589,0.0,0.0,0.0,0.0,0.0,0.0,0.0,0.0,0,0,0
1756703619,3590,0.0,0.0,-0.02,0.0,0.0,0.0,0.0,0.0,0,0,0
1756703619,3591,0.02,0.0,0.0,0.0,0.0,0.0,0.0,0.0,0,0,0
1756703619,3592,0.05,0.0,-0.09,0.0,0.0,0.0,0.0,0.0,0,0,0
1756703619,3593,0.0,0.0,0.0,0.0,0.0,0.0,0.0,0.0,0,0,0
1756703619,3594,0.0,0.0,-0.01,0.0,0.0,0.0,0.0,0.0,0,0,0
1756703619,3595,0.01,0.0,-0.02,0.0,0.0,0.0,0.0,0.0,0,0,0
1756703619,3596,0.01,0.0,0.0,0.0,0.0,0.0,0.0,0.0,0,0,0
1756703619,3597,-0.02,0.0,-0.03,0.0,0.0,0.0,0.0,0.0,0,0,0
1756703619,3598,0.03,0.0,0.0,0.0,0.0,0.0,0.0,0.0,0,0,0
1756703619,3599,-0.05,0.0,0.01,0.0,0.0,0.0,0.0,0.0,0,0,0
1756703619,3600,0.02,0.0,-0.05,0.0,0.0,0.0,0.0,0.0,0,0,0
1756703619,3601,0.07,0.0,-0.03,0.0,0.0,0.0,0.0,0.0,0,0,0
1756703619,3602,0.0,0.0,-0.07,0.0,0.0,0.0,0.0,0.0,0,0,0
1756703619,3603,0.03,0.0,-0.03,0.0,0.0,0.0,0.0,0.0,0,0,0
1756703619,3604,-0.03,0.0,0.0,0.0,0.0,0.0,0.0,0.0,0,0,0
1756703619,3605,0.0,0.0,-0.01,0.0,0.0,0.0,0.0,0.0,0,0,0
1756703619,3606,0.03,0.0,0.0,0.0,0.0,0.0,0.0,0.0,0,0,0
1756703619,3607,-0.02,0.0,0.0,0.0,0.0,0.0,0.0,0.0,0,0,0
1756703619,3608,0.0,0.0,-0.03,0.0,0.0,0.0,0.0,0.0,0,0,0
1756703619,3609,0.0,0.0,-0.01,0.0,0.0,0.0,0.0,0.0,0,0,0
1756703619,3610,0.05,0.0,0.0,0.0,0.0,0.0,0.0,0.0,0,0,0
1756703619,3611,0.02,0.0,0.0,0.0,0.0,0.0,0.0,0.0,0,0,0
1756703619,3612,0.0,0.0,0.02,0.0,0.0,0.0,0.0,0.0,0,0,0
1756703619,3613,0.0,0.0,0.0,0.0,0.0,0.0,0.0,0.0,0,0,0
1756703619,3614,0.01,0.0,0.0,0.0,0.0,0.0,0.0,0.0,0,0,0
1756703619,3615,0.0,0.0,-0.03,0.0,0.0,0.0,0.0,0.0,0,0,0
1756703619,3616,0.0,0.0,-0.01,0.0,0.0,0.0,0.0,0.0,0,0,0
1756703619,3617,0.02,0.0,0.0,0.0,0.0,0.0,0.0,0.0,0,0,0
1756703619,3618,0.0,0.0,0.01,0.0,0.0,0.0,0.0,0.0,0,0,0
1756703619,3619,-0.07,0.0,0.0,0.0,0.0,0.0,0.0,0.0,0,0,0
1756703619,3620,0.0,0.0,-0.05,0.0,0.0,0.0,0.0,0.0,0,0,0
1756703619,3621,0.02,0.0,0.0,0.0,0.0,0.0,0.0,0.0,0,0,0
1756703619,3622,0.0,0.0,0.0,0.0,0.0,0.0,0.0,0.0,0,0,0
1756703619,3623,0.01,0.0,0.0,0.0,0.0,0.0,0.0,0.0,0,0,0
1756703619,3624,0.02,0.0,0.0,0.0,0.0,0.0,0.0,0.0,0,0,0
1756703619,3625,0.03,0.0,-0.01,0.0,0.0,0.0,0.0,0.0,0,0,0
1756703619,3626,0.03,0.0,0.0,0.0,0.0,0.0,0.0,0.0,0,0,0
1756703619,3627,0.0,0.0,0.0,0.0,0.0,0.0,0.0,0.0,0,0,0
1756703619,3628,0.0,0.0,0.0,0.0,0.0,0.0,0.0,0.0,0,0,0
1756703619,3629,0.0,0.0,0.0,0.0,0.0,0.0,0.0,0.0,0,0,0
1756703619,3630,0.05,0.0,-0.01,0.0,0.0,0.0,0.0,0.0,0,0,0
1756703619,3631,0.0,0.0,-0.09,0.0,0.0,0.0,0.0,0.0,0,0,0
1756703619,3632,0.03,0.0,-0.12,0.0,0.0,0.0,0.0,0.0,0,0,0
1756703619,3633,0.11,0.0,-0.01,0.0,0.0,0.0,0.0,0.0,0,0,0
1756703620,3634,0.0,0.0,0.0,0.0,0.0,0.0,0.0,0.0,0,0,0
1756703620,3635,0.01,0.0,0.01,0.0,0.0,0.0,0.0,0.0,0,0,0
1756703620,3636,-0.02,0.0,0.0,0.0,0.0,0.0,0.0,0.0,0,0,0
1756703620,3637,0.03,0.0,0.05,0.0,0.0,0.0,0.0,0.0,0,0,0
1756703620,3638,0.0,0.0,0.0,0.0,0.0,0.0,0.0,0.0,0,0,0
1756703620,3639,-0.01,0.0,-0.09,0.0,0.0,0.0,0.0,0.0,0,0,0
1756703620,3640,0.0,0.0,0.0,0.0,0.0,0.0,0.0,0.0,0,0,0
1756703620,3641,0.0,0.0,-0.05,0.0,0.0,0.0,0.0,0.0,0,0,0
1756703620,3642,0.01,0.0,-0.02,0.0,0.0,0.0,0.0,0.0,0,0,0
1756703620,3643,0.0,0.0,-0.01,0.0,0.0,0.0,0.0,0.0,0,0,0
1756703620,3644,-0.02,0.0,-0.01,0.0,0.0,0.0,0.0,0.0,0,0,0
1756703620,3645,0.03,0.0,0.01,0.0,0.0,0.0,0.0,0.0,0,0,0
1756703620,3646,-0.07,0.0,-0.01,0.0,0.0,0.0,0.0,0.0,0,0,0
1756703620,3647,-0.03,0.0,0.01,0.0,0.0,0.0,0.0,0.0,0,0,0
1756703620,3648,0.01,0.0,0.0,0.0,0.0,0.0,0.0,0.0,0,0,0
1756703620,3649,0.01,0.0,0.0,0.0,0.0,0.0,0.0,0.0,0,0,0
1756703620,3650,0.01,0.0,0.0,0.0,0.0,0.0,0.0,0.0,0,0,0
1756703620,3651,0.01,0.0,0.0,0.0,0.0,0.0,0.0,0.0,0,0,0
1756703620,3652,-0.03,0.0,-0.02,0.0,0.0,0.0,0.0,0.0,0,0,0
1756703620,3653,-0.05,0.0,0.0,0.0,0.0,0.0,0.0,0.0,0,0,0
1756703620,3654,0.05,0.0,-0.01,0.0,0.0,0.0,0.0,0.0,0,0,0
1756703620,3655,0.0,0.0,0.0,0.0,0.0,0.0,0.0,0.0,0,0,0
1756703620,3656,0.0,0.0,-0.01,0.0,0.0,0.0,0.0,0.0,0,0,0
1756703620,3657,0.0,0.0,0.0,0.0,0.0,0.0,0.0,0.0,0,0,0
1756703620,3658,0.03,0.0,-0.05,0.0,0.0,0.0,0.0,0.0,0,0,0
1756703620,3659,0.03,0.0,0.0,0.0,0.0,0.0,0.0,0.0,0,0,0
1756703620,3660,-0.02,0.0,0.0,0.0,0.0,0.0,0.0,0.0,0,0,0
1756703620,3661,0.0,0.0,0.0,0.0,0.0,0.0,0.0,0.0,0,0,0
1756703620,3662,0.0,0.0,-0.01,0.0,0.0,0.0,0.0,0.0,0,0,0
1756703620,3663,0.0,0.0,-0.05,0.0,0.0,0.0,0.0,0.0,0,0,0
1756703620,3664,0.0,0.0,0.03,0.0,0.0,0.0,0.0,0.0,0,0,0
1756703620,3665,0.02,0.0,0.0,0.0,0.0,0.0,0.0,0.0,0,0,0
1756703620,3666,0.0,0.0,-0.01,0.0,0.0,0.0,0.0,0.0,0,0,0
1756703620,3667,0.0,0.0,-0.01,0.0,0.0,0.0,0.0,0.0,0,0,0
1756703620,3668,0.0,0.0,-0.02,0.0,0.0,0.0,0.0,0.0,0,0,0
1756703620,3669,0.0,0.0,-0.02,0.0,0.0,0.0,0.0,0.0,0,0,0
1756703620,3670,0.0,0.0,0.0,0.0,0.0,0.0,0.0,0.0,0,0,0
1756703620,3671,0.0,0.0,-0.03,0.0,0.0,0.0,0.0,0.0,0,0,0
1756703620,3672,0.0,0.0,-0.03,0.0,0.0,0.0,0.0,0.0,0,0,0
1756703620,3673,0.0,0.0,0.0,0.0,0.0,0.0,0.0,0.0,0,0,0
1756703620,3674,0.01,0.0,-0.02,0.0,0.0,0.0,0.0,0.0,0,0,0
1756703620,3675,0.01,0.0,-0.02,0.0,0.0,0.0,0.0,0.0,0,0,0
1756703620,3676,0.02,0.0,0.03,0.0,0.0,0.0,0.0,0.0,0,0,0
1756703620,3677,0.07,0.0,0.0,0.0,0.0,0.0,0.0,0.0,0,0,0
1756703620,3678,-0.11,0.0,-0.03,0.0,0.0,0.0,0.0,0.0,0,0,0
1756703620,3679,0.0,0.0,0.0,0.0,0.0,0.0,0.0,0.0,0,0,0
1756703620,3680,0.0,0.0,-0.03,0.0,0.0,0.0,0.0,0.0,0,0,0
1756703620,3681,0.01,0.0,0.0,0.0,0.0,0.0,0.0,0.0,0,0,0
1756703620,3682,0.0,0.0,-0.05,0.0,0.0,0.0,0.0,0.0,0,0,0
1756703620,3683,0.0,0.0,-0.02,0.0,0.0,0.0,0.0,0.0,0,0,0
1756703620,3684,0.0,0.0,-0.05,0.0,0.0,0.0,0.0,0.0,0,0,0
1756703620,3685,0.0,0.0,0.0,0.0,0.0,0.0,0.0,0.0,0,0,0
1756703620,3686,0.03,0.0,-0.02,0.0,0.0,0.0,0.0,0.0,0,0,0
1756703620,3687,0.0,0.0,-0.01,0.0,0.0,0.0,0.0,0.0,0,0,0
1756703620,3688,-0.05,0.0,0.05,0.0,0.0,0.0,0.0,0.0,0,0,0
1756703620,3689,0.0,0.0,-0.05,0.0,0.0,0.0,0.0,0.0,0,0,0
1756703620,3690,0.0,0.0,0.02,0.0,0.0,0.0,0.0,0.0,0,0,0
1756703620,3691,-0.03,0.0,0.0,0.0,0.0,0.0,0.0,0.0,0,0,0
1756703620,3692,0.0,0.0,0.0,0.0,0.0,0.0,0.0,0.0,0,0,0
1756703620,3693,0.0,0.0,0.0,0.0,0.0,0.0,0.0,0.0,0,0,0
1756703620,3694,0.0,0.0,0.0,0.0,0.0,0.0,0.0,0.0,0,0,0
1756703620,3695,0.01,0.0,0.0,0.0,0.0,0.0,0.0,0.0,0,0,0
1756703620,3696,0.03,0.0,0.0,0.0,0.0,0.0,0.0,0.0,0,0,0
1756703620,3697,0.03,0.0,0.0,0.0,0.0,0.0,0.0,0.0,0,0,0
1756703620,3698,0.0,0.0,0.0,0.0,0.0,0.0,0.0,0.0,0,0,0
1756703620,3699,0.0,0.0,0.0,0.0,0.0,0.0,0.0,0.0,0,0,0
1756703620,3700,0.0,0.0,0.0,0.0,0.0,0.0,0.0,0.0,0,0,0
1756703620,3701,0.1,0.0,-0.07,0.0,0.0,0.0,0.0,0.0,0,0,0
1756703620,3702,-0.01,0.0,0.0,0.0,0.0,0.0,0.0,0.0,0,0,0
1756703621,3703,0.03,0.0,0.01,0.0,0.0,0.0,0.0,0.0,0,0,0
1756703621,3704,0.0,0.0,-0.03,0.0,0.0,0.0,0.0,0.0,0,0,0
1756703621,3705,0.0,0.0,-0.02,0.0,0.0,0.0,0.0,0.0,0,0,0
1756703621,3706,0.01,0.0,0.0,0.0,0.0,0.0,0.0,0.0,0,0,0
1756703621,3707,-0.01,0.0,0.0,0.0,0.0,0.0,0.0,0.0,0,0,0
1756703621,3708,-0.01,0.0,-0.01,0.0,0.0,0.0,0.0,0.0,0,0,0
1756703621,3709,0.05,0.0,0.0,0.0,0.0,0.0,0.0,0.0,0,0,0
1756703621,3710,0.0,0.0,0.0,0.0,0.0,0.0,0.0,0.0,0,0,0
1756703621,3711,0.0,0.0,-0.01,0.0,0.0,0.0,0.0,0.0,0,0,0
1756703621,3712,0.0,0.0,0.0,0.0,0.0,0.0,0.0,0.0,0,0,0
1756703621,3713,0.0,0.0,0.01,0.0,0.0,0.0,0.0,0.0,0,0,0
1756703621,3714,0.05,0.0,0.0,0.0,0.0,0.0,0.0,0.0,0,0,0
1756703621,3715,0.07,0.0,-0.02,0.0,0.0,0.0,0.0,0.0,0,0,0
1756703621,3716,-0.01,0.0,0.01,0.0,0.0,0.0,0.0,0.0,0,0,0
1756703621,3717,0.03,0.0,-0.05,0.0,0.0,0.0,0.0,0.0,0,0,0
1756703621,3718,-0.01,0.0,-0.02,0.0,0.0,0.0,0.0,0.0,0,0,0
1756703621,3719,0.02,0.0,0.0,0.0,0.0,0.0,0.0,0.0,0,0,0
1756703621,3720,-0.01,0.0,-0.05,0.0,0.0,0.0,0.0,0.0,0,0,0
1756703621,3721,0.05,0.0,-0.05,0.0,0.0,0.0,0.0,0.0,0,0,0
1756703621,3722,0.0,0.0,0.01,0.0,0.0,0.0,0.0,0.0,0,0,0
1756703621,3723,0.0,0.0,-0.01,0.0,0.0,0.0,0.0,0.0,0,0,0
1756703621,3724,0.0,0.0,-0.02,0.0,0.0,0.0,0.0,0.0,0,0,0
1756703621,3725,0.0,0.0,-0.01,0.0,0.0,0.0,0.0,0.0,0,0,0
1756703621,3726,0.0,0.0,-0.01,0.0,0.0,0.0,0.0,0.0,0,0,0
1756703621,3727,-0.01,0.0,0.0,0.0,0.0,0.0,0.0,0.0,0,0,0
1756703621,3728,0.0,0.0,0.0,0.0,0.0,0.0,0.0,0.0,0,0,0
1756703621,3729,0.0,0.0,-0.02,0.0,0.0,0.0,0.0,0.0,0,0,0
1756703621,3730,0.01,0.0,-0.01,0.0,0.0,0.0,0.0,0.0,0,0,0
1756703621,3731,-0.02,0.0,0.0,0.0,0.0,0.0,0.0,0.0,0,0,0
1756703621,3732,0.0,0.0,0.0,0.0,0.0,0.0,0.0,0.0,0,0,0
1756703621,3733,0.0,0.0,-0.02,0.0,0.0,0.0,0.0,0.0,0,0,0
1756703621,3734,0.0,0.0,0.0,0.0,0.0,0.0,0.0,0.0,0,0,0
1756703621,3735,0.05,0.0,-0.05,0.0,0.0,0.0,0.0,0.0,0,0,0
1756703621,3736,0.0,0.0,0.0,0.0,0.0,0.0,0.0,0.0,0,0,0
1756703621,3737,0.0,0.0,0.0,0.0,0.0,0.0,0.0,0.0,0,0,0
1756703621,3738,-0.1,0.0,-0.05,0.0,0.0,0.0,0.0,0.0,0,0,0
1756703621,3739,0.01,0.0,-0.01,0.0,0.0,0.0,0.0,0.0,0,0,0
1756703621,3740,0.0,0.0,-0.03,0.0,0.0,0.0,0.0,0.0,0,0,0
1756703621,3741,0.05,0.0,0.0,0.0,0.0,0.0,0.0,0.0,0,0,0
1756703621,3742,0.0,0.0,-0.03,0.0,0.0,0.0,0.0,0.0,0,0,0
1756703621,3743,0.0,0.0,-0.01,0.0,0.0,0.0,0.0,0.0,0,0,0
1756703621,3744,0.01,0.0,-0.03,0.0,0.0,0.0,0.0,0.0,0,0,0
1756703621,3745,0.0,0.0,-0.01,0.0,0.0,0.0,0.0,0.0,0,0,0
1756703621,3746,0.02,0.0,-0.01,0.0,0.0,0.0,0.0,0.0,0,0,0
1756703621,3747,0.0,0.0,0.0,0.0,0.0,0.0,0.0,0.0,0,0,0
1756703621,3748,0.02,0.0,0.0,0.0,0.0,0.0,0.0,0.0,0,0,0
1756703621,3749,0.05,0.0,0.02,0.0,0.0,0.0,0.0,0.0,0,0,0
1756703621,3750,0.0,0.0,-0.03,0.0,0.0,0.0,0.0,0.0,0,0,0
1756703621,3751,0.0,0.0,0.0,0.0,0.0,0.0,0.0,0.0,0,0,0
1756703621,3752,0.0,0.0,-0.03,0.0,0.0,0.0,0.0,0.0,0,0,0
1756703621,3753,0.0,0.0,0.02,0.0,0.0,0.0,0.0,0.0,0,0,0
1756703621,3754,-0.02,0.0,0.0,0.0,0.0,0.0,0.0,0.0,0,0,0
1756703621,3755,0.0,0.0,-0.07,0.0,0.0,0.0,0.0,0.0,0,0,0
1756703621,3756,0.03,0.0,-0.17,0.0,0.0,0.0,0.0,0.0,0,0,0
1756703621,3757,0.0,0.0,-0.02,0.0,0.0,0.0,0.0,0.0,0,0,0
1756703621,3758,0.0,0.0,0.0,0.0,0.0,0.0,0.0,0.0,0,0,0
1756703621,3759,0.0,0.0,-0.01,0.0,0.0,0.0,0.0,0.0,0,0,0
1756703621,3760,0.0,0.0,0.0,0.0,0.0,0.0,0.0,0.0,0,0,0
1756703621,3761,0.03,0.0,0.0,0.0,0.0,0.0,0.0,0.0,0,0,0
1756703621,3762,0.0,0.0,0.0,0.0,0.0,0.0,0.0,0.0,0,0,0
1756703621,3763,0.1,0.0,0.0,0.0,0.0,0.0,0.0,0.0,0,0,0
1756703621,3764,-0.05,0.0,0.0,0.0,0.0,0.0,0.0,0.0,0,0,0
1756703621,3765,-0.1,0.0,0.01,0.0,0.0,0.0,0.0,0.0,0,0,0
1756703622,3766,0.07,0.0,-0.01,0.0,0.0,0.0,0.0,0.0,0,0,0
1756703622,3767,0.03,0.0,0.0,0.0,0.0,0.0,0.0,0.0,0,0,0
1756703622,3768,-0.11,0.0,0.0,0.0,0.0,0.0,0.0,0.0,0,0,0
1756703622,3769,-0.07,0.0,0.0,0.0,0.0,0.0,0.0,0.0,0,0,0
1756703622,3770,0.0,0.0,0.0,0.0,0.0,0.0,0.0,0.0,0,0,0
1756703622,3771,0.0,0.0,0.0,0.0,0.0,0.0,0.0,0.0,0,0,0
1756703622,3772,0.05,0.0,-0.02,0.0,0.0,0.0,0.0,0.0,0,0,0
1756703622,3773,0.05,0.0,-0.05,0.0,0.0,0.0,0.0,0.0,0,0,0
1756703622,3774,-0.03,0.0,-0.07,0.0,0.0,0.0,0.0,0.0,0,0,0
1756703622,3775,0.03,0.0,0.0,0.0,0.0,0.0,0.0,0.0,0,0,0
1756703622,3776,0.03,0.0,0.0,0.0,0.0,0.0,0.0,0.0,0,0,0
1756703622,3777,0.0,0.0,-0.02,0.0,0.0,0.0,0.0,0.0,0,0,0
1756703622,3778,0.05,0.0,-0.03,0.0,0.0,0.0,0.0,0.0,0,0,0
1756703622,3779,0.0,0.0,0.0,0.0,0.0,0.0,0.0,0.0,0,0,0
1756703622,3780,0.0,0.0,0.0,0.0,0.0,0.0,0.0,0.0,0,0,0
1756703622,3781,0.0,0.0,-0.02,0.0,0.0,0.0,0.0,0.0,0,0,0
1756703622,3782,-0.07,0.0,0.0,0.0,0.0,0.0,0.0,0.0,0,0,0
1756703622,3783,0.02,0.0,0.0,0.0,0.0,0.0,0.0,0.0,0,0,0
1756703622,3784,0.03,0.0,0.0,0.0,0.0,0.0,0.0,0.0,0,0,0
1756703622,3785,0.03,0.0,0.0,0.0,0.0,0.0,0.0,0.0,0,0,0
1756703622,3786,0.05,0.0,-0.01,0.0,0.0,0.0,0.0,0.0,0,0,0
1756703622,3787,0.0,0.0,0.01,0.0,0.0,0.0,0.0,0.0,0,0,0
1756703622,3788,0.01,0.0,-0.05,0.0,0.0,0.0,0.0,0.0,0,0,0
1756703622,3789,0.0,0.0,0.0,0.0,0.0,0.0,0.0,0.0,0,0,0
1756703622,3790,0.0,0.0,0.0,0.0,0.0,0.0,0.0,0.0,0,0,0
1756703622,3791,0.01,0.0,-0.02,0.0,0.0,0.0,0.0,0.0,0,0,0
1756703622,3792,0.0,0.0,0.0,0.0,0.0,0.0,0.0,0.0,0,0,0
1756703622,3793,0.03,0.0,-0.01,0.0,0.0,0.0,0.0,0.0,0,0,0
1756703622,3794,0.01,0.0,-0.02,0.0,0.0,0.0,0.0,0.0,0,0,0
1756703622,3795,0.02,0.0,-0.01,0.0,0.0,0.0,0.0,0.0,0,0,0
1756703622,3796,0.01,0.0,-0.05,0.0,0.0,0.0,0.0,0.0,0,0,0
1756703622,3797,0.0,0.0,-0.05,0.0,0.0,0.0,0.0,0.0,0,0,0
1756703622,3798,-0.02,0.0,0.0,0.0,0.0,0.0,0.0,0.0,0,0,0
1756703622,3799,0.02,0.0,-0.01,0.0,0.0,0.0,0.0,0.0,0,0,0
1756703622,3800,0.0,0.0,-0.01,0.0,0.0,0.0,0.0,0.0,0,0,0
1756703622,3801,0.02,0.0,0.02,0.0,0.0,0.0,0.0,0.0,0,0,0
1756703622,3802,0.03,0.0,-0.01,0.0,0.0,0.0,0.0,0.0,0,0,0
1756703622,3803,0.01,0.0,-0.01,0.0,0.0,0.0,0.0,0.0,0,0,0
1756703622,3804,0.0,0.0,0.0,0.0,0.0,0.0,0.0,0.0,0,0,0
1756703622,3805,0.01,0.0,-0.03,0.0,0.0,0.0,0.0,0.0,0,0,0
1756703622,3806,-0.01,0.0,0.0,0.0,0.0,0.0,0.0,0.0,0,0,0
1756703622,3807,0.1,0.0,0.01,0.0,0.0,0.0,0.0,0.0,0,0,0
1756703622,3808,0.0,0.0,0.0,0.0,0.0,0.0,0.0,0.0,0,0,0
1756703622,3809,0.0,0.0,-0.03,0.0,0.0,0.0,0.0,0.0,0,0,0
1756703622,3810,-0.02,0.0,-0.01,0.0,0.0,0.0,0.0,0.0,0,0,0
1756703622,3811,0.0,0.0,0.0,0.0,0.0,0.0,0.0,0.0,0,0,0
1756703622,3812,0.01,0.0,0.0,0.0,0.0,0.0,0.0,0.0,0,0,0
1756703622,3813,0.01,0.0,-0.01,0.0,0.0,0.0,0.0,0.0,0,0,0
1756703622,3814,0.02,0.0,0.0,0.0,0.0,0.0,0.0,0.0,0,0,0
1756703622,3815,0.0,0.0,0.0,0.0,0.0,0.0,0.0,0.0,0,0,0
1756703622,3816,0.02,0.0,-0.07,0.0,0.0,0.0,0.0,0.0,0,0,0
1756703622,3817,0.03,0.0,-0.01,0.0,0.0,0.0,0.0,0.0,0,0,0
1756703622,3818,0.0,0.0,-0.05,0.0,0.0,0.0,0.0,0.0,0,0,0
1756703622,3819,-0.09,0.0,0.0,0.0,0.0,0.0,0.0,0.0,0,0,0
1756703622,3820,0.03,0.0,-0.07,0.0,0.0,0.0,0.0,0.0,0,0,0
1756703622,3821,-0.01,0.0,0.0,0.0,0.0,0.0,0.0,0.0,0,0,0
1756703622,3822,0.01,0.0,0.0,0.0,0.0,0.0,0.0,0.0,0,0,0
1756703622,3823,0.0,0.0,-0.01,0.0,0.0,0.0,0.0,0.0,0,0,0
1756703622,3824,0.01,0.0,-0.03,0.0,0.0,0.0,0.0,0.0,0,0,0
1756703622,3825,0.1,0.0,-0.03,0.0,0.0,0.0,0.0,0.0,0,0,0
1756703622,3826,0.05,0.0,0.0,0.0,0.0,0.0,0.0,0.0,0,0,0
1756703622,3827,0.0,0.0,0.0,0.0,0.0,0.0,0.0,0.0,0,0,0
1756703622,3828,0.0,0.0,-0.02,0.0,0.0,0.0,0.0,0.0,0,0,0
1756703622,3829,0.1,0.0,0.05,0.0,0.0,0.0,0.0,0.0,0,0,0
1756703622,3830,0.0,0.0,0.0,0.0,0.0,0.0,0.0,0.0,0,0,0
1756703622,3831,0.01,0.0,-0.05,0.0,0.0,0.0,0.0,0.0,0,0,0
1756703622,3832,0.0,0.0,0.05,0.0,0.0,0.0,0.0,0.0,0,0,0
1756703622,3833,0.0,0.0,0.0,0.0,0.0,0.0,0.0,0.0,0,0,0
1756703622,3834,0.0,0.0,0.0,0.0,0.0,0.0,0.0,0.0,0,0,0
1756703623,3835,-0.03,0.0,-0.03,0.0,0.0,0.0,0.0,0.0,0,0,0
1756703623,3836,-0.02,0.0,0.0,0.0,0.0,0.0,0.0,0.0,0,0,0
1756703623,3837,0.0,0.0,0.01,0.0,0.0,0.0,0.0,0.0,0,0,0
1756703623,3838,0.05,0.0,-0.01,0.0,0.0,0.0,0.0,0.0,0,0,0
1756703623,3839,-0.01,0.0,0.0,0.0,0.0,0.0,0.0,0.0,0,0,0
1756703623,3840,0.05,0.0,0.0,0.0,0.0,0.0,0.0,0.0,0,0,0
1756703623,3841,0.0,0.0,0.0,0.0,0.0,0.0,0.0,0.0,0,0,0
1756703623,3842,0.0,0.0,0.0,0.0,0.0,0.0,0.0,0.0,0,0,0
1756703623,3843,-0.02,0.0,-0.01,0.0,0.0,0.0,0.0,0.0,0,0,0
1756703623,3844,0.02,0.0,-0.03,0.0,0.0,0.0,0.0,0.0,0,0,0
1756703623,3845,-0.02,0.0,-0.05,0.0,0.0,0.0,0.0,0.0,0,0,0
1756703623,3846,0.0,0.0,0.0,0.0,0.0,0.0,0.0,0.0,0,0,0
1756703623,3847,0.0,0.0,0.03,0.0,0.0,0.0,0.0,0.0,0,0,0
1756703623,3848,0.0,0.0,-0.05,0.0,0.0,0.0,0.0,0.0,0,0,0
1756703623,3849,-0.03,0.0,0.0,0.0,0.0,0.0,0.0,0.0,0,0,0
1756703623,3850,0.02,0.0,0.0,0.0,0.0,0.0,0.0,0.0,0,0,0
1756703623,3851,0.02,0.0,0.0,0.0,0.0,0.0,0.0,0.0,0,0,0
1756703623,3852,0.02,0.0,0.0,0.0,0.0,0.0,0.0,0.0,0,0,0
1756703623,3853,0.0,0.0,-0.09,0.0,0.0,0.0,0.0,0.0,0,0,0
1756703623,3854,0.02,0.0,-0.01,0.0,0.0,0.0,0.0,0.0,0,0,0
1756703623,3855,-0.07,0.0,0.0,0.0,0.0,0.0,0.0,0.0,0,0,0
1756703623,3856,-0.02,0.0,-0.05,0.0,0.0,0.0,0.0,0.0,0,0,0
1756703623,3857,0.0,0.0,0.0,0.0,0.0,0.0,0.0,0.0,0,0,0
1756703623,3858,0.02,0.0,-0.05,0.0,0.0,0.0,0.0,0.0,0,0,0
1756703623,3859,0.0,0.0,0.0,0.0,0.0,0.0,0.0,0.0,0,0,0
1756703623,3860,0.05,0.0,0.0,0.0,0.0,0.0,0.0,0.0,0,0,0
1756703623,3861,0.02,0.0,0.0,0.0,0.0,0.0,0.0,0.0,0,0,0
1756703623,3862,0.02,0.0,-0.1,0.0,0.0,0.0,0.0,0.0,0,0,0
1756703623,3863,0.01,0.0,-0.05,0.0,0.0,0.0,0.0,0.0,0,0,0
1756703623,3864,0.0,0.0,0.0,0.0,0.0,0.0,0.0,0.0,0,0,0
1756703623,3865,0.0,0.0,0.05,0.0,0.0,0.0,0.0,0.0,0,0,0
1756703623,3866,0.02,0.0,0.02,0.0,0.0,0.0,0.0,0.0,0,0,0
1756703623,3867,-0.01,0.0,0.0,0.0,0.0,0.0,0.0,0.0,0,0,0
1756703623,3868,0.02,0.0,0.0,0.0,0.0,0.0,0.0,0.0,0,0,0
1756703623,3869,0.1,0.0,-0.09,0.0,0.0,0.0,0.0,0.0,0,0,0
1756703623,3870,0.0,0.0,-0.07,0.0,0.0,0.0,0.0,0.0,0,0,0
1756703623,3871,0.05,0.0,0.0,0.0,0.0,0.0,0.0,0.0,0,0,0
1756703623,3872,0.0,0.0,-0.02,0.0,0.0,0.0,0.0,0.0,0,0,0
1756703623,3873,0.05,0.0,0.0,0.0,0.0,0.0,0.0,0.0,0,0,0
1756703623,3874,0.0,0.0,-0.03,0.0,0.0,0.0,0.0,0.0,0,0,0
1756703623,3875,0.01,0.0,0.0,0.0,0.0,0.0,0.0,0.0,0,0,0
1756703623,3876,0.0,0.0,0.0,0.0,0.0,0.0,0.0,0.0,0,0,0
1756703623,3877,0.0,0.0,-0.05,0.0,0.0,0.0,0.0,0.0,0,0,0
1756703623,3878,-0.01,0.0,-0.01,0.0,0.0,0.0,0.0,0.0,0,0,0
1756703623,3879,0.01,0.0,0.0,0.0,0.0,0.0,0.0,0.0,0,0,0
1756703623,3880,0.0,0.0,0.0,0.0,0.0,0.0,0.0,0.0,0,0,0
1756703623,3881,0.0,0.0,-0.03,0.0,0.0,0.0,0.0,0.0,0,0,0
1756703623,3882,0.0,0.0,-0.01,0.0,0.0,0.0,0.0,0.0,0,0,0
1756703623,3883,0.0,0.0,-0.03,0.0,0.0,0.0,0.0,0.0,0,0,0
1756703623,3884,0.01,0.0,0.0,0.0,0.0,0.0,0.0,0.0,0,0,0
1756703623,3885,0.0,0.0,-0.07,0.0,0.0,0.0,0.0,0.0,0,0,0
1756703623,3886,0.0,0.0,0.0,0.0,0.0,0.0,0.0,0.0,0,0,0
1756703623,3887,0.0,0.0,-0.02,0.0,0.0,0.0,0.0,0.0,0,0,0
1756703623,3888,0.01,0.0,0.0,0.0,0.0,0.0,0.0,0.0,0,0,0
1756703623,3889,0.0,0.0,0.0,0.0,0.0,0.0,0.0,0.0,0,0,0
1756703623,3890,0.03,0.0,0.0,0.0,0.0,0.0,0.0,0.0,0,0,0
1756703623,3891,-0.02,0.0,0.0,0.0,0.0,0.0,0.0,0.0,0,0,0
1756703623,3892,0.0,0.0,0.01,0.0,0.0,0.0,0.0,0.0,0,0,0
1756703623,3893,0.0,0.0,0.0,0.0,0.0,0.0,0.0,0.0,0,0,0
1756703623,3894,0.0,0.0,0.0,0.0,0.0,0.0,0.0,0.0,0,0,0
1756703623,3895,0.03,0.0,0.0,0.0,0.0,0.0,0.0,0.0,0,0,0
1756703623,3896,0.0,0.0,0.0,0.0,0.0,0.0,0.0,0.0,0,0,0
1756703623,3897,0.1,0.0,-0.05,0.0,0.0,0.0,0.0,0.0,0,0,0
1756703623,3898,0.0,0.0,0.0,0.0,0.0,0.0,0.0,0.0,0,0,0
1756703623,3899,0.05,0.0,-0.02,0.0,0.0,0.0,0.0,0.0,0,0,0
1756703624,3900,0.05,0.0,-0.01,0.0,0.0,0.0,0.0,0.0,0,0,0
1756703624,3901,0.01,0.0,0.0,0.0,0.0,0.0,0.0,0.0,0,0,0
1756703624,3902,0.05,0.0,0.0,0.0,0.0,0.0,0.0,0.0,0,0,0
1756703624,3903,-0.07,0.0,-0.01,0.0,0.0,0.0,0.0,0.0,0,0,0
1756703624,3904,0.0,0.0,0.0,0.0,0.0,0.0,0.0,0.0,0,0,0
1756703624,3905,0.0,0.0,-0.02,0.0,0.0,0.0,0.0,0.0,0,0,0
1756703624,3906,0.05,0.0,-0.05,0.0,0.0,0.0,0.0,0.0,0,0,0
1756703624,3907,-0.07,0.0,0.0,0.0,0.0,0.0,0.0,0.0,0,0,0
1756703624,3908,0.01,0.0,-0.09,0.0,0.0,0.0,0.0,0.0,0,0,0
1756703624,3909,0.01,0.0,0.0,0.0,0.0,0.0,0.0,0.0,0,0,0
1756703624,3910,0.0,0.0,-0.02,0.0,0.0,0.0,0.0,0.0,0,0,0
1756703624,3911,0.0,0.0,0.0,0.0,0.0,0.0,0.0,0.0,0,0,0
1756703624,3912,0.03,0.0,-0.02,0.0,0.0,0.0,0.0,0.0,0,0,0
1756703624,3913,0.0,0.0,0.0,0.0,0.0,0.0,0.0,0.0,0,0,0
1756703624,3914,-0.01,0.0,0.0,0.0,0.0,0.0,0.0,0.0,0,0,0
1756703624,3915,0.0,0.0,-0.02,0.0,0.0,0.0,0.0,0.0,0,0,0
1756703624,3916,0.01,0.0,0.0,0.0,0.0,0.0,0.0,0.0,0,0,0
1756703624,3917,0.0,0.0,-0.01,0.0,0.0,0.0,0.0,0.0,0,0,0
1756703624,3918,0.0,0.0,-0.01,0.0,0.0,0.0,0.0,0.0,0,0,0
1756703624,3919,0.0,0.0,0.0,0.0,0.0,0.0,0.0,0.0,0,0,0
1756703624,3920,0.0,0.0,0.0,0.0,0.0,0.0,0.0,0.0,0,0,0
1756703624,3921,-0.01,0.0,-0.03,0.0,0.0,0.0,0.0,0.0,0,0,0
1756703624,3922,0.0,0.0,-0.01,0.0,0.0,0.0,0.0,0.0,0,0,0
1756703624,3923,0.0,0.0,-0.05,0.0,0.0,0.0,0.0,0.0,0,0,0
1756703624,3924,0.05,0.0,0.0,0.0,0.0,0.0,0.0,0.0,0,0,0
1756703624,3925,0.05,0.0,0.03,0.0,0.0,0.0,0.0,0.0,0,0,0
1756703624,3926,0.03,0.0,0.0,0.0,0.0,0.0,0.0,0.0,0,0,0
1756703624,3927,0.0,0.0,0.0,0.0,0.0,0.0,0.0,0.0,0,0,0
1756703624,3928,0.0,0.0,0.0,0.0,0.0,0.0,0.0,0.0,0,0,0
1756703624,3929,-0.01,0.0,0.0,0.0,0.0,0.0,0.0,0.0,0,0,0
1756703624,3930,-0.05,0.0,0.0,0.0,0.0,0.0,0.0,0.0,0,0,0
1756703624,3931,0.03,0.0,0.0,0.0,0.0,0.0,0.0,0.0,0,0,0
1756703624,3932,0.01,0.0,0.0,0.0,0.0,0.0,0.0,0.0,0,0,0
1756703624,3933,0.01,0.0,0.0,0.0,0.0,0.0,0.0,0.0,0,0,0
1756703624,3934,0.0,0.0,0.0,0.0,0.0,0.0,0.0,0.0,0,0,0
1756703624,3935,0.0,0.0,-0.03,0.0,0.0,0.0,0.0,0.0,0,0,0
1756703624,3936,0.01,0.0,0.0,0.0,0.0,0.0,0.0,0.0,0,0,0
1756703624,3937,0.0,0.0,0.0,0.0,0.0,0.0,0.0,0.0,0,0,0
1756703624,3938,-0.05,0.0,0.0,0.0,0.0,0.0,0.0,0.0,0,0,0
1756703624,3939,0.0,0.0,-0.05,0.0,0.0,0.0,0.0,0.0,0,0,0
1756703624,3940,0.0,0.0,0.0,0.0,0.0,0.0,0.0,0.0,0,0,0
1756703624,3941,0.0,0.0,0.0,0.0,0.0,0.0,0.0,0.0,0,0,0
1756703624,3942,-0.01,0.0,0.07,0.0,0.0,0.0,0.0,0.0,0,0,0
1756703624,3943,0.01,0.0,-0.05,0.0,0.0,0.0,0.0,0.0,0,0,0
1756703624,3944,0.02,0.0,0.0,0.0,0.0,0.0,0.0,0.0,0,0,0
1756703624,3945,-0.01,0.0,-0.03,0.0,0.0,0.0,0.0,0.0,0,0,0
1756703624,3946,0.0,0.0,-0.05,0.0,0.0,0.0,0.0,0.0,0,0,0
1756703624,3947,0.0,0.0,0.0,0.0,0.0,0.0,0.0,0.0,0,0,0
1756703624,3948,0.03,0.0,-0.05,0.0,0.0,0.0,0.0,0.0,0,0,0
1756703624,3949,0.05,0.0,-0.02,0.0,0.0,0.0,0.0,0.0,0,0,0
1756703624,3950,-0.05,0.0,-0.05,0.0,0.0,0.0,0.0,0.0,0,0,0
1756703624,3951,-0.02,0.0,-0.01,0.0,0.0,0.0,0.0,0.0,0,0,0
1756703624,3952,0.0,0.0,-0.02,0.0,0.0,0.0,0.0,0.0,0,0,0
1756703624,3953,0.0,0.0,-0.02,0.0,0.0,0.0,0.0,0.0,0,0,0
1756703624,3954,0.01,0.0,-0.05,0.0,0.0,0.0,0.0,0.0,0,0,0
1756703624,3955,-0.02,0.0,-0.01,0.0,0.0,0.0,0.0,0.0,0,0,0
1756703624,3956,0.0,0.0,-0.03,0.0,0.0,0.0,0.0,0.0,0,0,0
1756703624,3957,0.0,0.0,-0.05,0.0,0.0,0.0,0.0,0.0,0,0,0
1756703624,3958,0.03,0.0,0.0,0.0,0.0,0.0,0.0,0.0,0,0,0
1756703624,3959,0.0,0.0,-0.02,0.0,0.0,0.0,0.0,0.0,0,0,0
1756703624,3960,0.01,0.0,0.01,0.0,0.0,0.0,0.0,0.0,0,0,0
1756703624,3961,-0.01,0.0,0.0,0.0,0.0,0.0,0.0,0.0,0,0,0
1756703624,3962,0.0,0.0,0.0,0.0,0.0,0.0,0.0,0.0,0,0,0
1756703624,3963,0.0,0.0,-0.02,0.0,0.0,0.0,0.0,0.0,0,0,0
1756703624,3964,0.02,0.0,-0.02,0.0,0.0,0.0,0.0,0.0,0,0,0
1756703624,3965,0.02,0.0,0.05,0.0,0.0,0.0,0.0,0.0,0,0,0
1756703625,3966,0.02,0.0,0.05,0.0,0.0,0.0,0.0,0.0,0,0,0
1756703625,3967,0.0,0.0,0.0,0.0,0.0,0.0,0.0,0.0,0,0,0
1756703625,3968,-0.07,0.0,-0.05,0.0,0.0,0.0,0.0,0.0,0,0,0
1756703625,3969,0.1,0.0,-0.01,0.0,0.0,0.0,0.0,0.0,0,0,0
1756703625,3970,0.05,0.0,0.0,0.0,0.0,0.0,0.0,0.0,0,0,0
1756703625,3971,0.02,0.0,-0.02,0.0,0.0,0.0,0.0,0.0,0,0,0
1756703625,3972,0.02,0.0,0.03,0.0,0.0,0.0,0.0,0.0,0,0,0
1756703625,3973,0.07,0.0,-0.05,0.0,0.0,0.0,0.0,0.0,0,0,0
1756703625,3974,-0.01,0.0,0.0,0.0,0.0,0.0,0.0,0.0,0,0,0
1756703625,3975,-0.05,0.0,-0.03,0.0,0.0,0.0,0.0,0.0,0,0,0
1756703625,3976,0.01,0.0,0.0,0.0,0.0,0.0,0.0,0.0,0,0,0
1756703625,3977,-0.05,0.0,0.01,0.0,0.0,0.0,0.0,0.0,0,0,0
1756703625,3978,-0.02,0.0,0.0,0.0,0.0,0.0,0.0,0.0,0,0,0
1756703625,3979,0.01,0.0,0.0,0.0,0.0,0.0,0.0,0.0,0,0,0
1756703625,3980,0.0,0.0,-0.05,0.0,0.0,0.0,0.0,0.0,0,0,0
1756703625,3981,0.0,0.0,-0.03,0.0,0.0,0.0,0.0,0.0,0,0,0
1756703625,3982,0.0,0.0,-0.09,0.0,0.0,0.0,0.0,0.0,0,0,0
1756703625,3983,0.0,0.0,-0.03,0.0,0.0,0.0,0.0,0.0,0,0,0
1756703625,3984,0.01,0.0,-0.05,0.0,0.0,0.0,0.0,0.0,0,0,0
1756703625,3985,0.03,0.0,0.0,0.0,0.0,0.0,0.0,0.0,0,0,0
1756703625,3986,-0.07,0.0,0.0,0.0,0.0,0.0,0.0,0.0,0,0,0
1756703625,3987,0.0,0.0,-0.07,0.0,0.0,0.0,0.0,0.0,0,0,0
1756703625,3988,0.0,0.0,-0.05,0.0,0.0,0.0,0.0,0.0,0,0,0
1756703625,3989,0.01,0.0,0.0,0.0,0.0,0.0,0.0,0.0,0,0,0
1756703625,3990,0.0,0.0,0.0,0.0,0.0,0.0,0.0,0.0,0,0,0
1756703625,3991,-0.01,0.0,0.0,0.0,0.0,0.0,0.0,0.0,0,0,0
1756703625,3992,0.0,0.0,0.0,0.0,0.0,0.0,0.0,0.0,0,0,0
1756703625,3993,-0.07,0.0,0.0,0.0,0.0,0.0,0.0,0.0,0,0,0
1756703625,3994,0.0,0.0,0.0,0.0,0.0,0.0,0.0,0.0,0,0,0
1756703625,3995,0.0,0.0,-0.02,0.0,0.0,0.0,0.0,0.0,0,0,0
1756703625,3996,0.0,0.0,0.0,0.0,0.0,0.0,0.0,0.0,0,0,0
1756703625,3997,0.12,0.0,-0.01,0.0,0.0,0.0,0.0,0.0,0,0,0
1756703625,3998,0.0,0.0,-0.02,0.0,0.0,0.0,0.0,0.0,0,0,0
1756703625,3999,0.0,0.0,-0.03,0.0,0.0,0.0,0.0,0.0,0,0,0
1756703625,4000,0.02,0.0,-0.02,0.0,0.0,0.0,0.0,0.0,0,0,0
1756703625,4001,0.02,0.0,-0.01,0.0,0.0,0.0,0.0,0.0,0,0,0
1756703625,4002,0.0,0.0,0.0,0.0,0.0,0.0,0.0,0.0,0,0,0
1756703625,4003,0.0,0.0,0.0,0.0,0.0,0.0,0.0,0.0,0,0,0
1756703625,4004,0.0,0.0,-0.02,0.0,0.0,0.0,0.0,0.0,0,0,0
1756703625,4005,0.0,0.0,-0.03,0.0,0.0,0.0,0.0,0.0,0,0,0
1756703625,4006,0.0,0.0,-0.05,0.0,0.0,0.0,0.0,0.0,0,0,0
1756703625,4007,-0.03,0.0,-0.05,0.0,0.0,0.0,0.0,0.0,0,0,0
1756703625,4008,0.01,0.0,0.0,0.0,0.0,0.0,0.0,0.0,0,0,0
1756703625,4009,0.0,0.0,-0.02,0.0,0.0,0.0,0.0,0.0,0,0,0
1756703625,4010,0.0,0.0,-0.01,0.0,0.0,0.0,0.0,0.0,0,0,0
1756703625,4011,0.07,0.0,0.0,0.0,0.0,0.0,0.0,0.0,0,0,0
1756703625,4012,0.0,0.0,0.0,0.0,0.0,0.0,0.0,0.0,0,0,0
1756703625,4013,0.09,0.0,-0.01,0.0,0.0,0.0,0.0,0.0,0,0,0
1756703625,4014,0.0,0.0,0.0,0.0,0.0,0.0,0.0,0.0,0,0,0
1756703625,4015,0.0,0.0,-0.01,0.0,0.0,0.0,0.0,0.0,0,0,0
1756703625,4016,0.0,0.0,0.0,0.0,0.0,0.0,0.0,0.0,0,0,0
1756703625,4017,0.03,0.0,-0.05,0.0,0.0,0.0,0.0,0.0,0,0,0
1756703625,4018,0.02,0.0,-0.01,0.0,0.0,0.0,0.0,0.0,0,0,0
1756703625,4019,-0.02,0.0,-0.02,0.0,0.0,0.0,0.0,0.0,0,0,0
1756703625,4020,-0.02,0.0,0.0,0.0,0.0,0.0,0.0,0.0,0,0,0
1756703625,4021,0.02,0.0,0.0,0.0,0.0,0.0,0.0,0.0,0,0,0
1756703625,4022,0.0,0.0,0.0,0.0,0.0,0.0,0.0,0.0,0,0,0
1756703625,4023,0.0,0.0,-0.05,0.0,0.0,0.0,0.0,0.0,0,0,0
1756703625,4024,-0.05,0.0,-0.03,0.0,0.0,0.0,0.0,0.0,0,0,0
1756703625,4025,0.0,0.0,-0.01,0.0,0.0,0.0,0.0,0.0,0,0,0
1756703625,4026,0.03,0.0,-0.09,0.0,0.0,0.0,0.0,0.0,0,0,0
1756703625,4027,0.0,0.0,-0.03,0.0,0.0,0.0,0.0,0.0,0,0,0
1756703625,4028,0.02,0.0,0.0,0.0,0.0,0.0,0.0,0.0,0,0,0
1756703625,4029,0.02,0.0,-0.02,0.0,0.0,0.0,0.0,0.0,0,0,0
1756703625,4030,0.0,0.0,0.0,0.0,0.0,0.0,0.0,0.0,0,0,0
1756703626,4031,0.01,0.0,-0.01,0.0,0.0,0.0,0.0,0.0,0,0,0
1756703626,4032,0.0,0.0,0.0,0.0,0.0,0.0,0.0,0.0,0,0,0
1756703626,4033,-0.01,0.0,-0.01,0.0,0.0,0.0,0.0,0.0,0,0,0
1756703626,4034,0.03,0.0,0.0,0.0,0.0,0.0,0.0,0.0,0,0,0
1756703626,4035,0.03,0.0,0.0,0.0,0.0,0.0,0.0,0.0,0,0,0
1756703626,4036,0.0,0.0,-0.05,0.0,0.0,0.0,0.0,0.0,0,0,0
1756703626,4037,0.02,0.0,-0.03,0.0,0.0,0.0,0.0,0.0,0,0,0
1756703626,4038,0.0,0.0,0.03,0.0,0.0,0.0,0.0,0.0,0,0,0
1756703626,4039,-0.05,0.0,0.05,0.0,0.0,0.0,0.0,0.0,0,0,0
1756703626,4040,0.01,0.0,-0.05,0.0,0.0,0.0,0.0,0.0,0,0,0
1756703626,4041,-0.05,0.0,0.0,0.0,0.0,0.0,0.0,0.0,0,0,0
1756703626,4042,0.0,0.0,0.0,0.0,0.0,0.0,0.0,0.0,0,0,0
1756703626,4043,0.0,0.0,0.0,0.0,0.0,0.0,0.0,0.0,0,0,0
1756703626,4044,0.0,0.0,0.0,0.0,0.0,0.0,0.0,0.0,0,0,0
1756703626,4045,0.0,0.0,-0.02,0.0,0.0,0.0,0.0,0.0,0,0,0
1756703626,4046,0.0,0.0,-0.01,0.0,0.0,0.0,0.0,0.0,0,0,0
1756703626,4047,-0.03,0.0,-0.02,0.0,0.0,0.0,0.0,0.0,0,0,0
1756703626,4048,0.0,0.0,-0.03,0.0,0.0,0.0,0.0,0.0,0,0,0
1756703626,4049,0.0,0.0,0.0,0.0,0.0,0.0,0.0,0.0,0,0,0
1756703626,4050,-0.03,0.0,0.0,0.0,0.0,0.0,0.0,0.0,0,0,0
1756703626,4051,0.07,0.0,-0.05,0.0,0.0,0.0,0.0,0.0,0,0,0
1756703626,4052,-0.02,0.0,0.0,0.0,0.0,0.0,0.0,0.0,0,0,0
1756703626,4053,0.0,0.0,-0.09,0.0,0.0,0.0,0.0,0.0,0,0,0
1756703626,4054,0.0,0.0,-0.05,0.0,0.0,0.0,0.0,0.0,0,0,0
1756703626,4055,0.0,0.0,0.03,0.0,0.0,0.0,0.0,0.0,0,0,0
1756703626,4056,-0.1,0.0,0.0,0.0,0.0,0.0,0.0,0.0,0,0,0
1756703626,4057,0.0,0.0,-0.07,0.0,0.0,0.0,0.0,0.0,0,0,0
1756703626,4058,0.0,0.0,0.0,0.0,0.0,0.0,0.0,0.0,0,0,0
1756703626,4059,0.0,0.0,-0.02,0.0,0.0,0.0,0.0,0.0,0,0,0
1756703626,4060,0.0,0.0,0.0,0.0,0.0,0.0,0.0,0.0,0,0,0
1756703626,4061,0.05,0.0,-0.05,0.0,0.0,0.0,0.0,0.0,0,0,0
1756703626,4062,0.0,0.0,-0.02,0.0,0.0,0.0,0.0,0.0,0,0,0
1756703626,4063,0.0,0.0,0.0,0.0,0.0,0.0,0.0,0.0,0,0,0
1756703626,4064,-0.02,0.0,-0.01,0.0,0.0,0.0,0.0,0.0,0,0,0
1756703626,4065,0.02,0.0,0.0,0.0,0.0,0.0,0.0,0.0,0,0,0
1756703626,4066,0.0,0.0,0.0,0.0,0.0,0.0,0.0,0.0,0,0,0
1756703626,4067,0.01,0.0,-0.03,0.0,0.0,0.0,0.0,0.0,0,0,0
1756703626,4068,-0.01,0.0,-0.02,0.0,0.0,0.0,0.0,0.0,0,0,0
1756703626,4069,0.02,0.0,-0.07,0.0,0.0,0.0,0.0,0.0,0,0,0
1756703626,4070,0.02,0.0,0.0,0.0,0.0,0.0,0.0,0.0,0,0,0
1756703626,4071,0.01,0.0,-0.07,0.0,0.0,0.0,0.0,0.0,0,0,0
1756703626,4072,0.07,0.0,-0.02,0.0,0.0,0.0,0.0,0.0,0,0,0
1756703626,4073,0.0,0.0,-0.01,0.0,0.0,0.0,0.0,0.0,0,0,0
1756703626,4074,-0.07,0.0,-0.02,0.0,0.0,0.0,0.0,0.0,0,0,0
1756703626,4075,0.01,0.0,0.0,0.0,0.0,0.0,0.0,0.0,0,0,0
1756703626,4076,0.0,0.0,0.0,0.0,0.0,0.0,0.0,0.0,0,0,0
1756703626,4077,0.01,0.0,0.0,0.0,0.0,0.0,0.0,0.0,0,0,0
1756703626,4078,-0.05,0.0,0.0,0.0,0.0,0.0,0.0,0.0,0,0,0
1756703626,4079,0.0,0.0,-0.05,0.0,0.0,0.0,0.0,0.0,0,0,0
1756703626,4080,0.01,0.0,-0.01,0.0,0.0,0.0,0.0,0.0,0,0,0
1756703626,4081,0.02,0.0,-0.01,0.0,0.0,0.0,0.0,0.0,0,0,0
1756703626,4082,-0.05,0.0,-0.01,0.0,0.0,0.0,0.0,0.0,0,0,0
1756703626,4083,-0.01,0.0,0.0,0.0,0.0,0.0,0.0,0.0,0,0,0
1756703626,4084,0.0,0.0,0.0,0.0,0.0,0.0,0.0,0.0,0,0,0
1756703626,4085,0.03,0.0,0.0,0.0,0.0,0.0,0.0,0.0,0,0,0
1756703626,4086,0.0,0.0,-0.03,0.0,0.0,0.0,0.0,0.0,0,0,0
1756703626,4087,0.0,0.0,-0.05,0.0,0.0,0.0,0.0,0.0,0,0,0
1756703626,4088,0.0,0.0,0.0,0.0,0.0,0.0,0.0,0.0,0,0,0
1756703626,4089,0.03,0.0,0.0,0.0,0.0,0.0,0.0,0.0,0,0,0
1756703626,4090,0.0,0.0,0.0,0.0,0.0,0.0,0.0,0.0,0,0,0
1756703626,4091,0.0,0.0,-0.03,0.0,0.0,0.0,0.0,0.0,0,0,0
1756703626,4092,0.0,0.0,-0.05,0.0,0.0,0.0,0.0,0.0,0,0,0
1756703626,4093,0.0,0.0,-0.02,0.0,0.0,0.0,0.0,0.0,0,0,0
1756703626,4094,0.0,0.0,0.0,0.0,0.0,0.0,0.0,0.0,0,0,0
1756703626,4095,0.01,0.0,0.0,0.0,0.0,0.0,0.0,0.0,0,0,0
1756703627,4096,0.01,0.0,-0.03,0.0,0.0,0.0,0.0,0.0,0,0,0
1756703627,4097,0.0,0.0,0.0,0.0,0.0,0.0,0.0,0.0,0,0,0
1756703627,4098,0.03,0.0,0.02,0.0,0.0,0.0,0.0,0.0,0,0,0
1756703627,4099,0.0,0.0,-0.03,0.0,0.0,0.0,0.0,0.0,0,0,0
1756703627,4100,0.0,0.0,-0.05,0.0,0.0,0.0,0.0,0.0,0,0,0
1756703627,4101,0.02,0.0,0.0,0.0,0.0,0.0,0.0,0.0,0,0,0
1756703627,4102,-0.02,0.0,-0.02,0.0,0.0,0.0,0.0,0.0,0,0,0
1756703627,4103,0.0,0.0,-0.02,0.0,0.0,0.0,0.0,0.0,0,0,0
1756703627,4104,0.0,0.0,0.0,0.0,0.0,0.0,0.0,0.0,0,0,0
1756703627,4105,0.0,0.0,0.0,0.0,0.0,0.0,0.0,0.0,0,0,0
1756703627,4106,0.0,0.0,-0.02,0.0,0.0,0.0,0.0,0.0,0,0,0
1756703627,4107,0.02,0.0,0.0,0.0,0.0,0.0,0.0,0.0,0,0,0
1756703627,4108,0.0,0.0,-0.01,0.0,0.0,0.0,0.0,0.0,0,0,0
1756703627,4109,0.01,0.0,0.0,0.0,0.0,0.0,0.0,0.0,0,0,0
1756703627,4110,-0.01,0.0,-0.01,0.0,0.0,0.0,0.0,0.0,0,0,0
1756703627,4111,-0.01,0.0,-0.01,0.0,0.0,0.0,0.0,0.0,0,0,0
1756703627,4112,0.03,0.0,-0.01,0.0,0.0,0.0,0.0,0.0,0,0,0
1756703627,4113,0.02,0.0,0.0,0.0,0.0,0.0,0.0,0.0,0,0,0
1756703627,4114,0.05,0.0,0.0,0.0,0.0,0.0,0.0,0.0,0,0,0
1756703627,4115,0.01,0.0,-0.01,0.0,0.0,0.0,0.0,0.0,0,0,0
1756703627,4116,0.01,0.0,0.0,0.0,0.0,0.0,0.0,0.0,0,0,0
1756703627,4117,0.01,0.0,-0.05,0.0,0.0,0.0,0.0,0.0,0,0,0
1756703627,4118,-0.01,0.0,-0.01,0.0,0.0,0.0,0.0,0.0,0,0,0
1756703627,4119,0.0,0.0,0.0,0.0,0.0,0.0,0.0,0.0,0,0,0
1756703627,4120,0.0,0.0,-0.05,0.0,0.0,0.0,0.0,0.0,0,0,0
1756703627,4121,0.0,0.0,-0.05,0.0,0.0,0.0,0.0,0.0,0,0,0
1756703627,4122,0.0,0.0,-0.05,0.0,0.0,0.0,0.0,0.0,0,0,0
1756703627,4123,0.01,0.0,-0.11,0.0,0.0,0.0,0.0,0.0,0,0,0
1756703627,4124,0.0,0.0,-0.02,0.0,0.0,0.0,0.0,0.0,0,0,0
1756703627,4125,0.0,0.0,-0.05,0.0,0.0,0.0,0.0,0.0,0,0,0
1756703627,4126,0.0,0.0,0.0,0.0,0.0,0.0,0.0,0.0,0,0,0
1756703627,4127,0.0,0.0,-0.02,0.0,0.0,0.0,0.0,0.0,0,0,0
1756703627,4128,0.0,0.0,0.02,0.0,0.0,0.0,0.0,0.0,0,0,0
1756703627,4129,0.0,0.0,-0.03,0.0,0.0,0.0,0.0,0.0,0,0,0
1756703627,4130,0.0,0.0,-0.05,0.0,0.0,0.0,0.0,0.0,0,0,0
1756703627,4131,0.0,0.0,0.0,0.0,0.0,0.0,0.0,0.0,0,0,0
1756703627,4132,0.0,0.0,0.0,0.0,0.0,0.0,0.0,0.0,0,0,0
1756703627,4133,0.0,0.0,-0.07,0.0,0.0,0.0,0.0,0.0,0,0,0
1756703627,4134,0.03,0.0,0.0,0.0,0.0,0.0,0.0,0.0,0,0,0
1756703627,4135,0.0,0.0,0.05,0.0,0.0,0.0,0.0,0.0,0,0,0
1756703627,4136,0.05,0.0,-0.01,0.0,0.0,0.0,0.0,0.0,0,0,0
1756703627,4137,0.0,0.0,-0.02,0.0,0.0,0.0,0.0,0.0,0,0,0
1756703627,4138,0.0,0.0,-0.01,0.0,0.0,0.0,0.0,0.0,0,0,0
1756703627,4139,0.0,0.0,0.0,0.0,0.0,0.0,0.0,0.0,0,0,0
1756703627,4140,0.0,0.0,-0.03,0.0,0.0,0.0,0.0,0.0,0,0,0
1756703627,4141,-0.01,0.0,-0.07,0.0,0.0,0.0,0.0,0.0,0,0,0
1756703627,4142,0.0,0.0,0.0,0.0,0.0,0.0,0.0,0.0,0,0,0
1756703627,4143,0.0,0.0,0.0,0.0,0.0,0.0,0.0,0.0,0,0,0
1756703627,4144,0.0,0.0,0.0,0.0,0.0,0.0,0.0,0.0,0,0,0
1756703627,4145,0.0,0.0,-0.02,0.0,0.0,0.0,0.0,0.0,0,0,0
1756703627,4146,0.05,0.0,-0.03,0.0,0.0,0.0,0.0,0.0,0,0,0
1756703627,4147,0.0,0.0,-0.05,0.0,0.0,0.0,0.0,0.0,0,0,0
1756703627,4148,0.0,0.0,0.0,0.0,0.0,0.0,0.0,0.0,0,0,0
1756703627,4149,0.01,0.0,-0.01,0.0,0.0,0.0,0.0,0.0,0,0,0
1756703627,4150,0.01,0.0,0.0,0.0,0.0,0.0,0.0,0.0,0,0,0
1756703627,4151,0.05,0.0,-0.07,0.0,0.0,0.0,0.0,0.0,0,0,0
1756703627,4152,0.05,0.0,-0.01,0.0,0.0,0.0,0.0,0.0,0,0,0
1756703627,4153,0.0,0.0,-0.03,0.0,0.0,0.0,0.0,0.0,0,0,0
1756703627,4154,0.0,0.0,-0.02,0.0,0.0,0.0,0.0,0.0,0,0,0
1756703627,4155,0.05,0.0,0.0,0.0,0.0,0.0,0.0,0.0,0,0,0
1756703627,4156,0.01,0.0,0.0,0.0,0.0,0.0,0.0,0.0,0,0,0
1756703627,4157,0.0,0.0,-0.02,0.0,0.0,0.0,0.0,0.0,0,0,0
1756703627,4158,-0.01,0.0,0.0,0.0,0.0,0.0,0.0,0.0,0,0,0
1756703627,4159,0.0,0.0,-0.03,0.0,0.0,0.0,0.0,0.0,0,0,0
1756703627,4160,0.0,0.0,-0.02,0.0,0.0,0.0,0.0,0.0,0,0,0
1756703627,4161,0.03,0.0,0.02,0.0,0.0,0.0,0.0,0.0,0,0,0
1756703627,4162,0.01,0.0,-0.03,0.0,0.0,0.0,0.0,0.0,0,0,0
1756703628,4163,0.0,0.0,0.0,0.0,0.0,0.0,0.0,0.0,0,0,0
1756703628,4164,0.0,0.0,-0.07,0.0,0.0,0.0,0.0,0.0,0,0,0
1756703628,4165,0.0,0.0,0.0,0.0,0.0,0.0,0.0,0.0,0,0,0
1756703628,4166,0.01,0.0,-0.02,0.0,0.0,0.0,0.0,0.0,0,0,0
1756703628,4167,0.0,0.0,-0.03,0.0,0.0,0.0,0.0,0.0,0,0,0
1756703628,4168,0.05,0.0,0.0,0.0,0.0,0.0,0.0,0.0,0,0,0
1756703628,4169,0.0,0.0,-0.03,0.0,0.0,0.0,0.0,0.0,0,0,0
1756703628,4170,0.01,0.0,0.0,0.0,0.0,0.0,0.0,0.0,0,0,0
1756703628,4171,0.01,0.0,0.05,0.0,0.0,0.0,0.0,0.0,0,0,0
1756703628,4172,-0.01,0.0,0.0,0.0,0.0,0.0,0.0,0.0,0,0,0
1756703628,4173,-0.03,0.0,-0.05,0.0,0.0,0.0,0.0,0.0,0,0,0
1756703628,4174,0.01,0.0,-0.01,0.0,0.0,0.0,0.0,0.0,0,0,0
1756703628,4175,0.0,0.0,-0.05,0.0,0.0,0.0,0.0,0.0,0,0,0
1756703628,4176,0.0,0.0,-0.02,0.0,0.0,0.0,0.0,0.0,0,0,0
1756703628,4177,0.0,0.0,-0.02,0.0,0.0,0.0,0.0,0.0,0,0,0
1756703628,4178,0.0,0.0,-0.02,0.0,0.0,0.0,0.0,0.0,0,0,0
1756703628,4179,0.0,0.0,0.01,0.0,0.0,0.0,0.0,0.0,0,0,0
1756703628,4180,0.0,0.0,-0.07,0.0,0.0,0.0,0.0,0.0,0,0,0
1756703628,4181,0.02,0.0,-0.07,0.0,0.0,0.0,0.0,0.0,0,0,0
1756703628,4182,0.0,0.0,-0.03,0.0,0.0,0.0,0.0,0.0,0,0,0
1756703628,4183,-0.01,0.0,0.0,0.0,0.0,0.0,0.0,0.0,0,0,0
1756703628,4184,0.0,0.0,-0.05,0.0,0.0,0.0,0.0,0.0,0,0,0
1756703628,4185,0.0,0.0,0.0,0.0,0.0,0.0,0.0,0.0,0,0,0
1756703628,4186,0.02,0.0,0.0,0.0,0.0,0.0,0.0,0.0,0,0,0
1756703628,4187,-0.07,0.0,-0.01,0.0,0.0,0.0,0.0,0.0,0,0,0
1756703628,4188,0.03,0.0,0.0,0.0,0.0,0.0,0.0,0.0,0,0,0
1756703628,4189,0.02,0.0,-0.01,0.0,0.0,0.0,0.0,0.0,0,0,0
1756703628,4190,0.0,0.0,-0.02,0.0,0.0,0.0,0.0,0.0,0,0,0
1756703628,4191,0.0,0.0,-0.03,0.0,0.0,0.0,0.0,0.0,0,0,0
1756703628,4192,0.0,0.0,0.0,0.0,0.0,0.0,0.0,0.0,0,0,0
1756703628,4193,0.0,0.0,-0.02,0.0,0.0,0.0,0.0,0.0,0,0,0
1756703628,4194,-0.01,0.0,-0.01,0.0,0.0,0.0,0.0,0.0,0,0,0
1756703628,4195,0.0,0.0,-0.01,0.0,0.0,0.0,0.0,0.0,0,0,0
1756703628,4196,0.01,0.0,0.0,0.0,0.0,0.0,0.0,0.0,0,0,0
1756703628,4197,0.0,0.0,0.0,0.0,0.0,0.0,0.0,0.0,0,0,0
1756703628,4198,0.03,0.0,0.0,0.0,0.0,0.0,0.0,0.0,0,0,0
1756703628,4199,0.0,0.0,0.0,0.0,0.0,0.0,0.0,0.0,0,0,0
1756703628,4200,0.0,0.0,0.0,0.0,0.0,0.0,0.0,0.0,0,0,0
1756703628,4201,0.0,0.0,0.0,0.0,0.0,0.0,0.0,0.0,0,0,0
1756703628,4202,0.0,0.0,0.0,0.0,0.0,0.0,0.0,0.0,0,0,0
1756703628,4203,0.0,0.0,-0.03,0.0,0.0,0.0,0.0,0.0,0,0,0
1756703628,4204,0.0,0.0,0.0,0.0,0.0,0.0,0.0,0.0,0,0,0
1756703628,4205,0.0,0.0,-0.03,0.0,0.0,0.0,0.0,0.0,0,0,0
1756703628,4206,0.05,0.0,0.0,0.0,0.0,0.0,0.0,0.0,0,0,0
1756703628,4207,0.0,0.0,0.0,0.0,0.0,0.0,0.0,0.0,0,0,0
1756703628,4208,0.03,0.0,-0.01,0.0,0.0,0.0,0.0,0.0,0,0,0
1756703628,4209,0.0,0.0,0.0,0.0,0.0,0.0,0.0,0.0,0,0,0
1756703628,4210,0.01,0.0,-0.07,0.0,0.0,0.0,0.0,0.0,0,0,0
1756703628,4211,0.0,0.0,0.0,0.0,0.0,0.0,0.0,0.0,0,0,0
1756703628,4212,0.0,0.0,-0.05,0.0,0.0,0.0,0.0,0.0,0,0,0
1756703628,4213,0.0,0.0,-0.03,0.0,0.0,0.0,0.0,0.0,0,0,0
1756703628,4214,0.02,0.0,-0.05,0.0,0.0,0.0,0.0,0.0,0,0,0
1756703628,4215,0.0,0.0,-0.05,0.0,0.0,0.0,0.0,0.0,0,0,0
1756703628,4216,0.0,0.0,0.0,0.0,0.0,0.0,0.0,0.0,0,0,0
1756703628,4217,0.0,0.0,-0.01,0.0,0.0,0.0,0.0,0.0,0,0,0
1756703628,4218,-0.02,0.0,0.0,0.0,0.0,0.0,0.0,0.0,0,0,0
1756703628,4219,0.02,0.0,0.0,0.0,0.0,0.0,0.0,0.0,0,0,0
1756703628,4220,0.0,0.0,-0.01,0.0,0.0,0.0,0.0,0.0,0,0,0
1756703628,4221,0.0,0.0,0.0,0.0,0.0,0.0,0.0,0.0,0,0,0
1756703628,4222,0.02,0.0,-0.01,0.0,0.0,0.0,0.0,0.0,0,0,0
1756703628,4223,0.0,0.0,0.03,0.0,0.0,0.0,0.0,0.0,0,0,0
1756703628,4224,0.0,0.0,0.0,0.0,0.0,0.0,0.0,0.0,0,0,0
1756703628,4225,-0.01,0.0,0.0,0.0,0.0,0.0,0.0,0.0,0,0,0
1756703628,4226,-0.03,0.0,-0.03,0.0,0.0,0.0,0.0,0.0,0,0,0
1756703629,4227,-0.15,0.0,0.0,0.0,0.0,0.0,0.0,0.0,0,0,0
1756703629,4228,0.03,0.0,-0.05,0.0,0.0,0.0,0.0,0.0,0,0,0
1756703629,4229,-0.03,0.0,-0.07,0.0,0.0,0.0,0.0,0.0,0,0,0
1756703629,4230,0.0,0.0,-0.01,0.0,0.0,0.0,0.0,0.0,0,0,0
1756703629,4231,0.03,0.0,-0.1,0.0,0.0,0.0,0.0,0.0,0,0,0
1756703629,4232,0.0,0.0,-0.01,0.0,0.0,0.0,0.0,0.0,0,0,0
1756703629,4233,-0.05,0.0,0.01,0.0,0.0,0.0,0.0,0.0,0,0,0
1756703629,4234,-0.01,0.0,0.0,0.0,0.0,0.0,0.0,0.0,0,0,0
1756703629,4235,-0.02,0.0,-0.02,0.0,0.0,0.0,0.0,0.0,0,0,0
1756703629,4236,-0.01,0.0,0.0,0.0,0.0,0.0,0.0,0.0,0,0,0
1756703629,4237,0.01,0.0,-0.02,0.0,0.0,0.0,0.0,0.0,0,0,0
1756703629,4238,0.0,0.0,-0.05,0.0,0.0,0.0,0.0,0.0,0,0,0
1756703629,4239,0.02,0.0,0.0,0.0,0.0,0.0,0.0,0.0,0,0,0
1756703629,4240,-0.01,0.0,-0.02,0.0,0.0,0.0,0.0,0.0,0,0,0
1756703629,4241,0.0,0.0,-0.05,0.0,0.0,0.0,0.0,0.0,0,0,0
1756703629,4242,0.0,0.0,0.0,0.0,0.0,0.0,0.0,0.0,0,0,0
1756703629,4243,0.0,0.0,0.0,0.0,0.0,0.0,0.0,0.0,0,0,0
1756703629,4244,0.0,0.0,-0.02,0.0,0.0,0.0,0.0,0.0,0,0,0
1756703629,4245,0.0,0.0,-0.01,0.0,0.0,0.0,0.0,0.0,0,0,0
1756703629,4246,0.02,0.0,0.0,0.0,0.0,0.0,0.0,0.0,0,0,0
1756703629,4247,0.0,0.0,-0.02,0.0,0.0,0.0,0.0,0.0,0,0,0
1756703629,4248,0.01,0.0,0.0,0.0,0.0,0.0,0.0,0.0,0,0,0
1756703629,4249,0.0,0.0,0.0,0.0,0.0,0.0,0.0,0.0,0,0,0
1756703629,4250,0.01,0.0,-0.03,0.0,0.0,0.0,0.0,0.0,0,0,0
1756703629,4251,0.07,0.0,-0.05,0.0,0.0,0.0,0.0,0.0,0,0,0
1756703629,4252,0.0,0.0,0.0,0.0,0.0,0.0,0.0,0.0,0,0,0
1756703629,4253,0.03,0.0,0.0,0.0,0.0,0.0,0.0,0.0,0,0,0
1756703629,4254,0.0,0.0,0.0,0.0,0.0,0.0,0.0,0.0,0,0,0
1756703629,4255,0.0,0.0,0.0,0.0,0.0,0.0,0.0,0.0,0,0,0
1756703629,4256,0.03,0.0,-0.03,0.0,0.0,0.0,0.0,0.0,0,0,0
1756703629,4257,0.01,0.0,0.0,0.0,0.0,0.0,0.0,0.0,0,0,0
1756703629,4258,0.05,0.0,-0.01,0.0,0.0,0.0,0.0,0.0,0,0,0
1756703629,4259,-0.01,0.0,0.0,0.0,0.0,0.0,0.0,0.0,0,0,0
1756703629,4260,-0.03,0.0,0.0,0.0,0.0,0.0,0.0,0.0,0,0,0
1756703629,4261,0.0,0.0,-0.03,0.0,0.0,0.0,0.0,0.0,0,0,0
1756703629,4262,0.0,0.0,0.0,0.0,0.0,0.0,0.0,0.0,0,0,0
1756703629,4263,0.0,0.0,-0.02,0.0,0.0,0.0,0.0,0.0,0,0,0
1756703629,4264,0.0,0.0,0.0,0.0,0.0,0.0,0.0,0.0,0,0,0
1756703629,4265,0.0,0.0,-0.05,0.0,0.0,0.0,0.0,0.0,0,0,0
1756703629,4266,-0.01,0.0,0.0,0.0,0.0,0.0,0.0,0.0,0,0,0
1756703629,4267,0.0,0.0,-0.05,0.0,0.0,0.0,0.0,0.0,0,0,0
1756703629,4268,0.0,0.0,0.1,0.0,0.0,0.0,0.0,0.0,0,0,0
1756703629,4269,-0.03,0.0,-0.01,0.0,0.0,0.0,0.0,0.0,0,0,0
1756703629,4270,-0.07,0.0,0.0,0.0,0.0,0.0,0.0,0.0,0,0,0
1756703629,4271,0.0,0.0,-0.01,0.0,0.0,0.0,0.0,0.0,0,0,0
1756703629,4272,0.02,0.0,0.0,0.0,0.0,0.0,0.0,0.0,0,0,0
1756703629,4273,0.12,0.0,-0.05,0.0,0.0,0.0,0.0,0.0,0,0,0
1756703629,4274,0.0,0.0,-0.05,0.0,0.0,0.0,0.0,0.0,0,0,0
1756703629,4275,0.05,0.0,0.0,0.0,0.0,0.0,0.0,0.0,0,0,0
1756703629,4276,0.0,0.0,-0.01,0.0,0.0,0.0,0.0,0.0,0,0,0
1756703629,4277,0.01,0.0,-0.07,0.0,0.0,0.0,0.0,0.0,0,0,0
1756703629,4278,-0.02,0.0,-0.01,0.0,0.0,0.0,0.0,0.0,0,0,0
1756703629,4279,0.0,0.0,-0.05,0.0,0.0,0.0,0.0,0.0,0,0,0
1756703629,4280,0.01,0.0,-0.14,0.0,0.0,0.0,0.0,0.0,0,0,0
1756703629,4281,-0.01,0.0,0.02,0.0,0.0,0.0,0.0,0.0,0,0,0
1756703629,4282,0.0,0.0,0.01,0.0,0.0,0.0,0.0,0.0,0,0,0
1756703629,4283,0.0,0.0,-0.01,0.0,0.0,0.0,0.0,0.0,0,0,0
1756703629,4284,0.07,0.0,0.0,0.0,0.0,0.0,0.0,0.0,0,0,0
1756703629,4285,0.0,0.0,0.0,0.0,0.0,0.0,0.0,0.0,0,0,0
1756703629,4286,0.01,0.0,0.0,0.0,0.0,0.0,0.0,0.0,0,0,0
1756703629,4287,0.05,0.0,0.0,0.0,0.0,0.0,0.0,0.0,0,0,0
1756703629,4288,-0.01,0.0,-0.01,0.0,0.0,0.0,0.0,0.0,0,0,0
1756703629,4289,0.07,0.0,-0.02,0.0,0.0,0.0,0.0,0.0,0,0,0
1756703629,4290,0.0,0.0,-0.02,0.0,0.0,0.0,0.0,0.0,0,0,0
1756703629,4291,0.0,0.0,0.0,0.0,0.0,0.0,0.0,0.0,0,0,0
1756703630,4292,-0.02,0.0,-0.01,0.0,0.0,0.0,0.0,0.0,0,0,0
1756703630,4293,0.01,0.0,-0.05,0.0,0.0,0.0,0.0,0.0,0,0,0
1756703630,4294,0.01,0.0,0.0,0.0,0.0,0.0,0.0,0.0,0,0,0
1756703630,4295,-0.05,0.0,0.0,0.0,0.0,0.0,0.0,0.0,0,0,0
1756703630,4296,-0.02,0.0,0.0,0.0,0.0,0.0,0.0,0.0,0,0,0
1756703630,4297,0.0,0.0,-0.09,0.0,0.0,0.0,0.0,0.0,0,0,0
1756703630,4298,0.0,0.0,0.0,0.0,0.0,0.0,0.0,0.0,0,0,0
1756703630,4299,0.0,0.0,0.0,0.0,0.0,0.0,0.0,0.0,0,0,0
1756703630,4300,-0.03,0.0,-0.01,0.0,0.0,0.0,0.0,0.0,0,0,0
1756703630,4301,0.03,0.0,0.0,0.0,0.0,0.0,0.0,0.0,0,0,0
1756703630,4302,0.09,0.0,0.0,0.0,0.0,0.0,0.0,0.0,0,0,0
1756703630,4303,0.01,0.0,0.02,0.0,0.0,0.0,0.0,0.0,0,0,0
1756703630,4304,0.0,0.0,0.01,0.0,0.0,0.0,0.0,0.0,0,0,0
1756703630,4305,0.0,0.0,0.01,0.0,0.0,0.0,0.0,0.0,0,0,0
1756703630,4306,0.07,0.0,0.0,0.0,0.0,0.0,0.0,0.0,0,0,0
1756703630,4307,0.03,0.0,-0.02,0.0,0.0,0.0,0.0,0.0,0,0,0
1756703630,4308,-0.03,0.0,0.0,0.0,0.0,0.0,0.0,0.0,0,0,0
1756703630,4309,0.0,0.0,0.03,0.0,0.0,0.0,0.0,0.0,0,0,0
1756703630,4310,0.0,0.0,-0.01,0.0,0.0,0.0,0.0,0.0,0,0,0
1756703630,4311,0.05,0.0,-0.01,0.0,0.0,0.0,0.0,0.0,0,0,0
1756703630,4312,0.01,0.0,-0.03,0.0,0.0,0.0,0.0,0.0,0,0,0
1756703630,4313,0.0,0.0,-0.05,0.0,0.0,0.0,0.0,0.0,0,0,0
1756703630,4314,0.0,0.0,0.0,0.0,0.0,0.0,0.0,0.0,0,0,0
1756703630,4315,0.03,0.0,-0.02,0.0,0.0,0.0,0.0,0.0,0,0,0
1756703630,4316,-0.01,0.0,-0.05,0.0,0.0,0.0,0.0,0.0,0,0,0
1756703630,4317,0.0,0.0,-0.02,0.0,0.0,0.0,0.0,0.0,0,0,0
1756703630,4318,0.03,0.0,0.03,0.0,0.0,0.0,0.0,0.0,0,0,0
1756703630,4319,-0.01,0.0,0.0,0.0,0.0,0.0,0.0,0.0,0,0,0
1756703630,4320,-0.02,0.0,-0.02,0.0,0.0,0.0,0.0,0.0,0,0,0
1756703630,4321,0.03,0.0,-0.02,0.0,0.0,0.0,0.0,0.0,0,0,0
1756703630,4322,0.07,0.0,-0.03,0.0,0.0,0.0,0.0,0.0,0,0,0
1756703630,4323,0.02,0.0,-0.02,0.0,0.0,0.0,0.0,0.0,0,0,0
1756703630,4324,0.0,0.0,-0.03,0.0,0.0,0.0,0.0,0.0,0,0,0
1756703630,4325,0.02,0.0,-0.01,0.0,0.0,0.0,0.0,0.0,0,0,0
1756703630,4326,0.0,0.0,0.0,0.0,0.0,0.0,0.0,0.0,0,0,0
1756703630,4327,0.0,0.0,0.0,0.0,0.0,0.0,0.0,0.0,0,0,0
1756703630,4328,0.0,0.0,0.01,0.0,0.0,0.0,0.0,0.0,0,0,0
1756703630,4329,0.01,0.0,0.0,0.0,0.0,0.0,0.0,0.0,0,0,0
1756703630,4330,-0.03,0.0,-0.01,0.0,0.0,0.0,0.0,0.0,0,0,0
1756703630,4331,0.0,0.0,0.0,0.0,0.0,0.0,0.0,0.0,0,0,0
1756703630,4332,0.0,0.0,0.0,0.0,0.0,0.0,0.0,0.0,0,0,0
1756703630,4333,0.0,0.0,-0.01,0.0,0.0,0.0,0.0,0.0,0,0,0
1756703630,4334,-0.03,0.0,-0.07,0.0,0.0,0.0,0.0,0.0,0,0,0
1756703630,4335,0.02,0.0,0.0,0.0,0.0,0.0,0.0,0.0,0,0,0
1756703630,4336,0.0,0.0,0.0,0.0,0.0,0.0,0.0,0.0,0,0,0
1756703630,4337,0.02,0.0,-0.01,0.0,0.0,0.0,0.0,0.0,0,0,0
1756703630,4338,0.0,0.0,-0.01,0.0,0.0,0.0,0.0,0.0,0,0,0
1756703630,4339,0.0,0.0,-0.03,0.0,0.0,0.0,0.0,0.0,0,0,0
1756703630,4340,0.03,0.0,0.0,0.0,0.0,0.0,0.0,0.0,0,0,0
1756703630,4341,0.0,0.0,-0.03,0.0,0.0,0.0,0.0,0.0,0,0,0
1756703630,4342,0.0,0.0,-0.11,0.0,0.0,0.0,0.0,0.0,0,0,0
1756703630,4343,0.0,0.0,0.0,0.0,0.0,0.0,0.0,0.0,0,0,0
1756703630,4344,0.09,0.0,-0.09,0.0,0.0,0.0,0.0,0.0,0,0,0
1756703630,4345,0.0,0.0,-0.05,0.0,0.0,0.0,0.0,0.0,0,0,0
1756703630,4346,-0.01,0.0,0.0,0.0,0.0,0.0,0.0,0.0,0,0,0
1756703630,4347,-0.02,0.0,0.0,0.0,0.0,0.0,0.0,0.0,0,0,0
1756703630,4348,0.0,0.0,0.0,0.0,0.0,0.0,0.0,0.0,0,0,0
1756703630,4349,0.01,0.0,-0.03,0.0,0.0,0.0,0.0,0.0,0,0,0
1756703630,4350,-0.01,0.0,-0.1,0.0,0.0,0.0,0.0,0.0,0,0,0
1756703630,4351,0.0,0.0,0.0,0.0,0.0,0.0,0.0,0.0,0,0,0
1756703630,4352,0.0,0.0,-0.05,0.0,0.0,0.0,0.0,0.0,0,0,0
1756703630,4353,0.03,0.0,0.0,0.0,0.0,0.0,0.0,0.0,0,0,0
1756703630,4354,0.02,0.0,-0.02,0.0,0.0,0.0,0.0,0.0,0,0,0
1756703630,4355,0.0,0.0,-0.03,0.0,0.0,0.0,0.0,0.0,0,0,0
1756703630,4356,0.0,0.0,0.0,0.0,0.0,0.0,0.0,0.0,0,0,0
1756703630,4357,0.0,0.0,-0.01,0.0,0.0,0.0,0.0,0.0,0,0,0
1756703630,4358,-0.02,0.0,0.0,0.0,0.0,0.0,0.0,0.0,0,0,0
1756703630,4359,0.0,0.0,0.03,0.0,0.0,0.0,0.0,0.0,0,0,0
1756703630,4360,0.03,0.0,0.0,0.0,0.0,0.0,0.0,0.0,0,0,0
1756703631,4361,0.0,0.0,0.01,0.0,0.0,0.0,0.0,0.0,0,0,0
1756703631,4362,0.0,0.0,-0.07,0.0,0.0,0.0,0.0,0.0,0,0,0
1756703631,4363,0.02,0.0,-0.01,0.0,0.0,0.0,0.0,0.0,0,0,0
1756703631,4364,-0.01,0.0,-0.1,0.0,0.0,0.0,0.0,0.0,0,0,0
1756703631,4365,0.0,0.0,-0.01,0.0,0.0,0.0,0.0,0.0,0,0,0
1756703631,4366,0.03,0.0,0.0,0.0,0.0,0.0,0.0,0.0,0,0,0
1756703631,4367,0.03,0.0,0.0,0.0,0.0,0.0,0.0,0.0,0,0,0
1756703631,4368,0.02,0.0,-0.02,0.0,0.0,0.0,0.0,0.0,0,0,0
1756703631,4369,0.05,0.0,0.0,0.0,0.0,0.0,0.0,0.0,0,0,0
1756703631,4370,-0.03,0.0,-0.01,0.0,0.0,0.0,0.0,0.0,0,0,0
1756703631,4371,0.07,0.0,-0.02,0.0,0.0,0.0,0.0,0.0,0,0,0
1756703631,4372,0.03,0.0,-0.01,0.0,0.0,0.0,0.0,0.0,0,0,0
1756703631,4373,0.0,0.0,-0.01,0.0,0.0,0.0,0.0,0.0,0,0,0
1756703631,4374,0.0,0.0,0.0,0.0,0.0,0.0,0.0,0.0,0,0,0
1756703631,4375,-0.02,0.0,0.05,0.0,0.0,0.0,0.0,0.0,0,0,0
1756703631,4376,0.0,0.0,-0.05,0.0,0.0,0.0,0.0,0.0,0,0,0
1756703631,4377,0.0,0.0,0.0,0.0,0.0,0.0,0.0,0.0,0,0,0
1756703631,4378,0.03,0.0,0.0,0.0,0.0,0.0,0.0,0.0,0,0,0
1756703631,4379,0.02,0.0,0.0,0.0,0.0,0.0,0.0,0.0,0,0,0
1756703631,4380,0.0,0.0,-0.07,0.0,0.0,0.0,0.0,0.0,0,0,0
1756703631,4381,0.0,0.0,-0.05,0.0,0.0,0.0,0.0,0.0,0,0,0
1756703631,4382,0.0,0.0,-0.01,0.0,0.0,0.0,0.0,0.0,0,0,0
1756703631,4383,0.0,0.0,0.0,0.0,0.0,0.0,0.0,0.0,0,0,0
1756703631,4384,0.03,0.0,-0.02,0.0,0.0,0.0,0.0,0.0,0,0,0
1756703631,4385,0.0,0.0,-0.07,0.0,0.0,0.0,0.0,0.0,0,0,0
1756703631,4386,0.0,0.0,0.0,0.0,0.0,0.0,0.0,0.0,0,0,0
1756703631,4387,0.03,0.0,-0.03,0.0,0.0,0.0,0.0,0.0,0,0,0
1756703631,4388,0.0,0.0,0.0,0.0,0.0,0.0,0.0,0.0,0,0,0
1756703631,4389,0.0,0.0,-0.01,0.0,0.0,0.0,0.0,0.0,0,0,0
1756703631,4390,0.05,0.0,0.03,0.0,0.0,0.0,0.0,0.0,0,0,0
1756703631,4391,0.09,0.0,0.01,0.0,0.0,0.0,0.0,0.0,0,0,0
1756703631,4392,-0.02,0.0,-0.07,0.0,0.0,0.0,0.0,0.0,0,0,0
1756703631,4393,0.0,0.0,-0.05,0.0,0.0,0.0,0.0,0.0,0,0,0
1756703631,4394,0.0,0.0,0.0,0.0,0.0,0.0,0.0,0.0,0,0,0
1756703631,4395,0.02,0.0,0.0,0.0,0.0,0.0,0.0,0.0,0,0,0
1756703631,4396,-0.01,0.0,-0.02,0.0,0.0,0.0,0.0,0.0,0,0,0
1756703631,4397,0.17,0.0,0.0,0.0,0.0,0.0,0.0,0.0,0,0,0
1756703631,4398,0.0,0.0,-0.1,0.0,0.0,0.0,0.0,0.0,0,0,0
1756703631,4399,0.0,0.0,-0.03,0.0,0.0,0.0,0.0,0.0,0,0,0
1756703631,4400,0.0,0.0,-0.03,0.0,0.0,0.0,0.0,0.0,0,0,0
1756703631,4401,-0.02,0.0,-0.05,0.0,0.0,0.0,0.0,0.0,0,0,0
1756703631,4402,0.01,0.0,0.0,0.0,0.0,0.0,0.0,0.0,0,0,0
1756703631,4403,-0.07,0.0,0.0,0.0,0.0,0.0,0.0,0.0,0,0,0
1756703631,4404,0.02,0.0,-0.02,0.0,0.0,0.0,0.0,0.0,0,0,0
1756703631,4405,0.01,0.0,-0.03,0.0,0.0,0.0,0.0,0.0,0,0,0
1756703631,4406,0.01,0.0,-0.01,0.0,0.0,0.0,0.0,0.0,0,0,0
1756703631,4407,-0.05,0.0,-0.02,0.0,0.0,0.0,0.0,0.0,0,0,0
1756703631,4408,0.12,0.0,0.03,0.0,0.0,0.0,0.0,0.0,0,0,0
1756703631,4409,0.0,0.0,0.01,0.0,0.0,0.0,0.0,0.0,0,0,0
1756703631,4410,0.0,0.0,-0.02,0.0,0.0,0.0,0.0,0.0,0,0,0
1756703631,4411,0.03,0.0,0.0,0.0,0.0,0.0,0.0,0.0,0,0,0
1756703631,4412,-0.03,0.0,0.0,0.0,0.0,0.0,0.0,0.0,0,0,0
1756703631,4413,0.0,0.0,-0.01,0.0,0.0,0.0,0.0,0.0,0,0,0
1756703631,4414,-0.02,0.0,0.0,0.0,0.0,0.0,0.0,0.0,0,0,0
1756703631,4415,0.0,0.0,-0.01,0.0,0.0,0.0,0.0,0.0,0,0,0
1756703631,4416,0.03,0.0,-0.05,0.0,0.0,0.0,0.0,0.0,0,0,0
1756703631,4417,0.01,0.0,0.0,0.0,0.0,0.0,0.0,0.0,0,0,0
1756703631,4418,0.07,0.0,-0.09,0.0,0.0,0.0,0.0,0.0,0,0,0
1756703631,4419,-0.01,0.0,-0.05,0.0,0.0,0.0,0.0,0.0,0,0,0
1756703631,4420,0.0,0.0,0.0,0.0,0.0,0.0,0.0,0.0,0,0,0
1756703631,4421,-0.01,0.0,-0.05,0.0,0.0,0.0,0.0,0.0,0,0,0
1756703631,4422,0.01,0.0,-0.01,0.0,0.0,0.0,0.0,0.0,0,0,0
1756703631,4423,-0.02,0.0,0.0,0.0,0.0,0.0,0.0,0.0,0,0,0
1756703632,4424,0.03,0.0,0.0,0.0,0.0,0.0,0.0,0.0,0,0,0
1756703632,4425,-0.02,0.0,-0.02,0.0,0.0,0.0,0.0,0.0,0,0,0
1756703632,4426,0.07,0.0,-0.05,0.0,0.0,0.0,0.0,0.0,0,0,0
1756703632,4427,-0.03,0.0,-0.05,0.0,0.0,0.0,0.0,0.0,0,0,0
1756703632,4428,0.03,0.0,-0.02,0.0,0.0,0.0,0.0,0.0,0,0,0
1756703632,4429,0.02,0.0,-0.03,0.0,0.0,0.0,0.0,0.0,0,0,0
1756703632,4430,0.02,0.0,-0.02,0.0,0.0,0.0,0.0,0.0,0,0,0
1756703632,4431,-0.02,0.0,-0.01,0.0,0.0,0.0,0.0,0.0,0,0,0
1756703632,4432,-0.02,0.0,0.0,0.0,0.0,0.0,0.0,0.0,0,0,0
1756703632,4433,0.01,0.0,-0.01,0.0,0.0,0.0,0.0,0.0,0,0,0
1756703632,4434,0.0,0.0,-0.05,0.0,0.0,0.0,0.0,0.0,0,0,0
1756703632,4435,0.03,0.0,-0.02,0.0,0.0,0.0,0.0,0.0,0,0,0
1756703632,4436,0.0,0.0,-0.03,0.0,0.0,0.0,0.0,0.0,0,0,0
1756703632,4437,0.05,0.0,-0.02,0.0,0.0,0.0,0.0,0.0,0,0,0
1756703632,4438,0.0,0.0,-0.02,0.0,0.0,0.0,0.0,0.0,0,0,0
1756703632,4439,0.0,0.0,0.0,0.0,0.0,0.0,0.0,0.0,0,0,0
1756703632,4440,0.07,0.0,-0.05,0.0,0.0,0.0,0.0,0.0,0,0,0
1756703632,4441,-0.05,0.0,-0.01,0.0,0.0,0.0,0.0,0.0,0,0,0
1756703632,4442,0.0,0.0,-0.05,0.0,0.0,0.0,0.0,0.0,0,0,0
1756703632,4443,-0.02,0.0,-0.03,0.0,0.0,0.0,0.0,0.0,0,0,0
1756703632,4444,0.0,0.0,-0.07,0.0,0.0,0.0,0.0,0.0,0,0,0
1756703632,4445,0.0,0.0,-0.07,0.0,0.0,0.0,0.0,0.0,0,0,0
1756703632,4446,0.01,0.0,-0.02,0.0,0.0,0.0,0.0,0.0,0,0,0
1756703632,4447,0.03,0.0,-0.05,0.0,0.0,0.0,0.0,0.0,0,0,0
1756703632,4448,0.0,0.0,-0.01,0.0,0.0,0.0,0.0,0.0,0,0,0
1756703632,4449,0.0,0.0,0.0,0.0,0.0,0.0,0.0,0.0,0,0,0
1756703632,4450,0.0,0.0,0.0,0.0,0.0,0.0,0.0,0.0,0,0,0
1756703632,4451,0.0,0.0,-0.01,0.0,0.0,0.0,0.0,0.0,0,0,0
1756703632,4452,0.05,0.0,-0.05,0.0,0.0,0.0,0.0,0.0,0,0,0
1756703632,4453,0.0,0.0,-0.01,0.0,0.0,0.0,0.0,0.0,0,0,0
1756703632,4454,0.03,0.0,-0.02,0.0,0.0,0.0,0.0,0.0,0,0,0
1756703632,4455,0.0,0.0,0.0,0.0,0.0,0.0,0.0,0.0,0,0,0
1756703632,4456,0.03,0.0,0.0,0.0,0.0,0.0,0.0,0.0,0,0,0
1756703632,4457,0.02,0.0,-0.09,0.0,0.0,0.0,0.0,0.0,0,0,0
1756703632,4458,0.0,0.0,0.0,0.0,0.0,0.0,0.0,0.0,0,0,0
1756703632,4459,-0.01,0.0,0.0,0.0,0.0,0.0,0.0,0.0,0,0,0
1756703632,4460,0.0,0.0,-0.05,0.0,0.0,0.0,0.0,0.0,0,0,0
1756703632,4461,0.0,0.0,-0.05,0.0,0.0,0.0,0.0,0.0,0,0,0
1756703632,4462,0.0,0.0,-0.02,0.0,0.0,0.0,0.0,0.0,0,0,0
1756703632,4463,-0.01,0.0,0.0,0.0,0.0,0.0,0.0,0.0,0,0,0
1756703632,4464,0.01,0.0,-0.05,0.0,0.0,0.0,0.0,0.0,0,0,0
1756703632,4465,0.05,0.0,-0.03,0.0,0.0,0.0,0.0,0.0,0,0,0
1756703632,4466,0.01,0.0,-0.01,0.0,0.0,0.0,0.0,0.0,0,0,0
1756703632,4467,0.05,0.0,0.0,0.0,0.0,0.0,0.0,0.0,0,0,0
1756703632,4468,0.02,0.0,0.0,0.0,0.0,0.0,0.0,0.0,0,0,0
1756703632,4469,0.0,0.0,0.0,0.0,0.0,0.0,0.0,0.0,0,0,0
1756703632,4470,-0.02,0.0,-0.05,0.0,0.0,0.0,0.0,0.0,0,0,0
1756703632,4471,-0.01,0.0,-0.01,0.0,0.0,0.0,0.0,0.0,0,0,0
1756703632,4472,-0.03,0.0,-0.03,0.0,0.0,0.0,0.0,0.0,0,0,0
1756703632,4473,0.0,0.0,-0.05,0.0,0.0,0.0,0.0,0.0,0,0,0
1756703632,4474,-0.01,0.0,-0.02,0.0,0.0,0.0,0.0,0.0,0,0,0
1756703632,4475,-0.02,0.0,0.0,0.0,0.0,0.0,0.0,0.0,0,0,0
1756703632,4476,0.02,0.0,0.0,0.0,0.0,0.0,0.0,0.0,0,0,0
1756703632,4477,0.01,0.0,-0.01,0.0,0.0,0.0,0.0,0.0,0,0,0
1756703632,4478,0.02,0.0,0.0,0.0,0.0,0.0,0.0,0.0,0,0,0
1756703632,4479,0.0,0.0,-0.01,0.0,0.0,0.0,0.0,0.0,0,0,0
1756703632,4480,0.07,0.0,0.0,0.0,0.0,0.0,0.0,0.0,0,0,0
1756703632,4481,-0.03,0.0,0.07,0.0,0.0,0.0,0.0,0.0,0,0,0
1756703632,4482,0.02,0.0,0.0,0.0,0.0,0.0,0.0,0.0,0,0,0
1756703632,4483,-0.17,0.0,-0.09,0.0,0.0,0.0,0.0,0.0,0,0,0
1756703632,4484,0.05,0.0,0.0,0.0,0.0,0.0,0.0,0.0,0,0,0
1756703632,4485,0.0,0.0,-0.05,0.0,0.0,0.0,0.0,0.0,0,0,0
1756703632,4486,0.05,0.0,-0.03,0.0,0.0,0.0,0.0,0.0,0,0,0
1756703632,4487,0.05,0.0,0.03,0.0,0.0,0.0,0.0,0.0,0,0,0
1756703632,4488,0.05,0.0,0.0,0.0,0.0,0.0,0.0,0.0,0,0,0
1756703632,4489,-0.14,0.0,0.0,0.0,0.0,0.0,0.0,0.0,0,0,0
1756703633,4490,0.0,0.0,0.0,0.0,0.0,0.0,0.0,0.0,0,0,0
1756703633,4491,-0.02,0.0,0.02,0.0,0.0,0.0,0.0,0.0,0,0,0
1756703633,4492,0.02,0.0,-0.05,0.0,0.0,0.0,0.0,0.0,0,0,0
1756703633,4493,0.0,0.0,-0.05,0.0,0.0,0.0,0.0,0.0,0,0,0
1756703633,4494,0.0,0.0,0.0,0.0,0.0,0.0,0.0,0.0,0,0,0
1756703633,4495,0.0,0.0,0.0,0.0,0.0,0.0,0.0,0.0,0,0,0
1756703633,4496,0.02,0.0,-0.01,0.0,0.0,0.0,0.0,0.0,0,0,0
1756703633,4497,0.07,0.0,-0.01,0.0,0.0,0.0,0.0,0.0,0,0,0
1756703633,4498,-0.01,0.0,0.0,0.0,0.0,0.0,0.0,0.0,0,0,0
1756703633,4499,-0.11,0.0,-0.07,0.0,0.0,0.0,0.0,0.0,0,0,0
1756703633,4500,0.05,0.0,-0.05,0.0,0.0,0.0,0.0,0.0,0,0,0
1756703633,4501,0.07,0.0,0.0,0.0,0.0,0.0,0.0,0.0,0,0,0
1756703633,4502,0.0,0.0,0.0,0.0,0.0,0.0,0.0,0.0,0,0,0
1756703633,4503,0.0,0.0,0.0,0.0,0.0,0.0,0.0,0.0,0,0,0
1756703633,4504,0.0,0.0,0.0,0.0,0.0,0.0,0.0,0.0,0,0,0
1756703633,4505,0.0,0.0,0.0,0.0,0.0,0.0,0.0,0.0,0,0,0
1756703633,4506,-0.05,0.0,-0.01,0.0,0.0,0.0,0.0,0.0,0,0,0
1756703633,4507,0.0,0.0,-0.05,0.0,0.0,0.0,0.0,0.0,0,0,0
1756703633,4508,-0.01,0.0,-0.01,0.0,0.0,0.0,0.0,0.0,0,0,0
1756703633,4509,0.01,0.0,-0.01,0.0,0.0,0.0,0.0,0.0,0,0,0
1756703633,4510,0.0,0.0,0.0,0.0,0.0,0.0,0.0,0.0,0,0,0
1756703633,4511,0.05,0.0,-0.07,0.0,0.0,0.0,0.0,0.0,0,0,0
1756703633,4512,-0.05,0.0,0.0,0.0,0.0,0.0,0.0,0.0,0,0,0
1756703633,4513,0.0,0.0,-0.01,0.0,0.0,0.0,0.0,0.0,0,0,0
1756703633,4514,0.0,0.0,0.0,0.0,0.0,0.0,0.0,0.0,0,0,0
1756703633,4515,0.0,0.0,0.0,0.0,0.0,0.0,0.0,0.0,0,0,0
1756703633,4516,0.01,0.0,0.0,0.0,0.0,0.0,0.0,0.0,0,0,0
1756703633,4517,-0.1,0.0,0.0,0.0,0.0,0.0,0.0,0.0,0,0,0
1756703633,4518,0.03,0.0,0.0,0.0,0.0,0.0,0.0,0.0,0,0,0
1756703633,4519,-0.11,0.0,-0.01,0.0,0.0,0.0,0.0,0.0,0,0,0
1756703633,4520,0.02,0.0,-0.03,0.0,0.0,0.0,0.0,0.0,0,0,0
1756703633,4521,0.03,0.0,-0.03,0.0,0.0,0.0,0.0,0.0,0,0,0
1756703633,4522,0.03,0.0,-0.03,0.0,0.0,0.0,0.0,0.0,0,0,0
1756703633,4523,0.01,0.0,0.0,0.0,0.0,0.0,0.0,0.0,0,0,0
1756703633,4524,0.02,0.0,-0.02,0.0,0.0,0.0,0.0,0.0,0,0,0
1756703633,4525,0.01,0.0,-0.02,0.0,0.0,0.0,0.0,0.0,0,0,0
1756703633,4526,0.01,0.0,0.0,0.0,0.0,0.0,0.0,0.0,0,0,0
1756703633,4527,0.0,0.0,-0.02,0.0,0.0,0.0,0.0,0.0,0,0,0
1756703633,4528,0.0,0.0,-0.02,0.0,0.0,0.0,0.0,0.0,0,0,0
1756703633,4529,0.02,0.0,0.0,0.0,0.0,0.0,0.0,0.0,0,0,0
1756703633,4530,0.15,0.0,0.0,0.0,0.0,0.0,0.0,0.0,0,0,0
1756703633,4531,-0.01,0.0,-0.03,0.0,0.0,0.0,0.0,0.0,0,0,0
1756703633,4532,0.02,0.0,-0.01,0.0,0.0,0.0,0.0,0.0,0,0,0
1756703633,4533,0.0,0.0,0.0,0.0,0.0,0.0,0.0,0.0,0,0,0
1756703633,4534,0.0,0.0,0.0,0.0,0.0,0.0,0.0,0.0,0,0,0
1756703633,4535,0.0,0.0,-0.01,0.0,0.0,0.0,0.0,0.0,0,0,0
1756703633,4536,0.0,0.0,0.0,0.0,0.0,0.0,0.0,0.0,0,0,0
1756703633,4537,0.0,0.0,-0.03,0.0,0.0,0.0,0.0,0.0,0,0,0
1756703633,4538,0.02,0.0,0.0,0.0,0.0,0.0,0.0,0.0,0,0,0
1756703633,4539,0.02,0.0,0.0,0.0,0.0,0.0,0.0,0.0,0,0,0
1756703633,4540,0.0,0.0,0.0,0.0,0.0,0.0,0.0,0.0,0,0,0
1756703633,4541,0.01,0.0,-0.03,0.0,0.0,0.0,0.0,0.0,0,0,0
1756703633,4542,0.0,0.0,-0.05,0.0,0.0,0.0,0.0,0.0,0,0,0
1756703633,4543,0.0,0.0,0.0,0.0,0.0,0.0,0.0,0.0,0,0,0
1756703633,4544,0.02,0.0,-0.02,0.0,0.0,0.0,0.0,0.0,0,0,0
1756703633,4545,0.07,0.0,-0.02,0.0,0.0,0.0,0.0,0.0,0,0,0
1756703633,4546,-0.01,0.0,0.0,0.0,0.0,0.0,0.0,0.0,0,0,0
1756703633,4547,0.0,0.0,0.0,0.0,0.0,0.0,0.0,0.0,0,0,0
1756703633,4548,-0.03,0.0,0.0,0.0,0.0,0.0,0.0,0.0,0,0,0
1756703633,4549,0.05,0.0,0.0,0.0,0.0,0.0,0.0,0.0,0,0,0
1756703633,4550,0.0,0.0,0.0,0.0,0.0,0.0,0.0,0.0,0,0,0
1756703633,4551,0.01,0.0,0.0,0.0,0.0,0.0,0.0,0.0,0,0,0
1756703633,4552,0.01,0.0,-0.02,0.0,0.0,0.0,0.0,0.0,0,0,0
1756703633,4553,0.0,0.0,-0.1,0.0,0.0,0.0,0.0,0.0,0,0,0
1756703633,4554,0.01,0.0,0.0,0.0,0.0,0.0,0.0,0.0,0,0,0
1756703633,4555,0.0,0.0,0.0,0.0,0.0,0.0,0.0,0.0,0,0,0
1756703633,4556,-0.03,0.0,-0.02,0.0,0.0,0.0,0.0,0.0,0,0,0
1756703633,4557,0.0,0.0,-0.05,0.0,0.0,0.0,0.0,0.0,0,0,0
1756703633,4558,-0.02,0.0,0.0,0.0,0.0,0.0,0.0,0.0,0,0,0
1756703634,4559,0.01,0.0,-0.09,0.0,0.0,0.0,0.0,0.0,0,0,0
1756703634,4560,0.0,0.0,0.03,0.0,0.0,0.0,0.0,0.0,0,0,0
1756703634,4561,0.01,0.0,-0.02,0.0,0.0,0.0,0.0,0.0,0,0,0
1756703634,4562,0.0,0.0,0.0,0.0,0.0,0.0,0.0,0.0,0,0,0
1756703634,4563,0.0,0.0,-0.05,0.0,0.0,0.0,0.0,0.0,0,0,0
1756703634,4564,-0.01,0.0,-0.05,0.0,0.0,0.0,0.0,0.0,0,0,0
1756703634,4565,-0.02,0.0,-0.03,0.0,0.0,0.0,0.0,0.0,0,0,0
1756703634,4566,-0.03,0.0,-0.1,0.0,0.0,0.0,0.0,0.0,0,0,0
1756703634,4567,0.0,0.0,-0.01,0.0,0.0,0.0,0.0,0.0,0,0,0
1756703634,4568,-0.02,0.0,-0.02,0.0,0.0,0.0,0.0,0.0,0,0,0
1756703634,4569,0.03,0.0,-0.01,0.0,0.0,0.0,0.0,0.0,0,0,0
1756703634,4570,0.05,0.0,-0.03,0.0,0.0,0.0,0.0,0.0,0,0,0
1756703634,4571,0.0,0.0,-0.05,0.0,0.0,0.0,0.0,0.0,0,0,0
1756703634,4572,0.01,0.0,0.0,0.0,0.0,0.0,0.0,0.0,0,0,0
1756703634,4573,0.02,0.0,-0.1,0.0,0.0,0.0,0.0,0.0,0,0,0
1756703634,4574,0.05,0.0,-0.05,0.0,0.0,0.0,0.0,0.0,0,0,0
1756703634,4575,0.0,0.0,-0.01,0.0,0.0,0.0,0.0,0.0,0,0,0
1756703634,4576,0.0,0.0,-0.01,0.0,0.0,0.0,0.0,0.0,0,0,0
1756703634,4577,-0.09,0.0,-0.01,0.0,0.0,0.0,0.0,0.0,0,0,0
1756703634,4578,0.1,0.0,0.03,0.0,0.0,0.0,0.0,0.0,0,0,0
1756703634,4579,0.05,0.0,0.0,0.0,0.0,0.0,0.0,0.0,0,0,0
1756703634,4580,-0.07,0.0,-0.05,0.0,0.0,0.0,0.0,0.0,0,0,0
1756703634,4581,-0.09,0.0,0.0,0.0,0.0,0.0,0.0,0.0,0,0,0
1756703634,4582,0.02,0.0,0.0,0.0,0.0,0.0,0.0,0.0,0,0,0
1756703634,4583,0.01,0.0,-0.01,0.0,0.0,0.0,0.0,0.0,0,0,0
1756703634,4584,0.0,0.0,0.0,0.0,0.0,0.0,0.0,0.0,0,0,0
1756703634,4585,0.0,0.0,-0.02,0.0,0.0,0.0,0.0,0.0,0,0,0
1756703634,4586,0.03,0.0,-0.03,0.0,0.0,0.0,0.0,0.0,0,0,0
1756703634,4587,-0.07,0.0,0.0,0.0,0.0,0.0,0.0,0.0,0,0,0
1756703634,4588,0.01,0.0,-0.02,0.0,0.0,0.0,0.0,0.0,0,0,0
1756703634,4589,0.03,0.0,-0.1,0.0,0.0,0.0,0.0,0.0,0,0,0
1756703634,4590,0.0,0.0,-0.02,0.0,0.0,0.0,0.0,0.0,0,0,0
1756703634,4591,-0.01,0.0,-0.02,0.0,0.0,0.0,0.0,0.0,0,0,0
1756703634,4592,0.0,0.0,-0.01,0.0,0.0,0.0,0.0,0.0,0,0,0
1756703634,4593,0.02,0.0,0.18,0.0,0.0,0.0,0.0,0.0,0,0,0
1756703634,4594,0.0,0.0,0.07,0.0,0.0,0.0,0.0,0.0,0,0,0
1756703634,4595,0.0,0.0,-0.01,0.0,0.0,0.0,0.0,0.0,0,0,0
1756703634,4596,-0.02,0.0,0.0,0.0,0.0,0.0,0.0,0.0,0,0,0
1756703634,4597,0.05,0.0,-0.02,0.0,0.0,0.0,0.0,0.0,0,0,0
1756703634,4598,0.0,0.0,-0.07,0.0,0.0,0.0,0.0,0.0,0,0,0
1756703634,4599,0.05,0.0,-0.02,0.0,0.0,0.0,0.0,0.0,0,0,0
1756703634,4600,0.01,0.0,-0.01,0.0,0.0,0.0,0.0,0.0,0,0,0
1756703634,4601,0.02,0.0,-0.07,0.0,0.0,0.0,0.0,0.0,0,0,0
1756703634,4602,0.05,0.0,-0.07,0.0,0.0,0.0,0.0,0.0,0,0,0
1756703634,4603,0.0,0.0,0.0,0.0,0.0,0.0,0.0,0.0,0,0,0
1756703634,4604,0.0,0.0,-0.05,0.0,0.0,0.0,0.0,0.0,0,0,0
1756703634,4605,0.0,0.0,-0.03,0.0,0.0,0.0,0.0,0.0,0,0,0
1756703634,4606,-0.09,0.0,-0.05,0.0,0.0,0.0,0.0,0.0,0,0,0
1756703634,4607,0.05,0.0,-0.05,0.0,0.0,0.0,0.0,0.0,0,0,0
1756703634,4608,0.0,0.0,-0.02,0.0,0.0,0.0,0.0,0.0,0,0,0
1756703634,4609,0.0,0.0,-0.05,0.0,0.0,0.0,0.0,0.0,0,0,0
1756703634,4610,0.01,0.0,-0.01,0.0,0.0,0.0,0.0,0.0,0,0,0
1756703634,4611,0.03,0.0,-0.05,0.0,0.0,0.0,0.0,0.0,0,0,0
1756703634,4612,0.0,0.0,0.0,0.0,0.0,0.0,0.0,0.0,0,0,0
1756703634,4613,0.02,0.0,-0.01,0.0,0.0,0.0,0.0,0.0,0,0,0
1756703634,4614,0.0,0.0,0.0,0.0,0.0,0.0,0.0,0.0,0,0,0
1756703634,4615,0.0,0.0,0.0,0.0,0.0,0.0,0.0,0.0,0,0,0
1756703634,4616,0.0,0.0,-0.03,0.0,0.0,0.0,0.0,0.0,0,0,0
1756703634,4617,0.0,0.0,-0.12,0.0,0.0,0.0,0.0,0.0,0,0,0
1756703634,4618,0.02,0.0,-0.07,0.0,0.0,0.0,0.0,0.0,0,0,0
1756703634,4619,0.01,0.0,-0.05,0.0,0.0,0.0,0.0,0.0,0,0,0
1756703634,4620,0.0,0.0,0.0,0.0,0.0,0.0,0.0,0.0,0,0,0
1756703634,4621,0.02,0.0,0.0,0.0,0.0,0.0,0.0,0.0,0,0,0
1756703634,4622,-0.01,0.0,-0.01,0.0,0.0,0.0,0.0,0.0,0,0,0
1756703634,4623,0.0,0.0,0.0,0.0,0.0,0.0,0.0,0.0,0,0,0
1756703635,4624,0.0,0.0,-0.1,0.0,0.0,0.0,0.0,0.0,0,0,0
1756703635,4625,0.0,0.0,-0.02,0.0,0.0,0.0,0.0,0.0,0,0,0
1756703635,4626,-0.05,0.0,-0.01,0.0,0.0,0.0,0.0,0.0,0,0,0
1756703635,4627,0.03,0.0,0.0,0.0,0.0,0.0,0.0,0.0,0,0,0
1756703635,4628,0.0,0.0,0.0,0.0,0.0,0.0,0.0,0.0,0,0,0
1756703635,4629,0.0,0.0,0.01,0.0,0.0,0.0,0.0,0.0,0,0,0
1756703635,4630,0.05,0.0,0.0,0.0,0.0,0.0,0.0,0.0,0,0,0
1756703635,4631,0.01,0.0,0.0,0.0,0.0,0.0,0.0,0.0,0,0,0
1756703635,4632,0.02,0.0,0.0,0.0,0.0,0.0,0.0,0.0,0,0,0
1756703635,4633,0.01,0.0,-0.03,0.0,0.0,0.0,0.0,0.0,0,0,0
1756703635,4634,0.0,0.0,0.01,0.0,0.0,0.0,0.0,0.0,0,0,0
1756703635,4635,-0.02,0.0,0.0,0.0,0.0,0.0,0.0,0.0,0,0,0
1756703635,4636,-0.09,0.0,-0.09,0.0,0.0,0.0,0.0,0.0,0,0,0
1756703635,4637,0.0,0.0,0.0,0.0,0.0,0.0,0.0,0.0,0,0,0
1756703635,4638,0.0,0.0,-0.01,0.0,0.0,0.0,0.0,0.0,0,0,0
1756703635,4639,0.01,0.0,-0.02,0.0,0.0,0.0,0.0,0.0,0,0,0
1756703635,4640,0.0,0.0,0.0,0.0,0.0,0.0,0.0,0.0,0,0,0
1756703635,4641,0.01,0.0,0.0,0.0,0.0,0.0,0.0,0.0,0,0,0
1756703635,4642,0.03,0.0,0.0,0.0,0.0,0.0,0.0,0.0,0,0,0
1756703635,4643,0.09,0.0,0.01,0.0,0.0,0.0,0.0,0.0,0,0,0
1756703635,4644,0.0,0.0,0.0,0.0,0.0,0.0,0.0,0.0,0,0,0
1756703635,4645,0.0,0.0,-0.03,0.0,0.0,0.0,0.0,0.0,0,0,0
1756703635,4646,0.01,0.0,0.01,0.0,0.0,0.0,0.0,0.0,0,0,0
1756703635,4647,0.03,0.0,-0.05,0.0,0.0,0.0,0.0,0.0,0,0,0
1756703635,4648,0.0,0.0,0.0,0.0,0.0,0.0,0.0,0.0,0,0,0
1756703635,4649,0.0,0.0,-0.02,0.0,0.0,0.0,0.0,0.0,0,0,0
1756703635,4650,0.0,0.0,-0.05,0.0,0.0,0.0,0.0,0.0,0,0,0
1756703635,4651,0.0,0.0,0.0,0.0,0.0,0.0,0.0,0.0,0,0,0
1756703635,4652,0.0,0.0,0.01,0.0,0.0,0.0,0.0,0.0,0,0,0
1756703635,4653,-0.01,0.0,0.0,0.0,0.0,0.0,0.0,0.0,0,0,0
1756703635,4654,0.02,0.0,0.0,0.0,0.0,0.0,0.0,0.0,0,0,0
1756703635,4655,0.03,0.0,0.01,0.0,0.0,0.0,0.0,0.0,0,0,0
1756703635,4656,-0.05,0.0,0.0,0.0,0.0,0.0,0.0,0.0,0,0,0
1756703635,4657,0.01,0.0,0.01,0.0,0.0,0.0,0.0,0.0,0,0,0
1756703635,4658,0.0,0.0,0.0,0.0,0.0,0.0,0.0,0.0,0,0,0
1756703635,4659,-0.05,0.0,-0.02,0.0,0.0,0.0,0.0,0.0,0,0,0
1756703635,4660,0.02,0.0,-0.02,0.0,0.0,0.0,0.0,0.0,0,0,0
1756703635,4661,0.0,0.0,-0.02,0.0,0.0,0.0,0.0,0.0,0,0,0
1756703635,4662,0.0,0.0,0.02,0.0,0.0,0.0,0.0,0.0,0,0,0
1756703635,4663,-0.05,0.0,0.0,0.0,0.0,0.0,0.0,0.0,0,0,0
1756703635,4664,0.02,0.0,-0.03,0.0,0.0,0.0,0.0,0.0,0,0,0
1756703635,4665,0.0,0.0,-0.03,0.0,0.0,0.0,0.0,0.0,0,0,0
1756703635,4666,0.05,0.0,-0.02,0.0,0.0,0.0,0.0,0.0,0,0,0
1756703635,4667,-0.03,0.0,0.0,0.0,0.0,0.0,0.0,0.0,0,0,0
1756703635,4668,0.0,0.0,-0.03,0.0,0.0,0.0,0.0,0.0,0,0,0
1756703635,4669,0.05,0.0,0.0,0.0,0.0,0.0,0.0,0.0,0,0,0
1756703635,4670,-0.05,0.0,-0.02,0.0,0.0,0.0,0.0,0.0,0,0,0
1756703635,4671,0.0,0.0,0.0,0.0,0.0,0.0,0.0,0.0,0,0,0
1756703635,4672,0.01,0.0,0.0,0.0,0.0,0.0,0.0,0.0,0,0,0
1756703635,4673,-0.02,0.0,0.05,0.0,0.0,0.0,0.0,0.0,0,0,0
1756703635,4674,0.03,0.0,0.0,0.0,0.0,0.0,0.0,0.0,0,0,0
1756703635,4675,-0.03,0.0,0.0,0.0,0.0,0.0,0.0,0.0,0,0,0
1756703635,4676,-0.1,0.0,-0.02,0.0,0.0,0.0,0.0,0.0,0,0,0
1756703635,4677,0.02,0.0,-0.02,0.0,0.0,0.0,0.0,0.0,0,0,0
1756703635,4678,0.0,0.0,-0.01,0.0,0.0,0.0,0.0,0.0,0,0,0
1756703635,4679,0.01,0.0,-0.01,0.0,0.0,0.0,0.0,0.0,0,0,0
1756703635,4680,0.0,0.0,0.0,0.0,0.0,0.0,0.0,0.0,0,0,0
1756703635,4681,0.0,0.0,-0.01,0.0,0.0,0.0,0.0,0.0,0,0,0
1756703635,4682,0.01,0.0,0.0,0.0,0.0,0.0,0.0,0.0,0,0,0
1756703635,4683,0.02,0.0,0.0,0.0,0.0,0.0,0.0,0.0,0,0,0
1756703635,4684,0.0,0.0,0.0,0.0,0.0,0.0,0.0,0.0,0,0,0
1756703635,4685,0.0,0.0,-0.02,0.0,0.0,0.0,0.0,0.0,0,0,0
1756703635,4686,0.0,0.0,0.0,0.0,0.0,0.0,0.0,0.0,0,0,0
1756703635,4687,0.0,0.0,0.0,0.0,0.0,0.0,0.0,0.0,0,0,0
1756703635,4688,-0.01,0.0,-0.02,0.0,0.0,0.0,0.0,0.0,0,0,0
1756703635,4689,0.01,0.0,0.05,0.0,0.0,0.0,0.0,0.0,0,0,0
1756703635,4690,0.05,0.0,-0.05,0.0,0.0,0.0,0.0,0.0,0,0,0
1756703636,4691,0.0,0.0,-0.01,0.0,0.0,0.0,0.0,0.0,0,0,0
1756703636,4692,0.01,0.0,0.0,0.0,0.0,0.0,0.0,0.0,0,0,0
1756703636,4693,0.01,0.0,-0.02,0.0,0.0,0.0,0.0,0.0,0,0,0
1756703636,4694,0.05,0.0,-0.01,0.0,0.0,0.0,0.0,0.0,0,0,0
1756703636,4695,0.01,0.0,-0.01,0.0,0.0,0.0,0.0,0.0,0,0,0
1756703636,4696,0.0,0.0,-0.03,0.0,0.0,0.0,0.0,0.0,0,0,0
1756703636,4697,-0.05,0.0,-0.1,0.0,0.0,0.0,0.0,0.0,0,0,0
1756703636,4698,0.0,0.0,-0.03,0.0,0.0,0.0,0.0,0.0,0,0,0
1756703636,4699,0.05,0.0,0.0,0.0,0.0,0.0,0.0,0.0,0,0,0
1756703636,4700,0.03,0.0,0.0,0.0,0.0,0.0,0.0,0.0,0,0,0
1756703636,4701,-0.09,0.0,0.0,0.0,0.0,0.0,0.0,0.0,0,0,0
1756703636,4702,0.0,0.0,-0.01,0.0,0.0,0.0,0.0,0.0,0,0,0
1756703636,4703,0.01,0.0,0.02,0.0,0.0,0.0,0.0,0.0,0,0,0
1756703636,4704,-0.05,0.0,-0.18,0.0,0.0,0.0,0.0,0.0,0,0,0
1756703636,4705,0.0,0.0,-0.03,0.0,0.0,0.0,0.0,0.0,0,0,0
1756703636,4706,0.0,0.0,0.0,0.0,0.0,0.0,0.0,0.0,0,0,0
1756703636,4707,0.02,0.0,0.0,0.0,0.0,0.0,0.0,0.0,0,0,0
1756703636,4708,0.0,0.0,-0.03,0.0,0.0,0.0,0.0,0.0,0,0,0
1756703636,4709,0.01,0.0,-0.01,0.0,0.0,0.0,0.0,0.0,0,0,0
1756703636,4710,0.03,0.0,-0.01,0.0,0.0,0.0,0.0,0.0,0,0,0
1756703636,4711,0.01,0.0,-0.02,0.0,0.0,0.0,0.0,0.0,0,0,0
1756703636,4712,0.03,0.0,0.0,0.0,0.0,0.0,0.0,0.0,0,0,0
1756703636,4713,0.02,0.0,-0.02,0.0,0.0,0.0,0.0,0.0,0,0,0
1756703636,4714,0.0,0.0,0.0,0.0,0.0,0.0,0.0,0.0,0,0,0
1756703636,4715,0.0,0.0,0.0,0.0,0.0,0.0,0.0,0.0,0,0,0
1756703636,4716,0.02,0.0,0.0,0.0,0.0,0.0,0.0,0.0,0,0,0
1756703636,4717,0.0,0.0,0.0,0.0,0.0,0.0,0.0,0.0,0,0,0
1756703636,4718,0.0,0.0,0.07,0.0,0.0,0.0,0.0,0.0,0,0,0
1756703636,4719,-0.01,0.0,0.0,0.0,0.0,0.0,0.0,0.0,0,0,0
1756703636,4720,-0.07,0.0,-0.05,0.0,0.0,0.0,0.0,0.0,0,0,0
1756703636,4721,0.09,0.0,0.0,0.0,0.0,0.0,0.0,0.0,0,0,0
1756703636,4722,0.0,0.0,0.0,0.0,0.0,0.0,0.0,0.0,0,0,0
1756703636,4723,0.0,0.0,0.0,0.0,0.0,0.0,0.0,0.0,0,0,0
1756703636,4724,-0.05,0.0,-0.01,0.0,0.0,0.0,0.0,0.0,0,0,0
1756703636,4725,0.0,0.0,0.0,0.0,0.0,0.0,0.0,0.0,0,0,0
1756703636,4726,0.02,0.0,-0.01,0.0,0.0,0.0,0.0,0.0,0,0,0
1756703636,4727,0.02,0.0,0.0,0.0,0.0,0.0,0.0,0.0,0,0,0
1756703636,4728,0.03,0.0,-0.03,0.0,0.0,0.0,0.0,0.0,0,0,0
1756703636,4729,0.05,0.0,-0.02,0.0,0.0,0.0,0.0,0.0,0,0,0
1756703636,4730,0.03,0.0,0.0,0.0,0.0,0.0,0.0,0.0,0,0,0
1756703636,4731,0.1,0.0,-0.01,0.0,0.0,0.0,0.0,0.0,0,0,0
1756703636,4732,0.02,0.0,-0.03,0.0,0.0,0.0,0.0,0.0,0,0,0
1756703636,4733,0.0,0.0,0.02,0.0,0.0,0.0,0.0,0.0,0,0,0
1756703636,4734,-0.02,0.0,0.01,0.0,0.0,0.0,0.0,0.0,0,0,0
1756703636,4735,0.0,0.0,0.0,0.0,0.0,0.0,0.0,0.0,0,0,0
1756703636,4736,0.0,0.0,-0.05,0.0,0.0,0.0,0.0,0.0,0,0,0
1756703636,4737,0.0,0.0,0.0,0.0,0.0,0.0,0.0,0.0,0,0,0
1756703636,4738,0.0,0.0,-0.02,0.0,0.0,0.0,0.0,0.0,0,0,0
1756703636,4739,0.03,0.0,-0.02,0.0,0.0,0.0,0.0,0.0,0,0,0
1756703636,4740,0.0,0.0,0.0,0.0,0.0,0.0,0.0,0.0,0,0,0
1756703636,4741,0.07,0.0,0.0,0.0,0.0,0.0,0.0,0.0,0,0,0
1756703636,4742,0.0,0.0,0.0,0.0,0.0,0.0,0.0,0.0,0,0,0
1756703636,4743,0.0,0.0,-0.05,0.0,0.0,0.0,0.0,0.0,0,0,0
1756703636,4744,0.0,0.0,0.0,0.0,0.0,0.0,0.0,0.0,0,0,0
1756703636,4745,0.05,0.0,0.0,0.0,0.0,0.0,0.0,0.0,0,0,0
1756703636,4746,-0.03,0.0,0.0,0.0,0.0,0.0,0.0,0.0,0,0,0
1756703636,4747,-0.03,0.0,0.0,0.0,0.0,0.0,0.0,0.0,0,0,0
1756703636,4748,0.01,0.0,-0.07,0.0,0.0,0.0,0.0,0.0,0,0,0
1756703636,4749,0.02,0.0,-0.07,0.0,0.0,0.0,0.0,0.0,0,0,0
1756703636,4750,-0.01,0.0,-0.01,0.0,0.0,0.0,0.0,0.0,0,0,0
1756703636,4751,0.01,0.0,-0.05,0.0,0.0,0.0,0.0,0.0,0,0,0
1756703636,4752,0.01,0.0,0.0,0.0,0.0,0.0,0.0,0.0,0,0,0
1756703636,4753,-0.03,0.0,-0.02,0.0,0.0,0.0,0.0,0.0,0,0,0
1756703636,4754,0.0,0.0,0.0,0.0,0.0,0.0,0.0,0.0,0,0,0
1756703636,4755,0.02,0.0,0.0,0.0,0.0,0.0,0.0,0.0,0,0,0
1756703636,4756,0.0,0.0,0.02,0.0,0.0,0.0,0.0,0.0,0,0,0
1756703636,4757,0.02,0.0,-0.01,0.0,0.0,0.0,0.0,0.0,0,0,0
1756703637,4758,0.0,0.0,0.0,0.0,0.0,0.0,0.0,0.0,0,0,0
1756703637,4759,0.0,0.0,0.0,0.0,0.0,0.0,0.0,0.0,0,0,0
1756703637,4760,0.0,0.0,-0.01,0.0,0.0,0.0,0.0,0.0,0,0,0
1756703637,4761,-0.01,0.0,0.0,0.0,0.0,0.0,0.0,0.0,0,0,0
1756703637,4762,0.03,0.0,0.0,0.0,0.0,0.0,0.0,0.0,0,0,0
1756703637,4763,0.0,0.0,0.0,0.0,0.0,0.0,0.0,0.0,0,0,0
1756703637,4764,-0.02,0.0,0.0,0.0,0.0,0.0,0.0,0.0,0,0,0
1756703637,4765,0.05,0.0,-0.03,0.0,0.0,0.0,0.0,0.0,0,0,0
1756703637,4766,0.05,0.0,-0.02,0.0,0.0,0.0,0.0,0.0,0,0,0
1756703637,4767,-0.02,0.0,-0.02,0.0,0.0,0.0,0.0,0.0,0,0,0
1756703637,4768,0.0,0.0,-0.02,0.0,0.0,0.0,0.0,0.0,0,0,0
1756703637,4769,0.0,0.0,-0.1,0.0,0.0,0.0,0.0,0.0,0,0,0
1756703637,4770,0.02,0.0,0.0,0.0,0.0,0.0,0.0,0.0,0,0,0
1756703637,4771,-0.02,0.0,0.0,0.0,0.0,0.0,0.0,0.0,0,0,0
1756703637,4772,0.0,0.0,-0.05,0.0,0.0,0.0,0.0,0.0,0,0,0
1756703637,4773,0.0,0.0,0.01,0.0,0.0,0.0,0.0,0.0,0,0,0
1756703637,4774,0.0,0.0,0.03,0.0,0.0,0.0,0.0,0.0,0,0,0
1756703637,4775,0.07,0.0,0.0,0.0,0.0,0.0,0.0,0.0,0,0,0
1756703637,4776,0.0,0.0,0.05,0.0,0.0,0.0,0.0,0.0,0,0,0
1756703637,4777,0.0,0.0,0.0,0.0,0.0,0.0,0.0,0.0,0,0,0
1756703637,4778,0.0,0.0,0.0,0.0,0.0,0.0,0.0,0.0,0,0,0
1756703637,4779,0.01,0.0,-0.01,0.0,0.0,0.0,0.0,0.0,0,0,0
1756703637,4780,-0.01,0.0,0.0,0.0,0.0,0.0,0.0,0.0,0,0,0
1756703637,4781,0.0,0.0,0.0,0.0,0.0,0.0,0.0,0.0,0,0,0
1756703637,4782,-0.05,0.0,-0.03,0.0,0.0,0.0,0.0,0.0,0,0,0
1756703637,4783,0.0,0.0,-0.01,0.0,0.0,0.0,0.0,0.0,0,0,0
1756703637,4784,0.0,0.0,-0.01,0.0,0.0,0.0,0.0,0.0,0,0,0
1756703637,4785,0.1,0.0,-0.05,0.0,0.0,0.0,0.0,0.0,0,0,0
1756703637,4786,0.0,0.0,0.0,0.0,0.0,0.0,0.0,0.0,0,0,0
1756703637,4787,0.05,0.0,-0.01,0.0,0.0,0.0,0.0,0.0,0,0,0
1756703637,4788,0.03,0.0,-0.05,0.0,0.0,0.0,0.0,0.0,0,0,0
1756703637,4789,0.01,0.0,-0.03,0.0,0.0,0.0,0.0,0.0,0,0,0
1756703637,4790,0.0,0.0,0.0,0.0,0.0,0.0,0.0,0.0,0,0,0
1756703637,4791,0.0,0.0,-0.05,0.0,0.0,0.0,0.0,0.0,0,0,0
1756703637,4792,-0.09,0.0,-0.07,0.0,0.0,0.0,0.0,0.0,0,0,0
1756703637,4793,-0.02,0.0,-0.02,0.0,0.0,0.0,0.0,0.0,0,0,0
1756703637,4794,0.0,0.0,0.0,0.0,0.0,0.0,0.0,0.0,0,0,0
1756703637,4795,0.0,0.0,0.0,0.0,0.0,0.0,0.0,0.0,0,0,0
1756703637,4796,0.02,0.0,-0.02,0.0,0.0,0.0,0.0,0.0,0,0,0
1756703637,4797,0.0,0.0,0.0,0.0,0.0,0.0,0.0,0.0,0,0,0
1756703637,4798,0.0,0.0,-0.02,0.0,0.0,0.0,0.0,0.0,0,0,0
1756703637,4799,-0.01,0.0,-0.01,0.0,0.0,0.0,0.0,0.0,0,0,0
1756703637,4800,-0.01,0.0,-0.01,0.0,0.0,0.0,0.0,0.0,0,0,0
1756703637,4801,0.0,0.0,-0.07,0.0,0.0,0.0,0.0,0.0,0,0,0
1756703637,4802,-0.01,0.0,0.0,0.0,0.0,0.0,0.0,0.0,0,0,0
1756703637,4803,0.0,0.0,-0.03,0.0,0.0,0.0,0.0,0.0,0,0,0
1756703637,4804,-0.01,0.0,-0.02,0.0,0.0,0.0,0.0,0.0,0,0,0
1756703637,4805,0.0,0.0,-0.01,0.0,0.0,0.0,0.0,0.0,0,0,0
1756703637,4806,0.0,0.0,-0.05,0.0,0.0,0.0,0.0,0.0,0,0,0
1756703637,4807,0.0,0.0,0.0,0.0,0.0,0.0,0.0,0.0,0,0,0
1756703637,4808,0.0,0.0,0.0,0.0,0.0,0.0,0.0,0.0,0,0,0
1756703637,4809,0.01,0.0,0.0,0.0,0.0,0.0,0.0,0.0,0,0,0
1756703637,4810,0.0,0.0,-0.02,0.0,0.0,0.0,0.0,0.0,0,0,0
1756703637,4811,0.02,0.0,0.0,0.0,0.0,0.0,0.0,0.0,0,0,0
1756703637,4812,0.02,0.0,-0.02,0.0,0.0,0.0,0.0,0.0,0,0,0
1756703637,4813,0.2,0.0,0.0,0.0,0.0,0.0,0.0,0.0,0,0,0
1756703637,4814,0.0,0.0,-0.02,0.0,0.0,0.0,0.0,0.0,0,0,0
1756703637,4815,-0.02,0.0,-0.01,0.0,0.0,0.0,0.0,0.0,0,0,0
1756703637,4816,0.0,0.0,-0.03,0.0,0.0,0.0,0.0,0.0,0,0,0
1756703637,4817,0.0,0.0,-0.03,0.0,0.0,0.0,0.0,0.0,0,0,0
1756703637,4818,-0.01,0.0,0.0,0.0,0.0,0.0,0.0,0.0,0,0,0
1756703637,4819,0.0,0.0,0.0,0.0,0.0,0.0,0.0,0.0,0,0,0
1756703637,4820,0.1,0.0,0.0,0.0,0.0,0.0,0.0,0.0,0,0,0
1756703637,4821,0.0,0.0,-0.01,0.0,0.0,0.0,0.0,0.0,0,0,0
1756703637,4822,0.0,0.0,-0.01,0.0,0.0,0.0,0.0,0.0,0,0,0
1756703638,4823,-0.02,0.0,0.0,0.0,0.0,0.0,0.0,0.0,0,0,0
1756703638,4824,0.01,0.0,-0.01,0.0,0.0,0.0,0.0,0.0,0,0,0
1756703638,4825,0.0,0.0,0.0,0.0,0.0,0.0,0.0,0.0,0,0,0
1756703638,4826,0.02,0.0,-0.05,0.0,0.0,0.0,0.0,0.0,0,0,0
1756703638,4827,0.0,0.0,-0.02,0.0,0.0,0.0,0.0,0.0,0,0,0
1756703638,4828,0.0,0.0,0.0,0.0,0.0,0.0,0.0,0.0,0,0,0
1756703638,4829,0.0,0.0,0.02,0.0,0.0,0.0,0.0,0.0,0,0,0
1756703638,4830,0.0,0.0,-0.01,0.0,0.0,0.0,0.0,0.0,0,0,0
1756703638,4831,-0.01,0.0,-0.02,0.0,0.0,0.0,0.0,0.0,0,0,0
1756703638,4832,-0.05,0.0,-0.02,0.0,0.0,0.0,0.0,0.0,0,0,0
1756703638,4833,0.0,0.0,0.0,0.0,0.0,0.0,0.0,0.0,0,0,0
1756703638,4834,0.0,0.0,0.0,0.0,0.0,0.0,0.0,0.0,0,0,0
1756703638,4835,0.0,0.0,-0.01,0.0,0.0,0.0,0.0,0.0,0,0,0
1756703638,4836,0.15,0.0,0.0,0.0,0.0,0.0,0.0,0.0,0,0,0
1756703638,4837,-0.01,0.0,-0.01,0.0,0.0,0.0,0.0,0.0,0,0,0
1756703638,4838,0.05,0.0,0.0,0.0,0.0,0.0,0.0,0.0,0,0,0
1756703638,4839,0.0,0.0,-0.05,0.0,0.0,0.0,0.0,0.0,0,0,0
1756703638,4840,0.05,0.0,0.0,0.0,0.0,0.0,0.0,0.0,0,0,0
1756703638,4841,0.0,0.0,0.0,0.0,0.0,0.0,0.0,0.0,0,0,0
1756703638,4842,0.0,0.0,0.0,0.0,0.0,0.0,0.0,0.0,0,0,0
1756703638,4843,-0.01,0.0,0.0,0.0,0.0,0.0,0.0,0.0,0,0,0
1756703638,4844,0.01,0.0,0.0,0.0,0.0,0.0,0.0,0.0,0,0,0
1756703638,4845,0.05,0.0,-0.01,0.0,0.0,0.0,0.0,0.0,0,0,0
1756703638,4846,0.03,0.0,0.0,0.0,0.0,0.0,0.0,0.0,0,0,0
1756703638,4847,-0.02,0.0,0.0,0.0,0.0,0.0,0.0,0.0,0,0,0
1756703638,4848,-0.05,0.0,-0.02,0.0,0.0,0.0,0.0,0.0,0,0,0
1756703638,4849,0.0,0.0,-0.01,0.0,0.0,0.0,0.0,0.0,0,0,0
1756703638,4850,0.0,0.0,0.0,0.0,0.0,0.0,0.0,0.0,0,0,0
1756703638,4851,0.03,0.0,-0.01,0.0,0.0,0.0,0.0,0.0,0,0,0
1756703638,4852,-0.05,0.0,0.0,0.0,0.0,0.0,0.0,0.0,0,0,0
1756703638,4853,-0.05,0.0,-0.01,0.0,0.0,0.0,0.0,0.0,0,0,0
1756703638,4854,-0.01,0.0,-0.07,0.0,0.0,0.0,0.0,0.0,0,0,0
1756703638,4855,0.0,0.0,0.0,0.0,0.0,0.0,0.0,0.0,0,0,0
1756703638,4856,0.0,0.0,0.0,0.0,0.0,0.0,0.0,0.0,0,0,0
1756703638,4857,0.03,0.0,-0.02,0.0,0.0,0.0,0.0,0.0,0,0,0
1756703638,4858,0.14,0.0,-0.03,0.0,0.0,0.0,0.0,0.0,0,0,0
1756703638,4859,0.07,0.0,0.0,0.0,0.0,0.0,0.0,0.0,0,0,0
1756703638,4860,-0.03,0.0,-0.07,0.0,0.0,0.0,0.0,0.0,0,0,0
1756703638,4861,-0.01,0.0,0.05,0.0,0.0,0.0,0.0,0.0,0,0,0
1756703638,4862,-0.03,0.0,0.0,0.0,0.0,0.0,0.0,0.0,0,0,0
1756703638,4863,0.03,0.0,-0.1,0.0,0.0,0.0,0.0,0.0,0,0,0
1756703638,4864,0.0,0.0,0.0,0.0,0.0,0.0,0.0,0.0,0,0,0
1756703638,4865,0.03,0.0,0.0,0.0,0.0,0.0,0.0,0.0,0,0,0
1756703638,4866,0.0,0.0,-0.07,0.0,0.0,0.0,0.0,0.0,0,0,0
1756703638,4867,0.0,0.0,-0.05,0.0,0.0,0.0,0.0,0.0,0,0,0
1756703638,4868,-0.05,0.0,-0.01,0.0,0.0,0.0,0.0,0.0,0,0,0
1756703638,4869,0.0,0.0,-0.02,0.0,0.0,0.0,0.0,0.0,0,0,0
1756703638,4870,0.03,0.0,-0.01,0.0,0.0,0.0,0.0,0.0,0,0,0
1756703638,4871,0.0,0.0,-0.07,0.0,0.0,0.0,0.0,0.0,0,0,0
1756703638,4872,0.02,0.0,-0.01,0.0,0.0,0.0,0.0,0.0,0,0,0
1756703638,4873,0.0,0.0,-0.03,0.0,0.0,0.0,0.0,0.0,0,0,0
1756703638,4874,0.03,0.0,-0.02,0.0,0.0,0.0,0.0,0.0,0,0,0
1756703638,4875,0.01,0.0,-0.02,0.0,0.0,0.0,0.0,0.0,0,0,0
1756703638,4876,0.0,0.0,-0.07,0.0,0.0,0.0,0.0,0.0,0,0,0
1756703638,4877,0.0,0.0,-0.12,0.0,0.0,0.0,0.0,0.0,0,0,0
1756703638,4878,0.0,0.0,-0.05,0.0,0.0,0.0,0.0,0.0,0,0,0
1756703638,4879,0.0,0.0,-0.01,0.0,0.0,0.0,0.0,0.0,0,0,0
1756703638,4880,0.02,0.0,-0.03,0.0,0.0,0.0,0.0,0.0,0,0,0
1756703638,4881,0.0,0.0,-0.1,0.0,0.0,0.0,0.0,0.0,0,0,0
1756703638,4882,-0.05,0.0,0.01,0.0,0.0,0.0,0.0,0.0,0,0,0
1756703638,4883,0.07,0.0,0.02,0.0,0.0,0.0,0.0,0.0,0,0,0
1756703638,4884,-0.03,0.0,-0.02,0.0,0.0,0.0,0.0,0.0,0,0,0
1756703638,4885,0.0,0.0,-0.01,0.0,0.0,0.0,0.0,0.0,0,0,0
1756703638,4886,0.0,0.0,0.0,0.0,0.0,0.0,0.0,0.0,0,0,0
1756703638,4887,-0.02,0.0,0.0,0.0,0.0,0.0,0.0,0.0,0,0,0
1756703638,4888,0.0,0.0,0.0,0.0,0.0,0.0,0.0,0.0,0,0,0
1756703639,4889,0.05,0.0,0.0,0.0,0.0,0.0,0.0,0.0,0,0,0
1756703639,4890,0.02,0.0,0.0,0.0,0.0,0.0,0.0,0.0,0,0,0
1756703639,4891,-0.01,0.0,-0.05,0.0,0.0,0.0,0.0,0.0,0,0,0
1756703639,4892,-0.1,0.0,0.0,0.0,0.0,0.0,0.0,0.0,0,0,0
1756703639,4893,0.03,0.0,-0.03,0.0,0.0,0.0,0.0,0.0,0,0,0
1756703639,4894,0.0,0.0,-0.05,0.0,0.0,0.0,0.0,0.0,0,0,0
1756703639,4895,0.0,0.0,-0.03,0.0,0.0,0.0,0.0,0.0,0,0,0
1756703639,4896,0.01,0.0,0.0,0.0,0.0,0.0,0.0,0.0,0,0,0
1756703639,4897,0.0,0.0,-0.02,0.0,0.0,0.0,0.0,0.0,0,0,0
1756703639,4898,0.0,0.0,-0.01,0.0,0.0,0.0,0.0,0.0,0,0,0
1756703639,4899,0.0,0.0,-0.05,0.0,0.0,0.0,0.0,0.0,0,0,0
1756703639,4900,-0.01,0.0,-0.01,0.0,0.0,0.0,0.0,0.0,0,0,0
1756703639,4901,0.02,0.0,0.0,0.0,0.0,0.0,0.0,0.0,0,0,0
1756703639,4902,0.0,0.0,-0.03,0.0,0.0,0.0,0.0,0.0,0,0,0
1756703639,4903,0.01,0.0,0.0,0.0,0.0,0.0,0.0,0.0,0,0,0
1756703639,4904,0.0,0.0,0.02,0.0,0.0,0.0,0.0,0.0,0,0,0
1756703639,4905,0.03,0.0,-0.01,0.0,0.0,0.0,0.0,0.0,0,0,0
1756703639,4906,0.0,0.0,0.0,0.0,0.0,0.0,0.0,0.0,0,0,0
1756703639,4907,0.0,0.0,-0.09,0.0,0.0,0.0,0.0,0.0,0,0,0
1756703639,4908,0.0,0.0,-0.01,0.0,0.0,0.0,0.0,0.0,0,0,0
1756703639,4909,0.0,0.0,0.0,0.0,0.0,0.0,0.0,0.0,0,0,0
1756703639,4910,0.03,0.0,-0.01,0.0,0.0,0.0,0.0,0.0,0,0,0
1756703639,4911,0.02,0.0,-0.02,0.0,0.0,0.0,0.0,0.0,0,0,0
1756703639,4912,-0.03,0.0,0.0,0.0,0.0,0.0,0.0,0.0,0,0,0
1756703639,4913,-0.05,0.0,-0.05,0.0,0.0,0.0,0.0,0.0,0,0,0
1756703639,4914,0.0,0.0,0.0,0.0,0.0,0.0,0.0,0.0,0,0,0
1756703639,4915,0.02,0.0,0.0,0.0,0.0,0.0,0.0,0.0,0,0,0
1756703639,4916,0.0,0.0,-0.01,0.0,0.0,0.0,0.0,0.0,0,0,0
1756703639,4917,0.0,0.0,0.0,0.0,0.0,0.0,0.0,0.0,0,0,0
1756703639,4918,-0.01,0.0,0.03,0.0,0.0,0.0,0.0,0.0,0,0,0
1756703639,4919,0.0,0.0,0.0,0.0,0.0,0.0,0.0,0.0,0,0,0
1756703639,4920,-0.02,0.0,-0.05,0.0,0.0,0.0,0.0,0.0,0,0,0
1756703639,4921,0.0,0.0,-0.01,0.0,0.0,0.0,0.0,0.0,0,0,0
1756703639,4922,-0.05,0.0,-0.01,0.0,0.0,0.0,0.0,0.0,0,0,0
1756703639,4923,0.0,0.0,-0.02,0.0,0.0,0.0,0.0,0.0,0,0,0
1756703639,4924,0.0,0.0,-0.05,0.0,0.0,0.0,0.0,0.0,0,0,0
1756703639,4925,-0.03,0.0,0.0,0.0,0.0,0.0,0.0,0.0,0,0,0
1756703639,4926,0.0,0.0,-0.01,0.0,0.0,0.0,0.0,0.0,0,0,0
1756703639,4927,0.0,0.0,-0.02,0.0,0.0,0.0,0.0,0.0,0,0,0
1756703639,4928,0.01,0.0,0.0,0.0,0.0,0.0,0.0,0.0,0,0,0
1756703639,4929,0.03,0.0,-0.02,0.0,0.0,0.0,0.0,0.0,0,0,0
1756703639,4930,0.03,0.0,-0.07,0.0,0.0,0.0,0.0,0.0,0,0,0
1756703639,4931,-0.01,0.0,-0.01,0.0,0.0,0.0,0.0,0.0,0,0,0
1756703639,4932,-0.05,0.0,0.0,0.0,0.0,0.0,0.0,0.0,0,0,0
1756703639,4933,0.0,0.0,0.0,0.0,0.0,0.0,0.0,0.0,0,0,0
1756703639,4934,0.02,0.0,0.0,0.0,0.0,0.0,0.0,0.0,0,0,0
1756703639,4935,0.03,0.0,-0.09,0.0,0.0,0.0,0.0,0.0,0,0,0
1756703639,4936,0.0,0.0,0.0,0.0,0.0,0.0,0.0,0.0,0,0,0
1756703639,4937,0.01,0.0,-0.07,0.0,0.0,0.0,0.0,0.0,0,0,0
1756703639,4938,-0.02,0.0,0.0,0.0,0.0,0.0,0.0,0.0,0,0,0
1756703639,4939,0.0,0.0,0.0,0.0,0.0,0.0,0.0,0.0,0,0,0
1756703639,4940,0.0,0.0,0.0,0.0,0.0,0.0,0.0,0.0,0,0,0
1756703639,4941,-0.02,0.0,-0.05,0.0,0.0,0.0,0.0,0.0,0,0,0
1756703639,4942,-0.03,0.0,0.0,0.0,0.0,0.0,0.0,0.0,0,0,0
1756703639,4943,-0.03,0.0,0.0,0.0,0.0,0.0,0.0,0.0,0,0,0
1756703639,4944,0.0,0.0,-0.01,0.0,0.0,0.0,0.0,0.0,0,0,0
1756703639,4945,0.0,0.0,-0.05,0.0,0.0,0.0,0.0,0.0,0,0,0
1756703639,4946,0.02,0.0,-0.02,0.0,0.0,0.0,0.0,0.0,0,0,0
1756703639,4947,-0.05,0.0,0.0,0.0,0.0,0.0,0.0,0.0,0,0,0
1756703639,4948,-0.01,0.0,0.0,0.0,0.0,0.0,0.0,0.0,0,0,0
1756703639,4949,0.07,0.0,0.0,0.0,0.0,0.0,0.0,0.0,0,0,0
1756703639,4950,0.0,0.0,-0.01,0.0,0.0,0.0,0.0,0.0,0,0,0
1756703639,4951,0.01,0.0,0.0,0.0,0.0,0.0,0.0,0.0,0,0,0
1756703639,4952,0.02,0.0,0.0,0.0,0.0,0.0,0.0,0.0,0,0,0
1756703640,4953,0.0,0.0,-0.03,0.0,0.0,0.0,0.0,0.0,0,0,0
1756703640,4954,0.01,0.0,0.0,0.0,0.0,0.0,0.0,0.0,0,0,0
1756703640,4955,0.02,0.0,-0.01,0.0,0.0,0.0,0.0,0.0,0,0,0
1756703640,4956,-0.05,0.0,-0.01,0.0,0.0,0.0,0.0,0.0,0,0,0
1756703640,4957,0.0,0.0,0.0,0.0,0.0,0.0,0.0,0.0,0,0,0
1756703640,4958,0.05,0.0,-0.01,0.0,0.0,0.0,0.0,0.0,0,0,0
1756703640,4959,-0.05,0.0,-0.02,0.0,0.0,0.0,0.0,0.0,0,0,0
1756703640,4960,0.02,0.0,0.01,0.0,0.0,0.0,0.0,0.0,0,0,0
1756703640,4961,0.0,0.0,-0.02,0.0,0.0,0.0,0.0,0.0,0,0,0
1756703640,4962,0.0,0.0,-0.07,0.0,0.0,0.0,0.0,0.0,0,0,0
1756703640,4963,0.0,0.0,-0.03,0.0,0.0,0.0,0.0,0.0,0,0,0
1756703640,4964,0.03,0.0,-0.01,0.0,0.0,0.0,0.0,0.0,0,0,0
1756703640,4965,0.0,0.0,0.02,0.0,0.0,0.0,0.0,0.0,0,0,0
1756703640,4966,0.03,0.0,0.01,0.0,0.0,0.0,0.0,0.0,0,0,0
1756703640,4967,0.0,0.0,-0.02,0.0,0.0,0.0,0.0,0.0,0,0,0
1756703640,4968,0.0,0.0,-0.11,0.0,0.0,0.0,0.0,0.0,0,0,0
1756703640,4969,0.0,0.0,0.0,0.0,0.0,0.0,0.0,0.0,0,0,0
1756703640,4970,0.0,0.0,-0.01,0.0,0.0,0.0,0.0,0.0,0,0,0
1756703640,4971,0.0,0.0,0.0,0.0,0.0,0.0,0.0,0.0,0,0,0
1756703640,4972,0.0,0.0,0.0,0.0,0.0,0.0,0.0,0.0,0,0,0
1756703640,4973,0.0,0.0,0.0,0.0,0.0,0.0,0.0,0.0,0,0,0
1756703640,4974,0.0,0.0,0.05,0.0,0.0,0.0,0.0,0.0,0,0,0
1756703640,4975,-0.02,0.0,0.0,0.0,0.0,0.0,0.0,0.0,0,0,0
1756703640,4976,-0.03,0.0,-0.07,0.0,0.0,0.0,0.0,0.0,0,0,0
1756703640,4977,0.03,0.0,0.0,0.0,0.0,0.0,0.0,0.0,0,0,0
1756703640,4978,0.0,0.0,-0.01,0.0,0.0,0.0,0.0,0.0,0,0,0
1756703640,4979,0.0,0.0,-0.02,0.0,0.0,0.0,0.0,0.0,0,0,0
1756703640,4980,0.0,0.0,-0.1,0.0,0.0,0.0,0.0,0.0,0,0,0
1756703640,4981,0.0,0.0,0.1,0.0,0.0,0.0,0.0,0.0,0,0,0
1756703640,4982,0.11,0.0,-0.01,0.0,0.0,0.0,0.0,0.0,0,0,0
1756703640,4983,0.0,0.0,-0.02,0.0,0.0,0.0,0.0,0.0,0,0,0
1756703640,4984,0.02,0.0,-0.05,0.0,0.0,0.0,0.0,0.0,0,0,0
1756703640,4985,0.0,0.0,0.01,0.0,0.0,0.0,0.0,0.0,0,0,0
1756703640,4986,0.05,0.0,0.0,0.0,0.0,0.0,0.0,0.0,0,0,0
1756703640,4987,0.0,0.0,0.0,0.0,0.0,0.0,0.0,0.0,0,0,0
1756703640,4988,0.0,0.0,-0.01,0.0,0.0,0.0,0.0,0.0,0,0,0
1756703640,4989,0.0,0.0,-0.02,0.0,0.0,0.0,0.0,0.0,0,0,0
1756703640,4990,-0.01,0.0,-0.11,0.0,0.0,0.0,0.0,0.0,0,0,0
1756703640,4991,-0.02,0.0,-0.01,0.0,0.0,0.0,0.0,0.0,0,0,0
1756703640,4992,0.0,0.0,-0.1,0.0,0.0,0.0,0.0,0.0,0,0,0
1756703640,4993,0.03,0.0,0.0,0.0,0.0,0.0,0.0,0.0,0,0,0
1756703640,4994,0.05,0.0,0.0,0.0,0.0,0.0,0.0,0.0,0,0,0
1756703640,4995,-0.03,0.0,0.0,0.0,0.0,0.0,0.0,0.0,0,0,0
1756703640,4996,0.0,0.0,0.0,0.0,0.0,0.0,0.0,0.0,0,0,0
1756703640,4997,0.0,0.0,-0.01,0.0,0.0,0.0,0.0,0.0,0,0,0
1756703640,4998,0.01,0.0,-0.05,0.0,0.0,0.0,0.0,0.0,0,0,0
1756703640,4999,0.01,0.0,-0.05,0.0,0.0,0.0,0.0,0.0,0,0,0
1756703640,5000,0.02,0.0,-0.05,0.0,0.0,0.0,0.0,0.0,0,0,0
1756703640,5001,0.03,0.0,0.0,0.0,0.0,0.0,0.0,0.0,0,0,0
1756703640,5002,0.05,0.0,0.0,0.0,0.0,0.0,0.0,0.0,0,0,0
1756703640,5003,0.0,0.0,0.02,0.0,0.0,0.0,0.0,0.0,0,0,0
1756703640,5004,0.0,0.0,-0.07,0.0,0.0,0.0,0.0,0.0,0,0,0
1756703640,5005,0.0,0.0,0.0,0.0,0.0,0.0,0.0,0.0,0,0,0
1756703640,5006,-0.01,0.0,0.0,0.0,0.0,0.0,0.0,0.0,0,0,0
1756703640,5007,0.0,0.0,-0.03,0.0,0.0,0.0,0.0,0.0,0,0,0
1756703640,5008,0.05,0.0,-0.01,0.0,0.0,0.0,0.0,0.0,0,0,0
1756703640,5009,-0.14,0.0,-0.12,0.0,0.0,0.0,0.0,0.0,0,0,0
1756703640,5010,-0.05,0.0,-0.02,0.0,0.0,0.0,0.0,0.0,0,0,0
1756703640,5011,-0.02,0.0,0.0,0.0,0.0,0.0,0.0,0.0,0,0,0
1756703640,5012,0.0,0.0,0.0,0.0,0.0,0.0,0.0,0.0,0,0,0
1756703640,5013,0.03,0.0,0.03,0.0,0.0,0.0,0.0,0.0,0,0,0
1756703640,5014,0.0,0.0,0.02,0.0,0.0,0.0,0.0,0.0,0,0,0
1756703640,5015,0.0,0.0,-0.01,0.0,0.0,0.0,0.0,0.0,0,0,0
1756703640,5016,0.01,0.0,-0.01,0.0,0.0,0.0,0.0,0.0,0,0,0
1756703640,5017,0.03,0.0,0.0,0.0,0.0,0.0,0.0,0.0,0,0,0
1756703640,5018,0.02,0.0,-0.02,0.0,0.0,0.0,0.0,0.0,0,0,0
1756703641,5019,0.0,0.0,0.0,0.0,0.0,0.0,0.0,0.0,0,0,0
1756703641,5020,0.05,0.0,-0.01,0.0,0.0,0.0,0.0,0.0,0,0,0
1756703641,5021,0.03,0.0,0.0,0.0,0.0,0.0,0.0,0.0,0,0,0
1756703641,5022,0.0,0.0,0.0,0.0,0.0,0.0,0.0,0.0,0,0,0
1756703641,5023,0.0,0.0,-0.02,0.0,0.0,0.0,0.0,0.0,0,0,0
1756703641,5024,0.0,0.0,-0.02,0.0,0.0,0.0,0.0,0.0,0,0,0
1756703641,5025,-0.01,0.0,0.0,0.0,0.0,0.0,0.0,0.0,0,0,0
1756703641,5026,0.02,0.0,0.0,0.0,0.0,0.0,0.0,0.0,0,0,0
1756703641,5027,0.01,0.0,0.0,0.0,0.0,0.0,0.0,0.0,0,0,0
1756703641,5028,0.0,0.0,-0.02,0.0,0.0,0.0,0.0,0.0,0,0,0
1756703641,5029,0.02,0.0,0.0,0.0,0.0,0.0,0.0,0.0,0,0,0
1756703641,5030,0.0,0.0,0.01,0.0,0.0,0.0,0.0,0.0,0,0,0
1756703641,5031,0.0,0.0,-0.01,0.0,0.0,0.0,0.0,0.0,0,0,0
1756703641,5032,0.01,0.0,0.0,0.0,0.0,0.0,0.0,0.0,0,0,0
1756703641,5033,-0.02,0.0,0.0,0.0,0.0,0.0,0.0,0.0,0,0,0
1756703641,5034,0.0,0.0,0.0,0.0,0.0,0.0,0.0,0.0,0,0,0
1756703641,5035,0.0,0.0,0.0,0.0,0.0,0.0,0.0,0.0,0,0,0
1756703641,5036,0.0,0.0,0.0,0.0,0.0,0.0,0.0,0.0,0,0,0
1756703641,5037,0.0,0.0,-0.02,0.0,0.0,0.0,0.0,0.0,0,0,0
1756703641,5038,0.0,0.0,-0.02,0.0,0.0,0.0,0.0,0.0,0,0,0
1756703641,5039,-0.03,0.0,-0.05,0.0,0.0,0.0,0.0,0.0,0,0,0
1756703641,5040,0.07,0.0,-0.01,0.0,0.0,0.0,0.0,0.0,0,0,0
1756703641,5041,0.05,0.0,0.0,0.0,0.0,0.0,0.0,0.0,0,0,0
1756703641,5042,0.03,0.0,-0.01,0.0,0.0,0.0,0.0,0.0,0,0,0
1756703641,5043,0.0,0.0,0.0,0.0,0.0,0.0,0.0,0.0,0,0,0
1756703641,5044,0.0,0.0,0.0,0.0,0.0,0.0,0.0,0.0,0,0,0
1756703641,5045,0.0,0.0,0.0,0.0,0.0,0.0,0.0,0.0,0,0,0
1756703641,5046,0.0,0.0,0.0,0.0,0.0,0.0,0.0,0.0,0,0,0
1756703641,5047,0.0,0.0,-0.05,0.0,0.0,0.0,0.0,0.0,0,0,0
1756703641,5048,-0.01,0.0,0.0,0.0,0.0,0.0,0.0,0.0,0,0,0
1756703641,5049,0.0,0.0,-0.01,0.0,0.0,0.0,0.0,0.0,0,0,0
1756703641,5050,-0.02,0.0,-0.01,0.0,0.0,0.0,0.0,0.0,0,0,0
1756703641,5051,-0.02,0.0,0.0,0.0,0.0,0.0,0.0,0.0,0,0,0
1756703641,5052,-0.1,0.0,0.0,0.0,0.0,0.0,0.0,0.0,0,0,0
1756703641,5053,-0.03,0.0,-0.01,0.0,0.0,0.0,0.0,0.0,0,0,0
1756703641,5054,0.02,0.0,-0.01,0.0,0.0,0.0,0.0,0.0,0,0,0
1756703641,5055,0.05,0.0,0.0,0.0,0.0,0.0,0.0,0.0,0,0,0
1756703641,5056,0.0,0.0,0.0,0.0,0.0,0.0,0.0,0.0,0,0,0
1756703641,5057,0.01,0.0,-0.02,0.0,0.0,0.0,0.0,0.0,0,0,0
1756703641,5058,0.03,0.0,0.0,0.0,0.0,0.0,0.0,0.0,0,0,0
1756703641,5059,-0.02,0.0,0.0,0.0,0.0,0.0,0.0,0.0,0,0,0
1756703641,5060,0.0,0.0,-0.02,0.0,0.0,0.0,0.0,0.0,0,0,0
1756703641,5061,0.05,0.0,0.01,0.0,0.0,0.0,0.0,0.0,0,0,0
1756703641,5062,0.0,0.0,0.0,0.0,0.0,0.0,0.0,0.0,0,0,0
1756703641,5063,-0.2,0.0,-0.03,0.0,0.0,0.0,0.0,0.0,0,0,0
1756703641,5064,0.01,0.0,-0.02,0.0,0.0,0.0,0.0,0.0,0,0,0
1756703641,5065,0.01,0.0,0.01,0.0,0.0,0.0,0.0,0.0,0,0,0
1756703641,5066,-0.01,0.0,0.0,0.0,0.0,0.0,0.0,0.0,0,0,0
1756703641,5067,0.0,0.0,-0.02,0.0,0.0,0.0,0.0,0.0,0,0,0
1756703641,5068,0.0,0.0,0.0,0.0,0.0,0.0,0.0,0.0,0,0,0
1756703641,5069,0.0,0.0,0.0,0.0,0.0,0.0,0.0,0.0,0,0,0
1756703641,5070,0.03,0.0,-0.05,0.0,0.0,0.0,0.0,0.0,0,0,0
1756703641,5071,0.0,0.0,0.0,0.0,0.0,0.0,0.0,0.0,0,0,0
1756703641,5072,0.0,0.0,0.0,0.0,0.0,0.0,0.0,0.0,0,0,0
1756703641,5073,0.0,0.0,0.0,0.0,0.0,0.0,0.0,0.0,0,0,0
1756703641,5074,0.0,0.0,-0.01,0.0,0.0,0.0,0.0,0.0,0,0,0
1756703641,5075,0.0,0.0,0.0,0.0,0.0,0.0,0.0,0.0,0,0,0
1756703641,5076,0.0,0.0,-0.03,0.0,0.0,0.0,0.0,0.0,0,0,0
1756703641,5077,0.0,0.0,-0.03,0.0,0.0,0.0,0.0,0.0,0,0,0
1756703641,5078,0.0,0.0,-0.02,0.0,0.0,0.0,0.0,0.0,0,0,0
1756703641,5079,0.05,0.0,-0.02,0.0,0.0,0.0,0.0,0.0,0,0,0
1756703641,5080,0.0,0.0,-0.03,0.0,0.0,0.0,0.0,0.0,0,0,0
1756703641,5081,0.03,0.0,-0.01,0.0,0.0,0.0,0.0,0.0,0,0,0
1756703641,5082,0.18,0.0,0.0,0.0,0.0,0.0,0.0,0.0,0,0,0
1756703641,5083,0.0,0.0,-0.05,0.0,0.0,0.0,0.0,0.0,0,0,0
1756703641,5084,0.0,0.0,0.0,0.0,0.0,0.0,0.0,0.0,0,0,0
1756703642,5085,0.03,0.0,0.01,0.0,0.0,0.0,0.0,0.0,0,0,0
1756703642,5086,0.0,0.0,0.0,0.0,0.0,0.0,0.0,0.0,0,0,0
1756703642,5087,-0.01,0.0,-0.05,0.0,0.0,0.0,0.0,0.0,0,0,0
1756703642,5088,0.0,0.0,0.0,0.0,0.0,0.0,0.0,0.0,0,0,0
1756703642,5089,0.0,0.0,0.0,0.0,0.0,0.0,0.0,0.0,0,0,0
1756703642,5090,-0.02,0.0,-0.02,0.0,0.0,0.0,0.0,0.0,0,0,0
1756703642,5091,0.02,0.0,-0.01,0.0,0.0,0.0,0.0,0.0,0,0,0
1756703642,5092,0.0,0.0,0.0,0.0,0.0,0.0,0.0,0.0,0,0,0
1756703642,5093,-0.02,0.0,0.0,0.0,0.0,0.0,0.0,0.0,0,0,0
1756703642,5094,0.0,0.0,-0.01,0.0,0.0,0.0,0.0,0.0,0,0,0
1756703642,5095,0.0,0.0,0.0,0.0,0.0,0.0,0.0,0.0,0,0,0
1756703642,5096,0.0,0.0,-0.05,0.0,0.0,0.0,0.0,0.0,0,0,0
1756703642,5097,0.0,0.0,0.0,0.0,0.0,0.0,0.0,0.0,0,0,0
1756703642,5098,0.0,0.0,-0.05,0.0,0.0,0.0,0.0,0.0,0,0,0
1756703642,5099,0.0,0.0,-0.02,0.0,0.0,0.0,0.0,0.0,0,0,0
1756703642,5100,0.0,0.0,0.02,0.0,0.0,0.0,0.0,0.0,0,0,0
1756703642,5101,0.0,0.0,-0.01,0.0,0.0,0.0,0.0,0.0,0,0,0
1756703642,5102,0.01,0.0,-0.03,0.0,0.0,0.0,0.0,0.0,0,0,0
1756703642,5103,0.0,0.0,0.0,0.0,0.0,0.0,0.0,0.0,0,0,0
1756703642,5104,0.0,0.0,0.0,0.0,0.0,0.0,0.0,0.0,0,0,0
1756703642,5105,-0.02,0.0,-0.01,0.0,0.0,0.0,0.0,0.0,0,0,0
1756703642,5106,0.05,0.0,-0.01,0.0,0.0,0.0,0.0,0.0,0,0,0
1756703642,5107,0.0,0.0,0.0,0.0,0.0,0.0,0.0,0.0,0,0,0
1756703642,5108,0.0,0.0,0.0,0.0,0.0,0.0,0.0,0.0,0,0,0
1756703642,5109,-0.03,0.0,0.0,0.0,0.0,0.0,0.0,0.0,0,0,0
1756703642,5110,0.07,0.0,0.0,0.0,0.0,0.0,0.0,0.0,0,0,0
1756703642,5111,0.02,0.0,0.0,0.0,0.0,0.0,0.0,0.0,0,0,0
1756703642,5112,0.0,0.0,0.0,0.0,0.0,0.0,0.0,0.0,0,0,0
1756703642,5113,-0.01,0.0,0.0,0.0,0.0,0.0,0.0,0.0,0,0,0
1756703642,5114,0.0,0.0,-0.02,0.0,0.0,0.0,0.0,0.0,0,0,0
1756703642,5115,0.0,0.0,-0.05,0.0,0.0,0.0,0.0,0.0,0,0,0
1756703642,5116,0.0,0.0,-0.02,0.0,0.0,0.0,0.0,0.0,0,0,0
1756703642,5117,-0.09,0.0,-0.05,0.0,0.0,0.0,0.0,0.0,0,0,0
1756703642,5118,0.01,0.0,0.0,0.0,0.0,0.0,0.0,0.0,0,0,0
1756703642,5119,0.01,0.0,0.02,0.0,0.0,0.0,0.0,0.0,0,0,0
1756703642,5120,0.0,0.0,-0.01,0.0,0.0,0.0,0.0,0.0,0,0,0
1756703642,5121,0.0,0.0,0.0,0.0,0.0,0.0,0.0,0.0,0,0,0
1756703642,5122,0.0,0.0,-0.02,0.0,0.0,0.0,0.0,0.0,0,0,0
1756703642,5123,0.0,0.0,0.0,0.0,0.0,0.0,0.0,0.0,0,0,0
1756703642,5124,0.0,0.0,0.0,0.0,0.0,0.0,0.0,0.0,0,0,0
1756703642,5125,0.0,0.0,0.05,0.0,0.0,0.0,0.0,0.0,0,0,0
1756703642,5126,0.0,0.0,-0.01,0.0,0.0,0.0,0.0,0.0,0,0,0
1756703642,5127,-0.05,0.0,0.0,0.0,0.0,0.0,0.0,0.0,0,0,0
1756703642,5128,-0.05,0.0,-0.01,0.0,0.0,0.0,0.0,0.0,0,0,0
1756703642,5129,0.0,0.0,-0.03,0.0,0.0,0.0,0.0,0.0,0,0,0
1756703642,5130,0.0,0.0,-0.03,0.0,0.0,0.0,0.0,0.0,0,0,0
1756703642,5131,0.02,0.0,0.02,0.0,0.0,0.0,0.0,0.0,0,0,0
1756703642,5132,0.0,0.0,0.0,0.0,0.0,0.0,0.0,0.0,0,0,0
1756703642,5133,0.03,0.0,-0.02,0.0,0.0,0.0,0.0,0.0,0,0,0
1756703642,5134,0.0,0.0,-0.01,0.0,0.0,0.0,0.0,0.0,0,0,0
1756703642,5135,0.0,0.0,0.0,0.0,0.0,0.0,0.0,0.0,0,0,0
1756703642,5136,0.01,0.0,-0.03,0.0,0.0,0.0,0.0,0.0,0,0,0
1756703642,5137,0.02,0.0,-0.02,0.0,0.0,0.0,0.0,0.0,0,0,0
1756703642,5138,0.02,0.0,-0.03,0.0,0.0,0.0,0.0,0.0,0,0,0
1756703642,5139,0.0,0.0,0.01,0.0,0.0,0.0,0.0,0.0,0,0,0
1756703642,5140,0.05,0.0,-0.07,0.0,0.0,0.0,0.0,0.0,0,0,0
1756703642,5141,0.0,0.0,-0.05,0.0,0.0,0.0,0.0,0.0,0,0,0
1756703642,5142,0.0,0.0,-0.03,0.0,0.0,0.0,0.0,0.0,0,0,0
1756703642,5143,0.0,0.0,-0.02,0.0,0.0,0.0,0.0,0.0,0,0,0
1756703642,5144,0.01,0.0,-0.01,0.0,0.0,0.0,0.0,0.0,0,0,0
1756703642,5145,0.02,0.0,0.0,0.0,0.0,0.0,0.0,0.0,0,0,0
1756703642,5146,0.0,0.0,-0.01,0.0,0.0,0.0,0.0,0.0,0,0,0
1756703642,5147,0.03,0.0,0.0,0.0,0.0,0.0,0.0,0.0,0,0,0
1756703642,5148,0.0,0.0,0.0,0.0,0.0,0.0,0.0,0.0,0,0,0
1756703642,5149,0.0,0.0,-0.02,0.0,0.0,0.0,0.0,0.0,0,0,0
1756703643,5150,0.0,0.0,0.02,0.0,0.0,0.0,0.0,0.0,0,0,0
1756703643,5151,0.0,0.0,0.0,0.0,0.0,0.0,0.0,0.0,0,0,0
1756703643,5152,0.01,0.0,-0.01,0.0,0.0,0.0,0.0,0.0,0,0,0
1756703643,5153,0.0,0.0,-0.03,0.0,0.0,0.0,0.0,0.0,0,0,0
1756703643,5154,-0.02,0.0,-0.05,0.0,0.0,0.0,0.0,0.0,0,0,0
1756703643,5155,0.05,0.0,0.0,0.0,0.0,0.0,0.0,0.0,0,0,0
1756703643,5156,0.0,0.0,-0.17,0.0,0.0,0.0,0.0,0.0,0,0,0
1756703643,5157,-0.03,0.0,0.01,0.0,0.0,0.0,0.0,0.0,0,0,0
1756703643,5158,0.0,0.0,0.0,0.0,0.0,0.0,0.0,0.0,0,0,0
1756703643,5159,-0.03,0.0,-0.05,0.0,0.0,0.0,0.0,0.0,0,0,0
1756703643,5160,0.07,0.0,0.0,0.0,0.0,0.0,0.0,0.0,0,0,0
1756703643,5161,0.0,0.0,-0.01,0.0,0.0,0.0,0.0,0.0,0,0,0
1756703643,5162,-0.02,0.0,0.01,0.0,0.0,0.0,0.0,0.0,0,0,0
1756703643,5163,0.0,0.0,0.01,0.0,0.0,0.0,0.0,0.0,0,0,0
1756703643,5164,0.0,0.0,0.01,0.0,0.0,0.0,0.0,0.0,0,0,0
1756703643,5165,-0.1,0.0,0.0,0.0,0.0,0.0,0.0,0.0,0,0,0
1756703643,5166,0.01,0.0,0.0,0.0,0.0,0.0,0.0,0.0,0,0,0
1756703643,5167,0.0,0.0,0.0,0.0,0.0,0.0,0.0,0.0,0,0,0
1756703643,5168,0.05,0.0,0.0,0.0,0.0,0.0,0.0,0.0,0,0,0
1756703643,5169,-0.07,0.0,0.0,0.0,0.0,0.0,0.0,0.0,0,0,0
1756703643,5170,-0.01,0.0,-0.05,0.0,0.0,0.0,0.0,0.0,0,0,0
1756703643,5171,-0.02,0.0,0.0,0.0,0.0,0.0,0.0,0.0,0,0,0
1756703643,5172,0.03,0.0,0.0,0.0,0.0,0.0,0.0,0.0,0,0,0
1756703643,5173,0.03,0.0,0.0,0.0,0.0,0.0,0.0,0.0,0,0,0
1756703643,5174,-0.01,0.0,-0.01,0.0,0.0,0.0,0.0,0.0,0,0,0
1756703643,5175,0.0,0.0,0.0,0.0,0.0,0.0,0.0,0.0,0,0,0
1756703643,5176,0.0,0.0,0.0,0.0,0.0,0.0,0.0,0.0,0,0,0
1756703643,5177,0.0,0.0,0.01,0.0,0.0,0.0,0.0,0.0,0,0,0
1756703643,5178,0.0,0.0,0.0,0.0,0.0,0.0,0.0,0.0,0,0,0
1756703643,5179,0.0,0.0,-0.02,0.0,0.0,0.0,0.0,0.0,0,0,0
1756703643,5180,0.0,0.0,-0.07,0.0,0.0,0.0,0.0,0.0,0,0,0
1756703643,5181,0.01,0.0,0.0,0.0,0.0,0.0,0.0,0.0,0,0,0
1756703643,5182,0.0,0.0,-0.03,0.0,0.0,0.0,0.0,0.0,0,0,0
1756703643,5183,0.01,0.0,-0.01,0.0,0.0,0.0,0.0,0.0,0,0,0
1756703643,5184,0.0,0.0,0.0,0.0,0.0,0.0,0.0,0.0,0,0,0
1756703643,5185,0.01,0.0,0.0,0.0,0.0,0.0,0.0,0.0,0,0,0
1756703643,5186,0.0,0.0,0.0,0.0,0.0,0.0,0.0,0.0,0,0,0
1756703643,5187,0.03,0.0,-0.02,0.0,0.0,0.0,0.0,0.0,0,0,0
1756703643,5188,0.05,0.0,0.0,0.0,0.0,0.0,0.0,0.0,0,0,0
1756703643,5189,0.03,0.0,-0.01,0.0,0.0,0.0,0.0,0.0,0,0,0
1756703643,5190,0.0,0.0,-0.02,0.0,0.0,0.0,0.0,0.0,0,0,0
1756703643,5191,0.0,0.0,-0.07,0.0,0.0,0.0,0.0,0.0,0,0,0
1756703643,5192,0.05,0.0,-0.02,0.0,0.0,0.0,0.0,0.0,0,0,0
1756703643,5193,0.05,0.0,0.0,0.0,0.0,0.0,0.0,0.0,0,0,0
1756703643,5194,0.01,0.0,0.0,0.0,0.0,0.0,0.0,0.0,0,0,0
1756703643,5195,0.02,0.0,-0.03,0.0,0.0,0.0,0.0,0.0,0,0,0
1756703643,5196,0.0,0.0,-0.01,0.0,0.0,0.0,0.0,0.0,0,0,0
1756703643,5197,0.0,0.0,-0.05,0.0,0.0,0.0,0.0,0.0,0,0,0
1756703643,5198,0.0,0.0,-0.05,0.0,0.0,0.0,0.0,0.0,0,0,0
1756703643,5199,0.03,0.0,-0.03,0.0,0.0,0.0,0.0,0.0,0,0,0
1756703643,5200,0.03,0.0,-0.1,0.0,0.0,0.0,0.0,0.0,0,0,0
1756703643,5201,0.0,0.0,-0.01,0.0,0.0,0.0,0.0,0.0,0,0,0
1756703643,5202,0.0,0.0,-0.01,0.0,0.0,0.0,0.0,0.0,0,0,0
1756703643,5203,0.0,0.0,-0.05,0.0,0.0,0.0,0.0,0.0,0,0,0
1756703643,5204,0.03,0.0,-0.01,0.0,0.0,0.0,0.0,0.0,0,0,0
1756703643,5205,0.01,0.0,0.0,0.0,0.0,0.0,0.0,0.0,0,0,0
1756703643,5206,0.0,0.0,0.0,0.0,0.0,0.0,0.0,0.0,0,0,0
1756703643,5207,0.0,0.0,0.0,0.0,0.0,0.0,0.0,0.0,0,0,0
1756703643,5208,0.02,0.0,-0.02,0.0,0.0,0.0,0.0,0.0,0,0,0
1756703643,5209,0.05,0.0,0.0,0.0,0.0,0.0,0.0,0.0,0,0,0
1756703643,5210,-0.05,0.0,-0.02,0.0,0.0,0.0,0.0,0.0,0,0,0
1756703643,5211,0.0,0.0,0.0,0.0,0.0,0.0,0.0,0.0,0,0,0
1756703643,5212,0.01,0.0,0.0,0.0,0.0,0.0,0.0,0.0,0,0,0
1756703643,5213,0.0,0.0,-0.03,0.0,0.0,0.0,0.0,0.0,0,0,0
1756703643,5214,0.01,0.0,-0.01,0.0,0.0,0.0,0.0,0.0,0,0,0
1756703643,5215,0.0,0.0,-0.01,0.0,0.0,0.0,0.0,0.0,0,0,0
1756703643,5216,0.02,0.0,-0.03,0.0,0.0,0.0,0.0,0.0,0,0,0
1756703643,5217,0.0,0.0,-0.05,0.0,0.0,0.0,0.0,0.0,0,0,0
1756703644,5218,0.0,0.0,0.01,0.0,0.0,0.0,0.0,0.0,0,0,0
1756703644,5219,0.02,0.0,0.0,0.0,0.0,0.0,0.0,0.0,0,0,0
1756703644,5220,0.0,0.0,0.0,0.0,0.0,0.0,0.0,0.0,0,0,0
1756703644,5221,0.0,0.0,-0.01,0.0,0.0,0.0,0.0,0.0,0,0,0
1756703644,5222,-0.05,0.0,0.0,0.0,0.0,0.0,0.0,0.0,0,0,0
1756703644,5223,0.0,0.0,-0.05,0.0,0.0,0.0,0.0,0.0,0,0,0
1756703644,5224,0.09,0.0,-0.07,0.0,0.0,0.0,0.0,0.0,0,0,0
1756703644,5225,0.0,0.0,0.0,0.0,0.0,0.0,0.0,0.0,0,0,0
1756703644,5226,0.0,0.0,0.0,0.0,0.0,0.0,0.0,0.0,0,0,0
1756703644,5227,0.0,0.0,0.01,0.0,0.0,0.0,0.0,0.0,0,0,0
1756703644,5228,-0.05,0.0,0.0,0.0,0.0,0.0,0.0,0.0,0,0,0
1756703644,5229,0.03,0.0,-0.01,0.0,0.0,0.0,0.0,0.0,0,0,0
1756703644,5230,-0.1,0.0,0.0,0.0,0.0,0.0,0.0,0.0,0,0,0
1756703644,5231,0.0,0.0,0.0,0.0,0.0,0.0,0.0,0.0,0,0,0
1756703644,5232,0.01,0.0,-0.02,0.0,0.0,0.0,0.0,0.0,0,0,0
1756703644,5233,-0.07,0.0,-0.05,0.0,0.0,0.0,0.0,0.0,0,0,0
1756703644,5234,0.0,0.0,0.0,0.0,0.0,0.0,0.0,0.0,0,0,0
1756703644,5235,-0.03,0.0,-0.01,0.0,0.0,0.0,0.0,0.0,0,0,0
1756703644,5236,0.0,0.0,-0.05,0.0,0.0,0.0,0.0,0.0,0,0,0
1756703644,5237,0.0,0.0,0.0,0.0,0.0,0.0,0.0,0.0,0,0,0
1756703644,5238,0.03,0.0,0.0,0.0,0.0,0.0,0.0,0.0,0,0,0
1756703644,5239,0.09,0.0,0.07,0.0,0.0,0.0,0.0,0.0,0,0,0
1756703644,5240,0.0,0.0,-0.01,0.0,0.0,0.0,0.0,0.0,0,0,0
1756703644,5241,0.0,0.0,-0.01,0.0,0.0,0.0,0.0,0.0,0,0,0
1756703644,5242,0.0,0.0,0.03,0.0,0.0,0.0,0.0,0.0,0,0,0
1756703644,5243,0.02,0.0,0.0,0.0,0.0,0.0,0.0,0.0,0,0,0
1756703644,5244,0.0,0.0,-0.05,0.0,0.0,0.0,0.0,0.0,0,0,0
1756703644,5245,0.0,0.0,-0.03,0.0,0.0,0.0,0.0,0.0,0,0,0
1756703644,5246,0.0,0.0,-0.05,0.0,0.0,0.0,0.0,0.0,0,0,0
1756703644,5247,-0.05,0.0,-0.03,0.0,0.0,0.0,0.0,0.0,0,0,0
1756703644,5248,0.07,0.0,-0.05,0.0,0.0,0.0,0.0,0.0,0,0,0
1756703644,5249,-0.05,0.0,-0.03,0.0,0.0,0.0,0.0,0.0,0,0,0
1756703644,5250,0.02,0.0,-0.03,0.0,0.0,0.0,0.0,0.0,0,0,0
1756703644,5251,-0.03,0.0,0.0,0.0,0.0,0.0,0.0,0.0,0,0,0
1756703644,5252,-0.02,0.0,-0.02,0.0,0.0,0.0,0.0,0.0,0,0,0
1756703644,5253,0.0,0.0,-0.05,0.0,0.0,0.0,0.0,0.0,0,0,0
1756703644,5254,-0.03,0.0,0.0,0.0,0.0,0.0,0.0,0.0,0,0,0
1756703644,5255,0.05,0.0,-0.03,0.0,0.0,0.0,0.0,0.0,0,0,0
1756703644,5256,0.0,0.0,0.0,0.0,0.0,0.0,0.0,0.0,0,0,0
1756703644,5257,0.0,0.0,-0.01,0.0,0.0,0.0,0.0,0.0,0,0,0
1756703644,5258,0.02,0.0,-0.05,0.0,0.0,0.0,0.0,0.0,0,0,0
1756703644,5259,-0.03,0.0,-0.03,0.0,0.0,0.0,0.0,0.0,0,0,0
1756703644,5260,0.0,0.0,0.0,0.0,0.0,0.0,0.0,0.0,0,0,0
1756703644,5261,0.05,0.0,-0.01,0.0,0.0,0.0,0.0,0.0,0,0,0
1756703644,5262,0.01,0.0,-0.07,0.0,0.0,0.0,0.0,0.0,0,0,0
1756703644,5263,0.0,0.0,0.0,0.0,0.0,0.0,0.0,0.0,0,0,0
1756703644,5264,0.0,0.0,-0.01,0.0,0.0,0.0,0.0,0.0,0,0,0
1756703644,5265,0.0,0.0,-0.1,0.0,0.0,0.0,0.0,0.0,0,0,0
1756703644,5266,0.0,0.0,0.0,0.0,0.0,0.0,0.0,0.0,0,0,0
1756703644,5267,0.0,0.0,0.0,0.0,0.0,0.0,0.0,0.0,0,0,0
1756703644,5268,0.05,0.0,-0.02,0.0,0.0,0.0,0.0,0.0,0,0,0
1756703644,5269,0.0,0.0,-0.01,0.0,0.0,0.0,0.0,0.0,0,0,0
1756703644,5270,-0.02,0.0,-0.02,0.0,0.0,0.0,0.0,0.0,0,0,0
1756703644,5271,0.02,0.0,0.0,0.0,0.0,0.0,0.0,0.0,0,0,0
1756703644,5272,0.0,0.0,0.0,0.0,0.0,0.0,0.0,0.0,0,0,0
1756703644,5273,0.0,0.0,0.0,0.0,0.0,0.0,0.0,0.0,0,0,0
1756703644,5274,-0.03,0.0,-0.01,0.0,0.0,0.0,0.0,0.0,0,0,0
1756703644,5275,-0.05,0.0,-0.02,0.0,0.0,0.0,0.0,0.0,0,0,0
1756703644,5276,-0.03,0.0,-0.02,0.0,0.0,0.0,0.0,0.0,0,0,0
1756703644,5277,0.0,0.0,-0.03,0.0,0.0,0.0,0.0,0.0,0,0,0
1756703644,5278,-0.05,0.0,-0.03,0.0,0.0,0.0,0.0,0.0,0,0,0
1756703644,5279,0.09,0.0,0.0,0.0,0.0,0.0,0.0,0.0,0,0,0
1756703644,5280,0.01,0.0,0.0,0.0,0.0,0.0,0.0,0.0,0,0,0
1756703644,5281,0.01,0.0,0.0,0.0,0.0,0.0,0.0,0.0,0,0,0
1756703644,5282,0.02,0.0,0.0,0.0,0.0,0.0,0.0,0.0,0,0,0
1756703644,5283,0.0,0.0,-0.09,0.0,0.0,0.0,0.0,0.0,0,0,0
1756703645,5284,-0.02,0.0,-0.02,0.0,0.0,0.0,0.0,0.0,0,0,0
1756703645,5285,0.0,0.0,0.0,0.0,0.0,0.0,0.0,0.0,0,0,0
1756703645,5286,0.03,0.0,-0.02,0.0,0.0,0.0,0.0,0.0,0,0,0
1756703645,5287,0.07,0.0,0.0,0.0,0.0,0.0,0.0,0.0,0,0,0
1756703645,5288,0.02,0.0,0.01,0.0,0.0,0.0,0.0,0.0,0,0,0
1756703645,5289,0.07,0.0,0.03,0.0,0.0,0.0,0.0,0.0,0,0,0
1756703645,5290,-0.07,0.0,0.0,0.0,0.0,0.0,0.0,0.0,0,0,0
1756703645,5291,0.0,0.0,0.0,0.0,0.0,0.0,0.0,0.0,0,0,0
1756703645,5292,0.01,0.0,-0.03,0.0,0.0,0.0,0.0,0.0,0,0,0
1756703645,5293,0.0,0.0,0.0,0.0,0.0,0.0,0.0,0.0,0,0,0
1756703645,5294,-0.01,0.0,0.0,0.0,0.0,0.0,0.0,0.0,0,0,0
1756703645,5295,-0.05,0.0,0.0,0.0,0.0,0.0,0.0,0.0,0,0,0
1756703645,5296,0.0,0.0,-0.05,0.0,0.0,0.0,0.0,0.0,0,0,0
1756703645,5297,0.0,0.0,0.02,0.0,0.0,0.0,0.0,0.0,0,0,0
1756703645,5298,0.0,0.0,-0.01,0.0,0.0,0.0,0.0,0.0,0,0,0
1756703645,5299,0.09,0.0,0.0,0.0,0.0,0.0,0.0,0.0,0,0,0
1756703645,5300,0.01,0.0,-0.03,0.0,0.0,0.0,0.0,0.0,0,0,0
1756703645,5301,0.0,0.0,-0.02,0.0,0.0,0.0,0.0,0.0,0,0,0
1756703645,5302,0.0,0.0,-0.03,0.0,0.0,0.0,0.0,0.0,0,0,0
1756703645,5303,0.0,0.0,-0.01,0.0,0.0,0.0,0.0,0.0,0,0,0
1756703645,5304,-0.01,0.0,0.0,0.0,0.0,0.0,0.0,0.0,0,0,0
1756703645,5305,0.0,0.0,0.0,0.0,0.0,0.0,0.0,0.0,0,0,0
1756703645,5306,0.0,0.0,0.0,0.0,0.0,0.0,0.0,0.0,0,0,0
1756703645,5307,0.0,0.0,-0.02,0.0,0.0,0.0,0.0,0.0,0,0,0
1756703645,5308,0.0,0.0,0.0,0.0,0.0,0.0,0.0,0.0,0,0,0
1756703645,5309,0.0,0.0,-0.01,0.0,0.0,0.0,0.0,0.0,0,0,0
1756703645,5310,0.01,0.0,-0.05,0.0,0.0,0.0,0.0,0.0,0,0,0
1756703645,5311,-0.02,0.0,-0.05,0.0,0.0,0.0,0.0,0.0,0,0,0
1756703645,5312,0.01,0.0,-0.02,0.0,0.0,0.0,0.0,0.0,0,0,0
1756703645,5313,0.02,0.0,0.0,0.0,0.0,0.0,0.0,0.0,0,0,0
1756703645,5314,0.0,0.0,0.0,0.0,0.0,0.0,0.0,0.0,0,0,0
1756703645,5315,0.0,0.0,-0.07,0.0,0.0,0.0,0.0,0.0,0,0,0
1756703645,5316,0.0,0.0,-0.1,0.0,0.0,0.0,0.0,0.0,0,0,0
1756703645,5317,0.0,0.0,0.0,0.0,0.0,0.0,0.0,0.0,0,0,0
1756703645,5318,0.0,0.0,0.01,0.0,0.0,0.0,0.0,0.0,0,0,0
1756703645,5319,0.01,0.0,0.0,0.0,0.0,0.0,0.0,0.0,0,0,0
1756703645,5320,0.07,0.0,0.0,0.0,0.0,0.0,0.0,0.0,0,0,0
1756703645,5321,0.0,0.0,-0.01,0.0,0.0,0.0,0.0,0.0,0,0,0
1756703645,5322,0.02,0.0,-0.02,0.0,0.0,0.0,0.0,0.0,0,0,0
1756703645,5323,0.01,0.0,-0.01,0.0,0.0,0.0,0.0,0.0,0,0,0
1756703645,5324,0.03,0.0,-0.03,0.0,0.0,0.0,0.0,0.0,0,0,0
1756703645,5325,0.0,0.0,0.0,0.0,0.0,0.0,0.0,0.0,0,0,0
1756703645,5326,0.05,0.0,-0.01,0.0,0.0,0.0,0.0,0.0,0,0,0
1756703645,5327,-0.01,0.0,-0.03,0.0,0.0,0.0,0.0,0.0,0,0,0
1756703645,5328,-0.09,0.0,0.0,0.0,0.0,0.0,0.0,0.0,0,0,0
1756703645,5329,0.0,0.0,-0.03,0.0,0.0,0.0,0.0,0.0,0,0,0
1756703645,5330,0.0,0.0,-0.02,0.0,0.0,0.0,0.0,0.0,0,0,0
1756703645,5331,-0.02,0.0,-0.01,0.0,0.0,0.0,0.0,0.0,0,0,0
1756703645,5332,0.0,0.0,-0.07,0.0,0.0,0.0,0.0,0.0,0,0,0
1756703645,5333,-0.01,0.0,0.0,0.0,0.0,0.0,0.0,0.0,0,0,0
1756703645,5334,0.05,0.0,-0.03,0.0,0.0,0.0,0.0,0.0,0,0,0
1756703645,5335,0.0,0.0,0.0,0.0,0.0,0.0,0.0,0.0,0,0,0
1756703645,5336,0.0,0.0,-0.01,0.0,0.0,0.0,0.0,0.0,0,0,0
1756703645,5337,0.0,0.0,0.0,0.0,0.0,0.0,0.0,0.0,0,0,0
1756703645,5338,0.02,0.0,0.0,0.0,0.0,0.0,0.0,0.0,0,0,0
1756703645,5339,0.0,0.0,-0.01,0.0,0.0,0.0,0.0,0.0,0,0,0
1756703645,5340,-0.02,0.0,-0.02,0.0,0.0,0.0,0.0,0.0,0,0,0
1756703645,5341,0.03,0.0,0.0,0.0,0.0,0.0,0.0,0.0,0,0,0
1756703645,5342,0.0,0.0,0.0,0.0,0.0,0.0,0.0,0.0,0,0,0
1756703645,5343,-0.07,0.0,-0.01,0.0,0.0,0.0,0.0,0.0,0,0,0
1756703645,5344,0.0,0.0,0.07,0.0,0.0,0.0,0.0,0.0,0,0,0
1756703645,5345,0.03,0.0,-0.01,0.0,0.0,0.0,0.0,0.0,0,0,0
1756703645,5346,-0.05,0.0,-0.03,0.0,0.0,0.0,0.0,0.0,0,0,0
1756703646,5347,0.02,0.0,0.0,0.0,0.0,0.0,0.0,0.0,0,0,0
1756703646,5348,0.05,0.0,-0.01,0.0,0.0,0.0,0.0,0.0,0,0,0
1756703646,5349,0.03,0.0,0.02,0.0,0.0,0.0,0.0,0.0,0,0,0
1756703646,5350,-0.02,0.0,0.0,0.0,0.0,0.0,0.0,0.0,0,0,0
1756703646,5351,0.09,0.0,-0.03,0.0,0.0,0.0,0.0,0.0,0,0,0
1756703646,5352,-0.01,0.0,-0.02,0.0,0.0,0.0,0.0,0.0,0,0,0
1756703646,5353,0.02,0.0,-0.02,0.0,0.0,0.0,0.0,0.0,0,0,0
1756703646,5354,0.07,0.0,-0.05,0.0,0.0,0.0,0.0,0.0,0,0,0
1756703646,5355,0.01,0.0,0.0,0.0,0.0,0.0,0.0,0.0,0,0,0
1756703646,5356,0.0,0.0,-0.01,0.0,0.0,0.0,0.0,0.0,0,0,0
1756703646,5357,0.03,0.0,-0.01,0.0,0.0,0.0,0.0,0.0,0,0,0
1756703646,5358,-0.01,0.0,0.0,0.0,0.0,0.0,0.0,0.0,0,0,0
1756703646,5359,-0.02,0.0,0.0,0.0,0.0,0.0,0.0,0.0,0,0,0
1756703646,5360,0.0,0.0,0.0,0.0,0.0,0.0,0.0,0.0,0,0,0
1756703646,5361,0.0,0.0,0.0,0.0,0.0,0.0,0.0,0.0,0,0,0
1756703646,5362,0.0,0.0,0.0,0.0,0.0,0.0,0.0,0.0,0,0,0
1756703646,5363,-0.02,0.0,-0.05,0.0,0.0,0.0,0.0,0.0,0,0,0
1756703646,5364,0.02,0.0,-0.02,0.0,0.0,0.0,0.0,0.0,0,0,0
1756703646,5365,0.0,0.0,0.0,0.0,0.0,0.0,0.0,0.0,0,0,0
1756703646,5366,-0.02,0.0,-0.03,0.0,0.0,0.0,0.0,0.0,0,0,0
1756703646,5367,0.05,0.0,0.0,0.0,0.0,0.0,0.0,0.0,0,0,0
1756703646,5368,0.02,0.0,0.0,0.0,0.0,0.0,0.0,0.0,0,0,0
1756703646,5369,0.01,0.0,0.01,0.0,0.0,0.0,0.0,0.0,0,0,0
1756703646,5370,-0.03,0.0,-0.01,0.0,0.0,0.0,0.0,0.0,0,0,0
1756703646,5371,0.0,0.0,-0.05,0.0,0.0,0.0,0.0,0.0,0,0,0
1756703646,5372,0.02,0.0,-0.02,0.0,0.0,0.0,0.0,0.0,0,0,0
1756703646,5373,0.0,0.0,-0.03,0.0,0.0,0.0,0.0,0.0,0,0,0
1756703646,5374,0.0,0.0,0.0,0.0,0.0,0.0,0.0,0.0,0,0,0
1756703646,5375,0.0,0.0,-0.11,0.0,0.0,0.0,0.0,0.0,0,0,0
1756703646,5376,0.02,0.0,-0.02,0.0,0.0,0.0,0.0,0.0,0,0,0
1756703646,5377,0.01,0.0,-0.05,0.0,0.0,0.0,0.0,0.0,0,0,0
1756703646,5378,-0.07,0.0,-0.01,0.0,0.0,0.0,0.0,0.0,0,0,0
1756703646,5379,0.01,0.0,0.0,0.0,0.0,0.0,0.0,0.0,0,0,0
1756703646,5380,0.01,0.0,0.01,0.0,0.0,0.0,0.0,0.0,0,0,0
1756703646,5381,0.02,0.0,-0.02,0.0,0.0,0.0,0.0,0.0,0,0,0
1756703646,5382,0.02,0.0,0.0,0.0,0.0,0.0,0.0,0.0,0,0,0
1756703646,5383,0.02,0.0,0.0,0.0,0.0,0.0,0.0,0.0,0,0,0
1756703646,5384,0.01,0.0,-0.03,0.0,0.0,0.0,0.0,0.0,0,0,0
1756703646,5385,0.0,0.0,0.0,0.0,0.0,0.0,0.0,0.0,0,0,0
1756703646,5386,0.0,0.0,0.0,0.0,0.0,0.0,0.0,0.0,0,0,0
1756703646,5387,0.0,0.0,-0.03,0.0,0.0,0.0,0.0,0.0,0,0,0
1756703646,5388,0.0,0.0,0.0,0.0,0.0,0.0,0.0,0.0,0,0,0
1756703646,5389,0.02,0.0,0.0,0.0,0.0,0.0,0.0,0.0,0,0,0
1756703646,5390,0.02,0.0,-0.03,0.0,0.0,0.0,0.0,0.0,0,0,0
1756703646,5391,0.02,0.0,-0.02,0.0,0.0,0.0,0.0,0.0,0,0,0
1756703646,5392,0.01,0.0,-0.03,0.0,0.0,0.0,0.0,0.0,0,0,0
1756703646,5393,0.02,0.0,0.01,0.0,0.0,0.0,0.0,0.0,0,0,0
1756703646,5394,0.01,0.0,0.0,0.0,0.0,0.0,0.0,0.0,0,0,0
1756703646,5395,0.02,0.0,-0.05,0.0,0.0,0.0,0.0,0.0,0,0,0
1756703646,5396,-0.05,0.0,-0.07,0.0,0.0,0.0,0.0,0.0,0,0,0
1756703646,5397,0.07,0.0,-0.03,0.0,0.0,0.0,0.0,0.0,0,0,0
1756703646,5398,0.0,0.0,-0.02,0.0,0.0,0.0,0.0,0.0,0,0,0
1756703646,5399,0.0,0.0,-0.03,0.0,0.0,0.0,0.0,0.0,0,0,0
1756703646,5400,0.01,0.0,-0.02,0.0,0.0,0.0,0.0,0.0,0,0,0
1756703646,5401,-0.02,0.0,0.0,0.0,0.0,0.0,0.0,0.0,0,0,0
1756703646,5402,0.0,0.0,0.0,0.0,0.0,0.0,0.0,0.0,0,0,0
1756703646,5403,0.01,0.0,-0.02,0.0,0.0,0.0,0.0,0.0,0,0,0
1756703646,5404,0.0,0.0,0.02,0.0,0.0,0.0,0.0,0.0,0,0,0
1756703646,5405,0.02,0.0,0.0,0.0,0.0,0.0,0.0,0.0,0,0,0
1756703646,5406,0.1,0.0,-0.05,0.0,0.0,0.0,0.0,0.0,0,0,0
1756703646,5407,0.02,0.0,-0.07,0.0,0.0,0.0,0.0,0.0,0,0,0
1756703646,5408,0.0,0.0,-0.05,0.0,0.0,0.0,0.0,0.0,0,0,0
1756703646,5409,0.0,0.0,0.0,0.0,0.0,0.0,0.0,0.0,0,0,0
1756703646,5410,0.0,0.0,0.0,0.0,0.0,0.0,0.0,0.0,0,0,0
1756703646,5411,0.0,0.0,-0.01,0.0,0.0,0.0,0.0,0.0,0,0,0
1756703646,5412,0.05,0.0,0.01,0.0,0.0,0.0,0.0,0.0,0,0,0
1756703646,5413,0.03,0.0,0.0,0.0,0.0,0.0,0.0,0.0,0,0,0
1756703646,5414,0.0,0.0,-0.03,0.0,0.0,0.0,0.0,0.0,0,0,0
1756703647,5415,0.0,0.0,0.07,0.0,0.0,0.0,0.0,0.0,0,0,0
1756703647,5416,0.02,0.0,-0.02,0.0,0.0,0.0,0.0,0.0,0,0,0
1756703647,5417,0.07,0.0,-0.05,0.0,0.0,0.0,0.0,0.0,0,0,0
1756703647,5418,0.0,0.0,0.0,0.0,0.0,0.0,0.0,0.0,0,0,0
1756703647,5419,0.02,0.0,-0.05,0.0,0.0,0.0,0.0,0.0,0,0,0
1756703647,5420,0.01,0.0,-0.02,0.0,0.0,0.0,0.0,0.0,0,0,0
1756703647,5421,0.01,0.0,0.0,0.0,0.0,0.0,0.0,0.0,0,0,0
1756703647,5422,0.0,0.0,-0.02,0.0,0.0,0.0,0.0,0.0,0,0,0
1756703647,5423,0.0,0.0,0.0,0.0,0.0,0.0,0.0,0.0,0,0,0
1756703647,5424,0.01,0.0,0.0,0.0,0.0,0.0,0.0,0.0,0,0,0
1756703647,5425,0.0,0.0,0.02,0.0,0.0,0.0,0.0,0.0,0,0,0
1756703647,5426,0.0,0.0,-0.01,0.0,0.0,0.0,0.0,0.0,0,0,0
1756703647,5427,0.0,0.0,0.0,0.0,0.0,0.0,0.0,0.0,0,0,0
1756703647,5428,0.03,0.0,0.0,0.0,0.0,0.0,0.0,0.0,0,0,0
1756703647,5429,0.0,0.0,-0.02,0.0,0.0,0.0,0.0,0.0,0,0,0
1756703647,5430,0.0,0.0,-0.01,0.0,0.0,0.0,0.0,0.0,0,0,0
1756703647,5431,0.0,0.0,-0.05,0.0,0.0,0.0,0.0,0.0,0,0,0
1756703647,5432,-0.01,0.0,-0.07,0.0,0.0,0.0,0.0,0.0,0,0,0
1756703647,5433,0.0,0.0,-0.01,0.0,0.0,0.0,0.0,0.0,0,0,0
1756703647,5434,0.03,0.0,0.0,0.0,0.0,0.0,0.0,0.0,0,0,0
1756703647,5435,0.0,0.0,-0.03,0.0,0.0,0.0,0.0,0.0,0,0,0
1756703647,5436,-0.02,0.0,-0.02,0.0,0.0,0.0,0.0,0.0,0,0,0
1756703647,5437,0.0,0.0,-0.05,0.0,0.0,0.0,0.0,0.0,0,0,0
1756703647,5438,0.01,0.0,-0.01,0.0,0.0,0.0,0.0,0.0,0,0,0
1756703647,5439,0.0,0.0,0.0,0.0,0.0,0.0,0.0,0.0,0,0,0
1756703647,5440,0.1,0.0,0.0,0.0,0.0,0.0,0.0,0.0,0,0,0
1756703647,5441,0.0,0.0,0.0,0.0,0.0,0.0,0.0,0.0,0,0,0
1756703647,5442,0.02,0.0,-0.05,0.0,0.0,0.0,0.0,0.0,0,0,0
1756703647,5443,0.0,0.0,0.0,0.0,0.0,0.0,0.0,0.0,0,0,0
1756703647,5444,0.0,0.0,-0.01,0.0,0.0,0.0,0.0,0.0,0,0,0
1756703647,5445,0.0,0.0,0.0,0.0,0.0,0.0,0.0,0.0,0,0,0
1756703647,5446,0.0,0.0,-0.02,0.0,0.0,0.0,0.0,0.0,0,0,0
1756703647,5447,-0.05,0.0,0.0,0.0,0.0,0.0,0.0,0.0,0,0,0
1756703647,5448,0.05,0.0,-0.01,0.0,0.0,0.0,0.0,0.0,0,0,0
1756703647,5449,0.0,0.0,0.0,0.0,0.0,0.0,0.0,0.0,0,0,0
1756703647,5450,-0.07,0.0,0.05,0.0,0.0,0.0,0.0,0.0,0,0,0
1756703647,5451,0.05,0.0,0.07,0.0,0.0,0.0,0.0,0.0,0,0,0
1756703647,5452,0.0,0.0,-0.05,0.0,0.0,0.0,0.0,0.0,0,0,0
1756703647,5453,0.0,0.0,0.03,0.0,0.0,0.0,0.0,0.0,0,0,0
1756703647,5454,0.01,0.0,-0.05,0.0,0.0,0.0,0.0,0.0,0,0,0
1756703647,5455,0.02,0.0,-0.07,0.0,0.0,0.0,0.0,0.0,0,0,0
1756703647,5456,0.0,0.0,0.0,0.0,0.0,0.0,0.0,0.0,0,0,0
1756703647,5457,-0.03,0.0,-0.03,0.0,0.0,0.0,0.0,0.0,0,0,0
1756703647,5458,0.0,0.0,0.0,0.0,0.0,0.0,0.0,0.0,0,0,0
1756703647,5459,-0.02,0.0,-0.05,0.0,0.0,0.0,0.0,0.0,0,0,0
1756703647,5460,0.05,0.0,-0.02,0.0,0.0,0.0,0.0,0.0,0,0,0
1756703647,5461,0.0,0.0,0.0,0.0,0.0,0.0,0.0,0.0,0,0,0
1756703647,5462,0.0,0.0,-0.05,0.0,0.0,0.0,0.0,0.0,0,0,0
1756703647,5463,0.0,0.0,0.0,0.0,0.0,0.0,0.0,0.0,0,0,0
1756703647,5464,0.0,0.0,-0.01,0.0,0.0,0.0,0.0,0.0,0,0,0
1756703647,5465,0.0,0.0,0.0,0.0,0.0,0.0,0.0,0.0,0,0,0
1756703647,5466,-0.01,0.0,0.0,0.0,0.0,0.0,0.0,0.0,0,0,0
1756703647,5467,0.01,0.0,0.0,0.0,0.0,0.0,0.0,0.0,0,0,0
1756703647,5468,0.03,0.0,-0.02,0.0,0.0,0.0,0.0,0.0,0,0,0
1756703647,5469,0.01,0.0,-0.03,0.0,0.0,0.0,0.0,0.0,0,0,0
1756703647,5470,0.05,0.0,0.01,0.0,0.0,0.0,0.0,0.0,0,0,0
1756703647,5471,0.02,0.0,-0.18,0.0,0.0,0.0,0.0,0.0,0,0,0
1756703647,5472,0.03,0.0,0.0,0.0,0.0,0.0,0.0,0.0,0,0,0
1756703647,5473,0.0,0.0,0.0,0.0,0.0,0.0,0.0,0.0,0,0,0
1756703647,5474,-0.02,0.0,0.0,0.0,0.0,0.0,0.0,0.0,0,0,0
1756703647,5475,0.0,0.0,0.0,0.0,0.0,0.0,0.0,0.0,0,0,0
1756703647,5476,0.03,0.0,-0.02,0.0,0.0,0.0,0.0,0.0,0,0,0
1756703647,5477,0.05,0.0,0.0,0.0,0.0,0.0,0.0,0.0,0,0,0
1756703647,5478,-0.02,0.0,0.03,0.0,0.0,0.0,0.0,0.0,0,0,0
1756703647,5479,0.01,0.0,-0.01,0.0,0.0,0.0,0.0,0.0,0,0,0
1756703647,5480,0.0,0.0,-0.05,0.0,0.0,0.0,0.0,0.0,0,0,0
1756703647,5481,0.02,0.0,0.0,0.0,0.0,0.0,0.0,0.0,0,0,0
1756703648,5482,0.0,0.0,0.0,0.0,0.0,0.0,0.0,0.0,0,0,0
1756703648,5483,0.02,0.0,-0.03,0.0,0.0,0.0,0.0,0.0,0,0,0
1756703648,5484,0.03,0.0,0.0,0.0,0.0,0.0,0.0,0.0,0,0,0
1756703648,5485,-0.02,0.0,0.0,0.0,0.0,0.0,0.0,0.0,0,0,0
1756703648,5486,0.0,0.0,-0.03,0.0,0.0,0.0,0.0,0.0,0,0,0
1756703648,5487,0.0,0.0,0.0,0.0,0.0,0.0,0.0,0.0,0,0,0
1756703648,5488,0.0,0.0,0.05,0.0,0.0,0.0,0.0,0.0,0,0,0
1756703648,5489,0.0,0.0,-0.01,0.0,0.0,0.0,0.0,0.0,0,0,0
1756703648,5490,0.0,0.0,0.0,0.0,0.0,0.0,0.0,0.0,0,0,0
1756703648,5491,-0.01,0.0,0.0,0.0,0.0,0.0,0.0,0.0,0,0,0
1756703648,5492,0.0,0.0,0.0,0.0,0.0,0.0,0.0,0.0,0,0,0
1756703648,5493,-0.02,0.0,-0.05,0.0,0.0,0.0,0.0,0.0,0,0,0
1756703648,5494,0.02,0.0,0.0,0.0,0.0,0.0,0.0,0.0,0,0,0
1756703648,5495,0.03,0.0,0.0,0.0,0.0,0.0,0.0,0.0,0,0,0
1756703648,5496,-0.03,0.0,0.0,0.0,0.0,0.0,0.0,0.0,0,0,0
1756703648,5497,-0.03,0.0,0.0,0.0,0.0,0.0,0.0,0.0,0,0,0
1756703648,5498,0.01,0.0,0.0,0.0,0.0,0.0,0.0,0.0,0,0,0
1756703648,5499,0.01,0.0,-0.05,0.0,0.0,0.0,0.0,0.0,0,0,0
1756703648,5500,0.05,0.0,0.02,0.0,0.0,0.0,0.0,0.0,0,0,0
1756703648,5501,0.0,0.0,0.0,0.0,0.0,0.0,0.0,0.0,0,0,0
1756703648,5502,0.0,0.0,-0.03,0.0,0.0,0.0,0.0,0.0,0,0,0
1756703648,5503,0.03,0.0,-0.01,0.0,0.0,0.0,0.0,0.0,0,0,0
1756703648,5504,0.0,0.0,-0.02,0.0,0.0,0.0,0.0,0.0,0,0,0
1756703648,5505,0.01,0.0,0.0,0.0,0.0,0.0,0.0,0.0,0,0,0
1756703648,5506,0.03,0.0,-0.05,0.0,0.0,0.0,0.0,0.0,0,0,0
1756703648,5507,-0.01,0.0,-0.02,0.0,0.0,0.0,0.0,0.0,0,0,0
1756703648,5508,0.0,0.0,-0.01,0.0,0.0,0.0,0.0,0.0,0,0,0
1756703648,5509,0.05,0.0,0.0,0.0,0.0,0.0,0.0,0.0,0,0,0
1756703648,5510,0.02,0.0,0.0,0.0,0.0,0.0,0.0,0.0,0,0,0
1756703648,5511,0.03,0.0,0.0,0.0,0.0,0.0,0.0,0.0,0,0,0
1756703648,5512,0.0,0.0,0.0,0.0,0.0,0.0,0.0,0.0,0,0,0
1756703648,5513,0.0,0.0,-0.01,0.0,0.0,0.0,0.0,0.0,0,0,0
1756703648,5514,0.0,0.0,0.07,0.0,0.0,0.0,0.0,0.0,0,0,0
1756703648,5515,0.02,0.0,-0.03,0.0,0.0,0.0,0.0,0.0,0,0,0
1756703648,5516,0.01,0.0,0.0,0.0,0.0,0.0,0.0,0.0,0,0,0
1756703648,5517,-0.01,0.0,0.0,0.0,0.0,0.0,0.0,0.0,0,0,0
1756703648,5518,0.0,0.0,-0.03,0.0,0.0,0.0,0.0,0.0,0,0,0
1756703648,5519,-0.01,0.0,-0.03,0.0,0.0,0.0,0.0,0.0,0,0,0
1756703648,5520,0.01,0.0,-0.01,0.0,0.0,0.0,0.0,0.0,0,0,0
1756703648,5521,-0.05,0.0,-0.02,0.0,0.0,0.0,0.0,0.0,0,0,0
1756703648,5522,0.0,0.0,-0.05,0.0,0.0,0.0,0.0,0.0,0,0,0
1756703648,5523,0.0,0.0,0.0,0.0,0.0,0.0,0.0,0.0,0,0,0
1756703648,5524,0.03,0.0,-0.01,0.0,0.0,0.0,0.0,0.0,0,0,0
1756703648,5525,0.0,0.0,-0.02,0.0,0.0,0.0,0.0,0.0,0,0,0
1756703648,5526,0.01,0.0,-0.01,0.0,0.0,0.0,0.0,0.0,0,0,0
1756703648,5527,0.03,0.0,0.0,0.0,0.0,0.0,0.0,0.0,0,0,0
1756703648,5528,0.0,0.0,-0.07,0.0,0.0,0.0,0.0,0.0,0,0,0
1756703648,5529,0.01,0.0,-0.14,0.0,0.0,0.0,0.0,0.0,0,0,0
1756703648,5530,0.03,0.0,0.0,0.0,0.0,0.0,0.0,0.0,0,0,0
1756703648,5531,-0.02,0.0,0.0,0.0,0.0,0.0,0.0,0.0,0,0,0
1756703648,5532,-0.05,0.0,-0.01,0.0,0.0,0.0,0.0,0.0,0,0,0
1756703648,5533,0.01,0.0,0.0,0.0,0.0,0.0,0.0,0.0,0,0,0
1756703648,5534,0.0,0.0,0.0,0.0,0.0,0.0,0.0,0.0,0,0,0
1756703648,5535,0.01,0.0,0.0,0.0,0.0,0.0,0.0,0.0,0,0,0
1756703648,5536,-0.01,0.0,0.0,0.0,0.0,0.0,0.0,0.0,0,0,0
1756703648,5537,0.0,0.0,0.0,0.0,0.0,0.0,0.0,0.0,0,0,0
1756703648,5538,-0.01,0.0,0.0,0.0,0.0,0.0,0.0,0.0,0,0,0
1756703648,5539,0.01,0.0,0.09,0.0,0.0,0.0,0.0,0.0,0,0,0
1756703648,5540,-0.01,0.0,-0.09,0.0,0.0,0.0,0.0,0.0,0,0,0
1756703648,5541,0.0,0.0,-0.01,0.0,0.0,0.0,0.0,0.0,0,0,0
1756703648,5542,0.01,0.0,0.0,0.0,0.0,0.0,0.0,0.0,0,0,0
1756703648,5543,0.0,0.0,0.0,0.0,0.0,0.0,0.0,0.0,0,0,0
1756703648,5544,0.01,0.0,-0.02,0.0,0.0,0.0,0.0,0.0,0,0,0
1756703648,5545,0.0,0.0,-0.01,0.0,0.0,0.0,0.0,0.0,0,0,0
1756703648,5546,0.03,0.0,0.0,0.0,0.0,0.0,0.0,0.0,0,0,0
1756703648,5547,0.0,0.0,0.0,0.0,0.0,0.0,0.0,0.0,0,0,0
1756703649,5548,0.0,0.0,-0.01,0.0,0.0,0.0,0.0,0.0,0,0,0
1756703649,5549,-0.03,0.0,-0.03,0.0,0.0,0.0,0.0,0.0,0,0,0
1756703649,5550,0.0,0.0,-0.05,0.0,0.0,0.0,0.0,0.0,0,0,0
1756703649,5551,-0.03,0.0,0.11,0.0,0.0,0.0,0.0,0.0,0,0,0
1756703649,5552,0.0,0.0,-0.05,0.0,0.0,0.0,0.0,0.0,0,0,0
1756703649,5553,0.0,0.0,0.01,0.0,0.0,0.0,0.0,0.0,0,0,0
1756703649,5554,0.02,0.0,-0.03,0.0,0.0,0.0,0.0,0.0,0,0,0
1756703649,5555,0.03,0.0,-0.03,0.0,0.0,0.0,0.0,0.0,0,0,0
1756703649,5556,0.0,0.0,0.0,0.0,0.0,0.0,0.0,0.0,0,0,0
1756703649,5557,-0.01,0.0,0.0,0.0,0.0,0.0,0.0,0.0,0,0,0
1756703649,5558,-0.01,0.0,0.05,0.0,0.0,0.0,0.0,0.0,0,0,0
1756703649,5559,0.0,0.0,-0.01,0.0,0.0,0.0,0.0,0.0,0,0,0
1756703649,5560,0.01,0.0,-0.05,0.0,0.0,0.0,0.0,0.0,0,0,0
1756703649,5561,0.0,0.0,0.09,0.0,0.0,0.0,0.0,0.0,0,0,0
1756703649,5562,0.0,0.0,-0.03,0.0,0.0,0.0,0.0,0.0,0,0,0
1756703649,5563,0.0,0.0,0.0,0.0,0.0,0.0,0.0,0.0,0,0,0
1756703649,5564,0.0,0.0,-0.01,0.0,0.0,0.0,0.0,0.0,0,0,0
1756703649,5565,0.0,0.0,0.0,0.0,0.0,0.0,0.0,0.0,0,0,0
1756703649,5566,0.05,0.0,0.0,0.0,0.0,0.0,0.0,0.0,0,0,0
1756703649,5567,0.0,0.0,-0.03,0.0,0.0,0.0,0.0,0.0,0,0,0
1756703649,5568,0.0,0.0,-0.02,0.0,0.0,0.0,0.0,0.0,0,0,0
1756703649,5569,0.0,0.0,0.0,0.0,0.0,0.0,0.0,0.0,0,0,0
1756703649,5570,0.0,0.0,0.0,0.0,0.0,0.0,0.0,0.0,0,0,0
1756703649,5571,0.0,0.0,-0.01,0.0,0.0,0.0,0.0,0.0,0,0,0
1756703649,5572,0.05,0.0,-0.01,0.0,0.0,0.0,0.0,0.0,0,0,0
1756703649,5573,0.02,0.0,-0.01,0.0,0.0,0.0,0.0,0.0,0,0,0
1756703649,5574,0.0,0.0,0.0,0.0,0.0,0.0,0.0,0.0,0,0,0
1756703649,5575,0.07,0.0,0.0,0.0,0.0,0.0,0.0,0.0,0,0,0
1756703649,5576,0.02,0.0,0.0,0.0,0.0,0.0,0.0,0.0,0,0,0
1756703649,5577,0.0,0.0,0.0,0.0,0.0,0.0,0.0,0.0,0,0,0
1756703649,5578,-0.02,0.0,-0.01,0.0,0.0,0.0,0.0,0.0,0,0,0
1756703649,5579,-0.02,0.0,0.0,0.0,0.0,0.0,0.0,0.0,0,0,0
1756703649,5580,0.0,0.0,-0.02,0.0,0.0,0.0,0.0,0.0,0,0,0
1756703649,5581,0.0,0.0,-0.01,0.0,0.0,0.0,0.0,0.0,0,0,0
1756703649,5582,0.0,0.0,-0.01,0.0,0.0,0.0,0.0,0.0,0,0,0
1756703649,5583,0.0,0.0,0.0,0.0,0.0,0.0,0.0,0.0,0,0,0
1756703649,5584,-0.05,0.0,-0.01,0.0,0.0,0.0,0.0,0.0,0,0,0
1756703649,5585,-0.03,0.0,-0.07,0.0,0.0,0.0,0.0,0.0,0,0,0
1756703649,5586,0.0,0.0,-0.07,0.0,0.0,0.0,0.0,0.0,0,0,0
1756703649,5587,0.01,0.0,-0.03,0.0,0.0,0.0,0.0,0.0,0,0,0
1756703649,5588,0.05,0.0,-0.02,0.0,0.0,0.0,0.0,0.0,0,0,0
1756703649,5589,0.05,0.0,0.0,0.0,0.0,0.0,0.0,0.0,0,0,0
1756703649,5590,0.0,0.0,0.0,0.0,0.0,0.0,0.0,0.0,0,0,0
1756703649,5591,0.0,0.0,0.0,0.0,0.0,0.0,0.0,0.0,0,0,0
1756703649,5592,0.05,0.0,-0.02,0.0,0.0,0.0,0.0,0.0,0,0,0
1756703649,5593,0.01,0.0,0.02,0.0,0.0,0.0,0.0,0.0,0,0,0
1756703649,5594,-0.02,0.0,-0.07,0.0,0.0,0.0,0.0,0.0,0,0,0
1756703649,5595,0.0,0.0,-0.02,0.0,0.0,0.0,0.0,0.0,0,0,0
1756703649,5596,-0.01,0.0,-0.03,0.0,0.0,0.0,0.0,0.0,0,0,0
1756703649,5597,0.03,0.0,-0.02,0.0,0.0,0.0,0.0,0.0,0,0,0
1756703649,5598,-0.03,0.0,-0.01,0.0,0.0,0.0,0.0,0.0,0,0,0
1756703649,5599,0.0,0.0,0.0,0.0,0.0,0.0,0.0,0.0,0,0,0
1756703649,5600,-0.02,0.0,-0.02,0.0,0.0,0.0,0.0,0.0,0,0,0
1756703649,5601,0.0,0.0,0.0,0.0,0.0,0.0,0.0,0.0,0,0,0
1756703649,5602,-0.01,0.0,-0.01,0.0,0.0,0.0,0.0,0.0,0,0,0
1756703649,5603,0.0,0.0,-0.03,0.0,0.0,0.0,0.0,0.0,0,0,0
1756703649,5604,0.03,0.0,-0.03,0.0,0.0,0.0,0.0,0.0,0,0,0
1756703649,5605,0.0,0.0,-0.01,0.0,0.0,0.0,0.0,0.0,0,0,0
1756703649,5606,0.0,0.0,0.0,0.0,0.0,0.0,0.0,0.0,0,0,0
1756703649,5607,0.1,0.0,-0.01,0.0,0.0,0.0,0.0,0.0,0,0,0
1756703649,5608,0.07,0.0,-0.03,0.0,0.0,0.0,0.0,0.0,0,0,0
1756703649,5609,0.0,0.0,-0.02,0.0,0.0,0.0,0.0,0.0,0,0,0
1756703649,5610,-0.05,0.0,0.0,0.0,0.0,0.0,0.0,0.0,0,0,0
1756703649,5611,-0.01,0.0,0.0,0.0,0.0,0.0,0.0,0.0,0,0,0
1756703649,5612,-0.01,0.0,-0.01,0.0,0.0,0.0,0.0,0.0,0,0,0
1756703650,5613,0.0,0.0,-0.03,0.0,0.0,0.0,0.0,0.0,0,0,0
1756703650,5614,0.01,0.0,-0.07,0.0,0.0,0.0,0.0,0.0,0,0,0
1756703650,5615,-0.01,0.0,-0.03,0.0,0.0,0.0,0.0,0.0,0,0,0
1756703650,5616,0.01,0.0,0.05,0.0,0.0,0.0,0.0,0.0,0,0,0
1756703650,5617,0.01,0.0,-0.02,0.0,0.0,0.0,0.0,0.0,0,0,0
1756703650,5618,-0.03,0.0,-0.02,0.0,0.0,0.0,0.0,0.0,0,0,0
1756703650,5619,0.03,0.0,-0.03,0.0,0.0,0.0,0.0,0.0,0,0,0
1756703650,5620,-0.02,0.0,-0.05,0.0,0.0,0.0,0.0,0.0,0,0,0
1756703650,5621,0.0,0.0,-0.02,0.0,0.0,0.0,0.0,0.0,0,0,0
1756703650,5622,0.01,0.0,-0.02,0.0,0.0,0.0,0.0,0.0,0,0,0
1756703650,5623,0.0,0.0,0.0,0.0,0.0,0.0,0.0,0.0,0,0,0
1756703650,5624,0.0,0.0,-0.05,0.0,0.0,0.0,0.0,0.0,0,0,0
1756703650,5625,0.0,0.0,-0.01,0.0,0.0,0.0,0.0,0.0,0,0,0
1756703650,5626,-0.03,0.0,-0.02,0.0,0.0,0.0,0.0,0.0,0,0,0
1756703650,5627,-0.01,0.0,0.0,0.0,0.0,0.0,0.0,0.0,0,0,0
1756703650,5628,-0.02,0.0,-0.02,0.0,0.0,0.0,0.0,0.0,0,0,0
1756703650,5629,0.0,0.0,0.0,0.0,0.0,0.0,0.0,0.0,0,0,0
1756703650,5630,0.0,0.0,-0.07,0.0,0.0,0.0,0.0,0.0,0,0,0
1756703650,5631,0.01,0.0,-0.01,0.0,0.0,0.0,0.0,0.0,0,0,0
1756703650,5632,0.01,0.0,-0.01,0.0,0.0,0.0,0.0,0.0,0,0,0
1756703650,5633,0.01,0.0,0.0,0.0,0.0,0.0,0.0,0.0,0,0,0
1756703650,5634,0.01,0.0,-0.07,0.0,0.0,0.0,0.0,0.0,0,0,0
1756703650,5635,0.0,0.0,-0.02,0.0,0.0,0.0,0.0,0.0,0,0,0
1756703650,5636,0.0,0.0,-0.15,0.0,0.0,0.0,0.0,0.0,0,0,0
1756703650,5637,0.0,0.0,-0.05,0.0,0.0,0.0,0.0,0.0,0,0,0
1756703650,5638,0.05,0.0,0.01,0.0,0.0,0.0,0.0,0.0,0,0,0
1756703650,5639,-0.01,0.0,0.01,0.0,0.0,0.0,0.0,0.0,0,0,0
1756703650,5640,0.0,0.0,0.0,0.0,0.0,0.0,0.0,0.0,0,0,0
1756703650,5641,0.0,0.0,0.0,0.0,0.0,0.0,0.0,0.0,0,0,0
1756703650,5642,0.01,0.0,-0.05,0.0,0.0,0.0,0.0,0.0,0,0,0
1756703650,5643,-0.02,0.0,0.0,0.0,0.0,0.0,0.0,0.0,0,0,0
1756703650,5644,0.0,0.0,0.0,0.0,0.0,0.0,0.0,0.0,0,0,0
1756703650,5645,0.02,0.0,0.0,0.0,0.0,0.0,0.0,0.0,0,0,0
1756703650,5646,0.0,0.0,0.0,0.0,0.0,0.0,0.0,0.0,0,0,0
1756703650,5647,0.02,0.0,0.01,0.0,0.0,0.0,0.0,0.0,0,0,0
1756703650,5648,0.02,0.0,0.0,0.0,0.0,0.0,0.0,0.0,0,0,0
1756703650,5649,0.0,0.0,-0.01,0.0,0.0,0.0,0.0,0.0,0,0,0
1756703650,5650,0.0,0.0,0.0,0.0,0.0,0.0,0.0,0.0,0,0,0
1756703650,5651,0.05,0.0,0.0,0.0,0.0,0.0,0.0,0.0,0,0,0
1756703650,5652,0.0,0.0,-0.01,0.0,0.0,0.0,0.0,0.0,0,0,0
1756703650,5653,-0.02,0.0,0.0,0.0,0.0,0.0,0.0,0.0,0,0,0
1756703650,5654,0.0,0.0,-0.07,0.0,0.0,0.0,0.0,0.0,0,0,0
1756703650,5655,-0.01,0.0,0.0,0.0,0.0,0.0,0.0,0.0,0,0,0
1756703650,5656,0.0,0.0,-0.01,0.0,0.0,0.0,0.0,0.0,0,0,0
1756703650,5657,0.03,0.0,-0.01,0.0,0.0,0.0,0.0,0.0,0,0,0
1756703650,5658,0.05,0.0,0.0,0.0,0.0,0.0,0.0,0.0,0,0,0
1756703650,5659,0.01,0.0,-0.01,0.0,0.0,0.0,0.0,0.0,0,0,0
1756703650,5660,0.05,0.0,0.0,0.0,0.0,0.0,0.0,0.0,0,0,0
1756703650,5661,0.0,0.0,0.03,0.0,0.0,0.0,0.0,0.0,0,0,0
1756703650,5662,0.03,0.0,0.0,0.0,0.0,0.0,0.0,0.0,0,0,0
1756703650,5663,0.0,0.0,-0.01,0.0,0.0,0.0,0.0,0.0,0,0,0
1756703650,5664,0.0,0.0,-0.02,0.0,0.0,0.0,0.0,0.0,0,0,0
1756703650,5665,-0.01,0.0,-0.01,0.0,0.0,0.0,0.0,0.0,0,0,0
1756703650,5666,-0.05,0.0,-0.02,0.0,0.0,0.0,0.0,0.0,0,0,0
1756703650,5667,0.0,0.0,0.01,0.0,0.0,0.0,0.0,0.0,0,0,0
1756703650,5668,-0.01,0.0,-0.01,0.0,0.0,0.0,0.0,0.0,0,0,0
1756703650,5669,0.0,0.0,0.0,0.0,0.0,0.0,0.0,0.0,0,0,0
1756703650,5670,0.0,0.0,-0.02,0.0,0.0,0.0,0.0,0.0,0,0,0
1756703650,5671,-0.1,0.0,-0.01,0.0,0.0,0.0,0.0,0.0,0,0,0
1756703650,5672,0.0,0.0,0.0,0.0,0.0,0.0,0.0,0.0,0,0,0
1756703650,5673,0.0,0.0,-0.05,0.0,0.0,0.0,0.0,0.0,0,0,0
1756703650,5674,0.01,0.0,0.0,0.0,0.0,0.0,0.0,0.0,0,0,0
1756703650,5675,0.0,0.0,-0.01,0.0,0.0,0.0,0.0,0.0,0,0,0
1756703650,5676,-0.07,0.0,0.0,0.0,0.0,0.0,0.0,0.0,0,0,0
1756703650,5677,0.03,0.0,-0.01,0.0,0.0,0.0,0.0,0.0,0,0,0
1756703651,5678,0.02,0.0,-0.02,0.0,0.0,0.0,0.0,0.0,0,0,0
1756703651,5679,0.0,0.0,0.0,0.0,0.0,0.0,0.0,0.0,0,0,0
1756703651,5680,0.0,0.0,-0.01,0.0,0.0,0.0,0.0,0.0,0,0,0
1756703651,5681,0.0,0.0,-0.03,0.0,0.0,0.0,0.0,0.0,0,0,0
1756703651,5682,0.01,0.0,0.0,0.0,0.0,0.0,0.0,0.0,0,0,0
1756703651,5683,0.03,0.0,0.0,0.0,0.0,0.0,0.0,0.0,0,0,0
1756703651,5684,0.05,0.0,-0.02,0.0,0.0,0.0,0.0,0.0,0,0,0
1756703651,5685,0.01,0.0,-0.01,0.0,0.0,0.0,0.0,0.0,0,0,0
1756703651,5686,0.01,0.0,-0.02,0.0,0.0,0.0,0.0,0.0,0,0,0
1756703651,5687,0.01,0.0,0.0,0.0,0.0,0.0,0.0,0.0,0,0,0
1756703651,5688,0.0,0.0,0.0,0.0,0.0,0.0,0.0,0.0,0,0,0
1756703651,5689,0.0,0.0,0.0,0.0,0.0,0.0,0.0,0.0,0,0,0
1756703651,5690,-0.02,0.0,0.0,0.0,0.0,0.0,0.0,0.0,0,0,0
1756703651,5691,0.0,0.0,0.0,0.0,0.0,0.0,0.0,0.0,0,0,0
1756703651,5692,0.0,0.0,0.0,0.0,0.0,0.0,0.0,0.0,0,0,0
1756703651,5693,0.0,0.0,-0.03,0.0,0.0,0.0,0.0,0.0,0,0,0
1756703651,5694,0.01,0.0,0.0,0.0,0.0,0.0,0.0,0.0,0,0,0
1756703651,5695,0.03,0.0,0.0,0.0,0.0,0.0,0.0,0.0,0,0,0
1756703651,5696,0.05,0.0,0.0,0.0,0.0,0.0,0.0,0.0,0,0,0
1756703651,5697,0.0,0.0,-0.05,0.0,0.0,0.0,0.0,0.0,0,0,0
1756703651,5698,0.03,0.0,-0.02,0.0,0.0,0.0,0.0,0.0,0,0,0
1756703651,5699,0.01,0.0,0.0,0.0,0.0,0.0,0.0,0.0,0,0,0
1756703651,5700,0.0,0.0,-0.03,0.0,0.0,0.0,0.0,0.0,0,0,0
1756703651,5701,0.0,0.0,0.0,0.0,0.0,0.0,0.0,0.0,0,0,0
1756703651,5702,0.0,0.0,0.0,0.0,0.0,0.0,0.0,0.0,0,0,0
1756703651,5703,0.0,0.0,0.0,0.0,0.0,0.0,0.0,0.0,0,0,0
1756703651,5704,0.03,0.0,0.0,0.0,0.0,0.0,0.0,0.0,0,0,0
1756703651,5705,0.05,0.0,0.0,0.0,0.0,0.0,0.0,0.0,0,0,0
1756703651,5706,-0.05,0.0,0.01,0.0,0.0,0.0,0.0,0.0,0,0,0
1756703651,5707,0.0,0.0,-0.02,0.0,0.0,0.0,0.0,0.0,0,0,0
1756703651,5708,-0.02,0.0,0.0,0.0,0.0,0.0,0.0,0.0,0,0,0
1756703651,5709,0.0,0.0,0.0,0.0,0.0,0.0,0.0,0.0,0,0,0
1756703651,5710,0.0,0.0,0.0,0.0,0.0,0.0,0.0,0.0,0,0,0
1756703651,5711,0.0,0.0,0.07,0.0,0.0,0.0,0.0,0.0,0,0,0
1756703651,5712,-0.05,0.0,0.0,0.0,0.0,0.0,0.0,0.0,0,0,0
1756703651,5713,-0.01,0.0,0.0,0.0,0.0,0.0,0.0,0.0,0,0,0
1756703651,5714,-0.03,0.0,-0.01,0.0,0.0,0.0,0.0,0.0,0,0,0
1756703651,5715,0.02,0.0,0.0,0.0,0.0,0.0,0.0,0.0,0,0,0
1756703651,5716,0.0,0.0,-0.05,0.0,0.0,0.0,0.0,0.0,0,0,0
1756703651,5717,0.02,0.0,0.01,0.0,0.0,0.0,0.0,0.0,0,0,0
1756703651,5718,0.0,0.0,-0.02,0.0,0.0,0.0,0.0,0.0,0,0,0
1756703651,5719,0.0,0.0,-0.01,0.0,0.0,0.0,0.0,0.0,0,0,0
1756703651,5720,0.01,0.0,0.0,0.0,0.0,0.0,0.0,0.0,0,0,0
1756703651,5721,0.01,0.0,0.0,0.0,0.0,0.0,0.0,0.0,0,0,0
1756703651,5722,0.05,0.0,0.0,0.0,0.0,0.0,0.0,0.0,0,0,0
1756703651,5723,0.05,0.0,-0.05,0.0,0.0,0.0,0.0,0.0,0,0,0
1756703651,5724,0.0,0.0,-0.03,0.0,0.0,0.0,0.0,0.0,0,0,0
1756703651,5725,0.0,0.0,0.0,0.0,0.0,0.0,0.0,0.0,0,0,0
1756703651,5726,0.0,0.0,-0.03,0.0,0.0,0.0,0.0,0.0,0,0,0
1756703651,5727,0.0,0.0,0.0,0.0,0.0,0.0,0.0,0.0,0,0,0
1756703651,5728,0.02,0.0,-0.02,0.0,0.0,0.0,0.0,0.0,0,0,0
1756703651,5729,-0.1,0.0,0.07,0.0,0.0,0.0,0.0,0.0,0,0,0
1756703651,5730,0.0,0.0,-0.03,0.0,0.0,0.0,0.0,0.0,0,0,0
1756703651,5731,0.05,0.0,0.0,0.0,0.0,0.0,0.0,0.0,0,0,0
1756703651,5732,-0.01,0.0,0.05,0.0,0.0,0.0,0.0,0.0,0,0,0
1756703651,5733,-0.03,0.0,-0.03,0.0,0.0,0.0,0.0,0.0,0,0,0
1756703651,5734,0.01,0.0,-0.03,0.0,0.0,0.0,0.0,0.0,0,0,0
1756703651,5735,0.01,0.0,0.0,0.0,0.0,0.0,0.0,0.0,0,0,0
1756703651,5736,0.0,0.0,0.0,0.0,0.0,0.0,0.0,0.0,0,0,0
1756703651,5737,0.0,0.0,-0.05,0.0,0.0,0.0,0.0,0.0,0,0,0
1756703651,5738,0.0,0.0,0.0,0.0,0.0,0.0,0.0,0.0,0,0,0
1756703651,5739,0.03,0.0,0.0,0.0,0.0,0.0,0.0,0.0,0,0,0
1756703651,5740,0.03,0.0,-0.03,0.0,0.0,0.0,0.0,0.0,0,0,0
1756703651,5741,0.02,0.0,0.0,0.0,0.0,0.0,0.0,0.0,0,0,0
1756703651,5742,-0.03,0.0,-0.05,0.0,0.0,0.0,0.0,0.0,0,0,0
1756703651,5743,0.07,0.0,-0.01,0.0,0.0,0.0,0.0,0.0,0,0,0
1756703651,5744,0.02,0.0,0.0,0.0,0.0,0.0,0.0,0.0,0,0,0
1756703652,5745,0.01,0.0,0.0,0.0,0.0,0.0,0.0,0.0,0,0,0
1756703652,5746,0.0,0.0,0.0,0.0,0.0,0.0,0.0,0.0,0,0,0
1756703652,5747,0.0,0.0,0.0,0.0,0.0,0.0,0.0,0.0,0,0,0
1756703652,5748,0.0,0.0,-0.03,0.0,0.0,0.0,0.0,0.0,0,0,0
1756703652,5749,0.0,0.0,-0.05,0.0,0.0,0.0,0.0,0.0,0,0,0
1756703652,5750,-0.05,0.0,-0.01,0.0,0.0,0.0,0.0,0.0,0,0,0
1756703652,5751,-0.15,0.0,-0.01,0.0,0.0,0.0,0.0,0.0,0,0,0
1756703652,5752,-0.01,0.0,0.0,0.0,0.0,0.0,0.0,0.0,0,0,0
1756703652,5753,0.0,0.0,0.0,0.0,0.0,0.0,0.0,0.0,0,0,0
1756703652,5754,0.0,0.0,0.0,0.0,0.0,0.0,0.0,0.0,0,0,0
1756703652,5755,0.0,0.0,-0.05,0.0,0.0,0.0,0.0,0.0,0,0,0
1756703652,5756,0.07,0.0,0.0,0.0,0.0,0.0,0.0,0.0,0,0,0
1756703652,5757,0.02,0.0,0.0,0.0,0.0,0.0,0.0,0.0,0,0,0
1756703652,5758,0.02,0.0,-0.03,0.0,0.0,0.0,0.0,0.0,0,0,0
1756703652,5759,0.02,0.0,-0.01,0.0,0.0,0.0,0.0,0.0,0,0,0
1756703652,5760,0.0,0.0,0.0,0.0,0.0,0.0,0.0,0.0,0,0,0
1756703652,5761,0.0,0.0,-0.03,0.0,0.0,0.0,0.0,0.0,0,0,0
1756703652,5762,0.02,0.0,0.02,0.0,0.0,0.0,0.0,0.0,0,0,0
1756703652,5763,0.0,0.0,0.01,0.0,0.0,0.0,0.0,0.0,0,0,0
1756703652,5764,-0.01,0.0,0.0,0.0,0.0,0.0,0.0,0.0,0,0,0
1756703652,5765,0.0,0.0,-0.01,0.0,0.0,0.0,0.0,0.0,0,0,0
1756703652,5766,0.03,0.0,-0.03,0.0,0.0,0.0,0.0,0.0,0,0,0
1756703652,5767,0.02,0.0,-0.05,0.0,0.0,0.0,0.0,0.0,0,0,0
1756703652,5768,0.0,0.0,0.0,0.0,0.0,0.0,0.0,0.0,0,0,0
1756703652,5769,0.0,0.0,-0.05,0.0,0.0,0.0,0.0,0.0,0,0,0
1756703652,5770,0.01,0.0,0.03,0.0,0.0,0.0,0.0,0.0,0,0,0
1756703652,5771,-0.01,0.0,0.0,0.0,0.0,0.0,0.0,0.0,0,0,0
1756703652,5772,-0.05,0.0,-0.01,0.0,0.0,0.0,0.0,0.0,0,0,0
1756703652,5773,0.0,0.0,0.0,0.0,0.0,0.0,0.0,0.0,0,0,0
1756703652,5774,-0.05,0.0,0.0,0.0,0.0,0.0,0.0,0.0,0,0,0
1756703652,5775,-0.03,0.0,-0.01,0.0,0.0,0.0,0.0,0.0,0,0,0
1756703652,5776,0.07,0.0,-0.05,0.0,0.0,0.0,0.0,0.0,0,0,0
1756703652,5777,0.0,0.0,-0.07,0.0,0.0,0.0,0.0,0.0,0,0,0
1756703652,5778,0.05,0.0,-0.02,0.0,0.0,0.0,0.0,0.0,0,0,0
1756703652,5779,0.0,0.0,-0.05,0.0,0.0,0.0,0.0,0.0,0,0,0
1756703652,5780,0.05,0.0,0.0,0.0,0.0,0.0,0.0,0.0,0,0,0
1756703652,5781,0.0,0.0,-0.02,0.0,0.0,0.0,0.0,0.0,0,0,0
1756703652,5782,0.0,0.0,-0.03,0.0,0.0,0.0,0.0,0.0,0,0,0
1756703652,5783,0.0,0.0,-0.03,0.0,0.0,0.0,0.0,0.0,0,0,0
1756703652,5784,0.0,0.0,0.0,0.0,0.0,0.0,0.0,0.0,0,0,0
1756703652,5785,0.0,0.0,-0.03,0.0,0.0,0.0,0.0,0.0,0,0,0
1756703652,5786,0.0,0.0,0.0,0.0,0.0,0.0,0.0,0.0,0,0,0
1756703652,5787,-0.01,0.0,-0.02,0.0,0.0,0.0,0.0,0.0,0,0,0
1756703652,5788,0.01,0.0,-0.03,0.0,0.0,0.0,0.0,0.0,0,0,0
1756703652,5789,0.0,0.0,0.02,0.0,0.0,0.0,0.0,0.0,0,0,0
1756703652,5790,-0.01,0.0,-0.01,0.0,0.0,0.0,0.0,0.0,0,0,0
1756703652,5791,-0.07,0.0,0.0,0.0,0.0,0.0,0.0,0.0,0,0,0
1756703652,5792,0.02,0.0,0.0,0.0,0.0,0.0,0.0,0.0,0,0,0
1756703652,5793,0.0,0.0,-0.01,0.0,0.0,0.0,0.0,0.0,0,0,0
1756703652,5794,0.03,0.0,0.0,0.0,0.0,0.0,0.0,0.0,0,0,0
1756703652,5795,0.05,0.0,-0.01,0.0,0.0,0.0,0.0,0.0,0,0,0
1756703652,5796,0.0,0.0,0.0,0.0,0.0,0.0,0.0,0.0,0,0,0
1756703652,5797,0.01,0.0,-0.02,0.0,0.0,0.0,0.0,0.0,0,0,0
1756703652,5798,0.0,0.0,-0.01,0.0,0.0,0.0,0.0,0.0,0,0,0
1756703652,5799,0.01,0.0,-0.01,0.0,0.0,0.0,0.0,0.0,0,0,0
1756703652,5800,0.0,0.0,-0.05,0.0,0.0,0.0,0.0,0.0,0,0,0
1756703652,5801,0.01,0.0,-0.05,0.0,0.0,0.0,0.0,0.0,0,0,0
1756703652,5802,0.07,0.0,-0.07,0.0,0.0,0.0,0.0,0.0,0,0,0
1756703652,5803,0.0,0.0,-0.02,0.0,0.0,0.0,0.0,0.0,0,0,0
1756703652,5804,-0.01,0.0,0.0,0.0,0.0,0.0,0.0,0.0,0,0,0
1756703652,5805,0.0,0.0,0.0,0.0,0.0,0.0,0.0,0.0,0,0,0
1756703652,5806,0.0,0.0,-0.01,0.0,0.0,0.0,0.0,0.0,0,0,0
1756703652,5807,0.03,0.0,0.0,0.0,0.0,0.0,0.0,0.0,0,0,0
1756703652,5808,-0.05,0.0,-0.02,0.0,0.0,0.0,0.0,0.0,0,0,0
1756703653,5809,0.1,0.0,-0.01,0.0,0.0,0.0,0.0,0.0,0,0,0
1756703653,5810,0.02,0.0,-0.01,0.0,0.0,0.0,0.0,0.0,0,0,0
1756703653,5811,0.0,0.0,0.0,0.0,0.0,0.0,0.0,0.0,0,0,0
1756703653,5812,0.0,0.0,-0.03,0.0,0.0,0.0,0.0,0.0,0,0,0
1756703653,5813,0.0,0.0,0.0,0.0,0.0,0.0,0.0,0.0,0,0,0
1756703653,5814,0.05,0.0,-0.01,0.0,0.0,0.0,0.0,0.0,0,0,0
1756703653,5815,0.0,0.0,-0.01,0.0,0.0,0.0,0.0,0.0,0,0,0
1756703653,5816,0.0,0.0,0.0,0.0,0.0,0.0,0.0,0.0,0,0,0
1756703653,5817,0.0,0.0,-0.01,0.0,0.0,0.0,0.0,0.0,0,0,0
1756703653,5818,-0.07,0.0,-0.01,0.0,0.0,0.0,0.0,0.0,0,0,0
1756703653,5819,0.0,0.0,-0.02,0.0,0.0,0.0,0.0,0.0,0,0,0
1756703653,5820,0.02,0.0,-0.01,0.0,0.0,0.0,0.0,0.0,0,0,0
1756703653,5821,0.0,0.0,0.0,0.0,0.0,0.0,0.0,0.0,0,0,0
1756703653,5822,0.01,0.0,0.0,0.0,0.0,0.0,0.0,0.0,0,0,0
1756703653,5823,0.0,0.0,-0.1,0.0,0.0,0.0,0.0,0.0,0,0,0
1756703653,5824,0.02,0.0,0.0,0.0,0.0,0.0,0.0,0.0,0,0,0
1756703653,5825,0.0,0.0,0.0,0.0,0.0,0.0,0.0,0.0,0,0,0
1756703653,5826,0.03,0.0,0.01,0.0,0.0,0.0,0.0,0.0,0,0,0
1756703653,5827,0.0,0.0,0.0,0.0,0.0,0.0,0.0,0.0,0,0,0
1756703653,5828,0.0,0.0,0.0,0.0,0.0,0.0,0.0,0.0,0,0,0
1756703653,5829,0.02,0.0,-0.01,0.0,0.0,0.0,0.0,0.0,0,0,0
1756703653,5830,0.0,0.0,0.0,0.0,0.0,0.0,0.0,0.0,0,0,0
1756703653,5831,0.01,0.0,0.0,0.0,0.0,0.0,0.0,0.0,0,0,0
1756703653,5832,0.0,0.0,0.0,0.0,0.0,0.0,0.0,0.0,0,0,0
1756703653,5833,0.03,0.0,-0.02,0.0,0.0,0.0,0.0,0.0,0,0,0
1756703653,5834,0.01,0.0,0.0,0.0,0.0,0.0,0.0,0.0,0,0,0
1756703653,5835,0.0,0.0,-0.01,0.0,0.0,0.0,0.0,0.0,0,0,0
1756703653,5836,0.02,0.0,0.05,0.0,0.0,0.0,0.0,0.0,0,0,0
1756703653,5837,-0.05,0.0,-0.07,0.0,0.0,0.0,0.0,0.0,0,0,0
1756703653,5838,0.03,0.0,0.0,0.0,0.0,0.0,0.0,0.0,0,0,0
1756703653,5839,0.0,0.0,-0.01,0.0,0.0,0.0,0.0,0.0,0,0,0
1756703653,5840,0.02,0.0,-0.03,0.0,0.0,0.0,0.0,0.0,0,0,0
1756703653,5841,-0.01,0.0,-0.05,0.0,0.0,0.0,0.0,0.0,0,0,0
1756703653,5842,0.1,0.0,0.0,0.0,0.0,0.0,0.0,0.0,0,0,0
1756703653,5843,0.01,0.0,0.0,0.0,0.0,0.0,0.0,0.0,0,0,0
1756703653,5844,-0.05,0.0,-0.09,0.0,0.0,0.0,0.0,0.0,0,0,0
1756703653,5845,0.03,0.0,-0.05,0.0,0.0,0.0,0.0,0.0,0,0,0
1756703653,5846,0.03,0.0,-0.07,0.0,0.0,0.0,0.0,0.0,0,0,0
1756703653,5847,0.02,0.0,-0.02,0.0,0.0,0.0,0.0,0.0,0,0,0
1756703653,5848,-0.01,0.0,0.0,0.0,0.0,0.0,0.0,0.0,0,0,0
1756703653,5849,0.0,0.0,0.0,0.0,0.0,0.0,0.0,0.0,0,0,0
1756703653,5850,0.02,0.0,0.0,0.0,0.0,0.0,0.0,0.0,0,0,0
1756703653,5851,0.0,0.0,-0.01,0.0,0.0,0.0,0.0,0.0,0,0,0
1756703653,5852,-0.03,0.0,-0.02,0.0,0.0,0.0,0.0,0.0,0,0,0
1756703653,5853,0.0,0.0,0.0,0.0,0.0,0.0,0.0,0.0,0,0,0
1756703653,5854,0.01,0.0,0.0,0.0,0.0,0.0,0.0,0.0,0,0,0
1756703653,5855,0.01,0.0,0.0,0.0,0.0,0.0,0.0,0.0,0,0,0
1756703653,5856,0.01,0.0,-0.01,0.0,0.0,0.0,0.0,0.0,0,0,0
1756703653,5857,0.0,0.0,0.0,0.0,0.0,0.0,0.0,0.0,0,0,0
1756703653,5858,0.01,0.0,-0.02,0.0,0.0,0.0,0.0,0.0,0,0,0
1756703653,5859,-0.02,0.0,0.01,0.0,0.0,0.0,0.0,0.0,0,0,0
1756703653,5860,-0.07,0.0,0.0,0.0,0.0,0.0,0.0,0.0,0,0,0
1756703653,5861,0.01,0.0,0.0,0.0,0.0,0.0,0.0,0.0,0,0,0
1756703653,5862,-0.01,0.0,0.0,0.0,0.0,0.0,0.0,0.0,0,0,0
1756703653,5863,-0.02,0.0,0.0,0.0,0.0,0.0,0.0,0.0,0,0,0
1756703653,5864,-0.01,0.0,0.01,0.0,0.0,0.0,0.0,0.0,0,0,0
1756703653,5865,-0.05,0.0,0.0,0.0,0.0,0.0,0.0,0.0,0,0,0
1756703653,5866,-0.02,0.0,0.0,0.0,0.0,0.0,0.0,0.0,0,0,0
1756703653,5867,0.03,0.0,-0.05,0.0,0.0,0.0,0.0,0.0,0,0,0
1756703653,5868,0.02,0.0,0.0,0.0,0.0,0.0,0.0,0.0,0,0,0
1756703653,5869,0.02,0.0,0.0,0.0,0.0,0.0,0.0,0.0,0,0,0
1756703653,5870,0.0,0.0,-0.02,0.0,0.0,0.0,0.0,0.0,0,0,0
1756703653,5871,0.02,0.0,-0.01,0.0,0.0,0.0,0.0,0.0,0,0,0
1756703653,5872,0.02,0.0,0.0,0.0,0.0,0.0,0.0,0.0,0,0,0
1756703653,5873,-0.03,0.0,-0.05,0.0,0.0,0.0,0.0,0.0,0,0,0
1756703654,5874,-0.02,0.0,0.0,0.0,0.0,0.0,0.0,0.0,0,0,0
1756703654,5875,0.01,0.0,0.0,0.0,0.0,0.0,0.0,0.0,0,0,0
1756703654,5876,0.03,0.0,0.0,0.0,0.0,0.0,0.0,0.0,0,0,0
1756703654,5877,0.05,0.0,0.01,0.0,0.0,0.0,0.0,0.0,0,0,0
1756703654,5878,0.02,0.0,0.0,0.0,0.0,0.0,0.0,0.0,0,0,0
1756703654,5879,-0.02,0.0,0.0,0.0,0.0,0.0,0.0,0.0,0,0,0
1756703654,5880,0.01,0.0,-0.01,0.0,0.0,0.0,0.0,0.0,0,0,0
1756703654,5881,0.0,0.0,0.0,0.0,0.0,0.0,0.0,0.0,0,0,0
1756703654,5882,0.0,0.0,0.0,0.0,0.0,0.0,0.0,0.0,0,0,0
1756703654,5883,0.02,0.0,-0.01,0.0,0.0,0.0,0.0,0.0,0,0,0
1756703654,5884,0.05,0.0,-0.01,0.0,0.0,0.0,0.0,0.0,0,0,0
1756703654,5885,0.0,0.0,-0.05,0.0,0.0,0.0,0.0,0.0,0,0,0
1756703654,5886,-0.01,0.0,-0.01,0.0,0.0,0.0,0.0,0.0,0,0,0
1756703654,5887,0.02,0.0,-0.03,0.0,0.0,0.0,0.0,0.0,0,0,0
1756703654,5888,0.0,0.0,0.0,0.0,0.0,0.0,0.0,0.0,0,0,0
1756703654,5889,-0.01,0.0,-0.05,0.0,0.0,0.0,0.0,0.0,0,0,0
1756703654,5890,0.01,0.0,0.0,0.0,0.0,0.0,0.0,0.0,0,0,0
1756703654,5891,-0.02,0.0,0.0,0.0,0.0,0.0,0.0,0.0,0,0,0
1756703654,5892,0.0,0.0,0.0,0.0,0.0,0.0,0.0,0.0,0,0,0
1756703654,5893,-0.11,0.0,-0.05,0.0,0.0,0.0,0.0,0.0,0,0,0
1756703654,5894,0.0,0.0,0.0,0.0,0.0,0.0,0.0,0.0,0,0,0
1756703654,5895,0.01,0.0,0.0,0.0,0.0,0.0,0.0,0.0,0,0,0
1756703654,5896,0.05,0.0,0.03,0.0,0.0,0.0,0.0,0.0,0,0,0
1756703654,5897,0.01,0.0,-0.02,0.0,0.0,0.0,0.0,0.0,0,0,0
1756703654,5898,0.0,0.0,-0.02,0.0,0.0,0.0,0.0,0.0,0,0,0
1756703654,5899,0.05,0.0,0.0,0.0,0.0,0.0,0.0,0.0,0,0,0
1756703654,5900,0.05,0.0,0.0,0.0,0.0,0.0,0.0,0.0,0,0,0
1756703654,5901,-0.02,0.0,0.0,0.0,0.0,0.0,0.0,0.0,0,0,0
1756703654,5902,0.05,0.0,-0.02,0.0,0.0,0.0,0.0,0.0,0,0,0
1756703654,5903,-0.03,0.0,0.0,0.0,0.0,0.0,0.0,0.0,0,0,0
1756703654,5904,0.0,0.0,-0.01,0.0,0.0,0.0,0.0,0.0,0,0,0
1756703654,5905,0.0,0.0,0.0,0.0,0.0,0.0,0.0,0.0,0,0,0
1756703654,5906,-0.01,0.0,0.01,0.0,0.0,0.0,0.0,0.0,0,0,0
1756703654,5907,0.03,0.0,0.0,0.0,0.0,0.0,0.0,0.0,0,0,0
1756703654,5908,0.0,0.0,0.0,0.0,0.0,0.0,0.0,0.0,0,0,0
1756703654,5909,0.0,0.0,-0.02,0.0,0.0,0.0,0.0,0.0,0,0,0
1756703654,5910,0.0,0.0,0.0,0.0,0.0,0.0,0.0,0.0,0,0,0
1756703654,5911,0.0,0.0,-0.03,0.0,0.0,0.0,0.0,0.0,0,0,0
1756703654,5912,0.0,0.0,0.0,0.0,0.0,0.0,0.0,0.0,0,0,0
1756703654,5913,-0.05,0.0,0.02,0.0,0.0,0.0,0.0,0.0,0,0,0
1756703654,5914,-0.01,0.0,0.0,0.0,0.0,0.0,0.0,0.0,0,0,0
1756703654,5915,0.02,0.0,-0.02,0.0,0.0,0.0,0.0,0.0,0,0,0
1756703654,5916,-0.02,0.0,-0.01,0.0,0.0,0.0,0.0,0.0,0,0,0
1756703654,5917,0.0,0.0,0.0,0.0,0.0,0.0,0.0,0.0,0,0,0
1756703654,5918,0.01,0.0,0.0,0.0,0.0,0.0,0.0,0.0,0,0,0
1756703654,5919,0.05,0.0,0.0,0.0,0.0,0.0,0.0,0.0,0,0,0
1756703654,5920,-0.02,0.0,-0.01,0.0,0.0,0.0,0.0,0.0,0,0,0
1756703654,5921,0.0,0.0,-0.01,0.0,0.0,0.0,0.0,0.0,0,0,0
1756703654,5922,0.0,0.0,-0.05,0.0,0.0,0.0,0.0,0.0,0,0,0
1756703654,5923,0.0,0.0,-0.05,0.0,0.0,0.0,0.0,0.0,0,0,0
1756703654,5924,0.0,0.0,0.0,0.0,0.0,0.0,0.0,0.0,0,0,0
1756703654,5925,-0.01,0.0,-0.01,0.0,0.0,0.0,0.0,0.0,0,0,0
1756703654,5926,-0.01,0.0,0.01,0.0,0.0,0.0,0.0,0.0,0,0,0
1756703654,5927,0.02,0.0,0.0,0.0,0.0,0.0,0.0,0.0,0,0,0
1756703654,5928,0.02,0.0,0.0,0.0,0.0,0.0,0.0,0.0,0,0,0
1756703654,5929,0.05,0.0,0.0,0.0,0.0,0.0,0.0,0.0,0,0,0
1756703654,5930,0.02,0.0,0.0,0.0,0.0,0.0,0.0,0.0,0,0,0
1756703654,5931,-0.01,0.0,-0.01,0.0,0.0,0.0,0.0,0.0,0,0,0
1756703654,5932,-0.07,0.0,0.0,0.0,0.0,0.0,0.0,0.0,0,0,0
1756703654,5933,0.01,0.0,-0.05,0.0,0.0,0.0,0.0,0.0,0,0,0
1756703654,5934,0.0,0.0,-0.02,0.0,0.0,0.0,0.0,0.0,0,0,0
1756703654,5935,-0.02,0.0,-0.03,0.0,0.0,0.0,0.0,0.0,0,0,0
1756703654,5936,0.0,0.0,0.0,0.0,0.0,0.0,0.0,0.0,0,0,0
1756703655,5937,0.02,0.0,-0.02,0.0,0.0,0.0,0.0,0.0,0,0,0
1756703655,5938,0.01,0.0,-0.03,0.0,0.0,0.0,0.0,0.0,0,0,0
1756703655,5939,0.02,0.0,0.0,0.0,0.0,0.0,0.0,0.0,0,0,0
1756703655,5940,0.0,0.0,0.0,0.0,0.0,0.0,0.0,0.0,0,0,0
1756703655,5941,0.0,0.0,0.0,0.0,0.0,0.0,0.0,0.0,0,0,0
1756703655,5942,0.0,0.0,-0.02,0.0,0.0,0.0,0.0,0.0,0,0,0
1756703655,5943,-0.02,0.0,0.0,0.0,0.0,0.0,0.0,0.0,0,0,0
1756703655,5944,0.0,0.0,0.02,0.0,0.0,0.0,0.0,0.0,0,0,0
1756703655,5945,0.0,0.0,0.0,0.0,0.0,0.0,0.0,0.0,0,0,0
1756703655,5946,0.0,0.0,-0.01,0.0,0.0,0.0,0.0,0.0,0,0,0
1756703655,5947,0.0,0.0,0.01,0.0,0.0,0.0,0.0,0.0,0,0,0
1756703655,5948,0.0,0.0,-0.07,0.0,0.0,0.0,0.0,0.0,0,0,0
1756703655,5949,-0.25,0.0,-0.05,0.0,0.0,0.0,0.0,0.0,0,0,0
1756703655,5950,0.02,0.0,0.0,0.0,0.0,0.0,0.0,0.0,0,0,0
1756703655,5951,0.02,0.0,0.09,0.0,0.0,0.0,0.0,0.0,0,0,0
1756703655,5952,0.0,0.0,-0.01,0.0,0.0,0.0,0.0,0.0,0,0,0
1756703655,5953,0.0,0.0,-0.05,0.0,0.0,0.0,0.0,0.0,0,0,0
1756703655,5954,-0.07,0.0,0.0,0.0,0.0,0.0,0.0,0.0,0,0,0
1756703655,5955,0.0,0.0,0.0,0.0,0.0,0.0,0.0,0.0,0,0,0
1756703655,5956,0.05,0.0,0.02,0.0,0.0,0.0,0.0,0.0,0,0,0
1756703655,5957,0.0,0.0,0.0,0.0,0.0,0.0,0.0,0.0,0,0,0
1756703655,5958,0.02,0.0,0.0,0.0,0.0,0.0,0.0,0.0,0,0,0
1756703655,5959,0.05,0.0,0.0,0.0,0.0,0.0,0.0,0.0,0,0,0
1756703655,5960,0.0,0.0,0.0,0.0,0.0,0.0,0.0,0.0,0,0,0
1756703655,5961,0.09,0.0,-0.05,0.0,0.0,0.0,0.0,0.0,0,0,0
1756703655,5962,0.05,0.0,0.0,0.0,0.0,0.0,0.0,0.0,0,0,0
1756703655,5963,0.0,0.0,0.0,0.0,0.0,0.0,0.0,0.0,0,0,0
1756703655,5964,0.05,0.0,-0.02,0.0,0.0,0.0,0.0,0.0,0,0,0
1756703655,5965,0.0,0.0,-0.05,0.0,0.0,0.0,0.0,0.0,0,0,0
1756703655,5966,0.0,0.0,-0.01,0.0,0.0,0.0,0.0,0.0,0,0,0
1756703655,5967,-0.02,0.0,0.0,0.0,0.0,0.0,0.0,0.0,0,0,0
1756703655,5968,0.02,0.0,-0.02,0.0,0.0,0.0,0.0,0.0,0,0,0
1756703655,5969,0.0,0.0,0.0,0.0,0.0,0.0,0.0,0.0,0,0,0
1756703655,5970,0.0,0.0,-0.03,0.0,0.0,0.0,0.0,0.0,0,0,0
1756703655,5971,0.0,0.0,-0.02,0.0,0.0,0.0,0.0,0.0,0,0,0
1756703655,5972,0.0,0.0,0.0,0.0,0.0,0.0,0.0,0.0,0,0,0
1756703655,5973,-0.02,0.0,-0.01,0.0,0.0,0.0,0.0,0.0,0,0,0
1756703655,5974,-0.12,0.0,0.0,0.0,0.0,0.0,0.0,0.0,0,0,0
1756703655,5975,0.05,0.0,-0.07,0.0,0.0,0.0,0.0,0.0,0,0,0
1756703655,5976,0.05,0.0,0.0,0.0,0.0,0.0,0.0,0.0,0,0,0
1756703655,5977,0.0,0.0,-0.01,0.0,0.0,0.0,0.0,0.0,0,0,0
1756703655,5978,0.05,0.0,0.0,0.0,0.0,0.0,0.0,0.0,0,0,0
1756703655,5979,0.01,0.0,0.0,0.0,0.0,0.0,0.0,0.0,0,0,0
1756703655,5980,-0.07,0.0,-0.01,0.0,0.0,0.0,0.0,0.0,0,0,0
1756703655,5981,0.07,0.0,0.0,0.0,0.0,0.0,0.0,0.0,0,0,0
1756703655,5982,0.05,0.0,0.0,0.0,0.0,0.0,0.0,0.0,0,0,0
1756703655,5983,0.0,0.0,0.0,0.0,0.0,0.0,0.0,0.0,0,0,0
1756703655,5984,0.0,0.0,0.0,0.0,0.0,0.0,0.0,0.0,0,0,0
1756703655,5985,0.03,0.0,-0.02,0.0,0.0,0.0,0.0,0.0,0,0,0
1756703655,5986,0.0,0.0,0.0,0.0,0.0,0.0,0.0,0.0,0,0,0
1756703655,5987,0.0,0.0,-0.02,0.0,0.0,0.0,0.0,0.0,0,0,0
1756703655,5988,0.0,0.0,-0.01,0.0,0.0,0.0,0.0,0.0,0,0,0
1756703655,5989,0.02,0.0,-0.02,0.0,0.0,0.0,0.0,0.0,0,0,0
1756703655,5990,0.03,0.0,-0.01,0.0,0.0,0.0,0.0,0.0,0,0,0
1756703655,5991,-0.02,0.0,-0.01,0.0,0.0,0.0,0.0,0.0,0,0,0
1756703655,5992,0.12,0.0,-0.01,0.0,0.0,0.0,0.0,0.0,0,0,0
1756703655,5993,0.0,0.0,0.01,0.0,0.0,0.0,0.0,0.0,0,0,0
1756703655,5994,0.0,0.0,-0.03,0.0,0.0,0.0,0.0,0.0,0,0,0
1756703655,5995,0.0,0.0,0.01,0.0,0.0,0.0,0.0,0.0,0,0,0
1756703655,5996,0.0,0.0,-0.02,0.0,0.0,0.0,0.0,0.0,0,0,0
1756703655,5997,0.05,0.0,0.0,0.0,0.0,0.0,0.0,0.0,0,0,0
1756703655,5998,0.0,0.0,0.0,0.0,0.0,0.0,0.0,0.0,0,0,0
1756703655,5999,0.07,0.0,-0.01,0.0,0.0,0.0,0.0,0.0,0,0,0
1756703655,6000,0.02,0.0,-0.02,0.0,0.0,0.0,0.0,0.0,0,0,0
1756703655,6001,0.01,0.0,-0.01,0.0,0.0,0.0,0.0,0.0,0,0,0
1756703655,6002,0.02,0.0,0.0,0.0,0.0,0.0,0.0,0.0,0,0,0
1756703655,6003,0.0,0.0,-0.03,0.0,0.0,0.0,0.0,0.0,0,0,0
1756703656,6004,-0.02,0.0,0.0,0.0,0.0,0.0,0.0,0.0,0,0,0
1756703656,6005,0.0,0.0,-0.02,0.0,0.0,0.0,0.0,0.0,0,0,0
1756703656,6006,0.03,0.0,0.0,0.0,0.0,0.0,0.0,0.0,0,0,0
1756703656,6007,0.0,0.0,-0.07,0.0,0.0,0.0,0.0,0.0,0,0,0
1756703656,6008,0.01,0.0,-0.01,0.0,0.0,0.0,0.0,0.0,0,0,0
1756703656,6009,-0.01,0.0,0.0,0.0,0.0,0.0,0.0,0.0,0,0,0
1756703656,6010,0.02,0.0,0.0,0.0,0.0,0.0,0.0,0.0,0,0,0
1756703656,6011,0.0,0.0,0.02,0.0,0.0,0.0,0.0,0.0,0,0,0
1756703656,6012,0.0,0.0,-0.07,0.0,0.0,0.0,0.0,0.0,0,0,0
1756703656,6013,0.0,0.0,0.0,0.0,0.0,0.0,0.0,0.0,0,0,0
1756703656,6014,0.0,0.0,0.0,0.0,0.0,0.0,0.0,0.0,0,0,0
1756703656,6015,0.01,0.0,-0.02,0.0,0.0,0.0,0.0,0.0,0,0,0
1756703656,6016,0.0,0.0,0.0,0.0,0.0,0.0,0.0,0.0,0,0,0
1756703656,6017,0.0,0.0,-0.05,0.0,0.0,0.0,0.0,0.0,0,0,0
1756703656,6018,-0.01,0.0,0.0,0.0,0.0,0.0,0.0,0.0,0,0,0
1756703656,6019,0.03,0.0,-0.01,0.0,0.0,0.0,0.0,0.0,0,0,0
1756703656,6020,0.0,0.0,-0.01,0.0,0.0,0.0,0.0,0.0,0,0,0
1756703656,6021,0.1,0.0,-0.01,0.0,0.0,0.0,0.0,0.0,0,0,0
1756703656,6022,0.0,0.0,0.0,0.0,0.0,0.0,0.0,0.0,0,0,0
1756703656,6023,0.0,0.0,-0.02,0.0,0.0,0.0,0.0,0.0,0,0,0
1756703656,6024,0.01,0.0,-0.02,0.0,0.0,0.0,0.0,0.0,0,0,0
1756703656,6025,0.01,0.0,-0.01,0.0,0.0,0.0,0.0,0.0,0,0,0
1756703656,6026,0.0,0.0,-0.05,0.0,0.0,0.0,0.0,0.0,0,0,0
1756703656,6027,0.0,0.0,-0.01,0.0,0.0,0.0,0.0,0.0,0,0,0
1756703656,6028,0.01,0.0,0.0,0.0,0.0,0.0,0.0,0.0,0,0,0
1756703656,6029,0.0,0.0,0.0,0.0,0.0,0.0,0.0,0.0,0,0,0
1756703656,6030,0.0,0.0,-0.01,0.0,0.0,0.0,0.0,0.0,0,0,0
1756703656,6031,0.0,0.0,0.07,0.0,0.0,0.0,0.0,0.0,0,0,0
1756703656,6032,0.0,0.0,-0.02,0.0,0.0,0.0,0.0,0.0,0,0,0
1756703656,6033,0.02,0.0,0.0,0.0,0.0,0.0,0.0,0.0,0,0,0
1756703656,6034,0.05,0.0,-0.02,0.0,0.0,0.0,0.0,0.0,0,0,0
1756703656,6035,0.02,0.0,-0.02,0.0,0.0,0.0,0.0,0.0,0,0,0
1756703656,6036,0.0,0.0,0.0,0.0,0.0,0.0,0.0,0.0,0,0,0
1756703656,6037,0.0,0.0,0.0,0.0,0.0,0.0,0.0,0.0,0,0,0
1756703656,6038,0.01,0.0,-0.02,0.0,0.0,0.0,0.0,0.0,0,0,0
1756703656,6039,0.02,0.0,-0.03,0.0,0.0,0.0,0.0,0.0,0,0,0
1756703656,6040,0.0,0.0,-0.02,0.0,0.0,0.0,0.0,0.0,0,0,0
1756703656,6041,0.0,0.0,-0.07,0.0,0.0,0.0,0.0,0.0,0,0,0
1756703656,6042,0.01,0.0,0.0,0.0,0.0,0.0,0.0,0.0,0,0,0
1756703656,6043,0.07,0.0,0.0,0.0,0.0,0.0,0.0,0.0,0,0,0
1756703656,6044,0.0,0.0,-0.01,0.0,0.0,0.0,0.0,0.0,0,0,0
1756703656,6045,0.05,0.0,-0.01,0.0,0.0,0.0,0.0,0.0,0,0,0
1756703656,6046,0.0,0.0,-0.03,0.0,0.0,0.0,0.0,0.0,0,0,0
1756703656,6047,0.0,0.0,-0.03,0.0,0.0,0.0,0.0,0.0,0,0,0
1756703656,6048,0.0,0.0,-0.05,0.0,0.0,0.0,0.0,0.0,0,0,0
1756703656,6049,0.02,0.0,-0.01,0.0,0.0,0.0,0.0,0.0,0,0,0
1756703656,6050,0.0,0.0,0.0,0.0,0.0,0.0,0.0,0.0,0,0,0
1756703656,6051,0.01,0.0,-0.05,0.0,0.0,0.0,0.0,0.0,0,0,0
1756703656,6052,0.0,0.0,-0.07,0.0,0.0,0.0,0.0,0.0,0,0,0
1756703656,6053,0.01,0.0,-0.03,0.0,0.0,0.0,0.0,0.0,0,0,0
1756703656,6054,-0.02,0.0,0.0,0.0,0.0,0.0,0.0,0.0,0,0,0
1756703656,6055,0.0,0.0,0.01,0.0,0.0,0.0,0.0,0.0,0,0,0
1756703656,6056,0.0,0.0,-0.03,0.0,0.0,0.0,0.0,0.0,0,0,0
1756703656,6057,0.05,0.0,-0.09,0.0,0.0,0.0,0.0,0.0,0,0,0
1756703656,6058,-0.01,0.0,-0.01,0.0,0.0,0.0,0.0,0.0,0,0,0
1756703656,6059,0.02,0.0,-0.02,0.0,0.0,0.0,0.0,0.0,0,0,0
1756703656,6060,0.0,0.0,-0.01,0.0,0.0,0.0,0.0,0.0,0,0,0
1756703656,6061,0.02,0.0,0.0,0.0,0.0,0.0,0.0,0.0,0,0,0
1756703656,6062,0.0,0.0,-0.02,0.0,0.0,0.0,0.0,0.0,0,0,0
1756703656,6063,0.0,0.0,-0.01,0.0,0.0,0.0,0.0,0.0,0,0,0
1756703656,6064,0.0,0.0,-0.01,0.0,0.0,0.0,0.0,0.0,0,0,0
1756703656,6065,-0.01,0.0,-0.03,0.0,0.0,0.0,0.0,0.0,0,0,0
1756703656,6066,-0.01,0.0,0.0,0.0,0.0,0.0,0.0,0.0,0,0,0
1756703656,6067,0.0,0.0,-0.02,0.0,0.0,0.0,0.0,0.0,0,0,0
1756703656,6068,0.07,0.0,-0.02,0.0,0.0,0.0,0.0,0.0,0,0,0
1756703656,6069,0.02,0.0,-0.01,0.0,0.0,0.0,0.0,0.0,0,0,0
1756703656,6070,0.0,0.0,-0.03,0.0,0.0,0.0,0.0,0.0,0,0,0
1756703656,6071,0.1,0.0,0.0,0.0,0.0,0.0,0.0,0.0,0,0,0
1756703656,6072,0.0,0.0,0.0,0.0,0.0,0.0,0.0,0.0,0,0,0
1756703657,6073,0.05,0.0,-0.03,0.0,0.0,0.0,0.0,0.0,0,0,0
1756703657,6074,-0.01,0.0,-0.01,0.0,0.0,0.0,0.0,0.0,0,0,0
1756703657,6075,0.01,0.0,-0.02,0.0,0.0,0.0,0.0,0.0,0,0,0
1756703657,6076,0.05,0.0,-0.05,0.0,0.0,0.0,0.0,0.0,0,0,0
1756703657,6077,-0.07,0.0,0.0,0.0,0.0,0.0,0.0,0.0,0,0,0
1756703657,6078,-0.03,0.0,-0.14,0.0,0.0,0.0,0.0,0.0,0,0,0
1756703657,6079,0.0,0.0,-0.01,0.0,0.0,0.0,0.0,0.0,0,0,0
1756703657,6080,0.0,0.0,0.0,0.0,0.0,0.0,0.0,0.0,0,0,0
1756703657,6081,-0.01,0.0,0.0,0.0,0.0,0.0,0.0,0.0,0,0,0
1756703657,6082,0.0,0.0,0.0,0.0,0.0,0.0,0.0,0.0,0,0,0
1756703657,6083,0.0,0.0,0.02,0.0,0.0,0.0,0.0,0.0,0,0,0
1756703657,6084,0.05,0.0,0.0,0.0,0.0,0.0,0.0,0.0,0,0,0
1756703657,6085,0.02,0.0,0.0,0.0,0.0,0.0,0.0,0.0,0,0,0
1756703657,6086,0.02,0.0,-0.01,0.0,0.0,0.0,0.0,0.0,0,0,0
1756703657,6087,0.01,0.0,-0.01,0.0,0.0,0.0,0.0,0.0,0,0,0
1756703657,6088,0.02,0.0,0.0,0.0,0.0,0.0,0.0,0.0,0,0,0
1756703657,6089,0.0,0.0,-0.07,0.0,0.0,0.0,0.0,0.0,0,0,0
1756703657,6090,0.0,0.0,0.05,0.0,0.0,0.0,0.0,0.0,0,0,0
1756703657,6091,0.0,0.0,0.02,0.0,0.0,0.0,0.0,0.0,0,0,0
1756703657,6092,0.03,0.0,-0.03,0.0,0.0,0.0,0.0,0.0,0,0,0
1756703657,6093,0.01,0.0,0.0,0.0,0.0,0.0,0.0,0.0,0,0,0
1756703657,6094,0.01,0.0,0.0,0.0,0.0,0.0,0.0,0.0,0,0,0
1756703657,6095,0.0,0.0,0.0,0.0,0.0,0.0,0.0,0.0,0,0,0
1756703657,6096,-0.01,0.0,-0.05,0.0,0.0,0.0,0.0,0.0,0,0,0
1756703657,6097,0.02,0.0,0.01,0.0,0.0,0.0,0.0,0.0,0,0,0
1756703657,6098,0.01,0.0,0.0,0.0,0.0,0.0,0.0,0.0,0,0,0
1756703657,6099,0.01,0.0,0.0,0.0,0.0,0.0,0.0,0.0,0,0,0
1756703657,6100,0.01,0.0,0.0,0.0,0.0,0.0,0.0,0.0,0,0,0
1756703657,6101,-0.02,0.0,0.0,0.0,0.0,0.0,0.0,0.0,0,0,0
1756703657,6102,0.0,0.0,0.01,0.0,0.0,0.0,0.0,0.0,0,0,0
1756703657,6103,-0.01,0.0,0.0,0.0,0.0,0.0,0.0,0.0,0,0,0
1756703657,6104,-0.01,0.0,-0.03,0.0,0.0,0.0,0.0,0.0,0,0,0
1756703657,6105,-0.07,0.0,-0.02,0.0,0.0,0.0,0.0,0.0,0,0,0
1756703657,6106,0.0,0.0,0.01,0.0,0.0,0.0,0.0,0.0,0,0,0
1756703657,6107,0.0,0.0,0.0,0.0,0.0,0.0,0.0,0.0,0,0,0
1756703657,6108,0.0,0.0,-0.1,0.0,0.0,0.0,0.0,0.0,0,0,0
1756703657,6109,0.02,0.0,-0.02,0.0,0.0,0.0,0.0,0.0,0,0,0
1756703657,6110,-0.02,0.0,0.0,0.0,0.0,0.0,0.0,0.0,0,0,0
1756703657,6111,-0.05,0.0,0.0,0.0,0.0,0.0,0.0,0.0,0,0,0
1756703657,6112,0.0,0.0,0.0,0.0,0.0,0.0,0.0,0.0,0,0,0
1756703657,6113,0.0,0.0,-0.01,0.0,0.0,0.0,0.0,0.0,0,0,0
1756703657,6114,0.01,0.0,-0.02,0.0,0.0,0.0,0.0,0.0,0,0,0
1756703657,6115,0.02,0.0,0.0,0.0,0.0,0.0,0.0,0.0,0,0,0
1756703657,6116,0.0,0.0,0.0,0.0,0.0,0.0,0.0,0.0,0,0,0
1756703657,6117,0.0,0.0,-0.07,0.0,0.0,0.0,0.0,0.0,0,0,0
1756703657,6118,0.0,0.0,0.05,0.0,0.0,0.0,0.0,0.0,0,0,0
1756703657,6119,0.0,0.0,0.01,0.0,0.0,0.0,0.0,0.0,0,0,0
1756703657,6120,0.0,0.0,-0.1,0.0,0.0,0.0,0.0,0.0,0,0,0
1756703657,6121,0.05,0.0,0.01,0.0,0.0,0.0,0.0,0.0,0,0,0
1756703657,6122,0.0,0.0,0.0,0.0,0.0,0.0,0.0,0.0,0,0,0
1756703657,6123,0.0,0.0,0.0,0.0,0.0,0.0,0.0,0.0,0,0,0
1756703657,6124,0.02,0.0,0.0,0.0,0.0,0.0,0.0,0.0,0,0,0
1756703657,6125,0.05,0.0,-0.02,0.0,0.0,0.0,0.0,0.0,0,0,0
1756703657,6126,0.05,0.0,0.0,0.0,0.0,0.0,0.0,0.0,0,0,0
1756703657,6127,0.0,0.0,0.0,0.0,0.0,0.0,0.0,0.0,0,0,0
1756703657,6128,0.0,0.0,0.0,0.0,0.0,0.0,0.0,0.0,0,0,0
1756703657,6129,0.05,0.0,-0.02,0.0,0.0,0.0,0.0,0.0,0,0,0
1756703657,6130,0.01,0.0,-0.01,0.0,0.0,0.0,0.0,0.0,0,0,0
1756703657,6131,0.0,0.0,0.07,0.0,0.0,0.0,0.0,0.0,0,0,0
1756703657,6132,0.07,0.0,-0.01,0.0,0.0,0.0,0.0,0.0,0,0,0
1756703657,6133,0.0,0.0,-0.05,0.0,0.0,0.0,0.0,0.0,0,0,0
1756703657,6134,0.0,0.0,-0.01,0.0,0.0,0.0,0.0,0.0,0,0,0
1756703657,6135,0.0,0.0,-0.03,0.0,0.0,0.0,0.0,0.0,0,0,0
